step,epoch,samples,ce_loss,scl_loss,kl_loss,total_loss
0,0,16,0.7218444347381592,0.0,0.0,0.7218444347381592
1,0.0008,16,0.6654834747314453,0.0,0.0,0.6654834747314453
2,0.0016,16,0.693464994430542,0.0,0.0,0.693464994430542
3,0.0024,16,0.6841003894805908,0.0,0.0,0.6841003894805908
4,0.0032,16,0.6976998448371887,0.0,0.0,0.6976998448371887
5,0.004,16,0.6919939517974854,0.0,0.0,0.6919939517974854
6,0.0048,16,0.6676167249679565,0.0,0.0,0.6676167249679565
7,0.0056,16,0.6741126775741577,0.0,0.0,0.6741126775741577
8,0.0064,16,0.7018911242485046,0.0,0.0,0.7018911242485046
9,0.0072,16,0.7120927572250366,0.0,0.0,0.7120927572250366
10,0.008,16,0.6895701885223389,0.0,0.0,0.6895701885223389
11,0.0088,16,0.6939624547958374,0.0,0.0,0.6939624547958374
12,0.0096,16,0.6642366647720337,0.0,0.0,0.6642366647720337
13,0.0104,16,0.6675200462341309,0.0,0.0,0.6675200462341309
14,0.0112,16,0.703389048576355,0.0,0.0,0.703389048576355
15,0.012,16,0.7087866067886353,0.0,0.0,0.7087866067886353
16,0.0128,16,0.6859838962554932,0.0,0.0,0.6859838962554932
17,0.0136,16,0.6620948314666748,0.0,0.0,0.6620948314666748
18,0.0144,16,0.6834599375724792,0.0,0.0,0.6834599375724792
19,0.0152,16,0.7134296894073486,0.0,0.0,0.7134296894073486
20,0.016,16,0.6893763542175293,0.0,0.0,0.6893763542175293
21,0.0168,16,0.7012145519256592,0.0,0.0,0.7012145519256592
22,0.0176,16,0.6940571665763855,0.0,0.0,0.6940571665763855
23,0.0184,16,0.6814538240432739,0.0,0.0,0.6814538240432739
24,0.0192,16,0.6825284957885742,0.0,0.0,0.6825284957885742
25,0.02,16,0.7015557289123535,0.0,0.0,0.7015557289123535
26,0.0208,16,0.7231076955795288,0.0,0.0,0.7231076955795288
27,0.0216,16,0.6800680160522461,0.0,0.0,0.6800680160522461
28,0.0224,16,0.6669243574142456,0.0,0.0,0.6669243574142456
29,0.0232,16,0.666538655757904,0.0,0.0,0.666538655757904
30,0.024,16,0.6807084083557129,0.0,0.0,0.6807084083557129
31,0.0248,16,0.7061901092529297,0.0,0.0,0.7061901092529297
32,0.0256,16,0.6634396314620972,0.0,0.0,0.6634396314620972
33,0.0264,16,0.6996017694473267,0.0,0.0,0.6996017694473267
34,0.0272,16,0.6760860681533813,0.0,0.0,0.6760860681533813
35,0.028,16,0.6854849457740784,0.0,0.0,0.6854849457740784
36,0.0288,16,0.6233983039855957,0.0,0.0,0.6233983039855957
37,0.0296,16,0.7041213512420654,0.0,0.0,0.7041213512420654
38,0.0304,16,0.7075716257095337,0.0,0.0,0.7075716257095337
39,0.0312,16,0.6872698068618774,0.0,0.0,0.6872698068618774
40,0.032,16,0.6710001826286316,0.0,0.0,0.6710001826286316
41,0.0328,16,0.6826784610748291,0.0,0.0,0.6826784610748291
42,0.0336,16,0.6824382543563843,0.0,0.0,0.6824382543563843
43,0.0344,16,0.678338348865509,0.0,0.0,0.678338348865509
44,0.0352,16,0.7131096124649048,0.0,0.0,0.7131096124649048
45,0.036,16,0.6795774102210999,0.0,0.0,0.6795774102210999
46,0.0368,16,0.6879324913024902,0.0,0.0,0.6879324913024902
47,0.0376,16,0.6525453329086304,0.0,0.0,0.6525453329086304
48,0.0384,16,0.7004090547561646,0.0,0.0,0.7004090547561646
49,0.0392,16,0.6822011470794678,0.0,0.0,0.6822011470794678
50,0.04,16,0.6602591276168823,0.0,0.0,0.6602591276168823
51,0.0408,16,0.6790140867233276,0.0,0.0,0.6790140867233276
52,0.0416,16,0.6494609117507935,0.0,0.0,0.6494609117507935
53,0.0424,16,0.7012620568275452,0.0,0.0,0.7012620568275452
54,0.0432,16,0.6691672801971436,0.0,0.0,0.6691672801971436
55,0.044,16,0.6759331226348877,0.0,0.0,0.6759331226348877
56,0.0448,16,0.68257737159729,0.0,0.0,0.68257737159729
57,0.0456,16,0.6257993578910828,0.0,0.0,0.6257993578910828
58,0.0464,16,0.6798509359359741,0.0,0.0,0.6798509359359741
59,0.0472,16,0.6511066555976868,0.0,0.0,0.6511066555976868
60,0.048,16,0.6928930878639221,0.0,0.0,0.6928930878639221
61,0.0488,16,0.6760659217834473,0.0,0.0,0.6760659217834473
62,0.0496,16,0.6708495020866394,0.0,0.0,0.6708495020866394
63,0.0504,16,0.6753507852554321,0.0,0.0,0.6753507852554321
64,0.0512,16,0.6740140914916992,0.0,0.0,0.6740140914916992
65,0.052,16,0.6181153059005737,0.0,0.0,0.6181153059005737
66,0.0528,16,0.6527582406997681,0.0,0.0,0.6527582406997681
67,0.0536,16,0.6609731912612915,0.0,0.0,0.6609731912612915
68,0.0544,16,0.6060138940811157,0.0,0.0,0.6060138940811157
69,0.0552,16,0.6651010513305664,0.0,0.0,0.6651010513305664
70,0.056,16,0.6473697423934937,0.0,0.0,0.6473697423934937
71,0.0568,16,0.6790736317634583,0.0,0.0,0.6790736317634583
72,0.0576,16,0.6424850225448608,0.0,0.0,0.6424850225448608
73,0.0584,16,0.653779149055481,0.0,0.0,0.653779149055481
74,0.0592,16,0.6655423641204834,0.0,0.0,0.6655423641204834
75,0.06,16,0.6456024050712585,0.0,0.0,0.6456024050712585
76,0.0608,16,0.6631903648376465,0.0,0.0,0.6631903648376465
77,0.0616,16,0.6599748134613037,0.0,0.0,0.6599748134613037
78,0.0624,16,0.6706477403640747,0.0,0.0,0.6706477403640747
79,0.0632,16,0.6727691292762756,0.0,0.0,0.6727691292762756
80,0.064,16,0.6639745235443115,0.0,0.0,0.6639745235443115
81,0.0648,16,0.6704301834106445,0.0,0.0,0.6704301834106445
82,0.0656,16,0.6913409233093262,0.0,0.0,0.6913409233093262
83,0.0664,16,0.6864746809005737,0.0,0.0,0.6864746809005737
84,0.0672,16,0.655633807182312,0.0,0.0,0.655633807182312
85,0.068,16,0.6582581400871277,0.0,0.0,0.6582581400871277
86,0.0688,16,0.6667475700378418,0.0,0.0,0.6667475700378418
87,0.0696,16,0.6116766333580017,0.0,0.0,0.6116766333580017
88,0.0704,16,0.6654825806617737,0.0,0.0,0.6654825806617737
89,0.0712,16,0.6083152294158936,0.0,0.0,0.6083152294158936
90,0.072,16,0.629744291305542,0.0,0.0,0.629744291305542
91,0.0728,16,0.6089540719985962,0.0,0.0,0.6089540719985962
92,0.0736,16,0.6781983375549316,0.0,0.0,0.6781983375549316
93,0.0744,16,0.6836203336715698,0.0,0.0,0.6836203336715698
94,0.0752,16,0.6135035753250122,0.0,0.0,0.6135035753250122
95,0.076,16,0.6273760795593262,0.0,0.0,0.6273760795593262
96,0.0768,16,0.6362849473953247,0.0,0.0,0.6362849473953247
97,0.0776,16,0.6132687926292419,0.0,0.0,0.6132687926292419
98,0.0784,16,0.6419483423233032,0.0,0.0,0.6419483423233032
99,0.0792,16,0.6075723171234131,0.0,0.0,0.6075723171234131
100,0.08,16,0.6355854868888855,0.0,0.0,0.6355854868888855
101,0.0808,16,0.6521108746528625,0.0,0.0,0.6521108746528625
102,0.0816,16,0.6118603944778442,0.0,0.0,0.6118603944778442
103,0.0824,16,0.5993521213531494,0.0,0.0,0.5993521213531494
104,0.0832,16,0.6622518301010132,0.0,0.0,0.6622518301010132
105,0.084,16,0.5504560470581055,0.0,0.0,0.5504560470581055
106,0.0848,16,0.5864481329917908,0.0,0.0,0.5864481329917908
107,0.0856,16,0.5486551523208618,0.0,0.0,0.5486551523208618
108,0.0864,16,0.5807185173034668,0.0,0.0,0.5807185173034668
109,0.0872,16,0.5359091758728027,0.0,0.0,0.5359091758728027
110,0.088,16,0.4844112992286682,0.0,0.0,0.4844112992286682
111,0.0888,16,0.6113566160202026,0.0,0.0,0.6113566160202026
112,0.0896,16,0.5163944363594055,0.0,0.0,0.5163944363594055
113,0.0904,16,0.5257902145385742,0.0,0.0,0.5257902145385742
114,0.0912,16,0.5192313194274902,0.0,0.0,0.5192313194274902
115,0.092,16,0.5782456398010254,0.0,0.0,0.5782456398010254
116,0.0928,16,0.45938628911972046,0.0,0.0,0.45938628911972046
117,0.0936,16,0.4709206223487854,0.0,0.0,0.4709206223487854
118,0.0944,16,0.5536671876907349,0.0,0.0,0.5536671876907349
119,0.0952,16,0.5687623023986816,0.0,0.0,0.5687623023986816
120,0.096,16,0.446194589138031,0.0,0.0,0.446194589138031
121,0.0968,16,0.48770540952682495,0.0,0.0,0.48770540952682495
122,0.0976,16,0.5490702390670776,0.0,0.0,0.5490702390670776
123,0.0984,16,0.45691239833831787,0.0,0.0,0.45691239833831787
124,0.0992,16,0.415149450302124,0.0,0.0,0.415149450302124
125,0.1,16,0.5383057594299316,0.0,0.0,0.5383057594299316
126,0.1008,16,0.5667393207550049,0.0,0.0,0.5667393207550049
127,0.1016,16,0.6381994485855103,0.0,0.0,0.6381994485855103
128,0.1024,16,0.5167019963264465,0.0,0.0,0.5167019963264465
129,0.1032,16,0.4978596568107605,0.0,0.0,0.4978596568107605
130,0.104,16,0.43833306431770325,0.0,0.0,0.43833306431770325
131,0.1048,16,0.37509530782699585,0.0,0.0,0.37509530782699585
132,0.1056,16,0.4724443256855011,0.0,0.0,0.4724443256855011
133,0.1064,16,0.3921513557434082,0.0,0.0,0.3921513557434082
134,0.1072,16,0.49776339530944824,0.0,0.0,0.49776339530944824
135,0.108,16,0.4109686613082886,0.0,0.0,0.4109686613082886
136,0.1088,16,0.5503694415092468,0.0,0.0,0.5503694415092468
137,0.1096,16,0.3746199607849121,0.0,0.0,0.3746199607849121
138,0.1104,16,0.505641758441925,0.0,0.0,0.505641758441925
139,0.1112,16,0.39039191603660583,0.0,0.0,0.39039191603660583
140,0.112,16,0.5642285943031311,0.0,0.0,0.5642285943031311
141,0.1128,16,0.6015232801437378,0.0,0.0,0.6015232801437378
142,0.1136,16,0.5298460721969604,0.0,0.0,0.5298460721969604
143,0.1144,16,0.526119589805603,0.0,0.0,0.526119589805603
144,0.1152,16,0.6073112487792969,0.0,0.0,0.6073112487792969
145,0.116,16,0.6330945491790771,0.0,0.0,0.6330945491790771
146,0.1168,16,0.5998082160949707,0.0,0.0,0.5998082160949707
147,0.1176,16,0.5496845245361328,0.0,0.0,0.5496845245361328
148,0.1184,16,0.4328116774559021,0.0,0.0,0.4328116774559021
149,0.1192,16,0.6422220468521118,0.0,0.0,0.6422220468521118
150,0.12,16,0.3849892020225525,0.0,0.0,0.3849892020225525
151,0.1208,16,0.5816744565963745,0.0,0.0,0.5816744565963745
152,0.1216,16,0.512169599533081,0.0,0.0,0.512169599533081
153,0.1224,16,0.388922780752182,0.0,0.0,0.388922780752182
154,0.1232,16,0.5421550273895264,0.0,0.0,0.5421550273895264
155,0.124,16,0.4038102626800537,0.0,0.0,0.4038102626800537
156,0.1248,16,0.5313118696212769,0.0,0.0,0.5313118696212769
157,0.1256,16,0.5316466093063354,0.0,0.0,0.5316466093063354
158,0.1264,16,0.5471541881561279,0.0,0.0,0.5471541881561279
159,0.1272,16,0.26270708441734314,0.0,0.0,0.26270708441734314
160,0.128,16,0.4924435019493103,0.0,0.0,0.4924435019493103
161,0.1288,16,0.28884413838386536,0.0,0.0,0.28884413838386536
162,0.1296,16,0.4360491931438446,0.0,0.0,0.4360491931438446
163,0.1304,16,0.5401737689971924,0.0,0.0,0.5401737689971924
164,0.1312,16,0.34964519739151,0.0,0.0,0.34964519739151
165,0.132,16,0.42333394289016724,0.0,0.0,0.42333394289016724
166,0.1328,16,0.2900494933128357,0.0,0.0,0.2900494933128357
167,0.1336,16,0.5515100955963135,0.0,0.0,0.5515100955963135
168,0.1344,16,0.33496108651161194,0.0,0.0,0.33496108651161194
169,0.1352,16,0.486274778842926,0.0,0.0,0.486274778842926
170,0.136,16,0.27347487211227417,0.0,0.0,0.27347487211227417
171,0.1368,16,0.4282185435295105,0.0,0.0,0.4282185435295105
172,0.1376,16,0.40732961893081665,0.0,0.0,0.40732961893081665
173,0.1384,16,0.3374733328819275,0.0,0.0,0.3374733328819275
174,0.1392,16,0.38332003355026245,0.0,0.0,0.38332003355026245
175,0.14,16,0.3423759937286377,0.0,0.0,0.3423759937286377
176,0.1408,16,0.30538317561149597,0.0,0.0,0.30538317561149597
177,0.1416,16,0.7484537959098816,0.0,0.0,0.7484537959098816
178,0.1424,16,0.485809326171875,0.0,0.0,0.485809326171875
179,0.1432,16,0.5892331600189209,0.0,0.0,0.5892331600189209
180,0.144,16,0.25438979268074036,0.0,0.0,0.25438979268074036
181,0.1448,16,0.3945901691913605,0.0,0.0,0.3945901691913605
182,0.1456,16,0.33586806058883667,0.0,0.0,0.33586806058883667
183,0.1464,16,0.4275873899459839,0.0,0.0,0.4275873899459839
184,0.1472,16,0.3491014540195465,0.0,0.0,0.3491014540195465
185,0.148,16,0.32149019837379456,0.0,0.0,0.32149019837379456
186,0.1488,16,0.4165976941585541,0.0,0.0,0.4165976941585541
187,0.1496,16,0.35619238018989563,0.0,0.0,0.35619238018989563
188,0.1504,16,0.39473867416381836,0.0,0.0,0.39473867416381836
189,0.1512,16,0.3416958451271057,0.0,0.0,0.3416958451271057
190,0.152,16,0.46430206298828125,0.0,0.0,0.46430206298828125
191,0.1528,16,0.3921140134334564,0.0,0.0,0.3921140134334564
192,0.1536,16,0.2998030185699463,0.0,0.0,0.2998030185699463
193,0.1544,16,0.3239052891731262,0.0,0.0,0.3239052891731262
194,0.1552,16,0.31507980823516846,0.0,0.0,0.31507980823516846
195,0.156,16,0.5063340067863464,0.0,0.0,0.5063340067863464
196,0.1568,16,0.449712872505188,0.0,0.0,0.449712872505188
197,0.1576,16,0.22845350205898285,0.0,0.0,0.22845350205898285
198,0.1584,16,0.5091872215270996,0.0,0.0,0.5091872215270996
199,0.1592,16,0.22203700244426727,0.0,0.0,0.22203700244426727
200,0.16,16,0.46606969833374023,0.0,0.0,0.46606969833374023
201,0.1608,16,0.2939552962779999,0.0,0.0,0.2939552962779999
202,0.1616,16,0.2934299111366272,0.0,0.0,0.2934299111366272
203,0.1624,16,0.3407523036003113,0.0,0.0,0.3407523036003113
204,0.1632,16,0.23912478983402252,0.0,0.0,0.23912478983402252
205,0.164,16,0.26269644498825073,0.0,0.0,0.26269644498825073
206,0.1648,16,0.6440187692642212,0.0,0.0,0.6440187692642212
207,0.1656,16,0.5892913341522217,0.0,0.0,0.5892913341522217
208,0.1664,16,0.28492385149002075,0.0,0.0,0.28492385149002075
209,0.1672,16,0.16263914108276367,0.0,0.0,0.16263914108276367
210,0.168,16,0.5481322407722473,0.0,0.0,0.5481322407722473
211,0.1688,16,0.29720255732536316,0.0,0.0,0.29720255732536316
212,0.1696,16,0.20190560817718506,0.0,0.0,0.20190560817718506
213,0.1704,16,0.5140309929847717,0.0,0.0,0.5140309929847717
214,0.1712,16,0.23961816728115082,0.0,0.0,0.23961816728115082
215,0.172,16,0.3262946307659149,0.0,0.0,0.3262946307659149
216,0.1728,16,0.33343419432640076,0.0,0.0,0.33343419432640076
217,0.1736,16,0.33455216884613037,0.0,0.0,0.33455216884613037
218,0.1744,16,0.4047740399837494,0.0,0.0,0.4047740399837494
219,0.1752,16,0.2662748694419861,0.0,0.0,0.2662748694419861
220,0.176,16,0.297621488571167,0.0,0.0,0.297621488571167
221,0.1768,16,0.3106285631656647,0.0,0.0,0.3106285631656647
222,0.1776,16,0.12334094941616058,0.0,0.0,0.12334094941616058
223,0.1784,16,0.4756343364715576,0.0,0.0,0.4756343364715576
224,0.1792,16,0.7011202573776245,0.0,0.0,0.7011202573776245
225,0.18,16,0.27124571800231934,0.0,0.0,0.27124571800231934
226,0.1808,16,0.318069189786911,0.0,0.0,0.318069189786911
227,0.1816,16,0.408818781375885,0.0,0.0,0.408818781375885
228,0.1824,16,0.3469819724559784,0.0,0.0,0.3469819724559784
229,0.1832,16,0.24551934003829956,0.0,0.0,0.24551934003829956
230,0.184,16,0.46330928802490234,0.0,0.0,0.46330928802490234
231,0.1848,16,0.29468899965286255,0.0,0.0,0.29468899965286255
232,0.1856,16,0.28422802686691284,0.0,0.0,0.28422802686691284
233,0.1864,16,0.1651046723127365,0.0,0.0,0.1651046723127365
234,0.1872,16,0.24200260639190674,0.0,0.0,0.24200260639190674
235,0.188,16,0.3750295042991638,0.0,0.0,0.3750295042991638
236,0.1888,16,0.47458958625793457,0.0,0.0,0.47458958625793457
237,0.1896,16,0.11844748258590698,0.0,0.0,0.11844748258590698
238,0.1904,16,0.12567512691020966,0.0,0.0,0.12567512691020966
239,0.1912,16,0.19323527812957764,0.0,0.0,0.19323527812957764
240,0.192,16,0.30276918411254883,0.0,0.0,0.30276918411254883
241,0.1928,16,0.2734237313270569,0.0,0.0,0.2734237313270569
242,0.1936,16,0.2946386933326721,0.0,0.0,0.2946386933326721
243,0.1944,16,0.43349334597587585,0.0,0.0,0.43349334597587585
244,0.1952,16,0.1628980189561844,0.0,0.0,0.1628980189561844
245,0.196,16,0.3397321105003357,0.0,0.0,0.3397321105003357
246,0.1968,16,0.24524110555648804,0.0,0.0,0.24524110555648804
247,0.1976,16,0.5125566720962524,0.0,0.0,0.5125566720962524
248,0.1984,16,0.3769536316394806,0.0,0.0,0.3769536316394806
249,0.1992,16,0.31145742535591125,0.0,0.0,0.31145742535591125
250,0.2,16,0.5890694856643677,0.0,0.0,0.5890694856643677
251,0.2008,16,0.26416170597076416,0.0,0.0,0.26416170597076416
252,0.2016,16,0.43545305728912354,0.0,0.0,0.43545305728912354
253,0.2024,16,0.2793262004852295,0.0,0.0,0.2793262004852295
254,0.2032,16,0.47467178106307983,0.0,0.0,0.47467178106307983
255,0.204,16,0.3264560401439667,0.0,0.0,0.3264560401439667
256,0.2048,16,0.5978914499282837,0.0,0.0,0.5978914499282837
257,0.2056,16,0.4345126748085022,0.0,0.0,0.4345126748085022
258,0.2064,16,0.3954581320285797,0.0,0.0,0.3954581320285797
259,0.2072,16,0.1936323195695877,0.0,0.0,0.1936323195695877
260,0.208,16,0.15896457433700562,0.0,0.0,0.15896457433700562
261,0.2088,16,0.5386887192726135,0.0,0.0,0.5386887192726135
262,0.2096,16,0.38517242670059204,0.0,0.0,0.38517242670059204
263,0.2104,16,0.3944084048271179,0.0,0.0,0.3944084048271179
264,0.2112,16,0.4256608486175537,0.0,0.0,0.4256608486175537
265,0.212,16,0.5060197114944458,0.0,0.0,0.5060197114944458
266,0.2128,16,0.3044819235801697,0.0,0.0,0.3044819235801697
267,0.2136,16,0.2373937964439392,0.0,0.0,0.2373937964439392
268,0.2144,16,0.4715126156806946,0.0,0.0,0.4715126156806946
269,0.2152,16,0.5020738244056702,0.0,0.0,0.5020738244056702
270,0.216,16,0.49574756622314453,0.0,0.0,0.49574756622314453
271,0.2168,16,0.31432485580444336,0.0,0.0,0.31432485580444336
272,0.2176,16,0.28081050515174866,0.0,0.0,0.28081050515174866
273,0.2184,16,0.17434200644493103,0.0,0.0,0.17434200644493103
274,0.2192,16,0.2561708688735962,0.0,0.0,0.2561708688735962
275,0.22,16,0.4854789972305298,0.0,0.0,0.4854789972305298
276,0.2208,16,0.2318001389503479,0.0,0.0,0.2318001389503479
277,0.2216,16,0.2893737554550171,0.0,0.0,0.2893737554550171
278,0.2224,16,0.4676395058631897,0.0,0.0,0.4676395058631897
279,0.2232,16,0.6942134499549866,0.0,0.0,0.6942134499549866
280,0.224,16,0.3890293538570404,0.0,0.0,0.3890293538570404
281,0.2248,16,0.2765286862850189,0.0,0.0,0.2765286862850189
282,0.2256,16,0.368374764919281,0.0,0.0,0.368374764919281
283,0.2264,16,0.24389433860778809,0.0,0.0,0.24389433860778809
284,0.2272,16,0.2529614567756653,0.0,0.0,0.2529614567756653
285,0.228,16,0.3320009112358093,0.0,0.0,0.3320009112358093
286,0.2288,16,0.33010441064834595,0.0,0.0,0.33010441064834595
287,0.2296,16,0.2999207079410553,0.0,0.0,0.2999207079410553
288,0.2304,16,0.17218512296676636,0.0,0.0,0.17218512296676636
289,0.2312,16,0.419691264629364,0.0,0.0,0.419691264629364
290,0.232,16,0.27932843565940857,0.0,0.0,0.27932843565940857
291,0.2328,16,0.23281416296958923,0.0,0.0,0.23281416296958923
292,0.2336,16,0.4634464979171753,0.0,0.0,0.4634464979171753
293,0.2344,16,0.2825186252593994,0.0,0.0,0.2825186252593994
294,0.2352,16,0.16705474257469177,0.0,0.0,0.16705474257469177
295,0.236,16,0.4371490180492401,0.0,0.0,0.4371490180492401
296,0.2368,16,0.31539687514305115,0.0,0.0,0.31539687514305115
297,0.2376,16,0.3844090700149536,0.0,0.0,0.3844090700149536
298,0.2384,16,0.7866096496582031,0.0,0.0,0.7866096496582031
299,0.2392,16,0.2758071720600128,0.0,0.0,0.2758071720600128
300,0.24,16,0.5047107934951782,0.0,0.0,0.5047107934951782
301,0.2408,16,0.2757061719894409,0.0,0.0,0.2757061719894409
302,0.2416,16,0.10890151560306549,0.0,0.0,0.10890151560306549
303,0.2424,16,0.21794000267982483,0.0,0.0,0.21794000267982483
304,0.2432,16,0.15391972661018372,0.0,0.0,0.15391972661018372
305,0.244,16,0.22022932767868042,0.0,0.0,0.22022932767868042
306,0.2448,16,0.2631555199623108,0.0,0.0,0.2631555199623108
307,0.2456,16,0.33834949135780334,0.0,0.0,0.33834949135780334
308,0.2464,16,0.1748034656047821,0.0,0.0,0.1748034656047821
309,0.2472,16,0.127687007188797,0.0,0.0,0.127687007188797
310,0.248,16,0.343044251203537,0.0,0.0,0.343044251203537
311,0.2488,16,0.4175291955471039,0.0,0.0,0.4175291955471039
312,0.2496,16,0.5466668605804443,0.0,0.0,0.5466668605804443
313,0.2504,16,0.2687416672706604,0.0,0.0,0.2687416672706604
314,0.2512,16,0.18179702758789062,0.0,0.0,0.18179702758789062
315,0.252,16,0.4673292636871338,0.0,0.0,0.4673292636871338
316,0.2528,16,0.5830087661743164,0.0,0.0,0.5830087661743164
317,0.2536,16,0.27579012513160706,0.0,0.0,0.27579012513160706
318,0.2544,16,0.1635645627975464,0.0,0.0,0.1635645627975464
319,0.2552,16,0.3595930337905884,0.0,0.0,0.3595930337905884
320,0.256,16,0.1661020815372467,0.0,0.0,0.1661020815372467
321,0.2568,16,0.48598164319992065,0.0,0.0,0.48598164319992065
322,0.2576,16,0.28573906421661377,0.0,0.0,0.28573906421661377
323,0.2584,16,0.18212245404720306,0.0,0.0,0.18212245404720306
324,0.2592,16,0.6239826083183289,0.0,0.0,0.6239826083183289
325,0.26,16,0.5631305575370789,0.0,0.0,0.5631305575370789
326,0.2608,16,0.24557209014892578,0.0,0.0,0.24557209014892578
327,0.2616,16,0.3767854571342468,0.0,0.0,0.3767854571342468
328,0.2624,16,0.24856527149677277,0.0,0.0,0.24856527149677277
329,0.2632,16,0.1321849673986435,0.0,0.0,0.1321849673986435
330,0.264,16,0.21766605973243713,0.0,0.0,0.21766605973243713
331,0.2648,16,0.24104052782058716,0.0,0.0,0.24104052782058716
332,0.2656,16,0.7352555990219116,0.0,0.0,0.7352555990219116
333,0.2664,16,0.409798800945282,0.0,0.0,0.409798800945282
334,0.2672,16,0.10279174149036407,0.0,0.0,0.10279174149036407
335,0.268,16,0.21162302792072296,0.0,0.0,0.21162302792072296
336,0.2688,16,0.2883107662200928,0.0,0.0,0.2883107662200928
337,0.2696,16,0.18756628036499023,0.0,0.0,0.18756628036499023
338,0.2704,16,0.3201698958873749,0.0,0.0,0.3201698958873749
339,0.2712,16,0.34565696120262146,0.0,0.0,0.34565696120262146
340,0.272,16,0.19742843508720398,0.0,0.0,0.19742843508720398
341,0.2728,16,0.31617599725723267,0.0,0.0,0.31617599725723267
342,0.2736,16,0.24262359738349915,0.0,0.0,0.24262359738349915
343,0.2744,16,0.6008147597312927,0.0,0.0,0.6008147597312927
344,0.2752,16,0.2548271417617798,0.0,0.0,0.2548271417617798
345,0.276,16,0.5491756200790405,0.0,0.0,0.5491756200790405
346,0.2768,16,0.18623866140842438,0.0,0.0,0.18623866140842438
347,0.2776,16,0.6224629878997803,0.0,0.0,0.6224629878997803
348,0.2784,16,0.5551531314849854,0.0,0.0,0.5551531314849854
349,0.2792,16,0.11796699464321136,0.0,0.0,0.11796699464321136
350,0.28,16,0.23408126831054688,0.0,0.0,0.23408126831054688
351,0.2808,16,0.6138346791267395,0.0,0.0,0.6138346791267395
352,0.2816,16,0.2337721288204193,0.0,0.0,0.2337721288204193
353,0.2824,16,0.1993732452392578,0.0,0.0,0.1993732452392578
354,0.2832,16,0.19605311751365662,0.0,0.0,0.19605311751365662
355,0.284,16,0.2539224922657013,0.0,0.0,0.2539224922657013
356,0.2848,16,0.16434147953987122,0.0,0.0,0.16434147953987122
357,0.2856,16,0.37586864829063416,0.0,0.0,0.37586864829063416
358,0.2864,16,0.577454686164856,0.0,0.0,0.577454686164856
359,0.2872,16,0.16773487627506256,0.0,0.0,0.16773487627506256
360,0.288,16,0.2713964283466339,0.0,0.0,0.2713964283466339
361,0.2888,16,0.31662869453430176,0.0,0.0,0.31662869453430176
362,0.2896,16,0.3265211880207062,0.0,0.0,0.3265211880207062
363,0.2904,16,0.46746060252189636,0.0,0.0,0.46746060252189636
364,0.2912,16,0.17417633533477783,0.0,0.0,0.17417633533477783
365,0.292,16,0.13943468034267426,0.0,0.0,0.13943468034267426
366,0.2928,16,0.3392258286476135,0.0,0.0,0.3392258286476135
367,0.2936,16,0.2871845066547394,0.0,0.0,0.2871845066547394
368,0.2944,16,0.1892663538455963,0.0,0.0,0.1892663538455963
369,0.2952,16,0.35741621255874634,0.0,0.0,0.35741621255874634
370,0.296,16,0.2592361867427826,0.0,0.0,0.2592361867427826
371,0.2968,16,0.4950111508369446,0.0,0.0,0.4950111508369446
372,0.2976,16,0.3194567561149597,0.0,0.0,0.3194567561149597
373,0.2984,16,0.5606839656829834,0.0,0.0,0.5606839656829834
374,0.2992,16,0.27988702058792114,0.0,0.0,0.27988702058792114
375,0.3,16,0.2036345899105072,0.0,0.0,0.2036345899105072
376,0.3008,16,0.19533374905586243,0.0,0.0,0.19533374905586243
377,0.3016,16,0.26525431871414185,0.0,0.0,0.26525431871414185
378,0.3024,16,0.22554177045822144,0.0,0.0,0.22554177045822144
379,0.3032,16,0.27623170614242554,0.0,0.0,0.27623170614242554
380,0.304,16,0.30317437648773193,0.0,0.0,0.30317437648773193
381,0.3048,16,0.15254847705364227,0.0,0.0,0.15254847705364227
382,0.3056,16,0.15590900182724,0.0,0.0,0.15590900182724
383,0.3064,16,0.4397580921649933,0.0,0.0,0.4397580921649933
384,0.3072,16,0.08351090550422668,0.0,0.0,0.08351090550422668
385,0.308,16,0.10670813918113708,0.0,0.0,0.10670813918113708
386,0.3088,16,0.739082396030426,0.0,0.0,0.739082396030426
387,0.3096,16,0.16214708983898163,0.0,0.0,0.16214708983898163
388,0.3104,16,0.26918160915374756,0.0,0.0,0.26918160915374756
389,0.3112,16,0.3631063401699066,0.0,0.0,0.3631063401699066
390,0.312,16,0.4403989315032959,0.0,0.0,0.4403989315032959
391,0.3128,16,0.19202843308448792,0.0,0.0,0.19202843308448792
392,0.3136,16,0.15210025012493134,0.0,0.0,0.15210025012493134
393,0.3144,16,0.1419350802898407,0.0,0.0,0.1419350802898407
394,0.3152,16,0.3193907141685486,0.0,0.0,0.3193907141685486
395,0.316,16,0.28873082995414734,0.0,0.0,0.28873082995414734
396,0.3168,16,0.324250727891922,0.0,0.0,0.324250727891922
397,0.3176,16,0.1303381323814392,0.0,0.0,0.1303381323814392
398,0.3184,16,0.18140146136283875,0.0,0.0,0.18140146136283875
399,0.3192,16,0.4112134575843811,0.0,0.0,0.4112134575843811
400,0.32,16,0.2980484664440155,0.0,0.0,0.2980484664440155
401,0.3208,16,0.19188427925109863,0.0,0.0,0.19188427925109863
402,0.3216,16,0.13425305485725403,0.0,0.0,0.13425305485725403
403,0.3224,16,0.5784549713134766,0.0,0.0,0.5784549713134766
404,0.3232,16,0.16136986017227173,0.0,0.0,0.16136986017227173
405,0.324,16,0.3933992087841034,0.0,0.0,0.3933992087841034
406,0.3248,16,0.25626474618911743,0.0,0.0,0.25626474618911743
407,0.3256,16,0.6965529918670654,0.0,0.0,0.6965529918670654
408,0.3264,16,0.5222430229187012,0.0,0.0,0.5222430229187012
409,0.3272,16,0.27362507581710815,0.0,0.0,0.27362507581710815
410,0.328,16,0.2838284969329834,0.0,0.0,0.2838284969329834
411,0.3288,16,0.27013084292411804,0.0,0.0,0.27013084292411804
412,0.3296,16,0.0796118676662445,0.0,0.0,0.0796118676662445
413,0.3304,16,0.37934213876724243,0.0,0.0,0.37934213876724243
414,0.3312,16,0.0862547904253006,0.0,0.0,0.0862547904253006
415,0.332,16,0.5896652936935425,0.0,0.0,0.5896652936935425
416,0.3328,16,0.4266092777252197,0.0,0.0,0.4266092777252197
417,0.3336,16,0.12390635907649994,0.0,0.0,0.12390635907649994
418,0.3344,16,0.26050806045532227,0.0,0.0,0.26050806045532227
419,0.3352,16,0.3987365961074829,0.0,0.0,0.3987365961074829
420,0.336,16,0.223979651927948,0.0,0.0,0.223979651927948
421,0.3368,16,0.74611496925354,0.0,0.0,0.74611496925354
422,0.3376,16,0.23752650618553162,0.0,0.0,0.23752650618553162
423,0.3384,16,0.21977916359901428,0.0,0.0,0.21977916359901428
424,0.3392,16,0.2013271003961563,0.0,0.0,0.2013271003961563
425,0.34,16,0.5014240145683289,0.0,0.0,0.5014240145683289
426,0.3408,16,0.31931832432746887,0.0,0.0,0.31931832432746887
427,0.3416,16,0.1244969516992569,0.0,0.0,0.1244969516992569
428,0.3424,16,0.4606783986091614,0.0,0.0,0.4606783986091614
429,0.3432,16,0.17270714044570923,0.0,0.0,0.17270714044570923
430,0.344,16,0.22380416095256805,0.0,0.0,0.22380416095256805
431,0.3448,16,0.19077344238758087,0.0,0.0,0.19077344238758087
432,0.3456,16,0.567705512046814,0.0,0.0,0.567705512046814
433,0.3464,16,0.2149365097284317,0.0,0.0,0.2149365097284317
434,0.3472,16,0.2786349654197693,0.0,0.0,0.2786349654197693
435,0.348,16,0.0967077761888504,0.0,0.0,0.0967077761888504
436,0.3488,16,0.2144603729248047,0.0,0.0,0.2144603729248047
437,0.3496,16,0.4448872208595276,0.0,0.0,0.4448872208595276
438,0.3504,16,0.11155897378921509,0.0,0.0,0.11155897378921509
439,0.3512,16,0.19252827763557434,0.0,0.0,0.19252827763557434
440,0.352,16,0.16746461391448975,0.0,0.0,0.16746461391448975
441,0.3528,16,0.2995879650115967,0.0,0.0,0.2995879650115967
442,0.3536,16,0.30345040559768677,0.0,0.0,0.30345040559768677
443,0.3544,16,0.14684662222862244,0.0,0.0,0.14684662222862244
444,0.3552,16,0.3840305209159851,0.0,0.0,0.3840305209159851
445,0.356,16,0.391088604927063,0.0,0.0,0.391088604927063
446,0.3568,16,0.3426571786403656,0.0,0.0,0.3426571786403656
447,0.3576,16,0.35353508591651917,0.0,0.0,0.35353508591651917
448,0.3584,16,0.5071723461151123,0.0,0.0,0.5071723461151123
449,0.3592,16,0.230988010764122,0.0,0.0,0.230988010764122
450,0.36,16,0.12423097342252731,0.0,0.0,0.12423097342252731
451,0.3608,16,0.056949421763420105,0.0,0.0,0.056949421763420105
452,0.3616,16,0.20709949731826782,0.0,0.0,0.20709949731826782
453,0.3624,16,0.565541684627533,0.0,0.0,0.565541684627533
454,0.3632,16,0.2587924599647522,0.0,0.0,0.2587924599647522
455,0.364,16,0.15734204649925232,0.0,0.0,0.15734204649925232
456,0.3648,16,0.0994771271944046,0.0,0.0,0.0994771271944046
457,0.3656,16,0.06407862156629562,0.0,0.0,0.06407862156629562
458,0.3664,16,0.0836801677942276,0.0,0.0,0.0836801677942276
459,0.3672,16,0.07040362060070038,0.0,0.0,0.07040362060070038
460,0.368,16,0.12552756071090698,0.0,0.0,0.12552756071090698
461,0.3688,16,0.8181772232055664,0.0,0.0,0.8181772232055664
462,0.3696,16,0.5931838750839233,0.0,0.0,0.5931838750839233
463,0.3704,16,0.4527761936187744,0.0,0.0,0.4527761936187744
464,0.3712,16,0.3241626024246216,0.0,0.0,0.3241626024246216
465,0.372,16,0.5631411075592041,0.0,0.0,0.5631411075592041
466,0.3728,16,0.29072535037994385,0.0,0.0,0.29072535037994385
467,0.3736,16,0.19295483827590942,0.0,0.0,0.19295483827590942
468,0.3744,16,0.43048983812332153,0.0,0.0,0.43048983812332153
469,0.3752,16,0.18155282735824585,0.0,0.0,0.18155282735824585
470,0.376,16,0.5737970471382141,0.0,0.0,0.5737970471382141
471,0.3768,16,0.41036027669906616,0.0,0.0,0.41036027669906616
472,0.3776,16,0.43836888670921326,0.0,0.0,0.43836888670921326
473,0.3784,16,0.24230271577835083,0.0,0.0,0.24230271577835083
474,0.3792,16,0.5299572944641113,0.0,0.0,0.5299572944641113
475,0.38,16,0.14928622543811798,0.0,0.0,0.14928622543811798
476,0.3808,16,0.5401651263237,0.0,0.0,0.5401651263237
477,0.3816,16,0.5352450013160706,0.0,0.0,0.5352450013160706
478,0.3824,16,0.06953879445791245,0.0,0.0,0.06953879445791245
479,0.3832,16,0.29312366247177124,0.0,0.0,0.29312366247177124
480,0.384,16,0.4588816165924072,0.0,0.0,0.4588816165924072
481,0.3848,16,0.14987334609031677,0.0,0.0,0.14987334609031677
482,0.3856,16,0.28174224495887756,0.0,0.0,0.28174224495887756
483,0.3864,16,0.3304409384727478,0.0,0.0,0.3304409384727478
484,0.3872,16,0.18332019448280334,0.0,0.0,0.18332019448280334
485,0.388,16,0.3145889937877655,0.0,0.0,0.3145889937877655
486,0.3888,16,0.23257198929786682,0.0,0.0,0.23257198929786682
487,0.3896,16,0.15247420966625214,0.0,0.0,0.15247420966625214
488,0.3904,16,0.3253541588783264,0.0,0.0,0.3253541588783264
489,0.3912,16,0.1821938455104828,0.0,0.0,0.1821938455104828
490,0.392,16,0.19355174899101257,0.0,0.0,0.19355174899101257
491,0.3928,16,0.27503734827041626,0.0,0.0,0.27503734827041626
492,0.3936,16,0.22538700699806213,0.0,0.0,0.22538700699806213
493,0.3944,16,0.4076583981513977,0.0,0.0,0.4076583981513977
494,0.3952,16,0.16264912486076355,0.0,0.0,0.16264912486076355
495,0.396,16,0.43331077694892883,0.0,0.0,0.43331077694892883
496,0.3968,16,0.1250312179327011,0.0,0.0,0.1250312179327011
497,0.3976,16,0.21144255995750427,0.0,0.0,0.21144255995750427
498,0.3984,16,0.09830184280872345,0.0,0.0,0.09830184280872345
499,0.3992,16,0.23855207860469818,0.0,0.0,0.23855207860469818
500,0.4,16,0.4248283803462982,0.0,0.0,0.4248283803462982
501,0.4008,16,0.3247884511947632,0.0,0.0,0.3247884511947632
502,0.4016,16,0.1582416296005249,0.0,0.0,0.1582416296005249
503,0.4024,16,0.2002890557050705,0.0,0.0,0.2002890557050705
504,0.4032,16,0.16633915901184082,0.0,0.0,0.16633915901184082
505,0.404,16,0.3252912759780884,0.0,0.0,0.3252912759780884
506,0.4048,16,0.31593772768974304,0.0,0.0,0.31593772768974304
507,0.4056,16,0.20820289850234985,0.0,0.0,0.20820289850234985
508,0.4064,16,0.26393356919288635,0.0,0.0,0.26393356919288635
509,0.4072,16,0.3654972314834595,0.0,0.0,0.3654972314834595
510,0.408,16,0.38405072689056396,0.0,0.0,0.38405072689056396
511,0.4088,16,0.2530493140220642,0.0,0.0,0.2530493140220642
512,0.4096,16,0.04998652637004852,0.0,0.0,0.04998652637004852
513,0.4104,16,0.20206530392169952,0.0,0.0,0.20206530392169952
514,0.4112,16,0.18550804257392883,0.0,0.0,0.18550804257392883
515,0.412,16,0.13479071855545044,0.0,0.0,0.13479071855545044
516,0.4128,16,0.22419345378875732,0.0,0.0,0.22419345378875732
517,0.4136,16,0.2780121862888336,0.0,0.0,0.2780121862888336
518,0.4144,16,0.9424734711647034,0.0,0.0,0.9424734711647034
519,0.4152,16,0.24121126532554626,0.0,0.0,0.24121126532554626
520,0.416,16,0.299662709236145,0.0,0.0,0.299662709236145
521,0.4168,16,0.2930339574813843,0.0,0.0,0.2930339574813843
522,0.4176,16,0.29227209091186523,0.0,0.0,0.29227209091186523
523,0.4184,16,0.05677960067987442,0.0,0.0,0.05677960067987442
524,0.4192,16,0.037473879754543304,0.0,0.0,0.037473879754543304
525,0.42,16,0.16557876765727997,0.0,0.0,0.16557876765727997
526,0.4208,16,0.26772022247314453,0.0,0.0,0.26772022247314453
527,0.4216,16,0.07507394254207611,0.0,0.0,0.07507394254207611
528,0.4224,16,0.21835128962993622,0.0,0.0,0.21835128962993622
529,0.4232,16,0.07624679058790207,0.0,0.0,0.07624679058790207
530,0.424,16,0.17938518524169922,0.0,0.0,0.17938518524169922
531,0.4248,16,0.2713189721107483,0.0,0.0,0.2713189721107483
532,0.4256,16,0.34188586473464966,0.0,0.0,0.34188586473464966
533,0.4264,16,0.1825115829706192,0.0,0.0,0.1825115829706192
534,0.4272,16,0.2042391300201416,0.0,0.0,0.2042391300201416
535,0.428,16,0.19762937724590302,0.0,0.0,0.19762937724590302
536,0.4288,16,0.028633778914809227,0.0,0.0,0.028633778914809227
537,0.4296,16,0.5461225509643555,0.0,0.0,0.5461225509643555
538,0.4304,16,0.09890448302030563,0.0,0.0,0.09890448302030563
539,0.4312,16,0.4866980314254761,0.0,0.0,0.4866980314254761
540,0.432,16,0.6787688136100769,0.0,0.0,0.6787688136100769
541,0.4328,16,0.1617242991924286,0.0,0.0,0.1617242991924286
542,0.4336,16,0.16838864982128143,0.0,0.0,0.16838864982128143
543,0.4344,16,0.11743295192718506,0.0,0.0,0.11743295192718506
544,0.4352,16,0.5344905853271484,0.0,0.0,0.5344905853271484
545,0.436,16,0.08473405241966248,0.0,0.0,0.08473405241966248
546,0.4368,16,0.2837204933166504,0.0,0.0,0.2837204933166504
547,0.4376,16,0.6533533930778503,0.0,0.0,0.6533533930778503
548,0.4384,16,0.4546453654766083,0.0,0.0,0.4546453654766083
549,0.4392,16,0.7210885286331177,0.0,0.0,0.7210885286331177
550,0.44,16,0.8322151899337769,0.0,0.0,0.8322151899337769
551,0.4408,16,0.2321186661720276,0.0,0.0,0.2321186661720276
552,0.4416,16,0.500823974609375,0.0,0.0,0.500823974609375
553,0.4424,16,0.19356349110603333,0.0,0.0,0.19356349110603333
554,0.4432,16,0.22127419710159302,0.0,0.0,0.22127419710159302
555,0.444,16,0.32306668162345886,0.0,0.0,0.32306668162345886
556,0.4448,16,0.2370997965335846,0.0,0.0,0.2370997965335846
557,0.4456,16,0.3218020498752594,0.0,0.0,0.3218020498752594
558,0.4464,16,0.16980943083763123,0.0,0.0,0.16980943083763123
559,0.4472,16,0.30325332283973694,0.0,0.0,0.30325332283973694
560,0.448,16,0.3831612765789032,0.0,0.0,0.3831612765789032
561,0.4488,16,0.31006860733032227,0.0,0.0,0.31006860733032227
562,0.4496,16,0.12735477089881897,0.0,0.0,0.12735477089881897
563,0.4504,16,0.16563774645328522,0.0,0.0,0.16563774645328522
564,0.4512,16,0.5396909713745117,0.0,0.0,0.5396909713745117
565,0.452,16,0.2407480627298355,0.0,0.0,0.2407480627298355
566,0.4528,16,0.15795890986919403,0.0,0.0,0.15795890986919403
567,0.4536,16,0.4801092743873596,0.0,0.0,0.4801092743873596
568,0.4544,16,0.18882593512535095,0.0,0.0,0.18882593512535095
569,0.4552,16,0.07614292204380035,0.0,0.0,0.07614292204380035
570,0.456,16,0.09938095510005951,0.0,0.0,0.09938095510005951
571,0.4568,16,0.21643424034118652,0.0,0.0,0.21643424034118652
572,0.4576,16,0.1697205901145935,0.0,0.0,0.1697205901145935
573,0.4584,16,0.4974106550216675,0.0,0.0,0.4974106550216675
574,0.4592,16,0.5312882661819458,0.0,0.0,0.5312882661819458
575,0.46,16,0.2546841502189636,0.0,0.0,0.2546841502189636
576,0.4608,16,0.638909101486206,0.0,0.0,0.638909101486206
577,0.4616,16,0.779106616973877,0.0,0.0,0.779106616973877
578,0.4624,16,0.5261037349700928,0.0,0.0,0.5261037349700928
579,0.4632,16,0.5063387751579285,0.0,0.0,0.5063387751579285
580,0.464,16,0.08255933225154877,0.0,0.0,0.08255933225154877
581,0.4648,16,0.5375238060951233,0.0,0.0,0.5375238060951233
582,0.4656,16,0.7184274792671204,0.0,0.0,0.7184274792671204
583,0.4664,16,0.23798690736293793,0.0,0.0,0.23798690736293793
584,0.4672,16,0.440839558839798,0.0,0.0,0.440839558839798
585,0.468,16,0.1752813309431076,0.0,0.0,0.1752813309431076
586,0.4688,16,0.25005635619163513,0.0,0.0,0.25005635619163513
587,0.4696,16,0.4551236629486084,0.0,0.0,0.4551236629486084
588,0.4704,16,0.19099482893943787,0.0,0.0,0.19099482893943787
589,0.4712,16,0.21012306213378906,0.0,0.0,0.21012306213378906
590,0.472,16,0.20177896320819855,0.0,0.0,0.20177896320819855
591,0.4728,16,0.13130474090576172,0.0,0.0,0.13130474090576172
592,0.4736,16,0.11552493274211884,0.0,0.0,0.11552493274211884
593,0.4744,16,0.2631203234195709,0.0,0.0,0.2631203234195709
594,0.4752,16,0.19136062264442444,0.0,0.0,0.19136062264442444
595,0.476,16,0.5750468373298645,0.0,0.0,0.5750468373298645
596,0.4768,16,0.23478397727012634,0.0,0.0,0.23478397727012634
597,0.4776,16,0.10091323405504227,0.0,0.0,0.10091323405504227
598,0.4784,16,0.166649729013443,0.0,0.0,0.166649729013443
599,0.4792,16,0.27040648460388184,0.0,0.0,0.27040648460388184
600,0.48,16,0.2636524736881256,0.0,0.0,0.2636524736881256
601,0.4808,16,0.24615123867988586,0.0,0.0,0.24615123867988586
602,0.4816,16,0.3470257520675659,0.0,0.0,0.3470257520675659
603,0.4824,16,0.34150230884552,0.0,0.0,0.34150230884552
604,0.4832,16,0.3370895981788635,0.0,0.0,0.3370895981788635
605,0.484,16,0.3489589989185333,0.0,0.0,0.3489589989185333
606,0.4848,16,0.3077136278152466,0.0,0.0,0.3077136278152466
607,0.4856,16,0.1995682269334793,0.0,0.0,0.1995682269334793
608,0.4864,16,0.2852076590061188,0.0,0.0,0.2852076590061188
609,0.4872,16,0.2686287462711334,0.0,0.0,0.2686287462711334
610,0.488,16,0.1960219293832779,0.0,0.0,0.1960219293832779
611,0.4888,16,0.07683423161506653,0.0,0.0,0.07683423161506653
612,0.4896,16,0.1949184685945511,0.0,0.0,0.1949184685945511
613,0.4904,16,0.1923963725566864,0.0,0.0,0.1923963725566864
614,0.4912,16,0.35079920291900635,0.0,0.0,0.35079920291900635
615,0.492,16,0.13028813898563385,0.0,0.0,0.13028813898563385
616,0.4928,16,0.5723774433135986,0.0,0.0,0.5723774433135986
617,0.4936,16,0.43445146083831787,0.0,0.0,0.43445146083831787
618,0.4944,16,0.3533859848976135,0.0,0.0,0.3533859848976135
619,0.4952,16,0.263236939907074,0.0,0.0,0.263236939907074
620,0.496,16,0.2976530194282532,0.0,0.0,0.2976530194282532
621,0.4968,16,0.5022605657577515,0.0,0.0,0.5022605657577515
622,0.4976,16,0.21534337103366852,0.0,0.0,0.21534337103366852
623,0.4984,16,0.1820858120918274,0.0,0.0,0.1820858120918274
624,0.4992,16,0.25465285778045654,0.0,0.0,0.25465285778045654
625,0.5,16,0.29622361063957214,0.0,0.0,0.29622361063957214
626,0.5008,16,0.18349216878414154,0.0,0.0,0.18349216878414154
627,0.5016,16,0.338742733001709,0.0,0.0,0.338742733001709
628,0.5024,16,0.7905862927436829,0.0,0.0,0.7905862927436829
629,0.5032,16,0.15862151980400085,0.0,0.0,0.15862151980400085
630,0.504,16,0.4787363111972809,0.0,0.0,0.4787363111972809
631,0.5048,16,0.10602739453315735,0.0,0.0,0.10602739453315735
632,0.5056,16,0.24094396829605103,0.0,0.0,0.24094396829605103
633,0.5064,16,0.44350355863571167,0.0,0.0,0.44350355863571167
634,0.5072,16,0.40043556690216064,0.0,0.0,0.40043556690216064
635,0.508,16,0.2048225998878479,0.0,0.0,0.2048225998878479
636,0.5088,16,0.21455812454223633,0.0,0.0,0.21455812454223633
637,0.5096,16,0.3672019839286804,0.0,0.0,0.3672019839286804
638,0.5104,16,0.17132417857646942,0.0,0.0,0.17132417857646942
639,0.5112,16,0.38071808218955994,0.0,0.0,0.38071808218955994
640,0.512,16,0.10040111094713211,0.0,0.0,0.10040111094713211
641,0.5128,16,0.0815206915140152,0.0,0.0,0.0815206915140152
642,0.5136,16,0.13239137828350067,0.0,0.0,0.13239137828350067
643,0.5144,16,0.029379215091466904,0.0,0.0,0.029379215091466904
644,0.5152,16,0.0796860083937645,0.0,0.0,0.0796860083937645
645,0.516,16,0.1455126404762268,0.0,0.0,0.1455126404762268
646,0.5168,16,0.6385531425476074,0.0,0.0,0.6385531425476074
647,0.5176,16,0.17757269740104675,0.0,0.0,0.17757269740104675
648,0.5184,16,0.13842779397964478,0.0,0.0,0.13842779397964478
649,0.5192,16,0.18953216075897217,0.0,0.0,0.18953216075897217
650,0.52,16,0.24022933840751648,0.0,0.0,0.24022933840751648
651,0.5208,16,0.25631141662597656,0.0,0.0,0.25631141662597656
652,0.5216,16,0.7682133316993713,0.0,0.0,0.7682133316993713
653,0.5224,16,0.4049174189567566,0.0,0.0,0.4049174189567566
654,0.5232,16,0.6246727705001831,0.0,0.0,0.6246727705001831
655,0.524,16,0.5881001353263855,0.0,0.0,0.5881001353263855
656,0.5248,16,0.5646107792854309,0.0,0.0,0.5646107792854309
657,0.5256,16,0.5916204452514648,0.0,0.0,0.5916204452514648
658,0.5264,16,0.2689628005027771,0.0,0.0,0.2689628005027771
659,0.5272,16,0.12852489948272705,0.0,0.0,0.12852489948272705
660,0.528,16,0.0821445882320404,0.0,0.0,0.0821445882320404
661,0.5288,16,0.35790330171585083,0.0,0.0,0.35790330171585083
662,0.5296,16,0.19461271166801453,0.0,0.0,0.19461271166801453
663,0.5304,16,0.2309802770614624,0.0,0.0,0.2309802770614624
664,0.5312,16,0.2765660881996155,0.0,0.0,0.2765660881996155
665,0.532,16,0.31107044219970703,0.0,0.0,0.31107044219970703
666,0.5328,16,0.266404926776886,0.0,0.0,0.266404926776886
667,0.5336,16,0.21690133213996887,0.0,0.0,0.21690133213996887
668,0.5344,16,0.2384817898273468,0.0,0.0,0.2384817898273468
669,0.5352,16,0.28941065073013306,0.0,0.0,0.28941065073013306
670,0.536,16,0.19077232480049133,0.0,0.0,0.19077232480049133
671,0.5368,16,0.3770272433757782,0.0,0.0,0.3770272433757782
672,0.5376,16,0.25556886196136475,0.0,0.0,0.25556886196136475
673,0.5384,16,0.2475251853466034,0.0,0.0,0.2475251853466034
674,0.5392,16,0.12310494482517242,0.0,0.0,0.12310494482517242
675,0.54,16,0.2069530189037323,0.0,0.0,0.2069530189037323
676,0.5408,16,0.2507007420063019,0.0,0.0,0.2507007420063019
677,0.5416,16,0.3343430459499359,0.0,0.0,0.3343430459499359
678,0.5424,16,0.18101291358470917,0.0,0.0,0.18101291358470917
679,0.5432,16,0.28162598609924316,0.0,0.0,0.28162598609924316
680,0.544,16,0.20990033447742462,0.0,0.0,0.20990033447742462
681,0.5448,16,0.19501852989196777,0.0,0.0,0.19501852989196777
682,0.5456,16,0.4924745559692383,0.0,0.0,0.4924745559692383
683,0.5464,16,0.13984249532222748,0.0,0.0,0.13984249532222748
684,0.5472,16,0.458719938993454,0.0,0.0,0.458719938993454
685,0.548,16,0.4163602292537689,0.0,0.0,0.4163602292537689
686,0.5488,16,0.24025359749794006,0.0,0.0,0.24025359749794006
687,0.5496,16,0.2664283514022827,0.0,0.0,0.2664283514022827
688,0.5504,16,0.19060945510864258,0.0,0.0,0.19060945510864258
689,0.5512,16,0.18648765981197357,0.0,0.0,0.18648765981197357
690,0.552,16,0.3975469172000885,0.0,0.0,0.3975469172000885
691,0.5528,16,0.11174699664115906,0.0,0.0,0.11174699664115906
692,0.5536,16,0.11014638841152191,0.0,0.0,0.11014638841152191
693,0.5544,16,0.08856154978275299,0.0,0.0,0.08856154978275299
694,0.5552,16,0.25093159079551697,0.0,0.0,0.25093159079551697
695,0.556,16,0.290953665971756,0.0,0.0,0.290953665971756
696,0.5568,16,0.09229694306850433,0.0,0.0,0.09229694306850433
697,0.5576,16,0.11140649765729904,0.0,0.0,0.11140649765729904
698,0.5584,16,0.16180391609668732,0.0,0.0,0.16180391609668732
699,0.5592,16,0.25239554047584534,0.0,0.0,0.25239554047584534
700,0.56,16,0.18345266580581665,0.0,0.0,0.18345266580581665
701,0.5608,16,0.3062952160835266,0.0,0.0,0.3062952160835266
702,0.5616,16,0.294759064912796,0.0,0.0,0.294759064912796
703,0.5624,16,0.2879112958908081,0.0,0.0,0.2879112958908081
704,0.5632,16,0.20129606127738953,0.0,0.0,0.20129606127738953
705,0.564,16,0.30638033151626587,0.0,0.0,0.30638033151626587
706,0.5648,16,0.1586177945137024,0.0,0.0,0.1586177945137024
707,0.5656,16,0.47456300258636475,0.0,0.0,0.47456300258636475
708,0.5664,16,0.21010024845600128,0.0,0.0,0.21010024845600128
709,0.5672,16,0.12552820146083832,0.0,0.0,0.12552820146083832
710,0.568,16,0.4324510991573334,0.0,0.0,0.4324510991573334
711,0.5688,16,0.11426914483308792,0.0,0.0,0.11426914483308792
712,0.5696,16,0.07333261519670486,0.0,0.0,0.07333261519670486
713,0.5704,16,0.46967846155166626,0.0,0.0,0.46967846155166626
714,0.5712,16,0.3512694835662842,0.0,0.0,0.3512694835662842
715,0.572,16,0.18921829760074615,0.0,0.0,0.18921829760074615
716,0.5728,16,0.07306844741106033,0.0,0.0,0.07306844741106033
717,0.5736,16,0.19758497178554535,0.0,0.0,0.19758497178554535
718,0.5744,16,0.3792000710964203,0.0,0.0,0.3792000710964203
719,0.5752,16,0.43397143483161926,0.0,0.0,0.43397143483161926
720,0.576,16,0.16212311387062073,0.0,0.0,0.16212311387062073
721,0.5768,16,0.16857682168483734,0.0,0.0,0.16857682168483734
722,0.5776,16,0.4620778262615204,0.0,0.0,0.4620778262615204
723,0.5784,16,0.1438516080379486,0.0,0.0,0.1438516080379486
724,0.5792,16,0.3759877681732178,0.0,0.0,0.3759877681732178
725,0.58,16,0.3217194974422455,0.0,0.0,0.3217194974422455
726,0.5808,16,0.26231497526168823,0.0,0.0,0.26231497526168823
727,0.5816,16,0.6819652318954468,0.0,0.0,0.6819652318954468
728,0.5824,16,0.11856623739004135,0.0,0.0,0.11856623739004135
729,0.5832,16,0.16420668363571167,0.0,0.0,0.16420668363571167
730,0.584,16,0.10554470121860504,0.0,0.0,0.10554470121860504
731,0.5848,16,0.16250813007354736,0.0,0.0,0.16250813007354736
732,0.5856,16,0.2504372298717499,0.0,0.0,0.2504372298717499
733,0.5864,16,0.11246491968631744,0.0,0.0,0.11246491968631744
734,0.5872,16,0.5735144019126892,0.0,0.0,0.5735144019126892
735,0.588,16,0.23642361164093018,0.0,0.0,0.23642361164093018
736,0.5888,16,0.3453463315963745,0.0,0.0,0.3453463315963745
737,0.5896,16,0.07012074440717697,0.0,0.0,0.07012074440717697
738,0.5904,16,0.31209221482276917,0.0,0.0,0.31209221482276917
739,0.5912,16,0.1466558277606964,0.0,0.0,0.1466558277606964
740,0.592,16,0.4359801113605499,0.0,0.0,0.4359801113605499
741,0.5928,16,0.23951001465320587,0.0,0.0,0.23951001465320587
742,0.5936,16,0.12889531254768372,0.0,0.0,0.12889531254768372
743,0.5944,16,0.3224777579307556,0.0,0.0,0.3224777579307556
744,0.5952,16,0.01629418134689331,0.0,0.0,0.01629418134689331
745,0.596,16,0.2910885810852051,0.0,0.0,0.2910885810852051
746,0.5968,16,0.5072898864746094,0.0,0.0,0.5072898864746094
747,0.5976,16,0.516613781452179,0.0,0.0,0.516613781452179
748,0.5984,16,0.10843431204557419,0.0,0.0,0.10843431204557419
749,0.5992,16,0.2953230142593384,0.0,0.0,0.2953230142593384
750,0.6,16,0.9184095859527588,0.0,0.0,0.9184095859527588
751,0.6008,16,0.30893784761428833,0.0,0.0,0.30893784761428833
752,0.6016,16,0.2210303544998169,0.0,0.0,0.2210303544998169
753,0.6024,16,0.18916526436805725,0.0,0.0,0.18916526436805725
754,0.6032,16,0.2278248518705368,0.0,0.0,0.2278248518705368
755,0.604,16,0.28884992003440857,0.0,0.0,0.28884992003440857
756,0.6048,16,0.1287468522787094,0.0,0.0,0.1287468522787094
757,0.6056,16,0.3079625964164734,0.0,0.0,0.3079625964164734
758,0.6064,16,0.17722724378108978,0.0,0.0,0.17722724378108978
759,0.6072,16,0.18671083450317383,0.0,0.0,0.18671083450317383
760,0.608,16,0.050320856273174286,0.0,0.0,0.050320856273174286
761,0.6088,16,0.37554800510406494,0.0,0.0,0.37554800510406494
762,0.6096,16,0.2669665515422821,0.0,0.0,0.2669665515422821
763,0.6104,16,0.07479576766490936,0.0,0.0,0.07479576766490936
764,0.6112,16,0.15325438976287842,0.0,0.0,0.15325438976287842
765,0.612,16,0.09017285704612732,0.0,0.0,0.09017285704612732
766,0.6128,16,0.2880254089832306,0.0,0.0,0.2880254089832306
767,0.6136,16,0.2513875961303711,0.0,0.0,0.2513875961303711
768,0.6144,16,0.48674631118774414,0.0,0.0,0.48674631118774414
769,0.6152,16,0.18916666507720947,0.0,0.0,0.18916666507720947
770,0.616,16,0.11871618032455444,0.0,0.0,0.11871618032455444
771,0.6168,16,0.11668822169303894,0.0,0.0,0.11668822169303894
772,0.6176,16,0.09802382439374924,0.0,0.0,0.09802382439374924
773,0.6184,16,0.27838099002838135,0.0,0.0,0.27838099002838135
774,0.6192,16,0.5386031866073608,0.0,0.0,0.5386031866073608
775,0.62,16,0.09800074249505997,0.0,0.0,0.09800074249505997
776,0.6208,16,0.19358210265636444,0.0,0.0,0.19358210265636444
777,0.6216,16,0.32129108905792236,0.0,0.0,0.32129108905792236
778,0.6224,16,0.3963889181613922,0.0,0.0,0.3963889181613922
779,0.6232,16,0.5598891377449036,0.0,0.0,0.5598891377449036
780,0.624,16,0.06919562071561813,0.0,0.0,0.06919562071561813
781,0.6248,16,0.21535123884677887,0.0,0.0,0.21535123884677887
782,0.6256,16,0.32168635725975037,0.0,0.0,0.32168635725975037
783,0.6264,16,0.05049446225166321,0.0,0.0,0.05049446225166321
784,0.6272,16,0.19469591975212097,0.0,0.0,0.19469591975212097
785,0.628,16,0.14351852238178253,0.0,0.0,0.14351852238178253
786,0.6288,16,0.040454600006341934,0.0,0.0,0.040454600006341934
787,0.6296,16,0.3400719463825226,0.0,0.0,0.3400719463825226
788,0.6304,16,0.11521699279546738,0.0,0.0,0.11521699279546738
789,0.6312,16,0.07555202394723892,0.0,0.0,0.07555202394723892
790,0.632,16,0.12041860818862915,0.0,0.0,0.12041860818862915
791,0.6328,16,0.2675902247428894,0.0,0.0,0.2675902247428894
792,0.6336,16,0.47743281722068787,0.0,0.0,0.47743281722068787
793,0.6344,16,0.44531887769699097,0.0,0.0,0.44531887769699097
794,0.6352,16,0.6606303453445435,0.0,0.0,0.6606303453445435
795,0.636,16,0.06596869975328445,0.0,0.0,0.06596869975328445
796,0.6368,16,0.24337178468704224,0.0,0.0,0.24337178468704224
797,0.6376,16,0.3196296691894531,0.0,0.0,0.3196296691894531
798,0.6384,16,0.5000089406967163,0.0,0.0,0.5000089406967163
799,0.6392,16,0.08220390230417252,0.0,0.0,0.08220390230417252
800,0.64,16,0.3955826163291931,0.0,0.0,0.3955826163291931
801,0.6408,16,0.44113004207611084,0.0,0.0,0.44113004207611084
802,0.6416,16,0.033668167889118195,0.0,0.0,0.033668167889118195
803,0.6424,16,0.04185948148369789,0.0,0.0,0.04185948148369789
804,0.6432,16,0.18289004266262054,0.0,0.0,0.18289004266262054
805,0.644,16,0.18787258863449097,0.0,0.0,0.18787258863449097
806,0.6448,16,0.4044336676597595,0.0,0.0,0.4044336676597595
807,0.6456,16,0.040631651878356934,0.0,0.0,0.040631651878356934
808,0.6464,16,0.5986639261245728,0.0,0.0,0.5986639261245728
809,0.6472,16,0.051491737365722656,0.0,0.0,0.051491737365722656
810,0.648,16,0.3311253786087036,0.0,0.0,0.3311253786087036
811,0.6488,16,0.12210512906312943,0.0,0.0,0.12210512906312943
812,0.6496,16,0.07365457713603973,0.0,0.0,0.07365457713603973
813,0.6504,16,0.38778799772262573,0.0,0.0,0.38778799772262573
814,0.6512,16,0.5279694199562073,0.0,0.0,0.5279694199562073
815,0.652,16,0.2690461575984955,0.0,0.0,0.2690461575984955
816,0.6528,16,0.34096357226371765,0.0,0.0,0.34096357226371765
817,0.6536,16,0.40382814407348633,0.0,0.0,0.40382814407348633
818,0.6544,16,0.27942150831222534,0.0,0.0,0.27942150831222534
819,0.6552,16,0.7011608481407166,0.0,0.0,0.7011608481407166
820,0.656,16,0.143684521317482,0.0,0.0,0.143684521317482
821,0.6568,16,0.12075664848089218,0.0,0.0,0.12075664848089218
822,0.6576,16,0.1926039308309555,0.0,0.0,0.1926039308309555
823,0.6584,16,0.2088398039340973,0.0,0.0,0.2088398039340973
824,0.6592,16,0.1373901069164276,0.0,0.0,0.1373901069164276
825,0.66,16,0.3388887941837311,0.0,0.0,0.3388887941837311
826,0.6608,16,0.08300908654928207,0.0,0.0,0.08300908654928207
827,0.6616,16,0.18760208785533905,0.0,0.0,0.18760208785533905
828,0.6624,16,0.1822679042816162,0.0,0.0,0.1822679042816162
829,0.6632,16,0.09761020541191101,0.0,0.0,0.09761020541191101
830,0.664,16,0.14771988987922668,0.0,0.0,0.14771988987922668
831,0.6648,16,0.15028080344200134,0.0,0.0,0.15028080344200134
832,0.6656,16,0.042387671768665314,0.0,0.0,0.042387671768665314
833,0.6664,16,0.262915700674057,0.0,0.0,0.262915700674057
834,0.6672,16,0.05231579393148422,0.0,0.0,0.05231579393148422
835,0.668,16,0.2967971861362457,0.0,0.0,0.2967971861362457
836,0.6688,16,0.5580850839614868,0.0,0.0,0.5580850839614868
837,0.6696,16,0.5598915815353394,0.0,0.0,0.5598915815353394
838,0.6704,16,0.26147526502609253,0.0,0.0,0.26147526502609253
839,0.6712,16,0.3719732165336609,0.0,0.0,0.3719732165336609
840,0.672,16,0.6788309812545776,0.0,0.0,0.6788309812545776
841,0.6728,16,0.3296106457710266,0.0,0.0,0.3296106457710266
842,0.6736,16,0.21536877751350403,0.0,0.0,0.21536877751350403
843,0.6744,16,0.2777266800403595,0.0,0.0,0.2777266800403595
844,0.6752,16,0.10755030065774918,0.0,0.0,0.10755030065774918
845,0.676,16,0.3518071174621582,0.0,0.0,0.3518071174621582
846,0.6768,16,0.051339734345674515,0.0,0.0,0.051339734345674515
847,0.6776,16,0.5458430051803589,0.0,0.0,0.5458430051803589
848,0.6784,16,0.3316403925418854,0.0,0.0,0.3316403925418854
849,0.6792,16,0.39770349860191345,0.0,0.0,0.39770349860191345
850,0.68,16,0.4625343084335327,0.0,0.0,0.4625343084335327
851,0.6808,16,0.06439359486103058,0.0,0.0,0.06439359486103058
852,0.6816,16,0.5700762271881104,0.0,0.0,0.5700762271881104
853,0.6824,16,0.3114128112792969,0.0,0.0,0.3114128112792969
854,0.6832,16,0.17721951007843018,0.0,0.0,0.17721951007843018
855,0.684,16,0.3332194983959198,0.0,0.0,0.3332194983959198
856,0.6848,16,0.07903426885604858,0.0,0.0,0.07903426885604858
857,0.6856,16,0.08658971637487411,0.0,0.0,0.08658971637487411
858,0.6864,16,0.16003257036209106,0.0,0.0,0.16003257036209106
859,0.6872,16,0.07860859483480453,0.0,0.0,0.07860859483480453
860,0.688,16,0.338517427444458,0.0,0.0,0.338517427444458
861,0.6888,16,0.33548450469970703,0.0,0.0,0.33548450469970703
862,0.6896,16,0.13845139741897583,0.0,0.0,0.13845139741897583
863,0.6904,16,0.15047428011894226,0.0,0.0,0.15047428011894226
864,0.6912,16,0.053759410977363586,0.0,0.0,0.053759410977363586
865,0.692,16,0.30434203147888184,0.0,0.0,0.30434203147888184
866,0.6928,16,0.15499284863471985,0.0,0.0,0.15499284863471985
867,0.6936,16,0.02599584311246872,0.0,0.0,0.02599584311246872
868,0.6944,16,0.07127024233341217,0.0,0.0,0.07127024233341217
869,0.6952,16,0.49161818623542786,0.0,0.0,0.49161818623542786
870,0.696,16,0.4963337182998657,0.0,0.0,0.4963337182998657
871,0.6968,16,0.38684195280075073,0.0,0.0,0.38684195280075073
872,0.6976,16,0.394272118806839,0.0,0.0,0.394272118806839
873,0.6984,16,0.418058305978775,0.0,0.0,0.418058305978775
874,0.6992,16,0.08594238013029099,0.0,0.0,0.08594238013029099
875,0.7,16,0.4671630263328552,0.0,0.0,0.4671630263328552
876,0.7008,16,0.3464565873146057,0.0,0.0,0.3464565873146057
877,0.7016,16,0.35182300209999084,0.0,0.0,0.35182300209999084
878,0.7024,16,0.12484629452228546,0.0,0.0,0.12484629452228546
879,0.7032,16,0.33972859382629395,0.0,0.0,0.33972859382629395
880,0.704,16,0.18072818219661713,0.0,0.0,0.18072818219661713
881,0.7048,16,0.33954939246177673,0.0,0.0,0.33954939246177673
882,0.7056,16,0.22345933318138123,0.0,0.0,0.22345933318138123
883,0.7064,16,0.17281919717788696,0.0,0.0,0.17281919717788696
884,0.7072,16,0.41506677865982056,0.0,0.0,0.41506677865982056
885,0.708,16,0.36512380838394165,0.0,0.0,0.36512380838394165
886,0.7088,16,0.7754164934158325,0.0,0.0,0.7754164934158325
887,0.7096,16,0.09348984807729721,0.0,0.0,0.09348984807729721
888,0.7104,16,0.09078001976013184,0.0,0.0,0.09078001976013184
889,0.7112,16,0.42591649293899536,0.0,0.0,0.42591649293899536
890,0.712,16,0.18456661701202393,0.0,0.0,0.18456661701202393
891,0.7128,16,0.2418457716703415,0.0,0.0,0.2418457716703415
892,0.7136,16,0.5033720135688782,0.0,0.0,0.5033720135688782
893,0.7144,16,0.13531331717967987,0.0,0.0,0.13531331717967987
894,0.7152,16,0.310896635055542,0.0,0.0,0.310896635055542
895,0.716,16,0.80067378282547,0.0,0.0,0.80067378282547
896,0.7168,16,0.11612211912870407,0.0,0.0,0.11612211912870407
897,0.7176,16,0.36726364493370056,0.0,0.0,0.36726364493370056
898,0.7184,16,0.11211487650871277,0.0,0.0,0.11211487650871277
899,0.7192,16,0.2534545660018921,0.0,0.0,0.2534545660018921
900,0.72,16,0.192083477973938,0.0,0.0,0.192083477973938
901,0.7208,16,0.03836379200220108,0.0,0.0,0.03836379200220108
902,0.7216,16,0.21592633426189423,0.0,0.0,0.21592633426189423
903,0.7224,16,0.05318859964609146,0.0,0.0,0.05318859964609146
904,0.7232,16,0.1301845908164978,0.0,0.0,0.1301845908164978
905,0.724,16,0.18465304374694824,0.0,0.0,0.18465304374694824
906,0.7248,16,0.2175278514623642,0.0,0.0,0.2175278514623642
907,0.7256,16,0.07677467167377472,0.0,0.0,0.07677467167377472
908,0.7264,16,0.030363736674189568,0.0,0.0,0.030363736674189568
909,0.7272,16,0.27712851762771606,0.0,0.0,0.27712851762771606
910,0.728,16,0.04177733138203621,0.0,0.0,0.04177733138203621
911,0.7288,16,0.06545199453830719,0.0,0.0,0.06545199453830719
912,0.7296,16,0.11985525488853455,0.0,0.0,0.11985525488853455
913,0.7304,16,0.1608411967754364,0.0,0.0,0.1608411967754364
914,0.7312,16,0.23184745013713837,0.0,0.0,0.23184745013713837
915,0.732,16,0.18653970956802368,0.0,0.0,0.18653970956802368
916,0.7328,16,0.10654789209365845,0.0,0.0,0.10654789209365845
917,0.7336,16,0.6738378405570984,0.0,0.0,0.6738378405570984
918,0.7344,16,0.22198374569416046,0.0,0.0,0.22198374569416046
919,0.7352,16,0.32002416253089905,0.0,0.0,0.32002416253089905
920,0.736,16,0.01886914297938347,0.0,0.0,0.01886914297938347
921,0.7368,16,0.6901618838310242,0.0,0.0,0.6901618838310242
922,0.7376,16,0.3294002413749695,0.0,0.0,0.3294002413749695
923,0.7384,16,0.5831708908081055,0.0,0.0,0.5831708908081055
924,0.7392,16,0.06651027500629425,0.0,0.0,0.06651027500629425
925,0.74,16,0.13961561024188995,0.0,0.0,0.13961561024188995
926,0.7408,16,0.1860274225473404,0.0,0.0,0.1860274225473404
927,0.7416,16,0.1988898664712906,0.0,0.0,0.1988898664712906
928,0.7424,16,0.07454423606395721,0.0,0.0,0.07454423606395721
929,0.7432,16,0.48166945576667786,0.0,0.0,0.48166945576667786
930,0.744,16,0.15307439863681793,0.0,0.0,0.15307439863681793
931,0.7448,16,0.27939799427986145,0.0,0.0,0.27939799427986145
932,0.7456,16,0.2023836076259613,0.0,0.0,0.2023836076259613
933,0.7464,16,0.4394482672214508,0.0,0.0,0.4394482672214508
934,0.7472,16,0.6036534905433655,0.0,0.0,0.6036534905433655
935,0.748,16,0.48429757356643677,0.0,0.0,0.48429757356643677
936,0.7488,16,0.26056626439094543,0.0,0.0,0.26056626439094543
937,0.7496,16,0.18401047587394714,0.0,0.0,0.18401047587394714
938,0.7504,16,0.20804350078105927,0.0,0.0,0.20804350078105927
939,0.7512,16,0.09426499903202057,0.0,0.0,0.09426499903202057
940,0.752,16,0.27360475063323975,0.0,0.0,0.27360475063323975
941,0.7528,16,0.20283153653144836,0.0,0.0,0.20283153653144836
942,0.7536,16,0.27879518270492554,0.0,0.0,0.27879518270492554
943,0.7544,16,0.1852072775363922,0.0,0.0,0.1852072775363922
944,0.7552,16,0.34482261538505554,0.0,0.0,0.34482261538505554
945,0.756,16,0.4626257121562958,0.0,0.0,0.4626257121562958
946,0.7568,16,0.27988600730895996,0.0,0.0,0.27988600730895996
947,0.7576,16,0.19379228353500366,0.0,0.0,0.19379228353500366
948,0.7584,16,0.2136000543832779,0.0,0.0,0.2136000543832779
949,0.7592,16,0.1484370231628418,0.0,0.0,0.1484370231628418
950,0.76,16,0.17214137315750122,0.0,0.0,0.17214137315750122
951,0.7608,16,0.10407403111457825,0.0,0.0,0.10407403111457825
952,0.7616,16,0.17322425544261932,0.0,0.0,0.17322425544261932
953,0.7624,16,0.20213711261749268,0.0,0.0,0.20213711261749268
954,0.7632,16,0.09694359451532364,0.0,0.0,0.09694359451532364
955,0.764,16,0.1268468052148819,0.0,0.0,0.1268468052148819
956,0.7648,16,0.24704453349113464,0.0,0.0,0.24704453349113464
957,0.7656,16,0.21702039241790771,0.0,0.0,0.21702039241790771
958,0.7664,16,0.0845552533864975,0.0,0.0,0.0845552533864975
959,0.7672,16,0.370853990316391,0.0,0.0,0.370853990316391
960,0.768,16,0.2101024091243744,0.0,0.0,0.2101024091243744
961,0.7688,16,0.05974089354276657,0.0,0.0,0.05974089354276657
962,0.7696,16,0.5420068502426147,0.0,0.0,0.5420068502426147
963,0.7704,16,0.45249488949775696,0.0,0.0,0.45249488949775696
964,0.7712,16,0.21457798779010773,0.0,0.0,0.21457798779010773
965,0.772,16,0.24243231117725372,0.0,0.0,0.24243231117725372
966,0.7728,16,0.019464237615466118,0.0,0.0,0.019464237615466118
967,0.7736,16,0.40591830015182495,0.0,0.0,0.40591830015182495
968,0.7744,16,0.04808979853987694,0.0,0.0,0.04808979853987694
969,0.7752,16,0.4702174663543701,0.0,0.0,0.4702174663543701
970,0.776,16,0.08549105376005173,0.0,0.0,0.08549105376005173
971,0.7768,16,0.48391884565353394,0.0,0.0,0.48391884565353394
972,0.7776,16,0.026071695610880852,0.0,0.0,0.026071695610880852
973,0.7784,16,0.36528366804122925,0.0,0.0,0.36528366804122925
974,0.7792,16,0.181559219956398,0.0,0.0,0.181559219956398
975,0.78,16,0.198073610663414,0.0,0.0,0.198073610663414
976,0.7808,16,0.24245867133140564,0.0,0.0,0.24245867133140564
977,0.7816,16,0.22552935779094696,0.0,0.0,0.22552935779094696
978,0.7824,16,0.28383004665374756,0.0,0.0,0.28383004665374756
979,0.7832,16,0.36010250449180603,0.0,0.0,0.36010250449180603
980,0.784,16,0.26163750886917114,0.0,0.0,0.26163750886917114
981,0.7848,16,0.3073166012763977,0.0,0.0,0.3073166012763977
982,0.7856,16,0.23230215907096863,0.0,0.0,0.23230215907096863
983,0.7864,16,0.1333789825439453,0.0,0.0,0.1333789825439453
984,0.7872,16,0.15968339145183563,0.0,0.0,0.15968339145183563
985,0.788,16,0.2684922218322754,0.0,0.0,0.2684922218322754
986,0.7888,16,0.6742357015609741,0.0,0.0,0.6742357015609741
987,0.7896,16,0.1512375771999359,0.0,0.0,0.1512375771999359
988,0.7904,16,0.2380979359149933,0.0,0.0,0.2380979359149933
989,0.7912,16,0.22474612295627594,0.0,0.0,0.22474612295627594
990,0.792,16,0.07801290601491928,0.0,0.0,0.07801290601491928
991,0.7928,16,0.42462384700775146,0.0,0.0,0.42462384700775146
992,0.7936,16,0.08532668650150299,0.0,0.0,0.08532668650150299
993,0.7944,16,0.11576946079730988,0.0,0.0,0.11576946079730988
994,0.7952,16,0.47707048058509827,0.0,0.0,0.47707048058509827
995,0.796,16,0.7089098691940308,0.0,0.0,0.7089098691940308
996,0.7968,16,0.401979923248291,0.0,0.0,0.401979923248291
997,0.7976,16,0.2756083607673645,0.0,0.0,0.2756083607673645
998,0.7984,16,0.2898606061935425,0.0,0.0,0.2898606061935425
999,0.7992,16,0.1250424087047577,0.0,0.0,0.1250424087047577
1000,0.8,16,0.3558303117752075,0.0,0.0,0.3558303117752075
1001,0.8008,16,0.28011584281921387,0.0,0.0,0.28011584281921387
1002,0.8016,16,0.0832444429397583,0.0,0.0,0.0832444429397583
1003,0.8024,16,0.1434808373451233,0.0,0.0,0.1434808373451233
1004,0.8032,16,0.08545221388339996,0.0,0.0,0.08545221388339996
1005,0.804,16,0.038788340985774994,0.0,0.0,0.038788340985774994
1006,0.8048,16,0.535548210144043,0.0,0.0,0.535548210144043
1007,0.8056,16,0.1417306512594223,0.0,0.0,0.1417306512594223
1008,0.8064,16,0.23177818953990936,0.0,0.0,0.23177818953990936
1009,0.8072,16,0.08859953284263611,0.0,0.0,0.08859953284263611
1010,0.808,16,0.2459741234779358,0.0,0.0,0.2459741234779358
1011,0.8088,16,0.33980417251586914,0.0,0.0,0.33980417251586914
1012,0.8096,16,0.05942831188440323,0.0,0.0,0.05942831188440323
1013,0.8104,16,0.14944468438625336,0.0,0.0,0.14944468438625336
1014,0.8112,16,0.11604078859090805,0.0,0.0,0.11604078859090805
1015,0.812,16,0.20717544853687286,0.0,0.0,0.20717544853687286
1016,0.8128,16,0.2861597537994385,0.0,0.0,0.2861597537994385
1017,0.8136,16,0.035852424800395966,0.0,0.0,0.035852424800395966
1018,0.8144,16,0.49164021015167236,0.0,0.0,0.49164021015167236
1019,0.8152,16,0.3072351813316345,0.0,0.0,0.3072351813316345
1020,0.816,16,0.31382596492767334,0.0,0.0,0.31382596492767334
1021,0.8168,16,0.253240168094635,0.0,0.0,0.253240168094635
1022,0.8176,16,0.04442734271287918,0.0,0.0,0.04442734271287918
1023,0.8184,16,0.43221816420555115,0.0,0.0,0.43221816420555115
1024,0.8192,16,0.10072660446166992,0.0,0.0,0.10072660446166992
1025,0.82,16,0.040692076086997986,0.0,0.0,0.040692076086997986
1026,0.8208,16,0.32004082202911377,0.0,0.0,0.32004082202911377
1027,0.8216,16,0.25553208589553833,0.0,0.0,0.25553208589553833
1028,0.8224,16,0.49843829870224,0.0,0.0,0.49843829870224
1029,0.8232,16,0.6286985874176025,0.0,0.0,0.6286985874176025
1030,0.824,16,0.12052540481090546,0.0,0.0,0.12052540481090546
1031,0.8248,16,0.3299751579761505,0.0,0.0,0.3299751579761505
1032,0.8256,16,0.4369274079799652,0.0,0.0,0.4369274079799652
1033,0.8264,16,0.5399152636528015,0.0,0.0,0.5399152636528015
1034,0.8272,16,0.18437877297401428,0.0,0.0,0.18437877297401428
1035,0.828,16,0.3699667155742645,0.0,0.0,0.3699667155742645
1036,0.8288,16,0.26827284693717957,0.0,0.0,0.26827284693717957
1037,0.8296,16,0.07325844466686249,0.0,0.0,0.07325844466686249
1038,0.8304,16,0.16438260674476624,0.0,0.0,0.16438260674476624
1039,0.8312,16,0.3384122848510742,0.0,0.0,0.3384122848510742
1040,0.832,16,0.27621030807495117,0.0,0.0,0.27621030807495117
1041,0.8328,16,0.35954153537750244,0.0,0.0,0.35954153537750244
1042,0.8336,16,0.2134302705526352,0.0,0.0,0.2134302705526352
1043,0.8344,16,0.2928674519062042,0.0,0.0,0.2928674519062042
1044,0.8352,16,0.41688665747642517,0.0,0.0,0.41688665747642517
1045,0.836,16,0.2012951374053955,0.0,0.0,0.2012951374053955
1046,0.8368,16,0.21359045803546906,0.0,0.0,0.21359045803546906
1047,0.8376,16,0.1856045424938202,0.0,0.0,0.1856045424938202
1048,0.8384,16,0.28219619393348694,0.0,0.0,0.28219619393348694
1049,0.8392,16,0.15918976068496704,0.0,0.0,0.15918976068496704
1050,0.84,16,0.2982497811317444,0.0,0.0,0.2982497811317444
1051,0.8408,16,0.23047953844070435,0.0,0.0,0.23047953844070435
1052,0.8416,16,0.3407426178455353,0.0,0.0,0.3407426178455353
1053,0.8424,16,0.34359169006347656,0.0,0.0,0.34359169006347656
1054,0.8432,16,0.16971081495285034,0.0,0.0,0.16971081495285034
1055,0.844,16,0.17933817207813263,0.0,0.0,0.17933817207813263
1056,0.8448,16,0.2901051342487335,0.0,0.0,0.2901051342487335
1057,0.8456,16,0.2950438857078552,0.0,0.0,0.2950438857078552
1058,0.8464,16,0.11784007400274277,0.0,0.0,0.11784007400274277
1059,0.8472,16,0.4782094359397888,0.0,0.0,0.4782094359397888
1060,0.848,16,0.11658614128828049,0.0,0.0,0.11658614128828049
1061,0.8488,16,0.26497453451156616,0.0,0.0,0.26497453451156616
1062,0.8496,16,0.18828511238098145,0.0,0.0,0.18828511238098145
1063,0.8504,16,0.24199652671813965,0.0,0.0,0.24199652671813965
1064,0.8512,16,0.3336615562438965,0.0,0.0,0.3336615562438965
1065,0.852,16,0.08058568835258484,0.0,0.0,0.08058568835258484
1066,0.8528,16,0.08163300156593323,0.0,0.0,0.08163300156593323
1067,0.8536,16,0.5078206658363342,0.0,0.0,0.5078206658363342
1068,0.8544,16,0.1050974428653717,0.0,0.0,0.1050974428653717
1069,0.8552,16,0.4038950800895691,0.0,0.0,0.4038950800895691
1070,0.856,16,0.1266307234764099,0.0,0.0,0.1266307234764099
1071,0.8568,16,0.10599999129772186,0.0,0.0,0.10599999129772186
1072,0.8576,16,0.11559731513261795,0.0,0.0,0.11559731513261795
1073,0.8584,16,0.11973672360181808,0.0,0.0,0.11973672360181808
1074,0.8592,16,0.2643260657787323,0.0,0.0,0.2643260657787323
1075,0.86,16,0.23747289180755615,0.0,0.0,0.23747289180755615
1076,0.8608,16,0.28478604555130005,0.0,0.0,0.28478604555130005
1077,0.8616,16,0.25682294368743896,0.0,0.0,0.25682294368743896
1078,0.8624,16,0.06668385863304138,0.0,0.0,0.06668385863304138
1079,0.8632,16,0.20455770194530487,0.0,0.0,0.20455770194530487
1080,0.864,16,0.21377679705619812,0.0,0.0,0.21377679705619812
1081,0.8648,16,0.09973909705877304,0.0,0.0,0.09973909705877304
1082,0.8656,16,0.30827081203460693,0.0,0.0,0.30827081203460693
1083,0.8664,16,0.06446079164743423,0.0,0.0,0.06446079164743423
1084,0.8672,16,0.3522508144378662,0.0,0.0,0.3522508144378662
1085,0.868,16,0.3169574439525604,0.0,0.0,0.3169574439525604
1086,0.8688,16,0.33817774057388306,0.0,0.0,0.33817774057388306
1087,0.8696,16,0.05563463643193245,0.0,0.0,0.05563463643193245
1088,0.8704,16,0.3542483448982239,0.0,0.0,0.3542483448982239
1089,0.8712,16,0.12894244492053986,0.0,0.0,0.12894244492053986
1090,0.872,16,0.564285159111023,0.0,0.0,0.564285159111023
1091,0.8728,16,0.07147665321826935,0.0,0.0,0.07147665321826935
1092,0.8736,16,0.12868191301822662,0.0,0.0,0.12868191301822662
1093,0.8744,16,0.1597510576248169,0.0,0.0,0.1597510576248169
1094,0.8752,16,0.22431492805480957,0.0,0.0,0.22431492805480957
1095,0.876,16,0.13541948795318604,0.0,0.0,0.13541948795318604
1096,0.8768,16,0.11883769929409027,0.0,0.0,0.11883769929409027
1097,0.8776,16,0.35098153352737427,0.0,0.0,0.35098153352737427
1098,0.8784,16,0.12477025389671326,0.0,0.0,0.12477025389671326
1099,0.8792,16,0.3785252869129181,0.0,0.0,0.3785252869129181
1100,0.88,16,0.12128983438014984,0.0,0.0,0.12128983438014984
1101,0.8808,16,0.18554145097732544,0.0,0.0,0.18554145097732544
1102,0.8816,16,0.12916913628578186,0.0,0.0,0.12916913628578186
1103,0.8824,16,0.2394181191921234,0.0,0.0,0.2394181191921234
1104,0.8832,16,0.20634937286376953,0.0,0.0,0.20634937286376953
1105,0.884,16,0.20188048481941223,0.0,0.0,0.20188048481941223
1106,0.8848,16,0.47645264863967896,0.0,0.0,0.47645264863967896
1107,0.8856,16,0.5723889470100403,0.0,0.0,0.5723889470100403
1108,0.8864,16,0.3887510299682617,0.0,0.0,0.3887510299682617
1109,0.8872,16,0.46160975098609924,0.0,0.0,0.46160975098609924
1110,0.888,16,0.21237808465957642,0.0,0.0,0.21237808465957642
1111,0.8888,16,0.3081745207309723,0.0,0.0,0.3081745207309723
1112,0.8896,16,0.27033811807632446,0.0,0.0,0.27033811807632446
1113,0.8904,16,0.08481346070766449,0.0,0.0,0.08481346070766449
1114,0.8912,16,0.35876384377479553,0.0,0.0,0.35876384377479553
1115,0.892,16,0.6251627206802368,0.0,0.0,0.6251627206802368
1116,0.8928,16,0.4057731032371521,0.0,0.0,0.4057731032371521
1117,0.8936,16,0.2517595589160919,0.0,0.0,0.2517595589160919
1118,0.8944,16,0.33457469940185547,0.0,0.0,0.33457469940185547
1119,0.8952,16,0.5021070837974548,0.0,0.0,0.5021070837974548
1120,0.896,16,0.5697287321090698,0.0,0.0,0.5697287321090698
1121,0.8968,16,0.1942225992679596,0.0,0.0,0.1942225992679596
1122,0.8976,16,0.1811344027519226,0.0,0.0,0.1811344027519226
1123,0.8984,16,0.15202997624874115,0.0,0.0,0.15202997624874115
1124,0.8992,16,0.09041637927293777,0.0,0.0,0.09041637927293777
1125,0.9,16,0.2984829545021057,0.0,0.0,0.2984829545021057
1126,0.9008,16,0.186710923910141,0.0,0.0,0.186710923910141
1127,0.9016,16,0.18904879689216614,0.0,0.0,0.18904879689216614
1128,0.9024,16,0.08366592973470688,0.0,0.0,0.08366592973470688
1129,0.9032,16,0.05213407427072525,0.0,0.0,0.05213407427072525
1130,0.904,16,0.16278666257858276,0.0,0.0,0.16278666257858276
1131,0.9048,16,0.1592177152633667,0.0,0.0,0.1592177152633667
1132,0.9056,16,0.1400705873966217,0.0,0.0,0.1400705873966217
1133,0.9064,16,0.24342025816440582,0.0,0.0,0.24342025816440582
1134,0.9072,16,0.33161208033561707,0.0,0.0,0.33161208033561707
1135,0.908,16,0.2173018753528595,0.0,0.0,0.2173018753528595
1136,0.9088,16,0.34561240673065186,0.0,0.0,0.34561240673065186
1137,0.9096,16,0.5412381291389465,0.0,0.0,0.5412381291389465
1138,0.9104,16,0.07946574687957764,0.0,0.0,0.07946574687957764
1139,0.9112,16,0.049632132053375244,0.0,0.0,0.049632132053375244
1140,0.912,16,0.42300260066986084,0.0,0.0,0.42300260066986084
1141,0.9128,16,0.23867005109786987,0.0,0.0,0.23867005109786987
1142,0.9136,16,0.08118614554405212,0.0,0.0,0.08118614554405212
1143,0.9144,16,0.19927719235420227,0.0,0.0,0.19927719235420227
1144,0.9152,16,0.45058712363243103,0.0,0.0,0.45058712363243103
1145,0.916,16,0.03362970054149628,0.0,0.0,0.03362970054149628
1146,0.9168,16,0.44546476006507874,0.0,0.0,0.44546476006507874
1147,0.9176,16,0.040055155754089355,0.0,0.0,0.040055155754089355
1148,0.9184,16,0.45383575558662415,0.0,0.0,0.45383575558662415
1149,0.9192,16,0.22878949344158173,0.0,0.0,0.22878949344158173
1150,0.92,16,0.10068628191947937,0.0,0.0,0.10068628191947937
1151,0.9208,16,0.05853330343961716,0.0,0.0,0.05853330343961716
1152,0.9216,16,0.20754680037498474,0.0,0.0,0.20754680037498474
1153,0.9224,16,0.07177472114562988,0.0,0.0,0.07177472114562988
1154,0.9232,16,0.44944635033607483,0.0,0.0,0.44944635033607483
1155,0.924,16,0.2643932104110718,0.0,0.0,0.2643932104110718
1156,0.9248,16,0.2590543031692505,0.0,0.0,0.2590543031692505
1157,0.9256,16,0.26223886013031006,0.0,0.0,0.26223886013031006
1158,0.9264,16,0.4217952787876129,0.0,0.0,0.4217952787876129
1159,0.9272,16,0.0909823402762413,0.0,0.0,0.0909823402762413
1160,0.928,16,0.09729189425706863,0.0,0.0,0.09729189425706863
1161,0.9288,16,0.44040051102638245,0.0,0.0,0.44040051102638245
1162,0.9296,16,0.5359891057014465,0.0,0.0,0.5359891057014465
1163,0.9304,16,0.21441739797592163,0.0,0.0,0.21441739797592163
1164,0.9312,16,0.8166836500167847,0.0,0.0,0.8166836500167847
1165,0.932,16,0.282866895198822,0.0,0.0,0.282866895198822
1166,0.9328,16,0.16360315680503845,0.0,0.0,0.16360315680503845
1167,0.9336,16,0.11653769016265869,0.0,0.0,0.11653769016265869
1168,0.9344,16,0.16226091980934143,0.0,0.0,0.16226091980934143
1169,0.9352,16,0.10098211467266083,0.0,0.0,0.10098211467266083
1170,0.936,16,0.09433885663747787,0.0,0.0,0.09433885663747787
1171,0.9368,16,0.24960218369960785,0.0,0.0,0.24960218369960785
1172,0.9376,16,0.5254095792770386,0.0,0.0,0.5254095792770386
1173,0.9384,16,0.45857685804367065,0.0,0.0,0.45857685804367065
1174,0.9392,16,0.09238849580287933,0.0,0.0,0.09238849580287933
1175,0.94,16,0.23312228918075562,0.0,0.0,0.23312228918075562
1176,0.9408,16,0.32984501123428345,0.0,0.0,0.32984501123428345
1177,0.9416,16,0.1254701316356659,0.0,0.0,0.1254701316356659
1178,0.9424,16,0.5772326588630676,0.0,0.0,0.5772326588630676
1179,0.9432,16,0.40204599499702454,0.0,0.0,0.40204599499702454
1180,0.944,16,0.08481426537036896,0.0,0.0,0.08481426537036896
1181,0.9448,16,0.19082075357437134,0.0,0.0,0.19082075357437134
1182,0.9456,16,0.2901378870010376,0.0,0.0,0.2901378870010376
1183,0.9464,16,0.08762553334236145,0.0,0.0,0.08762553334236145
1184,0.9472,16,0.14936579763889313,0.0,0.0,0.14936579763889313
1185,0.948,16,0.14278766512870789,0.0,0.0,0.14278766512870789
1186,0.9488,16,0.3979078233242035,0.0,0.0,0.3979078233242035
1187,0.9496,16,0.3708803653717041,0.0,0.0,0.3708803653717041
1188,0.9504,16,0.33846139907836914,0.0,0.0,0.33846139907836914
1189,0.9512,16,0.32896724343299866,0.0,0.0,0.32896724343299866
1190,0.952,16,0.4096038043498993,0.0,0.0,0.4096038043498993
1191,0.9528,16,0.26855239272117615,0.0,0.0,0.26855239272117615
1192,0.9536,16,0.0888533741235733,0.0,0.0,0.0888533741235733
1193,0.9544,16,0.13376419246196747,0.0,0.0,0.13376419246196747
1194,0.9552,16,0.20177990198135376,0.0,0.0,0.20177990198135376
1195,0.956,16,0.32293784618377686,0.0,0.0,0.32293784618377686
1196,0.9568,16,0.16328920423984528,0.0,0.0,0.16328920423984528
1197,0.9576,16,0.12184438109397888,0.0,0.0,0.12184438109397888
1198,0.9584,16,0.4275228679180145,0.0,0.0,0.4275228679180145
1199,0.9592,16,0.11699769645929337,0.0,0.0,0.11699769645929337
1200,0.96,16,0.062486469745635986,0.0,0.0,0.062486469745635986
1201,0.9608,16,0.37302935123443604,0.0,0.0,0.37302935123443604
1202,0.9616,16,0.3512189984321594,0.0,0.0,0.3512189984321594
1203,0.9624,16,0.15803349018096924,0.0,0.0,0.15803349018096924
1204,0.9632,16,0.18291491270065308,0.0,0.0,0.18291491270065308
1205,0.964,16,0.20031657814979553,0.0,0.0,0.20031657814979553
1206,0.9648,16,0.10416551679372787,0.0,0.0,0.10416551679372787
1207,0.9656,16,0.22004730999469757,0.0,0.0,0.22004730999469757
1208,0.9664,16,0.2530437707901001,0.0,0.0,0.2530437707901001
1209,0.9672,16,0.122052863240242,0.0,0.0,0.122052863240242
1210,0.968,16,0.8678284287452698,0.0,0.0,0.8678284287452698
1211,0.9688,16,0.4134232997894287,0.0,0.0,0.4134232997894287
1212,0.9696,16,0.20746037364006042,0.0,0.0,0.20746037364006042
1213,0.9704,16,0.09324639290571213,0.0,0.0,0.09324639290571213
1214,0.9712,16,0.038258425891399384,0.0,0.0,0.038258425891399384
1215,0.972,16,0.1995462030172348,0.0,0.0,0.1995462030172348
1216,0.9728,16,0.4832950830459595,0.0,0.0,0.4832950830459595
1217,0.9736,16,0.2506781816482544,0.0,0.0,0.2506781816482544
1218,0.9744,16,0.6214689612388611,0.0,0.0,0.6214689612388611
1219,0.9752,16,0.6772369146347046,0.0,0.0,0.6772369146347046
1220,0.976,16,0.5084238052368164,0.0,0.0,0.5084238052368164
1221,0.9768,16,0.3441384434700012,0.0,0.0,0.3441384434700012
1222,0.9776,16,0.12367790937423706,0.0,0.0,0.12367790937423706
1223,0.9784,16,0.2667299807071686,0.0,0.0,0.2667299807071686
1224,0.9792,16,0.1273655891418457,0.0,0.0,0.1273655891418457
1225,0.98,16,0.1757180094718933,0.0,0.0,0.1757180094718933
1226,0.9808,16,0.048606786876916885,0.0,0.0,0.048606786876916885
1227,0.9816,16,0.08754817396402359,0.0,0.0,0.08754817396402359
1228,0.9824,16,0.05038539692759514,0.0,0.0,0.05038539692759514
1229,0.9832,16,0.0442759208381176,0.0,0.0,0.0442759208381176
1230,0.984,16,0.39137908816337585,0.0,0.0,0.39137908816337585
1231,0.9848,16,0.1513056755065918,0.0,0.0,0.1513056755065918
1232,0.9856,16,0.34100112318992615,0.0,0.0,0.34100112318992615
1233,0.9864,16,0.5766124129295349,0.0,0.0,0.5766124129295349
1234,0.9872,16,0.40867602825164795,0.0,0.0,0.40867602825164795
1235,0.988,16,0.14848670363426208,0.0,0.0,0.14848670363426208
1236,0.9888,16,0.14344312250614166,0.0,0.0,0.14344312250614166
1237,0.9896,16,0.5443779230117798,0.0,0.0,0.5443779230117798
1238,0.9904,16,0.0764557495713234,0.0,0.0,0.0764557495713234
1239,0.9912,16,0.21812501549720764,0.0,0.0,0.21812501549720764
1240,0.992,16,0.23962168395519257,0.0,0.0,0.23962168395519257
1241,0.9928,16,0.3498497009277344,0.0,0.0,0.3498497009277344
1242,0.9936,16,0.2110588103532791,0.0,0.0,0.2110588103532791
1243,0.9944,16,0.043042585253715515,0.0,0.0,0.043042585253715515
1244,0.9952,16,0.03059736266732216,0.0,0.0,0.03059736266732216
1245,0.996,16,0.36334967613220215,0.0,0.0,0.36334967613220215
1246,0.9968,16,0.25456562638282776,0.0,0.0,0.25456562638282776
1247,0.9976,16,0.17020078003406525,0.0,0.0,0.17020078003406525
1248,0.9984,16,0.0705609917640686,0.0,0.0,0.0705609917640686
1249,0.9992,16,0.2068246603012085,0.0,0.0,0.2068246603012085
1250,1.0,16,0.17971333861351013,0.0,0.0,0.17971333861351013
1251,1.0008,16,0.2560228705406189,0.0,0.0,0.2560228705406189
1252,1.0016,16,0.27715903520584106,0.0,0.0,0.27715903520584106
1253,1.0024,16,0.2556435167789459,0.0,0.0,0.2556435167789459
1254,1.0032,16,0.05473220348358154,0.0,0.0,0.05473220348358154
1255,1.004,16,0.039741408079862595,0.0,0.0,0.039741408079862595
1256,1.0048,16,0.08143871277570724,0.0,0.0,0.08143871277570724
1257,1.0056,16,0.10025208443403244,0.0,0.0,0.10025208443403244
1258,1.0064,16,0.1129002571105957,0.0,0.0,0.1129002571105957
1259,1.0072,16,0.02437635511159897,0.0,0.0,0.02437635511159897
1260,1.008,16,0.03161431849002838,0.0,0.0,0.03161431849002838
1261,1.0088,16,0.0833616554737091,0.0,0.0,0.0833616554737091
1262,1.0096,16,0.36207589507102966,0.0,0.0,0.36207589507102966
1263,1.0104,16,0.02259949781000614,0.0,0.0,0.02259949781000614
1264,1.0112,16,0.0786701962351799,0.0,0.0,0.0786701962351799
1265,1.012,16,0.00742567703127861,0.0,0.0,0.00742567703127861
1266,1.0128,16,0.057736292481422424,0.0,0.0,0.057736292481422424
1267,1.0136,16,0.015285711735486984,0.0,0.0,0.015285711735486984
1268,1.0144,16,0.24490903317928314,0.0,0.0,0.24490903317928314
1269,1.0152,16,0.01737513765692711,0.0,0.0,0.01737513765692711
1270,1.016,16,0.03760147839784622,0.0,0.0,0.03760147839784622
1271,1.0168,16,0.3405594229698181,0.0,0.0,0.3405594229698181
1272,1.0176,16,0.30918216705322266,0.0,0.0,0.30918216705322266
1273,1.0184,16,0.0379609614610672,0.0,0.0,0.0379609614610672
1274,1.0192,16,0.12631888687610626,0.0,0.0,0.12631888687610626
1275,1.02,16,0.014680104330182076,0.0,0.0,0.014680104330182076
1276,1.0208,16,0.3239312767982483,0.0,0.0,0.3239312767982483
1277,1.0216,16,0.22433176636695862,0.0,0.0,0.22433176636695862
1278,1.0224,16,0.04808896780014038,0.0,0.0,0.04808896780014038
1279,1.0232,16,0.1627613753080368,0.0,0.0,0.1627613753080368
1280,1.024,16,0.03702011704444885,0.0,0.0,0.03702011704444885
1281,1.0248,16,0.0053899651393294334,0.0,0.0,0.0053899651393294334
1282,1.0256,16,0.2556924819946289,0.0,0.0,0.2556924819946289
1283,1.0264,16,0.014989003539085388,0.0,0.0,0.014989003539085388
1284,1.0272,16,0.004639538004994392,0.0,0.0,0.004639538004994392
1285,1.028,16,0.57563316822052,0.0,0.0,0.57563316822052
1286,1.0288,16,0.11990930140018463,0.0,0.0,0.11990930140018463
1287,1.0296,16,0.44188961386680603,0.0,0.0,0.44188961386680603
1288,1.0304,16,0.012621193192899227,0.0,0.0,0.012621193192899227
1289,1.0312,16,0.3082279562950134,0.0,0.0,0.3082279562950134
1290,1.032,16,0.5891194939613342,0.0,0.0,0.5891194939613342
1291,1.0328,16,0.11263073235750198,0.0,0.0,0.11263073235750198
1292,1.0336,16,0.009682247415184975,0.0,0.0,0.009682247415184975
1293,1.0344,16,0.01592516526579857,0.0,0.0,0.01592516526579857
1294,1.0352,16,0.019450487568974495,0.0,0.0,0.019450487568974495
1295,1.036,16,0.2534390389919281,0.0,0.0,0.2534390389919281
1296,1.0368,16,0.016485102474689484,0.0,0.0,0.016485102474689484
1297,1.0376,16,0.41547104716300964,0.0,0.0,0.41547104716300964
1298,1.0384,16,0.15524835884571075,0.0,0.0,0.15524835884571075
1299,1.0392,16,0.2573772668838501,0.0,0.0,0.2573772668838501
1300,1.04,16,0.007249217480421066,0.0,0.0,0.007249217480421066
1301,1.0408,16,0.024448364973068237,0.0,0.0,0.024448364973068237
1302,1.0416,16,0.1728944033384323,0.0,0.0,0.1728944033384323
1303,1.0424,16,0.1657077968120575,0.0,0.0,0.1657077968120575
1304,1.0432,16,0.3163532614707947,0.0,0.0,0.3163532614707947
1305,1.044,16,0.25699806213378906,0.0,0.0,0.25699806213378906
1306,1.0448,16,0.3907853662967682,0.0,0.0,0.3907853662967682
1307,1.0456,16,0.008206046186387539,0.0,0.0,0.008206046186387539
1308,1.0464,16,0.15156680345535278,0.0,0.0,0.15156680345535278
1309,1.0472,16,0.04742605239152908,0.0,0.0,0.04742605239152908
1310,1.048,16,0.09277356415987015,0.0,0.0,0.09277356415987015
1311,1.0488,16,0.3988797664642334,0.0,0.0,0.3988797664642334
1312,1.0496,16,0.004746464546769857,0.0,0.0,0.004746464546769857
1313,1.0504,16,0.021044999361038208,0.0,0.0,0.021044999361038208
1314,1.0512,16,0.20642617344856262,0.0,0.0,0.20642617344856262
1315,1.052,16,0.3372677266597748,0.0,0.0,0.3372677266597748
1316,1.0528,16,0.06696806102991104,0.0,0.0,0.06696806102991104
1317,1.0536,16,0.10578957945108414,0.0,0.0,0.10578957945108414
1318,1.0544,16,0.035608820617198944,0.0,0.0,0.035608820617198944
1319,1.0552,16,0.25483596324920654,0.0,0.0,0.25483596324920654
1320,1.056,16,0.1233113706111908,0.0,0.0,0.1233113706111908
1321,1.0568,16,0.043651171028614044,0.0,0.0,0.043651171028614044
1322,1.0576,16,0.18805530667304993,0.0,0.0,0.18805530667304993
1323,1.0584,16,0.19730058312416077,0.0,0.0,0.19730058312416077
1324,1.0592,16,0.012076383456587791,0.0,0.0,0.012076383456587791
1325,1.06,16,0.21199610829353333,0.0,0.0,0.21199610829353333
1326,1.0608,16,0.40837207436561584,0.0,0.0,0.40837207436561584
1327,1.0616,16,0.010293969884514809,0.0,0.0,0.010293969884514809
1328,1.0624,16,0.26595935225486755,0.0,0.0,0.26595935225486755
1329,1.0632,16,0.14289987087249756,0.0,0.0,0.14289987087249756
1330,1.064,16,0.055961497128009796,0.0,0.0,0.055961497128009796
1331,1.0648,16,0.06557934731245041,0.0,0.0,0.06557934731245041
1332,1.0656,16,0.8350481986999512,0.0,0.0,0.8350481986999512
1333,1.0664,16,0.05640305578708649,0.0,0.0,0.05640305578708649
1334,1.0672,16,0.17156797647476196,0.0,0.0,0.17156797647476196
1335,1.068,16,0.16832731664180756,0.0,0.0,0.16832731664180756
1336,1.0688,16,0.3178820013999939,0.0,0.0,0.3178820013999939
1337,1.0695999999999999,16,0.19621194899082184,0.0,0.0,0.19621194899082184
1338,1.0704,16,0.5692894458770752,0.0,0.0,0.5692894458770752
1339,1.0712,16,0.5707720518112183,0.0,0.0,0.5707720518112183
1340,1.072,16,0.03183919936418533,0.0,0.0,0.03183919936418533
1341,1.0728,16,0.05258612707257271,0.0,0.0,0.05258612707257271
1342,1.0735999999999999,16,0.07191555202007294,0.0,0.0,0.07191555202007294
1343,1.0744,16,0.6218729019165039,0.0,0.0,0.6218729019165039
1344,1.0752,16,0.012020444497466087,0.0,0.0,0.012020444497466087
1345,1.076,16,0.3182184398174286,0.0,0.0,0.3182184398174286
1346,1.0768,16,0.1911001056432724,0.0,0.0,0.1911001056432724
1347,1.0776,16,0.08635608106851578,0.0,0.0,0.08635608106851578
1348,1.0784,16,0.35037195682525635,0.0,0.0,0.35037195682525635
1349,1.0792,16,0.32993876934051514,0.0,0.0,0.32993876934051514
1350,1.08,16,0.04170984402298927,0.0,0.0,0.04170984402298927
1351,1.0808,16,0.24752672016620636,0.0,0.0,0.24752672016620636
1352,1.0816,16,0.022806385532021523,0.0,0.0,0.022806385532021523
1353,1.0824,16,0.053194694221019745,0.0,0.0,0.053194694221019745
1354,1.0832,16,0.046630650758743286,0.0,0.0,0.046630650758743286
1355,1.084,16,0.21770237386226654,0.0,0.0,0.21770237386226654
1356,1.0848,16,0.12639465928077698,0.0,0.0,0.12639465928077698
1357,1.0856,16,0.0779154971241951,0.0,0.0,0.0779154971241951
1358,1.0864,16,0.03950880840420723,0.0,0.0,0.03950880840420723
1359,1.0872,16,0.04636332392692566,0.0,0.0,0.04636332392692566
1360,1.088,16,0.03955599293112755,0.0,0.0,0.03955599293112755
1361,1.0888,16,0.10026971250772476,0.0,0.0,0.10026971250772476
1362,1.0896,16,0.008299357257783413,0.0,0.0,0.008299357257783413
1363,1.0904,16,0.04466896131634712,0.0,0.0,0.04466896131634712
1364,1.0912,16,0.40991607308387756,0.0,0.0,0.40991607308387756
1365,1.092,16,0.34602224826812744,0.0,0.0,0.34602224826812744
1366,1.0928,16,0.022849546745419502,0.0,0.0,0.022849546745419502
1367,1.0936,16,0.07886311411857605,0.0,0.0,0.07886311411857605
1368,1.0944,16,0.1378069519996643,0.0,0.0,0.1378069519996643
1369,1.0952,16,0.10474664717912674,0.0,0.0,0.10474664717912674
1370,1.096,16,0.28301337361335754,0.0,0.0,0.28301337361335754
1371,1.0968,16,0.15056903660297394,0.0,0.0,0.15056903660297394
1372,1.0976,16,0.01576712168753147,0.0,0.0,0.01576712168753147
1373,1.0984,16,0.06107521429657936,0.0,0.0,0.06107521429657936
1374,1.0992,16,0.012704957276582718,0.0,0.0,0.012704957276582718
1375,1.1,16,0.14236566424369812,0.0,0.0,0.14236566424369812
1376,1.1008,16,0.028188806027173996,0.0,0.0,0.028188806027173996
1377,1.1016,16,0.00511794351041317,0.0,0.0,0.00511794351041317
1378,1.1024,16,0.5320104360580444,0.0,0.0,0.5320104360580444
1379,1.1032,16,0.004365951754152775,0.0,0.0,0.004365951754152775
1380,1.104,16,0.15725171566009521,0.0,0.0,0.15725171566009521
1381,1.1048,16,0.2817124128341675,0.0,0.0,0.2817124128341675
1382,1.1056,16,0.004543243441730738,0.0,0.0,0.004543243441730738
1383,1.1064,16,0.6488869786262512,0.0,0.0,0.6488869786262512
1384,1.1072,16,0.07044816017150879,0.0,0.0,0.07044816017150879
1385,1.108,16,0.40268051624298096,0.0,0.0,0.40268051624298096
1386,1.1088,16,0.28829309344291687,0.0,0.0,0.28829309344291687
1387,1.1096,16,0.008133920840919018,0.0,0.0,0.008133920840919018
1388,1.1104,16,0.16712674498558044,0.0,0.0,0.16712674498558044
1389,1.1112,16,0.004241411108523607,0.0,0.0,0.004241411108523607
1390,1.112,16,0.08519407361745834,0.0,0.0,0.08519407361745834
1391,1.1128,16,0.20610956847667694,0.0,0.0,0.20610956847667694
1392,1.1136,16,0.3183020353317261,0.0,0.0,0.3183020353317261
1393,1.1144,16,0.06724721193313599,0.0,0.0,0.06724721193313599
1394,1.1152,16,0.0056727584451437,0.0,0.0,0.0056727584451437
1395,1.116,16,0.008496065624058247,0.0,0.0,0.008496065624058247
1396,1.1168,16,0.04611334577202797,0.0,0.0,0.04611334577202797
1397,1.1176,16,0.12445790320634842,0.0,0.0,0.12445790320634842
1398,1.1184,16,0.03161168098449707,0.0,0.0,0.03161168098449707
1399,1.1192,16,0.2020251750946045,0.0,0.0,0.2020251750946045
1400,1.12,16,0.2789047360420227,0.0,0.0,0.2789047360420227
1401,1.1208,16,0.678930401802063,0.0,0.0,0.678930401802063
1402,1.1216,16,0.39042434096336365,0.0,0.0,0.39042434096336365
1403,1.1224,16,0.0788145661354065,0.0,0.0,0.0788145661354065
1404,1.1232,16,0.23262469470500946,0.0,0.0,0.23262469470500946
1405,1.124,16,0.03577194735407829,0.0,0.0,0.03577194735407829
1406,1.1248,16,0.017110217362642288,0.0,0.0,0.017110217362642288
1407,1.1256,16,0.006946574430912733,0.0,0.0,0.006946574430912733
1408,1.1264,16,0.1515488624572754,0.0,0.0,0.1515488624572754
1409,1.1272,16,0.3859032094478607,0.0,0.0,0.3859032094478607
1410,1.1280000000000001,16,0.46420079469680786,0.0,0.0,0.46420079469680786
1411,1.1288,16,0.014361035078763962,0.0,0.0,0.014361035078763962
1412,1.1296,16,0.03534986823797226,0.0,0.0,0.03534986823797226
1413,1.1304,16,0.11409451812505722,0.0,0.0,0.11409451812505722
1414,1.1312,16,0.02392617054283619,0.0,0.0,0.02392617054283619
1415,1.1320000000000001,16,0.04524397850036621,0.0,0.0,0.04524397850036621
1416,1.1328,16,0.01712176948785782,0.0,0.0,0.01712176948785782
1417,1.1336,16,0.004915341734886169,0.0,0.0,0.004915341734886169
1418,1.1344,16,0.1788499802350998,0.0,0.0,0.1788499802350998
1419,1.1352,16,0.01263011060655117,0.0,0.0,0.01263011060655117
1420,1.1360000000000001,16,0.14235350489616394,0.0,0.0,0.14235350489616394
1421,1.1368,16,0.347038209438324,0.0,0.0,0.347038209438324
1422,1.1376,16,0.07062416523694992,0.0,0.0,0.07062416523694992
1423,1.1384,16,0.5152473449707031,0.0,0.0,0.5152473449707031
1424,1.1392,16,0.07371591776609421,0.0,0.0,0.07371591776609421
1425,1.1400000000000001,16,0.13152217864990234,0.0,0.0,0.13152217864990234
1426,1.1408,16,0.29922962188720703,0.0,0.0,0.29922962188720703
1427,1.1416,16,1.1770546436309814,0.0,0.0,1.1770546436309814
1428,1.1424,16,0.3115369379520416,0.0,0.0,0.3115369379520416
1429,1.1432,16,0.16305315494537354,0.0,0.0,0.16305315494537354
1430,1.144,16,0.2740088105201721,0.0,0.0,0.2740088105201721
1431,1.1448,16,0.18518827855587006,0.0,0.0,0.18518827855587006
1432,1.1456,16,0.09047887474298477,0.0,0.0,0.09047887474298477
1433,1.1464,16,0.18895910680294037,0.0,0.0,0.18895910680294037
1434,1.1472,16,0.014305447228252888,0.0,0.0,0.014305447228252888
1435,1.148,16,0.1741698682308197,0.0,0.0,0.1741698682308197
1436,1.1488,16,0.014789552427828312,0.0,0.0,0.014789552427828312
1437,1.1496,16,0.08747740089893341,0.0,0.0,0.08747740089893341
1438,1.1504,16,0.059405550360679626,0.0,0.0,0.059405550360679626
1439,1.1512,16,0.13036608695983887,0.0,0.0,0.13036608695983887
1440,1.152,16,0.13365255296230316,0.0,0.0,0.13365255296230316
1441,1.1528,16,0.10006001591682434,0.0,0.0,0.10006001591682434
1442,1.1536,16,0.04129213094711304,0.0,0.0,0.04129213094711304
1443,1.1544,16,0.22093556821346283,0.0,0.0,0.22093556821346283
1444,1.1552,16,0.26416096091270447,0.0,0.0,0.26416096091270447
1445,1.156,16,0.11935874074697495,0.0,0.0,0.11935874074697495
1446,1.1568,16,0.3455316424369812,0.0,0.0,0.3455316424369812
1447,1.1576,16,0.18414457142353058,0.0,0.0,0.18414457142353058
1448,1.1584,16,0.3400883376598358,0.0,0.0,0.3400883376598358
1449,1.1592,16,0.030749157071113586,0.0,0.0,0.030749157071113586
1450,1.16,16,0.12299332767724991,0.0,0.0,0.12299332767724991
1451,1.1608,16,0.07886093109846115,0.0,0.0,0.07886093109846115
1452,1.1616,16,0.07489406317472458,0.0,0.0,0.07489406317472458
1453,1.1623999999999999,16,0.07017558813095093,0.0,0.0,0.07017558813095093
1454,1.1632,16,0.24605664610862732,0.0,0.0,0.24605664610862732
1455,1.164,16,0.14330211281776428,0.0,0.0,0.14330211281776428
1456,1.1648,16,0.02505575679242611,0.0,0.0,0.02505575679242611
1457,1.1656,16,0.21118202805519104,0.0,0.0,0.21118202805519104
1458,1.1663999999999999,16,0.2056698054075241,0.0,0.0,0.2056698054075241
1459,1.1672,16,0.2704814672470093,0.0,0.0,0.2704814672470093
1460,1.168,16,0.344992995262146,0.0,0.0,0.344992995262146
1461,1.1688,16,0.03895261883735657,0.0,0.0,0.03895261883735657
1462,1.1696,16,0.041776157915592194,0.0,0.0,0.041776157915592194
1463,1.1703999999999999,16,0.011470314115285873,0.0,0.0,0.011470314115285873
1464,1.1712,16,0.01913483627140522,0.0,0.0,0.01913483627140522
1465,1.172,16,0.015773480758070946,0.0,0.0,0.015773480758070946
1466,1.1728,16,0.19922903180122375,0.0,0.0,0.19922903180122375
1467,1.1736,16,0.033505816012620926,0.0,0.0,0.033505816012620926
1468,1.1743999999999999,16,0.057332299649715424,0.0,0.0,0.057332299649715424
1469,1.1752,16,0.23529711365699768,0.0,0.0,0.23529711365699768
1470,1.176,16,0.07384700328111649,0.0,0.0,0.07384700328111649
1471,1.1768,16,0.31124281883239746,0.0,0.0,0.31124281883239746
1472,1.1776,16,0.006116523407399654,0.0,0.0,0.006116523407399654
1473,1.1784,16,0.09273561835289001,0.0,0.0,0.09273561835289001
1474,1.1792,16,0.07150930911302567,0.0,0.0,0.07150930911302567
1475,1.18,16,0.11324439197778702,0.0,0.0,0.11324439197778702
1476,1.1808,16,0.014455992728471756,0.0,0.0,0.014455992728471756
1477,1.1816,16,0.134110227227211,0.0,0.0,0.134110227227211
1478,1.1824,16,0.7287048697471619,0.0,0.0,0.7287048697471619
1479,1.1832,16,0.1958649605512619,0.0,0.0,0.1958649605512619
1480,1.184,16,0.1827307641506195,0.0,0.0,0.1827307641506195
1481,1.1848,16,0.00442461995407939,0.0,0.0,0.00442461995407939
1482,1.1856,16,0.16418109834194183,0.0,0.0,0.16418109834194183
1483,1.1864,16,0.011424742639064789,0.0,0.0,0.011424742639064789
1484,1.1872,16,0.022415388375520706,0.0,0.0,0.022415388375520706
1485,1.188,16,0.02386663295328617,0.0,0.0,0.02386663295328617
1486,1.1888,16,0.1369132399559021,0.0,0.0,0.1369132399559021
1487,1.1896,16,0.009763886220753193,0.0,0.0,0.009763886220753193
1488,1.1904,16,0.40000277757644653,0.0,0.0,0.40000277757644653
1489,1.1912,16,0.6956366300582886,0.0,0.0,0.6956366300582886
1490,1.192,16,0.01523416768759489,0.0,0.0,0.01523416768759489
1491,1.1928,16,0.131261944770813,0.0,0.0,0.131261944770813
1492,1.1936,16,0.008375663310289383,0.0,0.0,0.008375663310289383
1493,1.1944,16,0.18766456842422485,0.0,0.0,0.18766456842422485
1494,1.1952,16,0.012838305905461311,0.0,0.0,0.012838305905461311
1495,1.196,16,0.19452035427093506,0.0,0.0,0.19452035427093506
1496,1.1968,16,0.023913133889436722,0.0,0.0,0.023913133889436722
1497,1.1976,16,0.03489713370800018,0.0,0.0,0.03489713370800018
1498,1.1984,16,0.055562205612659454,0.0,0.0,0.055562205612659454
1499,1.1992,16,0.026212552562355995,0.0,0.0,0.026212552562355995
1500,1.2,16,0.36433637142181396,0.0,0.0,0.36433637142181396
1501,1.2008,16,0.0411730632185936,0.0,0.0,0.0411730632185936
1502,1.2016,16,0.01854110136628151,0.0,0.0,0.01854110136628151
1503,1.2024,16,0.004064887762069702,0.0,0.0,0.004064887762069702
1504,1.2032,16,0.051233094185590744,0.0,0.0,0.051233094185590744
1505,1.204,16,0.20594283938407898,0.0,0.0,0.20594283938407898
1506,1.2048,16,0.427049458026886,0.0,0.0,0.427049458026886
1507,1.2056,16,0.3786514103412628,0.0,0.0,0.3786514103412628
1508,1.2064,16,0.04463569447398186,0.0,0.0,0.04463569447398186
1509,1.2072,16,0.006795716471970081,0.0,0.0,0.006795716471970081
1510,1.208,16,0.5829975008964539,0.0,0.0,0.5829975008964539
1511,1.2088,16,0.4102866053581238,0.0,0.0,0.4102866053581238
1512,1.2096,16,0.004182399250566959,0.0,0.0,0.004182399250566959
1513,1.2104,16,0.0048988997004926205,0.0,0.0,0.0048988997004926205
1514,1.2112,16,0.006231172941625118,0.0,0.0,0.006231172941625118
1515,1.212,16,0.02252308465540409,0.0,0.0,0.02252308465540409
1516,1.2128,16,0.17541928589344025,0.0,0.0,0.17541928589344025
1517,1.2136,16,0.47310006618499756,0.0,0.0,0.47310006618499756
1518,1.2144,16,0.32751038670539856,0.0,0.0,0.32751038670539856
1519,1.2152,16,0.08921211212873459,0.0,0.0,0.08921211212873459
1520,1.216,16,0.39013922214508057,0.0,0.0,0.39013922214508057
1521,1.2168,16,0.4777314066886902,0.0,0.0,0.4777314066886902
1522,1.2176,16,0.016558483242988586,0.0,0.0,0.016558483242988586
1523,1.2184,16,0.7676165103912354,0.0,0.0,0.7676165103912354
1524,1.2192,16,0.20324291288852692,0.0,0.0,0.20324291288852692
1525,1.22,16,0.22118037939071655,0.0,0.0,0.22118037939071655
1526,1.2208,16,0.31657707691192627,0.0,0.0,0.31657707691192627
1527,1.2216,16,0.23833446204662323,0.0,0.0,0.23833446204662323
1528,1.2224,16,0.13379080593585968,0.0,0.0,0.13379080593585968
1529,1.2232,16,0.5480184555053711,0.0,0.0,0.5480184555053711
1530,1.224,16,0.08659002929925919,0.0,0.0,0.08659002929925919
1531,1.2248,16,0.041368111968040466,0.0,0.0,0.041368111968040466
1532,1.2256,16,0.4190289080142975,0.0,0.0,0.4190289080142975
1533,1.2264,16,0.16274765133857727,0.0,0.0,0.16274765133857727
1534,1.2272,16,0.09073089808225632,0.0,0.0,0.09073089808225632
1535,1.228,16,0.28437507152557373,0.0,0.0,0.28437507152557373
1536,1.2288000000000001,16,0.1405578851699829,0.0,0.0,0.1405578851699829
1537,1.2296,16,0.16654019057750702,0.0,0.0,0.16654019057750702
1538,1.2304,16,0.14671042561531067,0.0,0.0,0.14671042561531067
1539,1.2312,16,0.09761163592338562,0.0,0.0,0.09761163592338562
1540,1.232,16,0.018136141821742058,0.0,0.0,0.018136141821742058
1541,1.2328000000000001,16,0.25468209385871887,0.0,0.0,0.25468209385871887
1542,1.2336,16,0.01538063120096922,0.0,0.0,0.01538063120096922
1543,1.2344,16,0.3186768889427185,0.0,0.0,0.3186768889427185
1544,1.2352,16,0.2289104014635086,0.0,0.0,0.2289104014635086
1545,1.236,16,0.6093665957450867,0.0,0.0,0.6093665957450867
1546,1.2368000000000001,16,0.15089166164398193,0.0,0.0,0.15089166164398193
1547,1.2376,16,0.255660742521286,0.0,0.0,0.255660742521286
1548,1.2384,16,0.042522281408309937,0.0,0.0,0.042522281408309937
1549,1.2392,16,0.1933012753725052,0.0,0.0,0.1933012753725052
1550,1.24,16,0.5408395528793335,0.0,0.0,0.5408395528793335
1551,1.2408,16,0.07552763819694519,0.0,0.0,0.07552763819694519
1552,1.2416,16,0.03953683376312256,0.0,0.0,0.03953683376312256
1553,1.2424,16,0.04282622039318085,0.0,0.0,0.04282622039318085
1554,1.2432,16,0.023511799052357674,0.0,0.0,0.023511799052357674
1555,1.244,16,0.16564017534255981,0.0,0.0,0.16564017534255981
1556,1.2448,16,0.2551113963127136,0.0,0.0,0.2551113963127136
1557,1.2456,16,0.30919182300567627,0.0,0.0,0.30919182300567627
1558,1.2464,16,0.03926541283726692,0.0,0.0,0.03926541283726692
1559,1.2472,16,0.019551314413547516,0.0,0.0,0.019551314413547516
1560,1.248,16,0.034058090299367905,0.0,0.0,0.034058090299367905
1561,1.2488,16,0.06365463137626648,0.0,0.0,0.06365463137626648
1562,1.2496,16,0.05128995701670647,0.0,0.0,0.05128995701670647
1563,1.2504,16,0.2658136487007141,0.0,0.0,0.2658136487007141
1564,1.2511999999999999,16,0.34774285554885864,0.0,0.0,0.34774285554885864
1565,1.252,16,0.3453215956687927,0.0,0.0,0.3453215956687927
1566,1.2528000000000001,16,0.26638972759246826,0.0,0.0,0.26638972759246826
1567,1.2536,16,0.03329094499349594,0.0,0.0,0.03329094499349594
1568,1.2544,16,0.051802858710289,0.0,0.0,0.051802858710289
1569,1.2551999999999999,16,0.029383566230535507,0.0,0.0,0.029383566230535507
1570,1.256,16,0.01302278507500887,0.0,0.0,0.01302278507500887
1571,1.2568,16,0.03783269599080086,0.0,0.0,0.03783269599080086
1572,1.2576,16,0.1894398331642151,0.0,0.0,0.1894398331642151
1573,1.2584,16,0.12380488216876984,0.0,0.0,0.12380488216876984
1574,1.2591999999999999,16,0.2704944312572479,0.0,0.0,0.2704944312572479
1575,1.26,16,0.11592234671115875,0.0,0.0,0.11592234671115875
1576,1.2608,16,0.19220319390296936,0.0,0.0,0.19220319390296936
1577,1.2616,16,0.16135740280151367,0.0,0.0,0.16135740280151367
1578,1.2624,16,0.223622128367424,0.0,0.0,0.223622128367424
1579,1.2631999999999999,16,0.30518388748168945,0.0,0.0,0.30518388748168945
1580,1.264,16,0.40493959188461304,0.0,0.0,0.40493959188461304
1581,1.2648,16,0.39553654193878174,0.0,0.0,0.39553654193878174
1582,1.2656,16,0.008004037663340569,0.0,0.0,0.008004037663340569
1583,1.2664,16,0.011274036020040512,0.0,0.0,0.011274036020040512
1584,1.2671999999999999,16,0.03256901726126671,0.0,0.0,0.03256901726126671
1585,1.268,16,0.018544191494584084,0.0,0.0,0.018544191494584084
1586,1.2688,16,0.12942913174629211,0.0,0.0,0.12942913174629211
1587,1.2696,16,0.4717976748943329,0.0,0.0,0.4717976748943329
1588,1.2704,16,0.05985330045223236,0.0,0.0,0.05985330045223236
1589,1.2711999999999999,16,0.6362268924713135,0.0,0.0,0.6362268924713135
1590,1.272,16,0.12556369602680206,0.0,0.0,0.12556369602680206
1591,1.2728,16,0.0071312906220555305,0.0,0.0,0.0071312906220555305
1592,1.2736,16,0.05682959407567978,0.0,0.0,0.05682959407567978
1593,1.2744,16,0.006346050649881363,0.0,0.0,0.006346050649881363
1594,1.2752,16,0.13680988550186157,0.0,0.0,0.13680988550186157
1595,1.276,16,0.22748368978500366,0.0,0.0,0.22748368978500366
1596,1.2768,16,0.012321596965193748,0.0,0.0,0.012321596965193748
1597,1.2776,16,0.05769656226038933,0.0,0.0,0.05769656226038933
1598,1.2784,16,0.014436466619372368,0.0,0.0,0.014436466619372368
1599,1.2792,16,0.14274761080741882,0.0,0.0,0.14274761080741882
1600,1.28,16,0.07434583455324173,0.0,0.0,0.07434583455324173
1601,1.2808,16,0.006651824340224266,0.0,0.0,0.006651824340224266
1602,1.2816,16,0.2958611249923706,0.0,0.0,0.2958611249923706
1603,1.2824,16,0.3515939712524414,0.0,0.0,0.3515939712524414
1604,1.2832,16,0.9489194750785828,0.0,0.0,0.9489194750785828
1605,1.284,16,0.04026667773723602,0.0,0.0,0.04026667773723602
1606,1.2848,16,0.01350343693047762,0.0,0.0,0.01350343693047762
1607,1.2856,16,0.007442411966621876,0.0,0.0,0.007442411966621876
1608,1.2864,16,0.1775243580341339,0.0,0.0,0.1775243580341339
1609,1.2872,16,0.4949325919151306,0.0,0.0,0.4949325919151306
1610,1.288,16,0.2273964285850525,0.0,0.0,0.2273964285850525
1611,1.2888,16,0.2228294014930725,0.0,0.0,0.2228294014930725
1612,1.2896,16,0.3108673393726349,0.0,0.0,0.3108673393726349
1613,1.2904,16,0.005428348667919636,0.0,0.0,0.005428348667919636
1614,1.2912,16,0.012357398867607117,0.0,0.0,0.012357398867607117
1615,1.292,16,0.34777122735977173,0.0,0.0,0.34777122735977173
1616,1.2928,16,0.015622470527887344,0.0,0.0,0.015622470527887344
1617,1.2936,16,0.06187419965863228,0.0,0.0,0.06187419965863228
1618,1.2944,16,0.13623514771461487,0.0,0.0,0.13623514771461487
1619,1.2952,16,0.004532803315669298,0.0,0.0,0.004532803315669298
1620,1.296,16,0.18701177835464478,0.0,0.0,0.18701177835464478
1621,1.2968,16,0.43899300694465637,0.0,0.0,0.43899300694465637
1622,1.2976,16,0.17423070967197418,0.0,0.0,0.17423070967197418
1623,1.2984,16,0.07779713720083237,0.0,0.0,0.07779713720083237
1624,1.2992,16,0.05507148057222366,0.0,0.0,0.05507148057222366
1625,1.3,16,0.05987131595611572,0.0,0.0,0.05987131595611572
1626,1.3008,16,0.39439597725868225,0.0,0.0,0.39439597725868225
1627,1.3016,16,0.019257960841059685,0.0,0.0,0.019257960841059685
1628,1.3024,16,0.3017204701900482,0.0,0.0,0.3017204701900482
1629,1.3032,16,0.026623599231243134,0.0,0.0,0.026623599231243134
1630,1.304,16,0.0551445335149765,0.0,0.0,0.0551445335149765
1631,1.3048,16,0.008617423474788666,0.0,0.0,0.008617423474788666
1632,1.3056,16,0.016036059707403183,0.0,0.0,0.016036059707403183
1633,1.3064,16,0.6197291016578674,0.0,0.0,0.6197291016578674
1634,1.3072,16,0.009449075907468796,0.0,0.0,0.009449075907468796
1635,1.308,16,0.13671468198299408,0.0,0.0,0.13671468198299408
1636,1.3088,16,0.10225723683834076,0.0,0.0,0.10225723683834076
1637,1.3096,16,0.2221677601337433,0.0,0.0,0.2221677601337433
1638,1.3104,16,0.008100386708974838,0.0,0.0,0.008100386708974838
1639,1.3112,16,0.013708521611988544,0.0,0.0,0.013708521611988544
1640,1.312,16,0.0664055198431015,0.0,0.0,0.0664055198431015
1641,1.3128,16,0.007616470567882061,0.0,0.0,0.007616470567882061
1642,1.3136,16,0.47079452872276306,0.0,0.0,0.47079452872276306
1643,1.3144,16,0.30655765533447266,0.0,0.0,0.30655765533447266
1644,1.3152,16,0.01923999935388565,0.0,0.0,0.01923999935388565
1645,1.316,16,0.017330598086118698,0.0,0.0,0.017330598086118698
1646,1.3168,16,0.055142998695373535,0.0,0.0,0.055142998695373535
1647,1.3176,16,0.1657361537218094,0.0,0.0,0.1657361537218094
1648,1.3184,16,0.03899635374546051,0.0,0.0,0.03899635374546051
1649,1.3192,16,0.2851610481739044,0.0,0.0,0.2851610481739044
1650,1.32,16,0.2534244656562805,0.0,0.0,0.2534244656562805
1651,1.3208,16,0.004888644441962242,0.0,0.0,0.004888644441962242
1652,1.3216,16,0.8924114108085632,0.0,0.0,0.8924114108085632
1653,1.3224,16,0.23551207780838013,0.0,0.0,0.23551207780838013
1654,1.3232,16,0.25230100750923157,0.0,0.0,0.25230100750923157
1655,1.324,16,0.35067063570022583,0.0,0.0,0.35067063570022583
1656,1.3248,16,0.01005043275654316,0.0,0.0,0.01005043275654316
1657,1.3256000000000001,16,0.3007885217666626,0.0,0.0,0.3007885217666626
1658,1.3264,16,0.14509864151477814,0.0,0.0,0.14509864151477814
1659,1.3272,16,0.379568874835968,0.0,0.0,0.379568874835968
1660,1.328,16,0.36163806915283203,0.0,0.0,0.36163806915283203
1661,1.3288,16,0.15507137775421143,0.0,0.0,0.15507137775421143
1662,1.3296000000000001,16,0.12237590551376343,0.0,0.0,0.12237590551376343
1663,1.3304,16,0.4147655963897705,0.0,0.0,0.4147655963897705
1664,1.3312,16,0.022351954132318497,0.0,0.0,0.022351954132318497
1665,1.332,16,0.17010916769504547,0.0,0.0,0.17010916769504547
1666,1.3328,16,0.07104694843292236,0.0,0.0,0.07104694843292236
1667,1.3336000000000001,16,0.022646982222795486,0.0,0.0,0.022646982222795486
1668,1.3344,16,0.24660548567771912,0.0,0.0,0.24660548567771912
1669,1.3352,16,0.014556397683918476,0.0,0.0,0.014556397683918476
1670,1.336,16,0.028581902384757996,0.0,0.0,0.028581902384757996
1671,1.3368,16,0.3598029911518097,0.0,0.0,0.3598029911518097
1672,1.3376000000000001,16,0.045031726360321045,0.0,0.0,0.045031726360321045
1673,1.3384,16,0.06063130497932434,0.0,0.0,0.06063130497932434
1674,1.3392,16,0.18230240046977997,0.0,0.0,0.18230240046977997
1675,1.34,16,0.04802750423550606,0.0,0.0,0.04802750423550606
1676,1.3408,16,0.09282155334949493,0.0,0.0,0.09282155334949493
1677,1.3416000000000001,16,0.011088701896369457,0.0,0.0,0.011088701896369457
1678,1.3424,16,0.2400164157152176,0.0,0.0,0.2400164157152176
1679,1.3432,16,0.37924426794052124,0.0,0.0,0.37924426794052124
1680,1.3439999999999999,16,0.18078026175498962,0.0,0.0,0.18078026175498962
1681,1.3448,16,0.3501659035682678,0.0,0.0,0.3501659035682678
1682,1.3456000000000001,16,0.07425298541784286,0.0,0.0,0.07425298541784286
1683,1.3464,16,0.08246908336877823,0.0,0.0,0.08246908336877823
1684,1.3472,16,0.3108251094818115,0.0,0.0,0.3108251094818115
1685,1.3479999999999999,16,0.49600011110305786,0.0,0.0,0.49600011110305786
1686,1.3488,16,0.2953757047653198,0.0,0.0,0.2953757047653198
1687,1.3496000000000001,16,0.35415709018707275,0.0,0.0,0.35415709018707275
1688,1.3504,16,0.1339522749185562,0.0,0.0,0.1339522749185562
1689,1.3512,16,0.1123783141374588,0.0,0.0,0.1123783141374588
1690,1.3519999999999999,16,0.04184657335281372,0.0,0.0,0.04184657335281372
1691,1.3528,16,0.06778667122125626,0.0,0.0,0.06778667122125626
1692,1.3536000000000001,16,0.048128724098205566,0.0,0.0,0.048128724098205566
1693,1.3544,16,0.04696013778448105,0.0,0.0,0.04696013778448105
1694,1.3552,16,0.17529243230819702,0.0,0.0,0.17529243230819702
1695,1.3559999999999999,16,0.14688566327095032,0.0,0.0,0.14688566327095032
1696,1.3568,16,0.1769700050354004,0.0,0.0,0.1769700050354004
1697,1.3576,16,0.13939020037651062,0.0,0.0,0.13939020037651062
1698,1.3584,16,0.19996300339698792,0.0,0.0,0.19996300339698792
1699,1.3592,16,0.1917995661497116,0.0,0.0,0.1917995661497116
1700,1.3599999999999999,16,0.5593363642692566,0.0,0.0,0.5593363642692566
1701,1.3608,16,0.07623742520809174,0.0,0.0,0.07623742520809174
1702,1.3616,16,0.05851015821099281,0.0,0.0,0.05851015821099281
1703,1.3624,16,0.06577902287244797,0.0,0.0,0.06577902287244797
1704,1.3632,16,0.13457328081130981,0.0,0.0,0.13457328081130981
1705,1.3639999999999999,16,0.08579206466674805,0.0,0.0,0.08579206466674805
1706,1.3648,16,0.10728803277015686,0.0,0.0,0.10728803277015686
1707,1.3656,16,0.3296659588813782,0.0,0.0,0.3296659588813782
1708,1.3664,16,0.03396206349134445,0.0,0.0,0.03396206349134445
1709,1.3672,16,0.031158803030848503,0.0,0.0,0.031158803030848503
1710,1.3679999999999999,16,0.1524200737476349,0.0,0.0,0.1524200737476349
1711,1.3688,16,0.4436608552932739,0.0,0.0,0.4436608552932739
1712,1.3696,16,0.10596318542957306,0.0,0.0,0.10596318542957306
1713,1.3704,16,0.052019938826560974,0.0,0.0,0.052019938826560974
1714,1.3712,16,0.0963626280426979,0.0,0.0,0.0963626280426979
1715,1.3719999999999999,16,0.0596940778195858,0.0,0.0,0.0596940778195858
1716,1.3728,16,0.15083098411560059,0.0,0.0,0.15083098411560059
1717,1.3736,16,0.16290053725242615,0.0,0.0,0.16290053725242615
1718,1.3744,16,0.11684763431549072,0.0,0.0,0.11684763431549072
1719,1.3752,16,0.04795229434967041,0.0,0.0,0.04795229434967041
1720,1.376,16,0.11811147630214691,0.0,0.0,0.11811147630214691
1721,1.3768,16,0.32150930166244507,0.0,0.0,0.32150930166244507
1722,1.3776,16,0.1753452718257904,0.0,0.0,0.1753452718257904
1723,1.3784,16,0.3061020076274872,0.0,0.0,0.3061020076274872
1724,1.3792,16,0.05452989041805267,0.0,0.0,0.05452989041805267
1725,1.38,16,0.11308132112026215,0.0,0.0,0.11308132112026215
1726,1.3808,16,0.036042194813489914,0.0,0.0,0.036042194813489914
1727,1.3816,16,0.047513969242572784,0.0,0.0,0.047513969242572784
1728,1.3824,16,0.01911591738462448,0.0,0.0,0.01911591738462448
1729,1.3832,16,0.014159624464809895,0.0,0.0,0.014159624464809895
1730,1.384,16,0.013432182371616364,0.0,0.0,0.013432182371616364
1731,1.3848,16,0.2531433403491974,0.0,0.0,0.2531433403491974
1732,1.3856,16,0.0264764241874218,0.0,0.0,0.0264764241874218
1733,1.3864,16,0.5196865797042847,0.0,0.0,0.5196865797042847
1734,1.3872,16,0.006393491290509701,0.0,0.0,0.006393491290509701
1735,1.388,16,0.08630546182394028,0.0,0.0,0.08630546182394028
1736,1.3888,16,0.13245375454425812,0.0,0.0,0.13245375454425812
1737,1.3896,16,0.3952011168003082,0.0,0.0,0.3952011168003082
1738,1.3904,16,0.010297447443008423,0.0,0.0,0.010297447443008423
1739,1.3912,16,0.2494497299194336,0.0,0.0,0.2494497299194336
1740,1.392,16,0.5794186592102051,0.0,0.0,0.5794186592102051
1741,1.3928,16,0.2616066038608551,0.0,0.0,0.2616066038608551
1742,1.3936,16,0.007562099955976009,0.0,0.0,0.007562099955976009
1743,1.3944,16,0.16957242786884308,0.0,0.0,0.16957242786884308
1744,1.3952,16,0.009361484088003635,0.0,0.0,0.009361484088003635
1745,1.396,16,0.4715341329574585,0.0,0.0,0.4715341329574585
1746,1.3968,16,0.5229475498199463,0.0,0.0,0.5229475498199463
1747,1.3976,16,0.04844967648386955,0.0,0.0,0.04844967648386955
1748,1.3984,16,0.03852550685405731,0.0,0.0,0.03852550685405731
1749,1.3992,16,0.33899903297424316,0.0,0.0,0.33899903297424316
1750,1.4,16,0.43741562962532043,0.0,0.0,0.43741562962532043
1751,1.4008,16,0.2572224736213684,0.0,0.0,0.2572224736213684
1752,1.4016,16,0.19800283014774323,0.0,0.0,0.19800283014774323
1753,1.4024,16,0.38504308462142944,0.0,0.0,0.38504308462142944
1754,1.4032,16,0.16553106904029846,0.0,0.0,0.16553106904029846
1755,1.404,16,0.014635803177952766,0.0,0.0,0.014635803177952766
1756,1.4048,16,0.1929847151041031,0.0,0.0,0.1929847151041031
1757,1.4056,16,0.009899788536131382,0.0,0.0,0.009899788536131382
1758,1.4064,16,0.1585763841867447,0.0,0.0,0.1585763841867447
1759,1.4072,16,0.1067051962018013,0.0,0.0,0.1067051962018013
1760,1.408,16,0.007855722680687904,0.0,0.0,0.007855722680687904
1761,1.4088,16,0.077547088265419,0.0,0.0,0.077547088265419
1762,1.4096,16,0.31506890058517456,0.0,0.0,0.31506890058517456
1763,1.4104,16,0.4886150360107422,0.0,0.0,0.4886150360107422
1764,1.4112,16,0.008383089676499367,0.0,0.0,0.008383089676499367
1765,1.412,16,0.46998822689056396,0.0,0.0,0.46998822689056396
1766,1.4128,16,0.137273371219635,0.0,0.0,0.137273371219635
1767,1.4136,16,0.2986138164997101,0.0,0.0,0.2986138164997101
1768,1.4144,16,0.027918212115764618,0.0,0.0,0.027918212115764618
1769,1.4152,16,0.049708299338817596,0.0,0.0,0.049708299338817596
1770,1.416,16,0.16286230087280273,0.0,0.0,0.16286230087280273
1771,1.4168,16,0.11345069855451584,0.0,0.0,0.11345069855451584
1772,1.4176,16,0.19809214770793915,0.0,0.0,0.19809214770793915
1773,1.4184,16,0.03537320718169212,0.0,0.0,0.03537320718169212
1774,1.4192,16,0.675624668598175,0.0,0.0,0.675624668598175
1775,1.42,16,0.05325418710708618,0.0,0.0,0.05325418710708618
1776,1.4208,16,0.1111111044883728,0.0,0.0,0.1111111044883728
1777,1.4216,16,0.049861326813697815,0.0,0.0,0.049861326813697815
1778,1.4224,16,0.03346209228038788,0.0,0.0,0.03346209228038788
1779,1.4232,16,0.06686088442802429,0.0,0.0,0.06686088442802429
1780,1.424,16,0.43719568848609924,0.0,0.0,0.43719568848609924
1781,1.4248,16,0.04662367329001427,0.0,0.0,0.04662367329001427
1782,1.4256,16,0.47445300221443176,0.0,0.0,0.47445300221443176
1783,1.4264000000000001,16,0.01775301620364189,0.0,0.0,0.01775301620364189
1784,1.4272,16,0.022280694916844368,0.0,0.0,0.022280694916844368
1785,1.428,16,0.32982027530670166,0.0,0.0,0.32982027530670166
1786,1.4288,16,0.28390535712242126,0.0,0.0,0.28390535712242126
1787,1.4296,16,0.9250404238700867,0.0,0.0,0.9250404238700867
1788,1.4304000000000001,16,0.3738253712654114,0.0,0.0,0.3738253712654114
1789,1.4312,16,0.2574765086174011,0.0,0.0,0.2574765086174011
1790,1.432,16,0.03747061640024185,0.0,0.0,0.03747061640024185
1791,1.4328,16,0.2361738085746765,0.0,0.0,0.2361738085746765
1792,1.4336,16,0.0759323462843895,0.0,0.0,0.0759323462843895
1793,1.4344000000000001,16,0.06320037692785263,0.0,0.0,0.06320037692785263
1794,1.4352,16,0.3840087950229645,0.0,0.0,0.3840087950229645
1795,1.436,16,0.013393746688961983,0.0,0.0,0.013393746688961983
1796,1.4368,16,0.05107547342777252,0.0,0.0,0.05107547342777252
1797,1.4376,16,0.5966389775276184,0.0,0.0,0.5966389775276184
1798,1.4384000000000001,16,0.43573686480522156,0.0,0.0,0.43573686480522156
1799,1.4392,16,0.04691298305988312,0.0,0.0,0.04691298305988312
1800,1.44,16,0.30123600363731384,0.0,0.0,0.30123600363731384
1801,1.4408,16,0.27068689465522766,0.0,0.0,0.27068689465522766
1802,1.4416,16,0.05347440391778946,0.0,0.0,0.05347440391778946
1803,1.4424000000000001,16,0.5592498779296875,0.0,0.0,0.5592498779296875
1804,1.4432,16,0.01841241680085659,0.0,0.0,0.01841241680085659
1805,1.444,16,0.15047559142112732,0.0,0.0,0.15047559142112732
1806,1.4447999999999999,16,0.6332864165306091,0.0,0.0,0.6332864165306091
1807,1.4456,16,0.010398570448160172,0.0,0.0,0.010398570448160172
1808,1.4464000000000001,16,0.04047831892967224,0.0,0.0,0.04047831892967224
1809,1.4472,16,0.01777694560587406,0.0,0.0,0.01777694560587406
1810,1.448,16,0.09118813276290894,0.0,0.0,0.09118813276290894
1811,1.4487999999999999,16,0.020016459748148918,0.0,0.0,0.020016459748148918
1812,1.4496,16,0.3383864462375641,0.0,0.0,0.3383864462375641
1813,1.4504000000000001,16,0.19781474769115448,0.0,0.0,0.19781474769115448
1814,1.4512,16,0.06419974565505981,0.0,0.0,0.06419974565505981
1815,1.452,16,0.19024066627025604,0.0,0.0,0.19024066627025604
1816,1.4527999999999999,16,0.0676281601190567,0.0,0.0,0.0676281601190567
1817,1.4536,16,0.015015503391623497,0.0,0.0,0.015015503391623497
1818,1.4544000000000001,16,0.019740760326385498,0.0,0.0,0.019740760326385498
1819,1.4552,16,0.24845975637435913,0.0,0.0,0.24845975637435913
1820,1.456,16,0.4585941433906555,0.0,0.0,0.4585941433906555
1821,1.4567999999999999,16,0.015529947355389595,0.0,0.0,0.015529947355389595
1822,1.4576,16,0.2336443066596985,0.0,0.0,0.2336443066596985
1823,1.4584,16,0.01816834695637226,0.0,0.0,0.01816834695637226
1824,1.4592,16,0.2663005590438843,0.0,0.0,0.2663005590438843
1825,1.46,16,0.05801469460129738,0.0,0.0,0.05801469460129738
1826,1.4607999999999999,16,0.09224345535039902,0.0,0.0,0.09224345535039902
1827,1.4616,16,0.02206699550151825,0.0,0.0,0.02206699550151825
1828,1.4624,16,0.5965091586112976,0.0,0.0,0.5965091586112976
1829,1.4632,16,0.010343382135033607,0.0,0.0,0.010343382135033607
1830,1.464,16,0.4047539234161377,0.0,0.0,0.4047539234161377
1831,1.4647999999999999,16,0.023450030013918877,0.0,0.0,0.023450030013918877
1832,1.4656,16,0.16611246764659882,0.0,0.0,0.16611246764659882
1833,1.4664,16,0.26910361647605896,0.0,0.0,0.26910361647605896
1834,1.4672,16,0.25290071964263916,0.0,0.0,0.25290071964263916
1835,1.468,16,0.2713664770126343,0.0,0.0,0.2713664770126343
1836,1.4687999999999999,16,0.04276939108967781,0.0,0.0,0.04276939108967781
1837,1.4696,16,0.4973948001861572,0.0,0.0,0.4973948001861572
1838,1.4704,16,0.058991048485040665,0.0,0.0,0.058991048485040665
1839,1.4712,16,0.006277444772422314,0.0,0.0,0.006277444772422314
1840,1.472,16,0.0609029158949852,0.0,0.0,0.0609029158949852
1841,1.4727999999999999,16,0.321187824010849,0.0,0.0,0.321187824010849
1842,1.4736,16,0.3786960542201996,0.0,0.0,0.3786960542201996
1843,1.4744,16,0.018581287935376167,0.0,0.0,0.018581287935376167
1844,1.4752,16,0.8078043460845947,0.0,0.0,0.8078043460845947
1845,1.476,16,0.007310790009796619,0.0,0.0,0.007310790009796619
1846,1.4768,16,0.114474818110466,0.0,0.0,0.114474818110466
1847,1.4776,16,0.24688997864723206,0.0,0.0,0.24688997864723206
1848,1.4784,16,0.06512738764286041,0.0,0.0,0.06512738764286041
1849,1.4792,16,0.6134270429611206,0.0,0.0,0.6134270429611206
1850,1.48,16,0.010424229316413403,0.0,0.0,0.010424229316413403
1851,1.4808,16,0.11642729490995407,0.0,0.0,0.11642729490995407
1852,1.4816,16,0.11420998722314835,0.0,0.0,0.11420998722314835
1853,1.4824,16,0.0828755795955658,0.0,0.0,0.0828755795955658
1854,1.4832,16,0.33340924978256226,0.0,0.0,0.33340924978256226
1855,1.484,16,0.006909624673426151,0.0,0.0,0.006909624673426151
1856,1.4848,16,0.04721164330840111,0.0,0.0,0.04721164330840111
1857,1.4856,16,0.11692921817302704,0.0,0.0,0.11692921817302704
1858,1.4864,16,0.007077244576066732,0.0,0.0,0.007077244576066732
1859,1.4872,16,0.07000526785850525,0.0,0.0,0.07000526785850525
1860,1.488,16,0.040562570095062256,0.0,0.0,0.040562570095062256
1861,1.4888,16,0.14109307527542114,0.0,0.0,0.14109307527542114
1862,1.4896,16,0.136053204536438,0.0,0.0,0.136053204536438
1863,1.4904,16,0.005710897967219353,0.0,0.0,0.005710897967219353
1864,1.4912,16,0.5837768912315369,0.0,0.0,0.5837768912315369
1865,1.492,16,0.29525497555732727,0.0,0.0,0.29525497555732727
1866,1.4928,16,0.02623843401670456,0.0,0.0,0.02623843401670456
1867,1.4936,16,0.02098483219742775,0.0,0.0,0.02098483219742775
1868,1.4944,16,0.43598270416259766,0.0,0.0,0.43598270416259766
1869,1.4952,16,0.2657518982887268,0.0,0.0,0.2657518982887268
1870,1.496,16,0.07905315607786179,0.0,0.0,0.07905315607786179
1871,1.4968,16,0.017357710748910904,0.0,0.0,0.017357710748910904
1872,1.4976,16,0.9140143394470215,0.0,0.0,0.9140143394470215
1873,1.4984,16,0.12104024738073349,0.0,0.0,0.12104024738073349
1874,1.4992,16,0.3444328010082245,0.0,0.0,0.3444328010082245
1875,1.5,16,0.2689077854156494,0.0,0.0,0.2689077854156494
1876,1.5008,16,0.21313734352588654,0.0,0.0,0.21313734352588654
1877,1.5016,16,0.4765486419200897,0.0,0.0,0.4765486419200897
1878,1.5024,16,0.3978208005428314,0.0,0.0,0.3978208005428314
1879,1.5032,16,0.06515150517225266,0.0,0.0,0.06515150517225266
1880,1.504,16,0.12848687171936035,0.0,0.0,0.12848687171936035
1881,1.5048,16,0.03167342394590378,0.0,0.0,0.03167342394590378
1882,1.5056,16,0.06249916926026344,0.0,0.0,0.06249916926026344
1883,1.5064,16,0.17980919778347015,0.0,0.0,0.17980919778347015
1884,1.5072,16,0.13902540504932404,0.0,0.0,0.13902540504932404
1885,1.508,16,0.3797215521335602,0.0,0.0,0.3797215521335602
1886,1.5088,16,0.3145645558834076,0.0,0.0,0.3145645558834076
1887,1.5096,16,0.025544587522745132,0.0,0.0,0.025544587522745132
1888,1.5104,16,0.04053724557161331,0.0,0.0,0.04053724557161331
1889,1.5112,16,0.060809388756752014,0.0,0.0,0.060809388756752014
1890,1.512,16,0.2907511293888092,0.0,0.0,0.2907511293888092
1891,1.5128,16,0.23959514498710632,0.0,0.0,0.23959514498710632
1892,1.5135999999999998,16,0.06885931640863419,0.0,0.0,0.06885931640863419
1893,1.5144,16,0.033102117478847504,0.0,0.0,0.033102117478847504
1894,1.5152,16,0.010511709377169609,0.0,0.0,0.010511709377169609
1895,1.516,16,0.006326067261397839,0.0,0.0,0.006326067261397839
1896,1.5168,16,0.012219739146530628,0.0,0.0,0.012219739146530628
1897,1.5175999999999998,16,0.011126809753477573,0.0,0.0,0.011126809753477573
1898,1.5184,16,0.02213948965072632,0.0,0.0,0.02213948965072632
1899,1.5192,16,0.7865018844604492,0.0,0.0,0.7865018844604492
1900,1.52,16,0.10440327227115631,0.0,0.0,0.10440327227115631
1901,1.5208,16,0.2193753570318222,0.0,0.0,0.2193753570318222
1902,1.5215999999999998,16,0.062003545463085175,0.0,0.0,0.062003545463085175
1903,1.5224,16,0.18049933016300201,0.0,0.0,0.18049933016300201
1904,1.5232,16,0.30228835344314575,0.0,0.0,0.30228835344314575
1905,1.524,16,0.08403019607067108,0.0,0.0,0.08403019607067108
1906,1.5248,16,0.3122924864292145,0.0,0.0,0.3122924864292145
1907,1.5255999999999998,16,0.033400002866983414,0.0,0.0,0.033400002866983414
1908,1.5264,16,0.13017690181732178,0.0,0.0,0.13017690181732178
1909,1.5272000000000001,16,0.17814189195632935,0.0,0.0,0.17814189195632935
1910,1.528,16,0.030557598918676376,0.0,0.0,0.030557598918676376
1911,1.5288,16,0.012895154766738415,0.0,0.0,0.012895154766738415
1912,1.5295999999999998,16,0.6254872679710388,0.0,0.0,0.6254872679710388
1913,1.5304,16,0.008604668080806732,0.0,0.0,0.008604668080806732
1914,1.5312000000000001,16,0.35574832558631897,0.0,0.0,0.35574832558631897
1915,1.532,16,0.28520816564559937,0.0,0.0,0.28520816564559937
1916,1.5328,16,0.4297587275505066,0.0,0.0,0.4297587275505066
1917,1.5335999999999999,16,0.04576045647263527,0.0,0.0,0.04576045647263527
1918,1.5344,16,0.03164191544055939,0.0,0.0,0.03164191544055939
1919,1.5352000000000001,16,0.07986488193273544,0.0,0.0,0.07986488193273544
1920,1.536,16,0.2729540169239044,0.0,0.0,0.2729540169239044
1921,1.5368,16,0.25901880860328674,0.0,0.0,0.25901880860328674
1922,1.5375999999999999,16,0.0066598569974303246,0.0,0.0,0.0066598569974303246
1923,1.5384,16,0.32836708426475525,0.0,0.0,0.32836708426475525
1924,1.5392000000000001,16,0.06191369146108627,0.0,0.0,0.06191369146108627
1925,1.54,16,0.011911815032362938,0.0,0.0,0.011911815032362938
1926,1.5408,16,0.0069902497343719006,0.0,0.0,0.0069902497343719006
1927,1.5415999999999999,16,0.08107626438140869,0.0,0.0,0.08107626438140869
1928,1.5424,16,0.40754109621047974,0.0,0.0,0.40754109621047974
1929,1.5432000000000001,16,0.10040154308080673,0.0,0.0,0.10040154308080673
1930,1.544,16,0.20332276821136475,0.0,0.0,0.20332276821136475
1931,1.5448,16,0.3942428231239319,0.0,0.0,0.3942428231239319
1932,1.5455999999999999,16,0.13047993183135986,0.0,0.0,0.13047993183135986
1933,1.5464,16,0.04425548017024994,0.0,0.0,0.04425548017024994
1934,1.5472000000000001,16,0.020044248551130295,0.0,0.0,0.020044248551130295
1935,1.548,16,0.04356897622346878,0.0,0.0,0.04356897622346878
1936,1.5488,16,0.012425197288393974,0.0,0.0,0.012425197288393974
1937,1.5495999999999999,16,0.006613863632082939,0.0,0.0,0.006613863632082939
1938,1.5504,16,0.011275622993707657,0.0,0.0,0.011275622993707657
1939,1.5512000000000001,16,0.035643212497234344,0.0,0.0,0.035643212497234344
1940,1.552,16,0.08795695751905441,0.0,0.0,0.08795695751905441
1941,1.5528,16,0.7284653782844543,0.0,0.0,0.7284653782844543
1942,1.5535999999999999,16,0.44216984510421753,0.0,0.0,0.44216984510421753
1943,1.5544,16,0.18162581324577332,0.0,0.0,0.18162581324577332
1944,1.5552000000000001,16,0.19937999546527863,0.0,0.0,0.19937999546527863
1945,1.556,16,0.09510409832000732,0.0,0.0,0.09510409832000732
1946,1.5568,16,0.07142296433448792,0.0,0.0,0.07142296433448792
1947,1.5575999999999999,16,0.034743838012218475,0.0,0.0,0.034743838012218475
1948,1.5584,16,0.06883033365011215,0.0,0.0,0.06883033365011215
1949,1.5592000000000001,16,0.009478215128183365,0.0,0.0,0.009478215128183365
1950,1.56,16,0.3386753499507904,0.0,0.0,0.3386753499507904
1951,1.5608,16,0.007791722659021616,0.0,0.0,0.007791722659021616
1952,1.5615999999999999,16,0.05446391552686691,0.0,0.0,0.05446391552686691
1953,1.5624,16,0.015603819862008095,0.0,0.0,0.015603819862008095
1954,1.5632000000000001,16,0.006018586922436953,0.0,0.0,0.006018586922436953
1955,1.564,16,0.027173588052392006,0.0,0.0,0.027173588052392006
1956,1.5648,16,0.2736026346683502,0.0,0.0,0.2736026346683502
1957,1.5655999999999999,16,0.05018606036901474,0.0,0.0,0.05018606036901474
1958,1.5664,16,0.10374666750431061,0.0,0.0,0.10374666750431061
1959,1.5672000000000001,16,0.0054603805765509605,0.0,0.0,0.0054603805765509605
1960,1.568,16,0.010734074749052525,0.0,0.0,0.010734074749052525
1961,1.5688,16,0.5440747141838074,0.0,0.0,0.5440747141838074
1962,1.5695999999999999,16,0.0063384114764630795,0.0,0.0,0.0063384114764630795
1963,1.5704,16,0.45793700218200684,0.0,0.0,0.45793700218200684
1964,1.5712000000000002,16,0.3860594928264618,0.0,0.0,0.3860594928264618
1965,1.572,16,0.0798197016119957,0.0,0.0,0.0798197016119957
1966,1.5728,16,0.23289991915225983,0.0,0.0,0.23289991915225983
1967,1.5735999999999999,16,0.00853742565959692,0.0,0.0,0.00853742565959692
1968,1.5744,16,0.5910815000534058,0.0,0.0,0.5910815000534058
1969,1.5752000000000002,16,0.0069871158339083195,0.0,0.0,0.0069871158339083195
1970,1.576,16,0.11024947464466095,0.0,0.0,0.11024947464466095
1971,1.5768,16,0.0353301465511322,0.0,0.0,0.0353301465511322
1972,1.5776,16,0.15210296213626862,0.0,0.0,0.15210296213626862
1973,1.5784,16,0.47531333565711975,0.0,0.0,0.47531333565711975
1974,1.5792000000000002,16,0.38384467363357544,0.0,0.0,0.38384467363357544
1975,1.58,16,0.3446372151374817,0.0,0.0,0.3446372151374817
1976,1.5808,16,0.08429040759801865,0.0,0.0,0.08429040759801865
1977,1.5816,16,0.5873976945877075,0.0,0.0,0.5873976945877075
1978,1.5824,16,0.7083898186683655,0.0,0.0,0.7083898186683655
1979,1.5832000000000002,16,0.005575704388320446,0.0,0.0,0.005575704388320446
1980,1.584,16,0.3488108217716217,0.0,0.0,0.3488108217716217
1981,1.5848,16,0.3269551396369934,0.0,0.0,0.3269551396369934
1982,1.5856,16,0.0596197135746479,0.0,0.0,0.0596197135746479
1983,1.5864,16,0.10752163082361221,0.0,0.0,0.10752163082361221
1984,1.5872000000000002,16,0.014975327998399734,0.0,0.0,0.014975327998399734
1985,1.588,16,0.5544582605361938,0.0,0.0,0.5544582605361938
1986,1.5888,16,0.2071663737297058,0.0,0.0,0.2071663737297058
1987,1.5896,16,0.03812427818775177,0.0,0.0,0.03812427818775177
1988,1.5904,16,0.3394334316253662,0.0,0.0,0.3394334316253662
1989,1.5912,16,0.026852525770664215,0.0,0.0,0.026852525770664215
1990,1.592,16,0.021431807428598404,0.0,0.0,0.021431807428598404
1991,1.5928,16,0.39258718490600586,0.0,0.0,0.39258718490600586
1992,1.5936,16,0.13104911148548126,0.0,0.0,0.13104911148548126
1993,1.5944,16,0.0687158852815628,0.0,0.0,0.0687158852815628
1994,1.5952,16,0.01198587566614151,0.0,0.0,0.01198587566614151
1995,1.596,16,0.10882547497749329,0.0,0.0,0.10882547497749329
1996,1.5968,16,0.5046494007110596,0.0,0.0,0.5046494007110596
1997,1.5976,16,0.096359483897686,0.0,0.0,0.096359483897686
1998,1.5984,16,0.04780413955450058,0.0,0.0,0.04780413955450058
1999,1.5992,16,0.11579432338476181,0.0,0.0,0.11579432338476181
2000,1.6,16,0.072303906083107,0.0,0.0,0.072303906083107
2001,1.6008,16,0.05452601984143257,0.0,0.0,0.05452601984143257
2002,1.6016,16,0.016294075176119804,0.0,0.0,0.016294075176119804
2003,1.6024,16,0.5510441660881042,0.0,0.0,0.5510441660881042
2004,1.6032,16,0.3670174181461334,0.0,0.0,0.3670174181461334
2005,1.604,16,0.00859224796295166,0.0,0.0,0.00859224796295166
2006,1.6048,16,0.1463657170534134,0.0,0.0,0.1463657170534134
2007,1.6056,16,0.028056016191840172,0.0,0.0,0.028056016191840172
2008,1.6064,16,0.40508833527565,0.0,0.0,0.40508833527565
2009,1.6072,16,0.17720293998718262,0.0,0.0,0.17720293998718262
2010,1.608,16,0.048146624118089676,0.0,0.0,0.048146624118089676
2011,1.6088,16,0.25217267870903015,0.0,0.0,0.25217267870903015
2012,1.6096,16,0.30768197774887085,0.0,0.0,0.30768197774887085
2013,1.6104,16,0.03369631618261337,0.0,0.0,0.03369631618261337
2014,1.6112,16,0.6024132370948792,0.0,0.0,0.6024132370948792
2015,1.612,16,0.3299201726913452,0.0,0.0,0.3299201726913452
2016,1.6128,16,0.10062115639448166,0.0,0.0,0.10062115639448166
2017,1.6136,16,0.03569294884800911,0.0,0.0,0.03569294884800911
2018,1.6143999999999998,16,0.08590620011091232,0.0,0.0,0.08590620011091232
2019,1.6152,16,0.11026250571012497,0.0,0.0,0.11026250571012497
2020,1.616,16,0.028029583394527435,0.0,0.0,0.028029583394527435
2021,1.6168,16,0.2672470211982727,0.0,0.0,0.2672470211982727
2022,1.6176,16,0.06724425405263901,0.0,0.0,0.06724425405263901
2023,1.6183999999999998,16,0.008306543342769146,0.0,0.0,0.008306543342769146
2024,1.6192,16,0.008502161130309105,0.0,0.0,0.008502161130309105
2025,1.62,16,0.0630720853805542,0.0,0.0,0.0630720853805542
2026,1.6208,16,0.05240296199917793,0.0,0.0,0.05240296199917793
2027,1.6216,16,0.007831862196326256,0.0,0.0,0.007831862196326256
2028,1.6223999999999998,16,0.20578059554100037,0.0,0.0,0.20578059554100037
2029,1.6232,16,0.051428500562906265,0.0,0.0,0.051428500562906265
2030,1.624,16,0.02079382911324501,0.0,0.0,0.02079382911324501
2031,1.6248,16,0.11832830309867859,0.0,0.0,0.11832830309867859
2032,1.6256,16,0.041482679545879364,0.0,0.0,0.041482679545879364
2033,1.6263999999999998,16,0.1590379774570465,0.0,0.0,0.1590379774570465
2034,1.6272,16,0.3340536057949066,0.0,0.0,0.3340536057949066
2035,1.6280000000000001,16,0.09272971749305725,0.0,0.0,0.09272971749305725
2036,1.6288,16,0.05590382218360901,0.0,0.0,0.05590382218360901
2037,1.6296,16,0.045051299035549164,0.0,0.0,0.045051299035549164
2038,1.6303999999999998,16,0.15528567135334015,0.0,0.0,0.15528567135334015
2039,1.6312,16,0.22023558616638184,0.0,0.0,0.22023558616638184
2040,1.6320000000000001,16,0.10619031637907028,0.0,0.0,0.10619031637907028
2041,1.6328,16,0.03133524954319,0.0,0.0,0.03133524954319
2042,1.6336,16,0.08407467603683472,0.0,0.0,0.08407467603683472
2043,1.6343999999999999,16,0.3378859758377075,0.0,0.0,0.3378859758377075
2044,1.6352,16,0.10076791793107986,0.0,0.0,0.10076791793107986
2045,1.6360000000000001,16,0.3895953893661499,0.0,0.0,0.3895953893661499
2046,1.6368,16,0.066927969455719,0.0,0.0,0.066927969455719
2047,1.6376,16,0.20186305046081543,0.0,0.0,0.20186305046081543
2048,1.6383999999999999,16,0.3210766613483429,0.0,0.0,0.3210766613483429
2049,1.6392,16,0.32608968019485474,0.0,0.0,0.32608968019485474
2050,1.6400000000000001,16,0.007376899477094412,0.0,0.0,0.007376899477094412
2051,1.6408,16,0.010745695792138577,0.0,0.0,0.010745695792138577
2052,1.6416,16,0.5111111402511597,0.0,0.0,0.5111111402511597
2053,1.6423999999999999,16,0.20380036532878876,0.0,0.0,0.20380036532878876
2054,1.6432,16,0.05480169877409935,0.0,0.0,0.05480169877409935
2055,1.6440000000000001,16,0.3327942192554474,0.0,0.0,0.3327942192554474
2056,1.6448,16,0.03720374032855034,0.0,0.0,0.03720374032855034
2057,1.6456,16,0.0997030958533287,0.0,0.0,0.0997030958533287
2058,1.6463999999999999,16,0.41698119044303894,0.0,0.0,0.41698119044303894
2059,1.6472,16,0.0696340799331665,0.0,0.0,0.0696340799331665
2060,1.6480000000000001,16,0.044630177319049835,0.0,0.0,0.044630177319049835
2061,1.6488,16,0.18718139827251434,0.0,0.0,0.18718139827251434
2062,1.6496,16,0.18799537420272827,0.0,0.0,0.18799537420272827
2063,1.6503999999999999,16,0.41472649574279785,0.0,0.0,0.41472649574279785
2064,1.6512,16,0.1974695473909378,0.0,0.0,0.1974695473909378
2065,1.6520000000000001,16,0.017289195209741592,0.0,0.0,0.017289195209741592
2066,1.6528,16,0.016210250556468964,0.0,0.0,0.016210250556468964
2067,1.6536,16,0.0147842513397336,0.0,0.0,0.0147842513397336
2068,1.6543999999999999,16,0.05541069805622101,0.0,0.0,0.05541069805622101
2069,1.6552,16,0.019482214003801346,0.0,0.0,0.019482214003801346
2070,1.6560000000000001,16,0.08899519592523575,0.0,0.0,0.08899519592523575
2071,1.6568,16,0.10596921294927597,0.0,0.0,0.10596921294927597
2072,1.6576,16,0.20830440521240234,0.0,0.0,0.20830440521240234
2073,1.6583999999999999,16,0.017769277095794678,0.0,0.0,0.017769277095794678
2074,1.6592,16,0.04855117201805115,0.0,0.0,0.04855117201805115
2075,1.6600000000000001,16,0.5903385877609253,0.0,0.0,0.5903385877609253
2076,1.6608,16,0.1713898628950119,0.0,0.0,0.1713898628950119
2077,1.6616,16,0.12714911997318268,0.0,0.0,0.12714911997318268
2078,1.6623999999999999,16,0.017258021980524063,0.0,0.0,0.017258021980524063
2079,1.6632,16,0.007543513551354408,0.0,0.0,0.007543513551354408
2080,1.6640000000000001,16,0.47807738184928894,0.0,0.0,0.47807738184928894
2081,1.6648,16,0.009929679334163666,0.0,0.0,0.009929679334163666
2082,1.6656,16,0.008452445268630981,0.0,0.0,0.008452445268630981
2083,1.6663999999999999,16,0.021252941340208054,0.0,0.0,0.021252941340208054
2084,1.6672,16,0.026179904118180275,0.0,0.0,0.026179904118180275
2085,1.6680000000000001,16,0.10931150615215302,0.0,0.0,0.10931150615215302
2086,1.6688,16,0.010733529925346375,0.0,0.0,0.010733529925346375
2087,1.6696,16,0.38506436347961426,0.0,0.0,0.38506436347961426
2088,1.6703999999999999,16,0.060566797852516174,0.0,0.0,0.060566797852516174
2089,1.6712,16,0.04211367294192314,0.0,0.0,0.04211367294192314
2090,1.6720000000000002,16,0.01585550606250763,0.0,0.0,0.01585550606250763
2091,1.6728,16,0.12126734107732773,0.0,0.0,0.12126734107732773
2092,1.6736,16,0.3300825357437134,0.0,0.0,0.3300825357437134
2093,1.6743999999999999,16,0.007903783582150936,0.0,0.0,0.007903783582150936
2094,1.6752,16,0.005403701215982437,0.0,0.0,0.005403701215982437
2095,1.6760000000000002,16,0.2931351065635681,0.0,0.0,0.2931351065635681
2096,1.6768,16,0.10130354017019272,0.0,0.0,0.10130354017019272
2097,1.6776,16,0.2778806984424591,0.0,0.0,0.2778806984424591
2098,1.6784,16,0.013330589979887009,0.0,0.0,0.013330589979887009
2099,1.6792,16,0.3615383207798004,0.0,0.0,0.3615383207798004
2100,1.6800000000000002,16,0.2628012001514435,0.0,0.0,0.2628012001514435
2101,1.6808,16,0.2649311125278473,0.0,0.0,0.2649311125278473
2102,1.6816,16,0.007565692998468876,0.0,0.0,0.007565692998468876
2103,1.6824,16,0.07603408396244049,0.0,0.0,0.07603408396244049
2104,1.6832,16,0.00748815294355154,0.0,0.0,0.00748815294355154
2105,1.6840000000000002,16,0.1585504114627838,0.0,0.0,0.1585504114627838
2106,1.6848,16,0.011432496830821037,0.0,0.0,0.011432496830821037
2107,1.6856,16,0.3224188983440399,0.0,0.0,0.3224188983440399
2108,1.6864,16,0.01404506340622902,0.0,0.0,0.01404506340622902
2109,1.6872,16,0.015423155389726162,0.0,0.0,0.015423155389726162
2110,1.688,16,0.004374140407890081,0.0,0.0,0.004374140407890081
2111,1.6888,16,0.21983987092971802,0.0,0.0,0.21983987092971802
2112,1.6896,16,0.35968947410583496,0.0,0.0,0.35968947410583496
2113,1.6904,16,0.006559174973517656,0.0,0.0,0.006559174973517656
2114,1.6912,16,0.11458888649940491,0.0,0.0,0.11458888649940491
2115,1.692,16,0.007603666745126247,0.0,0.0,0.007603666745126247
2116,1.6928,16,0.055227573961019516,0.0,0.0,0.055227573961019516
2117,1.6936,16,0.019440103322267532,0.0,0.0,0.019440103322267532
2118,1.6944,16,0.07794597744941711,0.0,0.0,0.07794597744941711
2119,1.6952,16,0.03593796491622925,0.0,0.0,0.03593796491622925
2120,1.696,16,0.004125276580452919,0.0,0.0,0.004125276580452919
2121,1.6968,16,0.1020219698548317,0.0,0.0,0.1020219698548317
2122,1.6976,16,0.35103458166122437,0.0,0.0,0.35103458166122437
2123,1.6984,16,0.14953993260860443,0.0,0.0,0.14953993260860443
2124,1.6992,16,0.0035719380248337984,0.0,0.0,0.0035719380248337984
2125,1.7,16,0.007655211724340916,0.0,0.0,0.007655211724340916
2126,1.7008,16,0.005315477028489113,0.0,0.0,0.005315477028489113
2127,1.7016,16,0.0030879396945238113,0.0,0.0,0.0030879396945238113
2128,1.7024,16,0.00495845265686512,0.0,0.0,0.00495845265686512
2129,1.7032,16,0.10179288685321808,0.0,0.0,0.10179288685321808
2130,1.704,16,0.10595874488353729,0.0,0.0,0.10595874488353729
2131,1.7048,16,0.10461132228374481,0.0,0.0,0.10461132228374481
2132,1.7056,16,0.006170867942273617,0.0,0.0,0.006170867942273617
2133,1.7064,16,0.35641708970069885,0.0,0.0,0.35641708970069885
2134,1.7072,16,0.007676327135413885,0.0,0.0,0.007676327135413885
2135,1.708,16,0.009709905833005905,0.0,0.0,0.009709905833005905
2136,1.7088,16,0.1197722926735878,0.0,0.0,0.1197722926735878
2137,1.7096,16,0.04916056990623474,0.0,0.0,0.04916056990623474
2138,1.7104,16,0.013197671622037888,0.0,0.0,0.013197671622037888
2139,1.7112,16,0.006177596282213926,0.0,0.0,0.006177596282213926
2140,1.712,16,0.044378891587257385,0.0,0.0,0.044378891587257385
2141,1.7128,16,0.00466137332841754,0.0,0.0,0.00466137332841754
2142,1.7136,16,0.015228696167469025,0.0,0.0,0.015228696167469025
2143,1.7144,16,0.006323512177914381,0.0,0.0,0.006323512177914381
2144,1.7151999999999998,16,0.01161256618797779,0.0,0.0,0.01161256618797779
2145,1.716,16,0.4234105944633484,0.0,0.0,0.4234105944633484
2146,1.7168,16,0.005514844320714474,0.0,0.0,0.005514844320714474
2147,1.7176,16,0.060038596391677856,0.0,0.0,0.060038596391677856
2148,1.7184,16,0.32193854451179504,0.0,0.0,0.32193854451179504
2149,1.7191999999999998,16,0.253351092338562,0.0,0.0,0.253351092338562
2150,1.72,16,0.16873782873153687,0.0,0.0,0.16873782873153687
2151,1.7208,16,0.2719770073890686,0.0,0.0,0.2719770073890686
2152,1.7216,16,0.018348215147852898,0.0,0.0,0.018348215147852898
2153,1.7224,16,1.0882370471954346,0.0,0.0,1.0882370471954346
2154,1.7231999999999998,16,0.18418103456497192,0.0,0.0,0.18418103456497192
2155,1.724,16,0.0050749280489981174,0.0,0.0,0.0050749280489981174
2156,1.7248,16,0.30222392082214355,0.0,0.0,0.30222392082214355
2157,1.7256,16,0.007099492475390434,0.0,0.0,0.007099492475390434
2158,1.7264,16,0.004191318992525339,0.0,0.0,0.004191318992525339
2159,1.7271999999999998,16,0.07418156415224075,0.0,0.0,0.07418156415224075
2160,1.728,16,0.07536327838897705,0.0,0.0,0.07536327838897705
2161,1.7288000000000001,16,0.7314949035644531,0.0,0.0,0.7314949035644531
2162,1.7296,16,0.11302033811807632,0.0,0.0,0.11302033811807632
2163,1.7304,16,0.3916930854320526,0.0,0.0,0.3916930854320526
2164,1.7311999999999999,16,0.12100270390510559,0.0,0.0,0.12100270390510559
2165,1.732,16,0.2568455636501312,0.0,0.0,0.2568455636501312
2166,1.7328000000000001,16,0.016331801190972328,0.0,0.0,0.016331801190972328
2167,1.7336,16,0.3170298933982849,0.0,0.0,0.3170298933982849
2168,1.7344,16,0.10608513653278351,0.0,0.0,0.10608513653278351
2169,1.7351999999999999,16,0.03778915852308273,0.0,0.0,0.03778915852308273
2170,1.736,16,0.1928776651620865,0.0,0.0,0.1928776651620865
2171,1.7368000000000001,16,0.5211902260780334,0.0,0.0,0.5211902260780334
2172,1.7376,16,0.009023603051900864,0.0,0.0,0.009023603051900864
2173,1.7384,16,0.010425115004181862,0.0,0.0,0.010425115004181862
2174,1.7391999999999999,16,0.2641863524913788,0.0,0.0,0.2641863524913788
2175,1.74,16,0.2740727961063385,0.0,0.0,0.2740727961063385
2176,1.7408000000000001,16,0.23531346023082733,0.0,0.0,0.23531346023082733
2177,1.7416,16,0.09702575206756592,0.0,0.0,0.09702575206756592
2178,1.7424,16,0.46276068687438965,0.0,0.0,0.46276068687438965
2179,1.7431999999999999,16,0.04443112760782242,0.0,0.0,0.04443112760782242
2180,1.744,16,0.004207742400467396,0.0,0.0,0.004207742400467396
2181,1.7448000000000001,16,1.1080458164215088,0.0,0.0,1.1080458164215088
2182,1.7456,16,0.01157042570412159,0.0,0.0,0.01157042570412159
2183,1.7464,16,0.6030672788619995,0.0,0.0,0.6030672788619995
2184,1.7471999999999999,16,0.23309345543384552,0.0,0.0,0.23309345543384552
2185,1.748,16,0.011475578881800175,0.0,0.0,0.011475578881800175
2186,1.7488000000000001,16,0.14037613570690155,0.0,0.0,0.14037613570690155
2187,1.7496,16,0.013718541711568832,0.0,0.0,0.013718541711568832
2188,1.7504,16,0.08742046356201172,0.0,0.0,0.08742046356201172
2189,1.7511999999999999,16,0.2861860692501068,0.0,0.0,0.2861860692501068
2190,1.752,16,0.28081467747688293,0.0,0.0,0.28081467747688293
2191,1.7528000000000001,16,0.008942577056586742,0.0,0.0,0.008942577056586742
2192,1.7536,16,0.4180888831615448,0.0,0.0,0.4180888831615448
2193,1.7544,16,0.4305557310581207,0.0,0.0,0.4305557310581207
2194,1.7551999999999999,16,0.15524597465991974,0.0,0.0,0.15524597465991974
2195,1.756,16,0.4420972466468811,0.0,0.0,0.4420972466468811
2196,1.7568000000000001,16,0.006204588804394007,0.0,0.0,0.006204588804394007
2197,1.7576,16,0.36213916540145874,0.0,0.0,0.36213916540145874
2198,1.7584,16,0.009599907323718071,0.0,0.0,0.009599907323718071
2199,1.7591999999999999,16,0.024556953459978104,0.0,0.0,0.024556953459978104
2200,1.76,16,0.05458366870880127,0.0,0.0,0.05458366870880127
2201,1.7608000000000001,16,0.015396008267998695,0.0,0.0,0.015396008267998695
2202,1.7616,16,0.24667304754257202,0.0,0.0,0.24667304754257202
2203,1.7624,16,0.24734742939472198,0.0,0.0,0.24734742939472198
2204,1.7631999999999999,16,0.11584927141666412,0.0,0.0,0.11584927141666412
2205,1.764,16,0.1870979368686676,0.0,0.0,0.1870979368686676
2206,1.7648000000000001,16,0.13055568933486938,0.0,0.0,0.13055568933486938
2207,1.7656,16,0.4040241837501526,0.0,0.0,0.4040241837501526
2208,1.7664,16,0.04201926663517952,0.0,0.0,0.04201926663517952
2209,1.7671999999999999,16,0.5523505806922913,0.0,0.0,0.5523505806922913
2210,1.768,16,0.2955225706100464,0.0,0.0,0.2955225706100464
2211,1.7688000000000001,16,0.2880110442638397,0.0,0.0,0.2880110442638397
2212,1.7696,16,0.021290738135576248,0.0,0.0,0.021290738135576248
2213,1.7704,16,0.43727031350135803,0.0,0.0,0.43727031350135803
2214,1.7711999999999999,16,0.06178191304206848,0.0,0.0,0.06178191304206848
2215,1.772,16,0.14750976860523224,0.0,0.0,0.14750976860523224
2216,1.7728000000000002,16,0.24225512146949768,0.0,0.0,0.24225512146949768
2217,1.7736,16,0.36291342973709106,0.0,0.0,0.36291342973709106
2218,1.7744,16,0.018193678930401802,0.0,0.0,0.018193678930401802
2219,1.7752,16,0.49287572503089905,0.0,0.0,0.49287572503089905
2220,1.776,16,0.13868829607963562,0.0,0.0,0.13868829607963562
2221,1.7768000000000002,16,0.06924381852149963,0.0,0.0,0.06924381852149963
2222,1.7776,16,0.02811761572957039,0.0,0.0,0.02811761572957039
2223,1.7784,16,0.07616843283176422,0.0,0.0,0.07616843283176422
2224,1.7792,16,0.18820422887802124,0.0,0.0,0.18820422887802124
2225,1.78,16,0.35810601711273193,0.0,0.0,0.35810601711273193
2226,1.7808000000000002,16,0.4448699355125427,0.0,0.0,0.4448699355125427
2227,1.7816,16,0.10068032145500183,0.0,0.0,0.10068032145500183
2228,1.7824,16,0.27107715606689453,0.0,0.0,0.27107715606689453
2229,1.7832,16,0.09515644609928131,0.0,0.0,0.09515644609928131
2230,1.784,16,0.16445307433605194,0.0,0.0,0.16445307433605194
2231,1.7848000000000002,16,0.42025652527809143,0.0,0.0,0.42025652527809143
2232,1.7856,16,0.16600215435028076,0.0,0.0,0.16600215435028076
2233,1.7864,16,0.007918253540992737,0.0,0.0,0.007918253540992737
2234,1.7872,16,0.08527307957410812,0.0,0.0,0.08527307957410812
2235,1.788,16,0.021832963451743126,0.0,0.0,0.021832963451743126
2236,1.7888,16,0.02731459215283394,0.0,0.0,0.02731459215283394
2237,1.7896,16,0.12008698284626007,0.0,0.0,0.12008698284626007
2238,1.7904,16,0.20791439712047577,0.0,0.0,0.20791439712047577
2239,1.7912,16,0.18635320663452148,0.0,0.0,0.18635320663452148
2240,1.792,16,0.12014594674110413,0.0,0.0,0.12014594674110413
2241,1.7928,16,0.10876432806253433,0.0,0.0,0.10876432806253433
2242,1.7936,16,0.2314775139093399,0.0,0.0,0.2314775139093399
2243,1.7944,16,0.3896608054637909,0.0,0.0,0.3896608054637909
2244,1.7952,16,0.3707449436187744,0.0,0.0,0.3707449436187744
2245,1.796,16,0.3118349313735962,0.0,0.0,0.3118349313735962
2246,1.7968,16,0.41850268840789795,0.0,0.0,0.41850268840789795
2247,1.7976,16,0.016474468633532524,0.0,0.0,0.016474468633532524
2248,1.7984,16,0.14632627367973328,0.0,0.0,0.14632627367973328
2249,1.7992,16,0.11649014800786972,0.0,0.0,0.11649014800786972
2250,1.8,16,0.1951833814382553,0.0,0.0,0.1951833814382553
2251,1.8008,16,0.3364940583705902,0.0,0.0,0.3364940583705902
2252,1.8016,16,0.3182717561721802,0.0,0.0,0.3182717561721802
2253,1.8024,16,0.22348842024803162,0.0,0.0,0.22348842024803162
2254,1.8032,16,0.27332785725593567,0.0,0.0,0.27332785725593567
2255,1.804,16,0.11712858080863953,0.0,0.0,0.11712858080863953
2256,1.8048,16,0.02127978578209877,0.0,0.0,0.02127978578209877
2257,1.8056,16,0.02450830116868019,0.0,0.0,0.02450830116868019
2258,1.8064,16,0.11400923132896423,0.0,0.0,0.11400923132896423
2259,1.8072,16,0.07434146851301193,0.0,0.0,0.07434146851301193
2260,1.808,16,0.5667192935943604,0.0,0.0,0.5667192935943604
2261,1.8088,16,0.08323277533054352,0.0,0.0,0.08323277533054352
2262,1.8096,16,0.18389366567134857,0.0,0.0,0.18389366567134857
2263,1.8104,16,0.018437590450048447,0.0,0.0,0.018437590450048447
2264,1.8112,16,0.2688876986503601,0.0,0.0,0.2688876986503601
2265,1.812,16,0.022852521389722824,0.0,0.0,0.022852521389722824
2266,1.8128,16,0.09348418563604355,0.0,0.0,0.09348418563604355
2267,1.8136,16,0.4614258408546448,0.0,0.0,0.4614258408546448
2268,1.8144,16,0.012372687458992004,0.0,0.0,0.012372687458992004
2269,1.8152,16,0.027764644473791122,0.0,0.0,0.027764644473791122
2270,1.8159999999999998,16,0.19794709980487823,0.0,0.0,0.19794709980487823
2271,1.8168,16,0.0500277578830719,0.0,0.0,0.0500277578830719
2272,1.8176,16,0.02954409457743168,0.0,0.0,0.02954409457743168
2273,1.8184,16,0.2221236675977707,0.0,0.0,0.2221236675977707
2274,1.8192,16,0.4496490955352783,0.0,0.0,0.4496490955352783
2275,1.8199999999999998,16,0.07165785878896713,0.0,0.0,0.07165785878896713
2276,1.8208,16,0.031445570290088654,0.0,0.0,0.031445570290088654
2277,1.8216,16,0.6021769642829895,0.0,0.0,0.6021769642829895
2278,1.8224,16,0.3998710513114929,0.0,0.0,0.3998710513114929
2279,1.8232,16,0.01573893241584301,0.0,0.0,0.01573893241584301
2280,1.8239999999999998,16,0.03650246933102608,0.0,0.0,0.03650246933102608
2281,1.8248,16,0.008279222063720226,0.0,0.0,0.008279222063720226
2282,1.8256000000000001,16,0.040522292256355286,0.0,0.0,0.040522292256355286
2283,1.8264,16,0.007054950576275587,0.0,0.0,0.007054950576275587
2284,1.8272,16,0.0108230821788311,0.0,0.0,0.0108230821788311
2285,1.8279999999999998,16,0.005467166192829609,0.0,0.0,0.005467166192829609
2286,1.8288,16,0.19419415295124054,0.0,0.0,0.19419415295124054
2287,1.8296000000000001,16,0.11620813608169556,0.0,0.0,0.11620813608169556
2288,1.8304,16,0.023405592888593674,0.0,0.0,0.023405592888593674
2289,1.8312,16,0.3015643358230591,0.0,0.0,0.3015643358230591
2290,1.8319999999999999,16,0.030352193862199783,0.0,0.0,0.030352193862199783
2291,1.8328,16,0.32585814595222473,0.0,0.0,0.32585814595222473
2292,1.8336000000000001,16,0.007260417565703392,0.0,0.0,0.007260417565703392
2293,1.8344,16,0.4697584807872772,0.0,0.0,0.4697584807872772
2294,1.8352,16,0.0572221465408802,0.0,0.0,0.0572221465408802
2295,1.8359999999999999,16,0.11225001513957977,0.0,0.0,0.11225001513957977
2296,1.8368,16,0.14663776755332947,0.0,0.0,0.14663776755332947
2297,1.8376000000000001,16,0.07059577852487564,0.0,0.0,0.07059577852487564
2298,1.8384,16,0.019343076273798943,0.0,0.0,0.019343076273798943
2299,1.8392,16,0.14699071645736694,0.0,0.0,0.14699071645736694
2300,1.8399999999999999,16,0.017861712723970413,0.0,0.0,0.017861712723970413
2301,1.8408,16,0.022225331515073776,0.0,0.0,0.022225331515073776
2302,1.8416000000000001,16,0.01741655170917511,0.0,0.0,0.01741655170917511
2303,1.8424,16,0.4542866349220276,0.0,0.0,0.4542866349220276
2304,1.8432,16,0.7369986772537231,0.0,0.0,0.7369986772537231
2305,1.8439999999999999,16,0.02985808253288269,0.0,0.0,0.02985808253288269
2306,1.8448,16,0.15041962265968323,0.0,0.0,0.15041962265968323
2307,1.8456000000000001,16,0.009485853835940361,0.0,0.0,0.009485853835940361
2308,1.8464,16,0.35643041133880615,0.0,0.0,0.35643041133880615
2309,1.8472,16,0.009606001898646355,0.0,0.0,0.009606001898646355
2310,1.8479999999999999,16,0.03527088835835457,0.0,0.0,0.03527088835835457
2311,1.8488,16,0.31833815574645996,0.0,0.0,0.31833815574645996
2312,1.8496000000000001,16,0.19903653860092163,0.0,0.0,0.19903653860092163
2313,1.8504,16,0.2024395763874054,0.0,0.0,0.2024395763874054
2314,1.8512,16,0.020350294187664986,0.0,0.0,0.020350294187664986
2315,1.8519999999999999,16,0.030681122094392776,0.0,0.0,0.030681122094392776
2316,1.8528,16,0.005214381963014603,0.0,0.0,0.005214381963014603
2317,1.8536000000000001,16,0.3198103606700897,0.0,0.0,0.3198103606700897
2318,1.8544,16,0.25713980197906494,0.0,0.0,0.25713980197906494
2319,1.8552,16,0.2864172160625458,0.0,0.0,0.2864172160625458
2320,1.8559999999999999,16,0.08156969398260117,0.0,0.0,0.08156969398260117
2321,1.8568,16,0.11230101436376572,0.0,0.0,0.11230101436376572
2322,1.8576000000000001,16,0.16287650167942047,0.0,0.0,0.16287650167942047
2323,1.8584,16,0.18924672901630402,0.0,0.0,0.18924672901630402
2324,1.8592,16,0.5095204710960388,0.0,0.0,0.5095204710960388
2325,1.8599999999999999,16,0.2280644327402115,0.0,0.0,0.2280644327402115
2326,1.8608,16,0.23421208560466766,0.0,0.0,0.23421208560466766
2327,1.8616000000000001,16,0.11839119344949722,0.0,0.0,0.11839119344949722
2328,1.8624,16,0.15137580037117004,0.0,0.0,0.15137580037117004
2329,1.8632,16,0.18315471708774567,0.0,0.0,0.18315471708774567
2330,1.8639999999999999,16,0.12177255004644394,0.0,0.0,0.12177255004644394
2331,1.8648,16,0.009330700151622295,0.0,0.0,0.009330700151622295
2332,1.8656000000000001,16,0.16298125684261322,0.0,0.0,0.16298125684261322
2333,1.8664,16,0.5589488744735718,0.0,0.0,0.5589488744735718
2334,1.8672,16,0.4504321813583374,0.0,0.0,0.4504321813583374
2335,1.8679999999999999,16,0.06453033536672592,0.0,0.0,0.06453033536672592
2336,1.8688,16,0.3396209180355072,0.0,0.0,0.3396209180355072
2337,1.8696000000000002,16,0.7928091883659363,0.0,0.0,0.7928091883659363
2338,1.8704,16,0.01997985877096653,0.0,0.0,0.01997985877096653
2339,1.8712,16,0.05578826367855072,0.0,0.0,0.05578826367855072
2340,1.8719999999999999,16,0.04499256610870361,0.0,0.0,0.04499256610870361
2341,1.8728,16,0.1998906135559082,0.0,0.0,0.1998906135559082
2342,1.8736000000000002,16,0.009049978107213974,0.0,0.0,0.009049978107213974
2343,1.8744,16,0.06416231393814087,0.0,0.0,0.06416231393814087
2344,1.8752,16,0.069120392203331,0.0,0.0,0.069120392203331
2345,1.876,16,0.15878403186798096,0.0,0.0,0.15878403186798096
2346,1.8768,16,0.01272361259907484,0.0,0.0,0.01272361259907484
2347,1.8776000000000002,16,0.039442431181669235,0.0,0.0,0.039442431181669235
2348,1.8784,16,0.25212836265563965,0.0,0.0,0.25212836265563965
2349,1.8792,16,0.018156995996832848,0.0,0.0,0.018156995996832848
2350,1.88,16,0.07719417661428452,0.0,0.0,0.07719417661428452
2351,1.8808,16,0.10147611796855927,0.0,0.0,0.10147611796855927
2352,1.8816000000000002,16,0.011975418776273727,0.0,0.0,0.011975418776273727
2353,1.8824,16,0.18553434312343597,0.0,0.0,0.18553434312343597
2354,1.8832,16,0.020651115104556084,0.0,0.0,0.020651115104556084
2355,1.884,16,0.05963454768061638,0.0,0.0,0.05963454768061638
2356,1.8848,16,0.06875086575746536,0.0,0.0,0.06875086575746536
2357,1.8856000000000002,16,0.12512633204460144,0.0,0.0,0.12512633204460144
2358,1.8864,16,0.008108610287308693,0.0,0.0,0.008108610287308693
2359,1.8872,16,0.23448607325553894,0.0,0.0,0.23448607325553894
2360,1.888,16,0.16156695783138275,0.0,0.0,0.16156695783138275
2361,1.8888,16,0.31683090329170227,0.0,0.0,0.31683090329170227
2362,1.8896,16,0.6130269169807434,0.0,0.0,0.6130269169807434
2363,1.8904,16,0.016979826614260674,0.0,0.0,0.016979826614260674
2364,1.8912,16,0.08048591762781143,0.0,0.0,0.08048591762781143
2365,1.892,16,0.0057692499831318855,0.0,0.0,0.0057692499831318855
2366,1.8928,16,0.20740748941898346,0.0,0.0,0.20740748941898346
2367,1.8936,16,0.006577938795089722,0.0,0.0,0.006577938795089722
2368,1.8944,16,0.017814870923757553,0.0,0.0,0.017814870923757553
2369,1.8952,16,0.005186059046536684,0.0,0.0,0.005186059046536684
2370,1.896,16,0.2206277847290039,0.0,0.0,0.2206277847290039
2371,1.8968,16,0.014749704860150814,0.0,0.0,0.014749704860150814
2372,1.8976,16,0.06375621259212494,0.0,0.0,0.06375621259212494
2373,1.8984,16,0.22260740399360657,0.0,0.0,0.22260740399360657
2374,1.8992,16,0.055074095726013184,0.0,0.0,0.055074095726013184
2375,1.9,16,0.13807900249958038,0.0,0.0,0.13807900249958038
2376,1.9008,16,0.034553781151771545,0.0,0.0,0.034553781151771545
2377,1.9016,16,0.0288032665848732,0.0,0.0,0.0288032665848732
2378,1.9024,16,0.2323780655860901,0.0,0.0,0.2323780655860901
2379,1.9032,16,0.2941361665725708,0.0,0.0,0.2941361665725708
2380,1.904,16,0.1673644334077835,0.0,0.0,0.1673644334077835
2381,1.9048,16,0.18019092082977295,0.0,0.0,0.18019092082977295
2382,1.9056,16,0.3772311806678772,0.0,0.0,0.3772311806678772
2383,1.9064,16,0.012700164690613747,0.0,0.0,0.012700164690613747
2384,1.9072,16,0.1586655080318451,0.0,0.0,0.1586655080318451
2385,1.908,16,0.019753681495785713,0.0,0.0,0.019753681495785713
2386,1.9088,16,0.10153358429670334,0.0,0.0,0.10153358429670334
2387,1.9096,16,0.28693273663520813,0.0,0.0,0.28693273663520813
2388,1.9104,16,0.1063321977853775,0.0,0.0,0.1063321977853775
2389,1.9112,16,0.05839051678776741,0.0,0.0,0.05839051678776741
2390,1.912,16,0.007331802975386381,0.0,0.0,0.007331802975386381
2391,1.9127999999999998,16,0.08199157565832138,0.0,0.0,0.08199157565832138
2392,1.9136,16,0.009313858114182949,0.0,0.0,0.009313858114182949
2393,1.9144,16,0.2567332983016968,0.0,0.0,0.2567332983016968
2394,1.9152,16,0.009833358228206635,0.0,0.0,0.009833358228206635
2395,1.916,16,0.12782195210456848,0.0,0.0,0.12782195210456848
2396,1.9167999999999998,16,0.1987401247024536,0.0,0.0,0.1987401247024536
2397,1.9176,16,0.02481437660753727,0.0,0.0,0.02481437660753727
2398,1.9184,16,0.058449529111385345,0.0,0.0,0.058449529111385345
2399,1.9192,16,0.4526635408401489,0.0,0.0,0.4526635408401489
2400,1.92,16,0.2243887186050415,0.0,0.0,0.2243887186050415
2401,1.9207999999999998,16,0.18898753821849823,0.0,0.0,0.18898753821849823
2402,1.9216,16,0.3247678279876709,0.0,0.0,0.3247678279876709
2403,1.9224,16,0.01342521421611309,0.0,0.0,0.01342521421611309
2404,1.9232,16,0.04127867892384529,0.0,0.0,0.04127867892384529
2405,1.924,16,0.03952692821621895,0.0,0.0,0.03952692821621895
2406,1.9247999999999998,16,0.37412193417549133,0.0,0.0,0.37412193417549133
2407,1.9256,16,0.23132814466953278,0.0,0.0,0.23132814466953278
2408,1.9264000000000001,16,0.5428029894828796,0.0,0.0,0.5428029894828796
2409,1.9272,16,0.24227043986320496,0.0,0.0,0.24227043986320496
2410,1.928,16,0.06559712439775467,0.0,0.0,0.06559712439775467
2411,1.9287999999999998,16,0.531697154045105,0.0,0.0,0.531697154045105
2412,1.9296,16,0.2998645603656769,0.0,0.0,0.2998645603656769
2413,1.9304000000000001,16,0.21496053040027618,0.0,0.0,0.21496053040027618
2414,1.9312,16,0.015872960910201073,0.0,0.0,0.015872960910201073
2415,1.932,16,0.014342932030558586,0.0,0.0,0.014342932030558586
2416,1.9327999999999999,16,0.07925228029489517,0.0,0.0,0.07925228029489517
2417,1.9336,16,0.0653780922293663,0.0,0.0,0.0653780922293663
2418,1.9344000000000001,16,0.2365964651107788,0.0,0.0,0.2365964651107788
2419,1.9352,16,0.029195185750722885,0.0,0.0,0.029195185750722885
2420,1.936,16,0.3638450801372528,0.0,0.0,0.3638450801372528
2421,1.9367999999999999,16,0.14365258812904358,0.0,0.0,0.14365258812904358
2422,1.9376,16,0.0233733132481575,0.0,0.0,0.0233733132481575
2423,1.9384000000000001,16,0.0061229923740029335,0.0,0.0,0.0061229923740029335
2424,1.9392,16,0.19501566886901855,0.0,0.0,0.19501566886901855
2425,1.94,16,0.0059546856209635735,0.0,0.0,0.0059546856209635735
2426,1.9407999999999999,16,0.10111953318119049,0.0,0.0,0.10111953318119049
2427,1.9416,16,0.03781009465456009,0.0,0.0,0.03781009465456009
2428,1.9424000000000001,16,0.2934744954109192,0.0,0.0,0.2934744954109192
2429,1.9432,16,0.48734256625175476,0.0,0.0,0.48734256625175476
2430,1.944,16,0.004881382454186678,0.0,0.0,0.004881382454186678
2431,1.9447999999999999,16,0.11842221021652222,0.0,0.0,0.11842221021652222
2432,1.9456,16,0.014026854187250137,0.0,0.0,0.014026854187250137
2433,1.9464000000000001,16,0.5268049240112305,0.0,0.0,0.5268049240112305
2434,1.9472,16,0.3406132757663727,0.0,0.0,0.3406132757663727
2435,1.948,16,0.27165645360946655,0.0,0.0,0.27165645360946655
2436,1.9487999999999999,16,0.2424428015947342,0.0,0.0,0.2424428015947342
2437,1.9496,16,0.04636409878730774,0.0,0.0,0.04636409878730774
2438,1.9504000000000001,16,0.027432523667812347,0.0,0.0,0.027432523667812347
2439,1.9512,16,0.6999751925468445,0.0,0.0,0.6999751925468445
2440,1.952,16,0.060601234436035156,0.0,0.0,0.060601234436035156
2441,1.9527999999999999,16,0.2754269242286682,0.0,0.0,0.2754269242286682
2442,1.9536,16,0.07325686514377594,0.0,0.0,0.07325686514377594
2443,1.9544000000000001,16,0.24880897998809814,0.0,0.0,0.24880897998809814
2444,1.9552,16,0.12525276839733124,0.0,0.0,0.12525276839733124
2445,1.956,16,0.01643776148557663,0.0,0.0,0.01643776148557663
2446,1.9567999999999999,16,0.01654186099767685,0.0,0.0,0.01654186099767685
2447,1.9576,16,0.10549415647983551,0.0,0.0,0.10549415647983551
2448,1.9584000000000001,16,0.32921305298805237,0.0,0.0,0.32921305298805237
2449,1.9592,16,0.1875143200159073,0.0,0.0,0.1875143200159073
2450,1.96,16,0.27449271082878113,0.0,0.0,0.27449271082878113
2451,1.9607999999999999,16,0.07661516964435577,0.0,0.0,0.07661516964435577
2452,1.9616,16,0.27826276421546936,0.0,0.0,0.27826276421546936
2453,1.9624000000000001,16,0.0483795702457428,0.0,0.0,0.0483795702457428
2454,1.9632,16,0.05070897564291954,0.0,0.0,0.05070897564291954
2455,1.964,16,0.1404513269662857,0.0,0.0,0.1404513269662857
2456,1.9647999999999999,16,0.1430896669626236,0.0,0.0,0.1430896669626236
2457,1.9656,16,0.5475896000862122,0.0,0.0,0.5475896000862122
2458,1.9664000000000001,16,0.4823744595050812,0.0,0.0,0.4823744595050812
2459,1.9672,16,0.0685429722070694,0.0,0.0,0.0685429722070694
2460,1.968,16,0.4360812306404114,0.0,0.0,0.4360812306404114
2461,1.9687999999999999,16,0.14320027828216553,0.0,0.0,0.14320027828216553
2462,1.9696,16,0.046851009130477905,0.0,0.0,0.046851009130477905
2463,1.9704000000000002,16,0.01527598686516285,0.0,0.0,0.01527598686516285
2464,1.9712,16,0.03387976437807083,0.0,0.0,0.03387976437807083
2465,1.972,16,0.09598106890916824,0.0,0.0,0.09598106890916824
2466,1.9727999999999999,16,0.012838901951909065,0.0,0.0,0.012838901951909065
2467,1.9736,16,0.6213177442550659,0.0,0.0,0.6213177442550659
2468,1.9744000000000002,16,0.2558651864528656,0.0,0.0,0.2558651864528656
2469,1.9752,16,0.10621804744005203,0.0,0.0,0.10621804744005203
2470,1.976,16,0.31347179412841797,0.0,0.0,0.31347179412841797
2471,1.9768,16,0.32167109847068787,0.0,0.0,0.32167109847068787
2472,1.9776,16,0.022063065320253372,0.0,0.0,0.022063065320253372
2473,1.9784000000000002,16,0.34971266984939575,0.0,0.0,0.34971266984939575
2474,1.9792,16,0.023118842393159866,0.0,0.0,0.023118842393159866
2475,1.98,16,0.9440208077430725,0.0,0.0,0.9440208077430725
2476,1.9808,16,0.13924407958984375,0.0,0.0,0.13924407958984375
2477,1.9816,16,0.25281965732574463,0.0,0.0,0.25281965732574463
2478,1.9824000000000002,16,0.02701238915324211,0.0,0.0,0.02701238915324211
2479,1.9832,16,0.021334035322070122,0.0,0.0,0.021334035322070122
2480,1.984,16,0.01895647495985031,0.0,0.0,0.01895647495985031
2481,1.9848,16,0.009193857200443745,0.0,0.0,0.009193857200443745
2482,1.9856,16,0.33001184463500977,0.0,0.0,0.33001184463500977
2483,1.9864000000000002,16,0.08287815004587173,0.0,0.0,0.08287815004587173
2484,1.9872,16,0.2587641477584839,0.0,0.0,0.2587641477584839
2485,1.988,16,0.08185619860887527,0.0,0.0,0.08185619860887527
2486,1.9888,16,0.22623983025550842,0.0,0.0,0.22623983025550842
2487,1.9896,16,0.035624582320451736,0.0,0.0,0.035624582320451736
2488,1.9904,16,0.1865435540676117,0.0,0.0,0.1865435540676117
2489,1.9912,16,0.04586010426282883,0.0,0.0,0.04586010426282883
2490,1.992,16,0.007433832623064518,0.0,0.0,0.007433832623064518
2491,1.9928,16,0.2103014588356018,0.0,0.0,0.2103014588356018
2492,1.9936,16,0.07469897717237473,0.0,0.0,0.07469897717237473
2493,1.9944,16,0.008355813100934029,0.0,0.0,0.008355813100934029
2494,1.9952,16,0.18283815681934357,0.0,0.0,0.18283815681934357
2495,1.996,16,0.2509859800338745,0.0,0.0,0.2509859800338745
2496,1.9968,16,0.02635657973587513,0.0,0.0,0.02635657973587513
2497,1.9976,16,0.12210921943187714,0.0,0.0,0.12210921943187714
2498,1.9984,16,0.048948176205158234,0.0,0.0,0.048948176205158234
2499,1.9992,16,0.4129120409488678,0.0,0.0,0.4129120409488678
2500,2.0,16,0.011053964495658875,0.0,0.0,0.011053964495658875
2501,2.0008,16,0.006316314451396465,0.0,0.0,0.006316314451396465
2502,2.0016,16,0.03926047682762146,0.0,0.0,0.03926047682762146
2503,2.0024,16,0.02827261947095394,0.0,0.0,0.02827261947095394
2504,2.0032,16,0.05103958025574684,0.0,0.0,0.05103958025574684
2505,2.004,16,0.012074005790054798,0.0,0.0,0.012074005790054798
2506,2.0048,16,0.3542523682117462,0.0,0.0,0.3542523682117462
2507,2.0056,16,0.005254222080111504,0.0,0.0,0.005254222080111504
2508,2.0064,16,0.023613793775439262,0.0,0.0,0.023613793775439262
2509,2.0072,16,0.031226295977830887,0.0,0.0,0.031226295977830887
2510,2.008,16,0.06257133930921555,0.0,0.0,0.06257133930921555
2511,2.0088,16,0.4098789691925049,0.0,0.0,0.4098789691925049
2512,2.0096,16,0.005248831585049629,0.0,0.0,0.005248831585049629
2513,2.0104,16,0.0071332259103655815,0.0,0.0,0.0071332259103655815
2514,2.0112,16,0.007414782885462046,0.0,0.0,0.007414782885462046
2515,2.012,16,0.1134154349565506,0.0,0.0,0.1134154349565506
2516,2.0128,16,0.010080737993121147,0.0,0.0,0.010080737993121147
2517,2.0136,16,0.10804736614227295,0.0,0.0,0.10804736614227295
2518,2.0144,16,0.06523221731185913,0.0,0.0,0.06523221731185913
2519,2.0152,16,0.2684633731842041,0.0,0.0,0.2684633731842041
2520,2.016,16,0.15853336453437805,0.0,0.0,0.15853336453437805
2521,2.0168,16,0.013654597103595734,0.0,0.0,0.013654597103595734
2522,2.0176,16,0.017435256391763687,0.0,0.0,0.017435256391763687
2523,2.0184,16,0.2188962697982788,0.0,0.0,0.2188962697982788
2524,2.0192,16,0.1274905800819397,0.0,0.0,0.1274905800819397
2525,2.02,16,0.003926308825612068,0.0,0.0,0.003926308825612068
2526,2.0208,16,0.07086625695228577,0.0,0.0,0.07086625695228577
2527,2.0216,16,0.008671300485730171,0.0,0.0,0.008671300485730171
2528,2.0224,16,0.005145968869328499,0.0,0.0,0.005145968869328499
2529,2.0232,16,0.016096290200948715,0.0,0.0,0.016096290200948715
2530,2.024,16,0.004954935051500797,0.0,0.0,0.004954935051500797
2531,2.0248,16,0.07545245438814163,0.0,0.0,0.07545245438814163
2532,2.0256,16,0.005012201145291328,0.0,0.0,0.005012201145291328
2533,2.0264,16,0.008146233856678009,0.0,0.0,0.008146233856678009
2534,2.0272,16,0.007829046808183193,0.0,0.0,0.007829046808183193
2535,2.028,16,0.0031502486672252417,0.0,0.0,0.0031502486672252417
2536,2.0288,16,0.007727665361016989,0.0,0.0,0.007727665361016989
2537,2.0296,16,0.007220640778541565,0.0,0.0,0.007220640778541565
2538,2.0304,16,0.007399506401270628,0.0,0.0,0.007399506401270628
2539,2.0312,16,0.003062840085476637,0.0,0.0,0.003062840085476637
2540,2.032,16,0.011692595668137074,0.0,0.0,0.011692595668137074
2541,2.0328,16,0.11830957978963852,0.0,0.0,0.11830957978963852
2542,2.0336,16,0.4014264941215515,0.0,0.0,0.4014264941215515
2543,2.0344,16,0.013996166177093983,0.0,0.0,0.013996166177093983
2544,2.0352,16,0.00383963854983449,0.0,0.0,0.00383963854983449
2545,2.036,16,0.01147147174924612,0.0,0.0,0.01147147174924612
2546,2.0368,16,0.06608393043279648,0.0,0.0,0.06608393043279648
2547,2.0376,16,0.3865300118923187,0.0,0.0,0.3865300118923187
2548,2.0384,16,0.004411173053085804,0.0,0.0,0.004411173053085804
2549,2.0392,16,0.00544491782784462,0.0,0.0,0.00544491782784462
2550,2.04,16,0.019422153010964394,0.0,0.0,0.019422153010964394
2551,2.0408,16,0.026117227971553802,0.0,0.0,0.026117227971553802
2552,2.0416,16,0.00518194492906332,0.0,0.0,0.00518194492906332
2553,2.0424,16,0.002304248744621873,0.0,0.0,0.002304248744621873
2554,2.0432,16,0.004455845337361097,0.0,0.0,0.004455845337361097
2555,2.044,16,0.00538222212344408,0.0,0.0,0.00538222212344408
2556,2.0448,16,0.0052950382232666016,0.0,0.0,0.0052950382232666016
2557,2.0456,16,0.023779969662427902,0.0,0.0,0.023779969662427902
2558,2.0464,16,0.010382051579654217,0.0,0.0,0.010382051579654217
2559,2.0472,16,0.01275261864066124,0.0,0.0,0.01275261864066124
2560,2.048,16,0.0043784030713140965,0.0,0.0,0.0043784030713140965
2561,2.0488,16,0.012213658541440964,0.0,0.0,0.012213658541440964
2562,2.0496,16,0.05957835912704468,0.0,0.0,0.05957835912704468
2563,2.0504,16,0.18355593085289001,0.0,0.0,0.18355593085289001
2564,2.0512,16,0.43041378259658813,0.0,0.0,0.43041378259658813
2565,2.052,16,0.006411641836166382,0.0,0.0,0.006411641836166382
2566,2.0528,16,0.010491473600268364,0.0,0.0,0.010491473600268364
2567,2.0536,16,0.004437480587512255,0.0,0.0,0.004437480587512255
2568,2.0544,16,0.0028563286177814007,0.0,0.0,0.0028563286177814007
2569,2.0552,16,0.0026311215478926897,0.0,0.0,0.0026311215478926897
2570,2.056,16,0.005785011220723391,0.0,0.0,0.005785011220723391
2571,2.0568,16,0.050450414419174194,0.0,0.0,0.050450414419174194
2572,2.0576,16,0.0033503887243568897,0.0,0.0,0.0033503887243568897
2573,2.0584,16,0.20840051770210266,0.0,0.0,0.20840051770210266
2574,2.0592,16,0.0023357835598289967,0.0,0.0,0.0023357835598289967
2575,2.06,16,0.007075580768287182,0.0,0.0,0.007075580768287182
2576,2.0608,16,0.0029852031730115414,0.0,0.0,0.0029852031730115414
2577,2.0616,16,0.004469853825867176,0.0,0.0,0.004469853825867176
2578,2.0624,16,0.17135466635227203,0.0,0.0,0.17135466635227203
2579,2.0632,16,0.0020504039712250233,0.0,0.0,0.0020504039712250233
2580,2.064,16,0.002029133727774024,0.0,0.0,0.002029133727774024
2581,2.0648,16,0.0018217647448182106,0.0,0.0,0.0018217647448182106
2582,2.0656,16,0.0020957363303750753,0.0,0.0,0.0020957363303750753
2583,2.0664,16,0.01600039005279541,0.0,0.0,0.01600039005279541
2584,2.0672,16,0.005831744056195021,0.0,0.0,0.005831744056195021
2585,2.068,16,0.034374579787254333,0.0,0.0,0.034374579787254333
2586,2.0688,16,0.03884061425924301,0.0,0.0,0.03884061425924301
2587,2.0696,16,0.011752629652619362,0.0,0.0,0.011752629652619362
2588,2.0704,16,0.006307240575551987,0.0,0.0,0.006307240575551987
2589,2.0712,16,0.007029682397842407,0.0,0.0,0.007029682397842407
2590,2.072,16,0.05094671994447708,0.0,0.0,0.05094671994447708
2591,2.0728,16,0.3565269410610199,0.0,0.0,0.3565269410610199
2592,2.0736,16,0.0017195488326251507,0.0,0.0,0.0017195488326251507
2593,2.0744,16,0.006406642496585846,0.0,0.0,0.006406642496585846
2594,2.0752,16,0.12055494636297226,0.0,0.0,0.12055494636297226
2595,2.076,16,0.004685641266405582,0.0,0.0,0.004685641266405582
2596,2.0768,16,0.0113306799903512,0.0,0.0,0.0113306799903512
2597,2.0776,16,0.003872433677315712,0.0,0.0,0.003872433677315712
2598,2.0784,16,0.003078659065067768,0.0,0.0,0.003078659065067768
2599,2.0792,16,0.001754067838191986,0.0,0.0,0.001754067838191986
2600,2.08,16,0.0023359153419733047,0.0,0.0,0.0023359153419733047
2601,2.0808,16,0.0030076024122536182,0.0,0.0,0.0030076024122536182
2602,2.0816,16,0.0018973289988934994,0.0,0.0,0.0018973289988934994
2603,2.0824,16,0.3054637312889099,0.0,0.0,0.3054637312889099
2604,2.0832,16,0.001594384666532278,0.0,0.0,0.001594384666532278
2605,2.084,16,0.004452816676348448,0.0,0.0,0.004452816676348448
2606,2.0848,16,0.00173547537997365,0.0,0.0,0.00173547537997365
2607,2.0856,16,0.0029946796130388975,0.0,0.0,0.0029946796130388975
2608,2.0864,16,0.25436750054359436,0.0,0.0,0.25436750054359436
2609,2.0872,16,0.004759249277412891,0.0,0.0,0.004759249277412891
2610,2.088,16,0.31227800250053406,0.0,0.0,0.31227800250053406
2611,2.0888,16,0.2317456156015396,0.0,0.0,0.2317456156015396
2612,2.0896,16,0.3741084337234497,0.0,0.0,0.3741084337234497
2613,2.0904,16,0.24457348883152008,0.0,0.0,0.24457348883152008
2614,2.0912,16,0.010153333656489849,0.0,0.0,0.010153333656489849
2615,2.092,16,0.1087777391076088,0.0,0.0,0.1087777391076088
2616,2.0928,16,0.011580352671444416,0.0,0.0,0.011580352671444416
2617,2.0936,16,0.03854115307331085,0.0,0.0,0.03854115307331085
2618,2.0944,16,0.0023633213713765144,0.0,0.0,0.0023633213713765144
2619,2.0952,16,0.06407284736633301,0.0,0.0,0.06407284736633301
2620,2.096,16,0.13251037895679474,0.0,0.0,0.13251037895679474
2621,2.0968,16,0.0919274091720581,0.0,0.0,0.0919274091720581
2622,2.0976,16,0.00459885410964489,0.0,0.0,0.00459885410964489
2623,2.0984,16,0.30536898970603943,0.0,0.0,0.30536898970603943
2624,2.0992,16,0.0019892079290002584,0.0,0.0,0.0019892079290002584
2625,2.1,16,0.029362784698605537,0.0,0.0,0.029362784698605537
2626,2.1008,16,0.005790418945252895,0.0,0.0,0.005790418945252895
2627,2.1016,16,0.07310530543327332,0.0,0.0,0.07310530543327332
2628,2.1024,16,0.0024481057189404964,0.0,0.0,0.0024481057189404964
2629,2.1032,16,0.003034272463992238,0.0,0.0,0.003034272463992238
2630,2.104,16,0.019992733374238014,0.0,0.0,0.019992733374238014
2631,2.1048,16,0.002358985599130392,0.0,0.0,0.002358985599130392
2632,2.1056,16,0.03981466218829155,0.0,0.0,0.03981466218829155
2633,2.1064,16,0.36574894189834595,0.0,0.0,0.36574894189834595
2634,2.1072,16,0.002111735288053751,0.0,0.0,0.002111735288053751
2635,2.108,16,0.11375288665294647,0.0,0.0,0.11375288665294647
2636,2.1088,16,0.0034600915387272835,0.0,0.0,0.0034600915387272835
2637,2.1096,16,0.009130752645432949,0.0,0.0,0.009130752645432949
2638,2.1104,16,0.002209271304309368,0.0,0.0,0.002209271304309368
2639,2.1112,16,0.0042610689997673035,0.0,0.0,0.0042610689997673035
2640,2.112,16,0.0020350918639451265,0.0,0.0,0.0020350918639451265
2641,2.1128,16,0.0019495980814099312,0.0,0.0,0.0019495980814099312
2642,2.1136,16,0.017627444118261337,0.0,0.0,0.017627444118261337
2643,2.1144,16,0.001779202837496996,0.0,0.0,0.001779202837496996
2644,2.1152,16,0.002283860929310322,0.0,0.0,0.002283860929310322
2645,2.116,16,0.5002902746200562,0.0,0.0,0.5002902746200562
2646,2.1168,16,0.0446404404938221,0.0,0.0,0.0446404404938221
2647,2.1176,16,0.47156333923339844,0.0,0.0,0.47156333923339844
2648,2.1184,16,0.008082322776317596,0.0,0.0,0.008082322776317596
2649,2.1192,16,0.012177960015833378,0.0,0.0,0.012177960015833378
2650,2.12,16,0.005475884303450584,0.0,0.0,0.005475884303450584
2651,2.1208,16,0.06308805197477341,0.0,0.0,0.06308805197477341
2652,2.1216,16,0.0024182694032788277,0.0,0.0,0.0024182694032788277
2653,2.1224,16,0.07900123298168182,0.0,0.0,0.07900123298168182
2654,2.1232,16,0.0028579554054886103,0.0,0.0,0.0028579554054886103
2655,2.124,16,0.04049994423985481,0.0,0.0,0.04049994423985481
2656,2.1248,16,0.13288162648677826,0.0,0.0,0.13288162648677826
2657,2.1256,16,0.4354623258113861,0.0,0.0,0.4354623258113861
2658,2.1264,16,0.008701254613697529,0.0,0.0,0.008701254613697529
2659,2.1272,16,0.0016461554914712906,0.0,0.0,0.0016461554914712906
2660,2.128,16,0.18046025931835175,0.0,0.0,0.18046025931835175
2661,2.1288,16,0.006550258025527,0.0,0.0,0.006550258025527
2662,2.1296,16,0.010920693166553974,0.0,0.0,0.010920693166553974
2663,2.1304,16,0.6601777672767639,0.0,0.0,0.6601777672767639
2664,2.1312,16,0.0022105693351477385,0.0,0.0,0.0022105693351477385
2665,2.132,16,0.003954047337174416,0.0,0.0,0.003954047337174416
2666,2.1328,16,0.3492310643196106,0.0,0.0,0.3492310643196106
2667,2.1336,16,0.13127273321151733,0.0,0.0,0.13127273321151733
2668,2.1344,16,0.004105297848582268,0.0,0.0,0.004105297848582268
2669,2.1352,16,0.0038378292229026556,0.0,0.0,0.0038378292229026556
2670,2.136,16,0.0019194000633433461,0.0,0.0,0.0019194000633433461
2671,2.1368,16,0.0026884842664003372,0.0,0.0,0.0026884842664003372
2672,2.1376,16,0.003769771195948124,0.0,0.0,0.003769771195948124
2673,2.1384,16,0.006470594089478254,0.0,0.0,0.006470594089478254
2674,2.1391999999999998,16,0.0018652852158993483,0.0,0.0,0.0018652852158993483
2675,2.14,16,0.41515931487083435,0.0,0.0,0.41515931487083435
2676,2.1408,16,0.0021708249114453793,0.0,0.0,0.0021708249114453793
2677,2.1416,16,0.00355067802593112,0.0,0.0,0.00355067802593112
2678,2.1424,16,0.0017597913974896073,0.0,0.0,0.0017597913974896073
2679,2.1432,16,0.14873871207237244,0.0,0.0,0.14873871207237244
2680,2.144,16,0.002580141182988882,0.0,0.0,0.002580141182988882
2681,2.1448,16,0.02025601640343666,0.0,0.0,0.02025601640343666
2682,2.1456,16,0.08231090009212494,0.0,0.0,0.08231090009212494
2683,2.1464,16,0.14010801911354065,0.0,0.0,0.14010801911354065
2684,2.1471999999999998,16,0.0019995393231511116,0.0,0.0,0.0019995393231511116
2685,2.148,16,0.0028628536965698004,0.0,0.0,0.0028628536965698004
2686,2.1488,16,0.0016422936460003257,0.0,0.0,0.0016422936460003257
2687,2.1496,16,0.0022869380190968513,0.0,0.0,0.0022869380190968513
2688,2.1504,16,0.0017347583780065179,0.0,0.0,0.0017347583780065179
2689,2.1512000000000002,16,0.013557390309870243,0.0,0.0,0.013557390309870243
2690,2.152,16,0.0032393289729952812,0.0,0.0,0.0032393289729952812
2691,2.1528,16,0.0024816030636429787,0.0,0.0,0.0024816030636429787
2692,2.1536,16,0.0024226554669439793,0.0,0.0,0.0024226554669439793
2693,2.1544,16,0.0754624754190445,0.0,0.0,0.0754624754190445
2694,2.1552,16,0.0026037218049168587,0.0,0.0,0.0026037218049168587
2695,2.156,16,0.00298919714987278,0.0,0.0,0.00298919714987278
2696,2.1568,16,0.0796872153878212,0.0,0.0,0.0796872153878212
2697,2.1576,16,0.020885726436972618,0.0,0.0,0.020885726436972618
2698,2.1584,16,0.36947542428970337,0.0,0.0,0.36947542428970337
2699,2.1592000000000002,16,0.0027032862417399883,0.0,0.0,0.0027032862417399883
2700,2.16,16,0.3178015351295471,0.0,0.0,0.3178015351295471
2701,2.1608,16,0.130306214094162,0.0,0.0,0.130306214094162
2702,2.1616,16,0.026815833523869514,0.0,0.0,0.026815833523869514
2703,2.1624,16,0.652994692325592,0.0,0.0,0.652994692325592
2704,2.1632,16,0.005189915187656879,0.0,0.0,0.005189915187656879
2705,2.164,16,0.002761685289442539,0.0,0.0,0.002761685289442539
2706,2.1648,16,0.00320051028393209,0.0,0.0,0.00320051028393209
2707,2.1656,16,0.0049776844680309296,0.0,0.0,0.0049776844680309296
2708,2.1664,16,0.3683742880821228,0.0,0.0,0.3683742880821228
2709,2.1672,16,0.018438681960105896,0.0,0.0,0.018438681960105896
2710,2.168,16,0.31761589646339417,0.0,0.0,0.31761589646339417
2711,2.1688,16,0.0014012872707098722,0.0,0.0,0.0014012872707098722
2712,2.1696,16,0.005530234891921282,0.0,0.0,0.005530234891921282
2713,2.1704,16,0.31345105171203613,0.0,0.0,0.31345105171203613
2714,2.1712,16,0.007855845615267754,0.0,0.0,0.007855845615267754
2715,2.172,16,0.19176208972930908,0.0,0.0,0.19176208972930908
2716,2.1728,16,0.22729440033435822,0.0,0.0,0.22729440033435822
2717,2.1736,16,0.3229900002479553,0.0,0.0,0.3229900002479553
2718,2.1744,16,0.0026036466006189585,0.0,0.0,0.0026036466006189585
2719,2.1752,16,0.003541214857250452,0.0,0.0,0.003541214857250452
2720,2.176,16,0.7792559862136841,0.0,0.0,0.7792559862136841
2721,2.1768,16,0.00248691625893116,0.0,0.0,0.00248691625893116
2722,2.1776,16,0.008592123165726662,0.0,0.0,0.008592123165726662
2723,2.1784,16,0.09140093624591827,0.0,0.0,0.09140093624591827
2724,2.1792,16,0.027653636410832405,0.0,0.0,0.027653636410832405
2725,2.18,16,0.0222094114869833,0.0,0.0,0.0222094114869833
2726,2.1808,16,0.0024941088631749153,0.0,0.0,0.0024941088631749153
2727,2.1816,16,0.5239196419715881,0.0,0.0,0.5239196419715881
2728,2.1824,16,0.0033594067208468914,0.0,0.0,0.0033594067208468914
2729,2.1832,16,0.003728648880496621,0.0,0.0,0.003728648880496621
2730,2.184,16,0.7368043661117554,0.0,0.0,0.7368043661117554
2731,2.1848,16,0.001881567295640707,0.0,0.0,0.001881567295640707
2732,2.1856,16,0.04073204845190048,0.0,0.0,0.04073204845190048
2733,2.1864,16,0.013492987491190434,0.0,0.0,0.013492987491190434
2734,2.1872,16,0.002397099044173956,0.0,0.0,0.002397099044173956
2735,2.188,16,0.2366374135017395,0.0,0.0,0.2366374135017395
2736,2.1888,16,0.45362207293510437,0.0,0.0,0.45362207293510437
2737,2.1896,16,0.0017440218944102526,0.0,0.0,0.0017440218944102526
2738,2.1904,16,0.00541980704292655,0.0,0.0,0.00541980704292655
2739,2.1912,16,0.004109931644052267,0.0,0.0,0.004109931644052267
2740,2.192,16,0.007812018971890211,0.0,0.0,0.007812018971890211
2741,2.1928,16,0.003376553300768137,0.0,0.0,0.003376553300768137
2742,2.1936,16,0.031228015199303627,0.0,0.0,0.031228015199303627
2743,2.1944,16,0.005878755357116461,0.0,0.0,0.005878755357116461
2744,2.1952,16,0.003509507980197668,0.0,0.0,0.003509507980197668
2745,2.196,16,0.003217679914087057,0.0,0.0,0.003217679914087057
2746,2.1968,16,0.002356940880417824,0.0,0.0,0.002356940880417824
2747,2.1976,16,0.004817139357328415,0.0,0.0,0.004817139357328415
2748,2.1984,16,0.003012930043041706,0.0,0.0,0.003012930043041706
2749,2.1992,16,0.0022150168661028147,0.0,0.0,0.0022150168661028147
2750,2.2,16,0.004422646947205067,0.0,0.0,0.004422646947205067
2751,2.2008,16,0.0022017823066562414,0.0,0.0,0.0022017823066562414
2752,2.2016,16,0.0045641278848052025,0.0,0.0,0.0045641278848052025
2753,2.2024,16,0.09661459177732468,0.0,0.0,0.09661459177732468
2754,2.2032,16,0.43869972229003906,0.0,0.0,0.43869972229003906
2755,2.204,16,0.0034416839480400085,0.0,0.0,0.0034416839480400085
2756,2.2048,16,0.12994657456874847,0.0,0.0,0.12994657456874847
2757,2.2056,16,0.001970801968127489,0.0,0.0,0.001970801968127489
2758,2.2064,16,0.0016062735812738538,0.0,0.0,0.0016062735812738538
2759,2.2072,16,0.0027235746383666992,0.0,0.0,0.0027235746383666992
2760,2.208,16,0.32545578479766846,0.0,0.0,0.32545578479766846
2761,2.2088,16,0.0022865496575832367,0.0,0.0,0.0022865496575832367
2762,2.2096,16,0.004271141719073057,0.0,0.0,0.004271141719073057
2763,2.2104,16,0.12725277245044708,0.0,0.0,0.12725277245044708
2764,2.2112,16,0.3969031870365143,0.0,0.0,0.3969031870365143
2765,2.212,16,0.3875630497932434,0.0,0.0,0.3875630497932434
2766,2.2128,16,0.005137121770530939,0.0,0.0,0.005137121770530939
2767,2.2136,16,0.3507332503795624,0.0,0.0,0.3507332503795624
2768,2.2144,16,0.0039202566258609295,0.0,0.0,0.0039202566258609295
2769,2.2152,16,0.0034834169782698154,0.0,0.0,0.0034834169782698154
2770,2.216,16,0.004104881547391415,0.0,0.0,0.004104881547391415
2771,2.2168,16,0.02818278595805168,0.0,0.0,0.02818278595805168
2772,2.2176,16,0.005608790088444948,0.0,0.0,0.005608790088444948
2773,2.2184,16,0.043569259345531464,0.0,0.0,0.043569259345531464
2774,2.2192,16,0.4012240767478943,0.0,0.0,0.4012240767478943
2775,2.22,16,0.018122924491763115,0.0,0.0,0.018122924491763115
2776,2.2208,16,0.00744446087628603,0.0,0.0,0.00744446087628603
2777,2.2216,16,0.01782440021634102,0.0,0.0,0.01782440021634102
2778,2.2224,16,0.18304204940795898,0.0,0.0,0.18304204940795898
2779,2.2232,16,0.3013089895248413,0.0,0.0,0.3013089895248413
2780,2.224,16,0.007492222357541323,0.0,0.0,0.007492222357541323
2781,2.2248,16,0.002684592269361019,0.0,0.0,0.002684592269361019
2782,2.2256,16,0.003052918240427971,0.0,0.0,0.003052918240427971
2783,2.2264,16,0.3974641263484955,0.0,0.0,0.3974641263484955
2784,2.2272,16,0.645752489566803,0.0,0.0,0.645752489566803
2785,2.228,16,0.0065191397443413734,0.0,0.0,0.0065191397443413734
2786,2.2288,16,0.22818335890769958,0.0,0.0,0.22818335890769958
2787,2.2296,16,0.0035046443808823824,0.0,0.0,0.0035046443808823824
2788,2.2304,16,0.0024335759226232767,0.0,0.0,0.0024335759226232767
2789,2.2312,16,0.39337873458862305,0.0,0.0,0.39337873458862305
2790,2.232,16,0.2898673117160797,0.0,0.0,0.2898673117160797
2791,2.2328,16,0.00902717188000679,0.0,0.0,0.00902717188000679
2792,2.2336,16,0.003288631560280919,0.0,0.0,0.003288631560280919
2793,2.2344,16,0.36661192774772644,0.0,0.0,0.36661192774772644
2794,2.2352,16,0.0023545161820948124,0.0,0.0,0.0023545161820948124
2795,2.2359999999999998,16,0.0084034763276577,0.0,0.0,0.0084034763276577
2796,2.2368,16,0.2699161171913147,0.0,0.0,0.2699161171913147
2797,2.2376,16,0.002693673362955451,0.0,0.0,0.002693673362955451
2798,2.2384,16,0.08260408788919449,0.0,0.0,0.08260408788919449
2799,2.2392,16,0.005501745734363794,0.0,0.0,0.005501745734363794
2800,2.24,16,0.006989596411585808,0.0,0.0,0.006989596411585808
2801,2.2408,16,0.7588967084884644,0.0,0.0,0.7588967084884644
2802,2.2416,16,0.003850043285638094,0.0,0.0,0.003850043285638094
2803,2.2424,16,0.003721510525792837,0.0,0.0,0.003721510525792837
2804,2.2432,16,0.0033055893145501614,0.0,0.0,0.0033055893145501614
2805,2.2439999999999998,16,0.1523970365524292,0.0,0.0,0.1523970365524292
2806,2.2448,16,0.026043865829706192,0.0,0.0,0.026043865829706192
2807,2.2456,16,0.003668195102363825,0.0,0.0,0.003668195102363825
2808,2.2464,16,0.004435596987605095,0.0,0.0,0.004435596987605095
2809,2.2472,16,0.004177170805633068,0.0,0.0,0.004177170805633068
2810,2.248,16,0.003529870416969061,0.0,0.0,0.003529870416969061
2811,2.2488,16,0.003962201997637749,0.0,0.0,0.003962201997637749
2812,2.2496,16,0.007153377402573824,0.0,0.0,0.007153377402573824
2813,2.2504,16,0.4671304225921631,0.0,0.0,0.4671304225921631
2814,2.2512,16,0.3436596393585205,0.0,0.0,0.3436596393585205
2815,2.252,16,0.0036523533053696156,0.0,0.0,0.0036523533053696156
2816,2.2528,16,0.33865079283714294,0.0,0.0,0.33865079283714294
2817,2.2536,16,0.003991169389337301,0.0,0.0,0.003991169389337301
2818,2.2544,16,0.049159545451402664,0.0,0.0,0.049159545451402664
2819,2.2552,16,0.004241728689521551,0.0,0.0,0.004241728689521551
2820,2.2560000000000002,16,0.3942060172557831,0.0,0.0,0.3942060172557831
2821,2.2568,16,0.10731758922338486,0.0,0.0,0.10731758922338486
2822,2.2576,16,0.00487435283139348,0.0,0.0,0.00487435283139348
2823,2.2584,16,0.005594613030552864,0.0,0.0,0.005594613030552864
2824,2.2592,16,0.004799731075763702,0.0,0.0,0.004799731075763702
2825,2.26,16,0.026940690353512764,0.0,0.0,0.026940690353512764
2826,2.2608,16,0.007714082952588797,0.0,0.0,0.007714082952588797
2827,2.2616,16,0.13010184466838837,0.0,0.0,0.13010184466838837
2828,2.2624,16,0.004678022116422653,0.0,0.0,0.004678022116422653
2829,2.2632,16,0.008295310661196709,0.0,0.0,0.008295310661196709
2830,2.2640000000000002,16,0.004473639652132988,0.0,0.0,0.004473639652132988
2831,2.2648,16,0.0038874412421137094,0.0,0.0,0.0038874412421137094
2832,2.2656,16,0.009238540194928646,0.0,0.0,0.009238540194928646
2833,2.2664,16,0.011495590209960938,0.0,0.0,0.011495590209960938
2834,2.2672,16,0.005010833963751793,0.0,0.0,0.005010833963751793
2835,2.268,16,0.0037478357553482056,0.0,0.0,0.0037478357553482056
2836,2.2688,16,0.005314613692462444,0.0,0.0,0.005314613692462444
2837,2.2696,16,0.22336913645267487,0.0,0.0,0.22336913645267487
2838,2.2704,16,0.005560143850743771,0.0,0.0,0.005560143850743771
2839,2.2712,16,0.006214648950845003,0.0,0.0,0.006214648950845003
2840,2.2720000000000002,16,0.0033037522807717323,0.0,0.0,0.0033037522807717323
2841,2.2728,16,0.00475048553198576,0.0,0.0,0.00475048553198576
2842,2.2736,16,0.0037476043216884136,0.0,0.0,0.0037476043216884136
2843,2.2744,16,0.0052405898459255695,0.0,0.0,0.0052405898459255695
2844,2.2752,16,0.0032494463957846165,0.0,0.0,0.0032494463957846165
2845,2.276,16,0.0058052754029631615,0.0,0.0,0.0058052754029631615
2846,2.2768,16,0.008206941187381744,0.0,0.0,0.008206941187381744
2847,2.2776,16,0.21245847642421722,0.0,0.0,0.21245847642421722
2848,2.2784,16,0.00720236636698246,0.0,0.0,0.00720236636698246
2849,2.2792,16,0.007776534650474787,0.0,0.0,0.007776534650474787
2850,2.2800000000000002,16,0.024633824825286865,0.0,0.0,0.024633824825286865
2851,2.2808,16,0.0027688099071383476,0.0,0.0,0.0027688099071383476
2852,2.2816,16,0.0037256081122905016,0.0,0.0,0.0037256081122905016
2853,2.2824,16,0.28017210960388184,0.0,0.0,0.28017210960388184
2854,2.2832,16,0.003243622835725546,0.0,0.0,0.003243622835725546
2855,2.284,16,0.007281460799276829,0.0,0.0,0.007281460799276829
2856,2.2848,16,0.016266953200101852,0.0,0.0,0.016266953200101852
2857,2.2856,16,0.004988662898540497,0.0,0.0,0.004988662898540497
2858,2.2864,16,0.003047470236197114,0.0,0.0,0.003047470236197114
2859,2.2872,16,0.052374083548784256,0.0,0.0,0.052374083548784256
2860,2.288,16,0.00281773554161191,0.0,0.0,0.00281773554161191
2861,2.2888,16,0.06525279581546783,0.0,0.0,0.06525279581546783
2862,2.2896,16,0.0034091733396053314,0.0,0.0,0.0034091733396053314
2863,2.2904,16,0.0024196559097617865,0.0,0.0,0.0024196559097617865
2864,2.2912,16,0.0032701371237635612,0.0,0.0,0.0032701371237635612
2865,2.292,16,0.3910580575466156,0.0,0.0,0.3910580575466156
2866,2.2928,16,0.004446846898645163,0.0,0.0,0.004446846898645163
2867,2.2936,16,0.011273405514657497,0.0,0.0,0.011273405514657497
2868,2.2944,16,0.0035651277285069227,0.0,0.0,0.0035651277285069227
2869,2.2952,16,0.1475788652896881,0.0,0.0,0.1475788652896881
2870,2.296,16,0.002014501951634884,0.0,0.0,0.002014501951634884
2871,2.2968,16,0.39485833048820496,0.0,0.0,0.39485833048820496
2872,2.2976,16,0.22959455847740173,0.0,0.0,0.22959455847740173
2873,2.2984,16,0.002591435331851244,0.0,0.0,0.002591435331851244
2874,2.2992,16,0.007491748314350843,0.0,0.0,0.007491748314350843
2875,2.3,16,0.2255161851644516,0.0,0.0,0.2255161851644516
2876,2.3008,16,0.4239822030067444,0.0,0.0,0.4239822030067444
2877,2.3016,16,0.037119343876838684,0.0,0.0,0.037119343876838684
2878,2.3024,16,0.3319907784461975,0.0,0.0,0.3319907784461975
2879,2.3032,16,0.0027046180330216885,0.0,0.0,0.0027046180330216885
2880,2.304,16,0.38050535321235657,0.0,0.0,0.38050535321235657
2881,2.3048,16,0.3922424018383026,0.0,0.0,0.3922424018383026
2882,2.3056,16,0.07985521107912064,0.0,0.0,0.07985521107912064
2883,2.3064,16,0.003819640725851059,0.0,0.0,0.003819640725851059
2884,2.3072,16,0.15187834203243256,0.0,0.0,0.15187834203243256
2885,2.308,16,0.08333009481430054,0.0,0.0,0.08333009481430054
2886,2.3088,16,0.006568411365151405,0.0,0.0,0.006568411365151405
2887,2.3096,16,0.11584270000457764,0.0,0.0,0.11584270000457764
2888,2.3104,16,0.16465575993061066,0.0,0.0,0.16465575993061066
2889,2.3112,16,0.19221149384975433,0.0,0.0,0.19221149384975433
2890,2.312,16,0.2181975096464157,0.0,0.0,0.2181975096464157
2891,2.3128,16,0.06895697116851807,0.0,0.0,0.06895697116851807
2892,2.3136,16,0.3702637553215027,0.0,0.0,0.3702637553215027
2893,2.3144,16,0.05227018892765045,0.0,0.0,0.05227018892765045
2894,2.3152,16,0.0036411737091839314,0.0,0.0,0.0036411737091839314
2895,2.316,16,0.0035495860502123833,0.0,0.0,0.0035495860502123833
2896,2.3168,16,0.003212281037122011,0.0,0.0,0.003212281037122011
2897,2.3176,16,0.7172196507453918,0.0,0.0,0.7172196507453918
2898,2.3184,16,0.002885791938751936,0.0,0.0,0.002885791938751936
2899,2.3192,16,0.015364506281912327,0.0,0.0,0.015364506281912327
2900,2.32,16,0.005372717045247555,0.0,0.0,0.005372717045247555
2901,2.3208,16,0.005255332216620445,0.0,0.0,0.005255332216620445
2902,2.3216,16,0.003611817490309477,0.0,0.0,0.003611817490309477
2903,2.3224,16,0.34720346331596375,0.0,0.0,0.34720346331596375
2904,2.3232,16,0.3699662387371063,0.0,0.0,0.3699662387371063
2905,2.324,16,0.006408596411347389,0.0,0.0,0.006408596411347389
2906,2.3247999999999998,16,0.07938539981842041,0.0,0.0,0.07938539981842041
2907,2.3256,16,0.0032805283553898335,0.0,0.0,0.0032805283553898335
2908,2.3264,16,0.32825642824172974,0.0,0.0,0.32825642824172974
2909,2.3272,16,0.014454896561801434,0.0,0.0,0.014454896561801434
2910,2.328,16,0.005968938581645489,0.0,0.0,0.005968938581645489
2911,2.3288,16,0.009259446524083614,0.0,0.0,0.009259446524083614
2912,2.3296,16,0.004445373080670834,0.0,0.0,0.004445373080670834
2913,2.3304,16,0.01645677536725998,0.0,0.0,0.01645677536725998
2914,2.3312,16,0.004114488139748573,0.0,0.0,0.004114488139748573
2915,2.332,16,0.004863217938691378,0.0,0.0,0.004863217938691378
2916,2.3327999999999998,16,0.003361940151080489,0.0,0.0,0.003361940151080489
2917,2.3336,16,0.07719799131155014,0.0,0.0,0.07719799131155014
2918,2.3344,16,0.006128260865807533,0.0,0.0,0.006128260865807533
2919,2.3352,16,0.3526298701763153,0.0,0.0,0.3526298701763153
2920,2.336,16,0.06897149980068207,0.0,0.0,0.06897149980068207
2921,2.3368,16,0.008210577070713043,0.0,0.0,0.008210577070713043
2922,2.3376,16,0.0029664766043424606,0.0,0.0,0.0029664766043424606
2923,2.3384,16,0.004878208506852388,0.0,0.0,0.004878208506852388
2924,2.3392,16,0.027974678203463554,0.0,0.0,0.027974678203463554
2925,2.34,16,0.021633150056004524,0.0,0.0,0.021633150056004524
2926,2.3407999999999998,16,0.0037546141538769007,0.0,0.0,0.0037546141538769007
2927,2.3416,16,0.3128291368484497,0.0,0.0,0.3128291368484497
2928,2.3424,16,0.005348898470401764,0.0,0.0,0.005348898470401764
2929,2.3432,16,0.019079826772212982,0.0,0.0,0.019079826772212982
2930,2.344,16,0.003567952662706375,0.0,0.0,0.003567952662706375
2931,2.3448,16,0.004936614073812962,0.0,0.0,0.004936614073812962
2932,2.3456,16,0.009783761575818062,0.0,0.0,0.009783761575818062
2933,2.3464,16,0.0037980470806360245,0.0,0.0,0.0037980470806360245
2934,2.3472,16,0.3500671982765198,0.0,0.0,0.3500671982765198
2935,2.348,16,0.003203929401934147,0.0,0.0,0.003203929401934147
2936,2.3487999999999998,16,0.0032774698920547962,0.0,0.0,0.0032774698920547962
2937,2.3496,16,0.013430079445242882,0.0,0.0,0.013430079445242882
2938,2.3504,16,0.004335785750299692,0.0,0.0,0.004335785750299692
2939,2.3512,16,0.3483071029186249,0.0,0.0,0.3483071029186249
2940,2.352,16,0.36384737491607666,0.0,0.0,0.36384737491607666
2941,2.3528000000000002,16,0.018925447016954422,0.0,0.0,0.018925447016954422
2942,2.3536,16,0.004606937989592552,0.0,0.0,0.004606937989592552
2943,2.3544,16,0.008819721639156342,0.0,0.0,0.008819721639156342
2944,2.3552,16,0.020278379321098328,0.0,0.0,0.020278379321098328
2945,2.356,16,0.3309328258037567,0.0,0.0,0.3309328258037567
2946,2.3568,16,0.048202820122241974,0.0,0.0,0.048202820122241974
2947,2.3576,16,0.006961408071219921,0.0,0.0,0.006961408071219921
2948,2.3584,16,0.07368253171443939,0.0,0.0,0.07368253171443939
2949,2.3592,16,0.00399611983448267,0.0,0.0,0.00399611983448267
2950,2.36,16,0.025692809373140335,0.0,0.0,0.025692809373140335
2951,2.3608000000000002,16,0.003365667536854744,0.0,0.0,0.003365667536854744
2952,2.3616,16,0.004335838370025158,0.0,0.0,0.004335838370025158
2953,2.3624,16,0.005466538015753031,0.0,0.0,0.005466538015753031
2954,2.3632,16,0.12920308113098145,0.0,0.0,0.12920308113098145
2955,2.364,16,0.2736608684062958,0.0,0.0,0.2736608684062958
2956,2.3648,16,0.0068524982780218124,0.0,0.0,0.0068524982780218124
2957,2.3656,16,0.003785116132348776,0.0,0.0,0.003785116132348776
2958,2.3664,16,0.23583759367465973,0.0,0.0,0.23583759367465973
2959,2.3672,16,0.004306488204747438,0.0,0.0,0.004306488204747438
2960,2.368,16,0.003528774483129382,0.0,0.0,0.003528774483129382
2961,2.3688000000000002,16,0.8550268411636353,0.0,0.0,0.8550268411636353
2962,2.3696,16,0.0055829728953540325,0.0,0.0,0.0055829728953540325
2963,2.3704,16,0.004378750920295715,0.0,0.0,0.004378750920295715
2964,2.3712,16,0.014778519049286842,0.0,0.0,0.014778519049286842
2965,2.372,16,0.003530326299369335,0.0,0.0,0.003530326299369335
2966,2.3728,16,0.004010520409792662,0.0,0.0,0.004010520409792662
2967,2.3736,16,0.005740412976592779,0.0,0.0,0.005740412976592779
2968,2.3744,16,0.006375652737915516,0.0,0.0,0.006375652737915516
2969,2.3752,16,0.07109406590461731,0.0,0.0,0.07109406590461731
2970,2.376,16,0.309628963470459,0.0,0.0,0.309628963470459
2971,2.3768000000000002,16,0.3402520716190338,0.0,0.0,0.3402520716190338
2972,2.3776,16,0.005432531703263521,0.0,0.0,0.005432531703263521
2973,2.3784,16,0.0033834129571914673,0.0,0.0,0.0033834129571914673
2974,2.3792,16,0.002992406254634261,0.0,0.0,0.002992406254634261
2975,2.38,16,0.015416220761835575,0.0,0.0,0.015416220761835575
2976,2.3808,16,0.6678769588470459,0.0,0.0,0.6678769588470459
2977,2.3816,16,0.00665288046002388,0.0,0.0,0.00665288046002388
2978,2.3824,16,0.3011717200279236,0.0,0.0,0.3011717200279236
2979,2.3832,16,0.02511228434741497,0.0,0.0,0.02511228434741497
2980,2.384,16,0.0032879519276320934,0.0,0.0,0.0032879519276320934
2981,2.3848,16,0.0032645631581544876,0.0,0.0,0.0032645631581544876
2982,2.3856,16,0.4621952176094055,0.0,0.0,0.4621952176094055
2983,2.3864,16,0.005284647457301617,0.0,0.0,0.005284647457301617
2984,2.3872,16,0.17673997581005096,0.0,0.0,0.17673997581005096
2985,2.388,16,0.00318241398781538,0.0,0.0,0.00318241398781538
2986,2.3888,16,0.18099047243595123,0.0,0.0,0.18099047243595123
2987,2.3896,16,0.02541031874716282,0.0,0.0,0.02541031874716282
2988,2.3904,16,0.003635837696492672,0.0,0.0,0.003635837696492672
2989,2.3912,16,0.008364211767911911,0.0,0.0,0.008364211767911911
2990,2.392,16,0.022932205349206924,0.0,0.0,0.022932205349206924
2991,2.3928,16,0.005219504237174988,0.0,0.0,0.005219504237174988
2992,2.3936,16,0.003105669282376766,0.0,0.0,0.003105669282376766
2993,2.3944,16,0.003950368147343397,0.0,0.0,0.003950368147343397
2994,2.3952,16,0.07781045883893967,0.0,0.0,0.07781045883893967
2995,2.396,16,0.011601493693888187,0.0,0.0,0.011601493693888187
2996,2.3968,16,0.0034116564784199,0.0,0.0,0.0034116564784199
2997,2.3976,16,0.030269090086221695,0.0,0.0,0.030269090086221695
2998,2.3984,16,0.10524296015501022,0.0,0.0,0.10524296015501022
2999,2.3992,16,0.008318998850882053,0.0,0.0,0.008318998850882053
3000,2.4,16,0.004280341789126396,0.0,0.0,0.004280341789126396
3001,2.4008,16,0.004024806432425976,0.0,0.0,0.004024806432425976
3002,2.4016,16,0.096208855509758,0.0,0.0,0.096208855509758
3003,2.4024,16,0.004477505572140217,0.0,0.0,0.004477505572140217
3004,2.4032,16,0.010337183251976967,0.0,0.0,0.010337183251976967
3005,2.404,16,0.13608089089393616,0.0,0.0,0.13608089089393616
3006,2.4048,16,0.006067038979381323,0.0,0.0,0.006067038979381323
3007,2.4056,16,0.35296887159347534,0.0,0.0,0.35296887159347534
3008,2.4064,16,0.016340652480721474,0.0,0.0,0.016340652480721474
3009,2.4072,16,0.003228622954338789,0.0,0.0,0.003228622954338789
3010,2.408,16,0.23129808902740479,0.0,0.0,0.23129808902740479
3011,2.4088,16,0.003506788518279791,0.0,0.0,0.003506788518279791
3012,2.4096,16,0.4394834637641907,0.0,0.0,0.4394834637641907
3013,2.4104,16,0.0032400600612163544,0.0,0.0,0.0032400600612163544
3014,2.4112,16,0.006073337979614735,0.0,0.0,0.006073337979614735
3015,2.412,16,0.12672650814056396,0.0,0.0,0.12672650814056396
3016,2.4128,16,0.012317300774157047,0.0,0.0,0.012317300774157047
3017,2.4136,16,0.006272148806601763,0.0,0.0,0.006272148806601763
3018,2.4144,16,0.6739621758460999,0.0,0.0,0.6739621758460999
3019,2.4152,16,0.3807663321495056,0.0,0.0,0.3807663321495056
3020,2.416,16,0.002859199419617653,0.0,0.0,0.002859199419617653
3021,2.4168,16,0.05972716584801674,0.0,0.0,0.05972716584801674
3022,2.4176,16,0.2767854332923889,0.0,0.0,0.2767854332923889
3023,2.4184,16,0.30948880314826965,0.0,0.0,0.30948880314826965
3024,2.4192,16,0.25186842679977417,0.0,0.0,0.25186842679977417
3025,2.42,16,0.0026030498556792736,0.0,0.0,0.0026030498556792736
3026,2.4208,16,0.0038418532349169254,0.0,0.0,0.0038418532349169254
3027,2.4215999999999998,16,0.004583649802953005,0.0,0.0,0.004583649802953005
3028,2.4224,16,0.017999237403273582,0.0,0.0,0.017999237403273582
3029,2.4232,16,0.0034263913985341787,0.0,0.0,0.0034263913985341787
3030,2.424,16,0.36677291989326477,0.0,0.0,0.36677291989326477
3031,2.4248,16,0.0030011278577148914,0.0,0.0,0.0030011278577148914
3032,2.4256,16,0.003767570713534951,0.0,0.0,0.003767570713534951
3033,2.4264,16,0.525135338306427,0.0,0.0,0.525135338306427
3034,2.4272,16,0.005392608232796192,0.0,0.0,0.005392608232796192
3035,2.428,16,0.3835075795650482,0.0,0.0,0.3835075795650482
3036,2.4288,16,0.29464179277420044,0.0,0.0,0.29464179277420044
3037,2.4295999999999998,16,0.00717295752838254,0.0,0.0,0.00717295752838254
3038,2.4304,16,0.1170172393321991,0.0,0.0,0.1170172393321991
3039,2.4312,16,0.004917600657790899,0.0,0.0,0.004917600657790899
3040,2.432,16,0.006533497478812933,0.0,0.0,0.006533497478812933
3041,2.4328,16,0.006178496405482292,0.0,0.0,0.006178496405482292
3042,2.4336,16,0.3284120559692383,0.0,0.0,0.3284120559692383
3043,2.4344,16,0.31526216864585876,0.0,0.0,0.31526216864585876
3044,2.4352,16,0.003925070632249117,0.0,0.0,0.003925070632249117
3045,2.436,16,0.2760804295539856,0.0,0.0,0.2760804295539856
3046,2.4368,16,0.012487071566283703,0.0,0.0,0.012487071566283703
3047,2.4375999999999998,16,0.33468741178512573,0.0,0.0,0.33468741178512573
3048,2.4384,16,0.005627352278679609,0.0,0.0,0.005627352278679609
3049,2.4392,16,0.20429222285747528,0.0,0.0,0.20429222285747528
3050,2.44,16,0.004229193553328514,0.0,0.0,0.004229193553328514
3051,2.4408,16,0.3336871862411499,0.0,0.0,0.3336871862411499
3052,2.4416,16,0.06539047509431839,0.0,0.0,0.06539047509431839
3053,2.4424,16,0.004666506312787533,0.0,0.0,0.004666506312787533
3054,2.4432,16,0.004967120476067066,0.0,0.0,0.004967120476067066
3055,2.444,16,0.12981341779232025,0.0,0.0,0.12981341779232025
3056,2.4448,16,0.003813969437032938,0.0,0.0,0.003813969437032938
3057,2.4455999999999998,16,0.01142883487045765,0.0,0.0,0.01142883487045765
3058,2.4464,16,0.034191373735666275,0.0,0.0,0.034191373735666275
3059,2.4472,16,0.3851907253265381,0.0,0.0,0.3851907253265381
3060,2.448,16,0.02073812298476696,0.0,0.0,0.02073812298476696
3061,2.4488,16,0.014980120584368706,0.0,0.0,0.014980120584368706
3062,2.4496,16,0.15089163184165955,0.0,0.0,0.15089163184165955
3063,2.4504,16,0.43850237131118774,0.0,0.0,0.43850237131118774
3064,2.4512,16,0.003886891296133399,0.0,0.0,0.003886891296133399
3065,2.452,16,0.3449472188949585,0.0,0.0,0.3449472188949585
3066,2.4528,16,0.020051322877407074,0.0,0.0,0.020051322877407074
3067,2.4536,16,0.006252089515328407,0.0,0.0,0.006252089515328407
3068,2.4544,16,0.007635151036083698,0.0,0.0,0.007635151036083698
3069,2.4552,16,0.31231001019477844,0.0,0.0,0.31231001019477844
3070,2.456,16,0.41267475485801697,0.0,0.0,0.41267475485801697
3071,2.4568,16,0.004986370913684368,0.0,0.0,0.004986370913684368
3072,2.4576000000000002,16,0.005736351944506168,0.0,0.0,0.005736351944506168
3073,2.4584,16,0.005470528267323971,0.0,0.0,0.005470528267323971
3074,2.4592,16,0.23641657829284668,0.0,0.0,0.23641657829284668
3075,2.46,16,0.006576084066182375,0.0,0.0,0.006576084066182375
3076,2.4608,16,0.006882524583488703,0.0,0.0,0.006882524583488703
3077,2.4616,16,0.009678271599113941,0.0,0.0,0.009678271599113941
3078,2.4624,16,0.10765460878610611,0.0,0.0,0.10765460878610611
3079,2.4632,16,0.2984916865825653,0.0,0.0,0.2984916865825653
3080,2.464,16,0.004783355165272951,0.0,0.0,0.004783355165272951
3081,2.4648,16,0.02486862801015377,0.0,0.0,0.02486862801015377
3082,2.4656000000000002,16,0.06046808138489723,0.0,0.0,0.06046808138489723
3083,2.4664,16,0.22278693318367004,0.0,0.0,0.22278693318367004
3084,2.4672,16,0.013070061802864075,0.0,0.0,0.013070061802864075
3085,2.468,16,0.0045264363288879395,0.0,0.0,0.0045264363288879395
3086,2.4688,16,0.004512234590947628,0.0,0.0,0.004512234590947628
3087,2.4696,16,0.24869099259376526,0.0,0.0,0.24869099259376526
3088,2.4704,16,0.0060188486240804195,0.0,0.0,0.0060188486240804195
3089,2.4712,16,0.35662898421287537,0.0,0.0,0.35662898421287537
3090,2.472,16,0.17902040481567383,0.0,0.0,0.17902040481567383
3091,2.4728,16,0.3918883502483368,0.0,0.0,0.3918883502483368
3092,2.4736000000000002,16,0.007306206040084362,0.0,0.0,0.007306206040084362
3093,2.4744,16,0.23079879581928253,0.0,0.0,0.23079879581928253
3094,2.4752,16,0.004998215939849615,0.0,0.0,0.004998215939849615
3095,2.476,16,0.005839790683239698,0.0,0.0,0.005839790683239698
3096,2.4768,16,0.007913462817668915,0.0,0.0,0.007913462817668915
3097,2.4776,16,0.005668369121849537,0.0,0.0,0.005668369121849537
3098,2.4784,16,0.19678254425525665,0.0,0.0,0.19678254425525665
3099,2.4792,16,0.00821502972394228,0.0,0.0,0.00821502972394228
3100,2.48,16,0.0244506374001503,0.0,0.0,0.0244506374001503
3101,2.4808,16,0.00928051583468914,0.0,0.0,0.00928051583468914
3102,2.4816,16,0.004733748268336058,0.0,0.0,0.004733748268336058
3103,2.4824,16,0.005100348964333534,0.0,0.0,0.005100348964333534
3104,2.4832,16,0.009952463209629059,0.0,0.0,0.009952463209629059
3105,2.484,16,0.006211147643625736,0.0,0.0,0.006211147643625736
3106,2.4848,16,0.28877294063568115,0.0,0.0,0.28877294063568115
3107,2.4856,16,0.005647915415465832,0.0,0.0,0.005647915415465832
3108,2.4864,16,0.007849782705307007,0.0,0.0,0.007849782705307007
3109,2.4872,16,0.005180982872843742,0.0,0.0,0.005180982872843742
3110,2.488,16,0.005204182583838701,0.0,0.0,0.005204182583838701
3111,2.4888,16,0.07400098443031311,0.0,0.0,0.07400098443031311
3112,2.4896,16,0.3676382303237915,0.0,0.0,0.3676382303237915
3113,2.4904,16,0.005914867855608463,0.0,0.0,0.005914867855608463
3114,2.4912,16,0.010829897597432137,0.0,0.0,0.010829897597432137
3115,2.492,16,0.005302208475768566,0.0,0.0,0.005302208475768566
3116,2.4928,16,0.03913198038935661,0.0,0.0,0.03913198038935661
3117,2.4936,16,0.006774309556931257,0.0,0.0,0.006774309556931257
3118,2.4944,16,0.005220743827521801,0.0,0.0,0.005220743827521801
3119,2.4952,16,0.24850262701511383,0.0,0.0,0.24850262701511383
3120,2.496,16,0.35908031463623047,0.0,0.0,0.35908031463623047
3121,2.4968,16,0.09374549239873886,0.0,0.0,0.09374549239873886
3122,2.4976,16,0.00466106366366148,0.0,0.0,0.00466106366366148
3123,2.4984,16,0.012079628184437752,0.0,0.0,0.012079628184437752
3124,2.4992,16,0.004189590457826853,0.0,0.0,0.004189590457826853
3125,2.5,16,0.008029123768210411,0.0,0.0,0.008029123768210411
3126,2.5008,16,0.009064650163054466,0.0,0.0,0.009064650163054466
3127,2.5016,16,0.004855277016758919,0.0,0.0,0.004855277016758919
3128,2.5023999999999997,16,0.005698086693882942,0.0,0.0,0.005698086693882942
3129,2.5032,16,0.005931417923420668,0.0,0.0,0.005931417923420668
3130,2.504,16,0.004768768325448036,0.0,0.0,0.004768768325448036
3131,2.5048,16,0.32511112093925476,0.0,0.0,0.32511112093925476
3132,2.5056000000000003,16,0.005542241968214512,0.0,0.0,0.005542241968214512
3133,2.5064,16,0.005861795507371426,0.0,0.0,0.005861795507371426
3134,2.5072,16,0.10226953774690628,0.0,0.0,0.10226953774690628
3135,2.508,16,0.003927893005311489,0.0,0.0,0.003927893005311489
3136,2.5088,16,0.41849997639656067,0.0,0.0,0.41849997639656067
3137,2.5096,16,0.0038107610307633877,0.0,0.0,0.0038107610307633877
3138,2.5103999999999997,16,0.30844616889953613,0.0,0.0,0.30844616889953613
3139,2.5112,16,0.08254746347665787,0.0,0.0,0.08254746347665787
3140,2.512,16,0.010582949966192245,0.0,0.0,0.010582949966192245
3141,2.5128,16,0.01213410496711731,0.0,0.0,0.01213410496711731
3142,2.5136,16,0.003969576209783554,0.0,0.0,0.003969576209783554
3143,2.5144,16,0.00416721124202013,0.0,0.0,0.00416721124202013
3144,2.5152,16,0.02046988531947136,0.0,0.0,0.02046988531947136
3145,2.516,16,0.004348206799477339,0.0,0.0,0.004348206799477339
3146,2.5168,16,0.00291115278378129,0.0,0.0,0.00291115278378129
3147,2.5176,16,0.07000412046909332,0.0,0.0,0.07000412046909332
3148,2.5183999999999997,16,0.37979164719581604,0.0,0.0,0.37979164719581604
3149,2.5192,16,0.005844706669449806,0.0,0.0,0.005844706669449806
3150,2.52,16,0.010409945622086525,0.0,0.0,0.010409945622086525
3151,2.5208,16,0.009429899975657463,0.0,0.0,0.009429899975657463
3152,2.5216,16,0.016631199046969414,0.0,0.0,0.016631199046969414
3153,2.5224,16,0.005538893863558769,0.0,0.0,0.005538893863558769
3154,2.5232,16,0.028682852163910866,0.0,0.0,0.028682852163910866
3155,2.524,16,0.05245904251933098,0.0,0.0,0.05245904251933098
3156,2.5248,16,0.003647875040769577,0.0,0.0,0.003647875040769577
3157,2.5256,16,0.2380300611257553,0.0,0.0,0.2380300611257553
3158,2.5263999999999998,16,0.003081793896853924,0.0,0.0,0.003081793896853924
3159,2.5272,16,0.0042989421635866165,0.0,0.0,0.0042989421635866165
3160,2.528,16,0.005850463639944792,0.0,0.0,0.005850463639944792
3161,2.5288,16,0.012845763936638832,0.0,0.0,0.012845763936638832
3162,2.5296,16,0.006603300105780363,0.0,0.0,0.006603300105780363
3163,2.5304,16,0.00611685449257493,0.0,0.0,0.00611685449257493
3164,2.5312,16,0.005176551640033722,0.0,0.0,0.005176551640033722
3165,2.532,16,0.0034479640889912844,0.0,0.0,0.0034479640889912844
3166,2.5328,16,0.009990345686674118,0.0,0.0,0.009990345686674118
3167,2.5336,16,0.0035553500056266785,0.0,0.0,0.0035553500056266785
3168,2.5343999999999998,16,0.004085556138306856,0.0,0.0,0.004085556138306856
3169,2.5352,16,0.04895961284637451,0.0,0.0,0.04895961284637451
3170,2.536,16,0.009160779416561127,0.0,0.0,0.009160779416561127
3171,2.5368,16,0.009183153510093689,0.0,0.0,0.009183153510093689
3172,2.5376,16,0.05757666379213333,0.0,0.0,0.05757666379213333
3173,2.5384,16,0.003927081357687712,0.0,0.0,0.003927081357687712
3174,2.5392,16,0.005321529693901539,0.0,0.0,0.005321529693901539
3175,2.54,16,0.0035194437950849533,0.0,0.0,0.0035194437950849533
3176,2.5408,16,0.17275159060955048,0.0,0.0,0.17275159060955048
3177,2.5416,16,0.1925487220287323,0.0,0.0,0.1925487220287323
3178,2.5423999999999998,16,0.05434158444404602,0.0,0.0,0.05434158444404602
3179,2.5432,16,0.010594881139695644,0.0,0.0,0.010594881139695644
3180,2.544,16,0.003948666620999575,0.0,0.0,0.003948666620999575
3181,2.5448,16,0.2319047451019287,0.0,0.0,0.2319047451019287
3182,2.5456,16,0.3099333643913269,0.0,0.0,0.3099333643913269
3183,2.5464,16,0.01429416798055172,0.0,0.0,0.01429416798055172
3184,2.5472,16,0.004367691930383444,0.0,0.0,0.004367691930383444
3185,2.548,16,0.0035153257194906473,0.0,0.0,0.0035153257194906473
3186,2.5488,16,0.004129545763134956,0.0,0.0,0.004129545763134956
3187,2.5496,16,0.011307761073112488,0.0,0.0,0.011307761073112488
3188,2.5504,16,0.003491062205284834,0.0,0.0,0.003491062205284834
3189,2.5512,16,0.023188769817352295,0.0,0.0,0.023188769817352295
3190,2.552,16,0.17222142219543457,0.0,0.0,0.17222142219543457
3191,2.5528,16,0.002837378066033125,0.0,0.0,0.002837378066033125
3192,2.5536,16,0.0029646619223058224,0.0,0.0,0.0029646619223058224
3193,2.5544000000000002,16,0.003582603996619582,0.0,0.0,0.003582603996619582
3194,2.5552,16,0.011636361479759216,0.0,0.0,0.011636361479759216
3195,2.556,16,0.30542394518852234,0.0,0.0,0.30542394518852234
3196,2.5568,16,0.40069201588630676,0.0,0.0,0.40069201588630676
3197,2.5576,16,0.002841079141944647,0.0,0.0,0.002841079141944647
3198,2.5584,16,0.009261110797524452,0.0,0.0,0.009261110797524452
3199,2.5592,16,0.08499772846698761,0.0,0.0,0.08499772846698761
3200,2.56,16,0.004693859256803989,0.0,0.0,0.004693859256803989
3201,2.5608,16,0.0033375576604157686,0.0,0.0,0.0033375576604157686
3202,2.5616,16,0.003935469780117273,0.0,0.0,0.003935469780117273
3203,2.5624000000000002,16,0.2912631332874298,0.0,0.0,0.2912631332874298
3204,2.5632,16,0.0029212103690952063,0.0,0.0,0.0029212103690952063
3205,2.564,16,0.2846681773662567,0.0,0.0,0.2846681773662567
3206,2.5648,16,0.33238065242767334,0.0,0.0,0.33238065242767334
3207,2.5656,16,0.0027026517782360315,0.0,0.0,0.0027026517782360315
3208,2.5664,16,0.007343615405261517,0.0,0.0,0.007343615405261517
3209,2.5672,16,0.003920327872037888,0.0,0.0,0.003920327872037888
3210,2.568,16,0.0035354471765458584,0.0,0.0,0.0035354471765458584
3211,2.5688,16,0.005221651867032051,0.0,0.0,0.005221651867032051
3212,2.5696,16,0.005472367629408836,0.0,0.0,0.005472367629408836
3213,2.5704000000000002,16,0.003421612549573183,0.0,0.0,0.003421612549573183
3214,2.5712,16,0.03553520888090134,0.0,0.0,0.03553520888090134
3215,2.572,16,0.020146921277046204,0.0,0.0,0.020146921277046204
3216,2.5728,16,0.0029185290914028883,0.0,0.0,0.0029185290914028883
3217,2.5736,16,0.0029883715324103832,0.0,0.0,0.0029883715324103832
3218,2.5744,16,0.36304712295532227,0.0,0.0,0.36304712295532227
3219,2.5752,16,0.004126883111894131,0.0,0.0,0.004126883111894131
3220,2.576,16,0.03627070039510727,0.0,0.0,0.03627070039510727
3221,2.5768,16,0.17242799699306488,0.0,0.0,0.17242799699306488
3222,2.5776,16,0.41702553629875183,0.0,0.0,0.41702553629875183
3223,2.5784000000000002,16,0.021707436069846153,0.0,0.0,0.021707436069846153
3224,2.5792,16,0.004259747453033924,0.0,0.0,0.004259747453033924
3225,2.58,16,0.005222308449447155,0.0,0.0,0.005222308449447155
3226,2.5808,16,0.009947179816663265,0.0,0.0,0.009947179816663265
3227,2.5816,16,0.01820257306098938,0.0,0.0,0.01820257306098938
3228,2.5824,16,0.27542737126350403,0.0,0.0,0.27542737126350403
3229,2.5832,16,0.15454848110675812,0.0,0.0,0.15454848110675812
3230,2.584,16,0.0039032481145113707,0.0,0.0,0.0039032481145113707
3231,2.5848,16,0.005835159216076136,0.0,0.0,0.005835159216076136
3232,2.5856,16,0.055962979793548584,0.0,0.0,0.055962979793548584
3233,2.5864000000000003,16,0.003837701864540577,0.0,0.0,0.003837701864540577
3234,2.5872,16,0.01728038676083088,0.0,0.0,0.01728038676083088
3235,2.588,16,0.04436095431447029,0.0,0.0,0.04436095431447029
3236,2.5888,16,0.01124122366309166,0.0,0.0,0.01124122366309166
3237,2.5896,16,0.00397432642057538,0.0,0.0,0.00397432642057538
3238,2.5904,16,0.009876823052763939,0.0,0.0,0.009876823052763939
3239,2.5911999999999997,16,0.2389664500951767,0.0,0.0,0.2389664500951767
3240,2.592,16,0.003940267488360405,0.0,0.0,0.003940267488360405
3241,2.5928,16,0.09862001985311508,0.0,0.0,0.09862001985311508
3242,2.5936,16,0.005009924061596394,0.0,0.0,0.005009924061596394
3243,2.5944000000000003,16,0.0027684192173182964,0.0,0.0,0.0027684192173182964
3244,2.5952,16,0.005711242090910673,0.0,0.0,0.005711242090910673
3245,2.596,16,0.005065682344138622,0.0,0.0,0.005065682344138622
3246,2.5968,16,0.011368480511009693,0.0,0.0,0.011368480511009693
3247,2.5976,16,0.10259180516004562,0.0,0.0,0.10259180516004562
3248,2.5984,16,0.28130918741226196,0.0,0.0,0.28130918741226196
3249,2.5991999999999997,16,0.003575398586690426,0.0,0.0,0.003575398586690426
3250,2.6,16,0.3855942487716675,0.0,0.0,0.3855942487716675
3251,2.6008,16,0.0035329614765942097,0.0,0.0,0.0035329614765942097
3252,2.6016,16,0.0032705706544220448,0.0,0.0,0.0032705706544220448
3253,2.6024000000000003,16,0.004803596995770931,0.0,0.0,0.004803596995770931
3254,2.6032,16,0.016758492216467857,0.0,0.0,0.016758492216467857
3255,2.604,16,0.0033278432674705982,0.0,0.0,0.0033278432674705982
3256,2.6048,16,0.1374690979719162,0.0,0.0,0.1374690979719162
3257,2.6056,16,0.32377514243125916,0.0,0.0,0.32377514243125916
3258,2.6064,16,0.0074365753680467606,0.0,0.0,0.0074365753680467606
3259,2.6071999999999997,16,0.003711524186655879,0.0,0.0,0.003711524186655879
3260,2.608,16,0.006800632458180189,0.0,0.0,0.006800632458180189
3261,2.6088,16,0.006127557717263699,0.0,0.0,0.006127557717263699
3262,2.6096,16,0.01021808572113514,0.0,0.0,0.01021808572113514
3263,2.6104000000000003,16,0.011255478486418724,0.0,0.0,0.011255478486418724
3264,2.6112,16,0.029826942831277847,0.0,0.0,0.029826942831277847
3265,2.612,16,0.004823194816708565,0.0,0.0,0.004823194816708565
3266,2.6128,16,0.3561340272426605,0.0,0.0,0.3561340272426605
3267,2.6136,16,0.005501041188836098,0.0,0.0,0.005501041188836098
3268,2.6144,16,0.008327754214406013,0.0,0.0,0.008327754214406013
3269,2.6151999999999997,16,0.2295902967453003,0.0,0.0,0.2295902967453003
3270,2.616,16,0.006247434765100479,0.0,0.0,0.006247434765100479
3271,2.6168,16,0.0029790429398417473,0.0,0.0,0.0029790429398417473
3272,2.6176,16,0.05656272545456886,0.0,0.0,0.05656272545456886
3273,2.6184,16,0.19384722411632538,0.0,0.0,0.19384722411632538
3274,2.6192,16,0.003398088738322258,0.0,0.0,0.003398088738322258
3275,2.62,16,0.0029804559890180826,0.0,0.0,0.0029804559890180826
3276,2.6208,16,0.0033532825764268637,0.0,0.0,0.0033532825764268637
3277,2.6216,16,0.38536587357521057,0.0,0.0,0.38536587357521057
3278,2.6224,16,0.008749615401029587,0.0,0.0,0.008749615401029587
3279,2.6231999999999998,16,0.6749989986419678,0.0,0.0,0.6749989986419678
3280,2.624,16,0.003309061750769615,0.0,0.0,0.003309061750769615
3281,2.6248,16,0.005070713348686695,0.0,0.0,0.005070713348686695
3282,2.6256,16,0.0028499355539679527,0.0,0.0,0.0028499355539679527
3283,2.6264,16,0.14269055426120758,0.0,0.0,0.14269055426120758
3284,2.6272,16,0.0028009708039462566,0.0,0.0,0.0028009708039462566
3285,2.628,16,0.008718937635421753,0.0,0.0,0.008718937635421753
3286,2.6288,16,0.003316874150186777,0.0,0.0,0.003316874150186777
3287,2.6296,16,0.0027755533810704947,0.0,0.0,0.0027755533810704947
3288,2.6304,16,0.003296641632914543,0.0,0.0,0.003296641632914543
3289,2.6311999999999998,16,0.00262424536049366,0.0,0.0,0.00262424536049366
3290,2.632,16,0.020998690277338028,0.0,0.0,0.020998690277338028
3291,2.6328,16,0.0037434734404087067,0.0,0.0,0.0037434734404087067
3292,2.6336,16,0.002744012512266636,0.0,0.0,0.002744012512266636
3293,2.6344,16,0.0027689975686371326,0.0,0.0,0.0027689975686371326
3294,2.6352,16,0.15997114777565002,0.0,0.0,0.15997114777565002
3295,2.636,16,0.003896112320944667,0.0,0.0,0.003896112320944667
3296,2.6368,16,0.003956136293709278,0.0,0.0,0.003956136293709278
3297,2.6376,16,0.004119607619941235,0.0,0.0,0.004119607619941235
3298,2.6384,16,0.003089460078626871,0.0,0.0,0.003089460078626871
3299,2.6391999999999998,16,0.002414986025542021,0.0,0.0,0.002414986025542021
3300,2.64,16,0.003447194816544652,0.0,0.0,0.003447194816544652
3301,2.6408,16,0.006614171899855137,0.0,0.0,0.006614171899855137
3302,2.6416,16,0.04034924879670143,0.0,0.0,0.04034924879670143
3303,2.6424,16,0.09677204489707947,0.0,0.0,0.09677204489707947
3304,2.6432,16,0.002994587877765298,0.0,0.0,0.002994587877765298
3305,2.644,16,0.06560744345188141,0.0,0.0,0.06560744345188141
3306,2.6448,16,0.03477979451417923,0.0,0.0,0.03477979451417923
3307,2.6456,16,0.33076104521751404,0.0,0.0,0.33076104521751404
3308,2.6464,16,0.008155535906553268,0.0,0.0,0.008155535906553268
3309,2.6471999999999998,16,0.002952162642031908,0.0,0.0,0.002952162642031908
3310,2.648,16,0.8256746530532837,0.0,0.0,0.8256746530532837
3311,2.6488,16,0.002364580752328038,0.0,0.0,0.002364580752328038
3312,2.6496,16,0.3990198075771332,0.0,0.0,0.3990198075771332
3313,2.6504,16,0.0041111186146736145,0.0,0.0,0.0041111186146736145
3314,2.6512000000000002,16,0.006185620091855526,0.0,0.0,0.006185620091855526
3315,2.652,16,0.018450474366545677,0.0,0.0,0.018450474366545677
3316,2.6528,16,0.008645281195640564,0.0,0.0,0.008645281195640564
3317,2.6536,16,0.009333249181509018,0.0,0.0,0.009333249181509018
3318,2.6544,16,0.3082667291164398,0.0,0.0,0.3082667291164398
3319,2.6552,16,0.05009842291474342,0.0,0.0,0.05009842291474342
3320,2.656,16,0.0026241408195346594,0.0,0.0,0.0026241408195346594
3321,2.6568,16,0.002932228147983551,0.0,0.0,0.002932228147983551
3322,2.6576,16,0.034494347870349884,0.0,0.0,0.034494347870349884
3323,2.6584,16,0.30859190225601196,0.0,0.0,0.30859190225601196
3324,2.6592000000000002,16,0.0024682621005922556,0.0,0.0,0.0024682621005922556
3325,2.66,16,0.0026832378935068846,0.0,0.0,0.0026832378935068846
3326,2.6608,16,0.2742632031440735,0.0,0.0,0.2742632031440735
3327,2.6616,16,0.007240620441734791,0.0,0.0,0.007240620441734791
3328,2.6624,16,0.00248527224175632,0.0,0.0,0.00248527224175632
3329,2.6632,16,0.4142819344997406,0.0,0.0,0.4142819344997406
3330,2.664,16,0.0026559801772236824,0.0,0.0,0.0026559801772236824
3331,2.6648,16,0.3269318640232086,0.0,0.0,0.3269318640232086
3332,2.6656,16,0.0028019098099321127,0.0,0.0,0.0028019098099321127
3333,2.6664,16,0.003683769376948476,0.0,0.0,0.003683769376948476
3334,2.6672000000000002,16,0.0047135548666119576,0.0,0.0,0.0047135548666119576
3335,2.668,16,0.002455633832141757,0.0,0.0,0.002455633832141757
3336,2.6688,16,0.16160567104816437,0.0,0.0,0.16160567104816437
3337,2.6696,16,0.004728485830128193,0.0,0.0,0.004728485830128193
3338,2.6704,16,0.29181402921676636,0.0,0.0,0.29181402921676636
3339,2.6712,16,0.0034494970459491014,0.0,0.0,0.0034494970459491014
3340,2.672,16,0.008195980452001095,0.0,0.0,0.008195980452001095
3341,2.6728,16,0.003256775438785553,0.0,0.0,0.003256775438785553
3342,2.6736,16,0.002560338471084833,0.0,0.0,0.002560338471084833
3343,2.6744,16,0.2797672152519226,0.0,0.0,0.2797672152519226
3344,2.6752000000000002,16,0.720226526260376,0.0,0.0,0.720226526260376
3345,2.676,16,0.002847682684659958,0.0,0.0,0.002847682684659958
3346,2.6768,16,0.3774430453777313,0.0,0.0,0.3774430453777313
3347,2.6776,16,0.0033451381605118513,0.0,0.0,0.0033451381605118513
3348,2.6784,16,0.046676140278577805,0.0,0.0,0.046676140278577805
3349,2.6792,16,0.0027287376578897238,0.0,0.0,0.0027287376578897238
3350,2.68,16,0.13414616882801056,0.0,0.0,0.13414616882801056
3351,2.6808,16,0.3589833080768585,0.0,0.0,0.3589833080768585
3352,2.6816,16,0.04316171258687973,0.0,0.0,0.04316171258687973
3353,2.6824,16,0.0038236072286963463,0.0,0.0,0.0038236072286963463
3354,2.6832000000000003,16,0.002602025866508484,0.0,0.0,0.002602025866508484
3355,2.684,16,0.0025253668427467346,0.0,0.0,0.0025253668427467346
3356,2.6848,16,0.008907046169042587,0.0,0.0,0.008907046169042587
3357,2.6856,16,0.2066155970096588,0.0,0.0,0.2066155970096588
3358,2.6864,16,0.03363025560975075,0.0,0.0,0.03363025560975075
3359,2.6872,16,0.006059182807803154,0.0,0.0,0.006059182807803154
3360,2.6879999999999997,16,0.18346789479255676,0.0,0.0,0.18346789479255676
3361,2.6888,16,0.0029020404908806086,0.0,0.0,0.0029020404908806086
3362,2.6896,16,0.35928648710250854,0.0,0.0,0.35928648710250854
3363,2.6904,16,0.06714054942131042,0.0,0.0,0.06714054942131042
3364,2.6912000000000003,16,0.004129498265683651,0.0,0.0,0.004129498265683651
3365,2.692,16,0.004568452015519142,0.0,0.0,0.004568452015519142
3366,2.6928,16,0.0028622751124203205,0.0,0.0,0.0028622751124203205
3367,2.6936,16,0.01237449236214161,0.0,0.0,0.01237449236214161
3368,2.6944,16,0.1968807727098465,0.0,0.0,0.1968807727098465
3369,2.6952,16,0.0026593543589115143,0.0,0.0,0.0026593543589115143
3370,2.6959999999999997,16,0.0038155079819262028,0.0,0.0,0.0038155079819262028
3371,2.6968,16,0.0031781389843672514,0.0,0.0,0.0031781389843672514
3372,2.6976,16,0.003929575905203819,0.0,0.0,0.003929575905203819
3373,2.6984,16,0.00830749236047268,0.0,0.0,0.00830749236047268
3374,2.6992000000000003,16,0.003872106783092022,0.0,0.0,0.003872106783092022
3375,2.7,16,0.2980826199054718,0.0,0.0,0.2980826199054718
3376,2.7008,16,0.5553160309791565,0.0,0.0,0.5553160309791565
3377,2.7016,16,0.0033624530769884586,0.0,0.0,0.0033624530769884586
3378,2.7024,16,0.004860228858888149,0.0,0.0,0.004860228858888149
3379,2.7032,16,0.5756562948226929,0.0,0.0,0.5756562948226929
3380,2.7039999999999997,16,0.0037847955245524645,0.0,0.0,0.0037847955245524645
3381,2.7048,16,0.16846294701099396,0.0,0.0,0.16846294701099396
3382,2.7056,16,0.0032373941503465176,0.0,0.0,0.0032373941503465176
3383,2.7064,16,0.003379679750651121,0.0,0.0,0.003379679750651121
3384,2.7072000000000003,16,0.0480683296918869,0.0,0.0,0.0480683296918869
3385,2.708,16,0.1485944390296936,0.0,0.0,0.1485944390296936
3386,2.7088,16,0.004537688568234444,0.0,0.0,0.004537688568234444
3387,2.7096,16,0.03230608254671097,0.0,0.0,0.03230608254671097
3388,2.7104,16,0.0053039598278701305,0.0,0.0,0.0053039598278701305
3389,2.7112,16,0.014734815806150436,0.0,0.0,0.014734815806150436
3390,2.7119999999999997,16,0.004023446701467037,0.0,0.0,0.004023446701467037
3391,2.7128,16,0.0028288622852414846,0.0,0.0,0.0028288622852414846
3392,2.7136,16,0.006150729954242706,0.0,0.0,0.006150729954242706
3393,2.7144,16,0.0045084478333592415,0.0,0.0,0.0045084478333592415
3394,2.7152,16,0.2846531271934509,0.0,0.0,0.2846531271934509
3395,2.716,16,0.0031250023748725653,0.0,0.0,0.0031250023748725653
3396,2.7168,16,0.13864830136299133,0.0,0.0,0.13864830136299133
3397,2.7176,16,0.1701332926750183,0.0,0.0,0.1701332926750183
3398,2.7184,16,0.1258857101202011,0.0,0.0,0.1258857101202011
3399,2.7192,16,0.19679522514343262,0.0,0.0,0.19679522514343262
3400,2.7199999999999998,16,0.0026700571179389954,0.0,0.0,0.0026700571179389954
3401,2.7208,16,0.1565338373184204,0.0,0.0,0.1565338373184204
3402,2.7216,16,0.7348873019218445,0.0,0.0,0.7348873019218445
3403,2.7224,16,0.014213355258107185,0.0,0.0,0.014213355258107185
3404,2.7232,16,0.04969513788819313,0.0,0.0,0.04969513788819313
3405,2.724,16,0.002618935192003846,0.0,0.0,0.002618935192003846
3406,2.7248,16,0.004351699724793434,0.0,0.0,0.004351699724793434
3407,2.7256,16,0.007038609124720097,0.0,0.0,0.007038609124720097
3408,2.7264,16,0.3887161314487457,0.0,0.0,0.3887161314487457
3409,2.7272,16,0.03657205402851105,0.0,0.0,0.03657205402851105
3410,2.7279999999999998,16,0.3980308771133423,0.0,0.0,0.3980308771133423
3411,2.7288,16,0.002731002401560545,0.0,0.0,0.002731002401560545
3412,2.7296,16,0.003009420819580555,0.0,0.0,0.003009420819580555
3413,2.7304,16,0.0030731172300875187,0.0,0.0,0.0030731172300875187
3414,2.7312,16,0.003664331277832389,0.0,0.0,0.003664331277832389
3415,2.732,16,0.0029106861911714077,0.0,0.0,0.0029106861911714077
3416,2.7328,16,0.06404772400856018,0.0,0.0,0.06404772400856018
3417,2.7336,16,0.003537183627486229,0.0,0.0,0.003537183627486229
3418,2.7344,16,0.002874563680961728,0.0,0.0,0.002874563680961728
3419,2.7352,16,0.09794297814369202,0.0,0.0,0.09794297814369202
3420,2.7359999999999998,16,0.25383591651916504,0.0,0.0,0.25383591651916504
3421,2.7368,16,0.006406969390809536,0.0,0.0,0.006406969390809536
3422,2.7376,16,0.027341987937688828,0.0,0.0,0.027341987937688828
3423,2.7384,16,0.006244204472750425,0.0,0.0,0.006244204472750425
3424,2.7392,16,0.0031427303329110146,0.0,0.0,0.0031427303329110146
3425,2.74,16,0.0028652683831751347,0.0,0.0,0.0028652683831751347
3426,2.7408,16,0.023570334538817406,0.0,0.0,0.023570334538817406
3427,2.7416,16,0.0028577859047800303,0.0,0.0,0.0028577859047800303
3428,2.7424,16,0.00301956944167614,0.0,0.0,0.00301956944167614
3429,2.7432,16,0.0028278022073209286,0.0,0.0,0.0028278022073209286
3430,2.7439999999999998,16,0.0031464286148548126,0.0,0.0,0.0031464286148548126
3431,2.7448,16,0.0032859831117093563,0.0,0.0,0.0032859831117093563
3432,2.7456,16,0.0029078228399157524,0.0,0.0,0.0029078228399157524
3433,2.7464,16,0.3081703186035156,0.0,0.0,0.3081703186035156
3434,2.7472,16,0.048480160534381866,0.0,0.0,0.048480160534381866
3435,2.748,16,0.006642198655754328,0.0,0.0,0.006642198655754328
3436,2.7488,16,0.0068006739020347595,0.0,0.0,0.0068006739020347595
3437,2.7496,16,0.0027930871583521366,0.0,0.0,0.0027930871583521366
3438,2.7504,16,0.0030318936333060265,0.0,0.0,0.0030318936333060265
3439,2.7512,16,0.0030474900268018246,0.0,0.0,0.0030474900268018246
3440,2.752,16,0.0102376164868474,0.0,0.0,0.0102376164868474
3441,2.7528,16,0.1669703871011734,0.0,0.0,0.1669703871011734
3442,2.7536,16,0.0031518079340457916,0.0,0.0,0.0031518079340457916
3443,2.7544,16,0.00622658571228385,0.0,0.0,0.00622658571228385
3444,2.7552,16,0.15567252039909363,0.0,0.0,0.15567252039909363
3445,2.7560000000000002,16,0.00271619763225317,0.0,0.0,0.00271619763225317
3446,2.7568,16,0.10405430197715759,0.0,0.0,0.10405430197715759
3447,2.7576,16,0.003049249295145273,0.0,0.0,0.003049249295145273
3448,2.7584,16,0.3433305323123932,0.0,0.0,0.3433305323123932
3449,2.7592,16,0.3930051326751709,0.0,0.0,0.3930051326751709
3450,2.76,16,0.3917408287525177,0.0,0.0,0.3917408287525177
3451,2.7608,16,0.00593996699899435,0.0,0.0,0.00593996699899435
3452,2.7616,16,0.5093854069709778,0.0,0.0,0.5093854069709778
3453,2.7624,16,0.0030947092454880476,0.0,0.0,0.0030947092454880476
3454,2.7632,16,0.005519938189536333,0.0,0.0,0.005519938189536333
3455,2.7640000000000002,16,0.004085366148501635,0.0,0.0,0.004085366148501635
3456,2.7648,16,0.148476704955101,0.0,0.0,0.148476704955101
3457,2.7656,16,0.011111412197351456,0.0,0.0,0.011111412197351456
3458,2.7664,16,0.29406845569610596,0.0,0.0,0.29406845569610596
3459,2.7672,16,0.0028205611743032932,0.0,0.0,0.0028205611743032932
3460,2.768,16,0.004005602095276117,0.0,0.0,0.004005602095276117
3461,2.7688,16,0.019318409264087677,0.0,0.0,0.019318409264087677
3462,2.7696,16,0.0030841261614114046,0.0,0.0,0.0030841261614114046
3463,2.7704,16,0.002704213373363018,0.0,0.0,0.002704213373363018
3464,2.7712,16,0.2942664623260498,0.0,0.0,0.2942664623260498
3465,2.7720000000000002,16,0.2672214210033417,0.0,0.0,0.2672214210033417
3466,2.7728,16,0.0036151371896266937,0.0,0.0,0.0036151371896266937
3467,2.7736,16,0.003085032571107149,0.0,0.0,0.003085032571107149
3468,2.7744,16,0.036410968750715256,0.0,0.0,0.036410968750715256
3469,2.7752,16,0.0054599689319729805,0.0,0.0,0.0054599689319729805
3470,2.776,16,0.16059471666812897,0.0,0.0,0.16059471666812897
3471,2.7768,16,0.0042740716598927975,0.0,0.0,0.0042740716598927975
3472,2.7776,16,0.0031443294137716293,0.0,0.0,0.0031443294137716293
3473,2.7784,16,0.002399052493274212,0.0,0.0,0.002399052493274212
3474,2.7792,16,0.02549765259027481,0.0,0.0,0.02549765259027481
3475,2.7800000000000002,16,0.2011471688747406,0.0,0.0,0.2011471688747406
3476,2.7808,16,0.002576105762273073,0.0,0.0,0.002576105762273073
3477,2.7816,16,0.014335469342768192,0.0,0.0,0.014335469342768192
3478,2.7824,16,0.22757668793201447,0.0,0.0,0.22757668793201447
3479,2.7832,16,0.1654965579509735,0.0,0.0,0.1654965579509735
3480,2.784,16,0.45079538226127625,0.0,0.0,0.45079538226127625
3481,2.7848,16,0.0482427217066288,0.0,0.0,0.0482427217066288
3482,2.7856,16,0.07881373167037964,0.0,0.0,0.07881373167037964
3483,2.7864,16,0.0024759280495345592,0.0,0.0,0.0024759280495345592
3484,2.7872,16,0.2591230571269989,0.0,0.0,0.2591230571269989
3485,2.7880000000000003,16,0.0040346784517169,0.0,0.0,0.0040346784517169
3486,2.7888,16,0.32613739371299744,0.0,0.0,0.32613739371299744
3487,2.7896,16,0.0031506146769970655,0.0,0.0,0.0031506146769970655
3488,2.7904,16,0.0024625007063150406,0.0,0.0,0.0024625007063150406
3489,2.7912,16,0.11339767277240753,0.0,0.0,0.11339767277240753
3490,2.792,16,0.005758030340075493,0.0,0.0,0.005758030340075493
3491,2.7927999999999997,16,0.23170623183250427,0.0,0.0,0.23170623183250427
3492,2.7936,16,0.0555371455848217,0.0,0.0,0.0555371455848217
3493,2.7944,16,0.035540152341127396,0.0,0.0,0.035540152341127396
3494,2.7952,16,0.0023452695459127426,0.0,0.0,0.0023452695459127426
3495,2.7960000000000003,16,0.0027102180756628513,0.0,0.0,0.0027102180756628513
3496,2.7968,16,0.002980560064315796,0.0,0.0,0.002980560064315796
3497,2.7976,16,0.0022066724486649036,0.0,0.0,0.0022066724486649036
3498,2.7984,16,0.4580530822277069,0.0,0.0,0.4580530822277069
3499,2.7992,16,0.0037693860940635204,0.0,0.0,0.0037693860940635204
3500,2.8,16,0.0026404238305985928,0.0,0.0,0.0026404238305985928
3501,2.8007999999999997,16,0.0023379777558147907,0.0,0.0,0.0023379777558147907
3502,2.8016,16,0.0022509226109832525,0.0,0.0,0.0022509226109832525
3503,2.8024,16,0.0035535285715013742,0.0,0.0,0.0035535285715013742
3504,2.8032,16,0.009954279288649559,0.0,0.0,0.009954279288649559
3505,2.8040000000000003,16,0.002771783620119095,0.0,0.0,0.002771783620119095
3506,2.8048,16,0.00651091244071722,0.0,0.0,0.00651091244071722
3507,2.8056,16,0.004655253142118454,0.0,0.0,0.004655253142118454
3508,2.8064,16,0.0024911449290812016,0.0,0.0,0.0024911449290812016
3509,2.8072,16,0.002629428170621395,0.0,0.0,0.002629428170621395
3510,2.808,16,0.003063521347939968,0.0,0.0,0.003063521347939968
3511,2.8087999999999997,16,0.12291458994150162,0.0,0.0,0.12291458994150162
3512,2.8096,16,0.0030153742991387844,0.0,0.0,0.0030153742991387844
3513,2.8104,16,0.0023187994956970215,0.0,0.0,0.0023187994956970215
3514,2.8112,16,0.291506290435791,0.0,0.0,0.291506290435791
3515,2.8120000000000003,16,0.0024022036232054234,0.0,0.0,0.0024022036232054234
3516,2.8128,16,0.010734443552792072,0.0,0.0,0.010734443552792072
3517,2.8136,16,0.003055115230381489,0.0,0.0,0.003055115230381489
3518,2.8144,16,0.002704111859202385,0.0,0.0,0.002704111859202385
3519,2.8152,16,0.002005712827667594,0.0,0.0,0.002005712827667594
3520,2.816,16,0.002718588337302208,0.0,0.0,0.002718588337302208
3521,2.8167999999999997,16,0.12180203944444656,0.0,0.0,0.12180203944444656
3522,2.8176,16,0.06858069449663162,0.0,0.0,0.06858069449663162
3523,2.8184,16,0.005358541384339333,0.0,0.0,0.005358541384339333
3524,2.8192,16,0.0066580804996192455,0.0,0.0,0.0066580804996192455
3525,2.82,16,0.002620331011712551,0.0,0.0,0.002620331011712551
3526,2.8208,16,0.010443072766065598,0.0,0.0,0.010443072766065598
3527,2.8216,16,0.0023530982434749603,0.0,0.0,0.0023530982434749603
3528,2.8224,16,0.3361144959926605,0.0,0.0,0.3361144959926605
3529,2.8232,16,0.0025037936866283417,0.0,0.0,0.0025037936866283417
3530,2.824,16,0.002247767522931099,0.0,0.0,0.002247767522931099
3531,2.8247999999999998,16,0.3334296941757202,0.0,0.0,0.3334296941757202
3532,2.8256,16,0.003053409745916724,0.0,0.0,0.003053409745916724
3533,2.8264,16,0.3269185721874237,0.0,0.0,0.3269185721874237
3534,2.8272,16,0.002500628586858511,0.0,0.0,0.002500628586858511
3535,2.828,16,0.002352737821638584,0.0,0.0,0.002352737821638584
3536,2.8288,16,0.2561420500278473,0.0,0.0,0.2561420500278473
3537,2.8296,16,0.002603065688163042,0.0,0.0,0.002603065688163042
3538,2.8304,16,0.004417118616402149,0.0,0.0,0.004417118616402149
3539,2.8312,16,0.0024127624928951263,0.0,0.0,0.0024127624928951263
3540,2.832,16,0.0026296069845557213,0.0,0.0,0.0026296069845557213
3541,2.8327999999999998,16,0.008920290507376194,0.0,0.0,0.008920290507376194
3542,2.8336,16,0.13225646317005157,0.0,0.0,0.13225646317005157
3543,2.8344,16,0.12326205521821976,0.0,0.0,0.12326205521821976
3544,2.8352,16,0.0024871297646313906,0.0,0.0,0.0024871297646313906
3545,2.836,16,0.2563857138156891,0.0,0.0,0.2563857138156891
3546,2.8368,16,0.004145755432546139,0.0,0.0,0.004145755432546139
3547,2.8376,16,0.021756473928689957,0.0,0.0,0.021756473928689957
3548,2.8384,16,0.19446614384651184,0.0,0.0,0.19446614384651184
3549,2.8392,16,0.005949550773948431,0.0,0.0,0.005949550773948431
3550,2.84,16,0.008019257336854935,0.0,0.0,0.008019257336854935
3551,2.8407999999999998,16,0.0037203237880021334,0.0,0.0,0.0037203237880021334
3552,2.8416,16,0.14540649950504303,0.0,0.0,0.14540649950504303
3553,2.8424,16,0.013827851973474026,0.0,0.0,0.013827851973474026
3554,2.8432,16,0.00274036917835474,0.0,0.0,0.00274036917835474
3555,2.844,16,1.1256548166275024,0.0,0.0,1.1256548166275024
3556,2.8448,16,0.03091439977288246,0.0,0.0,0.03091439977288246
3557,2.8456,16,0.13908830285072327,0.0,0.0,0.13908830285072327
3558,2.8464,16,0.0025692498311400414,0.0,0.0,0.0025692498311400414
3559,2.8472,16,0.0037409295327961445,0.0,0.0,0.0037409295327961445
3560,2.848,16,0.0023352396674454212,0.0,0.0,0.0023352396674454212
3561,2.8487999999999998,16,0.0068812863901257515,0.0,0.0,0.0068812863901257515
3562,2.8496,16,0.09478561580181122,0.0,0.0,0.09478561580181122
3563,2.8504,16,0.002439380157738924,0.0,0.0,0.002439380157738924
3564,2.8512,16,0.48938775062561035,0.0,0.0,0.48938775062561035
3565,2.852,16,0.32706311345100403,0.0,0.0,0.32706311345100403
3566,2.8528000000000002,16,0.0021490738727152348,0.0,0.0,0.0021490738727152348
3567,2.8536,16,0.004198506008833647,0.0,0.0,0.004198506008833647
3568,2.8544,16,0.012153043411672115,0.0,0.0,0.012153043411672115
3569,2.8552,16,0.23773294687271118,0.0,0.0,0.23773294687271118
3570,2.856,16,0.1334841549396515,0.0,0.0,0.1334841549396515
3571,2.8568,16,0.1374400109052658,0.0,0.0,0.1374400109052658
3572,2.8576,16,0.3973131775856018,0.0,0.0,0.3973131775856018
3573,2.8584,16,0.32738804817199707,0.0,0.0,0.32738804817199707
3574,2.8592,16,0.00236536655575037,0.0,0.0,0.00236536655575037
3575,2.86,16,0.0025683543644845486,0.0,0.0,0.0025683543644845486
3576,2.8608000000000002,16,0.0025046970695257187,0.0,0.0,0.0025046970695257187
3577,2.8616,16,0.04871773347258568,0.0,0.0,0.04871773347258568
3578,2.8624,16,0.002565037924796343,0.0,0.0,0.002565037924796343
3579,2.8632,16,0.002686799969524145,0.0,0.0,0.002686799969524145
3580,2.864,16,0.23727065324783325,0.0,0.0,0.23727065324783325
3581,2.8648,16,0.0025164049584418535,0.0,0.0,0.0025164049584418535
3582,2.8656,16,0.006807480473071337,0.0,0.0,0.006807480473071337
3583,2.8664,16,0.08251669257879257,0.0,0.0,0.08251669257879257
3584,2.8672,16,0.0032133199274539948,0.0,0.0,0.0032133199274539948
3585,2.868,16,0.003047726582735777,0.0,0.0,0.003047726582735777
3586,2.8688000000000002,16,0.006093296688050032,0.0,0.0,0.006093296688050032
3587,2.8696,16,0.3255624771118164,0.0,0.0,0.3255624771118164
3588,2.8704,16,0.002781903836876154,0.0,0.0,0.002781903836876154
3589,2.8712,16,0.003343066433444619,0.0,0.0,0.003343066433444619
3590,2.872,16,0.1471068263053894,0.0,0.0,0.1471068263053894
3591,2.8728,16,0.35984402894973755,0.0,0.0,0.35984402894973755
3592,2.8736,16,0.0027069204952567816,0.0,0.0,0.0027069204952567816
3593,2.8744,16,0.002375073730945587,0.0,0.0,0.002375073730945587
3594,2.8752,16,0.3275302052497864,0.0,0.0,0.3275302052497864
3595,2.876,16,0.003169394563883543,0.0,0.0,0.003169394563883543
3596,2.8768000000000002,16,0.002837379463016987,0.0,0.0,0.002837379463016987
3597,2.8776,16,0.3856247365474701,0.0,0.0,0.3856247365474701
3598,2.8784,16,0.2408876270055771,0.0,0.0,0.2408876270055771
3599,2.8792,16,0.04544692859053612,0.0,0.0,0.04544692859053612
3600,2.88,16,0.002797642955556512,0.0,0.0,0.002797642955556512
3601,2.8808,16,0.0030947779305279255,0.0,0.0,0.0030947779305279255
3602,2.8816,16,0.003312161657959223,0.0,0.0,0.003312161657959223
3603,2.8824,16,0.0038170390762388706,0.0,0.0,0.0038170390762388706
3604,2.8832,16,0.2132280170917511,0.0,0.0,0.2132280170917511
3605,2.884,16,0.0022196155041456223,0.0,0.0,0.0022196155041456223
3606,2.8848000000000003,16,0.6330735683441162,0.0,0.0,0.6330735683441162
3607,2.8856,16,0.00296191917732358,0.0,0.0,0.00296191917732358
3608,2.8864,16,0.0033478629775345325,0.0,0.0,0.0033478629775345325
3609,2.8872,16,0.005131041165441275,0.0,0.0,0.005131041165441275
3610,2.888,16,0.1374235302209854,0.0,0.0,0.1374235302209854
3611,2.8888,16,0.013655522838234901,0.0,0.0,0.013655522838234901
3612,2.8895999999999997,16,0.4445446729660034,0.0,0.0,0.4445446729660034
3613,2.8904,16,0.002696894807741046,0.0,0.0,0.002696894807741046
3614,2.8912,16,0.007431051693856716,0.0,0.0,0.007431051693856716
3615,2.892,16,0.02071455493569374,0.0,0.0,0.02071455493569374
3616,2.8928000000000003,16,0.002534944098442793,0.0,0.0,0.002534944098442793
3617,2.8936,16,0.004440358839929104,0.0,0.0,0.004440358839929104
3618,2.8944,16,0.005022428929805756,0.0,0.0,0.005022428929805756
3619,2.8952,16,0.37231016159057617,0.0,0.0,0.37231016159057617
3620,2.896,16,0.0028342190198600292,0.0,0.0,0.0028342190198600292
3621,2.8968,16,0.002207303186878562,0.0,0.0,0.002207303186878562
3622,2.8975999999999997,16,0.32545918226242065,0.0,0.0,0.32545918226242065
3623,2.8984,16,0.0024334474001079798,0.0,0.0,0.0024334474001079798
3624,2.8992,16,0.0026004589162766933,0.0,0.0,0.0026004589162766933
3625,2.9,16,0.0024147690273821354,0.0,0.0,0.0024147690273821354
3626,2.9008000000000003,16,0.0030362275429069996,0.0,0.0,0.0030362275429069996
3627,2.9016,16,0.12344834953546524,0.0,0.0,0.12344834953546524
3628,2.9024,16,0.2573738694190979,0.0,0.0,0.2573738694190979
3629,2.9032,16,0.002332863165065646,0.0,0.0,0.002332863165065646
3630,2.904,16,0.003648902988061309,0.0,0.0,0.003648902988061309
3631,2.9048,16,0.0027398772072046995,0.0,0.0,0.0027398772072046995
3632,2.9055999999999997,16,0.0040196445770561695,0.0,0.0,0.0040196445770561695
3633,2.9064,16,0.002354539930820465,0.0,0.0,0.002354539930820465
3634,2.9072,16,0.004150127526372671,0.0,0.0,0.004150127526372671
3635,2.908,16,0.19126370549201965,0.0,0.0,0.19126370549201965
3636,2.9088000000000003,16,0.40377965569496155,0.0,0.0,0.40377965569496155
3637,2.9096,16,0.0029749658424407244,0.0,0.0,0.0029749658424407244
3638,2.9104,16,0.013288580812513828,0.0,0.0,0.013288580812513828
3639,2.9112,16,0.004221062175929546,0.0,0.0,0.004221062175929546
3640,2.912,16,0.3223273754119873,0.0,0.0,0.3223273754119873
3641,2.9128,16,0.04322061687707901,0.0,0.0,0.04322061687707901
3642,2.9135999999999997,16,0.002549450844526291,0.0,0.0,0.002549450844526291
3643,2.9144,16,0.08258351683616638,0.0,0.0,0.08258351683616638
3644,2.9152,16,0.003179166465997696,0.0,0.0,0.003179166465997696
3645,2.916,16,0.0026333145797252655,0.0,0.0,0.0026333145797252655
3646,2.9168,16,0.7405672669410706,0.0,0.0,0.7405672669410706
3647,2.9176,16,0.0028292532078921795,0.0,0.0,0.0028292532078921795
3648,2.9184,16,0.1410546451807022,0.0,0.0,0.1410546451807022
3649,2.9192,16,0.1187422126531601,0.0,0.0,0.1187422126531601
3650,2.92,16,0.20236662030220032,0.0,0.0,0.20236662030220032
3651,2.9208,16,0.003125788178294897,0.0,0.0,0.003125788178294897
3652,2.9215999999999998,16,0.017626149579882622,0.0,0.0,0.017626149579882622
3653,2.9224,16,0.005318394862115383,0.0,0.0,0.005318394862115383
3654,2.9232,16,0.003335095476359129,0.0,0.0,0.003335095476359129
3655,2.924,16,0.026796991005539894,0.0,0.0,0.026796991005539894
3656,2.9248,16,0.0030381111428141594,0.0,0.0,0.0030381111428141594
3657,2.9256,16,0.050825007259845734,0.0,0.0,0.050825007259845734
3658,2.9264,16,0.0027985242195427418,0.0,0.0,0.0027985242195427418
3659,2.9272,16,0.04027944803237915,0.0,0.0,0.04027944803237915
3660,2.928,16,0.37128329277038574,0.0,0.0,0.37128329277038574
3661,2.9288,16,0.11502154171466827,0.0,0.0,0.11502154171466827
3662,2.9295999999999998,16,0.0039750076830387115,0.0,0.0,0.0039750076830387115
3663,2.9304,16,0.004683820530772209,0.0,0.0,0.004683820530772209
3664,2.9312,16,0.007555034011602402,0.0,0.0,0.007555034011602402
3665,2.932,16,0.0038216663524508476,0.0,0.0,0.0038216663524508476
3666,2.9328,16,0.002566424198448658,0.0,0.0,0.002566424198448658
3667,2.9336,16,0.3721533715724945,0.0,0.0,0.3721533715724945
3668,2.9344,16,0.33839717507362366,0.0,0.0,0.33839717507362366
3669,2.9352,16,0.005795317701995373,0.0,0.0,0.005795317701995373
3670,2.936,16,0.0027906671166419983,0.0,0.0,0.0027906671166419983
3671,2.9368,16,0.0030227787792682648,0.0,0.0,0.0030227787792682648
3672,2.9375999999999998,16,0.0028884075582027435,0.0,0.0,0.0028884075582027435
3673,2.9384,16,0.005284939892590046,0.0,0.0,0.005284939892590046
3674,2.9392,16,0.0042746542021632195,0.0,0.0,0.0042746542021632195
3675,2.94,16,0.0022097229957580566,0.0,0.0,0.0022097229957580566
3676,2.9408,16,0.0030406899750232697,0.0,0.0,0.0030406899750232697
3677,2.9416,16,0.002299282234162092,0.0,0.0,0.002299282234162092
3678,2.9424,16,0.0027460139244794846,0.0,0.0,0.0027460139244794846
3679,2.9432,16,0.011358299292623997,0.0,0.0,0.011358299292623997
3680,2.944,16,0.12070862203836441,0.0,0.0,0.12070862203836441
3681,2.9448,16,0.0028334485832601786,0.0,0.0,0.0028334485832601786
3682,2.9455999999999998,16,0.00234690448269248,0.0,0.0,0.00234690448269248
3683,2.9464,16,0.0049214595928788185,0.0,0.0,0.0049214595928788185
3684,2.9472,16,0.028566215187311172,0.0,0.0,0.028566215187311172
3685,2.948,16,0.0023794204462319613,0.0,0.0,0.0023794204462319613
3686,2.9488,16,0.02654883824288845,0.0,0.0,0.02654883824288845
3687,2.9496,16,0.01909622736275196,0.0,0.0,0.01909622736275196
3688,2.9504,16,0.6356504559516907,0.0,0.0,0.6356504559516907
3689,2.9512,16,0.0051150573417544365,0.0,0.0,0.0051150573417544365
3690,2.952,16,0.003769321134313941,0.0,0.0,0.003769321134313941
3691,2.9528,16,0.28855085372924805,0.0,0.0,0.28855085372924805
3692,2.9536,16,0.250318706035614,0.0,0.0,0.250318706035614
3693,2.9544,16,0.0034745538141578436,0.0,0.0,0.0034745538141578436
3694,2.9552,16,0.0024260433856397867,0.0,0.0,0.0024260433856397867
3695,2.956,16,0.003025804180651903,0.0,0.0,0.003025804180651903
3696,2.9568,16,0.00346801383420825,0.0,0.0,0.00346801383420825
3697,2.9576000000000002,16,0.00728689506649971,0.0,0.0,0.00728689506649971
3698,2.9584,16,0.002769539598375559,0.0,0.0,0.002769539598375559
3699,2.9592,16,0.008535100147128105,0.0,0.0,0.008535100147128105
3700,2.96,16,0.002436535432934761,0.0,0.0,0.002436535432934761
3701,2.9608,16,0.3823373317718506,0.0,0.0,0.3823373317718506
3702,2.9616,16,0.003101672511547804,0.0,0.0,0.003101672511547804
3703,2.9624,16,0.002951443661004305,0.0,0.0,0.002951443661004305
3704,2.9632,16,0.02799384854733944,0.0,0.0,0.02799384854733944
3705,2.964,16,0.0022759088315069675,0.0,0.0,0.0022759088315069675
3706,2.9648,16,0.0052717155776917934,0.0,0.0,0.0052717155776917934
3707,2.9656000000000002,16,0.002814853796735406,0.0,0.0,0.002814853796735406
3708,2.9664,16,0.0160144604742527,0.0,0.0,0.0160144604742527
3709,2.9672,16,0.23207241296768188,0.0,0.0,0.23207241296768188
3710,2.968,16,0.32506063580513,0.0,0.0,0.32506063580513
3711,2.9688,16,0.01965630054473877,0.0,0.0,0.01965630054473877
3712,2.9696,16,0.002576185390353203,0.0,0.0,0.002576185390353203
3713,2.9704,16,0.0023366445675492287,0.0,0.0,0.0023366445675492287
3714,2.9712,16,0.0021867556497454643,0.0,0.0,0.0021867556497454643
3715,2.972,16,0.33121660351753235,0.0,0.0,0.33121660351753235
3716,2.9728,16,0.006211010739207268,0.0,0.0,0.006211010739207268
3717,2.9736000000000002,16,0.09061542898416519,0.0,0.0,0.09061542898416519
3718,2.9744,16,0.24040181934833527,0.0,0.0,0.24040181934833527
3719,2.9752,16,0.0028755145613104105,0.0,0.0,0.0028755145613104105
3720,2.976,16,0.2840857207775116,0.0,0.0,0.2840857207775116
3721,2.9768,16,0.004648310597985983,0.0,0.0,0.004648310597985983
3722,2.9776,16,0.007367294281721115,0.0,0.0,0.007367294281721115
3723,2.9784,16,0.002319600898772478,0.0,0.0,0.002319600898772478
3724,2.9792,16,0.0038311933167278767,0.0,0.0,0.0038311933167278767
3725,2.98,16,0.5087806582450867,0.0,0.0,0.5087806582450867
3726,2.9808,16,0.03229930251836777,0.0,0.0,0.03229930251836777
3727,2.9816000000000003,16,0.22781653702259064,0.0,0.0,0.22781653702259064
3728,2.9824,16,0.004789233207702637,0.0,0.0,0.004789233207702637
3729,2.9832,16,0.0026621222496032715,0.0,0.0,0.0026621222496032715
3730,2.984,16,0.36733782291412354,0.0,0.0,0.36733782291412354
3731,2.9848,16,0.0032302786130458117,0.0,0.0,0.0032302786130458117
3732,2.9856,16,0.3109615445137024,0.0,0.0,0.3109615445137024
3733,2.9864,16,0.07057979702949524,0.0,0.0,0.07057979702949524
3734,2.9872,16,0.3437296748161316,0.0,0.0,0.3437296748161316
3735,2.988,16,0.03348792344331741,0.0,0.0,0.03348792344331741
3736,2.9888,16,0.004238181281834841,0.0,0.0,0.004238181281834841
3737,2.9896000000000003,16,0.0031814132817089558,0.0,0.0,0.0031814132817089558
3738,2.9904,16,0.0023952582851052284,0.0,0.0,0.0023952582851052284
3739,2.9912,16,0.0021353974007070065,0.0,0.0,0.0021353974007070065
3740,2.992,16,0.0665864571928978,0.0,0.0,0.0665864571928978
3741,2.9928,16,0.00432288832962513,0.0,0.0,0.00432288832962513
3742,2.9936,16,0.0032879651989787817,0.0,0.0,0.0032879651989787817
3743,2.9943999999999997,16,0.0038227427285164595,0.0,0.0,0.0038227427285164595
3744,2.9952,16,0.3405199646949768,0.0,0.0,0.3405199646949768
3745,2.996,16,0.002040378749370575,0.0,0.0,0.002040378749370575
3746,2.9968,16,0.012178350239992142,0.0,0.0,0.012178350239992142
3747,2.9976000000000003,16,0.2398958057165146,0.0,0.0,0.2398958057165146
3748,2.9984,16,0.009821105748414993,0.0,0.0,0.009821105748414993
3749,2.9992,16,0.23056507110595703,0.0,0.0,0.23056507110595703
