step,epoch,samples,ce_loss,scl_loss,kl_loss,total_loss
0,0,16,0.7663561701774597,0.0,0.0,0.7663561701774597
1,0.0008,16,0.7276740074157715,0.0,0.0,0.7276740074157715
2,0.0016,16,0.728750467300415,0.0,0.0,0.728750467300415
3,0.0024,16,0.7321406006813049,0.0,0.0,0.7321406006813049
4,0.0032,16,0.6964797973632812,0.0,0.0,0.6964797973632812
5,0.004,16,0.7323616147041321,0.0,0.0,0.7323616147041321
6,0.0048,16,0.713204026222229,0.0,0.0,0.713204026222229
7,0.0056,16,0.7459623217582703,0.0,0.0,0.7459623217582703
8,0.0064,16,0.7724642157554626,0.0,0.0,0.7724642157554626
9,0.0072,16,0.7439790964126587,0.0,0.0,0.7439790964126587
10,0.008,16,0.718350350856781,0.0,0.0,0.718350350856781
11,0.0088,16,0.7434622645378113,0.0,0.0,0.7434622645378113
12,0.0096,16,0.7267818450927734,0.0,0.0,0.7267818450927734
13,0.0104,16,0.703678548336029,0.0,0.0,0.703678548336029
14,0.0112,16,0.720450758934021,0.0,0.0,0.720450758934021
15,0.012,16,0.7446414232254028,0.0,0.0,0.7446414232254028
16,0.0128,16,0.7859445810317993,0.0,0.0,0.7859445810317993
17,0.0136,16,0.7442938089370728,0.0,0.0,0.7442938089370728
18,0.0144,16,0.7088969945907593,0.0,0.0,0.7088969945907593
19,0.0152,16,0.7549517750740051,0.0,0.0,0.7549517750740051
20,0.016,16,0.7681912779808044,0.0,0.0,0.7681912779808044
21,0.0168,16,0.7169715166091919,0.0,0.0,0.7169715166091919
22,0.0176,16,0.7049775123596191,0.0,0.0,0.7049775123596191
23,0.0184,16,0.7013137340545654,0.0,0.0,0.7013137340545654
24,0.0192,16,0.750062108039856,0.0,0.0,0.750062108039856
25,0.02,16,0.7585502862930298,0.0,0.0,0.7585502862930298
26,0.0208,16,0.7840296030044556,0.0,0.0,0.7840296030044556
27,0.0216,16,0.7820584774017334,0.0,0.0,0.7820584774017334
28,0.0224,16,0.795539379119873,0.0,0.0,0.795539379119873
29,0.0232,16,0.7754480838775635,0.0,0.0,0.7754480838775635
30,0.024,16,0.7536721229553223,0.0,0.0,0.7536721229553223
31,0.0248,16,0.7082697153091431,0.0,0.0,0.7082697153091431
32,0.0256,16,0.7284020185470581,0.0,0.0,0.7284020185470581
33,0.0264,16,0.7247022986412048,0.0,0.0,0.7247022986412048
34,0.0272,16,0.7782177925109863,0.0,0.0,0.7782177925109863
35,0.028,16,0.7379281520843506,0.0,0.0,0.7379281520843506
36,0.0288,16,0.7236517071723938,0.0,0.0,0.7236517071723938
37,0.0296,16,0.7075539231300354,0.0,0.0,0.7075539231300354
38,0.0304,16,0.7536946535110474,0.0,0.0,0.7536946535110474
39,0.0312,16,0.7454294562339783,0.0,0.0,0.7454294562339783
40,0.032,16,0.7382662892341614,0.0,0.0,0.7382662892341614
41,0.0328,16,0.7291171550750732,0.0,0.0,0.7291171550750732
42,0.0336,16,0.7434258460998535,0.0,0.0,0.7434258460998535
43,0.0344,16,0.735302209854126,0.0,0.0,0.735302209854126
44,0.0352,16,0.7473897337913513,0.0,0.0,0.7473897337913513
45,0.036,16,0.7147504091262817,0.0,0.0,0.7147504091262817
46,0.0368,16,0.7060711979866028,0.0,0.0,0.7060711979866028
47,0.0376,16,0.7532166242599487,0.0,0.0,0.7532166242599487
48,0.0384,16,0.7271339893341064,0.0,0.0,0.7271339893341064
49,0.0392,16,0.7408214807510376,0.0,0.0,0.7408214807510376
50,0.04,16,0.7279891967773438,0.0,0.0,0.7279891967773438
51,0.0408,16,0.7251968383789062,0.0,0.0,0.7251968383789062
52,0.0416,16,0.7447490096092224,0.0,0.0,0.7447490096092224
53,0.0424,16,0.74540114402771,0.0,0.0,0.74540114402771
54,0.0432,16,0.7225884199142456,0.0,0.0,0.7225884199142456
55,0.044,16,0.7744042277336121,0.0,0.0,0.7744042277336121
56,0.0448,16,0.7237740755081177,0.0,0.0,0.7237740755081177
57,0.0456,16,0.7174439430236816,0.0,0.0,0.7174439430236816
58,0.0464,16,0.7768551707267761,0.0,0.0,0.7768551707267761
59,0.0472,16,0.7121578454971313,0.0,0.0,0.7121578454971313
60,0.048,16,0.7490158081054688,0.0,0.0,0.7490158081054688
61,0.0488,16,0.7470078468322754,0.0,0.0,0.7470078468322754
62,0.0496,16,0.7280455827713013,0.0,0.0,0.7280455827713013
63,0.0504,16,0.7555556893348694,0.0,0.0,0.7555556893348694
64,0.0512,16,0.7184131145477295,0.0,0.0,0.7184131145477295
65,0.052,16,0.7523753643035889,0.0,0.0,0.7523753643035889
66,0.0528,16,0.787044882774353,0.0,0.0,0.787044882774353
67,0.0536,16,0.7740374803543091,0.0,0.0,0.7740374803543091
68,0.0544,16,0.744550347328186,0.0,0.0,0.744550347328186
69,0.0552,16,0.7522928714752197,0.0,0.0,0.7522928714752197
70,0.056,16,0.7108087539672852,0.0,0.0,0.7108087539672852
71,0.0568,16,0.7777803540229797,0.0,0.0,0.7777803540229797
72,0.0576,16,0.7345610857009888,0.0,0.0,0.7345610857009888
73,0.0584,16,0.7057285308837891,0.0,0.0,0.7057285308837891
74,0.0592,16,0.7103353142738342,0.0,0.0,0.7103353142738342
75,0.06,16,0.7023653984069824,0.0,0.0,0.7023653984069824
76,0.0608,16,0.7185750007629395,0.0,0.0,0.7185750007629395
77,0.0616,16,0.740209698677063,0.0,0.0,0.740209698677063
78,0.0624,16,0.7125570774078369,0.0,0.0,0.7125570774078369
79,0.0632,16,0.7026640176773071,0.0,0.0,0.7026640176773071
80,0.064,16,0.7467296123504639,0.0,0.0,0.7467296123504639
81,0.0648,16,0.70279860496521,0.0,0.0,0.70279860496521
82,0.0656,16,0.7133718132972717,0.0,0.0,0.7133718132972717
83,0.0664,16,0.7304707765579224,0.0,0.0,0.7304707765579224
84,0.0672,16,0.6921318769454956,0.0,0.0,0.6921318769454956
85,0.068,16,0.7696236371994019,0.0,0.0,0.7696236371994019
86,0.0688,16,0.7216812968254089,0.0,0.0,0.7216812968254089
87,0.0696,16,0.7324597835540771,0.0,0.0,0.7324597835540771
88,0.0704,16,0.7107304334640503,0.0,0.0,0.7107304334640503
89,0.0712,16,0.7236839532852173,0.0,0.0,0.7236839532852173
90,0.072,16,0.6889077425003052,0.0,0.0,0.6889077425003052
91,0.0728,16,0.7117114067077637,0.0,0.0,0.7117114067077637
92,0.0736,16,0.7254271507263184,0.0,0.0,0.7254271507263184
93,0.0744,16,0.7569786906242371,0.0,0.0,0.7569786906242371
94,0.0752,16,0.746369481086731,0.0,0.0,0.746369481086731
95,0.076,16,0.7074888944625854,0.0,0.0,0.7074888944625854
96,0.0768,16,0.7341784238815308,0.0,0.0,0.7341784238815308
97,0.0776,16,0.7016395330429077,0.0,0.0,0.7016395330429077
98,0.0784,16,0.6992088556289673,0.0,0.0,0.6992088556289673
99,0.0792,16,0.6864036917686462,0.0,0.0,0.6864036917686462
100,0.08,16,0.7460769414901733,0.0,0.0,0.7460769414901733
101,0.0808,16,0.7488270998001099,0.0,0.0,0.7488270998001099
102,0.0816,16,0.6997542381286621,0.0,0.0,0.6997542381286621
103,0.0824,16,0.720354437828064,0.0,0.0,0.720354437828064
104,0.0832,16,0.6841247081756592,0.0,0.0,0.6841247081756592
105,0.084,16,0.6942589282989502,0.0,0.0,0.6942589282989502
106,0.0848,16,0.7061350345611572,0.0,0.0,0.7061350345611572
107,0.0856,16,0.7377143502235413,0.0,0.0,0.7377143502235413
108,0.0864,16,0.7145013809204102,0.0,0.0,0.7145013809204102
109,0.0872,16,0.7251036167144775,0.0,0.0,0.7251036167144775
110,0.088,16,0.7384935617446899,0.0,0.0,0.7384935617446899
111,0.0888,16,0.7464179396629333,0.0,0.0,0.7464179396629333
112,0.0896,16,0.7132439613342285,0.0,0.0,0.7132439613342285
113,0.0904,16,0.7009086012840271,0.0,0.0,0.7009086012840271
114,0.0912,16,0.7007094025611877,0.0,0.0,0.7007094025611877
115,0.092,16,0.7185736894607544,0.0,0.0,0.7185736894607544
116,0.0928,16,0.7268045544624329,0.0,0.0,0.7268045544624329
117,0.0936,16,0.7349908947944641,0.0,0.0,0.7349908947944641
118,0.0944,16,0.7411695122718811,0.0,0.0,0.7411695122718811
119,0.0952,16,0.7223905324935913,0.0,0.0,0.7223905324935913
120,0.096,16,0.7352721095085144,0.0,0.0,0.7352721095085144
121,0.0968,16,0.7302483916282654,0.0,0.0,0.7302483916282654
122,0.0976,16,0.7193909287452698,0.0,0.0,0.7193909287452698
123,0.0984,16,0.6787896752357483,0.0,0.0,0.6787896752357483
124,0.0992,16,0.7184478044509888,0.0,0.0,0.7184478044509888
125,0.1,16,0.6897684335708618,0.0,0.0,0.6897684335708618
126,0.1008,16,0.6629698276519775,0.0,0.0,0.6629698276519775
127,0.1016,16,0.6652987003326416,0.0,0.0,0.6652987003326416
128,0.1024,16,0.7197684049606323,0.0,0.0,0.7197684049606323
129,0.1032,16,0.7357563972473145,0.0,0.0,0.7357563972473145
130,0.104,16,0.7182011604309082,0.0,0.0,0.7182011604309082
131,0.1048,16,0.7150269150733948,0.0,0.0,0.7150269150733948
132,0.1056,16,0.6885203123092651,0.0,0.0,0.6885203123092651
133,0.1064,16,0.7016803026199341,0.0,0.0,0.7016803026199341
134,0.1072,16,0.7062368392944336,0.0,0.0,0.7062368392944336
135,0.108,16,0.6850973963737488,0.0,0.0,0.6850973963737488
136,0.1088,16,0.6887857913970947,0.0,0.0,0.6887857913970947
137,0.1096,16,0.7052068114280701,0.0,0.0,0.7052068114280701
138,0.1104,16,0.7612002491950989,0.0,0.0,0.7612002491950989
139,0.1112,16,0.6797574162483215,0.0,0.0,0.6797574162483215
140,0.112,16,0.6743381023406982,0.0,0.0,0.6743381023406982
141,0.1128,16,0.7365505695343018,0.0,0.0,0.7365505695343018
142,0.1136,16,0.6849470138549805,0.0,0.0,0.6849470138549805
143,0.1144,16,0.6737947463989258,0.0,0.0,0.6737947463989258
144,0.1152,16,0.71024489402771,0.0,0.0,0.71024489402771
145,0.116,16,0.6955702304840088,0.0,0.0,0.6955702304840088
146,0.1168,16,0.7471253871917725,0.0,0.0,0.7471253871917725
147,0.1176,16,0.7351884841918945,0.0,0.0,0.7351884841918945
148,0.1184,16,0.6922570466995239,0.0,0.0,0.6922570466995239
149,0.1192,16,0.6733285188674927,0.0,0.0,0.6733285188674927
150,0.12,16,0.6609698534011841,0.0,0.0,0.6609698534011841
151,0.1208,16,0.7270451784133911,0.0,0.0,0.7270451784133911
152,0.1216,16,0.7109700441360474,0.0,0.0,0.7109700441360474
153,0.1224,16,0.7115892171859741,0.0,0.0,0.7115892171859741
154,0.1232,16,0.7001357078552246,0.0,0.0,0.7001357078552246
155,0.124,16,0.6976434588432312,0.0,0.0,0.6976434588432312
156,0.1248,16,0.7040287256240845,0.0,0.0,0.7040287256240845
157,0.1256,16,0.6707853674888611,0.0,0.0,0.6707853674888611
158,0.1264,16,0.7287462949752808,0.0,0.0,0.7287462949752808
159,0.1272,16,0.6662284135818481,0.0,0.0,0.6662284135818481
160,0.128,16,0.7034264802932739,0.0,0.0,0.7034264802932739
161,0.1288,16,0.6750782132148743,0.0,0.0,0.6750782132148743
162,0.1296,16,0.6800253391265869,0.0,0.0,0.6800253391265869
163,0.1304,16,0.6704261898994446,0.0,0.0,0.6704261898994446
164,0.1312,16,0.6760462522506714,0.0,0.0,0.6760462522506714
165,0.132,16,0.7003921270370483,0.0,0.0,0.7003921270370483
166,0.1328,16,0.6964256763458252,0.0,0.0,0.6964256763458252
167,0.1336,16,0.7089557647705078,0.0,0.0,0.7089557647705078
168,0.1344,16,0.6934462189674377,0.0,0.0,0.6934462189674377
169,0.1352,16,0.6833242177963257,0.0,0.0,0.6833242177963257
170,0.136,16,0.6940152645111084,0.0,0.0,0.6940152645111084
171,0.1368,16,0.666102409362793,0.0,0.0,0.666102409362793
172,0.1376,16,0.6789913177490234,0.0,0.0,0.6789913177490234
173,0.1384,16,0.6635739803314209,0.0,0.0,0.6635739803314209
174,0.1392,16,0.7043650150299072,0.0,0.0,0.7043650150299072
175,0.14,16,0.6866039037704468,0.0,0.0,0.6866039037704468
176,0.1408,16,0.6587344408035278,0.0,0.0,0.6587344408035278
177,0.1416,16,0.6884287595748901,0.0,0.0,0.6884287595748901
178,0.1424,16,0.6654845476150513,0.0,0.0,0.6654845476150513
179,0.1432,16,0.6881110668182373,0.0,0.0,0.6881110668182373
180,0.144,16,0.7109872102737427,0.0,0.0,0.7109872102737427
181,0.1448,16,0.718497097492218,0.0,0.0,0.718497097492218
182,0.1456,16,0.6884188055992126,0.0,0.0,0.6884188055992126
183,0.1464,16,0.6974233388900757,0.0,0.0,0.6974233388900757
184,0.1472,16,0.7092105746269226,0.0,0.0,0.7092105746269226
185,0.148,16,0.6761724352836609,0.0,0.0,0.6761724352836609
186,0.1488,16,0.6721336841583252,0.0,0.0,0.6721336841583252
187,0.1496,16,0.6937429308891296,0.0,0.0,0.6937429308891296
188,0.1504,16,0.6583417057991028,0.0,0.0,0.6583417057991028
189,0.1512,16,0.7259206771850586,0.0,0.0,0.7259206771850586
190,0.152,16,0.6725884675979614,0.0,0.0,0.6725884675979614
191,0.1528,16,0.7175480127334595,0.0,0.0,0.7175480127334595
192,0.1536,16,0.6850675940513611,0.0,0.0,0.6850675940513611
193,0.1544,16,0.6979227662086487,0.0,0.0,0.6979227662086487
194,0.1552,16,0.6730127930641174,0.0,0.0,0.6730127930641174
195,0.156,16,0.6850360631942749,0.0,0.0,0.6850360631942749
196,0.1568,16,0.7136417627334595,0.0,0.0,0.7136417627334595
197,0.1576,16,0.6694853901863098,0.0,0.0,0.6694853901863098
198,0.1584,16,0.6993438005447388,0.0,0.0,0.6993438005447388
199,0.1592,16,0.6365921497344971,0.0,0.0,0.6365921497344971
200,0.16,16,0.6881264448165894,0.0,0.0,0.6881264448165894
201,0.1608,16,0.6802411675453186,0.0,0.0,0.6802411675453186
202,0.1616,16,0.7006356716156006,0.0,0.0,0.7006356716156006
203,0.1624,16,0.6853451132774353,0.0,0.0,0.6853451132774353
204,0.1632,16,0.7002654075622559,0.0,0.0,0.7002654075622559
205,0.164,16,0.7252434492111206,0.0,0.0,0.7252434492111206
206,0.1648,16,0.6802692413330078,0.0,0.0,0.6802692413330078
207,0.1656,16,0.6748496890068054,0.0,0.0,0.6748496890068054
208,0.1664,16,0.6738650798797607,0.0,0.0,0.6738650798797607
209,0.1672,16,0.6857154965400696,0.0,0.0,0.6857154965400696
210,0.168,16,0.6835790872573853,0.0,0.0,0.6835790872573853
211,0.1688,16,0.7092782258987427,0.0,0.0,0.7092782258987427
212,0.1696,16,0.7124453783035278,0.0,0.0,0.7124453783035278
213,0.1704,16,0.7008019685745239,0.0,0.0,0.7008019685745239
214,0.1712,16,0.7271902561187744,0.0,0.0,0.7271902561187744
215,0.172,16,0.6957414150238037,0.0,0.0,0.6957414150238037
216,0.1728,16,0.6890749931335449,0.0,0.0,0.6890749931335449
217,0.1736,16,0.7100034952163696,0.0,0.0,0.7100034952163696
218,0.1744,16,0.6732171773910522,0.0,0.0,0.6732171773910522
219,0.1752,16,0.6832020282745361,0.0,0.0,0.6832020282745361
220,0.176,16,0.6786654591560364,0.0,0.0,0.6786654591560364
221,0.1768,16,0.6745582222938538,0.0,0.0,0.6745582222938538
222,0.1776,16,0.6668583750724792,0.0,0.0,0.6668583750724792
223,0.1784,16,0.7057344913482666,0.0,0.0,0.7057344913482666
224,0.1792,16,0.6904033422470093,0.0,0.0,0.6904033422470093
225,0.18,16,0.6688287258148193,0.0,0.0,0.6688287258148193
226,0.1808,16,0.7297204732894897,0.0,0.0,0.7297204732894897
227,0.1816,16,0.6990859508514404,0.0,0.0,0.6990859508514404
228,0.1824,16,0.6958423852920532,0.0,0.0,0.6958423852920532
229,0.1832,16,0.6680152416229248,0.0,0.0,0.6680152416229248
230,0.184,16,0.7285516858100891,0.0,0.0,0.7285516858100891
231,0.1848,16,0.7010896801948547,0.0,0.0,0.7010896801948547
232,0.1856,16,0.7044823169708252,0.0,0.0,0.7044823169708252
233,0.1864,16,0.6523139476776123,0.0,0.0,0.6523139476776123
234,0.1872,16,0.7036241888999939,0.0,0.0,0.7036241888999939
235,0.188,16,0.701501727104187,0.0,0.0,0.701501727104187
236,0.1888,16,0.6760632991790771,0.0,0.0,0.6760632991790771
237,0.1896,16,0.7050774097442627,0.0,0.0,0.7050774097442627
238,0.1904,16,0.7061123847961426,0.0,0.0,0.7061123847961426
239,0.1912,16,0.732914388179779,0.0,0.0,0.732914388179779
240,0.192,16,0.7146838903427124,0.0,0.0,0.7146838903427124
241,0.1928,16,0.6726831197738647,0.0,0.0,0.6726831197738647
242,0.1936,16,0.6482521295547485,0.0,0.0,0.6482521295547485
243,0.1944,16,0.6453521251678467,0.0,0.0,0.6453521251678467
244,0.1952,16,0.708452045917511,0.0,0.0,0.708452045917511
245,0.196,16,0.7346790432929993,0.0,0.0,0.7346790432929993
246,0.1968,16,0.7221352458000183,0.0,0.0,0.7221352458000183
247,0.1976,16,0.6821574568748474,0.0,0.0,0.6821574568748474
248,0.1984,16,0.7141100168228149,0.0,0.0,0.7141100168228149
249,0.1992,16,0.67608642578125,0.0,0.0,0.67608642578125
250,0.2,16,0.6887991428375244,0.0,0.0,0.6887991428375244
251,0.2008,16,0.7089789509773254,0.0,0.0,0.7089789509773254
252,0.2016,16,0.6792278289794922,0.0,0.0,0.6792278289794922
253,0.2024,16,0.6586587429046631,0.0,0.0,0.6586587429046631
254,0.2032,16,0.6665319204330444,0.0,0.0,0.6665319204330444
255,0.204,16,0.6550270318984985,0.0,0.0,0.6550270318984985
256,0.2048,16,0.7117784023284912,0.0,0.0,0.7117784023284912
257,0.2056,16,0.6901943683624268,0.0,0.0,0.6901943683624268
258,0.2064,16,0.6975460052490234,0.0,0.0,0.6975460052490234
259,0.2072,16,0.6640264987945557,0.0,0.0,0.6640264987945557
260,0.208,16,0.6783345937728882,0.0,0.0,0.6783345937728882
261,0.2088,16,0.7508217692375183,0.0,0.0,0.7508217692375183
262,0.2096,16,0.6629995703697205,0.0,0.0,0.6629995703697205
263,0.2104,16,0.6867175698280334,0.0,0.0,0.6867175698280334
264,0.2112,16,0.644503116607666,0.0,0.0,0.644503116607666
265,0.212,16,0.6958574056625366,0.0,0.0,0.6958574056625366
266,0.2128,16,0.7179140448570251,0.0,0.0,0.7179140448570251
267,0.2136,16,0.7075803279876709,0.0,0.0,0.7075803279876709
268,0.2144,16,0.6690359115600586,0.0,0.0,0.6690359115600586
269,0.2152,16,0.7169630527496338,0.0,0.0,0.7169630527496338
270,0.216,16,0.7225626111030579,0.0,0.0,0.7225626111030579
271,0.2168,16,0.6813672184944153,0.0,0.0,0.6813672184944153
272,0.2176,16,0.655872106552124,0.0,0.0,0.655872106552124
273,0.2184,16,0.676647961139679,0.0,0.0,0.676647961139679
274,0.2192,16,0.6509518623352051,0.0,0.0,0.6509518623352051
275,0.22,16,0.6675773859024048,0.0,0.0,0.6675773859024048
276,0.2208,16,0.6795692443847656,0.0,0.0,0.6795692443847656
277,0.2216,16,0.6792381405830383,0.0,0.0,0.6792381405830383
278,0.2224,16,0.6773266792297363,0.0,0.0,0.6773266792297363
279,0.2232,16,0.6754347681999207,0.0,0.0,0.6754347681999207
280,0.224,16,0.6819963455200195,0.0,0.0,0.6819963455200195
281,0.2248,16,0.6747686862945557,0.0,0.0,0.6747686862945557
282,0.2256,16,0.6743605136871338,0.0,0.0,0.6743605136871338
283,0.2264,16,0.6721543669700623,0.0,0.0,0.6721543669700623
284,0.2272,16,0.7066599130630493,0.0,0.0,0.7066599130630493
285,0.228,16,0.6419672966003418,0.0,0.0,0.6419672966003418
286,0.2288,16,0.6487650871276855,0.0,0.0,0.6487650871276855
287,0.2296,16,0.7115790843963623,0.0,0.0,0.7115790843963623
288,0.2304,16,0.6234109401702881,0.0,0.0,0.6234109401702881
289,0.2312,16,0.6661533117294312,0.0,0.0,0.6661533117294312
290,0.232,16,0.6911939382553101,0.0,0.0,0.6911939382553101
291,0.2328,16,0.7018553018569946,0.0,0.0,0.7018553018569946
292,0.2336,16,0.6752073764801025,0.0,0.0,0.6752073764801025
293,0.2344,16,0.6465937495231628,0.0,0.0,0.6465937495231628
294,0.2352,16,0.6382637023925781,0.0,0.0,0.6382637023925781
295,0.236,16,0.6544183492660522,0.0,0.0,0.6544183492660522
296,0.2368,16,0.6938555240631104,0.0,0.0,0.6938555240631104
297,0.2376,16,0.6577354669570923,0.0,0.0,0.6577354669570923
298,0.2384,16,0.7113389372825623,0.0,0.0,0.7113389372825623
299,0.2392,16,0.7015728950500488,0.0,0.0,0.7015728950500488
300,0.24,16,0.7235037088394165,0.0,0.0,0.7235037088394165
301,0.2408,16,0.6752221584320068,0.0,0.0,0.6752221584320068
302,0.2416,16,0.6502623558044434,0.0,0.0,0.6502623558044434
303,0.2424,16,0.6691970825195312,0.0,0.0,0.6691970825195312
304,0.2432,16,0.6745138168334961,0.0,0.0,0.6745138168334961
305,0.244,16,0.6893856525421143,0.0,0.0,0.6893856525421143
306,0.2448,16,0.6631931066513062,0.0,0.0,0.6631931066513062
307,0.2456,16,0.6925508975982666,0.0,0.0,0.6925508975982666
308,0.2464,16,0.7088027000427246,0.0,0.0,0.7088027000427246
309,0.2472,16,0.6878584623336792,0.0,0.0,0.6878584623336792
310,0.248,16,0.6486380696296692,0.0,0.0,0.6486380696296692
311,0.2488,16,0.6804196238517761,0.0,0.0,0.6804196238517761
312,0.2496,16,0.6729766726493835,0.0,0.0,0.6729766726493835
313,0.2504,16,0.693313717842102,0.0,0.0,0.693313717842102
314,0.2512,16,0.6383349299430847,0.0,0.0,0.6383349299430847
315,0.252,16,0.7036989331245422,0.0,0.0,0.7036989331245422
316,0.2528,16,0.6455687880516052,0.0,0.0,0.6455687880516052
317,0.2536,16,0.6596680879592896,0.0,0.0,0.6596680879592896
318,0.2544,16,0.6246365308761597,0.0,0.0,0.6246365308761597
319,0.2552,16,0.6562943458557129,0.0,0.0,0.6562943458557129
320,0.256,16,0.6485775709152222,0.0,0.0,0.6485775709152222
321,0.2568,16,0.694118857383728,0.0,0.0,0.694118857383728
322,0.2576,16,0.6757545471191406,0.0,0.0,0.6757545471191406
323,0.2584,16,0.6876271963119507,0.0,0.0,0.6876271963119507
324,0.2592,16,0.6846664547920227,0.0,0.0,0.6846664547920227
325,0.26,16,0.6661072969436646,0.0,0.0,0.6661072969436646
326,0.2608,16,0.750849723815918,0.0,0.0,0.750849723815918
327,0.2616,16,0.6799653172492981,0.0,0.0,0.6799653172492981
328,0.2624,16,0.6424635648727417,0.0,0.0,0.6424635648727417
329,0.2632,16,0.6626653075218201,0.0,0.0,0.6626653075218201
330,0.264,16,0.6638516187667847,0.0,0.0,0.6638516187667847
331,0.2648,16,0.6894043684005737,0.0,0.0,0.6894043684005737
332,0.2656,16,0.6532087326049805,0.0,0.0,0.6532087326049805
333,0.2664,16,0.6513837575912476,0.0,0.0,0.6513837575912476
334,0.2672,16,0.6936200857162476,0.0,0.0,0.6936200857162476
335,0.268,16,0.6225216388702393,0.0,0.0,0.6225216388702393
336,0.2688,16,0.662269115447998,0.0,0.0,0.662269115447998
337,0.2696,16,0.6849315166473389,0.0,0.0,0.6849315166473389
338,0.2704,16,0.6886816024780273,0.0,0.0,0.6886816024780273
339,0.2712,16,0.6589487195014954,0.0,0.0,0.6589487195014954
340,0.272,16,0.6754031181335449,0.0,0.0,0.6754031181335449
341,0.2728,16,0.6545590758323669,0.0,0.0,0.6545590758323669
342,0.2736,16,0.6648843288421631,0.0,0.0,0.6648843288421631
343,0.2744,16,0.6921370625495911,0.0,0.0,0.6921370625495911
344,0.2752,16,0.6646861433982849,0.0,0.0,0.6646861433982849
345,0.276,16,0.6875584125518799,0.0,0.0,0.6875584125518799
346,0.2768,16,0.6997570991516113,0.0,0.0,0.6997570991516113
347,0.2776,16,0.6913415193557739,0.0,0.0,0.6913415193557739
348,0.2784,16,0.6810305714607239,0.0,0.0,0.6810305714607239
349,0.2792,16,0.6767712235450745,0.0,0.0,0.6767712235450745
350,0.28,16,0.6705188751220703,0.0,0.0,0.6705188751220703
351,0.2808,16,0.6708453893661499,0.0,0.0,0.6708453893661499
352,0.2816,16,0.6433935165405273,0.0,0.0,0.6433935165405273
353,0.2824,16,0.6212098002433777,0.0,0.0,0.6212098002433777
354,0.2832,16,0.6575605869293213,0.0,0.0,0.6575605869293213
355,0.284,16,0.6319283246994019,0.0,0.0,0.6319283246994019
356,0.2848,16,0.6448013186454773,0.0,0.0,0.6448013186454773
357,0.2856,16,0.6362037062644958,0.0,0.0,0.6362037062644958
358,0.2864,16,0.6984552145004272,0.0,0.0,0.6984552145004272
359,0.2872,16,0.6491806507110596,0.0,0.0,0.6491806507110596
360,0.288,16,0.6390302181243896,0.0,0.0,0.6390302181243896
361,0.2888,16,0.6649404764175415,0.0,0.0,0.6649404764175415
362,0.2896,16,0.6839855909347534,0.0,0.0,0.6839855909347534
363,0.2904,16,0.6907638907432556,0.0,0.0,0.6907638907432556
364,0.2912,16,0.6479748487472534,0.0,0.0,0.6479748487472534
365,0.292,16,0.6380126476287842,0.0,0.0,0.6380126476287842
366,0.2928,16,0.6575207710266113,0.0,0.0,0.6575207710266113
367,0.2936,16,0.661761462688446,0.0,0.0,0.661761462688446
368,0.2944,16,0.673765242099762,0.0,0.0,0.673765242099762
369,0.2952,16,0.6930512189865112,0.0,0.0,0.6930512189865112
370,0.296,16,0.6305756568908691,0.0,0.0,0.6305756568908691
371,0.2968,16,0.63383948802948,0.0,0.0,0.63383948802948
372,0.2976,16,0.6208868622779846,0.0,0.0,0.6208868622779846
373,0.2984,16,0.6423770189285278,0.0,0.0,0.6423770189285278
374,0.2992,16,0.653347909450531,0.0,0.0,0.653347909450531
375,0.3,16,0.6510188579559326,0.0,0.0,0.6510188579559326
376,0.3008,16,0.6432299613952637,0.0,0.0,0.6432299613952637
377,0.3016,16,0.6345024704933167,0.0,0.0,0.6345024704933167
378,0.3024,16,0.6674079895019531,0.0,0.0,0.6674079895019531
379,0.3032,16,0.6784042716026306,0.0,0.0,0.6784042716026306
380,0.304,16,0.6319223642349243,0.0,0.0,0.6319223642349243
381,0.3048,16,0.6315373182296753,0.0,0.0,0.6315373182296753
382,0.3056,16,0.649793267250061,0.0,0.0,0.649793267250061
383,0.3064,16,0.6765091419219971,0.0,0.0,0.6765091419219971
384,0.3072,16,0.6061388254165649,0.0,0.0,0.6061388254165649
385,0.308,16,0.6075731515884399,0.0,0.0,0.6075731515884399
386,0.3088,16,0.6603879928588867,0.0,0.0,0.6603879928588867
387,0.3096,16,0.5987941026687622,0.0,0.0,0.5987941026687622
388,0.3104,16,0.6216320395469666,0.0,0.0,0.6216320395469666
389,0.3112,16,0.611470103263855,0.0,0.0,0.611470103263855
390,0.312,16,0.6163403391838074,0.0,0.0,0.6163403391838074
391,0.3128,16,0.6140536069869995,0.0,0.0,0.6140536069869995
392,0.3136,16,0.6524679660797119,0.0,0.0,0.6524679660797119
393,0.3144,16,0.6128408908843994,0.0,0.0,0.6128408908843994
394,0.3152,16,0.6340417861938477,0.0,0.0,0.6340417861938477
395,0.316,16,0.6160117983818054,0.0,0.0,0.6160117983818054
396,0.3168,16,0.6052091121673584,0.0,0.0,0.6052091121673584
397,0.3176,16,0.624931812286377,0.0,0.0,0.624931812286377
398,0.3184,16,0.6177061200141907,0.0,0.0,0.6177061200141907
399,0.3192,16,0.6247823238372803,0.0,0.0,0.6247823238372803
400,0.32,16,0.5821210145950317,0.0,0.0,0.5821210145950317
401,0.3208,16,0.6258434653282166,0.0,0.0,0.6258434653282166
402,0.3216,16,0.6243877410888672,0.0,0.0,0.6243877410888672
403,0.3224,16,0.6835231184959412,0.0,0.0,0.6835231184959412
404,0.3232,16,0.6354219913482666,0.0,0.0,0.6354219913482666
405,0.324,16,0.694187343120575,0.0,0.0,0.694187343120575
406,0.3248,16,0.5886377096176147,0.0,0.0,0.5886377096176147
407,0.3256,16,0.6393342018127441,0.0,0.0,0.6393342018127441
408,0.3264,16,0.646946907043457,0.0,0.0,0.646946907043457
409,0.3272,16,0.6373907923698425,0.0,0.0,0.6373907923698425
410,0.328,16,0.6422432661056519,0.0,0.0,0.6422432661056519
411,0.3288,16,0.6363085508346558,0.0,0.0,0.6363085508346558
412,0.3296,16,0.6759453415870667,0.0,0.0,0.6759453415870667
413,0.3304,16,0.6231929063796997,0.0,0.0,0.6231929063796997
414,0.3312,16,0.6315828561782837,0.0,0.0,0.6315828561782837
415,0.332,16,0.6181402206420898,0.0,0.0,0.6181402206420898
416,0.3328,16,0.6925042867660522,0.0,0.0,0.6925042867660522
417,0.3336,16,0.5841625332832336,0.0,0.0,0.5841625332832336
418,0.3344,16,0.6246866583824158,0.0,0.0,0.6246866583824158
419,0.3352,16,0.6514902114868164,0.0,0.0,0.6514902114868164
420,0.336,16,0.5838807821273804,0.0,0.0,0.5838807821273804
421,0.3368,16,0.6725075840950012,0.0,0.0,0.6725075840950012
422,0.3376,16,0.5833806991577148,0.0,0.0,0.5833806991577148
423,0.3384,16,0.7199037075042725,0.0,0.0,0.7199037075042725
424,0.3392,16,0.5176809430122375,0.0,0.0,0.5176809430122375
425,0.34,16,0.6736687421798706,0.0,0.0,0.6736687421798706
426,0.3408,16,0.6495217084884644,0.0,0.0,0.6495217084884644
427,0.3416,16,0.571682333946228,0.0,0.0,0.571682333946228
428,0.3424,16,0.6278525590896606,0.0,0.0,0.6278525590896606
429,0.3432,16,0.5813767910003662,0.0,0.0,0.5813767910003662
430,0.344,16,0.637599766254425,0.0,0.0,0.637599766254425
431,0.3448,16,0.5645485520362854,0.0,0.0,0.5645485520362854
432,0.3456,16,0.6032549738883972,0.0,0.0,0.6032549738883972
433,0.3464,16,0.556157112121582,0.0,0.0,0.556157112121582
434,0.3472,16,0.553471028804779,0.0,0.0,0.553471028804779
435,0.348,16,0.559407114982605,0.0,0.0,0.559407114982605
436,0.3488,16,0.5890977382659912,0.0,0.0,0.5890977382659912
437,0.3496,16,0.6264785528182983,0.0,0.0,0.6264785528182983
438,0.3504,16,0.565914511680603,0.0,0.0,0.565914511680603
439,0.3512,16,0.5735391974449158,0.0,0.0,0.5735391974449158
440,0.352,16,0.5750360488891602,0.0,0.0,0.5750360488891602
441,0.3528,16,0.5002533197402954,0.0,0.0,0.5002533197402954
442,0.3536,16,0.5546033978462219,0.0,0.0,0.5546033978462219
443,0.3544,16,0.5235300064086914,0.0,0.0,0.5235300064086914
444,0.3552,16,0.681438148021698,0.0,0.0,0.681438148021698
445,0.356,16,0.5456732511520386,0.0,0.0,0.5456732511520386
446,0.3568,16,0.606809675693512,0.0,0.0,0.606809675693512
447,0.3576,16,0.5761499404907227,0.0,0.0,0.5761499404907227
448,0.3584,16,0.4995177090167999,0.0,0.0,0.4995177090167999
449,0.3592,16,0.5341942310333252,0.0,0.0,0.5341942310333252
450,0.36,16,0.4641542434692383,0.0,0.0,0.4641542434692383
451,0.3608,16,0.5454694032669067,0.0,0.0,0.5454694032669067
452,0.3616,16,0.551769495010376,0.0,0.0,0.551769495010376
453,0.3624,16,0.5352084636688232,0.0,0.0,0.5352084636688232
454,0.3632,16,0.5422383546829224,0.0,0.0,0.5422383546829224
455,0.364,16,0.48565250635147095,0.0,0.0,0.48565250635147095
456,0.3648,16,0.4912041425704956,0.0,0.0,0.4912041425704956
457,0.3656,16,0.5606167316436768,0.0,0.0,0.5606167316436768
458,0.3664,16,0.580026388168335,0.0,0.0,0.580026388168335
459,0.3672,16,0.5560963153839111,0.0,0.0,0.5560963153839111
460,0.368,16,0.5791442394256592,0.0,0.0,0.5791442394256592
461,0.3688,16,0.48678600788116455,0.0,0.0,0.48678600788116455
462,0.3696,16,0.5439909100532532,0.0,0.0,0.5439909100532532
463,0.3704,16,0.5708061456680298,0.0,0.0,0.5708061456680298
464,0.3712,16,0.5220523476600647,0.0,0.0,0.5220523476600647
465,0.372,16,0.6168255805969238,0.0,0.0,0.6168255805969238
466,0.3728,16,0.4642432928085327,0.0,0.0,0.4642432928085327
467,0.3736,16,0.4284273684024811,0.0,0.0,0.4284273684024811
468,0.3744,16,0.5250773429870605,0.0,0.0,0.5250773429870605
469,0.3752,16,0.43580225110054016,0.0,0.0,0.43580225110054016
470,0.376,16,0.4929695129394531,0.0,0.0,0.4929695129394531
471,0.3768,16,0.6070975661277771,0.0,0.0,0.6070975661277771
472,0.3776,16,0.41891196370124817,0.0,0.0,0.41891196370124817
473,0.3784,16,0.5695523619651794,0.0,0.0,0.5695523619651794
474,0.3792,16,0.520493745803833,0.0,0.0,0.520493745803833
475,0.38,16,0.3816137909889221,0.0,0.0,0.3816137909889221
476,0.3808,16,0.6422406435012817,0.0,0.0,0.6422406435012817
477,0.3816,16,0.6113063097000122,0.0,0.0,0.6113063097000122
478,0.3824,16,0.4480903148651123,0.0,0.0,0.4480903148651123
479,0.3832,16,0.4128517508506775,0.0,0.0,0.4128517508506775
480,0.384,16,0.5557411909103394,0.0,0.0,0.5557411909103394
481,0.3848,16,0.49194014072418213,0.0,0.0,0.49194014072418213
482,0.3856,16,0.420040488243103,0.0,0.0,0.420040488243103
483,0.3864,16,0.6252959966659546,0.0,0.0,0.6252959966659546
484,0.3872,16,0.44438254833221436,0.0,0.0,0.44438254833221436
485,0.388,16,0.43190518021583557,0.0,0.0,0.43190518021583557
486,0.3888,16,0.4447140693664551,0.0,0.0,0.4447140693664551
487,0.3896,16,0.5257180333137512,0.0,0.0,0.5257180333137512
488,0.3904,16,0.44583773612976074,0.0,0.0,0.44583773612976074
489,0.3912,16,0.3736276924610138,0.0,0.0,0.3736276924610138
490,0.392,16,0.42903128266334534,0.0,0.0,0.42903128266334534
491,0.3928,16,0.450620174407959,0.0,0.0,0.450620174407959
492,0.3936,16,0.5211271643638611,0.0,0.0,0.5211271643638611
493,0.3944,16,0.6370955109596252,0.0,0.0,0.6370955109596252
494,0.3952,16,0.4418632388114929,0.0,0.0,0.4418632388114929
495,0.396,16,0.5730752348899841,0.0,0.0,0.5730752348899841
496,0.3968,16,0.4605310559272766,0.0,0.0,0.4605310559272766
497,0.3976,16,0.42029625177383423,0.0,0.0,0.42029625177383423
498,0.3984,16,0.49917179346084595,0.0,0.0,0.49917179346084595
499,0.3992,16,0.5190439224243164,0.0,0.0,0.5190439224243164
500,0.4,16,0.5759120583534241,0.0,0.0,0.5759120583534241
501,0.4008,16,0.5884256362915039,0.0,0.0,0.5884256362915039
502,0.4016,16,0.43220412731170654,0.0,0.0,0.43220412731170654
503,0.4024,16,0.5142065286636353,0.0,0.0,0.5142065286636353
504,0.4032,16,0.447122186422348,0.0,0.0,0.447122186422348
505,0.404,16,0.4807126820087433,0.0,0.0,0.4807126820087433
506,0.4048,16,0.4100109040737152,0.0,0.0,0.4100109040737152
507,0.4056,16,0.594475507736206,0.0,0.0,0.594475507736206
508,0.4064,16,0.4753611087799072,0.0,0.0,0.4753611087799072
509,0.4072,16,0.45798367261886597,0.0,0.0,0.45798367261886597
510,0.408,16,0.671803891658783,0.0,0.0,0.671803891658783
511,0.4088,16,0.4823763370513916,0.0,0.0,0.4823763370513916
512,0.4096,16,0.28740566968917847,0.0,0.0,0.28740566968917847
513,0.4104,16,0.446668416261673,0.0,0.0,0.446668416261673
514,0.4112,16,0.35992294549942017,0.0,0.0,0.35992294549942017
515,0.412,16,0.4556305408477783,0.0,0.0,0.4556305408477783
516,0.4128,16,0.4726993441581726,0.0,0.0,0.4726993441581726
517,0.4136,16,0.3644316494464874,0.0,0.0,0.3644316494464874
518,0.4144,16,0.4968431293964386,0.0,0.0,0.4968431293964386
519,0.4152,16,0.6255019903182983,0.0,0.0,0.6255019903182983
520,0.416,16,0.5588184595108032,0.0,0.0,0.5588184595108032
521,0.4168,16,0.724496603012085,0.0,0.0,0.724496603012085
522,0.4176,16,0.30352163314819336,0.0,0.0,0.30352163314819336
523,0.4184,16,0.3914107382297516,0.0,0.0,0.3914107382297516
524,0.4192,16,0.5006635785102844,0.0,0.0,0.5006635785102844
525,0.42,16,0.3288142681121826,0.0,0.0,0.3288142681121826
526,0.4208,16,0.3918548822402954,0.0,0.0,0.3918548822402954
527,0.4216,16,0.3149208426475525,0.0,0.0,0.3149208426475525
528,0.4224,16,0.45249590277671814,0.0,0.0,0.45249590277671814
529,0.4232,16,0.45473673939704895,0.0,0.0,0.45473673939704895
530,0.424,16,0.5093006491661072,0.0,0.0,0.5093006491661072
531,0.4248,16,0.43017154932022095,0.0,0.0,0.43017154932022095
532,0.4256,16,0.4330204427242279,0.0,0.0,0.4330204427242279
533,0.4264,16,0.44414135813713074,0.0,0.0,0.44414135813713074
534,0.4272,16,0.31964004039764404,0.0,0.0,0.31964004039764404
535,0.428,16,0.32474347949028015,0.0,0.0,0.32474347949028015
536,0.4288,16,0.3515458405017853,0.0,0.0,0.3515458405017853
537,0.4296,16,0.41270911693573,0.0,0.0,0.41270911693573
538,0.4304,16,0.3500620424747467,0.0,0.0,0.3500620424747467
539,0.4312,16,0.3702186048030853,0.0,0.0,0.3702186048030853
540,0.432,16,0.3687153458595276,0.0,0.0,0.3687153458595276
541,0.4328,16,0.2851604223251343,0.0,0.0,0.2851604223251343
542,0.4336,16,0.25067830085754395,0.0,0.0,0.25067830085754395
543,0.4344,16,0.31373322010040283,0.0,0.0,0.31373322010040283
544,0.4352,16,0.37631645798683167,0.0,0.0,0.37631645798683167
545,0.436,16,0.3269476890563965,0.0,0.0,0.3269476890563965
546,0.4368,16,0.3166272044181824,0.0,0.0,0.3166272044181824
547,0.4376,16,0.4348183274269104,0.0,0.0,0.4348183274269104
548,0.4384,16,0.519568681716919,0.0,0.0,0.519568681716919
549,0.4392,16,0.479030579328537,0.0,0.0,0.479030579328537
550,0.44,16,0.5393068194389343,0.0,0.0,0.5393068194389343
551,0.4408,16,0.33784374594688416,0.0,0.0,0.33784374594688416
552,0.4416,16,0.4053090214729309,0.0,0.0,0.4053090214729309
553,0.4424,16,0.31062376499176025,0.0,0.0,0.31062376499176025
554,0.4432,16,0.4049634635448456,0.0,0.0,0.4049634635448456
555,0.444,16,0.3529002070426941,0.0,0.0,0.3529002070426941
556,0.4448,16,0.3888936936855316,0.0,0.0,0.3888936936855316
557,0.4456,16,0.3386525511741638,0.0,0.0,0.3386525511741638
558,0.4464,16,0.32332682609558105,0.0,0.0,0.32332682609558105
559,0.4472,16,0.3032916784286499,0.0,0.0,0.3032916784286499
560,0.448,16,0.44838854670524597,0.0,0.0,0.44838854670524597
561,0.4488,16,0.32350441813468933,0.0,0.0,0.32350441813468933
562,0.4496,16,0.2718737721443176,0.0,0.0,0.2718737721443176
563,0.4504,16,0.35585927963256836,0.0,0.0,0.35585927963256836
564,0.4512,16,0.5471257567405701,0.0,0.0,0.5471257567405701
565,0.452,16,0.22021451592445374,0.0,0.0,0.22021451592445374
566,0.4528,16,0.2535063624382019,0.0,0.0,0.2535063624382019
567,0.4536,16,0.25474536418914795,0.0,0.0,0.25474536418914795
568,0.4544,16,0.25497448444366455,0.0,0.0,0.25497448444366455
569,0.4552,16,0.3598768711090088,0.0,0.0,0.3598768711090088
570,0.456,16,0.20389334857463837,0.0,0.0,0.20389334857463837
571,0.4568,16,0.6679468154907227,0.0,0.0,0.6679468154907227
572,0.4576,16,0.2770948112010956,0.0,0.0,0.2770948112010956
573,0.4584,16,0.5024212002754211,0.0,0.0,0.5024212002754211
574,0.4592,16,0.36278703808784485,0.0,0.0,0.36278703808784485
575,0.46,16,0.1870899498462677,0.0,0.0,0.1870899498462677
576,0.4608,16,0.30146658420562744,0.0,0.0,0.30146658420562744
577,0.4616,16,0.35786765813827515,0.0,0.0,0.35786765813827515
578,0.4624,16,0.5208315849304199,0.0,0.0,0.5208315849304199
579,0.4632,16,0.5547393560409546,0.0,0.0,0.5547393560409546
580,0.464,16,0.371452271938324,0.0,0.0,0.371452271938324
581,0.4648,16,0.7511052489280701,0.0,0.0,0.7511052489280701
582,0.4656,16,0.6573173999786377,0.0,0.0,0.6573173999786377
583,0.4664,16,0.40915027260780334,0.0,0.0,0.40915027260780334
584,0.4672,16,0.39664342999458313,0.0,0.0,0.39664342999458313
585,0.468,16,0.3854981064796448,0.0,0.0,0.3854981064796448
586,0.4688,16,0.5369308590888977,0.0,0.0,0.5369308590888977
587,0.4696,16,0.4006969928741455,0.0,0.0,0.4006969928741455
588,0.4704,16,0.30616769194602966,0.0,0.0,0.30616769194602966
589,0.4712,16,0.3297853171825409,0.0,0.0,0.3297853171825409
590,0.472,16,0.2882782816886902,0.0,0.0,0.2882782816886902
591,0.4728,16,0.3472900688648224,0.0,0.0,0.3472900688648224
592,0.4736,16,0.17802298069000244,0.0,0.0,0.17802298069000244
593,0.4744,16,0.4178466200828552,0.0,0.0,0.4178466200828552
594,0.4752,16,0.48811885714530945,0.0,0.0,0.48811885714530945
595,0.476,16,0.6420249938964844,0.0,0.0,0.6420249938964844
596,0.4768,16,0.532579779624939,0.0,0.0,0.532579779624939
597,0.4776,16,0.2506008744239807,0.0,0.0,0.2506008744239807
598,0.4784,16,0.4797704219818115,0.0,0.0,0.4797704219818115
599,0.4792,16,0.42920446395874023,0.0,0.0,0.42920446395874023
600,0.48,16,0.21842366456985474,0.0,0.0,0.21842366456985474
601,0.4808,16,0.3350321650505066,0.0,0.0,0.3350321650505066
602,0.4816,16,0.38325685262680054,0.0,0.0,0.38325685262680054
603,0.4824,16,0.5525015592575073,0.0,0.0,0.5525015592575073
604,0.4832,16,0.37406396865844727,0.0,0.0,0.37406396865844727
605,0.484,16,0.5416005253791809,0.0,0.0,0.5416005253791809
606,0.4848,16,0.325790673494339,0.0,0.0,0.325790673494339
607,0.4856,16,0.20490017533302307,0.0,0.0,0.20490017533302307
608,0.4864,16,0.45641380548477173,0.0,0.0,0.45641380548477173
609,0.4872,16,0.3897385001182556,0.0,0.0,0.3897385001182556
610,0.488,16,0.5963917970657349,0.0,0.0,0.5963917970657349
611,0.4888,16,0.32128220796585083,0.0,0.0,0.32128220796585083
612,0.4896,16,0.1620592176914215,0.0,0.0,0.1620592176914215
613,0.4904,16,0.373721718788147,0.0,0.0,0.373721718788147
614,0.4912,16,0.3225952386856079,0.0,0.0,0.3225952386856079
615,0.492,16,0.19720368087291718,0.0,0.0,0.19720368087291718
616,0.4928,16,0.607338547706604,0.0,0.0,0.607338547706604
617,0.4936,16,0.502671480178833,0.0,0.0,0.502671480178833
618,0.4944,16,0.4293998181819916,0.0,0.0,0.4293998181819916
619,0.4952,16,0.36223894357681274,0.0,0.0,0.36223894357681274
620,0.496,16,0.29047974944114685,0.0,0.0,0.29047974944114685
621,0.4968,16,0.45159468054771423,0.0,0.0,0.45159468054771423
622,0.4976,16,0.45364731550216675,0.0,0.0,0.45364731550216675
623,0.4984,16,0.33265313506126404,0.0,0.0,0.33265313506126404
624,0.4992,16,0.43804433941841125,0.0,0.0,0.43804433941841125
625,0.5,16,0.41159358620643616,0.0,0.0,0.41159358620643616
626,0.5008,16,0.36410731077194214,0.0,0.0,0.36410731077194214
627,0.5016,16,0.2581322193145752,0.0,0.0,0.2581322193145752
628,0.5024,16,0.5208754539489746,0.0,0.0,0.5208754539489746
629,0.5032,16,0.2069040685892105,0.0,0.0,0.2069040685892105
630,0.504,16,0.5415891408920288,0.0,0.0,0.5415891408920288
631,0.5048,16,0.35612693428993225,0.0,0.0,0.35612693428993225
632,0.5056,16,0.3519442677497864,0.0,0.0,0.3519442677497864
633,0.5064,16,0.4877837896347046,0.0,0.0,0.4877837896347046
634,0.5072,16,0.35815030336380005,0.0,0.0,0.35815030336380005
635,0.508,16,0.3219747543334961,0.0,0.0,0.3219747543334961
636,0.5088,16,0.385921835899353,0.0,0.0,0.385921835899353
637,0.5096,16,0.477285236120224,0.0,0.0,0.477285236120224
638,0.5104,16,0.22702445089817047,0.0,0.0,0.22702445089817047
639,0.5112,16,0.2952445447444916,0.0,0.0,0.2952445447444916
640,0.512,16,0.1771698296070099,0.0,0.0,0.1771698296070099
641,0.5128,16,0.29887181520462036,0.0,0.0,0.29887181520462036
642,0.5136,16,0.29918140172958374,0.0,0.0,0.29918140172958374
643,0.5144,16,0.20727936923503876,0.0,0.0,0.20727936923503876
644,0.5152,16,0.23463846743106842,0.0,0.0,0.23463846743106842
645,0.516,16,0.32834386825561523,0.0,0.0,0.32834386825561523
646,0.5168,16,0.48051348328590393,0.0,0.0,0.48051348328590393
647,0.5176,16,0.37151235342025757,0.0,0.0,0.37151235342025757
648,0.5184,16,0.3817530870437622,0.0,0.0,0.3817530870437622
649,0.5192,16,0.16823679208755493,0.0,0.0,0.16823679208755493
650,0.52,16,0.17660363018512726,0.0,0.0,0.17660363018512726
651,0.5208,16,0.5705333948135376,0.0,0.0,0.5705333948135376
652,0.5216,16,0.569140613079071,0.0,0.0,0.569140613079071
653,0.5224,16,0.7264150977134705,0.0,0.0,0.7264150977134705
654,0.5232,16,0.8102933168411255,0.0,0.0,0.8102933168411255
655,0.524,16,0.46159595251083374,0.0,0.0,0.46159595251083374
656,0.5248,16,0.5008777976036072,0.0,0.0,0.5008777976036072
657,0.5256,16,0.563213586807251,0.0,0.0,0.563213586807251
658,0.5264,16,0.38042229413986206,0.0,0.0,0.38042229413986206
659,0.5272,16,0.295859694480896,0.0,0.0,0.295859694480896
660,0.528,16,0.27191072702407837,0.0,0.0,0.27191072702407837
661,0.5288,16,0.41157352924346924,0.0,0.0,0.41157352924346924
662,0.5296,16,0.27530112862586975,0.0,0.0,0.27530112862586975
663,0.5304,16,0.23209057748317719,0.0,0.0,0.23209057748317719
664,0.5312,16,0.7106419801712036,0.0,0.0,0.7106419801712036
665,0.532,16,0.38955157995224,0.0,0.0,0.38955157995224
666,0.5328,16,0.4703218936920166,0.0,0.0,0.4703218936920166
667,0.5336,16,0.15338070690631866,0.0,0.0,0.15338070690631866
668,0.5344,16,0.190646693110466,0.0,0.0,0.190646693110466
669,0.5352,16,0.33419376611709595,0.0,0.0,0.33419376611709595
670,0.536,16,0.43224912881851196,0.0,0.0,0.43224912881851196
671,0.5368,16,0.25243720412254333,0.0,0.0,0.25243720412254333
672,0.5376,16,0.3618450164794922,0.0,0.0,0.3618450164794922
673,0.5384,16,0.3811590075492859,0.0,0.0,0.3811590075492859
674,0.5392,16,0.20299974083900452,0.0,0.0,0.20299974083900452
675,0.54,16,0.1970157027244568,0.0,0.0,0.1970157027244568
676,0.5408,16,0.38241302967071533,0.0,0.0,0.38241302967071533
677,0.5416,16,0.3850591778755188,0.0,0.0,0.3850591778755188
678,0.5424,16,0.33814215660095215,0.0,0.0,0.33814215660095215
679,0.5432,16,0.35079842805862427,0.0,0.0,0.35079842805862427
680,0.544,16,0.32886940240859985,0.0,0.0,0.32886940240859985
681,0.5448,16,0.24162010848522186,0.0,0.0,0.24162010848522186
682,0.5456,16,0.4049888551235199,0.0,0.0,0.4049888551235199
683,0.5464,16,0.186896413564682,0.0,0.0,0.186896413564682
684,0.5472,16,0.6622442007064819,0.0,0.0,0.6622442007064819
685,0.548,16,0.36176198720932007,0.0,0.0,0.36176198720932007
686,0.5488,16,0.29443132877349854,0.0,0.0,0.29443132877349854
687,0.5496,16,0.43705540895462036,0.0,0.0,0.43705540895462036
688,0.5504,16,0.3255040645599365,0.0,0.0,0.3255040645599365
689,0.5512,16,0.297438383102417,0.0,0.0,0.297438383102417
690,0.552,16,0.28576815128326416,0.0,0.0,0.28576815128326416
691,0.5528,16,0.16379615664482117,0.0,0.0,0.16379615664482117
692,0.5536,16,0.18351943790912628,0.0,0.0,0.18351943790912628
693,0.5544,16,0.17725543677806854,0.0,0.0,0.17725543677806854
694,0.5552,16,0.6143323183059692,0.0,0.0,0.6143323183059692
695,0.556,16,0.31984439492225647,0.0,0.0,0.31984439492225647
696,0.5568,16,0.1775224655866623,0.0,0.0,0.1775224655866623
697,0.5576,16,0.2475685328245163,0.0,0.0,0.2475685328245163
698,0.5584,16,0.37547653913497925,0.0,0.0,0.37547653913497925
699,0.5592,16,0.2753003239631653,0.0,0.0,0.2753003239631653
700,0.56,16,0.2984713315963745,0.0,0.0,0.2984713315963745
701,0.5608,16,0.4992693066596985,0.0,0.0,0.4992693066596985
702,0.5616,16,0.34510537981987,0.0,0.0,0.34510537981987
703,0.5624,16,0.48160409927368164,0.0,0.0,0.48160409927368164
704,0.5632,16,0.24546203017234802,0.0,0.0,0.24546203017234802
705,0.564,16,0.4816136956214905,0.0,0.0,0.4816136956214905
706,0.5648,16,0.2872183918952942,0.0,0.0,0.2872183918952942
707,0.5656,16,0.5945278406143188,0.0,0.0,0.5945278406143188
708,0.5664,16,0.363138347864151,0.0,0.0,0.363138347864151
709,0.5672,16,0.22627878189086914,0.0,0.0,0.22627878189086914
710,0.568,16,0.36362069845199585,0.0,0.0,0.36362069845199585
711,0.5688,16,0.26033174991607666,0.0,0.0,0.26033174991607666
712,0.5696,16,0.31920355558395386,0.0,0.0,0.31920355558395386
713,0.5704,16,0.8297069072723389,0.0,0.0,0.8297069072723389
714,0.5712,16,0.303594708442688,0.0,0.0,0.303594708442688
715,0.572,16,0.482082724571228,0.0,0.0,0.482082724571228
716,0.5728,16,0.28529566526412964,0.0,0.0,0.28529566526412964
717,0.5736,16,0.32826918363571167,0.0,0.0,0.32826918363571167
718,0.5744,16,0.2841721177101135,0.0,0.0,0.2841721177101135
719,0.5752,16,0.4454118609428406,0.0,0.0,0.4454118609428406
720,0.576,16,0.36075538396835327,0.0,0.0,0.36075538396835327
721,0.5768,16,0.1627282202243805,0.0,0.0,0.1627282202243805
722,0.5776,16,0.5715489387512207,0.0,0.0,0.5715489387512207
723,0.5784,16,0.14114262163639069,0.0,0.0,0.14114262163639069
724,0.5792,16,0.4779484272003174,0.0,0.0,0.4779484272003174
725,0.58,16,0.35899361968040466,0.0,0.0,0.35899361968040466
726,0.5808,16,0.2798624336719513,0.0,0.0,0.2798624336719513
727,0.5816,16,0.5684876441955566,0.0,0.0,0.5684876441955566
728,0.5824,16,0.34861499071121216,0.0,0.0,0.34861499071121216
729,0.5832,16,0.3834074139595032,0.0,0.0,0.3834074139595032
730,0.584,16,0.1664327085018158,0.0,0.0,0.1664327085018158
731,0.5848,16,0.36493322253227234,0.0,0.0,0.36493322253227234
732,0.5856,16,0.3461266756057739,0.0,0.0,0.3461266756057739
733,0.5864,16,0.11320484429597855,0.0,0.0,0.11320484429597855
734,0.5872,16,0.21679863333702087,0.0,0.0,0.21679863333702087
735,0.588,16,0.11582648754119873,0.0,0.0,0.11582648754119873
736,0.5888,16,0.18765521049499512,0.0,0.0,0.18765521049499512
737,0.5896,16,0.1792258471250534,0.0,0.0,0.1792258471250534
738,0.5904,16,0.3779268264770508,0.0,0.0,0.3779268264770508
739,0.5912,16,0.30119526386260986,0.0,0.0,0.30119526386260986
740,0.592,16,0.4122968912124634,0.0,0.0,0.4122968912124634
741,0.5928,16,0.4544147849082947,0.0,0.0,0.4544147849082947
742,0.5936,16,0.4481235146522522,0.0,0.0,0.4481235146522522
743,0.5944,16,0.4019061326980591,0.0,0.0,0.4019061326980591
744,0.5952,16,0.1531451940536499,0.0,0.0,0.1531451940536499
745,0.596,16,0.40636083483695984,0.0,0.0,0.40636083483695984
746,0.5968,16,0.41981279850006104,0.0,0.0,0.41981279850006104
747,0.5976,16,0.4441837668418884,0.0,0.0,0.4441837668418884
748,0.5984,16,0.28031009435653687,0.0,0.0,0.28031009435653687
749,0.5992,16,0.260017991065979,0.0,0.0,0.260017991065979
750,0.6,16,0.8758720755577087,0.0,0.0,0.8758720755577087
751,0.6008,16,0.10819722712039948,0.0,0.0,0.10819722712039948
752,0.6016,16,0.2939140498638153,0.0,0.0,0.2939140498638153
753,0.6024,16,0.31442415714263916,0.0,0.0,0.31442415714263916
754,0.6032,16,0.42243051528930664,0.0,0.0,0.42243051528930664
755,0.604,16,0.6955629587173462,0.0,0.0,0.6955629587173462
756,0.6048,16,0.2837359607219696,0.0,0.0,0.2837359607219696
757,0.6056,16,0.41392990946769714,0.0,0.0,0.41392990946769714
758,0.6064,16,0.25904473662376404,0.0,0.0,0.25904473662376404
759,0.6072,16,0.2223295122385025,0.0,0.0,0.2223295122385025
760,0.608,16,0.30555757880210876,0.0,0.0,0.30555757880210876
761,0.6088,16,0.4458200931549072,0.0,0.0,0.4458200931549072
762,0.6096,16,0.30229121446609497,0.0,0.0,0.30229121446609497
763,0.6104,16,0.35596024990081787,0.0,0.0,0.35596024990081787
764,0.6112,16,0.33387309312820435,0.0,0.0,0.33387309312820435
765,0.612,16,0.09893982112407684,0.0,0.0,0.09893982112407684
766,0.6128,16,0.30782514810562134,0.0,0.0,0.30782514810562134
767,0.6136,16,0.5521312355995178,0.0,0.0,0.5521312355995178
768,0.6144,16,0.5555704832077026,0.0,0.0,0.5555704832077026
769,0.6152,16,0.6000388860702515,0.0,0.0,0.6000388860702515
770,0.616,16,0.26399683952331543,0.0,0.0,0.26399683952331543
771,0.6168,16,0.39077645540237427,0.0,0.0,0.39077645540237427
772,0.6176,16,0.2219308763742447,0.0,0.0,0.2219308763742447
773,0.6184,16,0.4111020267009735,0.0,0.0,0.4111020267009735
774,0.6192,16,0.519608199596405,0.0,0.0,0.519608199596405
775,0.62,16,0.3322952389717102,0.0,0.0,0.3322952389717102
776,0.6208,16,0.2850114405155182,0.0,0.0,0.2850114405155182
777,0.6216,16,0.6870548725128174,0.0,0.0,0.6870548725128174
778,0.6224,16,0.5772017240524292,0.0,0.0,0.5772017240524292
779,0.6232,16,0.5866013169288635,0.0,0.0,0.5866013169288635
780,0.624,16,0.20348386466503143,0.0,0.0,0.20348386466503143
781,0.6248,16,0.4753848612308502,0.0,0.0,0.4753848612308502
782,0.6256,16,0.36541733145713806,0.0,0.0,0.36541733145713806
783,0.6264,16,0.267370343208313,0.0,0.0,0.267370343208313
784,0.6272,16,0.3086397051811218,0.0,0.0,0.3086397051811218
785,0.628,16,0.3566257059574127,0.0,0.0,0.3566257059574127
786,0.6288,16,0.10422198474407196,0.0,0.0,0.10422198474407196
787,0.6296,16,0.4912029504776001,0.0,0.0,0.4912029504776001
788,0.6304,16,0.42422500252723694,0.0,0.0,0.42422500252723694
789,0.6312,16,0.5158154964447021,0.0,0.0,0.5158154964447021
790,0.632,16,0.5250780582427979,0.0,0.0,0.5250780582427979
791,0.6328,16,0.3396487236022949,0.0,0.0,0.3396487236022949
792,0.6336,16,0.29781192541122437,0.0,0.0,0.29781192541122437
793,0.6344,16,0.276617169380188,0.0,0.0,0.276617169380188
794,0.6352,16,1.08118736743927,0.0,0.0,1.08118736743927
795,0.636,16,0.14157243072986603,0.0,0.0,0.14157243072986603
796,0.6368,16,0.33529865741729736,0.0,0.0,0.33529865741729736
797,0.6376,16,0.43332406878471375,0.0,0.0,0.43332406878471375
798,0.6384,16,0.33392050862312317,0.0,0.0,0.33392050862312317
799,0.6392,16,0.15747475624084473,0.0,0.0,0.15747475624084473
800,0.64,16,0.7124571204185486,0.0,0.0,0.7124571204185486
801,0.6408,16,0.46796560287475586,0.0,0.0,0.46796560287475586
802,0.6416,16,0.1846722513437271,0.0,0.0,0.1846722513437271
803,0.6424,16,0.21010297536849976,0.0,0.0,0.21010297536849976
804,0.6432,16,0.18768686056137085,0.0,0.0,0.18768686056137085
805,0.644,16,0.27177122235298157,0.0,0.0,0.27177122235298157
806,0.6448,16,0.2935141921043396,0.0,0.0,0.2935141921043396
807,0.6456,16,0.23305505514144897,0.0,0.0,0.23305505514144897
808,0.6464,16,0.624299168586731,0.0,0.0,0.624299168586731
809,0.6472,16,0.2863881587982178,0.0,0.0,0.2863881587982178
810,0.648,16,0.40128013491630554,0.0,0.0,0.40128013491630554
811,0.6488,16,0.28739428520202637,0.0,0.0,0.28739428520202637
812,0.6496,16,0.2326098531484604,0.0,0.0,0.2326098531484604
813,0.6504,16,0.4523613452911377,0.0,0.0,0.4523613452911377
814,0.6512,16,0.5912521481513977,0.0,0.0,0.5912521481513977
815,0.652,16,0.27954593300819397,0.0,0.0,0.27954593300819397
816,0.6528,16,0.35064610838890076,0.0,0.0,0.35064610838890076
817,0.6536,16,0.24076251685619354,0.0,0.0,0.24076251685619354
818,0.6544,16,0.38174575567245483,0.0,0.0,0.38174575567245483
819,0.6552,16,0.5269392132759094,0.0,0.0,0.5269392132759094
820,0.656,16,0.2010003626346588,0.0,0.0,0.2010003626346588
821,0.6568,16,0.21089977025985718,0.0,0.0,0.21089977025985718
822,0.6576,16,0.2804025411605835,0.0,0.0,0.2804025411605835
823,0.6584,16,0.4720827341079712,0.0,0.0,0.4720827341079712
824,0.6592,16,0.308332622051239,0.0,0.0,0.308332622051239
825,0.66,16,0.33296316862106323,0.0,0.0,0.33296316862106323
826,0.6608,16,0.09235897660255432,0.0,0.0,0.09235897660255432
827,0.6616,16,0.4771896004676819,0.0,0.0,0.4771896004676819
828,0.6624,16,0.2081984281539917,0.0,0.0,0.2081984281539917
829,0.6632,16,0.36466753482818604,0.0,0.0,0.36466753482818604
830,0.664,16,0.48996689915657043,0.0,0.0,0.48996689915657043
831,0.6648,16,0.23449546098709106,0.0,0.0,0.23449546098709106
832,0.6656,16,0.1079329326748848,0.0,0.0,0.1079329326748848
833,0.6664,16,0.3004981279373169,0.0,0.0,0.3004981279373169
834,0.6672,16,0.20924049615859985,0.0,0.0,0.20924049615859985
835,0.668,16,0.4044238030910492,0.0,0.0,0.4044238030910492
836,0.6688,16,0.7841370701789856,0.0,0.0,0.7841370701789856
837,0.6696,16,0.6923421621322632,0.0,0.0,0.6923421621322632
838,0.6704,16,0.5735055208206177,0.0,0.0,0.5735055208206177
839,0.6712,16,0.45958155393600464,0.0,0.0,0.45958155393600464
840,0.672,16,0.6864164471626282,0.0,0.0,0.6864164471626282
841,0.6728,16,0.4940871596336365,0.0,0.0,0.4940871596336365
842,0.6736,16,0.3613477349281311,0.0,0.0,0.3613477349281311
843,0.6744,16,0.20083187520503998,0.0,0.0,0.20083187520503998
844,0.6752,16,0.13776415586471558,0.0,0.0,0.13776415586471558
845,0.676,16,0.3117239773273468,0.0,0.0,0.3117239773273468
846,0.6768,16,0.25580641627311707,0.0,0.0,0.25580641627311707
847,0.6776,16,0.620439887046814,0.0,0.0,0.620439887046814
848,0.6784,16,0.5823127031326294,0.0,0.0,0.5823127031326294
849,0.6792,16,0.4817409813404083,0.0,0.0,0.4817409813404083
850,0.68,16,0.3299301564693451,0.0,0.0,0.3299301564693451
851,0.6808,16,0.1240120679140091,0.0,0.0,0.1240120679140091
852,0.6816,16,0.6379026174545288,0.0,0.0,0.6379026174545288
853,0.6824,16,0.3712617754936218,0.0,0.0,0.3712617754936218
854,0.6832,16,0.38260501623153687,0.0,0.0,0.38260501623153687
855,0.684,16,0.42235296964645386,0.0,0.0,0.42235296964645386
856,0.6848,16,0.2748396396636963,0.0,0.0,0.2748396396636963
857,0.6856,16,0.19275453686714172,0.0,0.0,0.19275453686714172
858,0.6864,16,0.27464357018470764,0.0,0.0,0.27464357018470764
859,0.6872,16,0.1214284673333168,0.0,0.0,0.1214284673333168
860,0.688,16,0.3934828042984009,0.0,0.0,0.3934828042984009
861,0.6888,16,0.5101813077926636,0.0,0.0,0.5101813077926636
862,0.6896,16,0.48168256878852844,0.0,0.0,0.48168256878852844
863,0.6904,16,0.32321661710739136,0.0,0.0,0.32321661710739136
864,0.6912,16,0.2562582194805145,0.0,0.0,0.2562582194805145
865,0.692,16,0.4004431962966919,0.0,0.0,0.4004431962966919
866,0.6928,16,0.11796490848064423,0.0,0.0,0.11796490848064423
867,0.6936,16,0.14969921112060547,0.0,0.0,0.14969921112060547
868,0.6944,16,0.21101617813110352,0.0,0.0,0.21101617813110352
869,0.6952,16,0.32481271028518677,0.0,0.0,0.32481271028518677
870,0.696,16,0.6200607419013977,0.0,0.0,0.6200607419013977
871,0.6968,16,0.3142772912979126,0.0,0.0,0.3142772912979126
872,0.6976,16,0.5171494483947754,0.0,0.0,0.5171494483947754
873,0.6984,16,0.5142116546630859,0.0,0.0,0.5142116546630859
874,0.6992,16,0.3371078372001648,0.0,0.0,0.3371078372001648
875,0.7,16,0.23574784398078918,0.0,0.0,0.23574784398078918
876,0.7008,16,0.4200076460838318,0.0,0.0,0.4200076460838318
877,0.7016,16,0.40120407938957214,0.0,0.0,0.40120407938957214
878,0.7024,16,0.30660149455070496,0.0,0.0,0.30660149455070496
879,0.7032,16,0.5693373084068298,0.0,0.0,0.5693373084068298
880,0.704,16,0.3097715377807617,0.0,0.0,0.3097715377807617
881,0.7048,16,0.38261333107948303,0.0,0.0,0.38261333107948303
882,0.7056,16,0.3616088032722473,0.0,0.0,0.3616088032722473
883,0.7064,16,0.48771288990974426,0.0,0.0,0.48771288990974426
884,0.7072,16,0.5166438221931458,0.0,0.0,0.5166438221931458
885,0.708,16,0.454820454120636,0.0,0.0,0.454820454120636
886,0.7088,16,0.35204192996025085,0.0,0.0,0.35204192996025085
887,0.7096,16,0.24707786738872528,0.0,0.0,0.24707786738872528
888,0.7104,16,0.17597556114196777,0.0,0.0,0.17597556114196777
889,0.7112,16,0.4743286371231079,0.0,0.0,0.4743286371231079
890,0.712,16,0.4318329095840454,0.0,0.0,0.4318329095840454
891,0.7128,16,0.23243729770183563,0.0,0.0,0.23243729770183563
892,0.7136,16,0.32368457317352295,0.0,0.0,0.32368457317352295
893,0.7144,16,0.3257700800895691,0.0,0.0,0.3257700800895691
894,0.7152,16,0.48670247197151184,0.0,0.0,0.48670247197151184
895,0.716,16,0.3833942413330078,0.0,0.0,0.3833942413330078
896,0.7168,16,0.3027585744857788,0.0,0.0,0.3027585744857788
897,0.7176,16,0.5015398859977722,0.0,0.0,0.5015398859977722
898,0.7184,16,0.5399928092956543,0.0,0.0,0.5399928092956543
899,0.7192,16,0.16170772910118103,0.0,0.0,0.16170772910118103
900,0.72,16,0.15350648760795593,0.0,0.0,0.15350648760795593
901,0.7208,16,0.10594601929187775,0.0,0.0,0.10594601929187775
902,0.7216,16,0.22912606596946716,0.0,0.0,0.22912606596946716
903,0.7224,16,0.1694311797618866,0.0,0.0,0.1694311797618866
904,0.7232,16,0.3037641644477844,0.0,0.0,0.3037641644477844
905,0.724,16,0.5023446679115295,0.0,0.0,0.5023446679115295
906,0.7248,16,0.3652045726776123,0.0,0.0,0.3652045726776123
907,0.7256,16,0.21760806441307068,0.0,0.0,0.21760806441307068
908,0.7264,16,0.21643784642219543,0.0,0.0,0.21643784642219543
909,0.7272,16,0.3409751057624817,0.0,0.0,0.3409751057624817
910,0.728,16,0.0888994038105011,0.0,0.0,0.0888994038105011
911,0.7288,16,0.14967912435531616,0.0,0.0,0.14967912435531616
912,0.7296,16,0.21217282116413116,0.0,0.0,0.21217282116413116
913,0.7304,16,0.32356587052345276,0.0,0.0,0.32356587052345276
914,0.7312,16,0.32629072666168213,0.0,0.0,0.32629072666168213
915,0.732,16,0.12078697979450226,0.0,0.0,0.12078697979450226
916,0.7328,16,0.2244841605424881,0.0,0.0,0.2244841605424881
917,0.7336,16,0.3794800639152527,0.0,0.0,0.3794800639152527
918,0.7344,16,0.23190823197364807,0.0,0.0,0.23190823197364807
919,0.7352,16,0.4330640435218811,0.0,0.0,0.4330640435218811
920,0.736,16,0.1400197297334671,0.0,0.0,0.1400197297334671
921,0.7368,16,0.44288256764411926,0.0,0.0,0.44288256764411926
922,0.7376,16,0.287480890750885,0.0,0.0,0.287480890750885
923,0.7384,16,0.6185535192489624,0.0,0.0,0.6185535192489624
924,0.7392,16,0.11060556769371033,0.0,0.0,0.11060556769371033
925,0.74,16,0.2598244547843933,0.0,0.0,0.2598244547843933
926,0.7408,16,0.4845845103263855,0.0,0.0,0.4845845103263855
927,0.7416,16,0.3063325881958008,0.0,0.0,0.3063325881958008
928,0.7424,16,0.24112309515476227,0.0,0.0,0.24112309515476227
929,0.7432,16,0.5786300897598267,0.0,0.0,0.5786300897598267
930,0.744,16,0.1463550627231598,0.0,0.0,0.1463550627231598
931,0.7448,16,0.20202501118183136,0.0,0.0,0.20202501118183136
932,0.7456,16,0.22805644571781158,0.0,0.0,0.22805644571781158
933,0.7464,16,0.6283828020095825,0.0,0.0,0.6283828020095825
934,0.7472,16,0.3976055085659027,0.0,0.0,0.3976055085659027
935,0.748,16,0.5383012294769287,0.0,0.0,0.5383012294769287
936,0.7488,16,0.5777040719985962,0.0,0.0,0.5777040719985962
937,0.7496,16,0.3099178075790405,0.0,0.0,0.3099178075790405
938,0.7504,16,0.4503805935382843,0.0,0.0,0.4503805935382843
939,0.7512,16,0.23194217681884766,0.0,0.0,0.23194217681884766
940,0.752,16,0.21942821145057678,0.0,0.0,0.21942821145057678
941,0.7528,16,0.7175092697143555,0.0,0.0,0.7175092697143555
942,0.7536,16,0.2874334454536438,0.0,0.0,0.2874334454536438
943,0.7544,16,0.3959631621837616,0.0,0.0,0.3959631621837616
944,0.7552,16,0.19185160100460052,0.0,0.0,0.19185160100460052
945,0.756,16,0.5292341709136963,0.0,0.0,0.5292341709136963
946,0.7568,16,0.31306612491607666,0.0,0.0,0.31306612491607666
947,0.7576,16,0.21611370146274567,0.0,0.0,0.21611370146274567
948,0.7584,16,0.44284337759017944,0.0,0.0,0.44284337759017944
949,0.7592,16,0.27524542808532715,0.0,0.0,0.27524542808532715
950,0.76,16,0.2464434802532196,0.0,0.0,0.2464434802532196
951,0.7608,16,0.2610316276550293,0.0,0.0,0.2610316276550293
952,0.7616,16,0.422852486371994,0.0,0.0,0.422852486371994
953,0.7624,16,0.21682797372341156,0.0,0.0,0.21682797372341156
954,0.7632,16,0.21816816926002502,0.0,0.0,0.21816816926002502
955,0.764,16,0.5154150724411011,0.0,0.0,0.5154150724411011
956,0.7648,16,0.3255436420440674,0.0,0.0,0.3255436420440674
957,0.7656,16,0.3615838885307312,0.0,0.0,0.3615838885307312
958,0.7664,16,0.1531781554222107,0.0,0.0,0.1531781554222107
959,0.7672,16,0.4258810579776764,0.0,0.0,0.4258810579776764
960,0.768,16,0.4065314829349518,0.0,0.0,0.4065314829349518
961,0.7688,16,0.2826637327671051,0.0,0.0,0.2826637327671051
962,0.7696,16,0.4339640140533447,0.0,0.0,0.4339640140533447
963,0.7704,16,0.6404329538345337,0.0,0.0,0.6404329538345337
964,0.7712,16,0.5415269732475281,0.0,0.0,0.5415269732475281
965,0.772,16,0.5354975461959839,0.0,0.0,0.5354975461959839
966,0.7728,16,0.18556815385818481,0.0,0.0,0.18556815385818481
967,0.7736,16,0.503493070602417,0.0,0.0,0.503493070602417
968,0.7744,16,0.2570115029811859,0.0,0.0,0.2570115029811859
969,0.7752,16,0.25729838013648987,0.0,0.0,0.25729838013648987
970,0.776,16,0.22194918990135193,0.0,0.0,0.22194918990135193
971,0.7768,16,0.5092796087265015,0.0,0.0,0.5092796087265015
972,0.7776,16,0.3913928270339966,0.0,0.0,0.3913928270339966
973,0.7784,16,0.35040557384490967,0.0,0.0,0.35040557384490967
974,0.7792,16,0.07472928613424301,0.0,0.0,0.07472928613424301
975,0.78,16,0.3908989727497101,0.0,0.0,0.3908989727497101
976,0.7808,16,0.25294187664985657,0.0,0.0,0.25294187664985657
977,0.7816,16,0.5050104260444641,0.0,0.0,0.5050104260444641
978,0.7824,16,0.32107383012771606,0.0,0.0,0.32107383012771606
979,0.7832,16,0.1644280105829239,0.0,0.0,0.1644280105829239
980,0.784,16,0.4290652275085449,0.0,0.0,0.4290652275085449
981,0.7848,16,0.2742649018764496,0.0,0.0,0.2742649018764496
982,0.7856,16,0.28166842460632324,0.0,0.0,0.28166842460632324
983,0.7864,16,0.08644260466098785,0.0,0.0,0.08644260466098785
984,0.7872,16,0.22677771747112274,0.0,0.0,0.22677771747112274
985,0.788,16,0.20700028538703918,0.0,0.0,0.20700028538703918
986,0.7888,16,0.44022220373153687,0.0,0.0,0.44022220373153687
987,0.7896,16,0.2373458445072174,0.0,0.0,0.2373458445072174
988,0.7904,16,0.19965611398220062,0.0,0.0,0.19965611398220062
989,0.7912,16,0.3102462589740753,0.0,0.0,0.3102462589740753
990,0.792,16,0.13662248849868774,0.0,0.0,0.13662248849868774
991,0.7928,16,0.4241965711116791,0.0,0.0,0.4241965711116791
992,0.7936,16,0.16929467022418976,0.0,0.0,0.16929467022418976
993,0.7944,16,0.1212296262383461,0.0,0.0,0.1212296262383461
994,0.7952,16,0.519136905670166,0.0,0.0,0.519136905670166
995,0.796,16,0.47729891538619995,0.0,0.0,0.47729891538619995
996,0.7968,16,0.38998091220855713,0.0,0.0,0.38998091220855713
997,0.7976,16,0.4725576639175415,0.0,0.0,0.4725576639175415
998,0.7984,16,0.4985995590686798,0.0,0.0,0.4985995590686798
999,0.7992,16,0.18614943325519562,0.0,0.0,0.18614943325519562
1000,0.8,16,0.4704350233078003,0.0,0.0,0.4704350233078003
1001,0.8008,16,0.3026018738746643,0.0,0.0,0.3026018738746643
1002,0.8016,16,0.1495213508605957,0.0,0.0,0.1495213508605957
1003,0.8024,16,0.13308963179588318,0.0,0.0,0.13308963179588318
1004,0.8032,16,0.31612372398376465,0.0,0.0,0.31612372398376465
1005,0.804,16,0.17856189608573914,0.0,0.0,0.17856189608573914
1006,0.8048,16,0.6335169076919556,0.0,0.0,0.6335169076919556
1007,0.8056,16,0.2945012152194977,0.0,0.0,0.2945012152194977
1008,0.8064,16,0.4090566337108612,0.0,0.0,0.4090566337108612
1009,0.8072,16,0.3912747800350189,0.0,0.0,0.3912747800350189
1010,0.808,16,0.3217121958732605,0.0,0.0,0.3217121958732605
1011,0.8088,16,0.3151004910469055,0.0,0.0,0.3151004910469055
1012,0.8096,16,0.23182930052280426,0.0,0.0,0.23182930052280426
1013,0.8104,16,0.20858675241470337,0.0,0.0,0.20858675241470337
1014,0.8112,16,0.23739227652549744,0.0,0.0,0.23739227652549744
1015,0.812,16,0.11317618936300278,0.0,0.0,0.11317618936300278
1016,0.8128,16,0.20567835867404938,0.0,0.0,0.20567835867404938
1017,0.8136,16,0.11242638528347015,0.0,0.0,0.11242638528347015
1018,0.8144,16,0.4089237153530121,0.0,0.0,0.4089237153530121
1019,0.8152,16,0.4108899235725403,0.0,0.0,0.4108899235725403
1020,0.816,16,0.32859158515930176,0.0,0.0,0.32859158515930176
1021,0.8168,16,0.37150391936302185,0.0,0.0,0.37150391936302185
1022,0.8176,16,0.16610917448997498,0.0,0.0,0.16610917448997498
1023,0.8184,16,0.4709409475326538,0.0,0.0,0.4709409475326538
1024,0.8192,16,0.43420904874801636,0.0,0.0,0.43420904874801636
1025,0.82,16,0.1469871997833252,0.0,0.0,0.1469871997833252
1026,0.8208,16,0.36196568608283997,0.0,0.0,0.36196568608283997
1027,0.8216,16,0.4690128266811371,0.0,0.0,0.4690128266811371
1028,0.8224,16,0.3447551727294922,0.0,0.0,0.3447551727294922
1029,0.8232,16,0.4416787624359131,0.0,0.0,0.4416787624359131
1030,0.824,16,0.2978058457374573,0.0,0.0,0.2978058457374573
1031,0.8248,16,0.25914105772972107,0.0,0.0,0.25914105772972107
1032,0.8256,16,0.6125274896621704,0.0,0.0,0.6125274896621704
1033,0.8264,16,0.4930531978607178,0.0,0.0,0.4930531978607178
1034,0.8272,16,0.19698211550712585,0.0,0.0,0.19698211550712585
1035,0.828,16,0.5290099382400513,0.0,0.0,0.5290099382400513
1036,0.8288,16,0.2598889470100403,0.0,0.0,0.2598889470100403
1037,0.8296,16,0.22320279479026794,0.0,0.0,0.22320279479026794
1038,0.8304,16,0.12693284451961517,0.0,0.0,0.12693284451961517
1039,0.8312,16,0.40176093578338623,0.0,0.0,0.40176093578338623
1040,0.832,16,0.6581366658210754,0.0,0.0,0.6581366658210754
1041,0.8328,16,0.4079342186450958,0.0,0.0,0.4079342186450958
1042,0.8336,16,0.4347878098487854,0.0,0.0,0.4347878098487854
1043,0.8344,16,0.26417702436447144,0.0,0.0,0.26417702436447144
1044,0.8352,16,0.3513312339782715,0.0,0.0,0.3513312339782715
1045,0.836,16,0.27128639817237854,0.0,0.0,0.27128639817237854
1046,0.8368,16,0.29277312755584717,0.0,0.0,0.29277312755584717
1047,0.8376,16,0.18238763511180878,0.0,0.0,0.18238763511180878
1048,0.8384,16,0.20345787703990936,0.0,0.0,0.20345787703990936
1049,0.8392,16,0.31951093673706055,0.0,0.0,0.31951093673706055
1050,0.84,16,0.1650407463312149,0.0,0.0,0.1650407463312149
1051,0.8408,16,0.297197550535202,0.0,0.0,0.297197550535202
1052,0.8416,16,0.251878023147583,0.0,0.0,0.251878023147583
1053,0.8424,16,0.31512415409088135,0.0,0.0,0.31512415409088135
1054,0.8432,16,0.2565890848636627,0.0,0.0,0.2565890848636627
1055,0.844,16,0.3249408006668091,0.0,0.0,0.3249408006668091
1056,0.8448,16,0.46666571497917175,0.0,0.0,0.46666571497917175
1057,0.8456,16,0.3297160565853119,0.0,0.0,0.3297160565853119
1058,0.8464,16,0.45752713084220886,0.0,0.0,0.45752713084220886
1059,0.8472,16,0.4266965687274933,0.0,0.0,0.4266965687274933
1060,0.848,16,0.15733131766319275,0.0,0.0,0.15733131766319275
1061,0.8488,16,0.4394264221191406,0.0,0.0,0.4394264221191406
1062,0.8496,16,0.16682222485542297,0.0,0.0,0.16682222485542297
1063,0.8504,16,0.2456197440624237,0.0,0.0,0.2456197440624237
1064,0.8512,16,0.4419094920158386,0.0,0.0,0.4419094920158386
1065,0.852,16,0.141378253698349,0.0,0.0,0.141378253698349
1066,0.8528,16,0.26602935791015625,0.0,0.0,0.26602935791015625
1067,0.8536,16,0.45255792140960693,0.0,0.0,0.45255792140960693
1068,0.8544,16,0.2731175422668457,0.0,0.0,0.2731175422668457
1069,0.8552,16,0.4051840603351593,0.0,0.0,0.4051840603351593
1070,0.856,16,0.14150381088256836,0.0,0.0,0.14150381088256836
1071,0.8568,16,0.23335033655166626,0.0,0.0,0.23335033655166626
1072,0.8576,16,0.17375944554805756,0.0,0.0,0.17375944554805756
1073,0.8584,16,0.33719006180763245,0.0,0.0,0.33719006180763245
1074,0.8592,16,0.33830589056015015,0.0,0.0,0.33830589056015015
1075,0.86,16,0.35757744312286377,0.0,0.0,0.35757744312286377
1076,0.8608,16,0.23403194546699524,0.0,0.0,0.23403194546699524
1077,0.8616,16,0.2347348928451538,0.0,0.0,0.2347348928451538
1078,0.8624,16,0.09963837265968323,0.0,0.0,0.09963837265968323
1079,0.8632,16,0.4223208725452423,0.0,0.0,0.4223208725452423
1080,0.864,16,0.23549261689186096,0.0,0.0,0.23549261689186096
1081,0.8648,16,0.2851143479347229,0.0,0.0,0.2851143479347229
1082,0.8656,16,0.535819411277771,0.0,0.0,0.535819411277771
1083,0.8664,16,0.3281604051589966,0.0,0.0,0.3281604051589966
1084,0.8672,16,0.5088777542114258,0.0,0.0,0.5088777542114258
1085,0.868,16,0.247687429189682,0.0,0.0,0.247687429189682
1086,0.8688,16,0.3197597861289978,0.0,0.0,0.3197597861289978
1087,0.8696,16,0.12349240481853485,0.0,0.0,0.12349240481853485
1088,0.8704,16,0.34530436992645264,0.0,0.0,0.34530436992645264
1089,0.8712,16,0.14385002851486206,0.0,0.0,0.14385002851486206
1090,0.872,16,0.34540069103240967,0.0,0.0,0.34540069103240967
1091,0.8728,16,0.2506062388420105,0.0,0.0,0.2506062388420105
1092,0.8736,16,0.20751729607582092,0.0,0.0,0.20751729607582092
1093,0.8744,16,0.20102933049201965,0.0,0.0,0.20102933049201965
1094,0.8752,16,0.3351832628250122,0.0,0.0,0.3351832628250122
1095,0.876,16,0.18591797351837158,0.0,0.0,0.18591797351837158
1096,0.8768,16,0.21160390973091125,0.0,0.0,0.21160390973091125
1097,0.8776,16,0.3572370409965515,0.0,0.0,0.3572370409965515
1098,0.8784,16,0.40098050236701965,0.0,0.0,0.40098050236701965
1099,0.8792,16,0.40085747838020325,0.0,0.0,0.40085747838020325
1100,0.88,16,0.30709218978881836,0.0,0.0,0.30709218978881836
1101,0.8808,16,0.39241331815719604,0.0,0.0,0.39241331815719604
1102,0.8816,16,0.24841618537902832,0.0,0.0,0.24841618537902832
1103,0.8824,16,0.49770587682724,0.0,0.0,0.49770587682724
1104,0.8832,16,0.3948351740837097,0.0,0.0,0.3948351740837097
1105,0.884,16,0.354073166847229,0.0,0.0,0.354073166847229
1106,0.8848,16,0.6311824917793274,0.0,0.0,0.6311824917793274
1107,0.8856,16,0.5335972905158997,0.0,0.0,0.5335972905158997
1108,0.8864,16,0.48883795738220215,0.0,0.0,0.48883795738220215
1109,0.8872,16,0.43433165550231934,0.0,0.0,0.43433165550231934
1110,0.888,16,0.23636281490325928,0.0,0.0,0.23636281490325928
1111,0.8888,16,0.3466361165046692,0.0,0.0,0.3466361165046692
1112,0.8896,16,0.3963043987751007,0.0,0.0,0.3963043987751007
1113,0.8904,16,0.17389211058616638,0.0,0.0,0.17389211058616638
1114,0.8912,16,0.4854469895362854,0.0,0.0,0.4854469895362854
1115,0.892,16,0.33772704005241394,0.0,0.0,0.33772704005241394
1116,0.8928,16,0.4997144937515259,0.0,0.0,0.4997144937515259
1117,0.8936,16,0.28440597653388977,0.0,0.0,0.28440597653388977
1118,0.8944,16,0.3279360830783844,0.0,0.0,0.3279360830783844
1119,0.8952,16,0.47022557258605957,0.0,0.0,0.47022557258605957
1120,0.896,16,0.6923748254776001,0.0,0.0,0.6923748254776001
1121,0.8968,16,0.3785206079483032,0.0,0.0,0.3785206079483032
1122,0.8976,16,0.198342427611351,0.0,0.0,0.198342427611351
1123,0.8984,16,0.19950149953365326,0.0,0.0,0.19950149953365326
1124,0.8992,16,0.20503786206245422,0.0,0.0,0.20503786206245422
1125,0.9,16,0.3480251431465149,0.0,0.0,0.3480251431465149
1126,0.9008,16,0.43619170784950256,0.0,0.0,0.43619170784950256
1127,0.9016,16,0.18804414570331573,0.0,0.0,0.18804414570331573
1128,0.9024,16,0.31758084893226624,0.0,0.0,0.31758084893226624
1129,0.9032,16,0.13258454203605652,0.0,0.0,0.13258454203605652
1130,0.904,16,0.11788680404424667,0.0,0.0,0.11788680404424667
1131,0.9048,16,0.18648424744606018,0.0,0.0,0.18648424744606018
1132,0.9056,16,0.15036585927009583,0.0,0.0,0.15036585927009583
1133,0.9064,16,0.24574744701385498,0.0,0.0,0.24574744701385498
1134,0.9072,16,0.3078659772872925,0.0,0.0,0.3078659772872925
1135,0.908,16,0.4015389680862427,0.0,0.0,0.4015389680862427
1136,0.9088,16,0.53116375207901,0.0,0.0,0.53116375207901
1137,0.9096,16,0.4262244999408722,0.0,0.0,0.4262244999408722
1138,0.9104,16,0.16686859726905823,0.0,0.0,0.16686859726905823
1139,0.9112,16,0.16459640860557556,0.0,0.0,0.16459640860557556
1140,0.912,16,0.43705809116363525,0.0,0.0,0.43705809116363525
1141,0.9128,16,0.4183178246021271,0.0,0.0,0.4183178246021271
1142,0.9136,16,0.12003100663423538,0.0,0.0,0.12003100663423538
1143,0.9144,16,0.2874222993850708,0.0,0.0,0.2874222993850708
1144,0.9152,16,0.6695194244384766,0.0,0.0,0.6695194244384766
1145,0.916,16,0.27376115322113037,0.0,0.0,0.27376115322113037
1146,0.9168,16,0.6201474666595459,0.0,0.0,0.6201474666595459
1147,0.9176,16,0.1767042726278305,0.0,0.0,0.1767042726278305
1148,0.9184,16,0.3938966393470764,0.0,0.0,0.3938966393470764
1149,0.9192,16,0.23443503677845,0.0,0.0,0.23443503677845
1150,0.92,16,0.21682208776474,0.0,0.0,0.21682208776474
1151,0.9208,16,0.18065568804740906,0.0,0.0,0.18065568804740906
1152,0.9216,16,0.483214795589447,0.0,0.0,0.483214795589447
1153,0.9224,16,0.14714673161506653,0.0,0.0,0.14714673161506653
1154,0.9232,16,0.4669681489467621,0.0,0.0,0.4669681489467621
1155,0.924,16,0.48396772146224976,0.0,0.0,0.48396772146224976
1156,0.9248,16,0.2475411593914032,0.0,0.0,0.2475411593914032
1157,0.9256,16,0.33893024921417236,0.0,0.0,0.33893024921417236
1158,0.9264,16,0.5592213869094849,0.0,0.0,0.5592213869094849
1159,0.9272,16,0.2612573802471161,0.0,0.0,0.2612573802471161
1160,0.928,16,0.42579370737075806,0.0,0.0,0.42579370737075806
1161,0.9288,16,0.3239159882068634,0.0,0.0,0.3239159882068634
1162,0.9296,16,0.5231623649597168,0.0,0.0,0.5231623649597168
1163,0.9304,16,0.28553181886672974,0.0,0.0,0.28553181886672974
1164,0.9312,16,0.5619345307350159,0.0,0.0,0.5619345307350159
1165,0.932,16,0.483646422624588,0.0,0.0,0.483646422624588
1166,0.9328,16,0.18217936158180237,0.0,0.0,0.18217936158180237
1167,0.9336,16,0.22596415877342224,0.0,0.0,0.22596415877342224
1168,0.9344,16,0.26612991094589233,0.0,0.0,0.26612991094589233
1169,0.9352,16,0.2593945860862732,0.0,0.0,0.2593945860862732
1170,0.936,16,0.39536380767822266,0.0,0.0,0.39536380767822266
1171,0.9368,16,0.3105820417404175,0.0,0.0,0.3105820417404175
1172,0.9376,16,0.6183025240898132,0.0,0.0,0.6183025240898132
1173,0.9384,16,0.762951672077179,0.0,0.0,0.762951672077179
1174,0.9392,16,0.253923624753952,0.0,0.0,0.253923624753952
1175,0.94,16,0.2788633704185486,0.0,0.0,0.2788633704185486
1176,0.9408,16,0.40359190106391907,0.0,0.0,0.40359190106391907
1177,0.9416,16,0.15480154752731323,0.0,0.0,0.15480154752731323
1178,0.9424,16,0.49472567439079285,0.0,0.0,0.49472567439079285
1179,0.9432,16,0.1529659926891327,0.0,0.0,0.1529659926891327
1180,0.944,16,0.09962883591651917,0.0,0.0,0.09962883591651917
1181,0.9448,16,0.18156981468200684,0.0,0.0,0.18156981468200684
1182,0.9456,16,0.27067476511001587,0.0,0.0,0.27067476511001587
1183,0.9464,16,0.12107879668474197,0.0,0.0,0.12107879668474197
1184,0.9472,16,0.2004947066307068,0.0,0.0,0.2004947066307068
1185,0.948,16,0.45242008566856384,0.0,0.0,0.45242008566856384
1186,0.9488,16,0.5516965389251709,0.0,0.0,0.5516965389251709
1187,0.9496,16,0.561016321182251,0.0,0.0,0.561016321182251
1188,0.9504,16,0.5872222185134888,0.0,0.0,0.5872222185134888
1189,0.9512,16,0.4101269245147705,0.0,0.0,0.4101269245147705
1190,0.952,16,0.5387870073318481,0.0,0.0,0.5387870073318481
1191,0.9528,16,0.37931859493255615,0.0,0.0,0.37931859493255615
1192,0.9536,16,0.2788345217704773,0.0,0.0,0.2788345217704773
1193,0.9544,16,0.3156868815422058,0.0,0.0,0.3156868815422058
1194,0.9552,16,0.1444990187883377,0.0,0.0,0.1444990187883377
1195,0.956,16,0.1549009382724762,0.0,0.0,0.1549009382724762
1196,0.9568,16,0.47629567980766296,0.0,0.0,0.47629567980766296
1197,0.9576,16,0.16559463739395142,0.0,0.0,0.16559463739395142
1198,0.9584,16,0.7874752283096313,0.0,0.0,0.7874752283096313
1199,0.9592,16,0.09629137814044952,0.0,0.0,0.09629137814044952
1200,0.96,16,0.23398526012897491,0.0,0.0,0.23398526012897491
1201,0.9608,16,0.35535067319869995,0.0,0.0,0.35535067319869995
1202,0.9616,16,0.498757541179657,0.0,0.0,0.498757541179657
1203,0.9624,16,0.12239689379930496,0.0,0.0,0.12239689379930496
1204,0.9632,16,0.318634033203125,0.0,0.0,0.318634033203125
1205,0.964,16,0.28735989332199097,0.0,0.0,0.28735989332199097
1206,0.9648,16,0.2920721471309662,0.0,0.0,0.2920721471309662
1207,0.9656,16,0.34062787890434265,0.0,0.0,0.34062787890434265
1208,0.9664,16,0.34493187069892883,0.0,0.0,0.34493187069892883
1209,0.9672,16,0.3452760577201843,0.0,0.0,0.3452760577201843
1210,0.968,16,0.4800335764884949,0.0,0.0,0.4800335764884949
1211,0.9688,16,0.2985597252845764,0.0,0.0,0.2985597252845764
1212,0.9696,16,0.4691839814186096,0.0,0.0,0.4691839814186096
1213,0.9704,16,0.13385920226573944,0.0,0.0,0.13385920226573944
1214,0.9712,16,0.09584367275238037,0.0,0.0,0.09584367275238037
1215,0.972,16,0.22209098935127258,0.0,0.0,0.22209098935127258
1216,0.9728,16,0.3956970274448395,0.0,0.0,0.3956970274448395
1217,0.9736,16,0.20468419790267944,0.0,0.0,0.20468419790267944
1218,0.9744,16,0.3746747374534607,0.0,0.0,0.3746747374534607
1219,0.9752,16,0.8392923474311829,0.0,0.0,0.8392923474311829
1220,0.976,16,0.31159794330596924,0.0,0.0,0.31159794330596924
1221,0.9768,16,0.41286760568618774,0.0,0.0,0.41286760568618774
1222,0.9776,16,0.14974388480186462,0.0,0.0,0.14974388480186462
1223,0.9784,16,0.30668023228645325,0.0,0.0,0.30668023228645325
1224,0.9792,16,0.28897106647491455,0.0,0.0,0.28897106647491455
1225,0.98,16,0.3190275728702545,0.0,0.0,0.3190275728702545
1226,0.9808,16,0.2256615161895752,0.0,0.0,0.2256615161895752
1227,0.9816,16,0.34635332226753235,0.0,0.0,0.34635332226753235
1228,0.9824,16,0.12319545447826385,0.0,0.0,0.12319545447826385
1229,0.9832,16,0.3101647198200226,0.0,0.0,0.3101647198200226
1230,0.984,16,0.5407679677009583,0.0,0.0,0.5407679677009583
1231,0.9848,16,0.21704402565956116,0.0,0.0,0.21704402565956116
1232,0.9856,16,0.2938123047351837,0.0,0.0,0.2938123047351837
1233,0.9864,16,0.6394515037536621,0.0,0.0,0.6394515037536621
1234,0.9872,16,0.5631188750267029,0.0,0.0,0.5631188750267029
1235,0.988,16,0.3688802421092987,0.0,0.0,0.3688802421092987
1236,0.9888,16,0.42486369609832764,0.0,0.0,0.42486369609832764
1237,0.9896,16,0.2385438084602356,0.0,0.0,0.2385438084602356
1238,0.9904,16,0.12755495309829712,0.0,0.0,0.12755495309829712
1239,0.9912,16,0.1271345168352127,0.0,0.0,0.1271345168352127
1240,0.992,16,0.32496458292007446,0.0,0.0,0.32496458292007446
1241,0.9928,16,0.39250433444976807,0.0,0.0,0.39250433444976807
1242,0.9936,16,0.40928640961647034,0.0,0.0,0.40928640961647034
1243,0.9944,16,0.20058636367321014,0.0,0.0,0.20058636367321014
1244,0.9952,16,0.09638645499944687,0.0,0.0,0.09638645499944687
1245,0.996,16,0.33039504289627075,0.0,0.0,0.33039504289627075
1246,0.9968,16,0.2908802032470703,0.0,0.0,0.2908802032470703
1247,0.9976,16,0.3314095735549927,0.0,0.0,0.3314095735549927
1248,0.9984,16,0.2704535126686096,0.0,0.0,0.2704535126686096
1249,0.9992,16,0.2034887671470642,0.0,0.0,0.2034887671470642
1250,1.0,16,0.10794759541749954,0.0,0.0,0.10794759541749954
1251,1.0008,16,0.8655028343200684,0.0,0.0,0.8655028343200684
1252,1.0016,16,0.3634108901023865,0.0,0.0,0.3634108901023865
1253,1.0024,16,0.2930004596710205,0.0,0.0,0.2930004596710205
1254,1.0032,16,0.40775495767593384,0.0,0.0,0.40775495767593384
1255,1.004,16,0.10079693794250488,0.0,0.0,0.10079693794250488
1256,1.0048,16,0.17303800582885742,0.0,0.0,0.17303800582885742
1257,1.0056,16,0.465135782957077,0.0,0.0,0.465135782957077
1258,1.0064,16,0.38662341237068176,0.0,0.0,0.38662341237068176
1259,1.0072,16,0.11802639067173004,0.0,0.0,0.11802639067173004
1260,1.008,16,0.21076063811779022,0.0,0.0,0.21076063811779022
1261,1.0088,16,0.3312944769859314,0.0,0.0,0.3312944769859314
1262,1.0096,16,0.5228039026260376,0.0,0.0,0.5228039026260376
1263,1.0104,16,0.13779523968696594,0.0,0.0,0.13779523968696594
1264,1.0112,16,0.21740971505641937,0.0,0.0,0.21740971505641937
1265,1.012,16,0.12070561945438385,0.0,0.0,0.12070561945438385
1266,1.0128,16,0.26190128922462463,0.0,0.0,0.26190128922462463
1267,1.0136,16,0.13828277587890625,0.0,0.0,0.13828277587890625
1268,1.0144,16,0.4404284954071045,0.0,0.0,0.4404284954071045
1269,1.0152,16,0.07419892400503159,0.0,0.0,0.07419892400503159
1270,1.016,16,0.09403781592845917,0.0,0.0,0.09403781592845917
1271,1.0168,16,0.52288818359375,0.0,0.0,0.52288818359375
1272,1.0176,16,0.40873026847839355,0.0,0.0,0.40873026847839355
1273,1.0184,16,0.0821428894996643,0.0,0.0,0.0821428894996643
1274,1.0192,16,0.7347383499145508,0.0,0.0,0.7347383499145508
1275,1.02,16,0.1605284959077835,0.0,0.0,0.1605284959077835
1276,1.0208,16,0.4087017774581909,0.0,0.0,0.4087017774581909
1277,1.0216,16,0.4425238370895386,0.0,0.0,0.4425238370895386
1278,1.0224,16,0.16052745282649994,0.0,0.0,0.16052745282649994
1279,1.0232,16,0.28933805227279663,0.0,0.0,0.28933805227279663
1280,1.024,16,0.4781334698200226,0.0,0.0,0.4781334698200226
1281,1.0248,16,0.0964588075876236,0.0,0.0,0.0964588075876236
1282,1.0256,16,0.39957499504089355,0.0,0.0,0.39957499504089355
1283,1.0264,16,0.1410762369632721,0.0,0.0,0.1410762369632721
1284,1.0272,16,0.18782921135425568,0.0,0.0,0.18782921135425568
1285,1.028,16,0.4950040578842163,0.0,0.0,0.4950040578842163
1286,1.0288,16,0.2594184875488281,0.0,0.0,0.2594184875488281
1287,1.0296,16,0.4488108456134796,0.0,0.0,0.4488108456134796
1288,1.0304,16,0.26118263602256775,0.0,0.0,0.26118263602256775
1289,1.0312,16,0.201730877161026,0.0,0.0,0.201730877161026
1290,1.032,16,0.25407662987709045,0.0,0.0,0.25407662987709045
1291,1.0328,16,0.19090817868709564,0.0,0.0,0.19090817868709564
1292,1.0336,16,0.3491569757461548,0.0,0.0,0.3491569757461548
1293,1.0344,16,0.13532570004463196,0.0,0.0,0.13532570004463196
1294,1.0352,16,0.18492057919502258,0.0,0.0,0.18492057919502258
1295,1.036,16,0.36803847551345825,0.0,0.0,0.36803847551345825
1296,1.0368,16,0.1172354519367218,0.0,0.0,0.1172354519367218
1297,1.0376,16,0.4635459780693054,0.0,0.0,0.4635459780693054
1298,1.0384,16,0.23004454374313354,0.0,0.0,0.23004454374313354
1299,1.0392,16,0.26094508171081543,0.0,0.0,0.26094508171081543
1300,1.04,16,0.13274289667606354,0.0,0.0,0.13274289667606354
1301,1.0408,16,0.27708637714385986,0.0,0.0,0.27708637714385986
1302,1.0416,16,0.2027420699596405,0.0,0.0,0.2027420699596405
1303,1.0424,16,0.3850432336330414,0.0,0.0,0.3850432336330414
1304,1.0432,16,0.1829916536808014,0.0,0.0,0.1829916536808014
1305,1.044,16,0.25645601749420166,0.0,0.0,0.25645601749420166
1306,1.0448,16,0.29023081064224243,0.0,0.0,0.29023081064224243
1307,1.0456,16,0.10444243997335434,0.0,0.0,0.10444243997335434
1308,1.0464,16,0.34007391333580017,0.0,0.0,0.34007391333580017
1309,1.0472,16,0.3140142858028412,0.0,0.0,0.3140142858028412
1310,1.048,16,0.3051943778991699,0.0,0.0,0.3051943778991699
1311,1.0488,16,0.22920919954776764,0.0,0.0,0.22920919954776764
1312,1.0496,16,0.1191781684756279,0.0,0.0,0.1191781684756279
1313,1.0504,16,0.09172236919403076,0.0,0.0,0.09172236919403076
1314,1.0512,16,0.49682679772377014,0.0,0.0,0.49682679772377014
1315,1.052,16,0.4186759293079376,0.0,0.0,0.4186759293079376
1316,1.0528,16,0.3837018311023712,0.0,0.0,0.3837018311023712
1317,1.0536,16,0.29622209072113037,0.0,0.0,0.29622209072113037
1318,1.0544,16,0.15749728679656982,0.0,0.0,0.15749728679656982
1319,1.0552,16,0.3320603668689728,0.0,0.0,0.3320603668689728
1320,1.056,16,0.3079017400741577,0.0,0.0,0.3079017400741577
1321,1.0568,16,0.3142862319946289,0.0,0.0,0.3142862319946289
1322,1.0576,16,0.7003979086875916,0.0,0.0,0.7003979086875916
1323,1.0584,16,0.37897154688835144,0.0,0.0,0.37897154688835144
1324,1.0592,16,0.07930925488471985,0.0,0.0,0.07930925488471985
1325,1.06,16,0.30305004119873047,0.0,0.0,0.30305004119873047
1326,1.0608,16,0.48060572147369385,0.0,0.0,0.48060572147369385
1327,1.0616,16,0.1577451229095459,0.0,0.0,0.1577451229095459
1328,1.0624,16,0.360612690448761,0.0,0.0,0.360612690448761
1329,1.0632,16,0.23300333321094513,0.0,0.0,0.23300333321094513
1330,1.064,16,0.1836860477924347,0.0,0.0,0.1836860477924347
1331,1.0648,16,0.4746679961681366,0.0,0.0,0.4746679961681366
1332,1.0656,16,0.6017057299613953,0.0,0.0,0.6017057299613953
1333,1.0664,16,0.1609850823879242,0.0,0.0,0.1609850823879242
1334,1.0672,16,0.4989023804664612,0.0,0.0,0.4989023804664612
1335,1.068,16,0.21276113390922546,0.0,0.0,0.21276113390922546
1336,1.0688,16,0.33546769618988037,0.0,0.0,0.33546769618988037
1337,1.0695999999999999,16,0.27740976214408875,0.0,0.0,0.27740976214408875
1338,1.0704,16,0.5503813624382019,0.0,0.0,0.5503813624382019
1339,1.0712,16,0.28400975465774536,0.0,0.0,0.28400975465774536
1340,1.072,16,0.3564438223838806,0.0,0.0,0.3564438223838806
1341,1.0728,16,0.2829040288925171,0.0,0.0,0.2829040288925171
1342,1.0735999999999999,16,0.37518537044525146,0.0,0.0,0.37518537044525146
1343,1.0744,16,0.4397452473640442,0.0,0.0,0.4397452473640442
1344,1.0752,16,0.0819537341594696,0.0,0.0,0.0819537341594696
1345,1.076,16,0.417590469121933,0.0,0.0,0.417590469121933
1346,1.0768,16,0.12540234625339508,0.0,0.0,0.12540234625339508
1347,1.0776,16,0.29000407457351685,0.0,0.0,0.29000407457351685
1348,1.0784,16,0.22821682691574097,0.0,0.0,0.22821682691574097
1349,1.0792,16,0.35853874683380127,0.0,0.0,0.35853874683380127
1350,1.08,16,0.1208251416683197,0.0,0.0,0.1208251416683197
1351,1.0808,16,0.30224674940109253,0.0,0.0,0.30224674940109253
1352,1.0816,16,0.2601398825645447,0.0,0.0,0.2601398825645447
1353,1.0824,16,0.4537317156791687,0.0,0.0,0.4537317156791687
1354,1.0832,16,0.3934210538864136,0.0,0.0,0.3934210538864136
1355,1.084,16,0.547270655632019,0.0,0.0,0.547270655632019
1356,1.0848,16,0.2041955292224884,0.0,0.0,0.2041955292224884
1357,1.0856,16,0.3424188196659088,0.0,0.0,0.3424188196659088
1358,1.0864,16,0.2921188771724701,0.0,0.0,0.2921188771724701
1359,1.0872,16,0.20246444642543793,0.0,0.0,0.20246444642543793
1360,1.088,16,0.3527451455593109,0.0,0.0,0.3527451455593109
1361,1.0888,16,0.21643128991127014,0.0,0.0,0.21643128991127014
1362,1.0896,16,0.09217725694179535,0.0,0.0,0.09217725694179535
1363,1.0904,16,0.4305962324142456,0.0,0.0,0.4305962324142456
1364,1.0912,16,0.3596453368663788,0.0,0.0,0.3596453368663788
1365,1.092,16,0.4787261486053467,0.0,0.0,0.4787261486053467
1366,1.0928,16,0.5654923915863037,0.0,0.0,0.5654923915863037
1367,1.0936,16,0.23199692368507385,0.0,0.0,0.23199692368507385
1368,1.0944,16,0.3175026774406433,0.0,0.0,0.3175026774406433
1369,1.0952,16,0.19384026527404785,0.0,0.0,0.19384026527404785
1370,1.096,16,0.42892658710479736,0.0,0.0,0.42892658710479736
1371,1.0968,16,0.2242998629808426,0.0,0.0,0.2242998629808426
1372,1.0976,16,0.308697372674942,0.0,0.0,0.308697372674942
1373,1.0984,16,0.4070987403392792,0.0,0.0,0.4070987403392792
1374,1.0992,16,0.14251819252967834,0.0,0.0,0.14251819252967834
1375,1.1,16,0.23172199726104736,0.0,0.0,0.23172199726104736
1376,1.1008,16,0.11153484135866165,0.0,0.0,0.11153484135866165
1377,1.1016,16,0.189955472946167,0.0,0.0,0.189955472946167
1378,1.1024,16,0.22822991013526917,0.0,0.0,0.22822991013526917
1379,1.1032,16,0.3922857642173767,0.0,0.0,0.3922857642173767
1380,1.104,16,0.42578789591789246,0.0,0.0,0.42578789591789246
1381,1.1048,16,0.4696402847766876,0.0,0.0,0.4696402847766876
1382,1.1056,16,0.1408700942993164,0.0,0.0,0.1408700942993164
1383,1.1064,16,0.5411205887794495,0.0,0.0,0.5411205887794495
1384,1.1072,16,0.35958749055862427,0.0,0.0,0.35958749055862427
1385,1.108,16,0.4393494129180908,0.0,0.0,0.4393494129180908
1386,1.1088,16,0.2852540612220764,0.0,0.0,0.2852540612220764
1387,1.1096,16,0.13042950630187988,0.0,0.0,0.13042950630187988
1388,1.1104,16,0.22498492896556854,0.0,0.0,0.22498492896556854
1389,1.1112,16,0.1532229781150818,0.0,0.0,0.1532229781150818
1390,1.112,16,0.3257754147052765,0.0,0.0,0.3257754147052765
1391,1.1128,16,0.24186915159225464,0.0,0.0,0.24186915159225464
1392,1.1136,16,0.23562657833099365,0.0,0.0,0.23562657833099365
1393,1.1144,16,0.3024851083755493,0.0,0.0,0.3024851083755493
1394,1.1152,16,0.19539768993854523,0.0,0.0,0.19539768993854523
1395,1.116,16,0.09737344086170197,0.0,0.0,0.09737344086170197
1396,1.1168,16,0.21004217863082886,0.0,0.0,0.21004217863082886
1397,1.1176,16,0.24456888437271118,0.0,0.0,0.24456888437271118
1398,1.1184,16,0.07961799204349518,0.0,0.0,0.07961799204349518
1399,1.1192,16,0.3512914180755615,0.0,0.0,0.3512914180755615
1400,1.12,16,0.14650890231132507,0.0,0.0,0.14650890231132507
1401,1.1208,16,0.31962114572525024,0.0,0.0,0.31962114572525024
1402,1.1216,16,0.5163239240646362,0.0,0.0,0.5163239240646362
1403,1.1224,16,0.32665127515792847,0.0,0.0,0.32665127515792847
1404,1.1232,16,0.46292567253112793,0.0,0.0,0.46292567253112793
1405,1.124,16,0.07753659039735794,0.0,0.0,0.07753659039735794
1406,1.1248,16,0.2560049295425415,0.0,0.0,0.2560049295425415
1407,1.1256,16,0.09060011059045792,0.0,0.0,0.09060011059045792
1408,1.1264,16,0.3132493495941162,0.0,0.0,0.3132493495941162
1409,1.1272,16,0.35054993629455566,0.0,0.0,0.35054993629455566
1410,1.1280000000000001,16,0.2074872851371765,0.0,0.0,0.2074872851371765
1411,1.1288,16,0.0907876044511795,0.0,0.0,0.0907876044511795
1412,1.1296,16,0.07147686183452606,0.0,0.0,0.07147686183452606
1413,1.1304,16,0.1926960051059723,0.0,0.0,0.1926960051059723
1414,1.1312,16,0.090645931661129,0.0,0.0,0.090645931661129
1415,1.1320000000000001,16,0.21114186942577362,0.0,0.0,0.21114186942577362
1416,1.1328,16,0.39152050018310547,0.0,0.0,0.39152050018310547
1417,1.1336,16,0.05207693576812744,0.0,0.0,0.05207693576812744
1418,1.1344,16,0.2940339744091034,0.0,0.0,0.2940339744091034
1419,1.1352,16,0.13763481378555298,0.0,0.0,0.13763481378555298
1420,1.1360000000000001,16,0.20016971230506897,0.0,0.0,0.20016971230506897
1421,1.1368,16,0.5854788422584534,0.0,0.0,0.5854788422584534
1422,1.1376,16,0.44067466259002686,0.0,0.0,0.44067466259002686
1423,1.1384,16,0.6055837273597717,0.0,0.0,0.6055837273597717
1424,1.1392,16,0.20490571856498718,0.0,0.0,0.20490571856498718
1425,1.1400000000000001,16,0.3455500304698944,0.0,0.0,0.3455500304698944
1426,1.1408,16,0.3676866292953491,0.0,0.0,0.3676866292953491
1427,1.1416,16,0.8017168641090393,0.0,0.0,0.8017168641090393
1428,1.1424,16,0.3720356822013855,0.0,0.0,0.3720356822013855
1429,1.1432,16,0.337272047996521,0.0,0.0,0.337272047996521
1430,1.144,16,0.6064074635505676,0.0,0.0,0.6064074635505676
1431,1.1448,16,0.36037808656692505,0.0,0.0,0.36037808656692505
1432,1.1456,16,0.1653417944908142,0.0,0.0,0.1653417944908142
1433,1.1464,16,0.25662967562675476,0.0,0.0,0.25662967562675476
1434,1.1472,16,0.08653823286294937,0.0,0.0,0.08653823286294937
1435,1.148,16,0.4906631112098694,0.0,0.0,0.4906631112098694
1436,1.1488,16,0.0935516431927681,0.0,0.0,0.0935516431927681
1437,1.1496,16,0.37858816981315613,0.0,0.0,0.37858816981315613
1438,1.1504,16,0.13168519735336304,0.0,0.0,0.13168519735336304
1439,1.1512,16,0.10731233656406403,0.0,0.0,0.10731233656406403
1440,1.152,16,0.19332855939865112,0.0,0.0,0.19332855939865112
1441,1.1528,16,0.42690205574035645,0.0,0.0,0.42690205574035645
1442,1.1536,16,0.5394854545593262,0.0,0.0,0.5394854545593262
1443,1.1544,16,0.3596458435058594,0.0,0.0,0.3596458435058594
1444,1.1552,16,0.38924440741539,0.0,0.0,0.38924440741539
1445,1.156,16,0.33214718103408813,0.0,0.0,0.33214718103408813
1446,1.1568,16,0.3847028613090515,0.0,0.0,0.3847028613090515
1447,1.1576,16,0.339973509311676,0.0,0.0,0.339973509311676
1448,1.1584,16,0.3455178439617157,0.0,0.0,0.3455178439617157
1449,1.1592,16,0.1797606498003006,0.0,0.0,0.1797606498003006
1450,1.16,16,0.20942804217338562,0.0,0.0,0.20942804217338562
1451,1.1608,16,0.37350988388061523,0.0,0.0,0.37350988388061523
1452,1.1616,16,0.46142831444740295,0.0,0.0,0.46142831444740295
1453,1.1623999999999999,16,0.42187535762786865,0.0,0.0,0.42187535762786865
1454,1.1632,16,0.4202888309955597,0.0,0.0,0.4202888309955597
1455,1.164,16,0.1302070915699005,0.0,0.0,0.1302070915699005
1456,1.1648,16,0.2705867886543274,0.0,0.0,0.2705867886543274
1457,1.1656,16,0.36108171939849854,0.0,0.0,0.36108171939849854
1458,1.1663999999999999,16,0.1959230899810791,0.0,0.0,0.1959230899810791
1459,1.1672,16,0.4939501881599426,0.0,0.0,0.4939501881599426
1460,1.168,16,0.3620232343673706,0.0,0.0,0.3620232343673706
1461,1.1688,16,0.29981476068496704,0.0,0.0,0.29981476068496704
1462,1.1696,16,0.26709553599357605,0.0,0.0,0.26709553599357605
1463,1.1703999999999999,16,0.07745861262083054,0.0,0.0,0.07745861262083054
1464,1.1712,16,0.1621667742729187,0.0,0.0,0.1621667742729187
1465,1.172,16,0.13579030334949493,0.0,0.0,0.13579030334949493
1466,1.1728,16,0.13716265559196472,0.0,0.0,0.13716265559196472
1467,1.1736,16,0.3044595718383789,0.0,0.0,0.3044595718383789
1468,1.1743999999999999,16,0.17538826167583466,0.0,0.0,0.17538826167583466
1469,1.1752,16,0.2701095640659332,0.0,0.0,0.2701095640659332
1470,1.176,16,0.4684426188468933,0.0,0.0,0.4684426188468933
1471,1.1768,16,0.21382096409797668,0.0,0.0,0.21382096409797668
1472,1.1776,16,0.07402695715427399,0.0,0.0,0.07402695715427399
1473,1.1784,16,0.3180626332759857,0.0,0.0,0.3180626332759857
1474,1.1792,16,0.3042147159576416,0.0,0.0,0.3042147159576416
1475,1.18,16,0.33834338188171387,0.0,0.0,0.33834338188171387
1476,1.1808,16,0.27077943086624146,0.0,0.0,0.27077943086624146
1477,1.1816,16,0.4126102924346924,0.0,0.0,0.4126102924346924
1478,1.1824,16,0.6124018430709839,0.0,0.0,0.6124018430709839
1479,1.1832,16,0.3431169390678406,0.0,0.0,0.3431169390678406
1480,1.184,16,0.42138242721557617,0.0,0.0,0.42138242721557617
1481,1.1848,16,0.07721100747585297,0.0,0.0,0.07721100747585297
1482,1.1856,16,0.35754871368408203,0.0,0.0,0.35754871368408203
1483,1.1864,16,0.11236613243818283,0.0,0.0,0.11236613243818283
1484,1.1872,16,0.13632839918136597,0.0,0.0,0.13632839918136597
1485,1.188,16,0.12090720236301422,0.0,0.0,0.12090720236301422
1486,1.1888,16,0.28299009799957275,0.0,0.0,0.28299009799957275
1487,1.1896,16,0.12354153394699097,0.0,0.0,0.12354153394699097
1488,1.1904,16,0.25933051109313965,0.0,0.0,0.25933051109313965
1489,1.1912,16,0.5109012126922607,0.0,0.0,0.5109012126922607
1490,1.192,16,0.1166812926530838,0.0,0.0,0.1166812926530838
1491,1.1928,16,0.32407981157302856,0.0,0.0,0.32407981157302856
1492,1.1936,16,0.14913398027420044,0.0,0.0,0.14913398027420044
1493,1.1944,16,0.43827110528945923,0.0,0.0,0.43827110528945923
1494,1.1952,16,0.14127816259860992,0.0,0.0,0.14127816259860992
1495,1.196,16,0.4965445399284363,0.0,0.0,0.4965445399284363
1496,1.1968,16,0.31461605429649353,0.0,0.0,0.31461605429649353
1497,1.1976,16,0.29100996255874634,0.0,0.0,0.29100996255874634
1498,1.1984,16,0.27902960777282715,0.0,0.0,0.27902960777282715
1499,1.1992,16,0.09704321622848511,0.0,0.0,0.09704321622848511
1500,1.2,16,0.4003514051437378,0.0,0.0,0.4003514051437378
1501,1.2008,16,0.325316846370697,0.0,0.0,0.325316846370697
1502,1.2016,16,0.27855080366134644,0.0,0.0,0.27855080366134644
1503,1.2024,16,0.2054794728755951,0.0,0.0,0.2054794728755951
1504,1.2032,16,0.37155067920684814,0.0,0.0,0.37155067920684814
1505,1.204,16,0.3903338611125946,0.0,0.0,0.3903338611125946
1506,1.2048,16,0.3918837606906891,0.0,0.0,0.3918837606906891
1507,1.2056,16,0.5301929712295532,0.0,0.0,0.5301929712295532
1508,1.2064,16,0.1682950258255005,0.0,0.0,0.1682950258255005
1509,1.2072,16,0.27959194779396057,0.0,0.0,0.27959194779396057
1510,1.208,16,0.6220366954803467,0.0,0.0,0.6220366954803467
1511,1.2088,16,0.6019205451011658,0.0,0.0,0.6019205451011658
1512,1.2096,16,0.07265451550483704,0.0,0.0,0.07265451550483704
1513,1.2104,16,0.11123853921890259,0.0,0.0,0.11123853921890259
1514,1.2112,16,0.10408594459295273,0.0,0.0,0.10408594459295273
1515,1.212,16,0.1485510766506195,0.0,0.0,0.1485510766506195
1516,1.2128,16,0.11094067245721817,0.0,0.0,0.11094067245721817
1517,1.2136,16,0.3310186266899109,0.0,0.0,0.3310186266899109
1518,1.2144,16,0.46666181087493896,0.0,0.0,0.46666181087493896
1519,1.2152,16,0.08702850341796875,0.0,0.0,0.08702850341796875
1520,1.216,16,0.5186894536018372,0.0,0.0,0.5186894536018372
1521,1.2168,16,0.25783589482307434,0.0,0.0,0.25783589482307434
1522,1.2176,16,0.12578162550926208,0.0,0.0,0.12578162550926208
1523,1.2184,16,0.6015387773513794,0.0,0.0,0.6015387773513794
1524,1.2192,16,0.1568434238433838,0.0,0.0,0.1568434238433838
1525,1.22,16,0.1992078423500061,0.0,0.0,0.1992078423500061
1526,1.2208,16,0.47735893726348877,0.0,0.0,0.47735893726348877
1527,1.2216,16,0.3987971544265747,0.0,0.0,0.3987971544265747
1528,1.2224,16,0.1941680908203125,0.0,0.0,0.1941680908203125
1529,1.2232,16,0.5679666996002197,0.0,0.0,0.5679666996002197
1530,1.224,16,0.23932263255119324,0.0,0.0,0.23932263255119324
1531,1.2248,16,0.3451564908027649,0.0,0.0,0.3451564908027649
1532,1.2256,16,0.32556119561195374,0.0,0.0,0.32556119561195374
1533,1.2264,16,0.43977558612823486,0.0,0.0,0.43977558612823486
1534,1.2272,16,0.3805627226829529,0.0,0.0,0.3805627226829529
1535,1.228,16,0.3706699013710022,0.0,0.0,0.3706699013710022
1536,1.2288000000000001,16,0.36281388998031616,0.0,0.0,0.36281388998031616
1537,1.2296,16,0.45850852131843567,0.0,0.0,0.45850852131843567
1538,1.2304,16,0.08955253660678864,0.0,0.0,0.08955253660678864
1539,1.2312,16,0.34170448780059814,0.0,0.0,0.34170448780059814
1540,1.232,16,0.16674473881721497,0.0,0.0,0.16674473881721497
1541,1.2328000000000001,16,0.38840189576148987,0.0,0.0,0.38840189576148987
1542,1.2336,16,0.18570061028003693,0.0,0.0,0.18570061028003693
1543,1.2344,16,0.3458474576473236,0.0,0.0,0.3458474576473236
1544,1.2352,16,0.3623264729976654,0.0,0.0,0.3623264729976654
1545,1.236,16,0.31744512915611267,0.0,0.0,0.31744512915611267
1546,1.2368000000000001,16,0.24956169724464417,0.0,0.0,0.24956169724464417
1547,1.2376,16,0.16931191086769104,0.0,0.0,0.16931191086769104
1548,1.2384,16,0.23898041248321533,0.0,0.0,0.23898041248321533
1549,1.2392,16,0.38514578342437744,0.0,0.0,0.38514578342437744
1550,1.24,16,0.5905987620353699,0.0,0.0,0.5905987620353699
1551,1.2408,16,0.1721467226743698,0.0,0.0,0.1721467226743698
1552,1.2416,16,0.09999909996986389,0.0,0.0,0.09999909996986389
1553,1.2424,16,0.25362953543663025,0.0,0.0,0.25362953543663025
1554,1.2432,16,0.16396188735961914,0.0,0.0,0.16396188735961914
1555,1.244,16,0.2949367165565491,0.0,0.0,0.2949367165565491
1556,1.2448,16,0.3227488100528717,0.0,0.0,0.3227488100528717
1557,1.2456,16,0.5231404304504395,0.0,0.0,0.5231404304504395
1558,1.2464,16,0.14567013084888458,0.0,0.0,0.14567013084888458
1559,1.2472,16,0.12278272956609726,0.0,0.0,0.12278272956609726
1560,1.248,16,0.27085697650909424,0.0,0.0,0.27085697650909424
1561,1.2488,16,0.2634132206439972,0.0,0.0,0.2634132206439972
1562,1.2496,16,0.2104160189628601,0.0,0.0,0.2104160189628601
1563,1.2504,16,0.6987258195877075,0.0,0.0,0.6987258195877075
1564,1.2511999999999999,16,0.5307032465934753,0.0,0.0,0.5307032465934753
1565,1.252,16,0.28026723861694336,0.0,0.0,0.28026723861694336
1566,1.2528000000000001,16,0.30029934644699097,0.0,0.0,0.30029934644699097
1567,1.2536,16,0.10405003279447556,0.0,0.0,0.10405003279447556
1568,1.2544,16,0.17733754217624664,0.0,0.0,0.17733754217624664
1569,1.2551999999999999,16,0.277660608291626,0.0,0.0,0.277660608291626
1570,1.256,16,0.17910781502723694,0.0,0.0,0.17910781502723694
1571,1.2568,16,0.20164668560028076,0.0,0.0,0.20164668560028076
1572,1.2576,16,0.38504496216773987,0.0,0.0,0.38504496216773987
1573,1.2584,16,0.2725605368614197,0.0,0.0,0.2725605368614197
1574,1.2591999999999999,16,0.39555099606513977,0.0,0.0,0.39555099606513977
1575,1.26,16,0.22045156359672546,0.0,0.0,0.22045156359672546
1576,1.2608,16,0.4586173892021179,0.0,0.0,0.4586173892021179
1577,1.2616,16,0.1650482565164566,0.0,0.0,0.1650482565164566
1578,1.2624,16,0.3309413194656372,0.0,0.0,0.3309413194656372
1579,1.2631999999999999,16,0.31546837091445923,0.0,0.0,0.31546837091445923
1580,1.264,16,0.4597908854484558,0.0,0.0,0.4597908854484558
1581,1.2648,16,0.5322356224060059,0.0,0.0,0.5322356224060059
1582,1.2656,16,0.08346781134605408,0.0,0.0,0.08346781134605408
1583,1.2664,16,0.15490874648094177,0.0,0.0,0.15490874648094177
1584,1.2671999999999999,16,0.24134191870689392,0.0,0.0,0.24134191870689392
1585,1.268,16,0.17318767309188843,0.0,0.0,0.17318767309188843
1586,1.2688,16,0.17738626897335052,0.0,0.0,0.17738626897335052
1587,1.2696,16,0.6560516357421875,0.0,0.0,0.6560516357421875
1588,1.2704,16,0.3567001521587372,0.0,0.0,0.3567001521587372
1589,1.2711999999999999,16,0.4760727882385254,0.0,0.0,0.4760727882385254
1590,1.272,16,0.3533256947994232,0.0,0.0,0.3533256947994232
1591,1.2728,16,0.11500716954469681,0.0,0.0,0.11500716954469681
1592,1.2736,16,0.09345901012420654,0.0,0.0,0.09345901012420654
1593,1.2744,16,0.14178712666034698,0.0,0.0,0.14178712666034698
1594,1.2752,16,0.4196787476539612,0.0,0.0,0.4196787476539612
1595,1.276,16,0.2334747314453125,0.0,0.0,0.2334747314453125
1596,1.2768,16,0.11912508308887482,0.0,0.0,0.11912508308887482
1597,1.2776,16,0.33701634407043457,0.0,0.0,0.33701634407043457
1598,1.2784,16,0.3328796625137329,0.0,0.0,0.3328796625137329
1599,1.2792,16,0.2667296230792999,0.0,0.0,0.2667296230792999
1600,1.28,16,0.12649857997894287,0.0,0.0,0.12649857997894287
1601,1.2808,16,0.18967756628990173,0.0,0.0,0.18967756628990173
1602,1.2816,16,0.3236975371837616,0.0,0.0,0.3236975371837616
1603,1.2824,16,0.5994957685470581,0.0,0.0,0.5994957685470581
1604,1.2832,16,0.4417154788970947,0.0,0.0,0.4417154788970947
1605,1.284,16,0.38030490279197693,0.0,0.0,0.38030490279197693
1606,1.2848,16,0.3544390797615051,0.0,0.0,0.3544390797615051
1607,1.2856,16,0.21181589365005493,0.0,0.0,0.21181589365005493
1608,1.2864,16,0.5080041885375977,0.0,0.0,0.5080041885375977
1609,1.2872,16,0.2861308157444,0.0,0.0,0.2861308157444
1610,1.288,16,0.20019252598285675,0.0,0.0,0.20019252598285675
1611,1.2888,16,0.3517645597457886,0.0,0.0,0.3517645597457886
1612,1.2896,16,0.4332640767097473,0.0,0.0,0.4332640767097473
1613,1.2904,16,0.1831742227077484,0.0,0.0,0.1831742227077484
1614,1.2912,16,0.365117609500885,0.0,0.0,0.365117609500885
1615,1.292,16,0.28228333592414856,0.0,0.0,0.28228333592414856
1616,1.2928,16,0.08922315388917923,0.0,0.0,0.08922315388917923
1617,1.2936,16,0.2785648703575134,0.0,0.0,0.2785648703575134
1618,1.2944,16,0.2897193729877472,0.0,0.0,0.2897193729877472
1619,1.2952,16,0.0512382797896862,0.0,0.0,0.0512382797896862
1620,1.296,16,0.29848170280456543,0.0,0.0,0.29848170280456543
1621,1.2968,16,0.270512193441391,0.0,0.0,0.270512193441391
1622,1.2976,16,0.9068212509155273,0.0,0.0,0.9068212509155273
1623,1.2984,16,0.34085965156555176,0.0,0.0,0.34085965156555176
1624,1.2992,16,0.3184290826320648,0.0,0.0,0.3184290826320648
1625,1.3,16,0.28375938534736633,0.0,0.0,0.28375938534736633
1626,1.3008,16,0.6174721717834473,0.0,0.0,0.6174721717834473
1627,1.3016,16,0.1943236142396927,0.0,0.0,0.1943236142396927
1628,1.3024,16,0.21699482202529907,0.0,0.0,0.21699482202529907
1629,1.3032,16,0.20927496254444122,0.0,0.0,0.20927496254444122
1630,1.304,16,0.08221083879470825,0.0,0.0,0.08221083879470825
1631,1.3048,16,0.0851837694644928,0.0,0.0,0.0851837694644928
1632,1.3056,16,0.16934064030647278,0.0,0.0,0.16934064030647278
1633,1.3064,16,0.5267789959907532,0.0,0.0,0.5267789959907532
1634,1.3072,16,0.07437289506196976,0.0,0.0,0.07437289506196976
1635,1.308,16,0.3406173586845398,0.0,0.0,0.3406173586845398
1636,1.3088,16,0.21610385179519653,0.0,0.0,0.21610385179519653
1637,1.3096,16,0.3464922308921814,0.0,0.0,0.3464922308921814
1638,1.3104,16,0.12982593476772308,0.0,0.0,0.12982593476772308
1639,1.3112,16,0.17382708191871643,0.0,0.0,0.17382708191871643
1640,1.312,16,0.1439880132675171,0.0,0.0,0.1439880132675171
1641,1.3128,16,0.1959412395954132,0.0,0.0,0.1959412395954132
1642,1.3136,16,0.645785927772522,0.0,0.0,0.645785927772522
1643,1.3144,16,0.3158280849456787,0.0,0.0,0.3158280849456787
1644,1.3152,16,0.26410308480262756,0.0,0.0,0.26410308480262756
1645,1.316,16,0.08436800539493561,0.0,0.0,0.08436800539493561
1646,1.3168,16,0.2657126784324646,0.0,0.0,0.2657126784324646
1647,1.3176,16,0.5550803542137146,0.0,0.0,0.5550803542137146
1648,1.3184,16,0.2553407549858093,0.0,0.0,0.2553407549858093
1649,1.3192,16,0.4617311954498291,0.0,0.0,0.4617311954498291
1650,1.32,16,0.2483879178762436,0.0,0.0,0.2483879178762436
1651,1.3208,16,0.038360483944416046,0.0,0.0,0.038360483944416046
1652,1.3216,16,0.7179093360900879,0.0,0.0,0.7179093360900879
1653,1.3224,16,0.46206969022750854,0.0,0.0,0.46206969022750854
1654,1.3232,16,0.3355708718299866,0.0,0.0,0.3355708718299866
1655,1.324,16,0.2990822196006775,0.0,0.0,0.2990822196006775
1656,1.3248,16,0.1334213763475418,0.0,0.0,0.1334213763475418
1657,1.3256000000000001,16,0.2942996323108673,0.0,0.0,0.2942996323108673
1658,1.3264,16,0.2760372757911682,0.0,0.0,0.2760372757911682
1659,1.3272,16,0.28061729669570923,0.0,0.0,0.28061729669570923
1660,1.328,16,0.34095603227615356,0.0,0.0,0.34095603227615356
1661,1.3288,16,0.08747516572475433,0.0,0.0,0.08747516572475433
1662,1.3296000000000001,16,0.08712022006511688,0.0,0.0,0.08712022006511688
1663,1.3304,16,0.4151848256587982,0.0,0.0,0.4151848256587982
1664,1.3312,16,0.2378414124250412,0.0,0.0,0.2378414124250412
1665,1.332,16,0.08906209468841553,0.0,0.0,0.08906209468841553
1666,1.3328,16,0.13334262371063232,0.0,0.0,0.13334262371063232
1667,1.3336000000000001,16,0.3596879839897156,0.0,0.0,0.3596879839897156
1668,1.3344,16,0.2716818153858185,0.0,0.0,0.2716818153858185
1669,1.3352,16,0.06806216388940811,0.0,0.0,0.06806216388940811
1670,1.336,16,0.10185782611370087,0.0,0.0,0.10185782611370087
1671,1.3368,16,0.4024656116962433,0.0,0.0,0.4024656116962433
1672,1.3376000000000001,16,0.2273942083120346,0.0,0.0,0.2273942083120346
1673,1.3384,16,0.25927552580833435,0.0,0.0,0.25927552580833435
1674,1.3392,16,0.1690455675125122,0.0,0.0,0.1690455675125122
1675,1.34,16,0.3443906903266907,0.0,0.0,0.3443906903266907
1676,1.3408,16,0.22873397171497345,0.0,0.0,0.22873397171497345
1677,1.3416000000000001,16,0.28293532133102417,0.0,0.0,0.28293532133102417
1678,1.3424,16,0.3118215799331665,0.0,0.0,0.3118215799331665
1679,1.3432,16,0.7055701613426208,0.0,0.0,0.7055701613426208
1680,1.3439999999999999,16,0.0604008287191391,0.0,0.0,0.0604008287191391
1681,1.3448,16,0.3758212924003601,0.0,0.0,0.3758212924003601
1682,1.3456000000000001,16,0.2577589154243469,0.0,0.0,0.2577589154243469
1683,1.3464,16,0.20720234513282776,0.0,0.0,0.20720234513282776
1684,1.3472,16,0.566845178604126,0.0,0.0,0.566845178604126
1685,1.3479999999999999,16,0.44321757555007935,0.0,0.0,0.44321757555007935
1686,1.3488,16,0.6072467565536499,0.0,0.0,0.6072467565536499
1687,1.3496000000000001,16,0.31535574793815613,0.0,0.0,0.31535574793815613
1688,1.3504,16,0.5099090337753296,0.0,0.0,0.5099090337753296
1689,1.3512,16,0.23023277521133423,0.0,0.0,0.23023277521133423
1690,1.3519999999999999,16,0.23538362979888916,0.0,0.0,0.23538362979888916
1691,1.3528,16,0.12630778551101685,0.0,0.0,0.12630778551101685
1692,1.3536000000000001,16,0.30017441511154175,0.0,0.0,0.30017441511154175
1693,1.3544,16,0.16679418087005615,0.0,0.0,0.16679418087005615
1694,1.3552,16,0.31337597966194153,0.0,0.0,0.31337597966194153
1695,1.3559999999999999,16,0.17506280541419983,0.0,0.0,0.17506280541419983
1696,1.3568,16,0.2357805222272873,0.0,0.0,0.2357805222272873
1697,1.3576,16,0.45425164699554443,0.0,0.0,0.45425164699554443
1698,1.3584,16,0.1028582900762558,0.0,0.0,0.1028582900762558
1699,1.3592,16,0.2939867675304413,0.0,0.0,0.2939867675304413
1700,1.3599999999999999,16,0.4194714426994324,0.0,0.0,0.4194714426994324
1701,1.3608,16,0.3976888358592987,0.0,0.0,0.3976888358592987
1702,1.3616,16,0.21958371996879578,0.0,0.0,0.21958371996879578
1703,1.3624,16,0.3573850989341736,0.0,0.0,0.3573850989341736
1704,1.3632,16,0.23006890714168549,0.0,0.0,0.23006890714168549
1705,1.3639999999999999,16,0.2978918254375458,0.0,0.0,0.2978918254375458
1706,1.3648,16,0.34638240933418274,0.0,0.0,0.34638240933418274
1707,1.3656,16,0.3725232481956482,0.0,0.0,0.3725232481956482
1708,1.3664,16,0.1925036609172821,0.0,0.0,0.1925036609172821
1709,1.3672,16,0.14959406852722168,0.0,0.0,0.14959406852722168
1710,1.3679999999999999,16,0.33088454604148865,0.0,0.0,0.33088454604148865
1711,1.3688,16,0.5176618099212646,0.0,0.0,0.5176618099212646
1712,1.3696,16,0.3655846118927002,0.0,0.0,0.3655846118927002
1713,1.3704,16,0.3886027932167053,0.0,0.0,0.3886027932167053
1714,1.3712,16,0.5037466287612915,0.0,0.0,0.5037466287612915
1715,1.3719999999999999,16,0.4223628044128418,0.0,0.0,0.4223628044128418
1716,1.3728,16,0.4515884518623352,0.0,0.0,0.4515884518623352
1717,1.3736,16,0.40578383207321167,0.0,0.0,0.40578383207321167
1718,1.3744,16,0.39822179079055786,0.0,0.0,0.39822179079055786
1719,1.3752,16,0.35395100712776184,0.0,0.0,0.35395100712776184
1720,1.376,16,0.708746075630188,0.0,0.0,0.708746075630188
1721,1.3768,16,0.5307611227035522,0.0,0.0,0.5307611227035522
1722,1.3776,16,0.3554944694042206,0.0,0.0,0.3554944694042206
1723,1.3784,16,0.25168341398239136,0.0,0.0,0.25168341398239136
1724,1.3792,16,0.38670793175697327,0.0,0.0,0.38670793175697327
1725,1.38,16,0.17154668271541595,0.0,0.0,0.17154668271541595
1726,1.3808,16,0.38396984338760376,0.0,0.0,0.38396984338760376
1727,1.3816,16,0.287979394197464,0.0,0.0,0.287979394197464
1728,1.3824,16,0.17775332927703857,0.0,0.0,0.17775332927703857
1729,1.3832,16,0.060757409781217575,0.0,0.0,0.060757409781217575
1730,1.384,16,0.13475313782691956,0.0,0.0,0.13475313782691956
1731,1.3848,16,0.33803772926330566,0.0,0.0,0.33803772926330566
1732,1.3856,16,0.25569742918014526,0.0,0.0,0.25569742918014526
1733,1.3864,16,0.4172382950782776,0.0,0.0,0.4172382950782776
1734,1.3872,16,0.17955844104290009,0.0,0.0,0.17955844104290009
1735,1.388,16,0.11879213899374008,0.0,0.0,0.11879213899374008
1736,1.3888,16,0.29433512687683105,0.0,0.0,0.29433512687683105
1737,1.3896,16,0.55625981092453,0.0,0.0,0.55625981092453
1738,1.3904,16,0.1721971333026886,0.0,0.0,0.1721971333026886
1739,1.3912,16,0.2621389329433441,0.0,0.0,0.2621389329433441
1740,1.392,16,0.467151015996933,0.0,0.0,0.467151015996933
1741,1.3928,16,0.40753284096717834,0.0,0.0,0.40753284096717834
1742,1.3936,16,0.15329712629318237,0.0,0.0,0.15329712629318237
1743,1.3944,16,0.1791129857301712,0.0,0.0,0.1791129857301712
1744,1.3952,16,0.23423665761947632,0.0,0.0,0.23423665761947632
1745,1.396,16,0.5040938258171082,0.0,0.0,0.5040938258171082
1746,1.3968,16,0.5627334117889404,0.0,0.0,0.5627334117889404
1747,1.3976,16,0.6380140781402588,0.0,0.0,0.6380140781402588
1748,1.3984,16,0.09641477465629578,0.0,0.0,0.09641477465629578
1749,1.3992,16,0.2803109884262085,0.0,0.0,0.2803109884262085
1750,1.4,16,1.0233728885650635,0.0,0.0,1.0233728885650635
1751,1.4008,16,0.24445730447769165,0.0,0.0,0.24445730447769165
1752,1.4016,16,0.43656373023986816,0.0,0.0,0.43656373023986816
1753,1.4024,16,0.4834675192832947,0.0,0.0,0.4834675192832947
1754,1.4032,16,0.25666677951812744,0.0,0.0,0.25666677951812744
1755,1.404,16,0.09893032163381577,0.0,0.0,0.09893032163381577
1756,1.4048,16,0.22487398982048035,0.0,0.0,0.22487398982048035
1757,1.4056,16,0.35885554552078247,0.0,0.0,0.35885554552078247
1758,1.4064,16,0.2820703089237213,0.0,0.0,0.2820703089237213
1759,1.4072,16,0.17886778712272644,0.0,0.0,0.17886778712272644
1760,1.408,16,0.5585305094718933,0.0,0.0,0.5585305094718933
1761,1.4088,16,0.31151217222213745,0.0,0.0,0.31151217222213745
1762,1.4096,16,0.44853395223617554,0.0,0.0,0.44853395223617554
1763,1.4104,16,0.36798083782196045,0.0,0.0,0.36798083782196045
1764,1.4112,16,0.26481661200523376,0.0,0.0,0.26481661200523376
1765,1.412,16,0.28549644351005554,0.0,0.0,0.28549644351005554
1766,1.4128,16,0.18956899642944336,0.0,0.0,0.18956899642944336
1767,1.4136,16,0.3746676445007324,0.0,0.0,0.3746676445007324
1768,1.4144,16,0.20819270610809326,0.0,0.0,0.20819270610809326
1769,1.4152,16,0.23980598151683807,0.0,0.0,0.23980598151683807
1770,1.416,16,0.2739749550819397,0.0,0.0,0.2739749550819397
1771,1.4168,16,0.2265070229768753,0.0,0.0,0.2265070229768753
1772,1.4176,16,0.32401368021965027,0.0,0.0,0.32401368021965027
1773,1.4184,16,0.1549871265888214,0.0,0.0,0.1549871265888214
1774,1.4192,16,0.5669336318969727,0.0,0.0,0.5669336318969727
1775,1.42,16,0.26392656564712524,0.0,0.0,0.26392656564712524
1776,1.4208,16,0.46145790815353394,0.0,0.0,0.46145790815353394
1777,1.4216,16,0.1754176914691925,0.0,0.0,0.1754176914691925
1778,1.4224,16,0.2515419125556946,0.0,0.0,0.2515419125556946
1779,1.4232,16,0.17223036289215088,0.0,0.0,0.17223036289215088
1780,1.424,16,0.48410677909851074,0.0,0.0,0.48410677909851074
1781,1.4248,16,0.21528714895248413,0.0,0.0,0.21528714895248413
1782,1.4256,16,0.40182259678840637,0.0,0.0,0.40182259678840637
1783,1.4264000000000001,16,0.13698415458202362,0.0,0.0,0.13698415458202362
1784,1.4272,16,0.39683055877685547,0.0,0.0,0.39683055877685547
1785,1.428,16,0.4360223412513733,0.0,0.0,0.4360223412513733
1786,1.4288,16,0.4696947932243347,0.0,0.0,0.4696947932243347
1787,1.4296,16,0.6860551238059998,0.0,0.0,0.6860551238059998
1788,1.4304000000000001,16,0.44977062940597534,0.0,0.0,0.44977062940597534
1789,1.4312,16,0.3380863070487976,0.0,0.0,0.3380863070487976
1790,1.432,16,0.35847511887550354,0.0,0.0,0.35847511887550354
1791,1.4328,16,0.23777878284454346,0.0,0.0,0.23777878284454346
1792,1.4336,16,0.2636162042617798,0.0,0.0,0.2636162042617798
1793,1.4344000000000001,16,0.24658972024917603,0.0,0.0,0.24658972024917603
1794,1.4352,16,0.4470047056674957,0.0,0.0,0.4470047056674957
1795,1.436,16,0.16446253657341003,0.0,0.0,0.16446253657341003
1796,1.4368,16,0.3855132460594177,0.0,0.0,0.3855132460594177
1797,1.4376,16,0.5739138126373291,0.0,0.0,0.5739138126373291
1798,1.4384000000000001,16,0.6101272106170654,0.0,0.0,0.6101272106170654
1799,1.4392,16,0.1953878402709961,0.0,0.0,0.1953878402709961
1800,1.44,16,0.2554960250854492,0.0,0.0,0.2554960250854492
1801,1.4408,16,0.4816250801086426,0.0,0.0,0.4816250801086426
1802,1.4416,16,0.37926599383354187,0.0,0.0,0.37926599383354187
1803,1.4424000000000001,16,0.6011889576911926,0.0,0.0,0.6011889576911926
1804,1.4432,16,0.18784508109092712,0.0,0.0,0.18784508109092712
1805,1.444,16,0.3006376624107361,0.0,0.0,0.3006376624107361
1806,1.4447999999999999,16,0.5623459219932556,0.0,0.0,0.5623459219932556
1807,1.4456,16,0.2406892329454422,0.0,0.0,0.2406892329454422
1808,1.4464000000000001,16,0.3421027958393097,0.0,0.0,0.3421027958393097
1809,1.4472,16,0.24332204461097717,0.0,0.0,0.24332204461097717
1810,1.448,16,0.30458885431289673,0.0,0.0,0.30458885431289673
1811,1.4487999999999999,16,0.2641248106956482,0.0,0.0,0.2641248106956482
1812,1.4496,16,0.5048121809959412,0.0,0.0,0.5048121809959412
1813,1.4504000000000001,16,0.35040608048439026,0.0,0.0,0.35040608048439026
1814,1.4512,16,0.22063732147216797,0.0,0.0,0.22063732147216797
1815,1.452,16,0.3010101318359375,0.0,0.0,0.3010101318359375
1816,1.4527999999999999,16,0.44907844066619873,0.0,0.0,0.44907844066619873
1817,1.4536,16,0.16308346390724182,0.0,0.0,0.16308346390724182
1818,1.4544000000000001,16,0.18145960569381714,0.0,0.0,0.18145960569381714
1819,1.4552,16,0.4100610613822937,0.0,0.0,0.4100610613822937
1820,1.456,16,0.3313719928264618,0.0,0.0,0.3313719928264618
1821,1.4567999999999999,16,0.15410682559013367,0.0,0.0,0.15410682559013367
1822,1.4576,16,0.48334139585494995,0.0,0.0,0.48334139585494995
1823,1.4584,16,0.09601709246635437,0.0,0.0,0.09601709246635437
1824,1.4592,16,0.25378847122192383,0.0,0.0,0.25378847122192383
1825,1.46,16,0.33312922716140747,0.0,0.0,0.33312922716140747
1826,1.4607999999999999,16,0.17409834265708923,0.0,0.0,0.17409834265708923
1827,1.4616,16,0.4025101661682129,0.0,0.0,0.4025101661682129
1828,1.4624,16,0.44667840003967285,0.0,0.0,0.44667840003967285
1829,1.4632,16,0.09656526148319244,0.0,0.0,0.09656526148319244
1830,1.464,16,0.3392946720123291,0.0,0.0,0.3392946720123291
1831,1.4647999999999999,16,0.11434666812419891,0.0,0.0,0.11434666812419891
1832,1.4656,16,0.2856675386428833,0.0,0.0,0.2856675386428833
1833,1.4664,16,0.2911859452724457,0.0,0.0,0.2911859452724457
1834,1.4672,16,0.6215811967849731,0.0,0.0,0.6215811967849731
1835,1.468,16,0.30609822273254395,0.0,0.0,0.30609822273254395
1836,1.4687999999999999,16,0.2771448493003845,0.0,0.0,0.2771448493003845
1837,1.4696,16,0.41382452845573425,0.0,0.0,0.41382452845573425
1838,1.4704,16,0.31005364656448364,0.0,0.0,0.31005364656448364
1839,1.4712,16,0.07861541211605072,0.0,0.0,0.07861541211605072
1840,1.472,16,0.12162139266729355,0.0,0.0,0.12162139266729355
1841,1.4727999999999999,16,0.38421088457107544,0.0,0.0,0.38421088457107544
1842,1.4736,16,0.23503807187080383,0.0,0.0,0.23503807187080383
1843,1.4744,16,0.37525278329849243,0.0,0.0,0.37525278329849243
1844,1.4752,16,0.7187799215316772,0.0,0.0,0.7187799215316772
1845,1.476,16,0.2618944048881531,0.0,0.0,0.2618944048881531
1846,1.4768,16,0.5060137510299683,0.0,0.0,0.5060137510299683
1847,1.4776,16,0.3553975224494934,0.0,0.0,0.3553975224494934
1848,1.4784,16,0.1394088864326477,0.0,0.0,0.1394088864326477
1849,1.4792,16,0.5035082697868347,0.0,0.0,0.5035082697868347
1850,1.48,16,0.1758713275194168,0.0,0.0,0.1758713275194168
1851,1.4808,16,0.10202252864837646,0.0,0.0,0.10202252864837646
1852,1.4816,16,0.34000164270401,0.0,0.0,0.34000164270401
1853,1.4824,16,0.24497371912002563,0.0,0.0,0.24497371912002563
1854,1.4832,16,0.324311226606369,0.0,0.0,0.324311226606369
1855,1.484,16,0.07483941316604614,0.0,0.0,0.07483941316604614
1856,1.4848,16,0.4146067500114441,0.0,0.0,0.4146067500114441
1857,1.4856,16,0.3254803717136383,0.0,0.0,0.3254803717136383
1858,1.4864,16,0.12320505827665329,0.0,0.0,0.12320505827665329
1859,1.4872,16,0.15477216243743896,0.0,0.0,0.15477216243743896
1860,1.488,16,0.2900860607624054,0.0,0.0,0.2900860607624054
1861,1.4888,16,0.2923075556755066,0.0,0.0,0.2923075556755066
1862,1.4896,16,0.1896868199110031,0.0,0.0,0.1896868199110031
1863,1.4904,16,0.07807134091854095,0.0,0.0,0.07807134091854095
1864,1.4912,16,0.4830358624458313,0.0,0.0,0.4830358624458313
1865,1.492,16,0.48482546210289,0.0,0.0,0.48482546210289
1866,1.4928,16,0.7178840637207031,0.0,0.0,0.7178840637207031
1867,1.4936,16,0.16592638194561005,0.0,0.0,0.16592638194561005
1868,1.4944,16,0.43417149782180786,0.0,0.0,0.43417149782180786
1869,1.4952,16,0.11096716672182083,0.0,0.0,0.11096716672182083
1870,1.496,16,0.10170897841453552,0.0,0.0,0.10170897841453552
1871,1.4968,16,0.3077255189418793,0.0,0.0,0.3077255189418793
1872,1.4976,16,0.7270346283912659,0.0,0.0,0.7270346283912659
1873,1.4984,16,0.30142518877983093,0.0,0.0,0.30142518877983093
1874,1.4992,16,0.24823762476444244,0.0,0.0,0.24823762476444244
1875,1.5,16,0.39928653836250305,0.0,0.0,0.39928653836250305
1876,1.5008,16,0.24785293638706207,0.0,0.0,0.24785293638706207
1877,1.5016,16,0.5485746264457703,0.0,0.0,0.5485746264457703
1878,1.5024,16,0.12979423999786377,0.0,0.0,0.12979423999786377
1879,1.5032,16,0.16552726924419403,0.0,0.0,0.16552726924419403
1880,1.504,16,0.4650270938873291,0.0,0.0,0.4650270938873291
1881,1.5048,16,0.05245543271303177,0.0,0.0,0.05245543271303177
1882,1.5056,16,0.5521078109741211,0.0,0.0,0.5521078109741211
1883,1.5064,16,0.2870454490184784,0.0,0.0,0.2870454490184784
1884,1.5072,16,0.25363561511039734,0.0,0.0,0.25363561511039734
1885,1.508,16,0.310469388961792,0.0,0.0,0.310469388961792
1886,1.5088,16,0.41434693336486816,0.0,0.0,0.41434693336486816
1887,1.5096,16,0.40552476048469543,0.0,0.0,0.40552476048469543
1888,1.5104,16,0.4607301950454712,0.0,0.0,0.4607301950454712
1889,1.5112,16,0.1672532856464386,0.0,0.0,0.1672532856464386
1890,1.512,16,0.2867485284805298,0.0,0.0,0.2867485284805298
1891,1.5128,16,0.3982248604297638,0.0,0.0,0.3982248604297638
1892,1.5135999999999998,16,0.2750476598739624,0.0,0.0,0.2750476598739624
1893,1.5144,16,0.15188255906105042,0.0,0.0,0.15188255906105042
1894,1.5152,16,0.06394166499376297,0.0,0.0,0.06394166499376297
1895,1.516,16,0.07728003710508347,0.0,0.0,0.07728003710508347
1896,1.5168,16,0.12706318497657776,0.0,0.0,0.12706318497657776
1897,1.5175999999999998,16,0.08639231324195862,0.0,0.0,0.08639231324195862
1898,1.5184,16,0.17420874536037445,0.0,0.0,0.17420874536037445
1899,1.5192,16,0.5583065152168274,0.0,0.0,0.5583065152168274
1900,1.52,16,0.2655326724052429,0.0,0.0,0.2655326724052429
1901,1.5208,16,0.22056031227111816,0.0,0.0,0.22056031227111816
1902,1.5215999999999998,16,0.5472602844238281,0.0,0.0,0.5472602844238281
1903,1.5224,16,0.5699114799499512,0.0,0.0,0.5699114799499512
1904,1.5232,16,0.24166253209114075,0.0,0.0,0.24166253209114075
1905,1.524,16,0.37759876251220703,0.0,0.0,0.37759876251220703
1906,1.5248,16,0.40989571809768677,0.0,0.0,0.40989571809768677
1907,1.5255999999999998,16,0.3900578022003174,0.0,0.0,0.3900578022003174
1908,1.5264,16,0.40999144315719604,0.0,0.0,0.40999144315719604
1909,1.5272000000000001,16,0.30348527431488037,0.0,0.0,0.30348527431488037
1910,1.528,16,0.3316749930381775,0.0,0.0,0.3316749930381775
1911,1.5288,16,0.09820105135440826,0.0,0.0,0.09820105135440826
1912,1.5295999999999998,16,0.577570378780365,0.0,0.0,0.577570378780365
1913,1.5304,16,0.1435098797082901,0.0,0.0,0.1435098797082901
1914,1.5312000000000001,16,0.27378523349761963,0.0,0.0,0.27378523349761963
1915,1.532,16,0.2171817123889923,0.0,0.0,0.2171817123889923
1916,1.5328,16,0.4419541656970978,0.0,0.0,0.4419541656970978
1917,1.5335999999999999,16,0.394850492477417,0.0,0.0,0.394850492477417
1918,1.5344,16,0.17975154519081116,0.0,0.0,0.17975154519081116
1919,1.5352000000000001,16,0.49316173791885376,0.0,0.0,0.49316173791885376
1920,1.536,16,0.16367341578006744,0.0,0.0,0.16367341578006744
1921,1.5368,16,0.36829516291618347,0.0,0.0,0.36829516291618347
1922,1.5375999999999999,16,0.05999956652522087,0.0,0.0,0.05999956652522087
1923,1.5384,16,0.4926168620586395,0.0,0.0,0.4926168620586395
1924,1.5392000000000001,16,0.6079380512237549,0.0,0.0,0.6079380512237549
1925,1.54,16,0.0986880213022232,0.0,0.0,0.0986880213022232
1926,1.5408,16,0.1040160208940506,0.0,0.0,0.1040160208940506
1927,1.5415999999999999,16,0.26979392766952515,0.0,0.0,0.26979392766952515
1928,1.5424,16,0.36179667711257935,0.0,0.0,0.36179667711257935
1929,1.5432000000000001,16,0.10390368103981018,0.0,0.0,0.10390368103981018
1930,1.544,16,0.3417307138442993,0.0,0.0,0.3417307138442993
1931,1.5448,16,0.5803107619285583,0.0,0.0,0.5803107619285583
1932,1.5455999999999999,16,0.4483424425125122,0.0,0.0,0.4483424425125122
1933,1.5464,16,0.08886115998029709,0.0,0.0,0.08886115998029709
1934,1.5472000000000001,16,0.16591063141822815,0.0,0.0,0.16591063141822815
1935,1.548,16,0.40189075469970703,0.0,0.0,0.40189075469970703
1936,1.5488,16,0.15555539727210999,0.0,0.0,0.15555539727210999
1937,1.5495999999999999,16,0.08073662221431732,0.0,0.0,0.08073662221431732
1938,1.5504,16,0.24411483108997345,0.0,0.0,0.24411483108997345
1939,1.5512000000000001,16,0.16214203834533691,0.0,0.0,0.16214203834533691
1940,1.552,16,0.45607563853263855,0.0,0.0,0.45607563853263855
1941,1.5528,16,0.4757484793663025,0.0,0.0,0.4757484793663025
1942,1.5535999999999999,16,0.47760748863220215,0.0,0.0,0.47760748863220215
1943,1.5544,16,0.32813113927841187,0.0,0.0,0.32813113927841187
1944,1.5552000000000001,16,0.32400763034820557,0.0,0.0,0.32400763034820557
1945,1.556,16,0.2072083204984665,0.0,0.0,0.2072083204984665
1946,1.5568,16,0.37943077087402344,0.0,0.0,0.37943077087402344
1947,1.5575999999999999,16,0.13520961999893188,0.0,0.0,0.13520961999893188
1948,1.5584,16,0.29971158504486084,0.0,0.0,0.29971158504486084
1949,1.5592000000000001,16,0.06064401566982269,0.0,0.0,0.06064401566982269
1950,1.56,16,0.52032071352005,0.0,0.0,0.52032071352005
1951,1.5608,16,0.10405983030796051,0.0,0.0,0.10405983030796051
1952,1.5615999999999999,16,0.3471004366874695,0.0,0.0,0.3471004366874695
1953,1.5624,16,0.34980449080467224,0.0,0.0,0.34980449080467224
1954,1.5632000000000001,16,0.10357058793306351,0.0,0.0,0.10357058793306351
1955,1.564,16,0.10002383589744568,0.0,0.0,0.10002383589744568
1956,1.5648,16,0.33472031354904175,0.0,0.0,0.33472031354904175
1957,1.5655999999999999,16,0.23957191407680511,0.0,0.0,0.23957191407680511
1958,1.5664,16,0.25690406560897827,0.0,0.0,0.25690406560897827
1959,1.5672000000000001,16,0.07555241882801056,0.0,0.0,0.07555241882801056
1960,1.568,16,0.17803607881069183,0.0,0.0,0.17803607881069183
1961,1.5688,16,0.43850213289260864,0.0,0.0,0.43850213289260864
1962,1.5695999999999999,16,0.09758768230676651,0.0,0.0,0.09758768230676651
1963,1.5704,16,0.3068220615386963,0.0,0.0,0.3068220615386963
1964,1.5712000000000002,16,0.4855789840221405,0.0,0.0,0.4855789840221405
1965,1.572,16,0.2908431589603424,0.0,0.0,0.2908431589603424
1966,1.5728,16,0.3445029854774475,0.0,0.0,0.3445029854774475
1967,1.5735999999999999,16,0.2519441246986389,0.0,0.0,0.2519441246986389
1968,1.5744,16,0.5059996247291565,0.0,0.0,0.5059996247291565
1969,1.5752000000000002,16,0.30165788531303406,0.0,0.0,0.30165788531303406
1970,1.576,16,0.2959924042224884,0.0,0.0,0.2959924042224884
1971,1.5768,16,0.10368280112743378,0.0,0.0,0.10368280112743378
1972,1.5776,16,0.20686142146587372,0.0,0.0,0.20686142146587372
1973,1.5784,16,0.2315065860748291,0.0,0.0,0.2315065860748291
1974,1.5792000000000002,16,0.3620017170906067,0.0,0.0,0.3620017170906067
1975,1.58,16,0.4764193296432495,0.0,0.0,0.4764193296432495
1976,1.5808,16,0.28753477334976196,0.0,0.0,0.28753477334976196
1977,1.5816,16,0.3173496723175049,0.0,0.0,0.3173496723175049
1978,1.5824,16,0.5882788896560669,0.0,0.0,0.5882788896560669
1979,1.5832000000000002,16,0.1322164237499237,0.0,0.0,0.1322164237499237
1980,1.584,16,0.4719013571739197,0.0,0.0,0.4719013571739197
1981,1.5848,16,0.4012896716594696,0.0,0.0,0.4012896716594696
1982,1.5856,16,0.15653380751609802,0.0,0.0,0.15653380751609802
1983,1.5864,16,0.2678128480911255,0.0,0.0,0.2678128480911255
1984,1.5872000000000002,16,0.18040820956230164,0.0,0.0,0.18040820956230164
1985,1.588,16,0.6434595584869385,0.0,0.0,0.6434595584869385
1986,1.5888,16,0.275387704372406,0.0,0.0,0.275387704372406
1987,1.5896,16,0.3674265742301941,0.0,0.0,0.3674265742301941
1988,1.5904,16,0.3942275941371918,0.0,0.0,0.3942275941371918
1989,1.5912,16,0.24404191970825195,0.0,0.0,0.24404191970825195
1990,1.592,16,0.5028541088104248,0.0,0.0,0.5028541088104248
1991,1.5928,16,0.3481212258338928,0.0,0.0,0.3481212258338928
1992,1.5936,16,0.3002837002277374,0.0,0.0,0.3002837002277374
1993,1.5944,16,0.34897172451019287,0.0,0.0,0.34897172451019287
1994,1.5952,16,0.3316997289657593,0.0,0.0,0.3316997289657593
1995,1.596,16,0.08995656669139862,0.0,0.0,0.08995656669139862
1996,1.5968,16,0.3024493455886841,0.0,0.0,0.3024493455886841
1997,1.5976,16,0.12436582893133163,0.0,0.0,0.12436582893133163
1998,1.5984,16,0.10436144471168518,0.0,0.0,0.10436144471168518
1999,1.5992,16,0.2405703067779541,0.0,0.0,0.2405703067779541
2000,1.6,16,0.17188283801078796,0.0,0.0,0.17188283801078796
2001,1.6008,16,0.20902517437934875,0.0,0.0,0.20902517437934875
2002,1.6016,16,0.12379661947488785,0.0,0.0,0.12379661947488785
2003,1.6024,16,0.6737670302391052,0.0,0.0,0.6737670302391052
2004,1.6032,16,0.2440667599439621,0.0,0.0,0.2440667599439621
2005,1.604,16,0.1995651125907898,0.0,0.0,0.1995651125907898
2006,1.6048,16,0.4655057489871979,0.0,0.0,0.4655057489871979
2007,1.6056,16,0.38573914766311646,0.0,0.0,0.38573914766311646
2008,1.6064,16,0.4021475613117218,0.0,0.0,0.4021475613117218
2009,1.6072,16,0.14319586753845215,0.0,0.0,0.14319586753845215
2010,1.608,16,0.29162874817848206,0.0,0.0,0.29162874817848206
2011,1.6088,16,0.4568991959095001,0.0,0.0,0.4568991959095001
2012,1.6096,16,0.41112565994262695,0.0,0.0,0.41112565994262695
2013,1.6104,16,0.1654958724975586,0.0,0.0,0.1654958724975586
2014,1.6112,16,0.6084750890731812,0.0,0.0,0.6084750890731812
2015,1.612,16,0.4801282286643982,0.0,0.0,0.4801282286643982
2016,1.6128,16,0.3603619933128357,0.0,0.0,0.3603619933128357
2017,1.6136,16,0.2642552852630615,0.0,0.0,0.2642552852630615
2018,1.6143999999999998,16,0.3258802592754364,0.0,0.0,0.3258802592754364
2019,1.6152,16,0.31656497716903687,0.0,0.0,0.31656497716903687
2020,1.616,16,0.1976650357246399,0.0,0.0,0.1976650357246399
2021,1.6168,16,0.23266324400901794,0.0,0.0,0.23266324400901794
2022,1.6176,16,0.4781232476234436,0.0,0.0,0.4781232476234436
2023,1.6183999999999998,16,0.12474589794874191,0.0,0.0,0.12474589794874191
2024,1.6192,16,0.12836085259914398,0.0,0.0,0.12836085259914398
2025,1.62,16,0.4938504993915558,0.0,0.0,0.4938504993915558
2026,1.6208,16,0.3803138732910156,0.0,0.0,0.3803138732910156
2027,1.6216,16,0.14923009276390076,0.0,0.0,0.14923009276390076
2028,1.6223999999999998,16,0.31789514422416687,0.0,0.0,0.31789514422416687
2029,1.6232,16,0.2525479197502136,0.0,0.0,0.2525479197502136
2030,1.624,16,0.25550442934036255,0.0,0.0,0.25550442934036255
2031,1.6248,16,0.20087501406669617,0.0,0.0,0.20087501406669617
2032,1.6256,16,0.413959264755249,0.0,0.0,0.413959264755249
2033,1.6263999999999998,16,0.24642278254032135,0.0,0.0,0.24642278254032135
2034,1.6272,16,0.43133288621902466,0.0,0.0,0.43133288621902466
2035,1.6280000000000001,16,0.12174450606107712,0.0,0.0,0.12174450606107712
2036,1.6288,16,0.16966889798641205,0.0,0.0,0.16966889798641205
2037,1.6296,16,0.20680439472198486,0.0,0.0,0.20680439472198486
2038,1.6303999999999998,16,0.20838569104671478,0.0,0.0,0.20838569104671478
2039,1.6312,16,0.35673701763153076,0.0,0.0,0.35673701763153076
2040,1.6320000000000001,16,0.3377082049846649,0.0,0.0,0.3377082049846649
2041,1.6328,16,0.2141033411026001,0.0,0.0,0.2141033411026001
2042,1.6336,16,0.29502353072166443,0.0,0.0,0.29502353072166443
2043,1.6343999999999999,16,0.43151164054870605,0.0,0.0,0.43151164054870605
2044,1.6352,16,0.46428948640823364,0.0,0.0,0.46428948640823364
2045,1.6360000000000001,16,0.31726551055908203,0.0,0.0,0.31726551055908203
2046,1.6368,16,0.20183265209197998,0.0,0.0,0.20183265209197998
2047,1.6376,16,0.3485580384731293,0.0,0.0,0.3485580384731293
2048,1.6383999999999999,16,0.38942718505859375,0.0,0.0,0.38942718505859375
2049,1.6392,16,0.36965662240982056,0.0,0.0,0.36965662240982056
2050,1.6400000000000001,16,0.14621727168560028,0.0,0.0,0.14621727168560028
2051,1.6408,16,0.2431977093219757,0.0,0.0,0.2431977093219757
2052,1.6416,16,0.6624748110771179,0.0,0.0,0.6624748110771179
2053,1.6423999999999999,16,0.22534297406673431,0.0,0.0,0.22534297406673431
2054,1.6432,16,0.14102160930633545,0.0,0.0,0.14102160930633545
2055,1.6440000000000001,16,0.3688996434211731,0.0,0.0,0.3688996434211731
2056,1.6448,16,0.37124329805374146,0.0,0.0,0.37124329805374146
2057,1.6456,16,0.4194374680519104,0.0,0.0,0.4194374680519104
2058,1.6463999999999999,16,0.44704702496528625,0.0,0.0,0.44704702496528625
2059,1.6472,16,0.10234805941581726,0.0,0.0,0.10234805941581726
2060,1.6480000000000001,16,0.32749271392822266,0.0,0.0,0.32749271392822266
2061,1.6488,16,0.6393260955810547,0.0,0.0,0.6393260955810547
2062,1.6496,16,0.39798739552497864,0.0,0.0,0.39798739552497864
2063,1.6503999999999999,16,0.5799660682678223,0.0,0.0,0.5799660682678223
2064,1.6512,16,0.27414020895957947,0.0,0.0,0.27414020895957947
2065,1.6520000000000001,16,0.2325969636440277,0.0,0.0,0.2325969636440277
2066,1.6528,16,0.24246816337108612,0.0,0.0,0.24246816337108612
2067,1.6536,16,0.18151411414146423,0.0,0.0,0.18151411414146423
2068,1.6543999999999999,16,0.265842080116272,0.0,0.0,0.265842080116272
2069,1.6552,16,0.09015071392059326,0.0,0.0,0.09015071392059326
2070,1.6560000000000001,16,0.3784559369087219,0.0,0.0,0.3784559369087219
2071,1.6568,16,0.275460422039032,0.0,0.0,0.275460422039032
2072,1.6576,16,0.44399315118789673,0.0,0.0,0.44399315118789673
2073,1.6583999999999999,16,0.17614789307117462,0.0,0.0,0.17614789307117462
2074,1.6592,16,0.16627417504787445,0.0,0.0,0.16627417504787445
2075,1.6600000000000001,16,0.37526246905326843,0.0,0.0,0.37526246905326843
2076,1.6608,16,0.29077666997909546,0.0,0.0,0.29077666997909546
2077,1.6616,16,0.47380194067955017,0.0,0.0,0.47380194067955017
2078,1.6623999999999999,16,0.07574371248483658,0.0,0.0,0.07574371248483658
2079,1.6632,16,0.06677912920713425,0.0,0.0,0.06677912920713425
2080,1.6640000000000001,16,0.3543381989002228,0.0,0.0,0.3543381989002228
2081,1.6648,16,0.17126122117042542,0.0,0.0,0.17126122117042542
2082,1.6656,16,0.14103367924690247,0.0,0.0,0.14103367924690247
2083,1.6663999999999999,16,0.2995298504829407,0.0,0.0,0.2995298504829407
2084,1.6672,16,0.13712751865386963,0.0,0.0,0.13712751865386963
2085,1.6680000000000001,16,0.20447084307670593,0.0,0.0,0.20447084307670593
2086,1.6688,16,0.14005444943904877,0.0,0.0,0.14005444943904877
2087,1.6696,16,0.17675632238388062,0.0,0.0,0.17675632238388062
2088,1.6703999999999999,16,0.36752352118492126,0.0,0.0,0.36752352118492126
2089,1.6712,16,0.1405206173658371,0.0,0.0,0.1405206173658371
2090,1.6720000000000002,16,0.11808285117149353,0.0,0.0,0.11808285117149353
2091,1.6728,16,0.19460105895996094,0.0,0.0,0.19460105895996094
2092,1.6736,16,0.2563351094722748,0.0,0.0,0.2563351094722748
2093,1.6743999999999999,16,0.15010550618171692,0.0,0.0,0.15010550618171692
2094,1.6752,16,0.053311530500650406,0.0,0.0,0.053311530500650406
2095,1.6760000000000002,16,0.5426210761070251,0.0,0.0,0.5426210761070251
2096,1.6768,16,0.25139567255973816,0.0,0.0,0.25139567255973816
2097,1.6776,16,0.3997652530670166,0.0,0.0,0.3997652530670166
2098,1.6784,16,0.3855019807815552,0.0,0.0,0.3855019807815552
2099,1.6792,16,0.4011525511741638,0.0,0.0,0.4011525511741638
2100,1.6800000000000002,16,0.176326721906662,0.0,0.0,0.176326721906662
2101,1.6808,16,0.1584581434726715,0.0,0.0,0.1584581434726715
2102,1.6816,16,0.12497109174728394,0.0,0.0,0.12497109174728394
2103,1.6824,16,0.5489299893379211,0.0,0.0,0.5489299893379211
2104,1.6832,16,0.2886659801006317,0.0,0.0,0.2886659801006317
2105,1.6840000000000002,16,0.25244140625,0.0,0.0,0.25244140625
2106,1.6848,16,0.20684288442134857,0.0,0.0,0.20684288442134857
2107,1.6856,16,0.2726516127586365,0.0,0.0,0.2726516127586365
2108,1.6864,16,0.1162957102060318,0.0,0.0,0.1162957102060318
2109,1.6872,16,0.20444129407405853,0.0,0.0,0.20444129407405853
2110,1.688,16,0.12021820992231369,0.0,0.0,0.12021820992231369
2111,1.6888,16,0.21898925304412842,0.0,0.0,0.21898925304412842
2112,1.6896,16,0.521859884262085,0.0,0.0,0.521859884262085
2113,1.6904,16,0.2757262885570526,0.0,0.0,0.2757262885570526
2114,1.6912,16,0.4028168022632599,0.0,0.0,0.4028168022632599
2115,1.692,16,0.22721225023269653,0.0,0.0,0.22721225023269653
2116,1.6928,16,0.26062893867492676,0.0,0.0,0.26062893867492676
2117,1.6936,16,0.20878943800926208,0.0,0.0,0.20878943800926208
2118,1.6944,16,0.10935211181640625,0.0,0.0,0.10935211181640625
2119,1.6952,16,0.4234287738800049,0.0,0.0,0.4234287738800049
2120,1.696,16,0.09425883740186691,0.0,0.0,0.09425883740186691
2121,1.6968,16,0.10551071912050247,0.0,0.0,0.10551071912050247
2122,1.6976,16,0.21017594635486603,0.0,0.0,0.21017594635486603
2123,1.6984,16,0.21114481985569,0.0,0.0,0.21114481985569
2124,1.6992,16,0.11427496373653412,0.0,0.0,0.11427496373653412
2125,1.7,16,0.07448474317789078,0.0,0.0,0.07448474317789078
2126,1.7008,16,0.4032236635684967,0.0,0.0,0.4032236635684967
2127,1.7016,16,0.09788583219051361,0.0,0.0,0.09788583219051361
2128,1.7024,16,0.17300765216350555,0.0,0.0,0.17300765216350555
2129,1.7032,16,0.2911882996559143,0.0,0.0,0.2911882996559143
2130,1.704,16,0.26783859729766846,0.0,0.0,0.26783859729766846
2131,1.7048,16,0.06396512687206268,0.0,0.0,0.06396512687206268
2132,1.7056,16,0.26149892807006836,0.0,0.0,0.26149892807006836
2133,1.7064,16,0.3143196105957031,0.0,0.0,0.3143196105957031
2134,1.7072,16,0.0677211806178093,0.0,0.0,0.0677211806178093
2135,1.708,16,0.5135138034820557,0.0,0.0,0.5135138034820557
2136,1.7088,16,0.3748742938041687,0.0,0.0,0.3748742938041687
2137,1.7096,16,0.1821160465478897,0.0,0.0,0.1821160465478897
2138,1.7104,16,0.23289790749549866,0.0,0.0,0.23289790749549866
2139,1.7112,16,0.4893110692501068,0.0,0.0,0.4893110692501068
2140,1.712,16,0.29229462146759033,0.0,0.0,0.29229462146759033
2141,1.7128,16,0.3140522241592407,0.0,0.0,0.3140522241592407
2142,1.7136,16,0.21690063178539276,0.0,0.0,0.21690063178539276
2143,1.7144,16,0.33273884654045105,0.0,0.0,0.33273884654045105
2144,1.7151999999999998,16,0.3284243643283844,0.0,0.0,0.3284243643283844
2145,1.716,16,0.29399242997169495,0.0,0.0,0.29399242997169495
2146,1.7168,16,0.3586069643497467,0.0,0.0,0.3586069643497467
2147,1.7176,16,0.3996152877807617,0.0,0.0,0.3996152877807617
2148,1.7184,16,0.19623330235481262,0.0,0.0,0.19623330235481262
2149,1.7191999999999998,16,0.5339914560317993,0.0,0.0,0.5339914560317993
2150,1.72,16,0.40374499559402466,0.0,0.0,0.40374499559402466
2151,1.7208,16,0.4235844016075134,0.0,0.0,0.4235844016075134
2152,1.7216,16,0.22135846316814423,0.0,0.0,0.22135846316814423
2153,1.7224,16,0.9038786888122559,0.0,0.0,0.9038786888122559
2154,1.7231999999999998,16,0.17082037031650543,0.0,0.0,0.17082037031650543
2155,1.724,16,0.15840500593185425,0.0,0.0,0.15840500593185425
2156,1.7248,16,0.43714639544487,0.0,0.0,0.43714639544487
2157,1.7256,16,0.21208134293556213,0.0,0.0,0.21208134293556213
2158,1.7264,16,0.12332472205162048,0.0,0.0,0.12332472205162048
2159,1.7271999999999998,16,0.18217693269252777,0.0,0.0,0.18217693269252777
2160,1.728,16,0.15565097332000732,0.0,0.0,0.15565097332000732
2161,1.7288000000000001,16,0.37037622928619385,0.0,0.0,0.37037622928619385
2162,1.7296,16,0.3727443814277649,0.0,0.0,0.3727443814277649
2163,1.7304,16,0.3797663152217865,0.0,0.0,0.3797663152217865
2164,1.7311999999999999,16,0.6073183417320251,0.0,0.0,0.6073183417320251
2165,1.732,16,0.13824477791786194,0.0,0.0,0.13824477791786194
2166,1.7328000000000001,16,0.3017321825027466,0.0,0.0,0.3017321825027466
2167,1.7336,16,0.17852681875228882,0.0,0.0,0.17852681875228882
2168,1.7344,16,0.20669646561145782,0.0,0.0,0.20669646561145782
2169,1.7351999999999999,16,0.3781767785549164,0.0,0.0,0.3781767785549164
2170,1.736,16,0.5585067272186279,0.0,0.0,0.5585067272186279
2171,1.7368000000000001,16,0.4606810510158539,0.0,0.0,0.4606810510158539
2172,1.7376,16,0.2497054934501648,0.0,0.0,0.2497054934501648
2173,1.7384,16,0.05801901966333389,0.0,0.0,0.05801901966333389
2174,1.7391999999999999,16,0.4085038900375366,0.0,0.0,0.4085038900375366
2175,1.74,16,0.3120613396167755,0.0,0.0,0.3120613396167755
2176,1.7408000000000001,16,0.23533062636852264,0.0,0.0,0.23533062636852264
2177,1.7416,16,0.3120029866695404,0.0,0.0,0.3120029866695404
2178,1.7424,16,0.26346272230148315,0.0,0.0,0.26346272230148315
2179,1.7431999999999999,16,0.3243064880371094,0.0,0.0,0.3243064880371094
2180,1.744,16,0.12041357904672623,0.0,0.0,0.12041357904672623
2181,1.7448000000000001,16,0.7707558870315552,0.0,0.0,0.7707558870315552
2182,1.7456,16,0.24097105860710144,0.0,0.0,0.24097105860710144
2183,1.7464,16,0.6924871206283569,0.0,0.0,0.6924871206283569
2184,1.7471999999999999,16,0.19202297925949097,0.0,0.0,0.19202297925949097
2185,1.748,16,0.40699446201324463,0.0,0.0,0.40699446201324463
2186,1.7488000000000001,16,0.2195042073726654,0.0,0.0,0.2195042073726654
2187,1.7496,16,0.24417990446090698,0.0,0.0,0.24417990446090698
2188,1.7504,16,0.16797107458114624,0.0,0.0,0.16797107458114624
2189,1.7511999999999999,16,0.32984888553619385,0.0,0.0,0.32984888553619385
2190,1.752,16,0.19976165890693665,0.0,0.0,0.19976165890693665
2191,1.7528000000000001,16,0.18419262766838074,0.0,0.0,0.18419262766838074
2192,1.7536,16,0.32162991166114807,0.0,0.0,0.32162991166114807
2193,1.7544,16,0.3814810514450073,0.0,0.0,0.3814810514450073
2194,1.7551999999999999,16,0.3187572956085205,0.0,0.0,0.3187572956085205
2195,1.756,16,0.40112417936325073,0.0,0.0,0.40112417936325073
2196,1.7568000000000001,16,0.1008267030119896,0.0,0.0,0.1008267030119896
2197,1.7576,16,0.6533538699150085,0.0,0.0,0.6533538699150085
2198,1.7584,16,0.07411112636327744,0.0,0.0,0.07411112636327744
2199,1.7591999999999999,16,0.14245574176311493,0.0,0.0,0.14245574176311493
2200,1.76,16,0.2753489315509796,0.0,0.0,0.2753489315509796
2201,1.7608000000000001,16,0.15014564990997314,0.0,0.0,0.15014564990997314
2202,1.7616,16,0.2113528549671173,0.0,0.0,0.2113528549671173
2203,1.7624,16,0.1831509917974472,0.0,0.0,0.1831509917974472
2204,1.7631999999999999,16,0.13613253831863403,0.0,0.0,0.13613253831863403
2205,1.764,16,0.3068242073059082,0.0,0.0,0.3068242073059082
2206,1.7648000000000001,16,0.17696397006511688,0.0,0.0,0.17696397006511688
2207,1.7656,16,0.3003022372722626,0.0,0.0,0.3003022372722626
2208,1.7664,16,0.29412344098091125,0.0,0.0,0.29412344098091125
2209,1.7671999999999999,16,0.38233882188796997,0.0,0.0,0.38233882188796997
2210,1.768,16,0.20514580607414246,0.0,0.0,0.20514580607414246
2211,1.7688000000000001,16,0.3487687408924103,0.0,0.0,0.3487687408924103
2212,1.7696,16,0.4550676941871643,0.0,0.0,0.4550676941871643
2213,1.7704,16,0.38566261529922485,0.0,0.0,0.38566261529922485
2214,1.7711999999999999,16,0.1667252480983734,0.0,0.0,0.1667252480983734
2215,1.772,16,0.15778397023677826,0.0,0.0,0.15778397023677826
2216,1.7728000000000002,16,0.15949182212352753,0.0,0.0,0.15949182212352753
2217,1.7736,16,0.3076675236225128,0.0,0.0,0.3076675236225128
2218,1.7744,16,0.18720559775829315,0.0,0.0,0.18720559775829315
2219,1.7752,16,0.6515177488327026,0.0,0.0,0.6515177488327026
2220,1.776,16,0.1699712872505188,0.0,0.0,0.1699712872505188
2221,1.7768000000000002,16,0.0735381543636322,0.0,0.0,0.0735381543636322
2222,1.7776,16,0.23459725081920624,0.0,0.0,0.23459725081920624
2223,1.7784,16,0.241347074508667,0.0,0.0,0.241347074508667
2224,1.7792,16,0.27977249026298523,0.0,0.0,0.27977249026298523
2225,1.78,16,0.5297014713287354,0.0,0.0,0.5297014713287354
2226,1.7808000000000002,16,0.6600208282470703,0.0,0.0,0.6600208282470703
2227,1.7816,16,0.2902836203575134,0.0,0.0,0.2902836203575134
2228,1.7824,16,0.3179318308830261,0.0,0.0,0.3179318308830261
2229,1.7832,16,0.19587315618991852,0.0,0.0,0.19587315618991852
2230,1.784,16,0.31665048003196716,0.0,0.0,0.31665048003196716
2231,1.7848000000000002,16,0.683521032333374,0.0,0.0,0.683521032333374
2232,1.7856,16,0.24551711976528168,0.0,0.0,0.24551711976528168
2233,1.7864,16,0.1845107078552246,0.0,0.0,0.1845107078552246
2234,1.7872,16,0.4990967810153961,0.0,0.0,0.4990967810153961
2235,1.788,16,0.07590419799089432,0.0,0.0,0.07590419799089432
2236,1.7888,16,0.11212371289730072,0.0,0.0,0.11212371289730072
2237,1.7896,16,0.5605132579803467,0.0,0.0,0.5605132579803467
2238,1.7904,16,0.27191057801246643,0.0,0.0,0.27191057801246643
2239,1.7912,16,0.2925892472267151,0.0,0.0,0.2925892472267151
2240,1.792,16,0.15022386610507965,0.0,0.0,0.15022386610507965
2241,1.7928,16,0.22827066481113434,0.0,0.0,0.22827066481113434
2242,1.7936,16,0.48375290632247925,0.0,0.0,0.48375290632247925
2243,1.7944,16,0.5536537170410156,0.0,0.0,0.5536537170410156
2244,1.7952,16,0.5948207378387451,0.0,0.0,0.5948207378387451
2245,1.796,16,0.3706475496292114,0.0,0.0,0.3706475496292114
2246,1.7968,16,0.7334070801734924,0.0,0.0,0.7334070801734924
2247,1.7976,16,0.18633882701396942,0.0,0.0,0.18633882701396942
2248,1.7984,16,0.4005904495716095,0.0,0.0,0.4005904495716095
2249,1.7992,16,0.2947857081890106,0.0,0.0,0.2947857081890106
2250,1.8,16,0.23282593488693237,0.0,0.0,0.23282593488693237
2251,1.8008,16,0.1972305327653885,0.0,0.0,0.1972305327653885
2252,1.8016,16,0.6533396244049072,0.0,0.0,0.6533396244049072
2253,1.8024,16,0.3967466652393341,0.0,0.0,0.3967466652393341
2254,1.8032,16,0.6586477160453796,0.0,0.0,0.6586477160453796
2255,1.804,16,0.25711774826049805,0.0,0.0,0.25711774826049805
2256,1.8048,16,0.13805902004241943,0.0,0.0,0.13805902004241943
2257,1.8056,16,0.32994621992111206,0.0,0.0,0.32994621992111206
2258,1.8064,16,0.17099937796592712,0.0,0.0,0.17099937796592712
2259,1.8072,16,0.1698932647705078,0.0,0.0,0.1698932647705078
2260,1.808,16,0.6717507243156433,0.0,0.0,0.6717507243156433
2261,1.8088,16,0.21143095195293427,0.0,0.0,0.21143095195293427
2262,1.8096,16,0.15179362893104553,0.0,0.0,0.15179362893104553
2263,1.8104,16,0.5066214799880981,0.0,0.0,0.5066214799880981
2264,1.8112,16,0.2858809232711792,0.0,0.0,0.2858809232711792
2265,1.812,16,0.23251497745513916,0.0,0.0,0.23251497745513916
2266,1.8128,16,0.3059147596359253,0.0,0.0,0.3059147596359253
2267,1.8136,16,0.6895070672035217,0.0,0.0,0.6895070672035217
2268,1.8144,16,0.0860847681760788,0.0,0.0,0.0860847681760788
2269,1.8152,16,0.39272841811180115,0.0,0.0,0.39272841811180115
2270,1.8159999999999998,16,0.18922114372253418,0.0,0.0,0.18922114372253418
2271,1.8168,16,0.09196007996797562,0.0,0.0,0.09196007996797562
2272,1.8176,16,0.06895054876804352,0.0,0.0,0.06895054876804352
2273,1.8184,16,0.3391880989074707,0.0,0.0,0.3391880989074707
2274,1.8192,16,0.5064060091972351,0.0,0.0,0.5064060091972351
2275,1.8199999999999998,16,0.29225268959999084,0.0,0.0,0.29225268959999084
2276,1.8208,16,0.34520524740219116,0.0,0.0,0.34520524740219116
2277,1.8216,16,0.4821007251739502,0.0,0.0,0.4821007251739502
2278,1.8224,16,0.4865036606788635,0.0,0.0,0.4865036606788635
2279,1.8232,16,0.16492095589637756,0.0,0.0,0.16492095589637756
2280,1.8239999999999998,16,0.21928948163986206,0.0,0.0,0.21928948163986206
2281,1.8248,16,0.06612368673086166,0.0,0.0,0.06612368673086166
2282,1.8256000000000001,16,0.21470819413661957,0.0,0.0,0.21470819413661957
2283,1.8264,16,0.12574392557144165,0.0,0.0,0.12574392557144165
2284,1.8272,16,0.11201106011867523,0.0,0.0,0.11201106011867523
2285,1.8279999999999998,16,0.15484902262687683,0.0,0.0,0.15484902262687683
2286,1.8288,16,0.33156508207321167,0.0,0.0,0.33156508207321167
2287,1.8296000000000001,16,0.4407516419887543,0.0,0.0,0.4407516419887543
2288,1.8304,16,0.28979307413101196,0.0,0.0,0.28979307413101196
2289,1.8312,16,0.3602583408355713,0.0,0.0,0.3602583408355713
2290,1.8319999999999999,16,0.32270386815071106,0.0,0.0,0.32270386815071106
2291,1.8328,16,0.5065181255340576,0.0,0.0,0.5065181255340576
2292,1.8336000000000001,16,0.08813388645648956,0.0,0.0,0.08813388645648956
2293,1.8344,16,0.351821631193161,0.0,0.0,0.351821631193161
2294,1.8352,16,0.16326668858528137,0.0,0.0,0.16326668858528137
2295,1.8359999999999999,16,0.2929505705833435,0.0,0.0,0.2929505705833435
2296,1.8368,16,0.5791282057762146,0.0,0.0,0.5791282057762146
2297,1.8376000000000001,16,0.5515155792236328,0.0,0.0,0.5515155792236328
2298,1.8384,16,0.291398286819458,0.0,0.0,0.291398286819458
2299,1.8392,16,0.17102620005607605,0.0,0.0,0.17102620005607605
2300,1.8399999999999999,16,0.17696115374565125,0.0,0.0,0.17696115374565125
2301,1.8408,16,0.5963304042816162,0.0,0.0,0.5963304042816162
2302,1.8416000000000001,16,0.14291980862617493,0.0,0.0,0.14291980862617493
2303,1.8424,16,0.40733781456947327,0.0,0.0,0.40733781456947327
2304,1.8432,16,0.8002119064331055,0.0,0.0,0.8002119064331055
2305,1.8439999999999999,16,0.1127435714006424,0.0,0.0,0.1127435714006424
2306,1.8448,16,0.36119017004966736,0.0,0.0,0.36119017004966736
2307,1.8456000000000001,16,0.1762722134590149,0.0,0.0,0.1762722134590149
2308,1.8464,16,0.4154215455055237,0.0,0.0,0.4154215455055237
2309,1.8472,16,0.17309460043907166,0.0,0.0,0.17309460043907166
2310,1.8479999999999999,16,0.2842366099357605,0.0,0.0,0.2842366099357605
2311,1.8488,16,0.20035991072654724,0.0,0.0,0.20035991072654724
2312,1.8496000000000001,16,0.36310791969299316,0.0,0.0,0.36310791969299316
2313,1.8504,16,0.0968141108751297,0.0,0.0,0.0968141108751297
2314,1.8512,16,0.3500024676322937,0.0,0.0,0.3500024676322937
2315,1.8519999999999999,16,0.24187269806861877,0.0,0.0,0.24187269806861877
2316,1.8528,16,0.06346902996301651,0.0,0.0,0.06346902996301651
2317,1.8536000000000001,16,0.39139363169670105,0.0,0.0,0.39139363169670105
2318,1.8544,16,0.34032174944877625,0.0,0.0,0.34032174944877625
2319,1.8552,16,0.34338441491127014,0.0,0.0,0.34338441491127014
2320,1.8559999999999999,16,0.1044868528842926,0.0,0.0,0.1044868528842926
2321,1.8568,16,0.17117086052894592,0.0,0.0,0.17117086052894592
2322,1.8576000000000001,16,0.33166220784187317,0.0,0.0,0.33166220784187317
2323,1.8584,16,0.39226722717285156,0.0,0.0,0.39226722717285156
2324,1.8592,16,0.42534393072128296,0.0,0.0,0.42534393072128296
2325,1.8599999999999999,16,0.2554510533809662,0.0,0.0,0.2554510533809662
2326,1.8608,16,0.19918829202651978,0.0,0.0,0.19918829202651978
2327,1.8616000000000001,16,0.21952950954437256,0.0,0.0,0.21952950954437256
2328,1.8624,16,0.31404319405555725,0.0,0.0,0.31404319405555725
2329,1.8632,16,0.4422000050544739,0.0,0.0,0.4422000050544739
2330,1.8639999999999999,16,0.22297029197216034,0.0,0.0,0.22297029197216034
2331,1.8648,16,0.3119497299194336,0.0,0.0,0.3119497299194336
2332,1.8656000000000001,16,0.43250733613967896,0.0,0.0,0.43250733613967896
2333,1.8664,16,0.4779754877090454,0.0,0.0,0.4779754877090454
2334,1.8672,16,0.7082555294036865,0.0,0.0,0.7082555294036865
2335,1.8679999999999999,16,0.14423517882823944,0.0,0.0,0.14423517882823944
2336,1.8688,16,0.34255340695381165,0.0,0.0,0.34255340695381165
2337,1.8696000000000002,16,0.9829660654067993,0.0,0.0,0.9829660654067993
2338,1.8704,16,0.2403600811958313,0.0,0.0,0.2403600811958313
2339,1.8712,16,0.20883460342884064,0.0,0.0,0.20883460342884064
2340,1.8719999999999999,16,0.14377222955226898,0.0,0.0,0.14377222955226898
2341,1.8728,16,0.2025674283504486,0.0,0.0,0.2025674283504486
2342,1.8736000000000002,16,0.08768662810325623,0.0,0.0,0.08768662810325623
2343,1.8744,16,0.3666062355041504,0.0,0.0,0.3666062355041504
2344,1.8752,16,0.4129154086112976,0.0,0.0,0.4129154086112976
2345,1.876,16,0.32863563299179077,0.0,0.0,0.32863563299179077
2346,1.8768,16,0.3239864110946655,0.0,0.0,0.3239864110946655
2347,1.8776000000000002,16,0.19440999627113342,0.0,0.0,0.19440999627113342
2348,1.8784,16,0.30377960205078125,0.0,0.0,0.30377960205078125
2349,1.8792,16,0.1545940637588501,0.0,0.0,0.1545940637588501
2350,1.88,16,0.31772279739379883,0.0,0.0,0.31772279739379883
2351,1.8808,16,0.41130906343460083,0.0,0.0,0.41130906343460083
2352,1.8816000000000002,16,0.102344810962677,0.0,0.0,0.102344810962677
2353,1.8824,16,0.3434520959854126,0.0,0.0,0.3434520959854126
2354,1.8832,16,0.10892186313867569,0.0,0.0,0.10892186313867569
2355,1.884,16,0.1397046148777008,0.0,0.0,0.1397046148777008
2356,1.8848,16,0.18666866421699524,0.0,0.0,0.18666866421699524
2357,1.8856000000000002,16,0.1113586500287056,0.0,0.0,0.1113586500287056
2358,1.8864,16,0.18078899383544922,0.0,0.0,0.18078899383544922
2359,1.8872,16,0.3699898421764374,0.0,0.0,0.3699898421764374
2360,1.888,16,0.2618309259414673,0.0,0.0,0.2618309259414673
2361,1.8888,16,0.46023786067962646,0.0,0.0,0.46023786067962646
2362,1.8896,16,0.4761015474796295,0.0,0.0,0.4761015474796295
2363,1.8904,16,0.29991331696510315,0.0,0.0,0.29991331696510315
2364,1.8912,16,0.49188676476478577,0.0,0.0,0.49188676476478577
2365,1.892,16,0.07821861654520035,0.0,0.0,0.07821861654520035
2366,1.8928,16,0.3223528265953064,0.0,0.0,0.3223528265953064
2367,1.8936,16,0.0695730447769165,0.0,0.0,0.0695730447769165
2368,1.8944,16,0.38168632984161377,0.0,0.0,0.38168632984161377
2369,1.8952,16,0.14721377193927765,0.0,0.0,0.14721377193927765
2370,1.896,16,0.4477228820323944,0.0,0.0,0.4477228820323944
2371,1.8968,16,0.1827341616153717,0.0,0.0,0.1827341616153717
2372,1.8976,16,0.1881992220878601,0.0,0.0,0.1881992220878601
2373,1.8984,16,0.48143401741981506,0.0,0.0,0.48143401741981506
2374,1.8992,16,0.20895041525363922,0.0,0.0,0.20895041525363922
2375,1.9,16,0.2888685464859009,0.0,0.0,0.2888685464859009
2376,1.9008,16,0.2948404550552368,0.0,0.0,0.2948404550552368
2377,1.9016,16,0.07304219901561737,0.0,0.0,0.07304219901561737
2378,1.9024,16,0.22284695506095886,0.0,0.0,0.22284695506095886
2379,1.9032,16,0.37628960609436035,0.0,0.0,0.37628960609436035
2380,1.904,16,0.488895058631897,0.0,0.0,0.488895058631897
2381,1.9048,16,0.24365144968032837,0.0,0.0,0.24365144968032837
2382,1.9056,16,0.4710686504840851,0.0,0.0,0.4710686504840851
2383,1.9064,16,0.05896848440170288,0.0,0.0,0.05896848440170288
2384,1.9072,16,0.15611585974693298,0.0,0.0,0.15611585974693298
2385,1.908,16,0.3994196057319641,0.0,0.0,0.3994196057319641
2386,1.9088,16,0.31493911147117615,0.0,0.0,0.31493911147117615
2387,1.9096,16,0.260439395904541,0.0,0.0,0.260439395904541
2388,1.9104,16,0.3973695933818817,0.0,0.0,0.3973695933818817
2389,1.9112,16,0.18076002597808838,0.0,0.0,0.18076002597808838
2390,1.912,16,0.07712141424417496,0.0,0.0,0.07712141424417496
2391,1.9127999999999998,16,0.16527317464351654,0.0,0.0,0.16527317464351654
2392,1.9136,16,0.21113929152488708,0.0,0.0,0.21113929152488708
2393,1.9144,16,0.22453895211219788,0.0,0.0,0.22453895211219788
2394,1.9152,16,0.4427958130836487,0.0,0.0,0.4427958130836487
2395,1.916,16,0.08991841226816177,0.0,0.0,0.08991841226816177
2396,1.9167999999999998,16,0.3547765910625458,0.0,0.0,0.3547765910625458
2397,1.9176,16,0.3214070796966553,0.0,0.0,0.3214070796966553
2398,1.9184,16,0.3055906295776367,0.0,0.0,0.3055906295776367
2399,1.9192,16,0.5561380982398987,0.0,0.0,0.5561380982398987
2400,1.92,16,0.23123541474342346,0.0,0.0,0.23123541474342346
2401,1.9207999999999998,16,0.22357723116874695,0.0,0.0,0.22357723116874695
2402,1.9216,16,0.6186005473136902,0.0,0.0,0.6186005473136902
2403,1.9224,16,0.3752596974372864,0.0,0.0,0.3752596974372864
2404,1.9232,16,0.4506191909313202,0.0,0.0,0.4506191909313202
2405,1.924,16,0.15742462873458862,0.0,0.0,0.15742462873458862
2406,1.9247999999999998,16,0.5963035821914673,0.0,0.0,0.5963035821914673
2407,1.9256,16,0.5182549953460693,0.0,0.0,0.5182549953460693
2408,1.9264000000000001,16,0.5290149450302124,0.0,0.0,0.5290149450302124
2409,1.9272,16,0.3007545471191406,0.0,0.0,0.3007545471191406
2410,1.928,16,0.29164978861808777,0.0,0.0,0.29164978861808777
2411,1.9287999999999998,16,0.46412962675094604,0.0,0.0,0.46412962675094604
2412,1.9296,16,0.44260743260383606,0.0,0.0,0.44260743260383606
2413,1.9304000000000001,16,0.20702651143074036,0.0,0.0,0.20702651143074036
2414,1.9312,16,0.12461210787296295,0.0,0.0,0.12461210787296295
2415,1.932,16,0.21371014416217804,0.0,0.0,0.21371014416217804
2416,1.9327999999999999,16,0.3689247965812683,0.0,0.0,0.3689247965812683
2417,1.9336,16,0.30340737104415894,0.0,0.0,0.30340737104415894
2418,1.9344000000000001,16,0.113026462495327,0.0,0.0,0.113026462495327
2419,1.9352,16,0.2900577187538147,0.0,0.0,0.2900577187538147
2420,1.936,16,0.4165962338447571,0.0,0.0,0.4165962338447571
2421,1.9367999999999999,16,0.25261569023132324,0.0,0.0,0.25261569023132324
2422,1.9376,16,0.1255723536014557,0.0,0.0,0.1255723536014557
2423,1.9384000000000001,16,0.15504714846611023,0.0,0.0,0.15504714846611023
2424,1.9392,16,0.22773301601409912,0.0,0.0,0.22773301601409912
2425,1.94,16,0.15706810355186462,0.0,0.0,0.15706810355186462
2426,1.9407999999999999,16,0.32029789686203003,0.0,0.0,0.32029789686203003
2427,1.9416,16,0.2912450134754181,0.0,0.0,0.2912450134754181
2428,1.9424000000000001,16,0.2411028891801834,0.0,0.0,0.2411028891801834
2429,1.9432,16,0.4183069169521332,0.0,0.0,0.4183069169521332
2430,1.944,16,0.0686742290854454,0.0,0.0,0.0686742290854454
2431,1.9447999999999999,16,0.33448922634124756,0.0,0.0,0.33448922634124756
2432,1.9456,16,0.2617388963699341,0.0,0.0,0.2617388963699341
2433,1.9464000000000001,16,0.38656994700431824,0.0,0.0,0.38656994700431824
2434,1.9472,16,0.4923864006996155,0.0,0.0,0.4923864006996155
2435,1.948,16,0.5254321098327637,0.0,0.0,0.5254321098327637
2436,1.9487999999999999,16,0.3400043845176697,0.0,0.0,0.3400043845176697
2437,1.9496,16,0.17054744064807892,0.0,0.0,0.17054744064807892
2438,1.9504000000000001,16,0.13320887088775635,0.0,0.0,0.13320887088775635
2439,1.9512,16,0.29743629693984985,0.0,0.0,0.29743629693984985
2440,1.952,16,0.28986042737960815,0.0,0.0,0.28986042737960815
2441,1.9527999999999999,16,0.6461517810821533,0.0,0.0,0.6461517810821533
2442,1.9536,16,0.37483182549476624,0.0,0.0,0.37483182549476624
2443,1.9544000000000001,16,0.29808172583580017,0.0,0.0,0.29808172583580017
2444,1.9552,16,0.3065376877784729,0.0,0.0,0.3065376877784729
2445,1.956,16,0.13554880023002625,0.0,0.0,0.13554880023002625
2446,1.9567999999999999,16,0.26380661129951477,0.0,0.0,0.26380661129951477
2447,1.9576,16,0.3162018060684204,0.0,0.0,0.3162018060684204
2448,1.9584000000000001,16,0.2821770906448364,0.0,0.0,0.2821770906448364
2449,1.9592,16,0.4100085496902466,0.0,0.0,0.4100085496902466
2450,1.96,16,0.28731870651245117,0.0,0.0,0.28731870651245117
2451,1.9607999999999999,16,0.2954498827457428,0.0,0.0,0.2954498827457428
2452,1.9616,16,0.32627129554748535,0.0,0.0,0.32627129554748535
2453,1.9624000000000001,16,0.16187244653701782,0.0,0.0,0.16187244653701782
2454,1.9632,16,0.19080641865730286,0.0,0.0,0.19080641865730286
2455,1.964,16,0.337089478969574,0.0,0.0,0.337089478969574
2456,1.9647999999999999,16,0.445881187915802,0.0,0.0,0.445881187915802
2457,1.9656,16,0.44148099422454834,0.0,0.0,0.44148099422454834
2458,1.9664000000000001,16,0.39386099576950073,0.0,0.0,0.39386099576950073
2459,1.9672,16,0.3311794102191925,0.0,0.0,0.3311794102191925
2460,1.968,16,0.4439013600349426,0.0,0.0,0.4439013600349426
2461,1.9687999999999999,16,0.24567800760269165,0.0,0.0,0.24567800760269165
2462,1.9696,16,0.33282870054244995,0.0,0.0,0.33282870054244995
2463,1.9704000000000002,16,0.18419817090034485,0.0,0.0,0.18419817090034485
2464,1.9712,16,0.33872684836387634,0.0,0.0,0.33872684836387634
2465,1.972,16,0.1601249873638153,0.0,0.0,0.1601249873638153
2466,1.9727999999999999,16,0.08826875686645508,0.0,0.0,0.08826875686645508
2467,1.9736,16,0.8963172435760498,0.0,0.0,0.8963172435760498
2468,1.9744000000000002,16,0.2644992470741272,0.0,0.0,0.2644992470741272
2469,1.9752,16,0.4113413691520691,0.0,0.0,0.4113413691520691
2470,1.976,16,0.3110458254814148,0.0,0.0,0.3110458254814148
2471,1.9768,16,0.31312012672424316,0.0,0.0,0.31312012672424316
2472,1.9776,16,0.20516029000282288,0.0,0.0,0.20516029000282288
2473,1.9784000000000002,16,0.49514520168304443,0.0,0.0,0.49514520168304443
2474,1.9792,16,0.39198416471481323,0.0,0.0,0.39198416471481323
2475,1.98,16,0.9421974420547485,0.0,0.0,0.9421974420547485
2476,1.9808,16,0.3021031618118286,0.0,0.0,0.3021031618118286
2477,1.9816,16,0.3033260405063629,0.0,0.0,0.3033260405063629
2478,1.9824000000000002,16,0.4320569634437561,0.0,0.0,0.4320569634437561
2479,1.9832,16,0.2545521855354309,0.0,0.0,0.2545521855354309
2480,1.984,16,0.21576455235481262,0.0,0.0,0.21576455235481262
2481,1.9848,16,0.13128550350666046,0.0,0.0,0.13128550350666046
2482,1.9856,16,0.3033960163593292,0.0,0.0,0.3033960163593292
2483,1.9864000000000002,16,0.1502186506986618,0.0,0.0,0.1502186506986618
2484,1.9872,16,0.14941184222698212,0.0,0.0,0.14941184222698212
2485,1.988,16,0.34126216173171997,0.0,0.0,0.34126216173171997
2486,1.9888,16,0.2864071726799011,0.0,0.0,0.2864071726799011
2487,1.9896,16,0.09167857468128204,0.0,0.0,0.09167857468128204
2488,1.9904,16,0.3175979554653168,0.0,0.0,0.3175979554653168
2489,1.9912,16,0.4492897093296051,0.0,0.0,0.4492897093296051
2490,1.992,16,0.21155430376529694,0.0,0.0,0.21155430376529694
2491,1.9928,16,0.13263897597789764,0.0,0.0,0.13263897597789764
2492,1.9936,16,0.241632342338562,0.0,0.0,0.241632342338562
2493,1.9944,16,0.08178249001502991,0.0,0.0,0.08178249001502991
2494,1.9952,16,0.0729261189699173,0.0,0.0,0.0729261189699173
2495,1.996,16,0.35865360498428345,0.0,0.0,0.35865360498428345
2496,1.9968,16,0.12083914875984192,0.0,0.0,0.12083914875984192
2497,1.9976,16,0.2406720370054245,0.0,0.0,0.2406720370054245
2498,1.9984,16,0.3667702078819275,0.0,0.0,0.3667702078819275
2499,1.9992,16,0.31279048323631287,0.0,0.0,0.31279048323631287
2500,2.0,16,0.32266464829444885,0.0,0.0,0.32266464829444885
2501,2.0008,16,0.23819975554943085,0.0,0.0,0.23819975554943085
2502,2.0016,16,0.26627442240715027,0.0,0.0,0.26627442240715027
2503,2.0024,16,0.27003589272499084,0.0,0.0,0.27003589272499084
2504,2.0032,16,0.15528835356235504,0.0,0.0,0.15528835356235504
2505,2.004,16,0.4822707772254944,0.0,0.0,0.4822707772254944
2506,2.0048,16,0.34607985615730286,0.0,0.0,0.34607985615730286
2507,2.0056,16,0.061938539147377014,0.0,0.0,0.061938539147377014
2508,2.0064,16,0.3142891526222229,0.0,0.0,0.3142891526222229
2509,2.0072,16,0.4011388421058655,0.0,0.0,0.4011388421058655
2510,2.008,16,0.1744762659072876,0.0,0.0,0.1744762659072876
2511,2.0088,16,0.45790088176727295,0.0,0.0,0.45790088176727295
2512,2.0096,16,0.05575580149888992,0.0,0.0,0.05575580149888992
2513,2.0104,16,0.18367311358451843,0.0,0.0,0.18367311358451843
2514,2.0112,16,0.3580697774887085,0.0,0.0,0.3580697774887085
2515,2.012,16,0.5466554164886475,0.0,0.0,0.5466554164886475
2516,2.0128,16,0.13825947046279907,0.0,0.0,0.13825947046279907
2517,2.0136,16,0.2093266248703003,0.0,0.0,0.2093266248703003
2518,2.0144,16,0.07650236785411835,0.0,0.0,0.07650236785411835
2519,2.0152,16,0.3645392954349518,0.0,0.0,0.3645392954349518
2520,2.016,16,0.3643084764480591,0.0,0.0,0.3643084764480591
2521,2.0168,16,0.37461647391319275,0.0,0.0,0.37461647391319275
2522,2.0176,16,0.13611119985580444,0.0,0.0,0.13611119985580444
2523,2.0184,16,0.27524667978286743,0.0,0.0,0.27524667978286743
2524,2.0192,16,0.43588608503341675,0.0,0.0,0.43588608503341675
2525,2.02,16,0.22801391780376434,0.0,0.0,0.22801391780376434
2526,2.0208,16,0.22018936276435852,0.0,0.0,0.22018936276435852
2527,2.0216,16,0.13464100658893585,0.0,0.0,0.13464100658893585
2528,2.0224,16,0.3380374312400818,0.0,0.0,0.3380374312400818
2529,2.0232,16,0.42439940571784973,0.0,0.0,0.42439940571784973
2530,2.024,16,0.27006950974464417,0.0,0.0,0.27006950974464417
2531,2.0248,16,0.16153272986412048,0.0,0.0,0.16153272986412048
2532,2.0256,16,0.1682393103837967,0.0,0.0,0.1682393103837967
2533,2.0264,16,0.2519465386867523,0.0,0.0,0.2519465386867523
2534,2.0272,16,0.26088637113571167,0.0,0.0,0.26088637113571167
2535,2.028,16,0.1531323790550232,0.0,0.0,0.1531323790550232
2536,2.0288,16,0.22144031524658203,0.0,0.0,0.22144031524658203
2537,2.0296,16,0.16001226007938385,0.0,0.0,0.16001226007938385
2538,2.0304,16,0.11394365131855011,0.0,0.0,0.11394365131855011
2539,2.0312,16,0.08209209144115448,0.0,0.0,0.08209209144115448
2540,2.032,16,0.08231295645236969,0.0,0.0,0.08231295645236969
2541,2.0328,16,0.2984587848186493,0.0,0.0,0.2984587848186493
2542,2.0336,16,0.4818034768104553,0.0,0.0,0.4818034768104553
2543,2.0344,16,0.20657870173454285,0.0,0.0,0.20657870173454285
2544,2.0352,16,0.21619868278503418,0.0,0.0,0.21619868278503418
2545,2.036,16,0.14122283458709717,0.0,0.0,0.14122283458709717
2546,2.0368,16,0.2930864691734314,0.0,0.0,0.2930864691734314
2547,2.0376,16,0.4549408555030823,0.0,0.0,0.4549408555030823
2548,2.0384,16,0.12320579588413239,0.0,0.0,0.12320579588413239
2549,2.0392,16,0.4856901466846466,0.0,0.0,0.4856901466846466
2550,2.04,16,0.13942933082580566,0.0,0.0,0.13942933082580566
2551,2.0408,16,0.3721795678138733,0.0,0.0,0.3721795678138733
2552,2.0416,16,0.09718023985624313,0.0,0.0,0.09718023985624313
2553,2.0424,16,0.09227593243122101,0.0,0.0,0.09227593243122101
2554,2.0432,16,0.169467031955719,0.0,0.0,0.169467031955719
2555,2.044,16,0.2909822463989258,0.0,0.0,0.2909822463989258
2556,2.0448,16,0.10911513864994049,0.0,0.0,0.10911513864994049
2557,2.0456,16,0.19284318387508392,0.0,0.0,0.19284318387508392
2558,2.0464,16,0.33628079295158386,0.0,0.0,0.33628079295158386
2559,2.0472,16,0.1521046757698059,0.0,0.0,0.1521046757698059
2560,2.048,16,0.08219022303819656,0.0,0.0,0.08219022303819656
2561,2.0488,16,0.1664063185453415,0.0,0.0,0.1664063185453415
2562,2.0496,16,0.5029990673065186,0.0,0.0,0.5029990673065186
2563,2.0504,16,0.3035837709903717,0.0,0.0,0.3035837709903717
2564,2.0512,16,0.5140716433525085,0.0,0.0,0.5140716433525085
2565,2.052,16,0.11148849129676819,0.0,0.0,0.11148849129676819
2566,2.0528,16,0.22468455135822296,0.0,0.0,0.22468455135822296
2567,2.0536,16,0.2528436481952667,0.0,0.0,0.2528436481952667
2568,2.0544,16,0.2441803216934204,0.0,0.0,0.2441803216934204
2569,2.0552,16,0.4085302948951721,0.0,0.0,0.4085302948951721
2570,2.056,16,0.4424603283405304,0.0,0.0,0.4424603283405304
2571,2.0568,16,0.301675945520401,0.0,0.0,0.301675945520401
2572,2.0576,16,0.45165711641311646,0.0,0.0,0.45165711641311646
2573,2.0584,16,0.587057888507843,0.0,0.0,0.587057888507843
2574,2.0592,16,0.14175429940223694,0.0,0.0,0.14175429940223694
2575,2.06,16,0.5824835300445557,0.0,0.0,0.5824835300445557
2576,2.0608,16,0.30197596549987793,0.0,0.0,0.30197596549987793
2577,2.0616,16,0.22691017389297485,0.0,0.0,0.22691017389297485
2578,2.0624,16,0.33656376600265503,0.0,0.0,0.33656376600265503
2579,2.0632,16,0.0932295173406601,0.0,0.0,0.0932295173406601
2580,2.064,16,0.12577228248119354,0.0,0.0,0.12577228248119354
2581,2.0648,16,0.15767553448677063,0.0,0.0,0.15767553448677063
2582,2.0656,16,0.1813746988773346,0.0,0.0,0.1813746988773346
2583,2.0664,16,0.1595267653465271,0.0,0.0,0.1595267653465271
2584,2.0672,16,0.1471424549818039,0.0,0.0,0.1471424549818039
2585,2.068,16,0.19581067562103271,0.0,0.0,0.19581067562103271
2586,2.0688,16,0.20076492428779602,0.0,0.0,0.20076492428779602
2587,2.0696,16,0.32680004835128784,0.0,0.0,0.32680004835128784
2588,2.0704,16,0.11028335988521576,0.0,0.0,0.11028335988521576
2589,2.0712,16,0.5654319524765015,0.0,0.0,0.5654319524765015
2590,2.072,16,0.424500972032547,0.0,0.0,0.424500972032547
2591,2.0728,16,0.3428378701210022,0.0,0.0,0.3428378701210022
2592,2.0736,16,0.05441504716873169,0.0,0.0,0.05441504716873169
2593,2.0744,16,0.20780187845230103,0.0,0.0,0.20780187845230103
2594,2.0752,16,0.4048546552658081,0.0,0.0,0.4048546552658081
2595,2.076,16,0.1060650646686554,0.0,0.0,0.1060650646686554
2596,2.0768,16,0.3850240111351013,0.0,0.0,0.3850240111351013
2597,2.0776,16,0.31743323802948,0.0,0.0,0.31743323802948
2598,2.0784,16,0.07442604750394821,0.0,0.0,0.07442604750394821
2599,2.0792,16,0.273138165473938,0.0,0.0,0.273138165473938
2600,2.08,16,0.2342868447303772,0.0,0.0,0.2342868447303772
2601,2.0808,16,0.4217449128627777,0.0,0.0,0.4217449128627777
2602,2.0816,16,0.17960798740386963,0.0,0.0,0.17960798740386963
2603,2.0824,16,0.4839448034763336,0.0,0.0,0.4839448034763336
2604,2.0832,16,0.09485886991024017,0.0,0.0,0.09485886991024017
2605,2.084,16,0.3186837136745453,0.0,0.0,0.3186837136745453
2606,2.0848,16,0.07150872051715851,0.0,0.0,0.07150872051715851
2607,2.0856,16,0.16060107946395874,0.0,0.0,0.16060107946395874
2608,2.0864,16,0.23038920760154724,0.0,0.0,0.23038920760154724
2609,2.0872,16,0.09873248636722565,0.0,0.0,0.09873248636722565
2610,2.088,16,0.41700291633605957,0.0,0.0,0.41700291633605957
2611,2.0888,16,0.416448712348938,0.0,0.0,0.416448712348938
2612,2.0896,16,0.6550105214118958,0.0,0.0,0.6550105214118958
2613,2.0904,16,0.3825682997703552,0.0,0.0,0.3825682997703552
2614,2.0912,16,0.37887120246887207,0.0,0.0,0.37887120246887207
2615,2.092,16,0.6065213084220886,0.0,0.0,0.6065213084220886
2616,2.0928,16,0.2115989774465561,0.0,0.0,0.2115989774465561
2617,2.0936,16,0.1624450385570526,0.0,0.0,0.1624450385570526
2618,2.0944,16,0.19317108392715454,0.0,0.0,0.19317108392715454
2619,2.0952,16,0.2921559810638428,0.0,0.0,0.2921559810638428
2620,2.096,16,0.10031794011592865,0.0,0.0,0.10031794011592865
2621,2.0968,16,0.22908353805541992,0.0,0.0,0.22908353805541992
2622,2.0976,16,0.28460493683815,0.0,0.0,0.28460493683815
2623,2.0984,16,0.3100285232067108,0.0,0.0,0.3100285232067108
2624,2.0992,16,0.15008975565433502,0.0,0.0,0.15008975565433502
2625,2.1,16,0.228980153799057,0.0,0.0,0.228980153799057
2626,2.1008,16,0.1386820375919342,0.0,0.0,0.1386820375919342
2627,2.1016,16,0.14001880586147308,0.0,0.0,0.14001880586147308
2628,2.1024,16,0.20252907276153564,0.0,0.0,0.20252907276153564
2629,2.1032,16,0.2143712043762207,0.0,0.0,0.2143712043762207
2630,2.104,16,0.15409418940544128,0.0,0.0,0.15409418940544128
2631,2.1048,16,0.41006410121917725,0.0,0.0,0.41006410121917725
2632,2.1056,16,0.10434122383594513,0.0,0.0,0.10434122383594513
2633,2.1064,16,0.48816967010498047,0.0,0.0,0.48816967010498047
2634,2.1072,16,0.29875731468200684,0.0,0.0,0.29875731468200684
2635,2.108,16,0.4923807680606842,0.0,0.0,0.4923807680606842
2636,2.1088,16,0.27765002846717834,0.0,0.0,0.27765002846717834
2637,2.1096,16,0.3456454873085022,0.0,0.0,0.3456454873085022
2638,2.1104,16,0.12597967684268951,0.0,0.0,0.12597967684268951
2639,2.1112,16,0.20137624442577362,0.0,0.0,0.20137624442577362
2640,2.112,16,0.4566081166267395,0.0,0.0,0.4566081166267395
2641,2.1128,16,0.29525241255760193,0.0,0.0,0.29525241255760193
2642,2.1136,16,0.254517525434494,0.0,0.0,0.254517525434494
2643,2.1144,16,0.05436243116855621,0.0,0.0,0.05436243116855621
2644,2.1152,16,0.18398641049861908,0.0,0.0,0.18398641049861908
2645,2.116,16,0.3843660354614258,0.0,0.0,0.3843660354614258
2646,2.1168,16,0.20988257229328156,0.0,0.0,0.20988257229328156
2647,2.1176,16,0.6062908172607422,0.0,0.0,0.6062908172607422
2648,2.1184,16,0.15160736441612244,0.0,0.0,0.15160736441612244
2649,2.1192,16,0.31144630908966064,0.0,0.0,0.31144630908966064
2650,2.12,16,0.4280227720737457,0.0,0.0,0.4280227720737457
2651,2.1208,16,0.19555869698524475,0.0,0.0,0.19555869698524475
2652,2.1216,16,0.41465580463409424,0.0,0.0,0.41465580463409424
2653,2.1224,16,0.4752568006515503,0.0,0.0,0.4752568006515503
2654,2.1232,16,0.1683398187160492,0.0,0.0,0.1683398187160492
2655,2.124,16,0.5183558464050293,0.0,0.0,0.5183558464050293
2656,2.1248,16,0.17664802074432373,0.0,0.0,0.17664802074432373
2657,2.1256,16,0.4759092926979065,0.0,0.0,0.4759092926979065
2658,2.1264,16,0.33205363154411316,0.0,0.0,0.33205363154411316
2659,2.1272,16,0.25651267170906067,0.0,0.0,0.25651267170906067
2660,2.128,16,0.2787783443927765,0.0,0.0,0.2787783443927765
2661,2.1288,16,0.274941086769104,0.0,0.0,0.274941086769104
2662,2.1296,16,0.21182037889957428,0.0,0.0,0.21182037889957428
2663,2.1304,16,0.5684674978256226,0.0,0.0,0.5684674978256226
2664,2.1312,16,0.13757747411727905,0.0,0.0,0.13757747411727905
2665,2.132,16,0.21956609189510345,0.0,0.0,0.21956609189510345
2666,2.1328,16,0.3379640579223633,0.0,0.0,0.3379640579223633
2667,2.1336,16,0.24069060385227203,0.0,0.0,0.24069060385227203
2668,2.1344,16,0.3410907983779907,0.0,0.0,0.3410907983779907
2669,2.1352,16,0.27337872982025146,0.0,0.0,0.27337872982025146
2670,2.136,16,0.1803162693977356,0.0,0.0,0.1803162693977356
2671,2.1368,16,0.2731442153453827,0.0,0.0,0.2731442153453827
2672,2.1376,16,0.25609952211380005,0.0,0.0,0.25609952211380005
2673,2.1384,16,0.17752858996391296,0.0,0.0,0.17752858996391296
2674,2.1391999999999998,16,0.2267151027917862,0.0,0.0,0.2267151027917862
2675,2.14,16,0.2566230595111847,0.0,0.0,0.2566230595111847
2676,2.1408,16,0.06783859431743622,0.0,0.0,0.06783859431743622
2677,2.1416,16,0.2611916959285736,0.0,0.0,0.2611916959285736
2678,2.1424,16,0.16020497679710388,0.0,0.0,0.16020497679710388
2679,2.1432,16,0.5568616986274719,0.0,0.0,0.5568616986274719
2680,2.144,16,0.3125860095024109,0.0,0.0,0.3125860095024109
2681,2.1448,16,0.26200827956199646,0.0,0.0,0.26200827956199646
2682,2.1456,16,0.4259500503540039,0.0,0.0,0.4259500503540039
2683,2.1464,16,0.33819645643234253,0.0,0.0,0.33819645643234253
2684,2.1471999999999998,16,0.26622021198272705,0.0,0.0,0.26622021198272705
2685,2.148,16,0.1526479721069336,0.0,0.0,0.1526479721069336
2686,2.1488,16,0.29074060916900635,0.0,0.0,0.29074060916900635
2687,2.1496,16,0.2784174084663391,0.0,0.0,0.2784174084663391
2688,2.1504,16,0.0634910985827446,0.0,0.0,0.0634910985827446
2689,2.1512000000000002,16,0.21956504881381989,0.0,0.0,0.21956504881381989
2690,2.152,16,0.23690089583396912,0.0,0.0,0.23690089583396912
2691,2.1528,16,0.14829309284687042,0.0,0.0,0.14829309284687042
2692,2.1536,16,0.14926879107952118,0.0,0.0,0.14926879107952118
2693,2.1544,16,0.20306381583213806,0.0,0.0,0.20306381583213806
2694,2.1552,16,0.08536125719547272,0.0,0.0,0.08536125719547272
2695,2.156,16,0.30863988399505615,0.0,0.0,0.30863988399505615
2696,2.1568,16,0.2240658402442932,0.0,0.0,0.2240658402442932
2697,2.1576,16,0.17491397261619568,0.0,0.0,0.17491397261619568
2698,2.1584,16,0.2499280422925949,0.0,0.0,0.2499280422925949
2699,2.1592000000000002,16,0.40713638067245483,0.0,0.0,0.40713638067245483
2700,2.16,16,0.5468915700912476,0.0,0.0,0.5468915700912476
2701,2.1608,16,0.6024696826934814,0.0,0.0,0.6024696826934814
2702,2.1616,16,0.40565383434295654,0.0,0.0,0.40565383434295654
2703,2.1624,16,0.7302771806716919,0.0,0.0,0.7302771806716919
2704,2.1632,16,0.21864081919193268,0.0,0.0,0.21864081919193268
2705,2.164,16,0.2978799641132355,0.0,0.0,0.2978799641132355
2706,2.1648,16,0.05905816704034805,0.0,0.0,0.05905816704034805
2707,2.1656,16,0.5358127951622009,0.0,0.0,0.5358127951622009
2708,2.1664,16,0.6236715316772461,0.0,0.0,0.6236715316772461
2709,2.1672,16,0.27130937576293945,0.0,0.0,0.27130937576293945
2710,2.168,16,0.2473161220550537,0.0,0.0,0.2473161220550537
2711,2.1688,16,0.051849618554115295,0.0,0.0,0.051849618554115295
2712,2.1696,16,0.12987035512924194,0.0,0.0,0.12987035512924194
2713,2.1704,16,0.3659186363220215,0.0,0.0,0.3659186363220215
2714,2.1712,16,0.191829115152359,0.0,0.0,0.191829115152359
2715,2.172,16,0.4610985517501831,0.0,0.0,0.4610985517501831
2716,2.1728,16,0.3865000903606415,0.0,0.0,0.3865000903606415
2717,2.1736,16,0.4175935983657837,0.0,0.0,0.4175935983657837
2718,2.1744,16,0.22405824065208435,0.0,0.0,0.22405824065208435
2719,2.1752,16,0.155805766582489,0.0,0.0,0.155805766582489
2720,2.176,16,0.5467889904975891,0.0,0.0,0.5467889904975891
2721,2.1768,16,0.5337144136428833,0.0,0.0,0.5337144136428833
2722,2.1776,16,0.2130104899406433,0.0,0.0,0.2130104899406433
2723,2.1784,16,0.5071515440940857,0.0,0.0,0.5071515440940857
2724,2.1792,16,0.4559595286846161,0.0,0.0,0.4559595286846161
2725,2.18,16,0.08043693006038666,0.0,0.0,0.08043693006038666
2726,2.1808,16,0.2581353783607483,0.0,0.0,0.2581353783607483
2727,2.1816,16,0.4877350926399231,0.0,0.0,0.4877350926399231
2728,2.1824,16,0.3610769510269165,0.0,0.0,0.3610769510269165
2729,2.1832,16,0.1350765824317932,0.0,0.0,0.1350765824317932
2730,2.184,16,0.38038137555122375,0.0,0.0,0.38038137555122375
2731,2.1848,16,0.0759536623954773,0.0,0.0,0.0759536623954773
2732,2.1856,16,0.21421077847480774,0.0,0.0,0.21421077847480774
2733,2.1864,16,0.42070990800857544,0.0,0.0,0.42070990800857544
2734,2.1872,16,0.20135532319545746,0.0,0.0,0.20135532319545746
2735,2.188,16,0.352260947227478,0.0,0.0,0.352260947227478
2736,2.1888,16,0.37890926003456116,0.0,0.0,0.37890926003456116
2737,2.1896,16,0.08125516772270203,0.0,0.0,0.08125516772270203
2738,2.1904,16,0.08532631397247314,0.0,0.0,0.08532631397247314
2739,2.1912,16,0.4280238151550293,0.0,0.0,0.4280238151550293
2740,2.192,16,0.3464182913303375,0.0,0.0,0.3464182913303375
2741,2.1928,16,0.1338992714881897,0.0,0.0,0.1338992714881897
2742,2.1936,16,0.44512951374053955,0.0,0.0,0.44512951374053955
2743,2.1944,16,0.5485078692436218,0.0,0.0,0.5485078692436218
2744,2.1952,16,0.06546785682439804,0.0,0.0,0.06546785682439804
2745,2.196,16,0.21998034417629242,0.0,0.0,0.21998034417629242
2746,2.1968,16,0.08734884858131409,0.0,0.0,0.08734884858131409
2747,2.1976,16,0.36433517932891846,0.0,0.0,0.36433517932891846
2748,2.1984,16,0.18868109583854675,0.0,0.0,0.18868109583854675
2749,2.1992,16,0.21231909096240997,0.0,0.0,0.21231909096240997
2750,2.2,16,0.2422536015510559,0.0,0.0,0.2422536015510559
2751,2.2008,16,0.30904272198677063,0.0,0.0,0.30904272198677063
2752,2.2016,16,0.17071664333343506,0.0,0.0,0.17071664333343506
2753,2.2024,16,0.17955686151981354,0.0,0.0,0.17955686151981354
2754,2.2032,16,0.40144529938697815,0.0,0.0,0.40144529938697815
2755,2.204,16,0.2867216467857361,0.0,0.0,0.2867216467857361
2756,2.2048,16,0.13121935725212097,0.0,0.0,0.13121935725212097
2757,2.2056,16,0.11823475360870361,0.0,0.0,0.11823475360870361
2758,2.2064,16,0.1331920623779297,0.0,0.0,0.1331920623779297
2759,2.2072,16,0.262014240026474,0.0,0.0,0.262014240026474
2760,2.208,16,0.43030068278312683,0.0,0.0,0.43030068278312683
2761,2.2088,16,0.06212180107831955,0.0,0.0,0.06212180107831955
2762,2.2096,16,0.2974759340286255,0.0,0.0,0.2974759340286255
2763,2.2104,16,0.33849942684173584,0.0,0.0,0.33849942684173584
2764,2.2112,16,0.43364089727401733,0.0,0.0,0.43364089727401733
2765,2.212,16,0.32929426431655884,0.0,0.0,0.32929426431655884
2766,2.2128,16,0.36794808506965637,0.0,0.0,0.36794808506965637
2767,2.2136,16,0.5396534204483032,0.0,0.0,0.5396534204483032
2768,2.2144,16,0.29077082872390747,0.0,0.0,0.29077082872390747
2769,2.2152,16,0.428166925907135,0.0,0.0,0.428166925907135
2770,2.216,16,0.3247523009777069,0.0,0.0,0.3247523009777069
2771,2.2168,16,0.41063839197158813,0.0,0.0,0.41063839197158813
2772,2.2176,16,0.20923079550266266,0.0,0.0,0.20923079550266266
2773,2.2184,16,0.21716895699501038,0.0,0.0,0.21716895699501038
2774,2.2192,16,0.5695725083351135,0.0,0.0,0.5695725083351135
2775,2.22,16,0.09284108877182007,0.0,0.0,0.09284108877182007
2776,2.2208,16,0.17405681312084198,0.0,0.0,0.17405681312084198
2777,2.2216,16,0.10620969533920288,0.0,0.0,0.10620969533920288
2778,2.2224,16,0.4291984438896179,0.0,0.0,0.4291984438896179
2779,2.2232,16,0.4851148724555969,0.0,0.0,0.4851148724555969
2780,2.224,16,0.11918990314006805,0.0,0.0,0.11918990314006805
2781,2.2248,16,0.1827765256166458,0.0,0.0,0.1827765256166458
2782,2.2256,16,0.28468143939971924,0.0,0.0,0.28468143939971924
2783,2.2264,16,0.24363070726394653,0.0,0.0,0.24363070726394653
2784,2.2272,16,0.5446712970733643,0.0,0.0,0.5446712970733643
2785,2.228,16,0.29816746711730957,0.0,0.0,0.29816746711730957
2786,2.2288,16,0.34542495012283325,0.0,0.0,0.34542495012283325
2787,2.2296,16,0.29045653343200684,0.0,0.0,0.29045653343200684
2788,2.2304,16,0.11807829141616821,0.0,0.0,0.11807829141616821
2789,2.2312,16,0.614336371421814,0.0,0.0,0.614336371421814
2790,2.232,16,0.7219178080558777,0.0,0.0,0.7219178080558777
2791,2.2328,16,0.6418790817260742,0.0,0.0,0.6418790817260742
2792,2.2336,16,0.05918283388018608,0.0,0.0,0.05918283388018608
2793,2.2344,16,0.5526235699653625,0.0,0.0,0.5526235699653625
2794,2.2352,16,0.07683897018432617,0.0,0.0,0.07683897018432617
2795,2.2359999999999998,16,0.18864214420318604,0.0,0.0,0.18864214420318604
2796,2.2368,16,0.5214948654174805,0.0,0.0,0.5214948654174805
2797,2.2376,16,0.2681601643562317,0.0,0.0,0.2681601643562317
2798,2.2384,16,0.38168424367904663,0.0,0.0,0.38168424367904663
2799,2.2392,16,0.527154803276062,0.0,0.0,0.527154803276062
2800,2.24,16,0.32221946120262146,0.0,0.0,0.32221946120262146
2801,2.2408,16,0.581392765045166,0.0,0.0,0.581392765045166
2802,2.2416,16,0.20232361555099487,0.0,0.0,0.20232361555099487
2803,2.2424,16,0.0481683723628521,0.0,0.0,0.0481683723628521
2804,2.2432,16,0.13981331884860992,0.0,0.0,0.13981331884860992
2805,2.2439999999999998,16,0.3675643801689148,0.0,0.0,0.3675643801689148
2806,2.2448,16,0.21484661102294922,0.0,0.0,0.21484661102294922
2807,2.2456,16,0.25949347019195557,0.0,0.0,0.25949347019195557
2808,2.2464,16,0.30170923471450806,0.0,0.0,0.30170923471450806
2809,2.2472,16,0.11953487992286682,0.0,0.0,0.11953487992286682
2810,2.248,16,0.12765268981456757,0.0,0.0,0.12765268981456757
2811,2.2488,16,0.15901526808738708,0.0,0.0,0.15901526808738708
2812,2.2496,16,0.33862560987472534,0.0,0.0,0.33862560987472534
2813,2.2504,16,0.8127208948135376,0.0,0.0,0.8127208948135376
2814,2.2512,16,0.41213029623031616,0.0,0.0,0.41213029623031616
2815,2.252,16,0.35734277963638306,0.0,0.0,0.35734277963638306
2816,2.2528,16,0.7622531652450562,0.0,0.0,0.7622531652450562
2817,2.2536,16,0.2809678316116333,0.0,0.0,0.2809678316116333
2818,2.2544,16,0.2970091700553894,0.0,0.0,0.2970091700553894
2819,2.2552,16,0.14775356650352478,0.0,0.0,0.14775356650352478
2820,2.2560000000000002,16,0.5530610084533691,0.0,0.0,0.5530610084533691
2821,2.2568,16,0.36614832282066345,0.0,0.0,0.36614832282066345
2822,2.2576,16,0.3026915490627289,0.0,0.0,0.3026915490627289
2823,2.2584,16,0.1524796485900879,0.0,0.0,0.1524796485900879
2824,2.2592,16,0.2990455627441406,0.0,0.0,0.2990455627441406
2825,2.26,16,0.18904662132263184,0.0,0.0,0.18904662132263184
2826,2.2608,16,0.43783503770828247,0.0,0.0,0.43783503770828247
2827,2.2616,16,0.35251736640930176,0.0,0.0,0.35251736640930176
2828,2.2624,16,0.13864776492118835,0.0,0.0,0.13864776492118835
2829,2.2632,16,0.260275274515152,0.0,0.0,0.260275274515152
2830,2.2640000000000002,16,0.12120460718870163,0.0,0.0,0.12120460718870163
2831,2.2648,16,0.13201671838760376,0.0,0.0,0.13201671838760376
2832,2.2656,16,0.16902542114257812,0.0,0.0,0.16902542114257812
2833,2.2664,16,0.20756715536117554,0.0,0.0,0.20756715536117554
2834,2.2672,16,0.18427535891532898,0.0,0.0,0.18427535891532898
2835,2.268,16,0.12938642501831055,0.0,0.0,0.12938642501831055
2836,2.2688,16,0.23587270081043243,0.0,0.0,0.23587270081043243
2837,2.2696,16,0.29758745431900024,0.0,0.0,0.29758745431900024
2838,2.2704,16,0.30626729130744934,0.0,0.0,0.30626729130744934
2839,2.2712,16,0.3526647090911865,0.0,0.0,0.3526647090911865
2840,2.2720000000000002,16,0.20599040389060974,0.0,0.0,0.20599040389060974
2841,2.2728,16,0.39036038517951965,0.0,0.0,0.39036038517951965
2842,2.2736,16,0.16061089932918549,0.0,0.0,0.16061089932918549
2843,2.2744,16,0.2800513505935669,0.0,0.0,0.2800513505935669
2844,2.2752,16,0.309704452753067,0.0,0.0,0.309704452753067
2845,2.276,16,0.23083093762397766,0.0,0.0,0.23083093762397766
2846,2.2768,16,0.3274258077144623,0.0,0.0,0.3274258077144623
2847,2.2776,16,0.3376791179180145,0.0,0.0,0.3376791179180145
2848,2.2784,16,0.28304266929626465,0.0,0.0,0.28304266929626465
2849,2.2792,16,0.6783761978149414,0.0,0.0,0.6783761978149414
2850,2.2800000000000002,16,0.5413970351219177,0.0,0.0,0.5413970351219177
2851,2.2808,16,0.2516893148422241,0.0,0.0,0.2516893148422241
2852,2.2816,16,0.24788177013397217,0.0,0.0,0.24788177013397217
2853,2.2824,16,0.15204903483390808,0.0,0.0,0.15204903483390808
2854,2.2832,16,0.3497721552848816,0.0,0.0,0.3497721552848816
2855,2.284,16,0.1760624647140503,0.0,0.0,0.1760624647140503
2856,2.2848,16,0.3492327332496643,0.0,0.0,0.3492327332496643
2857,2.2856,16,0.17077462375164032,0.0,0.0,0.17077462375164032
2858,2.2864,16,0.13014870882034302,0.0,0.0,0.13014870882034302
2859,2.2872,16,0.3788285553455353,0.0,0.0,0.3788285553455353
2860,2.288,16,0.24901750683784485,0.0,0.0,0.24901750683784485
2861,2.2888,16,0.49768388271331787,0.0,0.0,0.49768388271331787
2862,2.2896,16,0.13312944769859314,0.0,0.0,0.13312944769859314
2863,2.2904,16,0.33003005385398865,0.0,0.0,0.33003005385398865
2864,2.2912,16,0.23886625468730927,0.0,0.0,0.23886625468730927
2865,2.292,16,0.35991472005844116,0.0,0.0,0.35991472005844116
2866,2.2928,16,0.2945419251918793,0.0,0.0,0.2945419251918793
2867,2.2936,16,0.1983495056629181,0.0,0.0,0.1983495056629181
2868,2.2944,16,0.06505067646503448,0.0,0.0,0.06505067646503448
2869,2.2952,16,0.14529412984848022,0.0,0.0,0.14529412984848022
2870,2.296,16,0.127034530043602,0.0,0.0,0.127034530043602
2871,2.2968,16,0.3092980682849884,0.0,0.0,0.3092980682849884
2872,2.2976,16,0.31878918409347534,0.0,0.0,0.31878918409347534
2873,2.2984,16,0.2483227550983429,0.0,0.0,0.2483227550983429
2874,2.2992,16,0.28296226263046265,0.0,0.0,0.28296226263046265
2875,2.3,16,0.2528851628303528,0.0,0.0,0.2528851628303528
2876,2.3008,16,0.5407395958900452,0.0,0.0,0.5407395958900452
2877,2.3016,16,0.3562951683998108,0.0,0.0,0.3562951683998108
2878,2.3024,16,0.29517221450805664,0.0,0.0,0.29517221450805664
2879,2.3032,16,0.057308509945869446,0.0,0.0,0.057308509945869446
2880,2.304,16,0.4008827209472656,0.0,0.0,0.4008827209472656
2881,2.3048,16,0.24044068157672882,0.0,0.0,0.24044068157672882
2882,2.3056,16,0.4421926736831665,0.0,0.0,0.4421926736831665
2883,2.3064,16,0.4050626754760742,0.0,0.0,0.4050626754760742
2884,2.3072,16,0.22686943411827087,0.0,0.0,0.22686943411827087
2885,2.308,16,0.0738791674375534,0.0,0.0,0.0738791674375534
2886,2.3088,16,0.28407442569732666,0.0,0.0,0.28407442569732666
2887,2.3096,16,0.24810084700584412,0.0,0.0,0.24810084700584412
2888,2.3104,16,0.4491925835609436,0.0,0.0,0.4491925835609436
2889,2.3112,16,0.5692424774169922,0.0,0.0,0.5692424774169922
2890,2.312,16,0.459989070892334,0.0,0.0,0.459989070892334
2891,2.3128,16,0.30703359842300415,0.0,0.0,0.30703359842300415
2892,2.3136,16,0.21426749229431152,0.0,0.0,0.21426749229431152
2893,2.3144,16,0.22330184280872345,0.0,0.0,0.22330184280872345
2894,2.3152,16,0.37110045552253723,0.0,0.0,0.37110045552253723
2895,2.316,16,0.15301932394504547,0.0,0.0,0.15301932394504547
2896,2.3168,16,0.18953141570091248,0.0,0.0,0.18953141570091248
2897,2.3176,16,1.0300912857055664,0.0,0.0,1.0300912857055664
2898,2.3184,16,0.18996629118919373,0.0,0.0,0.18996629118919373
2899,2.3192,16,0.16003257036209106,0.0,0.0,0.16003257036209106
2900,2.32,16,0.1155797466635704,0.0,0.0,0.1155797466635704
2901,2.3208,16,0.18893757462501526,0.0,0.0,0.18893757462501526
2902,2.3216,16,0.19740276038646698,0.0,0.0,0.19740276038646698
2903,2.3224,16,0.6617292165756226,0.0,0.0,0.6617292165756226
2904,2.3232,16,0.522235631942749,0.0,0.0,0.522235631942749
2905,2.324,16,0.3115675747394562,0.0,0.0,0.3115675747394562
2906,2.3247999999999998,16,0.36463892459869385,0.0,0.0,0.36463892459869385
2907,2.3256,16,0.051078811287879944,0.0,0.0,0.051078811287879944
2908,2.3264,16,0.24533995985984802,0.0,0.0,0.24533995985984802
2909,2.3272,16,0.4951249957084656,0.0,0.0,0.4951249957084656
2910,2.328,16,0.43337613344192505,0.0,0.0,0.43337613344192505
2911,2.3288,16,0.19814777374267578,0.0,0.0,0.19814777374267578
2912,2.3296,16,0.3043091595172882,0.0,0.0,0.3043091595172882
2913,2.3304,16,0.2622551918029785,0.0,0.0,0.2622551918029785
2914,2.3312,16,0.3660997450351715,0.0,0.0,0.3660997450351715
2915,2.332,16,0.3888000249862671,0.0,0.0,0.3888000249862671
2916,2.3327999999999998,16,0.1190391555428505,0.0,0.0,0.1190391555428505
2917,2.3336,16,0.12559019029140472,0.0,0.0,0.12559019029140472
2918,2.3344,16,0.2546157240867615,0.0,0.0,0.2546157240867615
2919,2.3352,16,0.4059227406978607,0.0,0.0,0.4059227406978607
2920,2.336,16,0.5345749258995056,0.0,0.0,0.5345749258995056
2921,2.3368,16,0.2808234393596649,0.0,0.0,0.2808234393596649
2922,2.3376,16,0.17193543910980225,0.0,0.0,0.17193543910980225
2923,2.3384,16,0.20633769035339355,0.0,0.0,0.20633769035339355
2924,2.3392,16,0.34546345472335815,0.0,0.0,0.34546345472335815
2925,2.34,16,0.1961677223443985,0.0,0.0,0.1961677223443985
2926,2.3407999999999998,16,0.2936055660247803,0.0,0.0,0.2936055660247803
2927,2.3416,16,0.2942293584346771,0.0,0.0,0.2942293584346771
2928,2.3424,16,0.3244518041610718,0.0,0.0,0.3244518041610718
2929,2.3432,16,0.1608624905347824,0.0,0.0,0.1608624905347824
2930,2.344,16,0.10047832131385803,0.0,0.0,0.10047832131385803
2931,2.3448,16,0.10853824764490128,0.0,0.0,0.10853824764490128
2932,2.3456,16,0.22387948632240295,0.0,0.0,0.22387948632240295
2933,2.3464,16,0.11603512614965439,0.0,0.0,0.11603512614965439
2934,2.3472,16,0.47333160042762756,0.0,0.0,0.47333160042762756
2935,2.348,16,0.12255308032035828,0.0,0.0,0.12255308032035828
2936,2.3487999999999998,16,0.2722877562046051,0.0,0.0,0.2722877562046051
2937,2.3496,16,0.3611729145050049,0.0,0.0,0.3611729145050049
2938,2.3504,16,0.262106716632843,0.0,0.0,0.262106716632843
2939,2.3512,16,0.31041666865348816,0.0,0.0,0.31041666865348816
2940,2.352,16,0.43188995122909546,0.0,0.0,0.43188995122909546
2941,2.3528000000000002,16,0.4757845401763916,0.0,0.0,0.4757845401763916
2942,2.3536,16,0.3253171443939209,0.0,0.0,0.3253171443939209
2943,2.3544,16,0.36793628334999084,0.0,0.0,0.36793628334999084
2944,2.3552,16,0.22668176889419556,0.0,0.0,0.22668176889419556
2945,2.356,16,0.297131210565567,0.0,0.0,0.297131210565567
2946,2.3568,16,0.32123690843582153,0.0,0.0,0.32123690843582153
2947,2.3576,16,0.45848485827445984,0.0,0.0,0.45848485827445984
2948,2.3584,16,0.4262084662914276,0.0,0.0,0.4262084662914276
2949,2.3592,16,0.167802095413208,0.0,0.0,0.167802095413208
2950,2.36,16,0.504292368888855,0.0,0.0,0.504292368888855
2951,2.3608000000000002,16,0.44664743542671204,0.0,0.0,0.44664743542671204
2952,2.3616,16,0.09298446029424667,0.0,0.0,0.09298446029424667
2953,2.3624,16,0.3877616822719574,0.0,0.0,0.3877616822719574
2954,2.3632,16,0.25819405913352966,0.0,0.0,0.25819405913352966
2955,2.364,16,0.3497510552406311,0.0,0.0,0.3497510552406311
2956,2.3648,16,0.2452199012041092,0.0,0.0,0.2452199012041092
2957,2.3656,16,0.10098877549171448,0.0,0.0,0.10098877549171448
2958,2.3664,16,0.5745890736579895,0.0,0.0,0.5745890736579895
2959,2.3672,16,0.16300758719444275,0.0,0.0,0.16300758719444275
2960,2.368,16,0.14943918585777283,0.0,0.0,0.14943918585777283
2961,2.3688000000000002,16,0.8876526951789856,0.0,0.0,0.8876526951789856
2962,2.3696,16,0.71549391746521,0.0,0.0,0.71549391746521
2963,2.3704,16,0.43270760774612427,0.0,0.0,0.43270760774612427
2964,2.3712,16,0.14075766503810883,0.0,0.0,0.14075766503810883
2965,2.372,16,0.07664977014064789,0.0,0.0,0.07664977014064789
2966,2.3728,16,0.16388332843780518,0.0,0.0,0.16388332843780518
2967,2.3736,16,0.11202450096607208,0.0,0.0,0.11202450096607208
2968,2.3744,16,0.15452884137630463,0.0,0.0,0.15452884137630463
2969,2.3752,16,0.30756324529647827,0.0,0.0,0.30756324529647827
2970,2.376,16,0.24919240176677704,0.0,0.0,0.24919240176677704
2971,2.3768000000000002,16,0.41555070877075195,0.0,0.0,0.41555070877075195
2972,2.3776,16,0.15156757831573486,0.0,0.0,0.15156757831573486
2973,2.3784,16,0.07606438547372818,0.0,0.0,0.07606438547372818
2974,2.3792,16,0.2534203827381134,0.0,0.0,0.2534203827381134
2975,2.38,16,0.30224883556365967,0.0,0.0,0.30224883556365967
2976,2.3808,16,0.4715943932533264,0.0,0.0,0.4715943932533264
2977,2.3816,16,0.3222178518772125,0.0,0.0,0.3222178518772125
2978,2.3824,16,0.14986498653888702,0.0,0.0,0.14986498653888702
2979,2.3832,16,0.12302293628454208,0.0,0.0,0.12302293628454208
2980,2.384,16,0.10853739082813263,0.0,0.0,0.10853739082813263
2981,2.3848,16,0.20784352719783783,0.0,0.0,0.20784352719783783
2982,2.3856,16,0.3243067264556885,0.0,0.0,0.3243067264556885
2983,2.3864,16,0.13196173310279846,0.0,0.0,0.13196173310279846
2984,2.3872,16,0.105988509953022,0.0,0.0,0.105988509953022
2985,2.388,16,0.09562899172306061,0.0,0.0,0.09562899172306061
2986,2.3888,16,0.5382335782051086,0.0,0.0,0.5382335782051086
2987,2.3896,16,0.1881284862756729,0.0,0.0,0.1881284862756729
2988,2.3904,16,0.2888588607311249,0.0,0.0,0.2888588607311249
2989,2.3912,16,0.3747396469116211,0.0,0.0,0.3747396469116211
2990,2.392,16,0.3187607526779175,0.0,0.0,0.3187607526779175
2991,2.3928,16,0.20700985193252563,0.0,0.0,0.20700985193252563
2992,2.3936,16,0.24287444353103638,0.0,0.0,0.24287444353103638
2993,2.3944,16,0.4468323290348053,0.0,0.0,0.4468323290348053
2994,2.3952,16,0.21155595779418945,0.0,0.0,0.21155595779418945
2995,2.396,16,0.1913791298866272,0.0,0.0,0.1913791298866272
2996,2.3968,16,0.13937033712863922,0.0,0.0,0.13937033712863922
2997,2.3976,16,0.24469496309757233,0.0,0.0,0.24469496309757233
2998,2.3984,16,0.44277238845825195,0.0,0.0,0.44277238845825195
2999,2.3992,16,0.3523438274860382,0.0,0.0,0.3523438274860382
3000,2.4,16,0.29248541593551636,0.0,0.0,0.29248541593551636
3001,2.4008,16,0.20336057245731354,0.0,0.0,0.20336057245731354
3002,2.4016,16,0.33892184495925903,0.0,0.0,0.33892184495925903
3003,2.4024,16,0.13278496265411377,0.0,0.0,0.13278496265411377
3004,2.4032,16,0.14077690243721008,0.0,0.0,0.14077690243721008
3005,2.404,16,0.41421693563461304,0.0,0.0,0.41421693563461304
3006,2.4048,16,0.29055580496788025,0.0,0.0,0.29055580496788025
3007,2.4056,16,0.3145536482334137,0.0,0.0,0.3145536482334137
3008,2.4064,16,0.3781962990760803,0.0,0.0,0.3781962990760803
3009,2.4072,16,0.13588064908981323,0.0,0.0,0.13588064908981323
3010,2.408,16,0.22357161343097687,0.0,0.0,0.22357161343097687
3011,2.4088,16,0.11092633008956909,0.0,0.0,0.11092633008956909
3012,2.4096,16,0.4176097512245178,0.0,0.0,0.4176097512245178
3013,2.4104,16,0.43828314542770386,0.0,0.0,0.43828314542770386
3014,2.4112,16,0.19707201421260834,0.0,0.0,0.19707201421260834
3015,2.412,16,0.37440136075019836,0.0,0.0,0.37440136075019836
3016,2.4128,16,0.1731533259153366,0.0,0.0,0.1731533259153366
3017,2.4136,16,0.4071665108203888,0.0,0.0,0.4071665108203888
3018,2.4144,16,0.6030699014663696,0.0,0.0,0.6030699014663696
3019,2.4152,16,0.7337971925735474,0.0,0.0,0.7337971925735474
3020,2.416,16,0.1559758186340332,0.0,0.0,0.1559758186340332
3021,2.4168,16,0.2282460331916809,0.0,0.0,0.2282460331916809
3022,2.4176,16,0.24021950364112854,0.0,0.0,0.24021950364112854
3023,2.4184,16,0.2202199101448059,0.0,0.0,0.2202199101448059
3024,2.4192,16,0.2873128056526184,0.0,0.0,0.2873128056526184
3025,2.42,16,0.0852653831243515,0.0,0.0,0.0852653831243515
3026,2.4208,16,0.4765664041042328,0.0,0.0,0.4765664041042328
3027,2.4215999999999998,16,0.21041397750377655,0.0,0.0,0.21041397750377655
3028,2.4224,16,0.38076478242874146,0.0,0.0,0.38076478242874146
3029,2.4232,16,0.11749175190925598,0.0,0.0,0.11749175190925598
3030,2.424,16,0.2603587806224823,0.0,0.0,0.2603587806224823
3031,2.4248,16,0.20824860036373138,0.0,0.0,0.20824860036373138
3032,2.4256,16,0.08172695338726044,0.0,0.0,0.08172695338726044
3033,2.4264,16,0.49432650208473206,0.0,0.0,0.49432650208473206
3034,2.4272,16,0.12582387030124664,0.0,0.0,0.12582387030124664
3035,2.428,16,0.4172714650630951,0.0,0.0,0.4172714650630951
3036,2.4288,16,0.2103678584098816,0.0,0.0,0.2103678584098816
3037,2.4295999999999998,16,0.26664191484451294,0.0,0.0,0.26664191484451294
3038,2.4304,16,0.5014523863792419,0.0,0.0,0.5014523863792419
3039,2.4312,16,0.34249043464660645,0.0,0.0,0.34249043464660645
3040,2.432,16,0.3106333017349243,0.0,0.0,0.3106333017349243
3041,2.4328,16,0.19631962478160858,0.0,0.0,0.19631962478160858
3042,2.4336,16,0.2063458263874054,0.0,0.0,0.2063458263874054
3043,2.4344,16,0.3109591603279114,0.0,0.0,0.3109591603279114
3044,2.4352,16,0.09483440965414047,0.0,0.0,0.09483440965414047
3045,2.436,16,0.41697728633880615,0.0,0.0,0.41697728633880615
3046,2.4368,16,0.43137431144714355,0.0,0.0,0.43137431144714355
3047,2.4375999999999998,16,0.48798173666000366,0.0,0.0,0.48798173666000366
3048,2.4384,16,0.21883517503738403,0.0,0.0,0.21883517503738403
3049,2.4392,16,0.349693238735199,0.0,0.0,0.349693238735199
3050,2.44,16,0.07132484763860703,0.0,0.0,0.07132484763860703
3051,2.4408,16,0.2142118513584137,0.0,0.0,0.2142118513584137
3052,2.4416,16,0.0875738337635994,0.0,0.0,0.0875738337635994
3053,2.4424,16,0.2537073791027069,0.0,0.0,0.2537073791027069
3054,2.4432,16,0.09400903433561325,0.0,0.0,0.09400903433561325
3055,2.444,16,0.5269836187362671,0.0,0.0,0.5269836187362671
3056,2.4448,16,0.12270762771368027,0.0,0.0,0.12270762771368027
3057,2.4455999999999998,16,0.27324986457824707,0.0,0.0,0.27324986457824707
3058,2.4464,16,0.35707908868789673,0.0,0.0,0.35707908868789673
3059,2.4472,16,0.30763885378837585,0.0,0.0,0.30763885378837585
3060,2.448,16,0.4265468716621399,0.0,0.0,0.4265468716621399
3061,2.4488,16,0.356023371219635,0.0,0.0,0.356023371219635
3062,2.4496,16,0.49666887521743774,0.0,0.0,0.49666887521743774
3063,2.4504,16,0.4523353576660156,0.0,0.0,0.4523353576660156
3064,2.4512,16,0.2691614627838135,0.0,0.0,0.2691614627838135
3065,2.452,16,0.5606013536453247,0.0,0.0,0.5606013536453247
3066,2.4528,16,0.5193692445755005,0.0,0.0,0.5193692445755005
3067,2.4536,16,0.15491652488708496,0.0,0.0,0.15491652488708496
3068,2.4544,16,0.2025032490491867,0.0,0.0,0.2025032490491867
3069,2.4552,16,0.33313414454460144,0.0,0.0,0.33313414454460144
3070,2.456,16,0.7078182101249695,0.0,0.0,0.7078182101249695
3071,2.4568,16,0.3493141829967499,0.0,0.0,0.3493141829967499
3072,2.4576000000000002,16,0.18826135993003845,0.0,0.0,0.18826135993003845
3073,2.4584,16,0.16868320107460022,0.0,0.0,0.16868320107460022
3074,2.4592,16,0.41358113288879395,0.0,0.0,0.41358113288879395
3075,2.46,16,0.34250256419181824,0.0,0.0,0.34250256419181824
3076,2.4608,16,0.5387477874755859,0.0,0.0,0.5387477874755859
3077,2.4616,16,0.1209389790892601,0.0,0.0,0.1209389790892601
3078,2.4624,16,0.48749759793281555,0.0,0.0,0.48749759793281555
3079,2.4632,16,0.4807661175727844,0.0,0.0,0.4807661175727844
3080,2.464,16,0.25401583313941956,0.0,0.0,0.25401583313941956
3081,2.4648,16,0.3864021599292755,0.0,0.0,0.3864021599292755
3082,2.4656000000000002,16,0.33082854747772217,0.0,0.0,0.33082854747772217
3083,2.4664,16,0.5692908763885498,0.0,0.0,0.5692908763885498
3084,2.4672,16,0.14388331770896912,0.0,0.0,0.14388331770896912
3085,2.468,16,0.14177225530147552,0.0,0.0,0.14177225530147552
3086,2.4688,16,0.09149021655321121,0.0,0.0,0.09149021655321121
3087,2.4696,16,0.39738941192626953,0.0,0.0,0.39738941192626953
3088,2.4704,16,0.23580168187618256,0.0,0.0,0.23580168187618256
3089,2.4712,16,0.5156421661376953,0.0,0.0,0.5156421661376953
3090,2.472,16,0.24998009204864502,0.0,0.0,0.24998009204864502
3091,2.4728,16,0.39038196206092834,0.0,0.0,0.39038196206092834
3092,2.4736000000000002,16,0.20806249976158142,0.0,0.0,0.20806249976158142
3093,2.4744,16,0.2772505581378937,0.0,0.0,0.2772505581378937
3094,2.4752,16,0.4105704426765442,0.0,0.0,0.4105704426765442
3095,2.476,16,0.06358201801776886,0.0,0.0,0.06358201801776886
3096,2.4768,16,0.19746185839176178,0.0,0.0,0.19746185839176178
3097,2.4776,16,0.15794138610363007,0.0,0.0,0.15794138610363007
3098,2.4784,16,0.4405224025249481,0.0,0.0,0.4405224025249481
3099,2.4792,16,0.15375745296478271,0.0,0.0,0.15375745296478271
3100,2.48,16,0.19951559603214264,0.0,0.0,0.19951559603214264
3101,2.4808,16,0.08942855894565582,0.0,0.0,0.08942855894565582
3102,2.4816,16,0.1054612398147583,0.0,0.0,0.1054612398147583
3103,2.4824,16,0.12467453628778458,0.0,0.0,0.12467453628778458
3104,2.4832,16,0.16379031538963318,0.0,0.0,0.16379031538963318
3105,2.484,16,0.4204838275909424,0.0,0.0,0.4204838275909424
3106,2.4848,16,0.13967585563659668,0.0,0.0,0.13967585563659668
3107,2.4856,16,0.28200072050094604,0.0,0.0,0.28200072050094604
3108,2.4864,16,0.24013306200504303,0.0,0.0,0.24013306200504303
3109,2.4872,16,0.12746983766555786,0.0,0.0,0.12746983766555786
3110,2.488,16,0.10699422657489777,0.0,0.0,0.10699422657489777
3111,2.4888,16,0.2568458318710327,0.0,0.0,0.2568458318710327
3112,2.4896,16,0.5066784620285034,0.0,0.0,0.5066784620285034
3113,2.4904,16,0.27069684863090515,0.0,0.0,0.27069684863090515
3114,2.4912,16,0.31958916783332825,0.0,0.0,0.31958916783332825
3115,2.492,16,0.26910385489463806,0.0,0.0,0.26910385489463806
3116,2.4928,16,0.24940666556358337,0.0,0.0,0.24940666556358337
3117,2.4936,16,0.24439090490341187,0.0,0.0,0.24439090490341187
3118,2.4944,16,0.4336707592010498,0.0,0.0,0.4336707592010498
3119,2.4952,16,0.5235400199890137,0.0,0.0,0.5235400199890137
3120,2.496,16,0.3641120493412018,0.0,0.0,0.3641120493412018
3121,2.4968,16,0.18559466302394867,0.0,0.0,0.18559466302394867
3122,2.4976,16,0.19130907952785492,0.0,0.0,0.19130907952785492
3123,2.4984,16,0.42839333415031433,0.0,0.0,0.42839333415031433
3124,2.4992,16,0.15780681371688843,0.0,0.0,0.15780681371688843
3125,2.5,16,0.1459873616695404,0.0,0.0,0.1459873616695404
3126,2.5008,16,0.11719076335430145,0.0,0.0,0.11719076335430145
3127,2.5016,16,0.16423799097537994,0.0,0.0,0.16423799097537994
3128,2.5023999999999997,16,0.18129974603652954,0.0,0.0,0.18129974603652954
3129,2.5032,16,0.1921854019165039,0.0,0.0,0.1921854019165039
3130,2.504,16,0.08818481117486954,0.0,0.0,0.08818481117486954
3131,2.5048,16,0.359367311000824,0.0,0.0,0.359367311000824
3132,2.5056000000000003,16,0.15667593479156494,0.0,0.0,0.15667593479156494
3133,2.5064,16,0.2759779691696167,0.0,0.0,0.2759779691696167
3134,2.5072,16,0.676938533782959,0.0,0.0,0.676938533782959
3135,2.508,16,0.44306614995002747,0.0,0.0,0.44306614995002747
3136,2.5088,16,0.3740369975566864,0.0,0.0,0.3740369975566864
3137,2.5096,16,0.0661688819527626,0.0,0.0,0.0661688819527626
3138,2.5103999999999997,16,0.5977765321731567,0.0,0.0,0.5977765321731567
3139,2.5112,16,0.5291557312011719,0.0,0.0,0.5291557312011719
3140,2.512,16,0.3626842200756073,0.0,0.0,0.3626842200756073
3141,2.5128,16,0.23664246499538422,0.0,0.0,0.23664246499538422
3142,2.5136,16,0.179021954536438,0.0,0.0,0.179021954536438
3143,2.5144,16,0.16141779720783234,0.0,0.0,0.16141779720783234
3144,2.5152,16,0.26155799627304077,0.0,0.0,0.26155799627304077
3145,2.516,16,0.17146432399749756,0.0,0.0,0.17146432399749756
3146,2.5168,16,0.03521907702088356,0.0,0.0,0.03521907702088356
3147,2.5176,16,0.1749514639377594,0.0,0.0,0.1749514639377594
3148,2.5183999999999997,16,0.4793090224266052,0.0,0.0,0.4793090224266052
3149,2.5192,16,0.1696096956729889,0.0,0.0,0.1696096956729889
3150,2.52,16,0.13203613460063934,0.0,0.0,0.13203613460063934
3151,2.5208,16,0.12712077796459198,0.0,0.0,0.12712077796459198
3152,2.5216,16,0.3373696804046631,0.0,0.0,0.3373696804046631
3153,2.5224,16,0.4492841362953186,0.0,0.0,0.4492841362953186
3154,2.5232,16,0.538436233997345,0.0,0.0,0.538436233997345
3155,2.524,16,0.15188463032245636,0.0,0.0,0.15188463032245636
3156,2.5248,16,0.19243362545967102,0.0,0.0,0.19243362545967102
3157,2.5256,16,0.21990366280078888,0.0,0.0,0.21990366280078888
3158,2.5263999999999998,16,0.10689029097557068,0.0,0.0,0.10689029097557068
3159,2.5272,16,0.32066112756729126,0.0,0.0,0.32066112756729126
3160,2.528,16,0.44157662987709045,0.0,0.0,0.44157662987709045
3161,2.5288,16,0.17613664269447327,0.0,0.0,0.17613664269447327
3162,2.5296,16,0.4028867781162262,0.0,0.0,0.4028867781162262
3163,2.5304,16,0.11228154599666595,0.0,0.0,0.11228154599666595
3164,2.5312,16,0.07102928310632706,0.0,0.0,0.07102928310632706
3165,2.532,16,0.23794956505298615,0.0,0.0,0.23794956505298615
3166,2.5328,16,0.18797296285629272,0.0,0.0,0.18797296285629272
3167,2.5336,16,0.2286216765642166,0.0,0.0,0.2286216765642166
3168,2.5343999999999998,16,0.19452378153800964,0.0,0.0,0.19452378153800964
3169,2.5352,16,0.19235843420028687,0.0,0.0,0.19235843420028687
3170,2.536,16,0.3544260859489441,0.0,0.0,0.3544260859489441
3171,2.5368,16,0.3066178262233734,0.0,0.0,0.3066178262233734
3172,2.5376,16,0.20413780212402344,0.0,0.0,0.20413780212402344
3173,2.5384,16,0.17031186819076538,0.0,0.0,0.17031186819076538
3174,2.5392,16,0.06282983720302582,0.0,0.0,0.06282983720302582
3175,2.54,16,0.15716537833213806,0.0,0.0,0.15716537833213806
3176,2.5408,16,0.3670702874660492,0.0,0.0,0.3670702874660492
3177,2.5416,16,0.6493240594863892,0.0,0.0,0.6493240594863892
3178,2.5423999999999998,16,0.25618278980255127,0.0,0.0,0.25618278980255127
3179,2.5432,16,0.20232921838760376,0.0,0.0,0.20232921838760376
3180,2.544,16,0.1164831891655922,0.0,0.0,0.1164831891655922
3181,2.5448,16,0.3992016315460205,0.0,0.0,0.3992016315460205
3182,2.5456,16,0.3748660683631897,0.0,0.0,0.3748660683631897
3183,2.5464,16,0.10257275402545929,0.0,0.0,0.10257275402545929
3184,2.5472,16,0.16705240309238434,0.0,0.0,0.16705240309238434
3185,2.548,16,0.1980503648519516,0.0,0.0,0.1980503648519516
3186,2.5488,16,0.08586661517620087,0.0,0.0,0.08586661517620087
3187,2.5496,16,0.21112415194511414,0.0,0.0,0.21112415194511414
3188,2.5504,16,0.209074929356575,0.0,0.0,0.209074929356575
3189,2.5512,16,0.39134156703948975,0.0,0.0,0.39134156703948975
3190,2.552,16,0.1655237227678299,0.0,0.0,0.1655237227678299
3191,2.5528,16,0.08920228481292725,0.0,0.0,0.08920228481292725
3192,2.5536,16,0.21241812407970428,0.0,0.0,0.21241812407970428
3193,2.5544000000000002,16,0.13961969316005707,0.0,0.0,0.13961969316005707
3194,2.5552,16,0.19278526306152344,0.0,0.0,0.19278526306152344
3195,2.556,16,0.3507950007915497,0.0,0.0,0.3507950007915497
3196,2.5568,16,0.5948967933654785,0.0,0.0,0.5948967933654785
3197,2.5576,16,0.06290744990110397,0.0,0.0,0.06290744990110397
3198,2.5584,16,0.24783991277217865,0.0,0.0,0.24783991277217865
3199,2.5592,16,0.7448554039001465,0.0,0.0,0.7448554039001465
3200,2.56,16,0.09786178916692734,0.0,0.0,0.09786178916692734
3201,2.5608,16,0.3764493763446808,0.0,0.0,0.3764493763446808
3202,2.5616,16,0.250395804643631,0.0,0.0,0.250395804643631
3203,2.5624000000000002,16,0.4118703007698059,0.0,0.0,0.4118703007698059
3204,2.5632,16,0.3406497836112976,0.0,0.0,0.3406497836112976
3205,2.564,16,0.13076940178871155,0.0,0.0,0.13076940178871155
3206,2.5648,16,0.5357997417449951,0.0,0.0,0.5357997417449951
3207,2.5656,16,0.18298670649528503,0.0,0.0,0.18298670649528503
3208,2.5664,16,0.23712676763534546,0.0,0.0,0.23712676763534546
3209,2.5672,16,0.17703479528427124,0.0,0.0,0.17703479528427124
3210,2.568,16,0.22320324182510376,0.0,0.0,0.22320324182510376
3211,2.5688,16,0.2467801868915558,0.0,0.0,0.2467801868915558
3212,2.5696,16,0.3301898241043091,0.0,0.0,0.3301898241043091
3213,2.5704000000000002,16,0.10377445071935654,0.0,0.0,0.10377445071935654
3214,2.5712,16,0.5813004970550537,0.0,0.0,0.5813004970550537
3215,2.572,16,0.15673404932022095,0.0,0.0,0.15673404932022095
3216,2.5728,16,0.11747165024280548,0.0,0.0,0.11747165024280548
3217,2.5736,16,0.15166305005550385,0.0,0.0,0.15166305005550385
3218,2.5744,16,0.5459358096122742,0.0,0.0,0.5459358096122742
3219,2.5752,16,0.33909669518470764,0.0,0.0,0.33909669518470764
3220,2.576,16,0.45326298475265503,0.0,0.0,0.45326298475265503
3221,2.5768,16,0.4706917405128479,0.0,0.0,0.4706917405128479
3222,2.5776,16,0.3627315163612366,0.0,0.0,0.3627315163612366
3223,2.5784000000000002,16,0.10812876373529434,0.0,0.0,0.10812876373529434
3224,2.5792,16,0.28166747093200684,0.0,0.0,0.28166747093200684
3225,2.58,16,0.451600044965744,0.0,0.0,0.451600044965744
3226,2.5808,16,0.2855525612831116,0.0,0.0,0.2855525612831116
3227,2.5816,16,0.17770874500274658,0.0,0.0,0.17770874500274658
3228,2.5824,16,0.3181129992008209,0.0,0.0,0.3181129992008209
3229,2.5832,16,0.6832934617996216,0.0,0.0,0.6832934617996216
3230,2.584,16,0.24010902643203735,0.0,0.0,0.24010902643203735
3231,2.5848,16,0.24432271718978882,0.0,0.0,0.24432271718978882
3232,2.5856,16,0.19589030742645264,0.0,0.0,0.19589030742645264
3233,2.5864000000000003,16,0.582777738571167,0.0,0.0,0.582777738571167
3234,2.5872,16,0.14408868551254272,0.0,0.0,0.14408868551254272
3235,2.588,16,0.46690070629119873,0.0,0.0,0.46690070629119873
3236,2.5888,16,0.23414810001850128,0.0,0.0,0.23414810001850128
3237,2.5896,16,0.07949986308813095,0.0,0.0,0.07949986308813095
3238,2.5904,16,0.1745656579732895,0.0,0.0,0.1745656579732895
3239,2.5911999999999997,16,0.255962610244751,0.0,0.0,0.255962610244751
3240,2.592,16,0.2657729983329773,0.0,0.0,0.2657729983329773
3241,2.5928,16,0.3965512216091156,0.0,0.0,0.3965512216091156
3242,2.5936,16,0.2941223382949829,0.0,0.0,0.2941223382949829
3243,2.5944000000000003,16,0.12880755960941315,0.0,0.0,0.12880755960941315
3244,2.5952,16,0.6038035750389099,0.0,0.0,0.6038035750389099
3245,2.596,16,0.43093058466911316,0.0,0.0,0.43093058466911316
3246,2.5968,16,0.14511635899543762,0.0,0.0,0.14511635899543762
3247,2.5976,16,0.32624292373657227,0.0,0.0,0.32624292373657227
3248,2.5984,16,0.16177082061767578,0.0,0.0,0.16177082061767578
3249,2.5991999999999997,16,0.22142961621284485,0.0,0.0,0.22142961621284485
3250,2.6,16,0.48764553666114807,0.0,0.0,0.48764553666114807
3251,2.6008,16,0.48295068740844727,0.0,0.0,0.48295068740844727
3252,2.6016,16,0.5245040059089661,0.0,0.0,0.5245040059089661
3253,2.6024000000000003,16,0.290216326713562,0.0,0.0,0.290216326713562
3254,2.6032,16,0.22977426648139954,0.0,0.0,0.22977426648139954
3255,2.604,16,0.11638830602169037,0.0,0.0,0.11638830602169037
3256,2.6048,16,0.15729250013828278,0.0,0.0,0.15729250013828278
3257,2.6056,16,0.33806493878364563,0.0,0.0,0.33806493878364563
3258,2.6064,16,0.12212388962507248,0.0,0.0,0.12212388962507248
3259,2.6071999999999997,16,0.23671066761016846,0.0,0.0,0.23671066761016846
3260,2.608,16,0.2536088228225708,0.0,0.0,0.2536088228225708
3261,2.6088,16,0.3595655560493469,0.0,0.0,0.3595655560493469
3262,2.6096,16,0.5423886775970459,0.0,0.0,0.5423886775970459
3263,2.6104000000000003,16,0.3204995393753052,0.0,0.0,0.3204995393753052
3264,2.6112,16,0.2932668626308441,0.0,0.0,0.2932668626308441
3265,2.612,16,0.17268909513950348,0.0,0.0,0.17268909513950348
3266,2.6128,16,0.35613638162612915,0.0,0.0,0.35613638162612915
3267,2.6136,16,0.14955414831638336,0.0,0.0,0.14955414831638336
3268,2.6144,16,0.2334577888250351,0.0,0.0,0.2334577888250351
3269,2.6151999999999997,16,0.5322601795196533,0.0,0.0,0.5322601795196533
3270,2.616,16,0.2696171998977661,0.0,0.0,0.2696171998977661
3271,2.6168,16,0.2096642106771469,0.0,0.0,0.2096642106771469
3272,2.6176,16,0.23310285806655884,0.0,0.0,0.23310285806655884
3273,2.6184,16,0.34694522619247437,0.0,0.0,0.34694522619247437
3274,2.6192,16,0.18599586188793182,0.0,0.0,0.18599586188793182
3275,2.62,16,0.17791014909744263,0.0,0.0,0.17791014909744263
3276,2.6208,16,0.5977251529693604,0.0,0.0,0.5977251529693604
3277,2.6216,16,0.2107784003019333,0.0,0.0,0.2107784003019333
3278,2.6224,16,0.19543315470218658,0.0,0.0,0.19543315470218658
3279,2.6231999999999998,16,0.6853283047676086,0.0,0.0,0.6853283047676086
3280,2.624,16,0.22291120886802673,0.0,0.0,0.22291120886802673
3281,2.6248,16,0.16758409142494202,0.0,0.0,0.16758409142494202
3282,2.6256,16,0.09543409943580627,0.0,0.0,0.09543409943580627
3283,2.6264,16,0.445406973361969,0.0,0.0,0.445406973361969
3284,2.6272,16,0.052023641765117645,0.0,0.0,0.052023641765117645
3285,2.628,16,0.2502903938293457,0.0,0.0,0.2502903938293457
3286,2.6288,16,0.07515588402748108,0.0,0.0,0.07515588402748108
3287,2.6296,16,0.1261690855026245,0.0,0.0,0.1261690855026245
3288,2.6304,16,0.29661017656326294,0.0,0.0,0.29661017656326294
3289,2.6311999999999998,16,0.049642980098724365,0.0,0.0,0.049642980098724365
3290,2.632,16,0.08664527535438538,0.0,0.0,0.08664527535438538
3291,2.6328,16,0.43472376465797424,0.0,0.0,0.43472376465797424
3292,2.6336,16,0.19442281126976013,0.0,0.0,0.19442281126976013
3293,2.6344,16,0.3407439887523651,0.0,0.0,0.3407439887523651
3294,2.6352,16,0.05302326753735542,0.0,0.0,0.05302326753735542
3295,2.636,16,0.2546675503253937,0.0,0.0,0.2546675503253937
3296,2.6368,16,0.5106693506240845,0.0,0.0,0.5106693506240845
3297,2.6376,16,0.24730417132377625,0.0,0.0,0.24730417132377625
3298,2.6384,16,0.2867637276649475,0.0,0.0,0.2867637276649475
3299,2.6391999999999998,16,0.22282373905181885,0.0,0.0,0.22282373905181885
3300,2.64,16,0.1693098545074463,0.0,0.0,0.1693098545074463
3301,2.6408,16,0.3686796724796295,0.0,0.0,0.3686796724796295
3302,2.6416,16,0.23140837252140045,0.0,0.0,0.23140837252140045
3303,2.6424,16,0.4264850318431854,0.0,0.0,0.4264850318431854
3304,2.6432,16,0.17989543080329895,0.0,0.0,0.17989543080329895
3305,2.644,16,0.29822346568107605,0.0,0.0,0.29822346568107605
3306,2.6448,16,0.22232618927955627,0.0,0.0,0.22232618927955627
3307,2.6456,16,0.46044856309890747,0.0,0.0,0.46044856309890747
3308,2.6464,16,0.08017910271883011,0.0,0.0,0.08017910271883011
3309,2.6471999999999998,16,0.290738970041275,0.0,0.0,0.290738970041275
3310,2.648,16,0.5866826176643372,0.0,0.0,0.5866826176643372
3311,2.6488,16,0.06497782468795776,0.0,0.0,0.06497782468795776
3312,2.6496,16,0.3928194046020508,0.0,0.0,0.3928194046020508
3313,2.6504,16,0.11634573340415955,0.0,0.0,0.11634573340415955
3314,2.6512000000000002,16,0.10996068269014359,0.0,0.0,0.10996068269014359
3315,2.652,16,0.441933274269104,0.0,0.0,0.441933274269104
3316,2.6528,16,0.2596494257450104,0.0,0.0,0.2596494257450104
3317,2.6536,16,0.13650189340114594,0.0,0.0,0.13650189340114594
3318,2.6544,16,0.33997273445129395,0.0,0.0,0.33997273445129395
3319,2.6552,16,0.8144726753234863,0.0,0.0,0.8144726753234863
3320,2.656,16,0.07881354540586472,0.0,0.0,0.07881354540586472
3321,2.6568,16,0.18070727586746216,0.0,0.0,0.18070727586746216
3322,2.6576,16,0.1896151602268219,0.0,0.0,0.1896151602268219
3323,2.6584,16,0.41390591859817505,0.0,0.0,0.41390591859817505
3324,2.6592000000000002,16,0.3119397461414337,0.0,0.0,0.3119397461414337
3325,2.66,16,0.5428388118743896,0.0,0.0,0.5428388118743896
3326,2.6608,16,0.3863847851753235,0.0,0.0,0.3863847851753235
3327,2.6616,16,0.24755479395389557,0.0,0.0,0.24755479395389557
3328,2.6624,16,0.28409281373023987,0.0,0.0,0.28409281373023987
3329,2.6632,16,0.22302953898906708,0.0,0.0,0.22302953898906708
3330,2.664,16,0.3085440397262573,0.0,0.0,0.3085440397262573
3331,2.6648,16,0.20755180716514587,0.0,0.0,0.20755180716514587
3332,2.6656,16,0.0989932119846344,0.0,0.0,0.0989932119846344
3333,2.6664,16,0.6584947109222412,0.0,0.0,0.6584947109222412
3334,2.6672000000000002,16,0.2765898108482361,0.0,0.0,0.2765898108482361
3335,2.668,16,0.040010638535022736,0.0,0.0,0.040010638535022736
3336,2.6688,16,0.4823848605155945,0.0,0.0,0.4823848605155945
3337,2.6696,16,0.47717517614364624,0.0,0.0,0.47717517614364624
3338,2.6704,16,0.24898140132427216,0.0,0.0,0.24898140132427216
3339,2.6712,16,0.1663321554660797,0.0,0.0,0.1663321554660797
3340,2.672,16,0.15312081575393677,0.0,0.0,0.15312081575393677
3341,2.6728,16,0.3540627956390381,0.0,0.0,0.3540627956390381
3342,2.6736,16,0.12952913343906403,0.0,0.0,0.12952913343906403
3343,2.6744,16,0.8570538759231567,0.0,0.0,0.8570538759231567
3344,2.6752000000000002,16,0.643182635307312,0.0,0.0,0.643182635307312
3345,2.676,16,0.14669691026210785,0.0,0.0,0.14669691026210785
3346,2.6768,16,0.4809451699256897,0.0,0.0,0.4809451699256897
3347,2.6776,16,0.34347185492515564,0.0,0.0,0.34347185492515564
3348,2.6784,16,0.16971144080162048,0.0,0.0,0.16971144080162048
3349,2.6792,16,0.051263026893138885,0.0,0.0,0.051263026893138885
3350,2.68,16,0.6984832286834717,0.0,0.0,0.6984832286834717
3351,2.6808,16,0.674363911151886,0.0,0.0,0.674363911151886
3352,2.6816,16,0.38849306106567383,0.0,0.0,0.38849306106567383
3353,2.6824,16,0.2865293025970459,0.0,0.0,0.2865293025970459
3354,2.6832000000000003,16,0.12355838716030121,0.0,0.0,0.12355838716030121
3355,2.684,16,0.11246737837791443,0.0,0.0,0.11246737837791443
3356,2.6848,16,0.20258250832557678,0.0,0.0,0.20258250832557678
3357,2.6856,16,0.30955374240875244,0.0,0.0,0.30955374240875244
3358,2.6864,16,0.22046861052513123,0.0,0.0,0.22046861052513123
3359,2.6872,16,0.2473999708890915,0.0,0.0,0.2473999708890915
3360,2.6879999999999997,16,0.08027670532464981,0.0,0.0,0.08027670532464981
3361,2.6888,16,0.09020105004310608,0.0,0.0,0.09020105004310608
3362,2.6896,16,0.4967501759529114,0.0,0.0,0.4967501759529114
3363,2.6904,16,0.543780505657196,0.0,0.0,0.543780505657196
3364,2.6912000000000003,16,0.21484375,0.0,0.0,0.21484375
3365,2.692,16,0.047023240476846695,0.0,0.0,0.047023240476846695
3366,2.6928,16,0.4320330321788788,0.0,0.0,0.4320330321788788
3367,2.6936,16,0.28608810901641846,0.0,0.0,0.28608810901641846
3368,2.6944,16,0.5250909924507141,0.0,0.0,0.5250909924507141
3369,2.6952,16,0.25781702995300293,0.0,0.0,0.25781702995300293
3370,2.6959999999999997,16,0.3514120578765869,0.0,0.0,0.3514120578765869
3371,2.6968,16,0.2883647680282593,0.0,0.0,0.2883647680282593
3372,2.6976,16,0.19463731348514557,0.0,0.0,0.19463731348514557
3373,2.6984,16,0.2809717655181885,0.0,0.0,0.2809717655181885
3374,2.6992000000000003,16,0.2949819564819336,0.0,0.0,0.2949819564819336
3375,2.7,16,0.6743378639221191,0.0,0.0,0.6743378639221191
3376,2.7008,16,0.692142128944397,0.0,0.0,0.692142128944397
3377,2.7016,16,0.08377322554588318,0.0,0.0,0.08377322554588318
3378,2.7024,16,0.2364037036895752,0.0,0.0,0.2364037036895752
3379,2.7032,16,0.5023677349090576,0.0,0.0,0.5023677349090576
3380,2.7039999999999997,16,0.23826512694358826,0.0,0.0,0.23826512694358826
3381,2.7048,16,0.46620041131973267,0.0,0.0,0.46620041131973267
3382,2.7056,16,0.29230034351348877,0.0,0.0,0.29230034351348877
3383,2.7064,16,0.20630896091461182,0.0,0.0,0.20630896091461182
3384,2.7072000000000003,16,0.3967471718788147,0.0,0.0,0.3967471718788147
3385,2.708,16,0.45918864011764526,0.0,0.0,0.45918864011764526
3386,2.7088,16,0.15864305198192596,0.0,0.0,0.15864305198192596
3387,2.7096,16,0.26401782035827637,0.0,0.0,0.26401782035827637
3388,2.7104,16,0.16078093647956848,0.0,0.0,0.16078093647956848
3389,2.7112,16,0.5206462144851685,0.0,0.0,0.5206462144851685
3390,2.7119999999999997,16,0.31835490465164185,0.0,0.0,0.31835490465164185
3391,2.7128,16,0.3891753554344177,0.0,0.0,0.3891753554344177
3392,2.7136,16,0.20615975558757782,0.0,0.0,0.20615975558757782
3393,2.7144,16,0.19314320385456085,0.0,0.0,0.19314320385456085
3394,2.7152,16,0.11831120401620865,0.0,0.0,0.11831120401620865
3395,2.716,16,0.18953701853752136,0.0,0.0,0.18953701853752136
3396,2.7168,16,0.45831090211868286,0.0,0.0,0.45831090211868286
3397,2.7176,16,0.33210688829421997,0.0,0.0,0.33210688829421997
3398,2.7184,16,0.15053850412368774,0.0,0.0,0.15053850412368774
3399,2.7192,16,0.3087589144706726,0.0,0.0,0.3087589144706726
3400,2.7199999999999998,16,0.08514177799224854,0.0,0.0,0.08514177799224854
3401,2.7208,16,0.1697143018245697,0.0,0.0,0.1697143018245697
3402,2.7216,16,0.5099685192108154,0.0,0.0,0.5099685192108154
3403,2.7224,16,0.5074329376220703,0.0,0.0,0.5074329376220703
3404,2.7232,16,0.4453829526901245,0.0,0.0,0.4453829526901245
3405,2.724,16,0.05718054622411728,0.0,0.0,0.05718054622411728
3406,2.7248,16,0.2023775279521942,0.0,0.0,0.2023775279521942
3407,2.7256,16,0.3788604736328125,0.0,0.0,0.3788604736328125
3408,2.7264,16,0.382302850484848,0.0,0.0,0.382302850484848
3409,2.7272,16,0.19766995310783386,0.0,0.0,0.19766995310783386
3410,2.7279999999999998,16,0.34081441164016724,0.0,0.0,0.34081441164016724
3411,2.7288,16,0.21432805061340332,0.0,0.0,0.21432805061340332
3412,2.7296,16,0.1217857301235199,0.0,0.0,0.1217857301235199
3413,2.7304,16,0.3694516718387604,0.0,0.0,0.3694516718387604
3414,2.7312,16,0.2620646357536316,0.0,0.0,0.2620646357536316
3415,2.732,16,0.23131601512432098,0.0,0.0,0.23131601512432098
3416,2.7328,16,0.1818096786737442,0.0,0.0,0.1818096786737442
3417,2.7336,16,0.2627038061618805,0.0,0.0,0.2627038061618805
3418,2.7344,16,0.1404188722372055,0.0,0.0,0.1404188722372055
3419,2.7352,16,0.18029482662677765,0.0,0.0,0.18029482662677765
3420,2.7359999999999998,16,0.16679412126541138,0.0,0.0,0.16679412126541138
3421,2.7368,16,0.10373985767364502,0.0,0.0,0.10373985767364502
3422,2.7376,16,0.27367496490478516,0.0,0.0,0.27367496490478516
3423,2.7384,16,0.08270097523927689,0.0,0.0,0.08270097523927689
3424,2.7392,16,0.23809924721717834,0.0,0.0,0.23809924721717834
3425,2.74,16,0.1614849865436554,0.0,0.0,0.1614849865436554
3426,2.7408,16,0.13679832220077515,0.0,0.0,0.13679832220077515
3427,2.7416,16,0.3036503791809082,0.0,0.0,0.3036503791809082
3428,2.7424,16,0.10081902891397476,0.0,0.0,0.10081902891397476
3429,2.7432,16,0.14215914905071259,0.0,0.0,0.14215914905071259
3430,2.7439999999999998,16,0.2924889326095581,0.0,0.0,0.2924889326095581
3431,2.7448,16,0.4060530662536621,0.0,0.0,0.4060530662536621
3432,2.7456,16,0.18938934803009033,0.0,0.0,0.18938934803009033
3433,2.7464,16,0.2504255771636963,0.0,0.0,0.2504255771636963
3434,2.7472,16,0.3081772029399872,0.0,0.0,0.3081772029399872
3435,2.748,16,0.6917245984077454,0.0,0.0,0.6917245984077454
3436,2.7488,16,0.1854185163974762,0.0,0.0,0.1854185163974762
3437,2.7496,16,0.29876765608787537,0.0,0.0,0.29876765608787537
3438,2.7504,16,0.1302262842655182,0.0,0.0,0.1302262842655182
3439,2.7512,16,0.4555107057094574,0.0,0.0,0.4555107057094574
3440,2.752,16,0.5694312453269958,0.0,0.0,0.5694312453269958
3441,2.7528,16,0.3218322694301605,0.0,0.0,0.3218322694301605
3442,2.7536,16,0.15796488523483276,0.0,0.0,0.15796488523483276
3443,2.7544,16,0.26019829511642456,0.0,0.0,0.26019829511642456
3444,2.7552,16,0.39393287897109985,0.0,0.0,0.39393287897109985
3445,2.7560000000000002,16,0.27506452798843384,0.0,0.0,0.27506452798843384
3446,2.7568,16,0.24264393746852875,0.0,0.0,0.24264393746852875
3447,2.7576,16,0.0974528044462204,0.0,0.0,0.0974528044462204
3448,2.7584,16,0.30870893597602844,0.0,0.0,0.30870893597602844
3449,2.7592,16,0.4471556544303894,0.0,0.0,0.4471556544303894
3450,2.76,16,0.7210144996643066,0.0,0.0,0.7210144996643066
3451,2.7608,16,0.42629384994506836,0.0,0.0,0.42629384994506836
3452,2.7616,16,0.47675684094429016,0.0,0.0,0.47675684094429016
3453,2.7624,16,0.30955854058265686,0.0,0.0,0.30955854058265686
3454,2.7632,16,0.1659836769104004,0.0,0.0,0.1659836769104004
3455,2.7640000000000002,16,0.2761665880680084,0.0,0.0,0.2761665880680084
3456,2.7648,16,0.1330125480890274,0.0,0.0,0.1330125480890274
3457,2.7656,16,0.17662258446216583,0.0,0.0,0.17662258446216583
3458,2.7664,16,0.422071635723114,0.0,0.0,0.422071635723114
3459,2.7672,16,0.2513132393360138,0.0,0.0,0.2513132393360138
3460,2.768,16,0.23153142631053925,0.0,0.0,0.23153142631053925
3461,2.7688,16,0.23718899488449097,0.0,0.0,0.23718899488449097
3462,2.7696,16,0.11493192613124847,0.0,0.0,0.11493192613124847
3463,2.7704,16,0.22161492705345154,0.0,0.0,0.22161492705345154
3464,2.7712,16,0.17223361134529114,0.0,0.0,0.17223361134529114
3465,2.7720000000000002,16,0.22119128704071045,0.0,0.0,0.22119128704071045
3466,2.7728,16,0.4932175278663635,0.0,0.0,0.4932175278663635
3467,2.7736,16,0.14826051890850067,0.0,0.0,0.14826051890850067
3468,2.7744,16,0.31051167845726013,0.0,0.0,0.31051167845726013
3469,2.7752,16,0.09560172259807587,0.0,0.0,0.09560172259807587
3470,2.776,16,0.3660522997379303,0.0,0.0,0.3660522997379303
3471,2.7768,16,0.36380621790885925,0.0,0.0,0.36380621790885925
3472,2.7776,16,0.18192137777805328,0.0,0.0,0.18192137777805328
3473,2.7784,16,0.08693158626556396,0.0,0.0,0.08693158626556396
3474,2.7792,16,0.3489393889904022,0.0,0.0,0.3489393889904022
3475,2.7800000000000002,16,0.2543957233428955,0.0,0.0,0.2543957233428955
3476,2.7808,16,0.237062007188797,0.0,0.0,0.237062007188797
3477,2.7816,16,0.6339256763458252,0.0,0.0,0.6339256763458252
3478,2.7824,16,0.15876616537570953,0.0,0.0,0.15876616537570953
3479,2.7832,16,0.11437806487083435,0.0,0.0,0.11437806487083435
3480,2.784,16,0.4028264284133911,0.0,0.0,0.4028264284133911
3481,2.7848,16,0.3955904543399811,0.0,0.0,0.3955904543399811
3482,2.7856,16,0.28610020875930786,0.0,0.0,0.28610020875930786
3483,2.7864,16,0.2565602660179138,0.0,0.0,0.2565602660179138
3484,2.7872,16,0.35188525915145874,0.0,0.0,0.35188525915145874
3485,2.7880000000000003,16,0.1573837399482727,0.0,0.0,0.1573837399482727
3486,2.7888,16,0.33685463666915894,0.0,0.0,0.33685463666915894
3487,2.7896,16,0.17954392731189728,0.0,0.0,0.17954392731189728
3488,2.7904,16,0.3536732494831085,0.0,0.0,0.3536732494831085
3489,2.7912,16,0.3914957046508789,0.0,0.0,0.3914957046508789
3490,2.792,16,0.3677635192871094,0.0,0.0,0.3677635192871094
3491,2.7927999999999997,16,0.07578399777412415,0.0,0.0,0.07578399777412415
3492,2.7936,16,0.37451618909835815,0.0,0.0,0.37451618909835815
3493,2.7944,16,0.3713586628437042,0.0,0.0,0.3713586628437042
3494,2.7952,16,0.2364819049835205,0.0,0.0,0.2364819049835205
3495,2.7960000000000003,16,0.20965875685214996,0.0,0.0,0.20965875685214996
3496,2.7968,16,0.22120298445224762,0.0,0.0,0.22120298445224762
3497,2.7976,16,0.11028197407722473,0.0,0.0,0.11028197407722473
3498,2.7984,16,0.7221392393112183,0.0,0.0,0.7221392393112183
3499,2.7992,16,0.4042676091194153,0.0,0.0,0.4042676091194153
3500,2.8,16,0.07707692682743073,0.0,0.0,0.07707692682743073
3501,2.8007999999999997,16,0.03864741325378418,0.0,0.0,0.03864741325378418
3502,2.8016,16,0.19030866026878357,0.0,0.0,0.19030866026878357
3503,2.8024,16,0.063405841588974,0.0,0.0,0.063405841588974
3504,2.8032,16,0.26964253187179565,0.0,0.0,0.26964253187179565
3505,2.8040000000000003,16,0.1984991580247879,0.0,0.0,0.1984991580247879
3506,2.8048,16,0.22162245213985443,0.0,0.0,0.22162245213985443
3507,2.8056,16,0.37300968170166016,0.0,0.0,0.37300968170166016
3508,2.8064,16,0.2822568714618683,0.0,0.0,0.2822568714618683
3509,2.8072,16,0.2453705072402954,0.0,0.0,0.2453705072402954
3510,2.808,16,0.24149081110954285,0.0,0.0,0.24149081110954285
3511,2.8087999999999997,16,0.5157177448272705,0.0,0.0,0.5157177448272705
3512,2.8096,16,0.5496563911437988,0.0,0.0,0.5496563911437988
3513,2.8104,16,0.5191332101821899,0.0,0.0,0.5191332101821899
3514,2.8112,16,0.2565593123435974,0.0,0.0,0.2565593123435974
3515,2.8120000000000003,16,0.24313664436340332,0.0,0.0,0.24313664436340332
3516,2.8128,16,0.2407837063074112,0.0,0.0,0.2407837063074112
3517,2.8136,16,0.09737233817577362,0.0,0.0,0.09737233817577362
3518,2.8144,16,0.11908632516860962,0.0,0.0,0.11908632516860962
3519,2.8152,16,0.20075379312038422,0.0,0.0,0.20075379312038422
3520,2.816,16,0.041298240423202515,0.0,0.0,0.041298240423202515
3521,2.8167999999999997,16,0.17927604913711548,0.0,0.0,0.17927604913711548
3522,2.8176,16,0.16329547762870789,0.0,0.0,0.16329547762870789
3523,2.8184,16,0.22192087769508362,0.0,0.0,0.22192087769508362
3524,2.8192,16,0.28761768341064453,0.0,0.0,0.28761768341064453
3525,2.82,16,0.33875077962875366,0.0,0.0,0.33875077962875366
3526,2.8208,16,0.3151879906654358,0.0,0.0,0.3151879906654358
3527,2.8216,16,0.20151463150978088,0.0,0.0,0.20151463150978088
3528,2.8224,16,0.1848023235797882,0.0,0.0,0.1848023235797882
3529,2.8232,16,0.0616084560751915,0.0,0.0,0.0616084560751915
3530,2.824,16,0.14280220866203308,0.0,0.0,0.14280220866203308
3531,2.8247999999999998,16,0.26221248507499695,0.0,0.0,0.26221248507499695
3532,2.8256,16,0.14183978736400604,0.0,0.0,0.14183978736400604
3533,2.8264,16,0.34097394347190857,0.0,0.0,0.34097394347190857
3534,2.8272,16,0.2612638473510742,0.0,0.0,0.2612638473510742
3535,2.828,16,0.14610525965690613,0.0,0.0,0.14610525965690613
3536,2.8288,16,0.21031761169433594,0.0,0.0,0.21031761169433594
3537,2.8296,16,0.38570842146873474,0.0,0.0,0.38570842146873474
3538,2.8304,16,0.12768632173538208,0.0,0.0,0.12768632173538208
3539,2.8312,16,0.3416011333465576,0.0,0.0,0.3416011333465576
3540,2.832,16,0.17376530170440674,0.0,0.0,0.17376530170440674
3541,2.8327999999999998,16,0.0688195526599884,0.0,0.0,0.0688195526599884
3542,2.8336,16,0.11337311565876007,0.0,0.0,0.11337311565876007
3543,2.8344,16,0.18384073674678802,0.0,0.0,0.18384073674678802
3544,2.8352,16,0.08103448152542114,0.0,0.0,0.08103448152542114
3545,2.836,16,0.5784746408462524,0.0,0.0,0.5784746408462524
3546,2.8368,16,0.31293147802352905,0.0,0.0,0.31293147802352905
3547,2.8376,16,0.4292803406715393,0.0,0.0,0.4292803406715393
3548,2.8384,16,0.17934459447860718,0.0,0.0,0.17934459447860718
3549,2.8392,16,0.35377633571624756,0.0,0.0,0.35377633571624756
3550,2.84,16,0.21914006769657135,0.0,0.0,0.21914006769657135
3551,2.8407999999999998,16,0.41598623991012573,0.0,0.0,0.41598623991012573
3552,2.8416,16,0.21503996849060059,0.0,0.0,0.21503996849060059
3553,2.8424,16,0.6184982061386108,0.0,0.0,0.6184982061386108
3554,2.8432,16,0.1506616473197937,0.0,0.0,0.1506616473197937
3555,2.844,16,0.9513107538223267,0.0,0.0,0.9513107538223267
3556,2.8448,16,0.3699324131011963,0.0,0.0,0.3699324131011963
3557,2.8456,16,0.39474356174468994,0.0,0.0,0.39474356174468994
3558,2.8464,16,0.18517544865608215,0.0,0.0,0.18517544865608215
3559,2.8472,16,0.5161318778991699,0.0,0.0,0.5161318778991699
3560,2.848,16,0.14948071539402008,0.0,0.0,0.14948071539402008
3561,2.8487999999999998,16,0.18228837847709656,0.0,0.0,0.18228837847709656
3562,2.8496,16,0.28252720832824707,0.0,0.0,0.28252720832824707
3563,2.8504,16,0.3110094368457794,0.0,0.0,0.3110094368457794
3564,2.8512,16,0.717746376991272,0.0,0.0,0.717746376991272
3565,2.852,16,0.3334817886352539,0.0,0.0,0.3334817886352539
3566,2.8528000000000002,16,0.10203462839126587,0.0,0.0,0.10203462839126587
3567,2.8536,16,0.24927793443202972,0.0,0.0,0.24927793443202972
3568,2.8544,16,0.33046576380729675,0.0,0.0,0.33046576380729675
3569,2.8552,16,0.6034685969352722,0.0,0.0,0.6034685969352722
3570,2.856,16,0.18973377346992493,0.0,0.0,0.18973377346992493
3571,2.8568,16,0.28676655888557434,0.0,0.0,0.28676655888557434
3572,2.8576,16,0.4273620843887329,0.0,0.0,0.4273620843887329
3573,2.8584,16,0.33309900760650635,0.0,0.0,0.33309900760650635
3574,2.8592,16,0.033619001507759094,0.0,0.0,0.033619001507759094
3575,2.86,16,0.24602468311786652,0.0,0.0,0.24602468311786652
3576,2.8608000000000002,16,0.3139340579509735,0.0,0.0,0.3139340579509735
3577,2.8616,16,0.38557004928588867,0.0,0.0,0.38557004928588867
3578,2.8624,16,0.1597461849451065,0.0,0.0,0.1597461849451065
3579,2.8632,16,0.16947194933891296,0.0,0.0,0.16947194933891296
3580,2.864,16,0.4506235420703888,0.0,0.0,0.4506235420703888
3581,2.8648,16,0.14249122142791748,0.0,0.0,0.14249122142791748
3582,2.8656,16,0.18822817504405975,0.0,0.0,0.18822817504405975
3583,2.8664,16,0.15937434136867523,0.0,0.0,0.15937434136867523
3584,2.8672,16,0.2467888593673706,0.0,0.0,0.2467888593673706
3585,2.868,16,0.09751129895448685,0.0,0.0,0.09751129895448685
3586,2.8688000000000002,16,0.23389886319637299,0.0,0.0,0.23389886319637299
3587,2.8696,16,0.26532867550849915,0.0,0.0,0.26532867550849915
3588,2.8704,16,0.16036179661750793,0.0,0.0,0.16036179661750793
3589,2.8712,16,0.29411330819129944,0.0,0.0,0.29411330819129944
3590,2.872,16,0.40408533811569214,0.0,0.0,0.40408533811569214
3591,2.8728,16,0.35059404373168945,0.0,0.0,0.35059404373168945
3592,2.8736,16,0.2943423092365265,0.0,0.0,0.2943423092365265
3593,2.8744,16,0.20139180123806,0.0,0.0,0.20139180123806
3594,2.8752,16,0.08365409821271896,0.0,0.0,0.08365409821271896
3595,2.876,16,0.18943387269973755,0.0,0.0,0.18943387269973755
3596,2.8768000000000002,16,0.4076932668685913,0.0,0.0,0.4076932668685913
3597,2.8776,16,0.34624531865119934,0.0,0.0,0.34624531865119934
3598,2.8784,16,0.5522498488426208,0.0,0.0,0.5522498488426208
3599,2.8792,16,0.33366692066192627,0.0,0.0,0.33366692066192627
3600,2.88,16,0.11393635720014572,0.0,0.0,0.11393635720014572
3601,2.8808,16,0.35332366824150085,0.0,0.0,0.35332366824150085
3602,2.8816,16,0.29816168546676636,0.0,0.0,0.29816168546676636
3603,2.8824,16,0.22697629034519196,0.0,0.0,0.22697629034519196
3604,2.8832,16,0.5640854835510254,0.0,0.0,0.5640854835510254
3605,2.884,16,0.05789632350206375,0.0,0.0,0.05789632350206375
3606,2.8848000000000003,16,0.41804802417755127,0.0,0.0,0.41804802417755127
3607,2.8856,16,0.5127106308937073,0.0,0.0,0.5127106308937073
3608,2.8864,16,0.1279033124446869,0.0,0.0,0.1279033124446869
3609,2.8872,16,0.4138997793197632,0.0,0.0,0.4138997793197632
3610,2.888,16,0.4574187397956848,0.0,0.0,0.4574187397956848
3611,2.8888,16,0.2088511884212494,0.0,0.0,0.2088511884212494
3612,2.8895999999999997,16,0.6374483108520508,0.0,0.0,0.6374483108520508
3613,2.8904,16,0.4423503875732422,0.0,0.0,0.4423503875732422
3614,2.8912,16,0.2474670112133026,0.0,0.0,0.2474670112133026
3615,2.892,16,0.2679368555545807,0.0,0.0,0.2679368555545807
3616,2.8928000000000003,16,0.18038642406463623,0.0,0.0,0.18038642406463623
3617,2.8936,16,0.4072329103946686,0.0,0.0,0.4072329103946686
3618,2.8944,16,0.32241904735565186,0.0,0.0,0.32241904735565186
3619,2.8952,16,0.39800798892974854,0.0,0.0,0.39800798892974854
3620,2.896,16,0.4157654047012329,0.0,0.0,0.4157654047012329
3621,2.8968,16,0.16931581497192383,0.0,0.0,0.16931581497192383
3622,2.8975999999999997,16,0.2748156487941742,0.0,0.0,0.2748156487941742
3623,2.8984,16,0.12854856252670288,0.0,0.0,0.12854856252670288
3624,2.8992,16,0.34599369764328003,0.0,0.0,0.34599369764328003
3625,2.9,16,0.25470900535583496,0.0,0.0,0.25470900535583496
3626,2.9008000000000003,16,0.10744364559650421,0.0,0.0,0.10744364559650421
3627,2.9016,16,0.056364044547080994,0.0,0.0,0.056364044547080994
3628,2.9024,16,0.40826529264450073,0.0,0.0,0.40826529264450073
3629,2.9032,16,0.07047130912542343,0.0,0.0,0.07047130912542343
3630,2.904,16,0.3470965325832367,0.0,0.0,0.3470965325832367
3631,2.9048,16,0.36326828598976135,0.0,0.0,0.36326828598976135
3632,2.9055999999999997,16,0.3033083975315094,0.0,0.0,0.3033083975315094
3633,2.9064,16,0.26791906356811523,0.0,0.0,0.26791906356811523
3634,2.9072,16,0.2529456913471222,0.0,0.0,0.2529456913471222
3635,2.908,16,0.14454838633537292,0.0,0.0,0.14454838633537292
3636,2.9088000000000003,16,0.4562881588935852,0.0,0.0,0.4562881588935852
3637,2.9096,16,0.20047354698181152,0.0,0.0,0.20047354698181152
3638,2.9104,16,0.23922225832939148,0.0,0.0,0.23922225832939148
3639,2.9112,16,0.13783052563667297,0.0,0.0,0.13783052563667297
3640,2.912,16,0.3575577139854431,0.0,0.0,0.3575577139854431
3641,2.9128,16,0.24738013744354248,0.0,0.0,0.24738013744354248
3642,2.9135999999999997,16,0.07705917954444885,0.0,0.0,0.07705917954444885
3643,2.9144,16,0.42890337109565735,0.0,0.0,0.42890337109565735
3644,2.9152,16,0.09151773154735565,0.0,0.0,0.09151773154735565
3645,2.916,16,0.18680962920188904,0.0,0.0,0.18680962920188904
3646,2.9168,16,0.48211005330085754,0.0,0.0,0.48211005330085754
3647,2.9176,16,0.19915956258773804,0.0,0.0,0.19915956258773804
3648,2.9184,16,0.0971081554889679,0.0,0.0,0.0971081554889679
3649,2.9192,16,0.2944641709327698,0.0,0.0,0.2944641709327698
3650,2.92,16,0.38488683104515076,0.0,0.0,0.38488683104515076
3651,2.9208,16,0.21396587789058685,0.0,0.0,0.21396587789058685
3652,2.9215999999999998,16,0.2031574845314026,0.0,0.0,0.2031574845314026
3653,2.9224,16,0.21347081661224365,0.0,0.0,0.21347081661224365
3654,2.9232,16,0.1574283242225647,0.0,0.0,0.1574283242225647
3655,2.924,16,0.19376127421855927,0.0,0.0,0.19376127421855927
3656,2.9248,16,0.2681862413883209,0.0,0.0,0.2681862413883209
3657,2.9256,16,0.1798294633626938,0.0,0.0,0.1798294633626938
3658,2.9264,16,0.12691639363765717,0.0,0.0,0.12691639363765717
3659,2.9272,16,0.3175628185272217,0.0,0.0,0.3175628185272217
3660,2.928,16,0.4005257189273834,0.0,0.0,0.4005257189273834
3661,2.9288,16,0.4070299565792084,0.0,0.0,0.4070299565792084
3662,2.9295999999999998,16,0.35204270482063293,0.0,0.0,0.35204270482063293
3663,2.9304,16,0.42372965812683105,0.0,0.0,0.42372965812683105
3664,2.9312,16,0.1051638200879097,0.0,0.0,0.1051638200879097
3665,2.932,16,0.35060393810272217,0.0,0.0,0.35060393810272217
3666,2.9328,16,0.50876384973526,0.0,0.0,0.50876384973526
3667,2.9336,16,0.42762020230293274,0.0,0.0,0.42762020230293274
3668,2.9344,16,0.34897705912590027,0.0,0.0,0.34897705912590027
3669,2.9352,16,0.07136024534702301,0.0,0.0,0.07136024534702301
3670,2.936,16,0.24825139343738556,0.0,0.0,0.24825139343738556
3671,2.9368,16,0.05702773481607437,0.0,0.0,0.05702773481607437
3672,2.9375999999999998,16,0.18431195616722107,0.0,0.0,0.18431195616722107
3673,2.9384,16,0.2215007245540619,0.0,0.0,0.2215007245540619
3674,2.9392,16,0.24457818269729614,0.0,0.0,0.24457818269729614
3675,2.94,16,0.07913213968276978,0.0,0.0,0.07913213968276978
3676,2.9408,16,0.3198757767677307,0.0,0.0,0.3198757767677307
3677,2.9416,16,0.216964989900589,0.0,0.0,0.216964989900589
3678,2.9424,16,0.15341374278068542,0.0,0.0,0.15341374278068542
3679,2.9432,16,0.3315749168395996,0.0,0.0,0.3315749168395996
3680,2.944,16,0.14284619688987732,0.0,0.0,0.14284619688987732
3681,2.9448,16,0.07176189124584198,0.0,0.0,0.07176189124584198
3682,2.9455999999999998,16,0.0961952805519104,0.0,0.0,0.0961952805519104
3683,2.9464,16,0.2806262969970703,0.0,0.0,0.2806262969970703
3684,2.9472,16,0.39970192313194275,0.0,0.0,0.39970192313194275
3685,2.948,16,0.13027474284172058,0.0,0.0,0.13027474284172058
3686,2.9488,16,0.28377601504325867,0.0,0.0,0.28377601504325867
3687,2.9496,16,0.3079255223274231,0.0,0.0,0.3079255223274231
3688,2.9504,16,0.7007622718811035,0.0,0.0,0.7007622718811035
3689,2.9512,16,0.10637408494949341,0.0,0.0,0.10637408494949341
3690,2.952,16,0.1979667693376541,0.0,0.0,0.1979667693376541
3691,2.9528,16,0.3073909878730774,0.0,0.0,0.3073909878730774
3692,2.9536,16,0.3718993663787842,0.0,0.0,0.3718993663787842
3693,2.9544,16,0.25994354486465454,0.0,0.0,0.25994354486465454
3694,2.9552,16,0.1476745903491974,0.0,0.0,0.1476745903491974
3695,2.956,16,0.08844652026891708,0.0,0.0,0.08844652026891708
3696,2.9568,16,0.27201250195503235,0.0,0.0,0.27201250195503235
3697,2.9576000000000002,16,0.3162197768688202,0.0,0.0,0.3162197768688202
3698,2.9584,16,0.3080443739891052,0.0,0.0,0.3080443739891052
3699,2.9592,16,0.3343609571456909,0.0,0.0,0.3343609571456909
3700,2.96,16,0.15367691218852997,0.0,0.0,0.15367691218852997
3701,2.9608,16,0.27456068992614746,0.0,0.0,0.27456068992614746
3702,2.9616,16,0.4040136933326721,0.0,0.0,0.4040136933326721
3703,2.9624,16,0.15092700719833374,0.0,0.0,0.15092700719833374
3704,2.9632,16,0.11422178149223328,0.0,0.0,0.11422178149223328
3705,2.964,16,0.14977020025253296,0.0,0.0,0.14977020025253296
3706,2.9648,16,0.43569228053092957,0.0,0.0,0.43569228053092957
3707,2.9656000000000002,16,0.27522364258766174,0.0,0.0,0.27522364258766174
3708,2.9664,16,0.5005975365638733,0.0,0.0,0.5005975365638733
3709,2.9672,16,0.23679418861865997,0.0,0.0,0.23679418861865997
3710,2.968,16,0.4697881042957306,0.0,0.0,0.4697881042957306
3711,2.9688,16,0.18403704464435577,0.0,0.0,0.18403704464435577
3712,2.9696,16,0.046071283519268036,0.0,0.0,0.046071283519268036
3713,2.9704,16,0.20085665583610535,0.0,0.0,0.20085665583610535
3714,2.9712,16,0.17115753889083862,0.0,0.0,0.17115753889083862
3715,2.972,16,0.22499558329582214,0.0,0.0,0.22499558329582214
3716,2.9728,16,0.3611283302307129,0.0,0.0,0.3611283302307129
3717,2.9736000000000002,16,0.17334529757499695,0.0,0.0,0.17334529757499695
3718,2.9744,16,0.4309098720550537,0.0,0.0,0.4309098720550537
3719,2.9752,16,0.17561542987823486,0.0,0.0,0.17561542987823486
3720,2.976,16,0.2376338243484497,0.0,0.0,0.2376338243484497
3721,2.9768,16,0.1770797222852707,0.0,0.0,0.1770797222852707
3722,2.9776,16,0.2892311215400696,0.0,0.0,0.2892311215400696
3723,2.9784,16,0.32975706458091736,0.0,0.0,0.32975706458091736
3724,2.9792,16,0.23682862520217896,0.0,0.0,0.23682862520217896
3725,2.98,16,0.6352834701538086,0.0,0.0,0.6352834701538086
3726,2.9808,16,0.15097160637378693,0.0,0.0,0.15097160637378693
3727,2.9816000000000003,16,0.3849267065525055,0.0,0.0,0.3849267065525055
3728,2.9824,16,0.15861093997955322,0.0,0.0,0.15861093997955322
3729,2.9832,16,0.3161742091178894,0.0,0.0,0.3161742091178894
3730,2.984,16,0.35092130303382874,0.0,0.0,0.35092130303382874
3731,2.9848,16,0.1662081778049469,0.0,0.0,0.1662081778049469
3732,2.9856,16,0.11971914768218994,0.0,0.0,0.11971914768218994
3733,2.9864,16,0.4364911913871765,0.0,0.0,0.4364911913871765
3734,2.9872,16,0.39499032497406006,0.0,0.0,0.39499032497406006
3735,2.988,16,0.2969198226928711,0.0,0.0,0.2969198226928711
3736,2.9888,16,0.35919004678726196,0.0,0.0,0.35919004678726196
3737,2.9896000000000003,16,0.13770437240600586,0.0,0.0,0.13770437240600586
3738,2.9904,16,0.2241065353155136,0.0,0.0,0.2241065353155136
3739,2.9912,16,0.4447373151779175,0.0,0.0,0.4447373151779175
3740,2.992,16,0.1490647792816162,0.0,0.0,0.1490647792816162
3741,2.9928,16,0.2949332892894745,0.0,0.0,0.2949332892894745
3742,2.9936,16,0.13981422781944275,0.0,0.0,0.13981422781944275
3743,2.9943999999999997,16,0.3363070785999298,0.0,0.0,0.3363070785999298
3744,2.9952,16,0.5578113198280334,0.0,0.0,0.5578113198280334
3745,2.996,16,0.08047463744878769,0.0,0.0,0.08047463744878769
3746,2.9968,16,0.070724718272686,0.0,0.0,0.070724718272686
3747,2.9976000000000003,16,0.22629977762699127,0.0,0.0,0.22629977762699127
3748,2.9984,16,0.3988295793533325,0.0,0.0,0.3988295793533325
3749,2.9992,16,0.25659698247909546,0.0,0.0,0.25659698247909546
