step,epoch,samples,ce_loss,scl_loss,kl_loss,total_loss
0,0,16,0.7218444347381592,2.8481316566467285,0.0,1.2914707660675049
1,0.0008,16,0.6654834747314453,3.046110153198242,0.0,1.2747055292129517
2,0.0016,16,0.6931969523429871,2.750110626220703,0.0,1.2432191371917725
3,0.0024,16,0.6840035915374756,2.9854183197021484,0.0,1.2810872793197632
4,0.0032,16,0.6976084113121033,2.8110244274139404,0.0,1.2598133087158203
5,0.004,16,0.6921117305755615,2.9899051189422607,0.0,1.2900927066802979
6,0.0048,16,0.6677895188331604,2.8170337677001953,0.0,1.2311962842941284
7,0.0056,16,0.6738578677177429,2.8238701820373535,0.0,1.2386319637298584
8,0.0064,16,0.7021676898002625,2.820066452026367,0.0,1.2661809921264648
9,0.0072,16,0.7122989892959595,2.877770185470581,0.0,1.2878530025482178
10,0.008,16,0.6897802352905273,2.955326795578003,0.0,1.2808456420898438
11,0.0088,16,0.6942971348762512,2.882120370864868,0.0,1.270721197128296
12,0.0096,16,0.6655104756355286,2.8981950283050537,0.0,1.2451494932174683
13,0.0104,16,0.6685101985931396,2.9305577278137207,0.0,1.2546217441558838
14,0.0112,16,0.7032309770584106,3.061748504638672,0.0,1.3155806064605713
15,0.012,16,0.7091213464736938,2.885754346847534,0.0,1.2862722873687744
16,0.0128,16,0.6865849494934082,2.972489833831787,0.0,1.2810828685760498
17,0.0136,16,0.6623594164848328,2.899153709411621,0.0,1.2421901226043701
18,0.0144,16,0.6831796169281006,2.886824607849121,0.0,1.2605445384979248
19,0.0152,16,0.7147446870803833,2.9109110832214355,0.0,1.2969269752502441
20,0.016,16,0.6908712387084961,2.9049339294433594,0.0,1.2718579769134521
21,0.0168,16,0.7020397782325745,2.8951258659362793,0.0,1.2810649871826172
22,0.0176,16,0.6940850615501404,2.8958961963653564,0.0,1.2732642889022827
23,0.0184,16,0.6805821657180786,2.977236747741699,0.0,1.2760295867919922
24,0.0192,16,0.6859902143478394,3.0802061557769775,0.0,1.3020315170288086
25,0.02,16,0.7009606957435608,2.8283047676086426,0.0,1.2666215896606445
26,0.0208,16,0.7218062877655029,2.771427631378174,0.0,1.2760918140411377
27,0.0216,16,0.6782785654067993,2.871002197265625,0.0,1.252479076385498
28,0.0224,16,0.6697096228599548,2.7026710510253906,0.0,1.210243821144104
29,0.0232,16,0.6662957668304443,2.7833454608917236,0.0,1.222964882850647
30,0.024,16,0.6852277517318726,2.9062228202819824,0.0,1.266472339630127
31,0.0248,16,0.7047613263130188,2.8609886169433594,0.0,1.2769590616226196
32,0.0256,16,0.6661456823348999,2.8887202739715576,0.0,1.2438898086547852
33,0.0264,16,0.7038453221321106,2.926436185836792,0.0,1.2891325950622559
34,0.0272,16,0.6843635439872742,2.7996888160705566,0.0,1.2443013191223145
35,0.028,16,0.6909471750259399,2.928650379180908,0.0,1.2766772508621216
36,0.0288,16,0.6238048672676086,2.8684802055358887,0.0,1.1975009441375732
37,0.0296,16,0.7009031772613525,2.956505537033081,0.0,1.2922043800354004
38,0.0304,16,0.7190989255905151,2.884007453918457,0.0,1.2959003448486328
39,0.0312,16,0.6909763813018799,2.821303367614746,0.0,1.255237102508545
40,0.032,16,0.6763126850128174,2.945629596710205,0.0,1.2654385566711426
41,0.0328,16,0.6851633787155151,2.9208521842956543,0.0,1.269333839416504
42,0.0336,16,0.6836951375007629,2.869173526763916,0.0,1.257529854774475
43,0.0344,16,0.6809397339820862,2.897433280944824,0.0,1.26042640209198
44,0.0352,16,0.7132194638252258,2.860635757446289,0.0,1.2853466272354126
45,0.036,16,0.6765429973602295,2.857393264770508,0.0,1.2480216026306152
46,0.0368,16,0.6936054229736328,2.9559898376464844,0.0,1.2848033905029297
47,0.0376,16,0.6575344800949097,2.772697925567627,0.0,1.2120740413665771
48,0.0384,16,0.7010438442230225,2.8398923873901367,0.0,1.2690223455429077
49,0.0392,16,0.6785938739776611,2.8476123809814453,0.0,1.248116374015808
50,0.04,16,0.6669953465461731,2.8601646423339844,0.0,1.2390282154083252
51,0.0408,16,0.6854902505874634,2.926419734954834,0.0,1.2707741260528564
52,0.0416,16,0.6520272493362427,2.885751247406006,0.0,1.229177474975586
53,0.0424,16,0.705136775970459,2.823485851287842,0.0,1.269834041595459
54,0.0432,16,0.6734763979911804,2.857663154602051,0.0,1.2450090646743774
55,0.044,16,0.6825699210166931,2.9185738563537598,0.0,1.266284704208374
56,0.0448,16,0.676559329032898,2.774868965148926,0.0,1.2315330505371094
57,0.0456,16,0.6324272155761719,2.919017791748047,0.0,1.216230869293213
58,0.0464,16,0.6860679388046265,2.7876176834106445,0.0,1.243591547012329
59,0.0472,16,0.6446478366851807,2.832306385040283,0.0,1.2111091613769531
60,0.048,16,0.6876800656318665,2.8658692836761475,0.0,1.2608540058135986
61,0.0488,16,0.6830503344535828,2.889511823654175,0.0,1.2609527111053467
62,0.0496,16,0.6738409399986267,2.807119846343994,0.0,1.2352648973464966
63,0.0504,16,0.6799517869949341,2.7864177227020264,0.0,1.2372353076934814
64,0.0512,16,0.6665960550308228,2.8199100494384766,0.0,1.230578064918518
65,0.052,16,0.624676525592804,2.9271421432495117,0.0,1.2101049423217773
66,0.0528,16,0.6611268520355225,2.9176080226898193,0.0,1.2446484565734863
67,0.0536,16,0.6652060747146606,2.8351876735687256,0.0,1.232243537902832
68,0.0544,16,0.6118341684341431,2.758991241455078,0.0,1.1636323928833008
69,0.0552,16,0.6750757694244385,2.766484498977661,0.0,1.2283726930618286
70,0.056,16,0.6545745134353638,2.724987030029297,0.0,1.1995718479156494
71,0.0568,16,0.6801220178604126,2.7936553955078125,0.0,1.238853096961975
72,0.0576,16,0.641456127166748,2.6665098667144775,0.0,1.1747581958770752
73,0.0584,16,0.6557130813598633,2.814497470855713,0.0,1.2186126708984375
74,0.0592,16,0.6696610450744629,2.764085531234741,0.0,1.2224781513214111
75,0.06,16,0.6484668254852295,2.7746400833129883,0.0,1.203394889831543
76,0.0608,16,0.6619386672973633,2.8218560218811035,0.0,1.226309895515442
77,0.0616,16,0.6611177921295166,2.7464399337768555,0.0,1.2104058265686035
78,0.0624,16,0.6661393642425537,2.8459956645965576,0.0,1.2353384494781494
79,0.0632,16,0.6676627397537231,2.8005940914154053,0.0,1.2277815341949463
80,0.064,16,0.6647261381149292,2.7591114044189453,0.0,1.2165484428405762
81,0.0648,16,0.6716012358665466,2.609743118286133,0.0,1.1935498714447021
82,0.0656,16,0.684113621711731,2.824650764465332,0.0,1.2490437030792236
83,0.0664,16,0.685309112071991,2.792296886444092,0.0,1.2437684535980225
84,0.0672,16,0.6630027294158936,2.682586193084717,0.0,1.1995199918746948
85,0.068,16,0.6680538654327393,2.7971394062042236,0.0,1.2274818420410156
86,0.0688,16,0.6734855771064758,2.7449569702148438,0.0,1.2224769592285156
87,0.0696,16,0.618163526058197,2.5757851600646973,0.0,1.1333205699920654
88,0.0704,16,0.678519070148468,2.702291488647461,0.0,1.218977451324463
89,0.0712,16,0.6221527457237244,2.683769941329956,0.0,1.1589066982269287
90,0.072,16,0.6364140510559082,2.641144275665283,0.0,1.1646429300308228
91,0.0728,16,0.6206040382385254,2.583672523498535,0.0,1.137338638305664
92,0.0736,16,0.6652241945266724,2.819946765899658,0.0,1.2292134761810303
93,0.0744,16,0.6652505993843079,2.683642864227295,0.0,1.201979160308838
94,0.0752,16,0.6238843202590942,2.634427547454834,0.0,1.150769829750061
95,0.076,16,0.6152326464653015,2.7169816493988037,0.0,1.1586289405822754
96,0.0768,16,0.6456478238105774,2.684208869934082,0.0,1.1824896335601807
97,0.0776,16,0.6062565445899963,2.721865177154541,0.0,1.1506295204162598
98,0.0784,16,0.6423740983009338,2.8018083572387695,0.0,1.2027357816696167
99,0.0792,16,0.6014635562896729,2.6522088050842285,0.0,1.1319053173065186
100,0.08,16,0.6362130641937256,2.764847755432129,0.0,1.1891826391220093
101,0.0808,16,0.6487092971801758,2.7020440101623535,0.0,1.1891181468963623
102,0.0816,16,0.6114597916603088,2.686878204345703,0.0,1.1488354206085205
103,0.0824,16,0.606531023979187,2.489720582962036,0.0,1.1044751405715942
104,0.0832,16,0.6450283527374268,2.8797402381896973,0.0,1.2209763526916504
105,0.084,16,0.5670673847198486,2.604132652282715,0.0,1.0878939628601074
106,0.0848,16,0.571420431137085,2.5519587993621826,0.0,1.0818121433258057
107,0.0856,16,0.5756539702415466,2.5806217193603516,0.0,1.09177827835083
108,0.0864,16,0.6278782486915588,2.7237911224365234,0.0,1.1726365089416504
109,0.0872,16,0.5629962682723999,2.4888596534729004,0.0,1.0607682466506958
110,0.088,16,0.5393662452697754,2.5504584312438965,0.0,1.0494580268859863
111,0.0888,16,0.6066422462463379,2.655637264251709,0.0,1.1377696990966797
112,0.0896,16,0.5420684814453125,2.445559024810791,0.0,1.0311802625656128
113,0.0904,16,0.5376685261726379,2.4743309020996094,0.0,1.0325347185134888
114,0.0912,16,0.5414065718650818,2.8298001289367676,0.0,1.1073665618896484
115,0.092,16,0.5593236684799194,2.678617000579834,0.0,1.0950469970703125
116,0.0928,16,0.5404497385025024,2.5809426307678223,0.0,1.056638240814209
117,0.0936,16,0.4964945912361145,2.313037872314453,0.0,0.9591021537780762
118,0.0944,16,0.543505072593689,2.592941999435425,0.0,1.0620934963226318
119,0.0952,16,0.559109091758728,2.754695415496826,0.0,1.1100481748580933
120,0.096,16,0.517279863357544,2.489015817642212,0.0,1.0150830745697021
121,0.0968,16,0.5095282793045044,2.4898226261138916,0.0,1.0074927806854248
122,0.0976,16,0.5270407199859619,2.6568362712860107,0.0,1.0584080219268799
123,0.0984,16,0.4225791096687317,2.3128602504730225,0.0,0.8851511478424072
124,0.0992,16,0.4016190767288208,2.1368589401245117,0.0,0.8289908766746521
125,0.1,16,0.5229191780090332,2.654520034790039,0.0,1.0538232326507568
126,0.1008,16,0.5130307078361511,2.585970401763916,0.0,1.0302248001098633
127,0.1016,16,0.5175195336341858,2.816969394683838,0.0,1.0809134244918823
128,0.1024,16,0.46323782205581665,2.52451229095459,0.0,0.9681403040885925
129,0.1032,16,0.4053630232810974,2.5200324058532715,0.0,0.9093695282936096
130,0.104,16,0.41533225774765015,2.529714584350586,0.0,0.9212751984596252
131,0.1048,16,0.38488128781318665,2.6857166290283203,0.0,0.9220246076583862
132,0.1056,16,0.4228857755661011,2.348768711090088,0.0,0.8926395177841187
133,0.1064,16,0.4606179893016815,2.7478225231170654,0.0,1.010182499885559
134,0.1072,16,0.4434060752391815,2.478633403778076,0.0,0.9391327500343323
135,0.108,16,0.4044862389564514,2.510479211807251,0.0,0.9065821170806885
136,0.1088,16,0.4876207709312439,2.5495786666870117,0.0,0.9975365400314331
137,0.1096,16,0.36258476972579956,2.304452419281006,0.0,0.8234752416610718
138,0.1104,16,0.47477054595947266,2.780703544616699,0.0,1.0309112071990967
139,0.1112,16,0.30238234996795654,2.1500399112701416,0.0,0.7323903441429138
140,0.112,16,0.4908582270145416,3.2271337509155273,0.0,1.1362849473953247
141,0.1128,16,0.47983023524284363,2.652933120727539,0.0,1.010416865348816
142,0.1136,16,0.427276074886322,2.7025842666625977,0.0,0.9677929282188416
143,0.1144,16,0.4096372127532959,2.736255645751953,0.0,0.9568883776664734
144,0.1152,16,0.47109973430633545,2.691923141479492,0.0,1.0094842910766602
145,0.116,16,0.6486393213272095,3.29557466506958,0.0,1.3077542781829834
146,0.1168,16,0.5102767944335938,3.0157551765441895,0.0,1.1134278774261475
147,0.1176,16,0.5581047534942627,3.154954671859741,0.0,1.1890957355499268
148,0.1184,16,0.339539110660553,2.450951337814331,0.0,0.8297293782234192
149,0.1192,16,0.5216778516769409,3.211186170578003,0.0,1.1639151573181152
150,0.12,16,0.33268335461616516,2.5723328590393066,0.0,0.8471499681472778
151,0.1208,16,0.5357379913330078,2.9801480770111084,0.0,1.1317676305770874
152,0.1216,16,0.4294658899307251,2.7041120529174805,0.0,0.9702883362770081
153,0.1224,16,0.4363846480846405,2.728381633758545,0.0,0.9820610284805298
154,0.1232,16,0.3942330479621887,2.6354434490203857,0.0,0.9213217496871948
155,0.124,16,0.32720571756362915,2.404356002807617,0.0,0.8080769181251526
156,0.1248,16,0.5195968151092529,2.823359727859497,0.0,1.0842688083648682
157,0.1256,16,0.44808629155158997,2.864471673965454,0.0,1.0209805965423584
158,0.1264,16,0.5063599348068237,2.7978768348693848,0.0,1.0659353733062744
159,0.1272,16,0.2398158460855484,2.130943775177002,0.0,0.6660045981407166
160,0.128,16,0.44291597604751587,2.6574273109436035,0.0,0.9744014739990234
161,0.1288,16,0.3100886940956116,2.415769100189209,0.0,0.7932425141334534
162,0.1296,16,0.4104840159416199,2.827455997467041,0.0,0.9759752154350281
163,0.1304,16,0.47908997535705566,2.8746228218078613,0.0,1.0540145635604858
164,0.1312,16,0.35218101739883423,2.513874053955078,0.0,0.8549558520317078
165,0.132,16,0.4047137498855591,2.6907777786254883,0.0,0.9428693056106567
166,0.1328,16,0.26547420024871826,2.1854588985443115,0.0,0.7025660276412964
167,0.1336,16,0.5580912232398987,3.025684356689453,0.0,1.1632280349731445
168,0.1344,16,0.2890374958515167,2.2090277671813965,0.0,0.7308430671691895
169,0.1352,16,0.4766038954257965,2.7166848182678223,0.0,1.0199408531188965
170,0.136,16,0.27381187677383423,2.1611671447753906,0.0,0.7060452699661255
171,0.1368,16,0.36772045493125916,2.5044898986816406,0.0,0.8686184883117676
172,0.1376,16,0.33905303478240967,2.466979503631592,0.0,0.8324489593505859
173,0.1384,16,0.3022958040237427,2.307356595993042,0.0,0.7637671232223511
174,0.1392,16,0.2977326512336731,2.3480145931243896,0.0,0.7673355340957642
175,0.14,16,0.34676823019981384,2.4956517219543457,0.0,0.8458985686302185
176,0.1408,16,0.2573494613170624,2.3559141159057617,0.0,0.7285323143005371
177,0.1416,16,0.5465017557144165,2.8302738666534424,0.0,1.1125564575195312
178,0.1424,16,0.3191046118736267,2.4525537490844727,0.0,0.8096153736114502
179,0.1432,16,0.3875685930252075,2.7324090003967285,0.0,0.9340503811836243
180,0.144,16,0.30052030086517334,2.289438009262085,0.0,0.7584079504013062
181,0.1448,16,0.3244752287864685,2.857347249984741,0.0,0.8959447145462036
182,0.1456,16,0.4638878107070923,2.949206829071045,0.0,1.0537291765213013
183,0.1464,16,0.45171400904655457,3.4333152770996094,0.0,1.138377070426941
184,0.1472,16,0.29422885179519653,2.3360018730163574,0.0,0.7614291906356812
185,0.148,16,0.26724332571029663,2.487886428833008,0.0,0.7648205757141113
186,0.1488,16,0.41481202840805054,2.5891404151916504,0.0,0.9326401352882385
187,0.1496,16,0.35906654596328735,2.614806652069092,0.0,0.8820278644561768
188,0.1504,16,0.1843303143978119,2.0707144737243652,0.0,0.5984731912612915
189,0.1512,16,0.33859968185424805,2.657625913619995,0.0,0.870124876499176
190,0.152,16,0.2688766419887543,2.3672714233398438,0.0,0.7423309087753296
191,0.1528,16,0.37919920682907104,2.583268880844116,0.0,0.8958529829978943
192,0.1536,16,0.38943272829055786,2.471656322479248,0.0,0.8837640285491943
193,0.1544,16,0.2451368123292923,2.422635078430176,0.0,0.7296638488769531
194,0.1552,16,0.3300819396972656,2.438767910003662,0.0,0.8178355693817139
195,0.156,16,0.40295788645744324,2.581129312515259,0.0,0.9191837310791016
196,0.1568,16,0.3881755471229553,2.8229424953460693,0.0,0.9527640342712402
197,0.1576,16,0.15937043726444244,2.137141704559326,0.0,0.5867987871170044
198,0.1584,16,0.47737663984298706,2.981367588043213,0.0,1.0736501216888428
199,0.1592,16,0.24686983227729797,2.2919511795043945,0.0,0.7052600383758545
200,0.16,16,0.34859976172447205,2.8065133094787598,0.0,0.9099024534225464
201,0.1608,16,0.33114004135131836,2.5351479053497314,0.0,0.8381696343421936
202,0.1616,16,0.30287182331085205,2.4897921085357666,0.0,0.8008302450180054
203,0.1624,16,0.3062659204006195,2.509840250015259,0.0,0.8082339763641357
204,0.1632,16,0.3006291389465332,2.5485785007476807,0.0,0.8103448748588562
205,0.164,16,0.3375403583049774,2.4017741680145264,0.0,0.8178951740264893
206,0.1648,16,0.5187962055206299,2.8068795204162598,0.0,1.080172061920166
207,0.1656,16,0.5128853917121887,2.850602388381958,0.0,1.0830059051513672
208,0.1664,16,0.28367990255355835,2.2842583656311035,0.0,0.7405315637588501
209,0.1672,16,0.21082961559295654,2.1309006214141846,0.0,0.6370097398757935
210,0.168,16,0.44618314504623413,2.888082981109619,0.0,1.0237997770309448
211,0.1688,16,0.3149321675300598,2.4300293922424316,0.0,0.8009380102157593
212,0.1696,16,0.22704827785491943,2.255845069885254,0.0,0.6782172918319702
213,0.1704,16,0.49746114015579224,2.93147873878479,0.0,1.083756923675537
214,0.1712,16,0.2522515654563904,2.4345078468322754,0.0,0.7391531467437744
215,0.172,16,0.2735636532306671,2.415146589279175,0.0,0.7565929889678955
216,0.1728,16,0.3798760771751404,2.7841379642486572,0.0,0.9367036819458008
217,0.1736,16,0.3036000728607178,2.476733446121216,0.0,0.798946738243103
218,0.1744,16,0.3567444682121277,2.5537567138671875,0.0,0.8674958348274231
219,0.1752,16,0.2539685368537903,2.376732587814331,0.0,0.7293150424957275
220,0.176,16,0.3076949119567871,2.5344958305358887,0.0,0.8145940899848938
221,0.1768,16,0.4519016742706299,2.874722480773926,0.0,1.026846170425415
222,0.1776,16,0.1364985704421997,2.0714449882507324,0.0,0.5507875680923462
223,0.1784,16,0.27178019285202026,2.4249508380889893,0.0,0.7567703723907471
224,0.1792,16,0.44080522656440735,2.6807074546813965,0.0,0.9769467115402222
225,0.18,16,0.1430964171886444,2.0925986766815186,0.0,0.5616161823272705
226,0.1808,16,0.14881055057048798,2.127284526824951,0.0,0.5742674469947815
227,0.1816,16,0.3043302297592163,2.435819149017334,0.0,0.7914940714836121
228,0.1824,16,0.2804493308067322,2.5162973403930664,0.0,0.7837088108062744
229,0.1832,16,0.2295556515455246,2.330461025238037,0.0,0.6956478357315063
230,0.184,16,0.49900761246681213,3.0158796310424805,0.0,1.1021835803985596
231,0.1848,16,0.22239360213279724,2.3267159461975098,0.0,0.6877368092536926
232,0.1856,16,0.2716430127620697,2.5843684673309326,0.0,0.7885167598724365
233,0.1864,16,0.1252443790435791,2.141500473022461,0.0,0.5535445213317871
234,0.1872,16,0.16233575344085693,2.31766676902771,0.0,0.6258691549301147
235,0.188,16,0.4155527651309967,3.353637456893921,0.0,1.0862802267074585
236,0.1888,16,0.5003714561462402,3.2202839851379395,0.0,1.1444282531738281
237,0.1896,16,0.16791033744812012,2.309791326522827,0.0,0.6298686265945435
238,0.1904,16,0.10008957237005234,2.061418056488037,0.0,0.5123732089996338
239,0.1912,16,0.15987685322761536,2.3608994483947754,0.0,0.632056713104248
240,0.192,16,0.25804877281188965,2.4268040657043457,0.0,0.7434096336364746
241,0.1928,16,0.2504504323005676,2.608299493789673,0.0,0.7721103429794312
242,0.1936,16,0.2607465386390686,2.719156503677368,0.0,0.8045778274536133
243,0.1944,16,0.4659927487373352,3.0599184036254883,0.0,1.0779764652252197
244,0.1952,16,0.1518917679786682,2.225320339202881,0.0,0.5969558358192444
245,0.196,16,0.2883702516555786,2.456479072570801,0.0,0.7796660661697388
246,0.1968,16,0.2256343960762024,2.4130711555480957,0.0,0.7082486152648926
247,0.1976,16,0.49271124601364136,3.0920069217681885,0.0,1.1111125946044922
248,0.1984,16,0.28982043266296387,2.523782730102539,0.0,0.7945770025253296
249,0.1992,16,0.27599072456359863,2.6397929191589355,0.0,0.8039492964744568
250,0.2,16,0.36090487241744995,2.6397247314453125,0.0,0.8888498544692993
251,0.2008,16,0.3177646994590759,2.595179319381714,0.0,0.8368005752563477
252,0.2016,16,0.44162416458129883,2.635526418685913,0.0,0.9687294363975525
253,0.2024,16,0.2851007282733917,2.3581113815307617,0.0,0.7567230463027954
254,0.2032,16,0.47104018926620483,2.731668472290039,0.0,1.0173739194869995
255,0.204,16,0.4009864926338196,2.420787811279297,0.0,0.885144054889679
256,0.2048,16,0.6023992300033569,2.842012643814087,0.0,1.1708017587661743
257,0.2056,16,0.4361017346382141,2.7036774158477783,0.0,0.9768372178077698
258,0.2064,16,0.42547479271888733,2.696824550628662,0.0,0.9648396968841553
259,0.2072,16,0.30636629462242126,2.5551390647888184,0.0,0.8173941373825073
260,0.208,16,0.21371960639953613,2.2133660316467285,0.0,0.6563928127288818
261,0.2088,16,0.3925033509731293,2.467196464538574,0.0,0.8859426379203796
262,0.2096,16,0.36495405435562134,2.4737331867218018,0.0,0.8597006797790527
263,0.2104,16,0.4333122968673706,2.5886590480804443,0.0,0.9510441422462463
264,0.2112,16,0.40011197328567505,2.630445718765259,0.0,0.9262011051177979
265,0.212,16,0.4783584475517273,2.8087596893310547,0.0,1.0401103496551514
266,0.2128,16,0.2769966125488281,2.376030683517456,0.0,0.7522027492523193
267,0.2136,16,0.26823222637176514,2.447216510772705,0.0,0.7576755285263062
268,0.2144,16,0.3994516432285309,2.657571792602539,0.0,0.9309660196304321
269,0.2152,16,0.4600905478000641,2.7083358764648438,0.0,1.0017577409744263
270,0.216,16,0.49213796854019165,2.6716196537017822,0.0,1.0264618396759033
271,0.2168,16,0.32792413234710693,2.5610692501068115,0.0,0.8401380181312561
272,0.2176,16,0.19260363280773163,2.256741523742676,0.0,0.643951952457428
273,0.2184,16,0.1958027184009552,2.300920248031616,0.0,0.6559867858886719
274,0.2192,16,0.2730756998062134,2.5235486030578613,0.0,0.7777854204177856
275,0.22,16,0.5688034892082214,2.8007473945617676,0.0,1.128952980041504
276,0.2208,16,0.28111302852630615,2.4407613277435303,0.0,0.7692652940750122
277,0.2216,16,0.2896270751953125,2.4530692100524902,0.0,0.7802408933639526
278,0.2224,16,0.4562087655067444,2.736186981201172,0.0,1.003446102142334
279,0.2232,16,0.6530071496963501,2.922832727432251,0.0,1.2375736236572266
280,0.224,16,0.35484665632247925,2.5042240619659424,0.0,0.8556914925575256
281,0.2248,16,0.2617992162704468,2.185828685760498,0.0,0.6989649534225464
282,0.2256,16,0.37361907958984375,2.61503529548645,0.0,0.8966261744499207
283,0.2264,16,0.29540330171585083,2.5129199028015137,0.0,0.7979872822761536
284,0.2272,16,0.25955843925476074,2.4360620975494385,0.0,0.7467708587646484
285,0.228,16,0.3381344676017761,2.5185701847076416,0.0,0.8418484926223755
286,0.2288,16,0.32715198397636414,2.403975009918213,0.0,0.8079469799995422
287,0.2296,16,0.31821903586387634,2.576892137527466,0.0,0.8335974216461182
288,0.2304,16,0.18039709329605103,2.2423832416534424,0.0,0.6288737058639526
289,0.2312,16,0.3525555729866028,2.678443193435669,0.0,0.8882442116737366
290,0.232,16,0.23031958937644958,2.3062026500701904,0.0,0.6915601491928101
291,0.2328,16,0.17454257607460022,2.2271926403045654,0.0,0.6199811100959778
292,0.2336,16,0.3408755958080292,2.480287551879883,0.0,0.8369331359863281
293,0.2344,16,0.3119533061981201,2.4290671348571777,0.0,0.7977667450904846
294,0.2352,16,0.21700651943683624,2.391348361968994,0.0,0.6952762007713318
295,0.236,16,0.48523199558258057,2.7828891277313232,0.0,1.0418097972869873
296,0.2368,16,0.36536088585853577,2.4717442989349365,0.0,0.8597097396850586
297,0.2376,16,0.418989896774292,2.780790328979492,0.0,0.9751479625701904
298,0.2384,16,0.8032936453819275,2.940262794494629,0.0,1.3913462162017822
299,0.2392,16,0.25909554958343506,2.477653980255127,0.0,0.7546263933181763
300,0.24,16,0.4384227693080902,2.706104040145874,0.0,0.9796435832977295
301,0.2408,16,0.315382182598114,2.485966682434082,0.0,0.8125755190849304
302,0.2416,16,0.13929569721221924,2.1238393783569336,0.0,0.564063549041748
303,0.2424,16,0.23091259598731995,2.3851816654205322,0.0,0.7079489231109619
304,0.2432,16,0.1643178015947342,2.2194817066192627,0.0,0.6082141399383545
305,0.244,16,0.22014932334423065,2.3391213417053223,0.0,0.6879736185073853
306,0.2448,16,0.30604034662246704,2.4564597606658936,0.0,0.7973322868347168
307,0.2456,16,0.348328173160553,2.5385797023773193,0.0,0.8560441136360168
308,0.2464,16,0.1795194447040558,2.235008716583252,0.0,0.6265212297439575
309,0.2472,16,0.18356390297412872,2.2964110374450684,0.0,0.6428461074829102
310,0.248,16,0.41450023651123047,2.7542343139648438,0.0,0.9653471112251282
311,0.2488,16,0.37168264389038086,2.695101737976074,0.0,0.9107030034065247
312,0.2496,16,0.4355243742465973,2.7742295265197754,0.0,0.9903702735900879
313,0.2504,16,0.2919621765613556,2.554290771484375,0.0,0.8028203248977661
314,0.2512,16,0.23942726850509644,2.429046630859375,0.0,0.7252365946769714
315,0.252,16,0.42960894107818604,2.623542308807373,0.0,0.9543173909187317
316,0.2528,16,0.5969715118408203,2.81071138381958,0.0,1.159113883972168
317,0.2536,16,0.4204678535461426,2.5850305557250977,0.0,0.9374739527702332
318,0.2544,16,0.20879605412483215,2.274367094039917,0.0,0.6636694669723511
319,0.2552,16,0.323487788438797,2.53366756439209,0.0,0.8302212953567505
320,0.256,16,0.1840008944272995,2.270826578140259,0.0,0.6381661891937256
321,0.2568,16,0.4131012558937073,2.6020898818969727,0.0,0.9335192441940308
322,0.2576,16,0.29404494166374207,2.3092801570892334,0.0,0.7559009790420532
323,0.2584,16,0.2341332733631134,2.3331809043884277,0.0,0.7007694244384766
324,0.2592,16,0.5488934516906738,2.8032760620117188,0.0,1.1095486879348755
325,0.26,16,0.4563094973564148,2.697783946990967,0.0,0.9958662986755371
326,0.2608,16,0.2974909245967865,2.5060136318206787,0.0,0.7986936569213867
327,0.2616,16,0.40368932485580444,2.626254081726074,0.0,0.9289401769638062
328,0.2624,16,0.2411174178123474,2.358471393585205,0.0,0.7128117084503174
329,0.2632,16,0.1324310600757599,2.1400132179260254,0.0,0.5604337453842163
330,0.264,16,0.27497658133506775,2.4214892387390137,0.0,0.759274423122406
331,0.2648,16,0.20375987887382507,2.2802560329437256,0.0,0.6598110795021057
332,0.2656,16,0.7023397088050842,2.8411645889282227,0.0,1.2705726623535156
333,0.2664,16,0.4085676372051239,2.4396579265594482,0.0,0.8964992165565491
334,0.2672,16,0.11673948913812637,2.086325168609619,0.0,0.5340045094490051
335,0.268,16,0.20115722715854645,2.288750171661377,0.0,0.6589072942733765
336,0.2688,16,0.26023411750793457,2.4554052352905273,0.0,0.751315176486969
337,0.2696,16,0.12066664546728134,2.149156093597412,0.0,0.5504978895187378
338,0.2704,16,0.2836141288280487,2.5092620849609375,0.0,0.7854665517807007
339,0.2712,16,0.3294122517108917,2.7193565368652344,0.0,0.8732836246490479
340,0.272,16,0.2601836323738098,2.5022640228271484,0.0,0.7606364488601685
341,0.2728,16,0.3125617206096649,2.694674491882324,0.0,0.8514965772628784
342,0.2736,16,0.2648124098777771,2.3997316360473633,0.0,0.7447587251663208
343,0.2744,16,0.5164924263954163,2.776155948638916,0.0,1.0717236995697021
344,0.2752,16,0.24771644175052643,2.4531984329223633,0.0,0.7383561134338379
345,0.276,16,0.6053767800331116,3.0248072147369385,0.0,1.2103382349014282
346,0.2768,16,0.12310945987701416,2.163173198699951,0.0,0.5557441115379333
347,0.2776,16,0.646201491355896,3.0084357261657715,0.0,1.2478885650634766
348,0.2784,16,0.5752902030944824,2.9396326541900635,0.0,1.1632168292999268
349,0.2792,16,0.10266680270433426,2.102294445037842,0.0,0.5231257081031799
350,0.28,16,0.17733106017112732,2.2938601970672607,0.0,0.636103093624115
351,0.2808,16,0.5799853205680847,2.9253125190734863,0.0,1.1650478839874268
352,0.2816,16,0.18096663057804108,2.2864575386047363,0.0,0.638258159160614
353,0.2824,16,0.19803062081336975,2.251133441925049,0.0,0.648257315158844
354,0.2832,16,0.24206969141960144,2.350022315979004,0.0,0.7120741605758667
355,0.284,16,0.2193874567747116,2.3821048736572266,0.0,0.6958084106445312
356,0.2848,16,0.14641299843788147,2.2504501342773438,0.0,0.5965030193328857
357,0.2856,16,0.2991810441017151,2.526197671890259,0.0,0.8044205904006958
358,0.2864,16,0.47640132904052734,2.773845672607422,0.0,1.0311704874038696
359,0.2872,16,0.12301179021596909,2.165018320083618,0.0,0.5560154318809509
360,0.288,16,0.14035674929618835,2.273715019226074,0.0,0.5950997471809387
361,0.2888,16,0.2832891047000885,2.5418601036071777,0.0,0.7916611433029175
362,0.2896,16,0.2918713688850403,2.5563504695892334,0.0,0.8031414747238159
363,0.2904,16,0.3984466791152954,2.7938857078552246,0.0,0.9572238326072693
364,0.2912,16,0.11677711457014084,2.156805992126465,0.0,0.5481383204460144
365,0.292,16,0.1370241343975067,2.2209348678588867,0.0,0.5812110900878906
366,0.2928,16,0.36719805002212524,2.363635540008545,0.0,0.8399251699447632
367,0.2936,16,0.2434762716293335,2.3658945560455322,0.0,0.7166551947593689
368,0.2944,16,0.09629343450069427,2.150543212890625,0.0,0.5264020562171936
369,0.2952,16,0.3985227644443512,2.643275737762451,0.0,0.927177906036377
370,0.296,16,0.1738390028476715,2.307326316833496,0.0,0.6353042721748352
371,0.2968,16,0.47332125902175903,2.777704954147339,0.0,1.0288622379302979
372,0.2976,16,0.24732142686843872,2.4630017280578613,0.0,0.7399218082427979
373,0.2984,16,0.5397598147392273,2.943838119506836,0.0,1.1285274028778076
374,0.2992,16,0.26506274938583374,2.3440237045288086,0.0,0.7338675260543823
375,0.3,16,0.18333742022514343,2.3699257373809814,0.0,0.6573225855827332
376,0.3008,16,0.18773935735225677,2.3127448558807373,0.0,0.6502883434295654
377,0.3016,16,0.25562405586242676,2.4370336532592773,0.0,0.7430307865142822
378,0.3024,16,0.20036092400550842,2.3229684829711914,0.0,0.664954662322998
379,0.3032,16,0.26004981994628906,2.355741500854492,0.0,0.7311981320381165
380,0.304,16,0.2671095132827759,2.46342396736145,0.0,0.7597943544387817
381,0.3048,16,0.12910233438014984,2.1824097633361816,0.0,0.5655843019485474
382,0.3056,16,0.18581919372081757,2.2829480171203613,0.0,0.6424087882041931
383,0.3064,16,0.3235294818878174,2.6361184120178223,0.0,0.8507531881332397
384,0.3072,16,0.08665639162063599,2.127495288848877,0.0,0.5121554136276245
385,0.308,16,0.17409221827983856,2.322901487350464,0.0,0.6386725306510925
386,0.3088,16,0.7069750428199768,2.8749918937683105,0.0,1.2819733619689941
387,0.3096,16,0.1978045403957367,2.331624984741211,0.0,0.6641295552253723
388,0.3104,16,0.2825815677642822,2.4748921394348145,0.0,0.7775599956512451
389,0.3112,16,0.45534759759902954,2.6394662857055664,0.0,0.9832408428192139
390,0.312,16,0.47979891300201416,2.5775623321533203,0.0,0.9953113794326782
391,0.3128,16,0.18890480697155,2.312955379486084,0.0,0.6514958739280701
392,0.3136,16,0.19247813522815704,2.3457157611846924,0.0,0.6616212725639343
393,0.3144,16,0.16037039458751678,2.2429261207580566,0.0,0.6089556217193604
394,0.3152,16,0.22435808181762695,2.445497751235962,0.0,0.7134576439857483
395,0.316,16,0.28033795952796936,2.2960386276245117,0.0,0.7395457029342651
396,0.3168,16,0.2565765380859375,2.495621681213379,0.0,0.7557008862495422
397,0.3176,16,0.10068357735872269,2.1011576652526855,0.0,0.520915150642395
398,0.3184,16,0.21021203696727753,2.4471616744995117,0.0,0.6996443867683411
399,0.3192,16,0.4051808714866638,2.607008457183838,0.0,0.9265825748443604
400,0.32,16,0.2704424560070038,2.2674026489257812,0.0,0.7239229679107666
401,0.3208,16,0.19891145825386047,2.2290029525756836,0.0,0.6447120904922485
402,0.3216,16,0.09284580498933792,2.0832228660583496,0.0,0.5094903707504272
403,0.3224,16,0.6064857244491577,2.8007707595825195,0.0,1.166639804840088
404,0.3232,16,0.17977842688560486,2.309584140777588,0.0,0.6416952610015869
405,0.324,16,0.35790449380874634,2.667962074279785,0.0,0.8914968967437744
406,0.3248,16,0.3042101562023163,2.5225043296813965,0.0,0.808711051940918
407,0.3256,16,0.6702126264572144,2.927138328552246,0.0,1.2556402683258057
408,0.3264,16,0.3786001205444336,2.514796257019043,0.0,0.8815593719482422
409,0.3272,16,0.21968699991703033,2.3864798545837402,0.0,0.6969829797744751
410,0.328,16,0.3441576361656189,2.6189255714416504,0.0,0.867942750453949
411,0.3288,16,0.2987184226512909,2.5794248580932617,0.0,0.8146034479141235
412,0.3296,16,0.08611007034778595,2.1016478538513184,0.0,0.5064396262168884
413,0.3304,16,0.3473809063434601,2.5682904720306396,0.0,0.8610390424728394
414,0.3312,16,0.09178333729505539,2.124091625213623,0.0,0.5166016817092896
415,0.332,16,0.4876757562160492,2.6378846168518066,0.0,1.015252709388733
416,0.3328,16,0.36767029762268066,2.5812013149261475,0.0,0.883910596370697
417,0.3336,16,0.17623239755630493,2.2716331481933594,0.0,0.6305590271949768
418,0.3344,16,0.12125423550605774,2.2200841903686523,0.0,0.5652710795402527
419,0.3352,16,0.44250738620758057,2.6661617755889893,0.0,0.9757397770881653
420,0.336,16,0.23651111125946045,2.358443260192871,0.0,0.7081997394561768
421,0.3368,16,0.7444688677787781,2.8913114070892334,0.0,1.3227311372756958
422,0.3376,16,0.23994797468185425,2.3046374320983887,0.0,0.700875461101532
423,0.3384,16,0.13890120387077332,2.2336294651031494,0.0,0.5856270790100098
424,0.3392,16,0.23524782061576843,2.3263347148895264,0.0,0.7005147933959961
425,0.34,16,0.5526102781295776,2.7861504554748535,0.0,1.1098403930664062
426,0.3408,16,0.2388731688261032,2.3883328437805176,0.0,0.716539740562439
427,0.3416,16,0.14778274297714233,2.223874568939209,0.0,0.5925576686859131
428,0.3424,16,0.33363813161849976,2.4474682807922363,0.0,0.823131799697876
429,0.3432,16,0.21415534615516663,2.3019418716430664,0.0,0.6745437383651733
430,0.344,16,0.22239288687705994,2.3954973220825195,0.0,0.7014923691749573
431,0.3448,16,0.22992944717407227,2.2480342388153076,0.0,0.6795363426208496
432,0.3456,16,0.588026762008667,2.468311309814453,0.0,1.0816890001296997
433,0.3464,16,0.1550595760345459,2.2739481925964355,0.0,0.609849214553833
434,0.3472,16,0.19985461235046387,2.3238525390625,0.0,0.6646251678466797
435,0.348,16,0.06707455217838287,2.053905487060547,0.0,0.4778556823730469
436,0.3488,16,0.09215019643306732,2.1384642124176025,0.0,0.5198430418968201
437,0.3496,16,0.434562623500824,2.705287456512451,0.0,0.9756201505661011
438,0.3504,16,0.2844449579715729,2.2680721282958984,0.0,0.738059401512146
439,0.3512,16,0.24483641982078552,2.3768489360809326,0.0,0.7202062010765076
440,0.352,16,0.17494747042655945,2.275524139404297,0.0,0.6300523281097412
441,0.3528,16,0.2243136316537857,2.5121965408325195,0.0,0.7267529368400574
442,0.3536,16,0.2736234962940216,2.3276772499084473,0.0,0.7391589879989624
443,0.3544,16,0.10954416543245316,2.119037389755249,0.0,0.5333516597747803
444,0.3552,16,0.439194917678833,2.7045583724975586,0.0,0.9801065921783447
445,0.356,16,0.3629654049873352,2.785529136657715,0.0,0.9200712442398071
446,0.3568,16,0.40367284417152405,2.758744955062866,0.0,0.9554218053817749
447,0.3576,16,0.3582993745803833,2.559565544128418,0.0,0.8702124953269958
448,0.3584,16,0.745911717414856,2.804309844970703,0.0,1.3067736625671387
449,0.3592,16,0.3600628077983856,2.526057720184326,0.0,0.8652743101119995
450,0.36,16,0.13883034884929657,2.1639328002929688,0.0,0.5716168880462646
451,0.3608,16,0.05588506534695625,2.06715989112854,0.0,0.4693170487880707
452,0.3616,16,0.2248777449131012,2.411557674407959,0.0,0.7071893215179443
453,0.3624,16,0.5894174575805664,2.642085313796997,0.0,1.1178345680236816
454,0.3632,16,0.17929185926914215,2.386197566986084,0.0,0.6565313935279846
455,0.364,16,0.22745445370674133,2.1961450576782227,0.0,0.6666834354400635
456,0.3648,16,0.17628434300422668,2.1939749717712402,0.0,0.6150793433189392
457,0.3656,16,0.08187039196491241,2.0379602909088135,0.0,0.4894624352455139
458,0.3664,16,0.07930940389633179,2.1195287704467773,0.0,0.5032151937484741
459,0.3672,16,0.09608016908168793,2.1407883167266846,0.0,0.5242378115653992
460,0.368,16,0.08737121522426605,2.1115872859954834,0.0,0.509688675403595
461,0.3688,16,0.791252851486206,3.127686023712158,0.0,1.4167900085449219
462,0.3696,16,0.4818848967552185,2.9313457012176514,0.0,1.0681540966033936
463,0.3704,16,0.3170008063316345,2.5871706008911133,0.0,0.8344349265098572
464,0.3712,16,0.45199254155158997,2.5344488620758057,0.0,0.9588823318481445
465,0.372,16,0.5019304156303406,2.855377435684204,0.0,1.0730059146881104
466,0.3728,16,0.1949976682662964,2.3610637187957764,0.0,0.6672104597091675
467,0.3736,16,0.14553315937519073,2.218517780303955,0.0,0.5892367362976074
468,0.3744,16,0.27724194526672363,2.4959397315979004,0.0,0.7764298915863037
469,0.3752,16,0.32047808170318604,2.4170329570770264,0.0,0.8038846850395203
470,0.376,16,0.48423534631729126,2.8950486183166504,0.0,1.0632450580596924
471,0.3768,16,0.44183456897735596,2.644580841064453,0.0,0.9707507491111755
472,0.3776,16,0.3476661443710327,2.507178783416748,0.0,0.8491019010543823
473,0.3784,16,0.2709491550922394,2.4304256439208984,0.0,0.7570343017578125
474,0.3792,16,0.4300953149795532,2.6270413398742676,0.0,0.9555035829544067
475,0.38,16,0.2621475160121918,2.353362560272217,0.0,0.7328200340270996
476,0.3808,16,0.504080593585968,2.663747787475586,0.0,1.036830186843872
477,0.3816,16,0.4913889467716217,2.723109722137451,0.0,1.0360108613967896
478,0.3824,16,0.10443849861621857,2.1611084938049316,0.0,0.5366601943969727
479,0.3832,16,0.265239953994751,2.403115749359131,0.0,0.7458630800247192
480,0.384,16,0.5285162329673767,2.592318058013916,0.0,1.0469799041748047
481,0.3848,16,0.20541194081306458,2.334170341491699,0.0,0.672245979309082
482,0.3856,16,0.274052232503891,2.3009488582611084,0.0,0.7342420220375061
483,0.3864,16,0.3853636384010315,2.5702261924743652,0.0,0.8994088768959045
484,0.3872,16,0.15726163983345032,2.231003522872925,0.0,0.6034623384475708
485,0.388,16,0.22281494736671448,2.3711416721343994,0.0,0.6970432996749878
486,0.3888,16,0.22693252563476562,2.462913990020752,0.0,0.719515323638916
487,0.3896,16,0.1670893132686615,2.1875362396240234,0.0,0.6045965552330017
488,0.3904,16,0.4305065870285034,2.621778964996338,0.0,0.9548624157905579
489,0.3912,16,0.1790211796760559,2.277635097503662,0.0,0.6345481872558594
490,0.392,16,0.19026967883110046,2.3072052001953125,0.0,0.6517107486724854
491,0.3928,16,0.30190545320510864,2.438704013824463,0.0,0.7896462678909302
492,0.3936,16,0.2827298045158386,2.4528555870056152,0.0,0.7733008861541748
493,0.3944,16,0.35596829652786255,2.556703567504883,0.0,0.867309033870697
494,0.3952,16,0.15750907361507416,2.311680316925049,0.0,0.6198451519012451
495,0.396,16,0.43087801337242126,2.712545871734619,0.0,0.9733872413635254
496,0.3968,16,0.149206280708313,2.215569019317627,0.0,0.5923200845718384
497,0.3976,16,0.27936580777168274,2.454213857650757,0.0,0.7702085971832275
498,0.3984,16,0.13112188875675201,2.1357712745666504,0.0,0.5582761764526367
499,0.3992,16,0.2690849304199219,2.539093494415283,0.0,0.7769036293029785
500,0.4,16,0.4671172797679901,2.689908504486084,0.0,1.0050989389419556
501,0.4008,16,0.3661867678165436,2.5845863819122314,0.0,0.8831040859222412
502,0.4016,16,0.1922089159488678,2.3201212882995605,0.0,0.6562331914901733
503,0.4024,16,0.2287636548280716,2.4139695167541504,0.0,0.7115575671195984
504,0.4032,16,0.14285525679588318,2.2015247344970703,0.0,0.5831602215766907
505,0.404,16,0.31646615266799927,2.530186414718628,0.0,0.8225034475326538
506,0.4048,16,0.3705138564109802,2.6267499923706055,0.0,0.8958638906478882
507,0.4056,16,0.2969876527786255,2.5304386615753174,0.0,0.80307537317276
508,0.4064,16,0.27171462774276733,2.449849843978882,0.0,0.7616845965385437
509,0.4072,16,0.24939441680908203,2.409116744995117,0.0,0.7312177419662476
510,0.408,16,0.35796740651130676,2.5306124687194824,0.0,0.8640899658203125
511,0.4088,16,0.16339106857776642,2.2762153148651123,0.0,0.6186341643333435
512,0.4096,16,0.0613555870950222,2.0714633464813232,0.0,0.47564825415611267
513,0.4104,16,0.1905270367860794,2.321276903152466,0.0,0.6547824144363403
514,0.4112,16,0.1532844603061676,2.3173604011535645,0.0,0.6167565584182739
515,0.412,16,0.16939741373062134,2.292725086212158,0.0,0.6279424428939819
516,0.4128,16,0.19869327545166016,2.284134864807129,0.0,0.6555202603340149
517,0.4136,16,0.2669384777545929,2.484727621078491,0.0,0.7638840079307556
518,0.4144,16,0.9348862171173096,3.220722198486328,0.0,1.5790307521820068
519,0.4152,16,0.15768539905548096,2.274625778198242,0.0,0.6126105785369873
520,0.416,16,0.26439380645751953,2.4777579307556152,0.0,0.7599453926086426
521,0.4168,16,0.32732030749320984,2.5647406578063965,0.0,0.8402684926986694
522,0.4176,16,0.3149896264076233,2.4339284896850586,0.0,0.801775336265564
523,0.4184,16,0.06382083892822266,2.1114721298217773,0.0,0.4861152768135071
524,0.4192,16,0.0515686497092247,2.0719876289367676,0.0,0.46596619486808777
525,0.42,16,0.0981578454375267,2.1749141216278076,0.0,0.5331406593322754
526,0.4208,16,0.1887603998184204,2.3113853931427,0.0,0.6510374546051025
527,0.4216,16,0.05096976086497307,2.078545093536377,0.0,0.46667876839637756
528,0.4224,16,0.17660999298095703,2.2755966186523438,0.0,0.6317293643951416
529,0.4232,16,0.087384432554245,2.150421142578125,0.0,0.5174686908721924
530,0.424,16,0.1622718870639801,2.275869607925415,0.0,0.6174458265304565
531,0.4248,16,0.15445685386657715,2.33964204788208,0.0,0.6223852634429932
532,0.4256,16,0.2674328088760376,2.487177610397339,0.0,0.7648683786392212
533,0.4264,16,0.28209203481674194,2.4958724975585938,0.0,0.7812665700912476
534,0.4272,16,0.34573978185653687,2.562589168548584,0.0,0.8582576513290405
535,0.428,16,0.19944962859153748,2.4019296169281006,0.0,0.6798355579376221
536,0.4288,16,0.02195120044052601,1.9743456840515137,0.0,0.41682034730911255
537,0.4296,16,0.4995279312133789,3.0709285736083984,0.0,1.1137137413024902
538,0.4304,16,0.12160608172416687,2.1927759647369385,0.0,0.560161292552948
539,0.4312,16,0.4324936270713806,2.769376754760742,0.0,0.9863690137863159
540,0.432,16,0.6020532846450806,2.957200050354004,0.0,1.193493366241455
541,0.4328,16,0.22051844000816345,2.3846771717071533,0.0,0.6974538564682007
542,0.4336,16,0.07333768904209137,2.1115617752075195,0.0,0.495650053024292
543,0.4344,16,0.06934646517038345,2.1027565002441406,0.0,0.489897757768631
544,0.4352,16,0.4294582009315491,2.7879536151885986,0.0,0.9870489239692688
545,0.436,16,0.04655500128865242,2.0596847534179688,0.0,0.4584919810295105
546,0.4368,16,0.1960621178150177,2.397531270980835,0.0,0.6755683422088623
547,0.4376,16,0.6840457320213318,3.0671803951263428,0.0,1.2974817752838135
548,0.4384,16,0.3604586124420166,2.667904853820801,0.0,0.8940395712852478
549,0.4392,16,0.7140091061592102,3.071361780166626,0.0,1.3282814025878906
550,0.44,16,0.8655962944030762,3.119323253631592,0.0,1.4894609451293945
551,0.4408,16,0.37507104873657227,2.401103973388672,0.0,0.8552918434143066
552,0.4416,16,0.6114499568939209,2.7440383434295654,0.0,1.1602575778961182
553,0.4424,16,0.2618180513381958,2.3585519790649414,0.0,0.7335284948348999
554,0.4432,16,0.2358943223953247,2.396270990371704,0.0,0.7151485681533813
555,0.444,16,0.3788273334503174,2.5779314041137695,0.0,0.8944136500358582
556,0.4448,16,0.26638954877853394,2.4732680320739746,0.0,0.7610431909561157
557,0.4456,16,0.3443298637866974,2.526505470275879,0.0,0.8496309518814087
558,0.4464,16,0.23023447394371033,2.3842103481292725,0.0,0.7070765495300293
559,0.4472,16,0.33763307332992554,2.3973636627197266,0.0,0.817105770111084
560,0.448,16,0.3886524438858032,2.537200450897217,0.0,0.8960925340652466
561,0.4488,16,0.3335745334625244,2.388399839401245,0.0,0.8112545013427734
562,0.4496,16,0.2461804747581482,2.3218812942504883,0.0,0.7105567455291748
563,0.4504,16,0.20443612337112427,2.3477721214294434,0.0,0.6739905476570129
564,0.4512,16,0.556847095489502,2.7023401260375977,0.0,1.0973150730133057
565,0.452,16,0.21649008989334106,2.2265191078186035,0.0,0.6617939472198486
566,0.4528,16,0.18757396936416626,2.1722686290740967,0.0,0.6220276951789856
567,0.4536,16,0.3727256655693054,2.3052287101745605,0.0,0.8337714076042175
568,0.4544,16,0.22973749041557312,2.2661094665527344,0.0,0.6829593777656555
569,0.4552,16,0.11219673603773117,2.1877572536468506,0.0,0.5497481822967529
570,0.456,16,0.12332910299301147,2.205687999725342,0.0,0.5644667148590088
571,0.4568,16,0.22407633066177368,2.3944849967956543,0.0,0.7029733657836914
572,0.4576,16,0.17029976844787598,2.310436725616455,0.0,0.6323871612548828
573,0.4584,16,0.42514729499816895,2.7357001304626465,0.0,0.9722873568534851
574,0.4592,16,0.4808659553527832,2.5744247436523438,0.0,0.995750904083252
575,0.46,16,0.24456271529197693,2.3285863399505615,0.0,0.7102800011634827
576,0.4608,16,0.5212219953536987,2.5573880672454834,0.0,1.0326995849609375
577,0.4616,16,0.5483035445213318,2.5656957626342773,0.0,1.0614427328109741
578,0.4624,16,0.41710615158081055,2.637284755706787,0.0,0.944563090801239
579,0.4632,16,0.42439597845077515,2.632183313369751,0.0,0.9508326649665833
580,0.464,16,0.08241777122020721,2.1352195739746094,0.0,0.5094617009162903
581,0.4648,16,0.6034756898880005,2.819047689437866,0.0,1.1672852039337158
582,0.4656,16,0.6503615379333496,2.894998550415039,0.0,1.2293612957000732
583,0.4664,16,0.24807696044445038,2.4655847549438477,0.0,0.7411938905715942
584,0.4672,16,0.37529996037483215,2.4014649391174316,0.0,0.8555929660797119
585,0.468,16,0.15799760818481445,2.281672477722168,0.0,0.6143320798873901
586,0.4688,16,0.15271654725074768,2.269634246826172,0.0,0.6066434383392334
587,0.4696,16,0.4019817113876343,2.6471266746520996,0.0,0.9314070343971252
588,0.4704,16,0.28754520416259766,2.3792366981506348,0.0,0.7633925676345825
589,0.4712,16,0.11684559285640717,2.181347131729126,0.0,0.5531150102615356
590,0.472,16,0.3024579882621765,2.3579845428466797,0.0,0.7740548849105835
591,0.4728,16,0.08745791763067245,2.1516528129577637,0.0,0.5177884697914124
592,0.4736,16,0.1356118619441986,2.160020589828491,0.0,0.5676159858703613
593,0.4744,16,0.26992595195770264,2.3953709602355957,0.0,0.7490001916885376
594,0.4752,16,0.16262871026992798,2.274683713912964,0.0,0.6175654530525208
595,0.476,16,0.6470047831535339,2.8515636920928955,0.0,1.2173175811767578
596,0.4768,16,0.20617565512657166,2.3856306076049805,0.0,0.6833018064498901
597,0.4776,16,0.08223432302474976,2.0841922760009766,0.0,0.499072790145874
598,0.4784,16,0.20715554058551788,2.3769469261169434,0.0,0.6825449466705322
599,0.4792,16,0.3612496256828308,2.5385165214538574,0.0,0.8689529299736023
600,0.48,16,0.2741766571998596,2.5135838985443115,0.0,0.7768934369087219
601,0.4808,16,0.3202270269393921,2.3581318855285645,0.0,0.7918534278869629
602,0.4816,16,0.3852185308933258,2.535447359085083,0.0,0.8923079967498779
603,0.4824,16,0.2509680688381195,2.4445314407348633,0.0,0.7398743629455566
604,0.4832,16,0.2697308659553528,2.416064977645874,0.0,0.7529438734054565
605,0.484,16,0.38789233565330505,2.4986214637756348,0.0,0.8876166343688965
606,0.4848,16,0.20697183907032013,2.3231301307678223,0.0,0.6715978980064392
607,0.4856,16,0.19264012575149536,2.3558568954467773,0.0,0.6638115048408508
608,0.4864,16,0.30403316020965576,2.461940050125122,0.0,0.7964211702346802
609,0.4872,16,0.256881982088089,2.44236421585083,0.0,0.7453548312187195
610,0.488,16,0.20351338386535645,2.2524333000183105,0.0,0.6540000438690186
611,0.4888,16,0.05762702226638794,2.048945903778076,0.0,0.4674161970615387
612,0.4896,16,0.1355624496936798,2.2631783485412598,0.0,0.5881981253623962
613,0.4904,16,0.21701258420944214,2.415841579437256,0.0,0.7001808881759644
614,0.4912,16,0.357718288898468,2.5500149726867676,0.0,0.8677213191986084
615,0.492,16,0.1571936011314392,2.308744430541992,0.0,0.6189424991607666
616,0.4928,16,0.624692440032959,2.826042652130127,0.0,1.1899009943008423
617,0.4936,16,0.5183802843093872,2.819387435913086,0.0,1.0822577476501465
618,0.4944,16,0.3069715201854706,2.525510311126709,0.0,0.8120735883712769
619,0.4952,16,0.3015570044517517,2.307629346847534,0.0,0.7630828619003296
620,0.496,16,0.30478131771087646,2.3810620307922363,0.0,0.7809937000274658
621,0.4968,16,0.5544196367263794,2.7141075134277344,0.0,1.0972411632537842
622,0.4976,16,0.2765780985355377,2.4536170959472656,0.0,0.7673015594482422
623,0.4984,16,0.17483466863632202,2.2666239738464355,0.0,0.6281594634056091
624,0.4992,16,0.22113539278507233,2.381256341934204,0.0,0.6973866820335388
625,0.5,16,0.34171074628829956,2.478646755218506,0.0,0.8374401330947876
626,0.5008,16,0.18657603859901428,2.265547275543213,0.0,0.6396855115890503
627,0.5016,16,0.3557836413383484,2.3704159259796143,0.0,0.8298668265342712
628,0.5024,16,0.9736133217811584,2.6185989379882812,0.0,1.49733304977417
629,0.5032,16,0.2549620270729065,2.4001686573028564,0.0,0.7349957227706909
630,0.504,16,0.4766959547996521,2.7135677337646484,0.0,1.0194095373153687
631,0.5048,16,0.10216423869132996,2.1772408485412598,0.0,0.5376124382019043
632,0.5056,16,0.26353466510772705,2.3830690383911133,0.0,0.7401484847068787
633,0.5064,16,0.4903927445411682,2.706716537475586,0.0,1.031736135482788
634,0.5072,16,0.40355944633483887,2.5974535942077637,0.0,0.9230501651763916
635,0.508,16,0.2738047242164612,2.322584629058838,0.0,0.7383216619491577
636,0.5088,16,0.2136569321155548,2.2911524772644043,0.0,0.6718873977661133
637,0.5096,16,0.4154950678348541,2.494192600250244,0.0,0.9143335819244385
638,0.5104,16,0.20129388570785522,2.360398054122925,0.0,0.6733734607696533
639,0.5112,16,0.3811571002006531,2.468367099761963,0.0,0.8748304843902588
640,0.512,16,0.13561733067035675,2.203003168106079,0.0,0.5762179493904114
641,0.5128,16,0.08721305429935455,2.1325156688690186,0.0,0.5137162208557129
642,0.5136,16,0.09952683746814728,2.149899959564209,0.0,0.5295068621635437
643,0.5144,16,0.040990687906742096,2.00459623336792,0.0,0.44190993905067444
644,0.5152,16,0.0867365300655365,2.091665506362915,0.0,0.5050696134567261
645,0.516,16,0.21796780824661255,2.398029088973999,0.0,0.6975736618041992
646,0.5168,16,0.5717626810073853,2.735161781311035,0.0,1.1187950372695923
647,0.5176,16,0.1975010484457016,2.299777030944824,0.0,0.6574564576148987
648,0.5184,16,0.17648254334926605,2.2682464122772217,0.0,0.6301318407058716
649,0.5192,16,0.19528621435165405,2.37477445602417,0.0,0.670241117477417
650,0.52,16,0.17815665900707245,2.1779987812042236,0.0,0.6137564182281494
651,0.5208,16,0.2684788703918457,2.513004779815674,0.0,0.7710798382759094
652,0.5216,16,0.8095629215240479,3.150890350341797,0.0,1.4397410154342651
653,0.5224,16,0.3971550464630127,2.585446834564209,0.0,0.9142444133758545
654,0.5232,16,0.6026232242584229,2.860389232635498,0.0,1.1747010946273804
655,0.524,16,0.5568646788597107,2.752486228942871,0.0,1.107361912727356
656,0.5248,16,0.569438099861145,2.9195220470428467,0.0,1.1533424854278564
657,0.5256,16,0.586488664150238,2.893735408782959,0.0,1.1652357578277588
658,0.5264,16,0.22350895404815674,2.3871092796325684,0.0,0.7009308338165283
659,0.5272,16,0.12144864350557327,2.2486319541931152,0.0,0.5711750388145447
660,0.528,16,0.08330247551202774,2.1229047775268555,0.0,0.5078834295272827
661,0.5288,16,0.36674585938453674,2.5870070457458496,0.0,0.8841472864151001
662,0.5296,16,0.15162567794322968,2.2848410606384277,0.0,0.6085938811302185
663,0.5304,16,0.29053571820259094,2.415721893310547,0.0,0.7736800909042358
664,0.5312,16,0.27780860662460327,2.469273328781128,0.0,0.7716633081436157
665,0.532,16,0.37955665588378906,2.4803719520568848,0.0,0.8756310939788818
666,0.5328,16,0.3486902117729187,2.4846534729003906,0.0,0.84562087059021
667,0.5336,16,0.2575240731239319,2.445284366607666,0.0,0.746580958366394
668,0.5344,16,0.23781484365463257,2.3982601165771484,0.0,0.7174668312072754
669,0.5352,16,0.30411651730537415,2.524789810180664,0.0,0.8090745210647583
670,0.536,16,0.17357933521270752,2.3180999755859375,0.0,0.637199342250824
671,0.5368,16,0.38903576135635376,2.626387119293213,0.0,0.9143131971359253
672,0.5376,16,0.2501123249530792,2.4070048332214355,0.0,0.731513261795044
673,0.5384,16,0.32807546854019165,2.273418426513672,0.0,0.7827591896057129
674,0.5392,16,0.13183553516864777,2.1324706077575684,0.0,0.5583296418190002
675,0.54,16,0.18032030761241913,2.3236021995544434,0.0,0.64504075050354
676,0.5408,16,0.2797872722148895,2.4484000205993652,0.0,0.769467294216156
677,0.5416,16,0.3340024948120117,2.4113223552703857,0.0,0.8162670135498047
678,0.5424,16,0.20861609280109406,2.364271402359009,0.0,0.6814703941345215
679,0.5432,16,0.2731483578681946,2.46560001373291,0.0,0.7662683725357056
680,0.544,16,0.2691989839076996,2.4246997833251953,0.0,0.7541389465332031
681,0.5448,16,0.21575966477394104,2.3694558143615723,0.0,0.68965083360672
682,0.5456,16,0.4987713098526001,2.748220920562744,0.0,1.0484154224395752
683,0.5464,16,0.10466662049293518,2.192089080810547,0.0,0.543084442615509
684,0.5472,16,0.518020749092102,2.7519235610961914,0.0,1.0684053897857666
685,0.548,16,0.419732928276062,2.636300563812256,0.0,0.9469930529594421
686,0.5488,16,0.12832199037075043,2.2386364936828613,0.0,0.576049268245697
687,0.5496,16,0.2726850211620331,2.4403865337371826,0.0,0.7607623338699341
688,0.5504,16,0.18319708108901978,2.265120029449463,0.0,0.6362210512161255
689,0.5512,16,0.15495042502880096,2.1651132106781006,0.0,0.5879730582237244
690,0.552,16,0.4044443666934967,2.6615827083587646,0.0,0.9367609024047852
691,0.5528,16,0.10790582746267319,2.1929309368133545,0.0,0.5464920401573181
692,0.5536,16,0.15537942945957184,2.2392683029174805,0.0,0.6032330989837646
693,0.5544,16,0.07501281797885895,2.1014225482940674,0.0,0.49529731273651123
694,0.5552,16,0.32973796129226685,2.500317096710205,0.0,0.8298013806343079
695,0.556,16,0.25611644983291626,2.3856425285339355,0.0,0.7332449555397034
696,0.5568,16,0.04462338611483574,2.0169143676757812,0.0,0.4480062425136566
697,0.5576,16,0.10436371713876724,2.1508877277374268,0.0,0.5345412492752075
698,0.5584,16,0.19653868675231934,2.3068010807037354,0.0,0.6578989028930664
699,0.5592,16,0.22353626787662506,2.3810272216796875,0.0,0.6997417211532593
700,0.56,16,0.12875962257385254,2.2029004096984863,0.0,0.5693397521972656
701,0.5608,16,0.39579641819000244,2.3442935943603516,0.0,0.8646551370620728
702,0.5616,16,0.3919319212436676,2.4000802040100098,0.0,0.8719480037689209
703,0.5624,16,0.2842543125152588,2.483412265777588,0.0,0.7809367775917053
704,0.5632,16,0.1964748650789261,2.3187756538391113,0.0,0.6602299809455872
705,0.564,16,0.2657918334007263,2.4342215061187744,0.0,0.7526361346244812
706,0.5648,16,0.1361430585384369,2.277137517929077,0.0,0.5915705561637878
707,0.5656,16,0.4832582473754883,2.7761034965515137,0.0,1.038478970527649
708,0.5664,16,0.15009018778800964,2.3052051067352295,0.0,0.6111311912536621
709,0.5672,16,0.13522569835186005,2.1276192665100098,0.0,0.5607495307922363
710,0.568,16,0.4433993995189667,2.6367392539978027,0.0,0.9707472324371338
711,0.5688,16,0.06196583807468414,2.0518856048583984,0.0,0.47234296798706055
712,0.5696,16,0.05785204470157623,2.054502487182617,0.0,0.46875256299972534
713,0.5704,16,0.4761740267276764,2.5648252964019775,0.0,0.9891390800476074
714,0.5712,16,0.3617706894874573,2.6162891387939453,0.0,0.8850285410881042
715,0.572,16,0.2801695764064789,2.4679512977600098,0.0,0.7737598419189453
716,0.5728,16,0.09374457597732544,2.154478073120117,0.0,0.5246402025222778
717,0.5736,16,0.3667578101158142,2.5182361602783203,0.0,0.8704050779342651
718,0.5744,16,0.6242309212684631,2.7140603065490723,0.0,1.1670429706573486
719,0.5752,16,0.5034605264663696,2.839977264404297,0.0,1.071455955505371
720,0.576,16,0.19432702660560608,2.400850772857666,0.0,0.6744971871376038
721,0.5768,16,0.2188006192445755,2.2911911010742188,0.0,0.677038848400116
722,0.5776,16,0.46759867668151855,2.7348084449768066,0.0,1.0145604610443115
723,0.5784,16,0.12303560972213745,2.2470104694366455,0.0,0.5724377036094666
724,0.5792,16,0.44654029607772827,2.467784881591797,0.0,0.9400972723960876
725,0.58,16,0.3934375047683716,2.3604485988616943,0.0,0.8655272722244263
726,0.5808,16,0.39990103244781494,2.3235104084014893,0.0,0.8646031618118286
727,0.5816,16,0.7105072736740112,2.603436231613159,0.0,1.2311944961547852
728,0.5824,16,0.18091268837451935,2.1463422775268555,0.0,0.6101811528205872
729,0.5832,16,0.14651808142662048,2.253098964691162,0.0,0.5971378684043884
730,0.584,16,0.1158914864063263,2.1477060317993164,0.0,0.5454326868057251
731,0.5848,16,0.1836097538471222,2.301107883453369,0.0,0.6438313722610474
732,0.5856,16,0.252460241317749,2.4420034885406494,0.0,0.7408609390258789
733,0.5864,16,0.13666459918022156,2.2096943855285645,0.0,0.5786035060882568
734,0.5872,16,0.6261242628097534,2.62264347076416,0.0,1.1506528854370117
735,0.588,16,0.292680025100708,2.258190155029297,0.0,0.7443180680274963
736,0.5888,16,0.3669772148132324,2.3763341903686523,0.0,0.842244029045105
737,0.5896,16,0.11908596009016037,2.1294946670532227,0.0,0.5449848771095276
738,0.5904,16,0.2882383167743683,2.4086689949035645,0.0,0.7699720859527588
739,0.5912,16,0.106706902384758,2.1984596252441406,0.0,0.5463988184928894
740,0.592,16,0.3920895457267761,2.6032516956329346,0.0,0.9127398729324341
741,0.5928,16,0.17162659764289856,2.2274351119995117,0.0,0.6171135902404785
742,0.5936,16,0.10523679107427597,2.1580824851989746,0.0,0.5368533134460449
743,0.5944,16,0.17966493964195251,2.3202147483825684,0.0,0.6437078714370728
744,0.5952,16,0.027288993820548058,1.980628252029419,0.0,0.4234146475791931
745,0.596,16,0.28608715534210205,2.3862953186035156,0.0,0.7633461952209473
746,0.5968,16,0.4963518977165222,2.7462382316589355,0.0,1.0455995798110962
747,0.5976,16,0.6082730293273926,2.6704788208007812,0.0,1.1423687934875488
748,0.5984,16,0.13705629110336304,2.263075351715088,0.0,0.5896713733673096
749,0.5992,16,0.3320741355419159,2.6476755142211914,0.0,0.8616092205047607
750,0.6,16,0.8400238752365112,3.212035894393921,0.0,1.4824310541152954
751,0.6008,16,0.3895706832408905,2.422537326812744,0.0,0.8740781545639038
752,0.6016,16,0.22998709976673126,2.3217549324035645,0.0,0.6943380832672119
753,0.6024,16,0.32064568996429443,2.5561861991882324,0.0,0.8318829536437988
754,0.6032,16,0.23672521114349365,2.409318447113037,0.0,0.7185889482498169
755,0.604,16,0.26570236682891846,2.5256006717681885,0.0,0.7708225250244141
756,0.6048,16,0.15283450484275818,2.2569355964660645,0.0,0.6042216420173645
757,0.6056,16,0.3057454228401184,2.482787609100342,0.0,0.8023029565811157
758,0.6064,16,0.17815980315208435,2.3525662422180176,0.0,0.6486730575561523
759,0.6072,16,0.16973011195659637,2.2452034950256348,0.0,0.6187708377838135
760,0.608,16,0.05742793157696724,2.0577499866485596,0.0,0.4689779579639435
761,0.6088,16,0.37862950563430786,2.541987895965576,0.0,0.8870270848274231
762,0.6096,16,0.21867908537387848,2.4198789596557617,0.0,0.7026548981666565
763,0.6104,16,0.09985274076461792,2.1317477226257324,0.0,0.5262023210525513
764,0.6112,16,0.1601124107837677,2.2960448265075684,0.0,0.619321346282959
765,0.612,16,0.1160980835556984,2.1362950801849365,0.0,0.5433571338653564
766,0.6128,16,0.3041067123413086,2.4988255500793457,0.0,0.8038718700408936
767,0.6136,16,0.25674787163734436,2.4562430381774902,0.0,0.74799644947052
768,0.6144,16,0.4104610085487366,2.619723081588745,0.0,0.9344056248664856
769,0.6152,16,0.2861189842224121,2.4438517093658447,0.0,0.774889349937439
770,0.616,16,0.14956071972846985,2.2180778980255127,0.0,0.5931763052940369
771,0.6168,16,0.11722320318222046,2.1984105110168457,0.0,0.5569052696228027
772,0.6176,16,0.24218997359275818,2.280968189239502,0.0,0.698383629322052
773,0.6184,16,0.2481762170791626,2.446005344390869,0.0,0.7373772859573364
774,0.6192,16,0.6062968969345093,2.813166379928589,0.0,1.168930172920227
775,0.62,16,0.06764283776283264,2.090904712677002,0.0,0.48582378029823303
776,0.6208,16,0.2641085982322693,2.40515398979187,0.0,0.7451393604278564
777,0.6216,16,0.3025287687778473,2.4657065868377686,0.0,0.7956700921058655
778,0.6224,16,0.4564485549926758,2.771028518676758,0.0,1.0106542110443115
779,0.6232,16,0.5101262331008911,2.7182257175445557,0.0,1.0537713766098022
780,0.624,16,0.07769762724637985,2.1187968254089355,0.0,0.5014569759368896
781,0.6248,16,0.20877763628959656,2.347313404083252,0.0,0.6782402992248535
782,0.6256,16,0.2659740447998047,2.4804611206054688,0.0,0.7620662450790405
783,0.6264,16,0.06767065078020096,2.09895658493042,0.0,0.48746195435523987
784,0.6272,16,0.2193247675895691,2.3318896293640137,0.0,0.6857026815414429
785,0.628,16,0.1273578256368637,2.232466459274292,0.0,0.5738511085510254
786,0.6288,16,0.05647776275873184,2.0926167964935303,0.0,0.47500112652778625
787,0.6296,16,0.3699316680431366,2.468599557876587,0.0,0.8636515736579895
788,0.6304,16,0.12758129835128784,2.2439351081848145,0.0,0.5763683319091797
789,0.6312,16,0.08625926822423935,2.123253345489502,0.0,0.510909914970398
790,0.632,16,0.09852457791566849,2.1729512214660645,0.0,0.5331148505210876
791,0.6328,16,0.27664056420326233,2.456247091293335,0.0,0.7678899765014648
792,0.6336,16,0.3742627799510956,2.499514579772949,0.0,0.8741657137870789
793,0.6344,16,0.3903654217720032,2.528048038482666,0.0,0.8959750533103943
794,0.6352,16,0.6138826608657837,2.8134803771972656,0.0,1.1765787601470947
795,0.636,16,0.10434149205684662,2.1262893676757812,0.0,0.5295993685722351
796,0.6368,16,0.26768046617507935,2.3898730278015137,0.0,0.7456550598144531
797,0.6376,16,0.28173890709877014,2.56026554107666,0.0,0.7937920093536377
798,0.6384,16,0.4587610960006714,2.7933342456817627,0.0,1.017427921295166
799,0.6392,16,0.07253317534923553,2.1079344749450684,0.0,0.4941200613975525
800,0.64,16,0.3943071961402893,2.528473377227783,0.0,0.9000018835067749
801,0.6408,16,0.49195361137390137,2.8033394813537598,0.0,1.052621603012085
802,0.6416,16,0.042437274008989334,2.0659162998199463,0.0,0.45562055706977844
803,0.6424,16,0.07766980677843094,2.1132795810699463,0.0,0.5003257393836975
804,0.6432,16,0.19106948375701904,2.2339463233947754,0.0,0.6378587484359741
805,0.644,16,0.21130779385566711,2.3304953575134277,0.0,0.677406907081604
806,0.6448,16,0.36467644572257996,2.5478086471557617,0.0,0.874238133430481
807,0.6456,16,0.04269520565867424,2.051961660385132,0.0,0.45308753848075867
808,0.6464,16,0.5235387682914734,2.729656934738159,0.0,1.0694701671600342
809,0.6472,16,0.045474015176296234,2.0587220191955566,0.0,0.4572184383869171
810,0.648,16,0.28867006301879883,2.391442060470581,0.0,0.766958475112915
811,0.6488,16,0.08450157195329666,2.168144464492798,0.0,0.5181304812431335
812,0.6496,16,0.09247037768363953,2.150888442993164,0.0,0.5226480960845947
813,0.6504,16,0.3562808036804199,2.6184167861938477,0.0,0.8799641728401184
814,0.6512,16,0.44114115834236145,2.8384087085723877,0.0,1.0088229179382324
815,0.652,16,0.18699897825717926,2.369877815246582,0.0,0.6609745621681213
816,0.6528,16,0.28720661997795105,2.5050253868103027,0.0,0.7882117033004761
817,0.6536,16,0.45755675435066223,2.29376220703125,0.0,0.9163092374801636
818,0.6544,16,0.3248385787010193,2.389989137649536,0.0,0.8028364181518555
819,0.6552,16,0.7699141502380371,3.125598430633545,0.0,1.395033836364746
820,0.656,16,0.11998163163661957,2.1841320991516113,0.0,0.5568080544471741
821,0.6568,16,0.11018921434879303,2.2548530101776123,0.0,0.5611598491668701
822,0.6576,16,0.17184695601463318,2.3097033500671387,0.0,0.6337876319885254
823,0.6584,16,0.20149549841880798,2.336812973022461,0.0,0.6688581109046936
824,0.6592,16,0.14371947944164276,2.23681640625,0.0,0.591082751750946
825,0.66,16,0.37000393867492676,2.6316113471984863,0.0,0.8963262438774109
826,0.6608,16,0.08172787725925446,2.1062350273132324,0.0,0.5029748678207397
827,0.6616,16,0.18786022067070007,2.366447925567627,0.0,0.661149799823761
828,0.6624,16,0.2667696177959442,2.4164984226226807,0.0,0.7500693202018738
829,0.6632,16,0.15636219084262848,2.158486843109131,0.0,0.5880595445632935
830,0.664,16,0.17135196924209595,2.2893028259277344,0.0,0.629212498664856
831,0.6648,16,0.10934634506702423,2.177586317062378,0.0,0.5448636412620544
832,0.6656,16,0.039787616580724716,2.027374744415283,0.0,0.4452625811100006
833,0.6664,16,0.216913104057312,2.323225498199463,0.0,0.6815582513809204
834,0.6672,16,0.03782052546739578,2.0303127765655518,0.0,0.44388309121131897
835,0.668,16,0.2746107876300812,2.4346792697906494,0.0,0.7615466117858887
836,0.6688,16,0.47495996952056885,2.7243103981018066,0.0,1.019822120666504
837,0.6696,16,0.6096317768096924,2.9869070053100586,0.0,1.2070131301879883
838,0.6704,16,0.30124467611312866,2.5680787563323975,0.0,0.814860463142395
839,0.6712,16,0.44079041481018066,2.779651403427124,0.0,0.9967207312583923
840,0.672,16,0.5936270952224731,2.7582948207855225,0.0,1.1452860832214355
841,0.6728,16,0.27783212065696716,2.316382646560669,0.0,0.7411086559295654
842,0.6736,16,0.26907891035079956,2.4477028846740723,0.0,0.758619487285614
843,0.6744,16,0.21367421746253967,2.3905110359191895,0.0,0.6917763948440552
844,0.6752,16,0.1118738055229187,2.1212158203125,0.0,0.5361169576644897
845,0.676,16,0.3705374598503113,2.3528592586517334,0.0,0.8411092758178711
846,0.6768,16,0.04558549076318741,2.026796340942383,0.0,0.4509447515010834
847,0.6776,16,0.582947313785553,2.8690667152404785,0.0,1.1567606925964355
848,0.6784,16,0.4251941740512848,2.509310722351074,0.0,0.9270563125610352
849,0.6792,16,0.40235084295272827,2.650578498840332,0.0,0.9324665665626526
850,0.68,16,0.48427414894104004,2.7165565490722656,0.0,1.027585506439209
851,0.6808,16,0.05055128037929535,2.065134048461914,0.0,0.46357810497283936
852,0.6816,16,0.5898793339729309,2.7126107215881348,0.0,1.132401466369629
853,0.6824,16,0.3573220372200012,2.642645835876465,0.0,0.8858512043952942
854,0.6832,16,0.18580636382102966,2.2649917602539062,0.0,0.6388047337532043
855,0.684,16,0.3324562907218933,2.4600675106048584,0.0,0.824469804763794
856,0.6848,16,0.06364309042692184,2.0789432525634766,0.0,0.47943174839019775
857,0.6856,16,0.057414859533309937,2.057400703430176,0.0,0.4688950181007385
858,0.6864,16,0.15152400732040405,2.182649850845337,0.0,0.5880539417266846
859,0.6872,16,0.07546479254961014,2.1044156551361084,0.0,0.49634793400764465
860,0.688,16,0.2837216556072235,2.48551344871521,0.0,0.7808243632316589
861,0.6888,16,0.3425889015197754,2.4203500747680664,0.0,0.8266589641571045
862,0.6896,16,0.1079908162355423,2.2373433113098145,0.0,0.5554594993591309
863,0.6904,16,0.11417143791913986,2.1440913677215576,0.0,0.5429897308349609
864,0.6912,16,0.048826102167367935,2.0522549152374268,0.0,0.45927709341049194
865,0.692,16,0.29706037044525146,2.465782642364502,0.0,0.7902169227600098
866,0.6928,16,0.1575590968132019,2.184865951538086,0.0,0.5945322513580322
867,0.6936,16,0.03206542506814003,2.003354549407959,0.0,0.432736337184906
868,0.6944,16,0.06330148130655289,2.10577392578125,0.0,0.48445627093315125
869,0.6952,16,0.4827500879764557,2.842411518096924,0.0,1.0512324571609497
870,0.696,16,0.5199078321456909,2.8896474838256836,0.0,1.0978373289108276
871,0.6968,16,0.2683737576007843,2.5048909187316895,0.0,0.7693519592285156
872,0.6976,16,0.34334951639175415,2.643228530883789,0.0,0.871995210647583
873,0.6984,16,0.33898815512657166,2.713357448577881,0.0,0.8816596269607544
874,0.6992,16,0.08817562460899353,2.213850975036621,0.0,0.5309458374977112
875,0.7,16,0.5486946105957031,2.442965030670166,0.0,1.0372875928878784
876,0.7008,16,0.38653916120529175,2.5878190994262695,0.0,0.9041029810905457
877,0.7016,16,0.23196958005428314,2.4037857055664062,0.0,0.7127267122268677
878,0.7024,16,0.11959955096244812,2.1506235599517822,0.0,0.549724280834198
879,0.7032,16,0.3172706365585327,2.600402355194092,0.0,0.8373511433601379
880,0.704,16,0.24766576290130615,2.4373464584350586,0.0,0.7351350784301758
881,0.7048,16,0.21010547876358032,2.189394950866699,0.0,0.647984504699707
882,0.7056,16,0.2626781463623047,2.518582820892334,0.0,0.7663947343826294
883,0.7064,16,0.16712895035743713,2.2332072257995605,0.0,0.6137703657150269
884,0.7072,16,0.5245362520217896,2.747648239135742,0.0,1.074065923690796
885,0.708,16,0.31056687235832214,2.3232579231262207,0.0,0.7752184867858887
886,0.7088,16,0.6713000535964966,2.9458765983581543,0.0,1.2604753971099854
887,0.7096,16,0.06540519744157791,2.1218795776367188,0.0,0.48978111147880554
888,0.7104,16,0.10574100911617279,2.1732177734375,0.0,0.5403845906257629
889,0.7112,16,0.43773746490478516,2.5468764305114746,0.0,0.9471127390861511
890,0.712,16,0.16326716542243958,2.21728515625,0.0,0.606724202632904
891,0.7128,16,0.2976067066192627,2.466830253601074,0.0,0.7909727692604065
892,0.7136,16,0.548141598701477,2.822409152984619,0.0,1.1126234531402588
893,0.7144,16,0.1526406854391098,2.2426865100860596,0.0,0.601177990436554
894,0.7152,16,0.30392372608184814,2.4728145599365234,0.0,0.7984866499900818
895,0.716,16,0.7100920677185059,2.7296886444091797,0.0,1.2560298442840576
896,0.7168,16,0.13402687013149261,2.188828945159912,0.0,0.5717926621437073
897,0.7176,16,0.29183194041252136,2.492347240447998,0.0,0.7903013825416565
898,0.7184,16,0.13303035497665405,2.233473300933838,0.0,0.5797250270843506
899,0.7192,16,0.13333146274089813,2.255490303039551,0.0,0.5844295024871826
900,0.72,16,0.17514076828956604,2.2942192554473877,0.0,0.6339846253395081
901,0.7208,16,0.03729723021388054,2.0151596069335938,0.0,0.4403291344642639
902,0.7216,16,0.20985794067382812,2.387722969055176,0.0,0.6874025464057922
903,0.7224,16,0.05129876360297203,2.083873987197876,0.0,0.4680735766887665
904,0.7232,16,0.18732351064682007,2.3462047576904297,0.0,0.656564474105835
905,0.724,16,0.22071295976638794,2.341946601867676,0.0,0.689102292060852
906,0.7248,16,0.22288118302822113,2.418483018875122,0.0,0.7065777778625488
907,0.7256,16,0.09013732522726059,2.1027169227600098,0.0,0.5106807351112366
908,0.7264,16,0.026688963174819946,2.0193843841552734,0.0,0.43056583404541016
909,0.7272,16,0.27323952317237854,2.4419403076171875,0.0,0.7616275548934937
910,0.728,16,0.029040291905403137,2.0075626373291016,0.0,0.4305528402328491
911,0.7288,16,0.0864597037434578,2.167968511581421,0.0,0.5200534462928772
912,0.7296,16,0.06934849917888641,2.1472058296203613,0.0,0.4987896680831909
913,0.7304,16,0.1696283519268036,2.3570380210876465,0.0,0.6410359740257263
914,0.7312,16,0.321028470993042,2.5284652709960938,0.0,0.8267215490341187
915,0.732,16,0.19698984920978546,2.34234356880188,0.0,0.6654585599899292
916,0.7328,16,0.0889972448348999,2.2132482528686523,0.0,0.5316469073295593
917,0.7336,16,0.7180567383766174,3.1055171489715576,0.0,1.3391602039337158
918,0.7344,16,0.22966790199279785,2.5112860202789307,0.0,0.7319251298904419
919,0.7352,16,0.37594330310821533,2.63142728805542,0.0,0.9022287726402283
920,0.736,16,0.04495469480752945,2.070753574371338,0.0,0.45910540223121643
921,0.7368,16,0.6693527102470398,3.0558738708496094,0.0,1.2805274724960327
922,0.7376,16,0.2673768103122711,2.531360626220703,0.0,0.7736489772796631
923,0.7384,16,0.6098705530166626,2.8481035232543945,0.0,1.1794912815093994
924,0.7392,16,0.09264375269412994,2.177185535430908,0.0,0.5280808806419373
925,0.74,16,0.19168387353420258,2.2814130783081055,0.0,0.6479665040969849
926,0.7408,16,0.333383709192276,2.450214385986328,0.0,0.8234266042709351
927,0.7416,16,0.2050284594297409,2.346038818359375,0.0,0.6742362380027771
928,0.7424,16,0.07053618133068085,2.124206066131592,0.0,0.49537742137908936
929,0.7432,16,0.43485382199287415,2.686635971069336,0.0,0.9721810817718506
930,0.744,16,0.15899039804935455,2.1868462562561035,0.0,0.5963596701622009
931,0.7448,16,0.25299200415611267,2.3708343505859375,0.0,0.7271589040756226
932,0.7456,16,0.21070793271064758,2.4356141090393066,0.0,0.6978307962417603
933,0.7464,16,0.4605070948600769,2.742124080657959,0.0,1.0089318752288818
934,0.7472,16,0.5961644649505615,2.9267563819885254,0.0,1.1815156936645508
935,0.748,16,0.46630603075027466,2.6150503158569336,0.0,0.9893161058425903
936,0.7488,16,0.22347642481327057,2.3732619285583496,0.0,0.6981288194656372
937,0.7496,16,0.23483990132808685,2.386706590652466,0.0,0.7121812105178833
938,0.7504,16,0.19812268018722534,2.3518030643463135,0.0,0.6684832572937012
939,0.7512,16,0.12097921967506409,2.1947031021118164,0.0,0.5599198341369629
940,0.752,16,0.2698480784893036,2.3691611289978027,0.0,0.7436802983283997
941,0.7528,16,0.18792803585529327,2.33011531829834,0.0,0.653951108455658
942,0.7536,16,0.2873409688472748,2.492058753967285,0.0,0.7857527136802673
943,0.7544,16,0.14546847343444824,2.251283645629883,0.0,0.5957251787185669
944,0.7552,16,0.312273770570755,2.4330873489379883,0.0,0.7988912463188171
945,0.756,16,0.5205053687095642,2.5332794189453125,0.0,1.0271612405776978
946,0.7568,16,0.2875499725341797,2.4772214889526367,0.0,0.782994270324707
947,0.7576,16,0.18859750032424927,2.2776591777801514,0.0,0.6441293358802795
948,0.7584,16,0.22580856084823608,2.4020943641662598,0.0,0.7062274217605591
949,0.7592,16,0.16157957911491394,2.268876552581787,0.0,0.6153548955917358
950,0.76,16,0.16064131259918213,2.294315814971924,0.0,0.619504451751709
951,0.7608,16,0.14192810654640198,2.172306537628174,0.0,0.5763894319534302
952,0.7616,16,0.1712522804737091,2.267014980316162,0.0,0.6246552467346191
953,0.7624,16,0.23172935843467712,2.3704872131347656,0.0,0.7058268189430237
954,0.7632,16,0.09110423177480698,2.1753933429718018,0.0,0.5261828899383545
955,0.764,16,0.1393744945526123,2.2220284938812256,0.0,0.5837801694869995
956,0.7648,16,0.3205614686012268,2.3653950691223145,0.0,0.7936404943466187
957,0.7656,16,0.1751556694507599,2.3776583671569824,0.0,0.6506873369216919
958,0.7664,16,0.07471737265586853,2.112483024597168,0.0,0.4972139894962311
959,0.7672,16,0.30224189162254333,2.5574734210968018,0.0,0.8137365579605103
960,0.768,16,0.1942647397518158,2.3984313011169434,0.0,0.6739510297775269
961,0.7688,16,0.09109188616275787,2.1127138137817383,0.0,0.5136346817016602
962,0.7696,16,0.6776233911514282,2.810621738433838,0.0,1.2397477626800537
963,0.7704,16,0.33727747201919556,2.5283203125,0.0,0.8429415225982666
964,0.7712,16,0.24780265986919403,2.4983320236206055,0.0,0.7474690675735474
965,0.772,16,0.31820520758628845,2.3256194591522217,0.0,0.7833291292190552
966,0.7728,16,0.0314985029399395,2.0161681175231934,0.0,0.4347321093082428
967,0.7736,16,0.27613142132759094,2.5069704055786133,0.0,0.7775255441665649
968,0.7744,16,0.047800399363040924,2.080439329147339,0.0,0.4638882577419281
969,0.7752,16,0.46810123324394226,2.724353790283203,0.0,1.0129719972610474
970,0.776,16,0.0493907667696476,2.0829691886901855,0.0,0.46598461270332336
971,0.7768,16,0.3593803942203522,2.398787498474121,0.0,0.8391379117965698
972,0.7776,16,0.04770345613360405,2.0316295623779297,0.0,0.4540293514728546
973,0.7784,16,0.45336228609085083,2.587373733520508,0.0,0.9708370566368103
974,0.7792,16,0.1747003197669983,2.281648874282837,0.0,0.6310300827026367
975,0.78,16,0.20391252636909485,2.3740782737731934,0.0,0.6787282228469849
976,0.7808,16,0.306626558303833,2.4096620082855225,0.0,0.7885589599609375
977,0.7816,16,0.19496344029903412,2.3344006538391113,0.0,0.6618435978889465
978,0.7824,16,0.27296873927116394,2.406402587890625,0.0,0.7542492747306824
979,0.7832,16,0.32645052671432495,2.5428285598754883,0.0,0.8350162506103516
980,0.784,16,0.1912195086479187,2.4184398651123047,0.0,0.6749074459075928
981,0.7848,16,0.3770729899406433,2.6081748008728027,0.0,0.8987079858779907
982,0.7856,16,0.29359206557273865,2.468585729598999,0.0,0.7873092293739319
983,0.7864,16,0.19117213785648346,2.175520181655884,0.0,0.6262761950492859
984,0.7872,16,0.19433686137199402,2.243298053741455,0.0,0.6429964900016785
985,0.788,16,0.3100500702857971,2.4422731399536133,0.0,0.7985047101974487
986,0.7888,16,0.6900343894958496,2.915553331375122,0.0,1.273145079612732
987,0.7896,16,0.2444269359111786,2.2828872203826904,0.0,0.7010043859481812
988,0.7904,16,0.19727686047554016,2.3093059062957764,0.0,0.6591380834579468
989,0.7912,16,0.24859389662742615,2.4350290298461914,0.0,0.7355996966362
990,0.792,16,0.05163891240954399,2.076347589492798,0.0,0.46690842509269714
991,0.7928,16,0.4575478434562683,2.70432186126709,0.0,0.9984122514724731
992,0.7936,16,0.06347767263650894,2.1501080989837646,0.0,0.4934992790222168
993,0.7944,16,0.09531836211681366,2.137219190597534,0.0,0.5227621793746948
994,0.7952,16,0.7047692537307739,2.786419630050659,0.0,1.2620532512664795
995,0.796,16,0.9191033244132996,2.7615814208984375,0.0,1.4714195728302002
996,0.7968,16,0.37604543566703796,2.5132861137390137,0.0,0.8787026405334473
997,0.7976,16,0.3059307336807251,2.497282028198242,0.0,0.8053871393203735
998,0.7984,16,0.31014037132263184,2.4991703033447266,0.0,0.8099744319915771
999,0.7992,16,0.14768478274345398,2.242295980453491,0.0,0.5961439609527588
1000,0.8,16,0.39616531133651733,2.5834360122680664,0.0,0.9128525257110596
1001,0.8008,16,0.23463322222232819,2.411078691482544,0.0,0.7168489694595337
1002,0.8016,16,0.07829403132200241,2.123706102371216,0.0,0.5030352473258972
1003,0.8024,16,0.11620917916297913,2.2006120681762695,0.0,0.5563316345214844
1004,0.8032,16,0.06902914494276047,2.1712288856506348,0.0,0.5032749176025391
1005,0.804,16,0.04216863587498665,2.0576162338256836,0.0,0.45369189977645874
1006,0.8048,16,0.44461649656295776,2.607839345932007,0.0,0.9661843776702881
1007,0.8056,16,0.17314937710762024,2.2774720191955566,0.0,0.6286437511444092
1008,0.8064,16,0.22788085043430328,2.4170515537261963,0.0,0.7112911939620972
1009,0.8072,16,0.06266193836927414,2.1320722103118896,0.0,0.4890764057636261
1010,0.808,16,0.29218292236328125,2.4230241775512695,0.0,0.7767877578735352
1011,0.8088,16,0.41085150837898254,2.565520763397217,0.0,0.9239556789398193
1012,0.8096,16,0.050622910261154175,2.104175090789795,0.0,0.47145792841911316
1013,0.8104,16,0.12656258046627045,2.202453374862671,0.0,0.5670532584190369
1014,0.8112,16,0.1364191323518753,2.179473638534546,0.0,0.5723138451576233
1015,0.812,16,0.17906799912452698,2.2847020626068115,0.0,0.6360083818435669
1016,0.8128,16,0.4319690465927124,2.6042885780334473,0.0,0.9528267979621887
1017,0.8136,16,0.0429631844162941,2.0503437519073486,0.0,0.4530319273471832
1018,0.8144,16,0.6102060079574585,2.720994472503662,0.0,1.154404878616333
1019,0.8152,16,0.25507616996765137,2.453606605529785,0.0,0.7457975149154663
1020,0.816,16,0.3126918077468872,2.45039439201355,0.0,0.802770733833313
1021,0.8168,16,0.2018895447254181,2.3721604347229004,0.0,0.6763216257095337
1022,0.8176,16,0.10568410158157349,2.1757497787475586,0.0,0.5408340692520142
1023,0.8184,16,0.49723392724990845,2.659764051437378,0.0,1.029186725616455
1024,0.8192,16,0.16367419064044952,2.252383232116699,0.0,0.6141508221626282
1025,0.82,16,0.036314986646175385,2.024064302444458,0.0,0.44112786650657654
1026,0.8208,16,0.21465355157852173,2.2392826080322266,0.0,0.6625100374221802
1027,0.8216,16,0.29418182373046875,2.5368592739105225,0.0,0.8015536665916443
1028,0.8224,16,0.4864431321620941,2.7773823738098145,0.0,1.0419195890426636
1029,0.8232,16,0.5001819729804993,2.828052520751953,0.0,1.0657925605773926
1030,0.824,16,0.13520260155200958,2.2067408561706543,0.0,0.5765507817268372
1031,0.8248,16,0.2912934124469757,2.5593414306640625,0.0,0.8031617403030396
1032,0.8256,16,0.4627508223056793,2.754939079284668,0.0,1.0137386322021484
1033,0.8264,16,0.5182392001152039,2.7176666259765625,0.0,1.0617725849151611
1034,0.8272,16,0.2667763829231262,2.31296706199646,0.0,0.7293697595596313
1035,0.828,16,0.43381232023239136,2.4390063285827637,0.0,0.9216135740280151
1036,0.8288,16,0.1613563597202301,2.191110134124756,0.0,0.5995783805847168
1037,0.8296,16,0.1027807742357254,2.1757736206054688,0.0,0.5379354953765869
1038,0.8304,16,0.18090787529945374,2.293792247772217,0.0,0.6396663188934326
1039,0.8312,16,0.33364519476890564,2.5681512355804443,0.0,0.8472754955291748
1040,0.832,16,0.28772541880607605,2.5483429431915283,0.0,0.7973940372467041
1041,0.8328,16,0.3405819237232208,2.4190735816955566,0.0,0.8243966102600098
1042,0.8336,16,0.21724164485931396,2.3330557346343994,0.0,0.6838527917861938
1043,0.8344,16,0.355132132768631,2.462489366531372,0.0,0.8476300239562988
1044,0.8352,16,0.4752625823020935,2.5017988681793213,0.0,0.9756223559379578
1045,0.836,16,0.23515161871910095,2.2749745845794678,0.0,0.6901465654373169
1046,0.8368,16,0.19848105311393738,2.2808821201324463,0.0,0.6546574831008911
1047,0.8376,16,0.2030055969953537,2.30726957321167,0.0,0.6644595265388489
1048,0.8384,16,0.253947377204895,2.387336254119873,0.0,0.7314146757125854
1049,0.8392,16,0.18385136127471924,2.280153274536133,0.0,0.6398820281028748
1050,0.84,16,0.24873104691505432,2.3682961463928223,0.0,0.7223902940750122
1051,0.8408,16,0.16799890995025635,2.413508415222168,0.0,0.650700569152832
1052,0.8416,16,0.23039138317108154,2.305220127105713,0.0,0.6914354562759399
1053,0.8424,16,0.36843711137771606,2.568206787109375,0.0,0.8820784687995911
1054,0.8432,16,0.1589706540107727,2.245525360107422,0.0,0.608075737953186
1055,0.844,16,0.17749051749706268,2.333552598953247,0.0,0.6442010402679443
1056,0.8448,16,0.27520570158958435,2.4309751987457275,0.0,0.7614007592201233
1057,0.8456,16,0.29515713453292847,2.42496919631958,0.0,0.7801510095596313
1058,0.8464,16,0.1315629482269287,2.2545785903930664,0.0,0.5824786424636841
1059,0.8472,16,0.529956579208374,2.755584716796875,0.0,1.081073522567749
1060,0.848,16,0.098099485039711,2.1302733421325684,0.0,0.5241541862487793
1061,0.8488,16,0.21778814494609833,2.37605357170105,0.0,0.6929988861083984
1062,0.8496,16,0.1515333503484726,2.2240512371063232,0.0,0.5963435769081116
1063,0.8504,16,0.16555938124656677,2.250500202178955,0.0,0.6156594157218933
1064,0.8512,16,0.23085381090641022,2.3737330436706543,0.0,0.7056004405021667
1065,0.852,16,0.10461676120758057,2.167537212371826,0.0,0.5381242036819458
1066,0.8528,16,0.0960412323474884,2.156454086303711,0.0,0.527332067489624
1067,0.8536,16,0.5356099605560303,2.6877541542053223,0.0,1.0731608867645264
1068,0.8544,16,0.11848436295986176,2.222398281097412,0.0,0.5629640221595764
1069,0.8552,16,0.5135107636451721,2.669330596923828,0.0,1.0473768711090088
1070,0.856,16,0.11119429767131805,2.1955513954162598,0.0,0.5503045916557312
1071,0.8568,16,0.1086982861161232,2.1179308891296387,0.0,0.5322844982147217
1072,0.8576,16,0.06766586750745773,2.0881805419921875,0.0,0.48530200123786926
1073,0.8584,16,0.09008882194757462,2.150947093963623,0.0,0.52027827501297
1074,0.8592,16,0.2508831322193146,2.3914737701416016,0.0,0.7291778922080994
1075,0.86,16,0.4110243618488312,2.5793676376342773,0.0,0.9268978834152222
1076,0.8608,16,0.24115662276744843,2.3307089805603027,0.0,0.7072983980178833
1077,0.8616,16,0.27539026737213135,2.4218125343322754,0.0,0.7597527503967285
1078,0.8624,16,0.19662903249263763,2.2380385398864746,0.0,0.6442367434501648
1079,0.8632,16,0.1171884536743164,2.2229413986206055,0.0,0.5617767572402954
1080,0.864,16,0.3086540699005127,2.3161633014678955,0.0,0.7718867063522339
1081,0.8648,16,0.13386793434619904,2.2326462268829346,0.0,0.5803971886634827
1082,0.8656,16,0.334785521030426,2.4993131160736084,0.0,0.8346481323242188
1083,0.8664,16,0.0686580091714859,2.1518614292144775,0.0,0.49903029203414917
1084,0.8672,16,0.35710015892982483,2.5472211837768555,0.0,0.8665443658828735
1085,0.868,16,0.2514193058013916,2.3765673637390137,0.0,0.7267327904701233
1086,0.8688,16,0.3182540535926819,2.5083887577056885,0.0,0.8199318051338196
1087,0.8696,16,0.06840312480926514,2.1208336353302,0.0,0.49256986379623413
1088,0.8704,16,0.4264417290687561,2.507356643676758,0.0,0.9279130697250366
1089,0.8712,16,0.07145237922668457,2.118318557739258,0.0,0.49511608481407166
1090,0.872,16,0.5194092988967896,2.7581162452697754,0.0,1.0710325241088867
1091,0.8728,16,0.0974600538611412,2.1170220375061035,0.0,0.5208644866943359
1092,0.8736,16,0.10456176847219467,2.163696050643921,0.0,0.5373010039329529
1093,0.8744,16,0.14816758036613464,2.305128812789917,0.0,0.6091933250427246
1094,0.8752,16,0.2498803436756134,2.4862537384033203,0.0,0.7471311092376709
1095,0.876,16,0.13068585097789764,2.2324483394622803,0.0,0.577175498008728
1096,0.8768,16,0.17260171473026276,2.3072636127471924,0.0,0.63405442237854
1097,0.8776,16,0.3888418674468994,2.6507434844970703,0.0,0.9189905524253845
1098,0.8784,16,0.1236061379313469,2.238600254058838,0.0,0.5713261961936951
1099,0.8792,16,0.34976744651794434,2.527991771697998,0.0,0.8553658127784729
1100,0.88,16,0.12863026559352875,2.2329416275024414,0.0,0.5752186179161072
1101,0.8808,16,0.2058156132698059,2.2984366416931152,0.0,0.6655029058456421
1102,0.8816,16,0.11964750289916992,2.192902088165283,0.0,0.5582278966903687
1103,0.8824,16,0.1331426054239273,2.2969613075256348,0.0,0.5925348997116089
1104,0.8832,16,0.32862553000450134,2.3908321857452393,0.0,0.8067919611930847
1105,0.884,16,0.19940614700317383,2.38624906539917,0.0,0.6766560077667236
1106,0.8848,16,0.4760679304599762,2.709984540939331,0.0,1.0180648565292358
1107,0.8856,16,0.6225290298461914,2.7602744102478027,0.0,1.174583911895752
1108,0.8864,16,0.4377022385597229,2.6576409339904785,0.0,0.9692304134368896
1109,0.8872,16,0.34812772274017334,2.529508113861084,0.0,0.8540293574333191
1110,0.888,16,0.17067725956439972,2.278693675994873,0.0,0.626416027545929
1111,0.8888,16,0.19771838188171387,2.2360377311706543,0.0,0.6449259519577026
1112,0.8896,16,0.22252097725868225,2.3816874027252197,0.0,0.6988584995269775
1113,0.8904,16,0.08115006983280182,2.183788776397705,0.0,0.5179078578948975
1114,0.8912,16,0.2659620940685272,2.35848069190979,0.0,0.7376582622528076
1115,0.892,16,0.658890426158905,2.7658584117889404,0.0,1.212062120437622
1116,0.8928,16,0.36266398429870605,2.5874345302581787,0.0,0.8801509141921997
1117,0.8936,16,0.24910256266593933,2.445463180541992,0.0,0.7381951808929443
1118,0.8944,16,0.3614687919616699,2.5719242095947266,0.0,0.8758536577224731
1119,0.8952,16,0.4946855902671814,2.6507673263549805,0.0,1.0248390436172485
1120,0.896,16,0.498516321182251,2.670123815536499,0.0,1.032541036605835
1121,0.8968,16,0.15812456607818604,2.279104471206665,0.0,0.613945484161377
1122,0.8976,16,0.2299262285232544,2.4193332195281982,0.0,0.7137929201126099
1123,0.8984,16,0.11298301815986633,2.2181344032287598,0.0,0.5566098690032959
1124,0.8992,16,0.11825957894325256,2.218461275100708,0.0,0.5619518756866455
1125,0.9,16,0.231877401471138,2.4133145809173584,0.0,0.7145403027534485
1126,0.9008,16,0.25751179456710815,2.434156894683838,0.0,0.7443431615829468
1127,0.9016,16,0.11791235208511353,2.2479496002197266,0.0,0.5675022602081299
1128,0.9024,16,0.08625109493732452,2.150470733642578,0.0,0.5163452625274658
1129,0.9032,16,0.04514487087726593,2.057753086090088,0.0,0.4566954970359802
1130,0.904,16,0.1499558687210083,2.1935935020446777,0.0,0.5886745452880859
1131,0.9048,16,0.11839136481285095,2.215461015701294,0.0,0.5614835619926453
1132,0.9056,16,0.1315409541130066,2.232980966567993,0.0,0.5781371593475342
1133,0.9064,16,0.15521690249443054,2.2208986282348633,0.0,0.5993966460227966
1134,0.9072,16,0.19808967411518097,2.3783576488494873,0.0,0.6737611889839172
1135,0.908,16,0.28406283259391785,2.3039073944091797,0.0,0.7448443174362183
1136,0.9088,16,0.4107712507247925,2.5766286849975586,0.0,0.9260969758033752
1137,0.9096,16,0.5945819616317749,2.83095645904541,0.0,1.1607732772827148
1138,0.9104,16,0.09349054098129272,2.2145957946777344,0.0,0.5364097356796265
1139,0.9112,16,0.08199574053287506,2.1468474864959717,0.0,0.5113652348518372
1140,0.912,16,0.42468076944351196,2.592337131500244,0.0,0.9431481957435608
1141,0.9128,16,0.23468069732189178,2.3580384254455566,0.0,0.7062883973121643
1142,0.9136,16,0.0889395996928215,2.1801605224609375,0.0,0.5249717235565186
1143,0.9144,16,0.2018638402223587,2.389472723007202,0.0,0.6797583699226379
1144,0.9152,16,0.3668651580810547,2.575868606567383,0.0,0.8820388913154602
1145,0.916,16,0.035608746111392975,2.0437939167022705,0.0,0.44436752796173096
1146,0.9168,16,0.4546828866004944,2.584597110748291,0.0,0.9716023206710815
1147,0.9176,16,0.03653489053249359,2.0589308738708496,0.0,0.44832104444503784
1148,0.9184,16,0.4570479989051819,2.630098819732666,0.0,0.9830677509307861
1149,0.9192,16,0.22755588591098785,2.3822836875915527,0.0,0.7040126323699951
1150,0.92,16,0.05287035554647446,2.0932955741882324,0.0,0.471529483795166
1151,0.9208,16,0.06629098951816559,2.1321072578430176,0.0,0.49271243810653687
1152,0.9216,16,0.27320778369903564,2.4308910369873047,0.0,0.7593860030174255
1153,0.9224,16,0.05843258649110794,2.125200033187866,0.0,0.4834725856781006
1154,0.9232,16,0.47284168004989624,2.7952513694763184,0.0,1.031891942024231
1155,0.924,16,0.24143220484256744,2.469973087310791,0.0,0.7354268431663513
1156,0.9248,16,0.31156519055366516,2.424314260482788,0.0,0.7964280843734741
1157,0.9256,16,0.2641028165817261,2.45283842086792,0.0,0.7546705007553101
1158,0.9264,16,0.44047901034355164,2.528686046600342,0.0,0.9462162256240845
1159,0.9272,16,0.08129234611988068,2.203098773956299,0.0,0.5219120979309082
1160,0.928,16,0.1802981197834015,2.3391404151916504,0.0,0.6481262445449829
1161,0.9288,16,0.3485969305038452,2.5813751220703125,0.0,0.8648719787597656
1162,0.9296,16,0.5166938900947571,2.8778703212738037,0.0,1.0922679901123047
1163,0.9304,16,0.26215556263923645,2.2978477478027344,0.0,0.7217251062393188
1164,0.9312,16,0.7540541291236877,3.210235595703125,0.0,1.3961012363433838
1165,0.932,16,0.38725709915161133,2.55415678024292,0.0,0.8980884552001953
1166,0.9328,16,0.15646512806415558,2.2258005142211914,0.0,0.6016252636909485
1167,0.9336,16,0.16392368078231812,2.214737892150879,0.0,0.6068712472915649
1168,0.9344,16,0.16218455135822296,2.143734931945801,0.0,0.5909315347671509
1169,0.9352,16,0.13351409137248993,2.2348198890686035,0.0,0.5804780721664429
1170,0.936,16,0.08955508470535278,2.2034552097320557,0.0,0.5302461385726929
1171,0.9368,16,0.25017809867858887,2.4756088256835938,0.0,0.7452998757362366
1172,0.9376,16,0.5115280747413635,2.720330238342285,0.0,1.0555942058563232
1173,0.9384,16,0.4957064688205719,2.661250352859497,0.0,1.0279566049575806
1174,0.9392,16,0.09020285308361053,2.1475038528442383,0.0,0.5197036266326904
1175,0.94,16,0.30265915393829346,2.432760238647461,0.0,0.7892112135887146
1176,0.9408,16,0.24053886532783508,2.443560838699341,0.0,0.7292510271072388
1177,0.9416,16,0.13663385808467865,2.2409751415252686,0.0,0.5848289132118225
1178,0.9424,16,0.5746774673461914,2.7180323600769043,0.0,1.118283987045288
1179,0.9432,16,0.3112991750240326,2.4772908687591553,0.0,0.8067573308944702
1180,0.944,16,0.07149658352136612,2.058046340942383,0.0,0.4831058382987976
1181,0.9448,16,0.19242802262306213,2.288989305496216,0.0,0.6502258777618408
1182,0.9456,16,0.2884323000907898,2.4755916595458984,0.0,0.7835506200790405
1183,0.9464,16,0.05969582498073578,2.1238183975219727,0.0,0.4844595193862915
1184,0.9472,16,0.14703699946403503,2.290605068206787,0.0,0.6051580309867859
1185,0.948,16,0.10983660817146301,2.2553954124450684,0.0,0.5609157085418701
1186,0.9488,16,0.31350716948509216,2.5197205543518066,0.0,0.8174512386322021
1187,0.9496,16,0.3933923542499542,2.6031837463378906,0.0,0.9140291213989258
1188,0.9504,16,0.2710510194301605,2.4777743816375732,0.0,0.7666059136390686
1189,0.9512,16,0.36543911695480347,2.5756826400756836,0.0,0.8805756568908691
1190,0.952,16,0.44013726711273193,2.574556589126587,0.0,0.9550486207008362
1191,0.9528,16,0.3764025866985321,2.5268349647521973,0.0,0.8817695379257202
1192,0.9536,16,0.05095019191503525,2.1321938037872314,0.0,0.47738897800445557
1193,0.9544,16,0.14732742309570312,2.2504804134368896,0.0,0.5974235534667969
1194,0.9552,16,0.14482884109020233,2.3141331672668457,0.0,0.6076554656028748
1195,0.956,16,0.41449564695358276,2.3494911193847656,0.0,0.8843938708305359
1196,0.9568,16,0.18526136875152588,2.2548623085021973,0.0,0.6362338066101074
1197,0.9576,16,0.1357881724834442,2.177948474884033,0.0,0.5713778734207153
1198,0.9584,16,0.5634737014770508,2.648149013519287,0.0,1.0931035280227661
1199,0.9592,16,0.0655798465013504,2.070319175720215,0.0,0.47964370250701904
1200,0.96,16,0.03030620515346527,2.0344133377075195,0.0,0.43718886375427246
1201,0.9608,16,0.38142141699790955,2.5202977657318115,0.0,0.8854809999465942
1202,0.9616,16,0.3482062816619873,2.5397017002105713,0.0,0.8561466336250305
1203,0.9624,16,0.21523839235305786,2.345311403274536,0.0,0.6843006610870361
1204,0.9632,16,0.2167065292596817,2.4191067218780518,0.0,0.7005279064178467
1205,0.964,16,0.24282051622867584,2.4304442405700684,0.0,0.7289093732833862
1206,0.9648,16,0.07047164440155029,2.103516101837158,0.0,0.4911748766899109
1207,0.9656,16,0.21270328760147095,2.298128843307495,0.0,0.6723290681838989
1208,0.9664,16,0.2665419280529022,2.30826997756958,0.0,0.7281959056854248
1209,0.9672,16,0.16762569546699524,2.1887741088867188,0.0,0.6053805351257324
1210,0.968,16,0.7929210066795349,2.6748321056365967,0.0,1.3278874158859253
1211,0.9688,16,0.36751052737236023,2.5362777709960938,0.0,0.8747661113739014
1212,0.9696,16,0.22064442932605743,2.3689045906066895,0.0,0.6944253444671631
1213,0.9704,16,0.08305498957633972,2.0999984741210938,0.0,0.503054678440094
1214,0.9712,16,0.03282935544848442,2.0331389904022217,0.0,0.43945714831352234
1215,0.972,16,0.21841055154800415,2.3380346298217773,0.0,0.6860175132751465
1216,0.9728,16,0.5110926032066345,2.538205146789551,0.0,1.0187336206436157
1217,0.9736,16,0.26951339840888977,2.4753756523132324,0.0,0.7645885348320007
1218,0.9744,16,0.5471529364585876,2.727661609649658,0.0,1.0926852226257324
1219,0.9752,16,0.5604233145713806,2.82747220993042,0.0,1.1259177923202515
1220,0.976,16,0.5487104654312134,2.750863552093506,0.0,1.0988831520080566
1221,0.9768,16,0.28600022196769714,2.4997782707214355,0.0,0.7859559059143066
1222,0.9776,16,0.16377729177474976,2.2267589569091797,0.0,0.6091290712356567
1223,0.9784,16,0.27098962664604187,2.3793580532073975,0.0,0.7468612194061279
1224,0.9792,16,0.11361637711524963,2.1527068614959717,0.0,0.5441577434539795
1225,0.98,16,0.14685924351215363,2.243107795715332,0.0,0.5954807996749878
1226,0.9808,16,0.05348236486315727,2.06000018119812,0.0,0.4654823839664459
1227,0.9816,16,0.11794718354940414,2.205467700958252,0.0,0.5590407252311707
1228,0.9824,16,0.05339479446411133,2.0818347930908203,0.0,0.46976175904273987
1229,0.9832,16,0.0437425933778286,2.046090841293335,0.0,0.4529607594013214
1230,0.984,16,0.5141280889511108,2.5948195457458496,0.0,1.0330920219421387
1231,0.9848,16,0.12073956429958344,2.2880053520202637,0.0,0.5783406496047974
1232,0.9856,16,0.3580559492111206,2.4080870151519775,0.0,0.8396733999252319
1233,0.9864,16,0.6470721364021301,2.847407817840576,0.0,1.2165536880493164
1234,0.9872,16,0.4731423258781433,2.414914608001709,0.0,0.9561252593994141
1235,0.988,16,0.15379348397254944,2.2840304374694824,0.0,0.6105995774269104
1236,0.9888,16,0.19274920225143433,2.2706117630004883,0.0,0.6468715667724609
1237,0.9896,16,0.47051218152046204,2.6948323249816895,0.0,1.0094786882400513
1238,0.9904,16,0.11271464079618454,2.200122833251953,0.0,0.5527392029762268
1239,0.9912,16,0.16323994100093842,2.2593636512756348,0.0,0.6151126623153687
1240,0.992,16,0.21484839916229248,2.35170316696167,0.0,0.6851890087127686
1241,0.9928,16,0.361036479473114,2.609175443649292,0.0,0.8828715682029724
1242,0.9936,16,0.2309064269065857,2.361873149871826,0.0,0.703281044960022
1243,0.9944,16,0.0661146491765976,2.1233866214752197,0.0,0.4907919764518738
1244,0.9952,16,0.03529626131057739,2.0181796550750732,0.0,0.4389322102069855
1245,0.996,16,0.43291497230529785,2.701648712158203,0.0,0.9732447266578674
1246,0.9968,16,0.1640317738056183,2.2586379051208496,0.0,0.6157593727111816
1247,0.9976,16,0.17683839797973633,2.2960562705993652,0.0,0.6360496282577515
1248,0.9984,16,0.08275902271270752,2.14644455909729,0.0,0.5120479464530945
1249,0.9992,16,0.16978448629379272,2.3093249797821045,0.0,0.6316494941711426
1250,1.0,16,0.13974939286708832,2.1709766387939453,0.0,0.5739447474479675
1251,1.0008,16,0.231527179479599,2.4123854637145996,0.0,0.7140042781829834
1252,1.0016,16,0.23201486468315125,2.4159021377563477,0.0,0.7151952981948853
1253,1.0024,16,0.2330332249403,2.36643123626709,0.0,0.7063194513320923
1254,1.0032,16,0.038117147982120514,2.0538535118103027,0.0,0.4488878548145294
1255,1.004,16,0.03281078487634659,2.034156560897827,0.0,0.4396421015262604
1256,1.0048,16,0.08494351804256439,2.084782838821411,0.0,0.5019000768661499
1257,1.0056,16,0.061351556330919266,2.122162342071533,0.0,0.48578405380249023
1258,1.0064,16,0.16272296011447906,2.32358980178833,0.0,0.6274409294128418
1259,1.0072,16,0.024653226137161255,1.9860024452209473,0.0,0.4218537211418152
1260,1.008,16,0.027985960245132446,2.0119192600250244,0.0,0.4303698241710663
1261,1.0088,16,0.07252505421638489,2.1335978507995605,0.0,0.4992446303367615
1262,1.0096,16,0.4473980665206909,2.8062963485717773,0.0,1.0086573362350464
1263,1.0104,16,0.02837952971458435,1.9986884593963623,0.0,0.42811721563339233
1264,1.0112,16,0.204046368598938,2.4059019088745117,0.0,0.6852267980575562
1265,1.012,16,0.010909375734627247,1.9601554870605469,0.0,0.4029404819011688
1266,1.0128,16,0.03468377888202667,2.050919532775879,0.0,0.44486767053604126
1267,1.0136,16,0.046844206750392914,2.02885103225708,0.0,0.452614426612854
1268,1.0144,16,0.2521585524082184,2.4134435653686523,0.0,0.7348473072052002
1269,1.0152,16,0.027631865814328194,1.985417127609253,0.0,0.4247153103351593
1270,1.016,16,0.012929558753967285,1.9806960821151733,0.0,0.4090687930583954
1271,1.0168,16,0.41188424825668335,2.6772849559783936,0.0,0.94734126329422
1272,1.0176,16,0.31297796964645386,2.6646552085876465,0.0,0.8459089994430542
1273,1.0184,16,0.22258305549621582,2.3584859371185303,0.0,0.6942802667617798
1274,1.0192,16,0.11358451098203659,2.204977035522461,0.0,0.5545799136161804
1275,1.02,16,0.010011143051087856,1.970235824584961,0.0,0.4040583074092865
1276,1.0208,16,0.3148041367530823,2.637976884841919,0.0,0.842399537563324
1277,1.0216,16,0.2038646787405014,2.335693836212158,0.0,0.6710034608840942
1278,1.0224,16,0.1471259444952011,2.3079400062561035,0.0,0.6087139248847961
1279,1.0232,16,0.03242575004696846,2.0792369842529297,0.0,0.4482731521129608
1280,1.024,16,0.0971560999751091,2.2345991134643555,0.0,0.5440759062767029
1281,1.0248,16,0.009062433615326881,1.955474615097046,0.0,0.4001573622226715
1282,1.0256,16,0.3065791130065918,2.5117502212524414,0.0,0.8089291453361511
1283,1.0264,16,0.011305423453450203,1.9635013341903687,0.0,0.4040057063102722
1284,1.0272,16,0.008177896030247211,1.9564121961593628,0.0,0.3994603455066681
1285,1.028,16,0.6033072471618652,3.2752561569213867,0.0,1.2583584785461426
1286,1.0288,16,0.061705853790044785,2.129984140396118,0.0,0.48770269751548767
1287,1.0296,16,0.4214140772819519,2.7271018028259277,0.0,0.9668344259262085
1288,1.0304,16,0.02620294876396656,2.0139927864074707,0.0,0.42900151014328003
1289,1.0312,16,0.30492743849754333,2.5598602294921875,0.0,0.8168995380401611
1290,1.032,16,0.4602798819541931,2.607300043106079,0.0,0.98173987865448
1291,1.0328,16,0.09867695719003677,2.140307903289795,0.0,0.5267385244369507
1292,1.0336,16,0.013605866581201553,1.977048397064209,0.0,0.4090155363082886
1293,1.0344,16,0.018940355628728867,2.004955291748047,0.0,0.41993141174316406
1294,1.0352,16,0.026192201301455498,2.017274856567383,0.0,0.42964717745780945
1295,1.036,16,0.32961562275886536,2.4973926544189453,0.0,0.8290941715240479
1296,1.0368,16,0.0635782927274704,2.089928150177002,0.0,0.481563925743103
1297,1.0376,16,0.3929359018802643,2.6630163192749023,0.0,0.9255391359329224
1298,1.0384,16,0.13682173192501068,2.211381196975708,0.0,0.5790979862213135
1299,1.0392,16,0.16618138551712036,2.2855467796325684,0.0,0.6232907772064209
1300,1.04,16,0.02107711136341095,1.9908196926116943,0.0,0.4192410707473755
1301,1.0408,16,0.016475703567266464,1.9762420654296875,0.0,0.41172412037849426
1302,1.0416,16,0.12994080781936646,2.1615514755249023,0.0,0.562251091003418
1303,1.0424,16,0.20103423297405243,2.3845205307006836,0.0,0.6779383420944214
1304,1.0432,16,0.21228408813476562,2.3846287727355957,0.0,0.6892098188400269
1305,1.044,16,0.1998194307088852,2.221355676651001,0.0,0.6440905928611755
1306,1.0448,16,0.32017895579338074,2.6444802284240723,0.0,0.8490749597549438
1307,1.0456,16,0.022374248132109642,1.985105037689209,0.0,0.4193952679634094
1308,1.0464,16,0.17926320433616638,2.2906742095947266,0.0,0.6373980641365051
1309,1.0472,16,0.029973071068525314,2.040585994720459,0.0,0.4380902647972107
1310,1.048,16,0.08809150010347366,2.1864423751831055,0.0,0.52538001537323
1311,1.0488,16,0.43376973271369934,2.76444149017334,0.0,0.9866580963134766
1312,1.0496,16,0.008279925212264061,1.954392671585083,0.0,0.39915844798088074
1313,1.0504,16,0.02307426743209362,2.0052971839904785,0.0,0.4241337180137634
1314,1.0512,16,0.1214623749256134,2.2763190269470215,0.0,0.5767261981964111
1315,1.052,16,0.28131285309791565,2.464087963104248,0.0,0.7741304636001587
1316,1.0528,16,0.1099381074309349,2.150383949279785,0.0,0.540014922618866
1317,1.0536,16,0.08841198682785034,2.122936964035034,0.0,0.512999415397644
1318,1.0544,16,0.050588496029376984,2.0650157928466797,0.0,0.46359166502952576
1319,1.0552,16,0.15720149874687195,2.2898545265197754,0.0,0.6151723861694336
1320,1.056,16,0.14736045897006989,2.315078020095825,0.0,0.6103760600090027
1321,1.0568,16,0.043185580521821976,2.059701919555664,0.0,0.45512598752975464
1322,1.0576,16,0.13529838621616364,2.2856175899505615,0.0,0.5924218893051147
1323,1.0584,16,0.20412218570709229,2.3803086280822754,0.0,0.6801838874816895
1324,1.0592,16,0.026439299806952477,2.046936511993408,0.0,0.4358266294002533
1325,1.06,16,0.10040780156850815,2.187180519104004,0.0,0.5378438830375671
1326,1.0608,16,0.4221123158931732,2.581526756286621,0.0,0.9384176731109619
1327,1.0616,16,0.010866817086935043,1.9745755195617676,0.0,0.40578192472457886
1328,1.0624,16,0.33018532395362854,2.567469835281372,0.0,0.8436793088912964
1329,1.0632,16,0.09831231832504272,2.1616315841674805,0.0,0.5306386351585388
1330,1.064,16,0.06966760009527206,2.1461825370788574,0.0,0.49890410900115967
1331,1.0648,16,0.24904491007328033,2.391108751296997,0.0,0.7272666692733765
1332,1.0656,16,0.76254802942276,3.063305377960205,0.0,1.375209093093872
1333,1.0664,16,0.0721154436469078,2.1029229164123535,0.0,0.4927000403404236
1334,1.0672,16,0.18573212623596191,2.3314766883850098,0.0,0.6520274877548218
1335,1.068,16,0.3293392062187195,2.4929921627044678,0.0,0.8279376029968262
1336,1.0688,16,0.3511613607406616,2.628516674041748,0.0,0.8768647313117981
1337,1.0695999999999999,16,0.2689031660556793,2.43902850151062,0.0,0.7567088603973389
1338,1.0704,16,0.4172385632991791,2.7098560333251953,0.0,0.9592097997665405
1339,1.0712,16,0.4527795910835266,2.7511627674102783,0.0,1.0030121803283691
1340,1.072,16,0.020481498911976814,2.005014419555664,0.0,0.4214843809604645
1341,1.0728,16,0.03122059814631939,2.0243453979492188,0.0,0.4360896646976471
1342,1.0735999999999999,16,0.08692541718482971,2.0767133235931396,0.0,0.5022680759429932
1343,1.0744,16,0.48958852887153625,2.771892547607422,0.0,1.0439670085906982
1344,1.0752,16,0.018788691610097885,1.9853768348693848,0.0,0.41586408019065857
1345,1.076,16,0.21729913353919983,2.3843562602996826,0.0,0.694170355796814
1346,1.0768,16,0.10296769440174103,2.1201791763305664,0.0,0.5270035266876221
1347,1.0776,16,0.18709099292755127,2.3034167289733887,0.0,0.647774338722229
1348,1.0784,16,0.3430134952068329,2.547518014907837,0.0,0.8525171279907227
1349,1.0792,16,0.2955036759376526,2.5748658180236816,0.0,0.8104768395423889
1350,1.08,16,0.0804249495267868,2.1183881759643555,0.0,0.5041025876998901
1351,1.0808,16,0.1491774320602417,2.2349748611450195,0.0,0.5961724519729614
1352,1.0816,16,0.023866964504122734,2.0263829231262207,0.0,0.4291435480117798
1353,1.0824,16,0.061081722378730774,2.1000237464904785,0.0,0.48108649253845215
1354,1.0832,16,0.07902931421995163,2.086264133453369,0.0,0.496282160282135
1355,1.084,16,0.19697949290275574,2.275759220123291,0.0,0.6521313190460205
1356,1.0848,16,0.08225318789482117,2.140181303024292,0.0,0.5102894306182861
1357,1.0856,16,0.06736470758914948,2.1074273586273193,0.0,0.4888501763343811
1358,1.0864,16,0.029313376173377037,2.033792018890381,0.0,0.4360717833042145
1359,1.0872,16,0.06968224048614502,2.096755027770996,0.0,0.4890332520008087
1360,1.088,16,0.05896284431219101,2.100368022918701,0.0,0.47903645038604736
1361,1.0888,16,0.13582931458950043,2.2762327194213867,0.0,0.5910758376121521
1362,1.0896,16,0.011793376877903938,1.9728593826293945,0.0,0.4063652455806732
1363,1.0904,16,0.10326991230249405,2.2023708820343018,0.0,0.5437440872192383
1364,1.0912,16,0.36431676149368286,2.636542320251465,0.0,0.8916252255439758
1365,1.092,16,0.3945448100566864,2.78178071975708,0.0,0.9509009122848511
1366,1.0928,16,0.06621096283197403,2.1301167011260986,0.0,0.4922342896461487
1367,1.0936,16,0.06100282073020935,2.1202797889709473,0.0,0.4850587844848633
1368,1.0944,16,0.12729601562023163,2.188014030456543,0.0,0.5648988485336304
1369,1.0952,16,0.06742039322853088,2.0916309356689453,0.0,0.4857465922832489
1370,1.096,16,0.2717207670211792,2.3793785572052,0.0,0.7475965023040771
1371,1.0968,16,0.21322394907474518,2.319265127182007,0.0,0.6770769953727722
1372,1.0976,16,0.05413427948951721,2.0958914756774902,0.0,0.4733125865459442
1373,1.0984,16,0.025417344644665718,2.0388851165771484,0.0,0.4331943988800049
1374,1.0992,16,0.016240816563367844,1.9896389245986938,0.0,0.4141685962677002
1375,1.1,16,0.2232396900653839,2.2709546089172363,0.0,0.6774306297302246
1376,1.1008,16,0.042505212128162384,2.0908570289611816,0.0,0.4606766104698181
1377,1.1016,16,0.00902239978313446,1.9623618125915527,0.0,0.40149474143981934
1378,1.1024,16,0.514548659324646,2.795074462890625,0.0,1.073563575744629
1379,1.1032,16,0.007727992720901966,1.9603238105773926,0.0,0.39979276061058044
1380,1.104,16,0.2655270993709564,2.504669427871704,0.0,0.7664610147476196
1381,1.1048,16,0.48572778701782227,2.8690218925476074,0.0,1.0595321655273438
1382,1.1056,16,0.008136230520904064,1.9623651504516602,0.0,0.4006092846393585
1383,1.1064,16,0.6299439668655396,2.9083707332611084,0.0,1.211618185043335
1384,1.1072,16,0.12895771861076355,2.2881221771240234,0.0,0.5865821838378906
1385,1.108,16,0.41452184319496155,2.7776150703430176,0.0,0.9700448513031006
1386,1.1088,16,0.22725875675678253,2.4163401126861572,0.0,0.7105267643928528
1387,1.1096,16,0.02339957095682621,2.005295753479004,0.0,0.42445871233940125
1388,1.1104,16,0.1684296578168869,2.3394062519073486,0.0,0.6363109350204468
1389,1.1112,16,0.008706638589501381,1.9660873413085938,0.0,0.40192410349845886
1390,1.112,16,0.04229282960295677,2.033053398132324,0.0,0.44890353083610535
1391,1.1128,16,0.15922753512859344,2.253950595855713,0.0,0.6100176572799683
1392,1.1136,16,0.2832489013671875,2.612781524658203,0.0,0.8058052062988281
1393,1.1144,16,0.043491851538419724,2.049259662628174,0.0,0.45334377884864807
1394,1.1152,16,0.010630463249981403,1.9720051288604736,0.0,0.4050315022468567
1395,1.116,16,0.04793588072061539,2.0572586059570312,0.0,0.4593876004219055
1396,1.1168,16,0.0962793305516243,2.1774115562438965,0.0,0.531761646270752
1397,1.1176,16,0.2403418868780136,2.441941738128662,0.0,0.7287302613258362
1398,1.1184,16,0.0374227836728096,2.0699687004089355,0.0,0.4514165222644806
1399,1.1192,16,0.21805286407470703,2.3603315353393555,0.0,0.6901191473007202
1400,1.12,16,0.18933287262916565,2.3771281242370605,0.0,0.6647585034370422
1401,1.1208,16,0.6018960475921631,2.7905712127685547,0.0,1.1600103378295898
1402,1.1216,16,0.33033376932144165,2.5578701496124268,0.0,0.841907799243927
1403,1.1224,16,0.013443736359477043,1.9906501770019531,0.0,0.41157376766204834
1404,1.1232,16,0.2063436210155487,2.3603014945983887,0.0,0.678403913974762
1405,1.124,16,0.04894275218248367,2.068279504776001,0.0,0.46259865164756775
1406,1.1248,16,0.015758980065584183,1.9981365203857422,0.0,0.41538628935813904
1407,1.1256,16,0.009109798818826675,1.9677635431289673,0.0,0.4026625156402588
1408,1.1264,16,0.34658247232437134,2.5637078285217285,0.0,0.859324038028717
1409,1.1272,16,0.3484273850917816,2.5837907791137695,0.0,0.8651854991912842
1410,1.1280000000000001,16,0.38087332248687744,2.61706805229187,0.0,0.9042869210243225
1411,1.1288,16,0.020769422873854637,1.9801172018051147,0.0,0.4167928695678711
1412,1.1296,16,0.11297397315502167,2.1201653480529785,0.0,0.5370070338249207
1413,1.1304,16,0.0495825819671154,2.0455546379089355,0.0,0.4586935043334961
1414,1.1312,16,0.009980185888707638,1.9829614162445068,0.0,0.40657246112823486
1415,1.1320000000000001,16,0.09709721803665161,2.1245250701904297,0.0,0.5220022201538086
1416,1.1328,16,0.01644907332956791,1.9985322952270508,0.0,0.41615551710128784
1417,1.1336,16,0.007505550980567932,1.9617938995361328,0.0,0.3998643159866333
1418,1.1344,16,0.2117719054222107,2.2962803840637207,0.0,0.6710280179977417
1419,1.1352,16,0.024230284616351128,2.034499168395996,0.0,0.4311301112174988
1420,1.1360000000000001,16,0.14902840554714203,2.194410562515259,0.0,0.587910532951355
1421,1.1368,16,0.32748883962631226,2.6330363750457764,0.0,0.8540961146354675
1422,1.1376,16,0.04101951792836189,2.124791145324707,0.0,0.4659777581691742
1423,1.1384,16,0.5385025143623352,2.9189414978027344,0.0,1.122290849685669
1424,1.1392,16,0.14062918722629547,2.307443141937256,0.0,0.6021178364753723
1425,1.1400000000000001,16,0.19887477159500122,2.33062744140625,0.0,0.6650002598762512
1426,1.1408,16,0.3196183443069458,2.4633514881134033,0.0,0.8122886419296265
1427,1.1416,16,1.1899818181991577,3.5070931911468506,0.0,1.8914004564285278
1428,1.1424,16,0.32828080654144287,2.5014519691467285,0.0,0.8285712003707886
1429,1.1432,16,0.13821615278720856,2.2610111236572266,0.0,0.5904183983802795
1430,1.144,16,0.2518540322780609,2.4522035121917725,0.0,0.7422947287559509
1431,1.1448,16,0.24040129780769348,2.2960023880004883,0.0,0.6996017694473267
1432,1.1456,16,0.0878380686044693,2.152373790740967,0.0,0.5183128118515015
1433,1.1464,16,0.11325883865356445,2.2210986614227295,0.0,0.5574785470962524
1434,1.1472,16,0.013866212218999863,1.9962131977081299,0.0,0.41310885548591614
1435,1.148,16,0.309824138879776,2.275857448577881,0.0,0.7649956345558167
1436,1.1488,16,0.014182417653501034,1.9934742450714111,0.0,0.41287726163864136
1437,1.1496,16,0.1748274266719818,2.332345962524414,0.0,0.6412966251373291
1438,1.1504,16,0.06780727207660675,2.1580820083618164,0.0,0.49942368268966675
1439,1.1512,16,0.17452086508274078,2.287968635559082,0.0,0.632114589214325
1440,1.152,16,0.16111482679843903,2.2606911659240723,0.0,0.6132530570030212
1441,1.1528,16,0.10365794599056244,2.237049102783203,0.0,0.5510677695274353
1442,1.1536,16,0.0687670037150383,2.1628785133361816,0.0,0.5013427138328552
1443,1.1544,16,0.2776891589164734,2.424943685531616,0.0,0.7626779079437256
1444,1.1552,16,0.1364631950855255,2.24436092376709,0.0,0.585335373878479
1445,1.156,16,0.11831720173358917,2.0782339572906494,0.0,0.5339639782905579
1446,1.1568,16,0.4019075036048889,2.6267619132995605,0.0,0.9272599220275879
1447,1.1576,16,0.12207609415054321,2.1879994869232178,0.0,0.5596759915351868
1448,1.1584,16,0.30259189009666443,2.3912405967712402,0.0,0.7808400392532349
1449,1.1592,16,0.09425045549869537,2.191587448120117,0.0,0.5325679779052734
1450,1.16,16,0.2100072205066681,2.3483104705810547,0.0,0.6796693205833435
1451,1.1608,16,0.08293689042329788,2.13413667678833,0.0,0.5097642540931702
1452,1.1616,16,0.08690254390239716,2.177727699279785,0.0,0.5224480628967285
1453,1.1623999999999999,16,0.11928870528936386,2.2432186603546143,0.0,0.5679324269294739
1454,1.1632,16,0.11360154300928116,2.27304744720459,0.0,0.568211019039154
1455,1.164,16,0.03034847415983677,2.025560140609741,0.0,0.43546050786972046
1456,1.1648,16,0.03817547857761383,2.0247983932495117,0.0,0.443135142326355
1457,1.1656,16,0.22283834218978882,2.3001298904418945,0.0,0.6828643083572388
1458,1.1663999999999999,16,0.2698802351951599,2.379493236541748,0.0,0.7457789182662964
1459,1.1672,16,0.10524630546569824,2.2054405212402344,0.0,0.5463343858718872
1460,1.168,16,0.4027770161628723,2.5460166931152344,0.0,0.911980390548706
1461,1.1688,16,0.05956210196018219,2.0984508991241455,0.0,0.47925227880477905
1462,1.1696,16,0.03311923146247864,2.083681583404541,0.0,0.4498555660247803
1463,1.1703999999999999,16,0.0196667592972517,1.9991165399551392,0.0,0.4194900691509247
1464,1.1712,16,0.022850411012768745,2.0123181343078613,0.0,0.4253140687942505
1465,1.172,16,0.021429670974612236,1.9998948574066162,0.0,0.42140862345695496
1466,1.1728,16,0.1222558468580246,2.1587672233581543,0.0,0.5540093183517456
1467,1.1736,16,0.06394485384225845,2.106715202331543,0.0,0.4852879047393799
1468,1.1743999999999999,16,0.06726382672786713,2.071045398712158,0.0,0.481472909450531
1469,1.1752,16,0.16998523473739624,2.2337450981140137,0.0,0.6167342662811279
1470,1.176,16,0.10923338681459427,2.3033804893493652,0.0,0.5699095129966736
1471,1.1768,16,0.2643212676048279,2.446706771850586,0.0,0.7536625862121582
1472,1.1776,16,0.00919552892446518,1.9677753448486328,0.0,0.4027506113052368
1473,1.1784,16,0.08915651589632034,2.2297890186309814,0.0,0.5351143479347229
1474,1.1792,16,0.08083117008209229,2.1750354766845703,0.0,0.5158382654190063
1475,1.18,16,0.21237894892692566,2.3529748916625977,0.0,0.6829739212989807
1476,1.1808,16,0.011292977258563042,1.9804441928863525,0.0,0.4073818027973175
1477,1.1816,16,0.2270383983850479,2.2670841217041016,0.0,0.680455207824707
1478,1.1824,16,0.7613349556922913,3.103802442550659,0.0,1.382095456123352
1479,1.1832,16,0.19052237272262573,2.158308267593384,0.0,0.6221840381622314
1480,1.184,16,0.14970247447490692,2.178046703338623,0.0,0.5853118300437927
1481,1.1848,16,0.008153378032147884,1.962679147720337,0.0,0.4006892144680023
1482,1.1856,16,0.17034196853637695,2.2561635971069336,0.0,0.6215746998786926
1483,1.1864,16,0.01603693887591362,2.025752544403076,0.0,0.4211874306201935
1484,1.1872,16,0.019591690972447395,2.0152058601379395,0.0,0.4226328730583191
1485,1.188,16,0.016341257840394974,1.9798885583877563,0.0,0.41231897473335266
1486,1.1888,16,0.03868195787072182,2.0458221435546875,0.0,0.447846382856369
1487,1.1896,16,0.01288952212780714,1.980004072189331,0.0,0.40889036655426025
1488,1.1904,16,0.26432719826698303,2.4585676193237305,0.0,0.7560406923294067
1489,1.1912,16,0.6761714220046997,3.171417236328125,0.0,1.3104548454284668
1490,1.192,16,0.007808632683008909,1.9673469066619873,0.0,0.401278018951416
1491,1.1928,16,0.235432967543602,2.383613348007202,0.0,0.7121556401252747
1492,1.1936,16,0.008886666037142277,1.970763087272644,0.0,0.40303927659988403
1493,1.1944,16,0.2981731593608856,2.4550018310546875,0.0,0.7891735434532166
1494,1.1952,16,0.009276985190808773,1.9799458980560303,0.0,0.4052661657333374
1495,1.196,16,0.07517613470554352,2.1548056602478027,0.0,0.5061372518539429
1496,1.1968,16,0.009359745308756828,1.9880399703979492,0.0,0.40696775913238525
1497,1.1976,16,0.22851020097732544,2.25396728515625,0.0,0.6793036460876465
1498,1.1984,16,0.022788871079683304,2.0689709186553955,0.0,0.4365830719470978
1499,1.1992,16,0.036910295486450195,2.002915382385254,0.0,0.43749338388442993
1500,1.2,16,0.34818917512893677,2.720862865447998,0.0,0.8923617601394653
1501,1.2008,16,0.008825786411762238,1.978652834892273,0.0,0.40455636382102966
1502,1.2016,16,0.04690578952431679,2.171766996383667,0.0,0.48125919699668884
1503,1.2024,16,0.00547064421698451,1.951769232749939,0.0,0.39582449197769165
1504,1.2032,16,0.03671974316239357,2.0293335914611816,0.0,0.4425864517688751
1505,1.204,16,0.1578214317560196,2.2219669818878174,0.0,0.6022148132324219
1506,1.2048,16,0.3937409520149231,2.5279862880706787,0.0,0.8993382453918457
1507,1.2056,16,0.3665042221546173,2.585481643676758,0.0,0.8836005926132202
1508,1.2064,16,0.043120771646499634,2.0501136779785156,0.0,0.45314350724220276
1509,1.2072,16,0.008052408695220947,1.974452257156372,0.0,0.40294286608695984
1510,1.208,16,0.5341087579727173,2.742030620574951,0.0,1.0825148820877075
1511,1.2088,16,0.3710532784461975,2.698301315307617,0.0,0.9107135534286499
1512,1.2096,16,0.004997667856514454,1.9568580389022827,0.0,0.3963692784309387
1513,1.2104,16,0.00594744086265564,1.962552547454834,0.0,0.39845794439315796
1514,1.2112,16,0.0062872543931007385,1.9626240730285645,0.0,0.39881205558776855
1515,1.212,16,0.009898046031594276,1.9959031343460083,0.0,0.4090786576271057
1516,1.2128,16,0.2228030413389206,2.3474245071411133,0.0,0.6922879219055176
1517,1.2136,16,0.37793856859207153,2.8144969940185547,0.0,0.9408379793167114
1518,1.2144,16,0.43622705340385437,2.7141966819763184,0.0,0.9790663719177246
1519,1.2152,16,0.23716218769550323,2.361135721206665,0.0,0.709389328956604
1520,1.216,16,0.32898858189582825,2.6670761108398438,0.0,0.8624038696289062
1521,1.2168,16,0.49663522839546204,2.7763772010803223,0.0,1.051910638809204
1522,1.2176,16,0.007649146020412445,1.9709811210632324,0.0,0.40184539556503296
1523,1.2184,16,0.6187463998794556,2.981334924697876,0.0,1.2150133848190308
1524,1.2192,16,0.10205256938934326,2.2104387283325195,0.0,0.5441403388977051
1525,1.22,16,0.020499777048826218,2.0388498306274414,0.0,0.42826974391937256
1526,1.2208,16,0.5790172815322876,2.890805721282959,0.0,1.1571784019470215
1527,1.2216,16,0.24675458669662476,2.361860752105713,0.0,0.7191267013549805
1528,1.2224,16,0.3063901960849762,2.439601421356201,0.0,0.794310450553894
1529,1.2232,16,0.6370662450790405,3.087446689605713,0.0,1.254555583000183
1530,1.224,16,0.32111674547195435,2.514845848083496,0.0,0.8240859508514404
1531,1.2248,16,0.07248204201459885,2.0741183757781982,0.0,0.48730573058128357
1532,1.2256,16,0.31686609983444214,2.607095241546631,0.0,0.8382851481437683
1533,1.2264,16,0.30006179213523865,2.5638437271118164,0.0,0.8128305673599243
1534,1.2272,16,0.19890695810317993,2.341061592102051,0.0,0.6671192646026611
1535,1.228,16,0.44450199604034424,2.565612316131592,0.0,0.9576244950294495
1536,1.2288000000000001,16,0.20192599296569824,2.2842605113983154,0.0,0.6587780714035034
1537,1.2296,16,0.18225131928920746,2.3697924613952637,0.0,0.6562098264694214
1538,1.2304,16,0.17611658573150635,2.2277560234069824,0.0,0.6216678023338318
1539,1.2312,16,0.11902597546577454,2.2279841899871826,0.0,0.5646228194236755
1540,1.232,16,0.012653015553951263,1.9869192838668823,0.0,0.4100368916988373
1541,1.2328000000000001,16,0.48870015144348145,2.6883742809295654,0.0,1.0263750553131104
1542,1.2336,16,0.014421334490180016,1.9899933338165283,0.0,0.41242000460624695
1543,1.2344,16,0.15526774525642395,2.226210594177246,0.0,0.6005098819732666
1544,1.2352,16,0.35325244069099426,2.502880096435547,0.0,0.8538284301757812
1545,1.236,16,0.5780680179595947,2.7885141372680664,0.0,1.1357707977294922
1546,1.2368000000000001,16,0.16767627000808716,2.2524590492248535,0.0,0.6181681156158447
1547,1.2376,16,0.19402627646923065,2.296125888824463,0.0,0.6532514691352844
1548,1.2384,16,0.034955114126205444,2.0792932510375977,0.0,0.45081377029418945
1549,1.2392,16,0.13148312270641327,2.207911491394043,0.0,0.5730654001235962
1550,1.24,16,0.6142856478691101,2.7895987033843994,0.0,1.1722054481506348
1551,1.2408,16,0.06022675707936287,2.0972108840942383,0.0,0.4796689450740814
1552,1.2416,16,0.03131948783993721,2.0539426803588867,0.0,0.44210803508758545
1553,1.2424,16,0.02543981373310089,2.027860641479492,0.0,0.43101197481155396
1554,1.2432,16,0.04873354360461235,2.087938070297241,0.0,0.4663211405277252
1555,1.244,16,0.1345246285200119,2.2513985633850098,0.0,0.584804356098175
1556,1.2448,16,0.256038635969162,2.4283647537231445,0.0,0.7417116165161133
1557,1.2456,16,0.43160882592201233,2.5968565940856934,0.0,0.9509801864624023
1558,1.2464,16,0.04709872230887413,2.1036853790283203,0.0,0.46783581376075745
1559,1.2472,16,0.015644989907741547,1.9994052648544312,0.0,0.41552606225013733
1560,1.248,16,0.08070675283670425,2.1141207218170166,0.0,0.5035309195518494
1561,1.2488,16,0.06630071997642517,2.1751441955566406,0.0,0.5013295412063599
1562,1.2496,16,0.030322663486003876,2.0465965270996094,0.0,0.4396419823169708
1563,1.2504,16,0.23040355741977692,2.3345303535461426,0.0,0.6973096132278442
1564,1.2511999999999999,16,0.30478864908218384,2.4815499782562256,0.0,0.801098644733429
1565,1.252,16,0.3360602855682373,2.4764227867126465,0.0,0.8313448429107666
1566,1.2528000000000001,16,0.17885145545005798,2.364982843399048,0.0,0.6518480181694031
1567,1.2536,16,0.06394705921411514,2.073411464691162,0.0,0.47862935066223145
1568,1.2544,16,0.03199506178498268,2.0387845039367676,0.0,0.4397519528865814
1569,1.2551999999999999,16,0.03937692195177078,2.037982702255249,0.0,0.4469734728336334
1570,1.256,16,0.016683407127857208,1.99861478805542,0.0,0.4164063632488251
1571,1.2568,16,0.02205684408545494,2.029578924179077,0.0,0.4279726445674896
1572,1.2576,16,0.22217689454555511,2.2661218643188477,0.0,0.6754012703895569
1573,1.2584,16,0.030978955328464508,2.042243003845215,0.0,0.43942755460739136
1574,1.2591999999999999,16,0.24862109124660492,2.365034580230713,0.0,0.7216280102729797
1575,1.26,16,0.1379973292350769,2.2849085330963135,0.0,0.5949790477752686
1576,1.2608,16,0.3769358694553375,2.591341495513916,0.0,0.8952041864395142
1577,1.2616,16,0.10211410373449326,2.1656041145324707,0.0,0.5352349281311035
1578,1.2624,16,0.07902628183364868,2.186824321746826,0.0,0.5163911581039429
1579,1.2631999999999999,16,0.4844856858253479,2.593641996383667,0.0,1.0032141208648682
1580,1.264,16,0.46854057908058167,2.7600464820861816,0.0,1.0205498933792114
1581,1.2648,16,0.6489546895027161,2.899900436401367,0.0,1.2289347648620605
1582,1.2656,16,0.03746046498417854,2.047960042953491,0.0,0.4470524787902832
1583,1.2664,16,0.011974840424954891,1.978198528289795,0.0,0.4076145589351654
1584,1.2671999999999999,16,0.011008008383214474,1.9747223854064941,0.0,0.40595248341560364
1585,1.268,16,0.06217063218355179,2.071719169616699,0.0,0.47651445865631104
1586,1.2688,16,0.38919952511787415,2.511155605316162,0.0,0.8914306163787842
1587,1.2696,16,0.2759057581424713,2.434189796447754,0.0,0.7627437114715576
1588,1.2704,16,0.03259812667965889,2.0526771545410156,0.0,0.44313356280326843
1589,1.2711999999999999,16,0.6055043935775757,2.957066297531128,0.0,1.1969176530838013
1590,1.272,16,0.13408872485160828,2.2003965377807617,0.0,0.5741680264472961
1591,1.2728,16,0.008926976472139359,1.9673278331756592,0.0,0.40239256620407104
1592,1.2736,16,0.09611068665981293,2.1863632202148438,0.0,0.533383309841156
1593,1.2744,16,0.010921115055680275,1.975151777267456,0.0,0.40595147013664246
1594,1.2752,16,0.062095075845718384,2.0921502113342285,0.0,0.4805251359939575
1595,1.276,16,0.11851239949464798,2.1355018615722656,0.0,0.5456128120422363
1596,1.2768,16,0.017550906166434288,1.991731882095337,0.0,0.41589730978012085
1597,1.2776,16,0.011569499969482422,1.9820938110351562,0.0,0.4079882800579071
1598,1.2784,16,0.014071948826313019,1.9964425563812256,0.0,0.41336044669151306
1599,1.2792,16,0.08235068619251251,2.168597459793091,0.0,0.5160701870918274
1600,1.28,16,0.030793210491538048,2.0475168228149414,0.0,0.44029659032821655
1601,1.2808,16,0.021058935672044754,1.989396095275879,0.0,0.41893815994262695
1602,1.2816,16,0.26352018117904663,2.4071598052978516,0.0,0.7449521422386169
1603,1.2824,16,0.420235276222229,2.6786956787109375,0.0,0.9559744000434875
1604,1.2832,16,0.8874824643135071,3.42097544670105,0.0,1.571677565574646
1605,1.284,16,0.18034984171390533,2.290236473083496,0.0,0.6383971571922302
1606,1.2848,16,0.01639341562986374,2.008254289627075,0.0,0.4180442988872528
1607,1.2856,16,0.012941574677824974,1.9874261617660522,0.0,0.4104267954826355
1608,1.2864,16,0.41913989186286926,2.6209845542907715,0.0,0.9433368444442749
1609,1.2872,16,0.4847436249256134,2.6536765098571777,0.0,1.0154789686203003
1610,1.288,16,0.37280604243278503,2.4692373275756836,0.0,0.8666535019874573
1611,1.2888,16,0.41610482335090637,2.469468355178833,0.0,0.9099985361099243
1612,1.2896,16,0.3627386689186096,2.6961028575897217,0.0,0.901959240436554
1613,1.2904,16,0.007339450530707836,1.9632036685943604,0.0,0.39998018741607666
1614,1.2912,16,0.025874532759189606,2.038140058517456,0.0,0.43350255489349365
1615,1.292,16,0.5324687957763672,2.9180026054382324,0.0,1.1160693168640137
1616,1.2928,16,0.019288502633571625,2.006348133087158,0.0,0.4205581545829773
1617,1.2936,16,0.0754755362868309,2.1292953491210938,0.0,0.5013346076011658
1618,1.2944,16,0.10230331122875214,2.176687240600586,0.0,0.5376407504081726
1619,1.2952,16,0.007186036556959152,1.959386944770813,0.0,0.3990634083747864
1620,1.296,16,0.11481940746307373,2.243161201477051,0.0,0.5634516477584839
1621,1.2968,16,0.41558483242988586,2.6851773262023926,0.0,0.952620267868042
1622,1.2976,16,0.21208463609218597,2.373373031616211,0.0,0.6867592334747314
1623,1.2984,16,0.14476653933525085,2.1939544677734375,0.0,0.5835574269294739
1624,1.2992,16,0.03318404406309128,2.046255350112915,0.0,0.4424351155757904
1625,1.3,16,0.07760860025882721,2.196392774581909,0.0,0.5168871879577637
1626,1.3008,16,0.3218524158000946,2.4648704528808594,0.0,0.814826488494873
1627,1.3016,16,0.013467472046613693,1.9809284210205078,0.0,0.4096531569957733
1628,1.3024,16,0.28028398752212524,2.298616886138916,0.0,0.7400074005126953
1629,1.3032,16,0.0456673800945282,2.0791096687316895,0.0,0.46148931980133057
1630,1.304,16,0.07639528810977936,2.0885438919067383,0.0,0.4941040873527527
1631,1.3048,16,0.008645465597510338,1.9713382720947266,0.0,0.4029131233692169
1632,1.3056,16,0.015100096352398396,1.9980295896530151,0.0,0.4147060215473175
1633,1.3064,16,0.6142656803131104,2.913214683532715,0.0,1.196908712387085
1634,1.3072,16,0.010654991492629051,1.977824330329895,0.0,0.40621986985206604
1635,1.308,16,0.22562482953071594,2.3231918811798096,0.0,0.6902632117271423
1636,1.3088,16,0.14130505919456482,2.3047752380371094,0.0,0.6022601127624512
1637,1.3096,16,0.29065045714378357,2.4098381996154785,0.0,0.7726181149482727
1638,1.3104,16,0.010988057591021061,1.9803733825683594,0.0,0.40706273913383484
1639,1.3112,16,0.011937133967876434,1.982322335243225,0.0,0.40840160846710205
1640,1.312,16,0.05426416173577309,2.0510191917419434,0.0,0.46446800231933594
1641,1.3128,16,0.013814548961818218,2.0133633613586426,0.0,0.4164872169494629
1642,1.3136,16,0.45946812629699707,2.8587148189544678,0.0,1.0312111377716064
1643,1.3144,16,0.42898622155189514,2.5746989250183105,0.0,0.9439259767532349
1644,1.3152,16,0.28652113676071167,2.31801700592041,0.0,0.7501245737075806
1645,1.316,16,0.011769510805606842,1.9718132019042969,0.0,0.40613216161727905
1646,1.3168,16,0.11512145400047302,2.0742297172546387,0.0,0.5299674272537231
1647,1.3176,16,0.4357055425643921,2.6524882316589355,0.0,0.9662032127380371
1648,1.3184,16,0.03879467397928238,2.099910259246826,0.0,0.45877671241760254
1649,1.3192,16,0.2890295088291168,2.4251346588134766,0.0,0.7740564346313477
1650,1.32,16,0.3100517988204956,2.4404547214508057,0.0,0.7981427907943726
1651,1.3208,16,0.006501989904791117,1.9593404531478882,0.0,0.39837008714675903
1652,1.3216,16,0.9870007634162903,3.1890103816986084,0.0,1.624802827835083
1653,1.3224,16,0.20029455423355103,2.358905792236328,0.0,0.6720757484436035
1654,1.3232,16,0.22766445577144623,2.38995361328125,0.0,0.7056551575660706
1655,1.324,16,0.3375762104988098,2.5697600841522217,0.0,0.8515282273292542
1656,1.3248,16,0.05950915813446045,2.058152675628662,0.0,0.47113969922065735
1657,1.3256000000000001,16,0.024236531928181648,2.012747287750244,0.0,0.42678600549697876
1658,1.3264,16,0.07514700293540955,2.0889909267425537,0.0,0.49294519424438477
1659,1.3272,16,0.32743123173713684,2.5637056827545166,0.0,0.8401724100112915
1660,1.328,16,0.3106193244457245,2.4797449111938477,0.0,0.8065683245658875
1661,1.3288,16,0.020198704674839973,1.999078631401062,0.0,0.4200144410133362
1662,1.3296000000000001,16,0.05108591541647911,2.043929100036621,0.0,0.45987173914909363
1663,1.3304,16,0.2997467517852783,2.437268018722534,0.0,0.7872003316879272
1664,1.3312,16,0.09283700585365295,2.1353373527526855,0.0,0.5199044942855835
1665,1.332,16,0.26119065284729004,2.3892102241516113,0.0,0.7390327453613281
1666,1.3328,16,0.08818312734365463,2.172842502593994,0.0,0.5227516293525696
1667,1.3336000000000001,16,0.022650647908449173,2.0395374298095703,0.0,0.43055814504623413
1668,1.3344,16,0.2087939828634262,2.3353066444396973,0.0,0.6758553385734558
1669,1.3352,16,0.019837945699691772,2.0251107215881348,0.0,0.4248600900173187
1670,1.336,16,0.01691114902496338,1.9897969961166382,0.0,0.41487056016921997
1671,1.3368,16,0.5013666152954102,2.7463455200195312,0.0,1.050635814666748
1672,1.3376000000000001,16,0.0639607384800911,2.110811710357666,0.0,0.48612308502197266
1673,1.3384,16,0.18074649572372437,2.3010647296905518,0.0,0.6409594416618347
1674,1.3392,16,0.12365681678056717,2.208918333053589,0.0,0.5654404759407043
1675,1.34,16,0.2655125856399536,2.334838390350342,0.0,0.7324802875518799
1676,1.3408,16,0.13787318766117096,2.278503656387329,0.0,0.5935739278793335
1677,1.3416000000000001,16,0.01882946491241455,2.0220227241516113,0.0,0.4232340157032013
1678,1.3424,16,0.05278094857931137,2.066661834716797,0.0,0.4661133289337158
1679,1.3432,16,0.23090492188930511,2.4077491760253906,0.0,0.7124547362327576
1680,1.3439999999999999,16,0.1755950152873993,2.3134474754333496,0.0,0.6382845044136047
1681,1.3448,16,0.2593679428100586,2.433985710144043,0.0,0.7461650967597961
1682,1.3456000000000001,16,0.07520439475774765,2.04559063911438,0.0,0.48432254791259766
1683,1.3464,16,0.05229206383228302,2.12575364112854,0.0,0.47744280099868774
1684,1.3472,16,0.3753963112831116,2.647484302520752,0.0,0.904893159866333
1685,1.3479999999999999,16,0.41153109073638916,2.6904473304748535,0.0,0.9496205449104309
1686,1.3488,16,0.33990591764450073,2.550532817840576,0.0,0.850012481212616
1687,1.3496000000000001,16,0.38554051518440247,2.458611011505127,0.0,0.8772627115249634
1688,1.3504,16,0.17920255661010742,2.2778515815734863,0.0,0.6347728967666626
1689,1.3512,16,0.15483759343624115,2.2100412845611572,0.0,0.5968458652496338
1690,1.3519999999999999,16,0.030719051137566566,2.053450345993042,0.0,0.4414091110229492
1691,1.3528,16,0.070406474173069,2.0519003868103027,0.0,0.4807865619659424
1692,1.3536000000000001,16,0.03784363344311714,2.078991413116455,0.0,0.4536419212818146
1693,1.3544,16,0.028803670778870583,2.0411949157714844,0.0,0.4370426535606384
1694,1.3552,16,0.2595005929470062,2.357219696044922,0.0,0.7309445142745972
1695,1.3559999999999999,16,0.2448042333126068,2.372918128967285,0.0,0.7193878889083862
1696,1.3568,16,0.13804411888122559,2.261885166168213,0.0,0.590421199798584
1697,1.3576,16,0.2087031602859497,2.330364227294922,0.0,0.674776017665863
1698,1.3584,16,0.19949881732463837,2.3140406608581543,0.0,0.6623069643974304
1699,1.3592,16,0.1727573573589325,2.2610785961151123,0.0,0.6249730587005615
1700,1.3599999999999999,16,0.3490942120552063,2.5106282234191895,0.0,0.851219892501831
1701,1.3608,16,0.061829667538404465,2.084993362426758,0.0,0.4788283407688141
1702,1.3616,16,0.03639645874500275,2.0612173080444336,0.0,0.4486399292945862
1703,1.3624,16,0.1029994934797287,2.1352968215942383,0.0,0.5300588607788086
1704,1.3632,16,0.17534425854682922,2.282348155975342,0.0,0.6318138837814331
1705,1.3639999999999999,16,0.094582200050354,2.1696367263793945,0.0,0.5285095572471619
1706,1.3648,16,0.11348162591457367,2.1859230995178223,0.0,0.5506662726402283
1707,1.3656,16,0.34563788771629333,2.526768922805786,0.0,0.8509917259216309
1708,1.3664,16,0.06578992307186127,2.092970848083496,0.0,0.48438411951065063
1709,1.3672,16,0.03226689249277115,2.049355983734131,0.0,0.44213807582855225
1710,1.3679999999999999,16,0.10684208571910858,2.13436222076416,0.0,0.5337145328521729
1711,1.3688,16,0.38868948817253113,2.4746816158294678,0.0,0.8836258053779602
1712,1.3696,16,0.14855057001113892,2.182577610015869,0.0,0.5850660800933838
1713,1.3704,16,0.0273361187428236,2.0351359844207764,0.0,0.43436333537101746
1714,1.3712,16,0.11960391700267792,2.234860897064209,0.0,0.5665761232376099
1715,1.3719999999999999,16,0.0266832634806633,2.009225368499756,0.0,0.4285283386707306
1716,1.3728,16,0.26984721422195435,2.361124277114868,0.0,0.7420721054077148
1717,1.3736,16,0.18612584471702576,2.3641836643218994,0.0,0.658962607383728
1718,1.3744,16,0.0317995548248291,2.0462260246276855,0.0,0.44104477763175964
1719,1.3752,16,0.07425074279308319,2.1774158477783203,0.0,0.5097339153289795
1720,1.376,16,0.08021644502878189,2.17036509513855,0.0,0.5142894983291626
1721,1.3768,16,0.4320269823074341,2.6437788009643555,0.0,0.9607827663421631
1722,1.3776,16,0.16533583402633667,2.2242422103881836,0.0,0.6101843118667603
1723,1.3784,16,0.2321523278951645,2.354400157928467,0.0,0.703032374382019
1724,1.3792,16,0.22372423112392426,2.269763946533203,0.0,0.6776770353317261
1725,1.38,16,0.2136271446943283,2.3107070922851562,0.0,0.6757685542106628
1726,1.3808,16,0.016270462423563004,2.0039825439453125,0.0,0.4170669615268707
1727,1.3816,16,0.11874544620513916,2.1667003631591797,0.0,0.5520855188369751
1728,1.3824,16,0.01946200802922249,2.0045979022979736,0.0,0.4203816056251526
1729,1.3832,16,0.018761856481432915,1.9897270202636719,0.0,0.41670724749565125
1730,1.384,16,0.02003193274140358,2.0099525451660156,0.0,0.42202243208885193
1731,1.3848,16,0.35649803280830383,2.620570421218872,0.0,0.8806121349334717
1732,1.3856,16,0.04442639276385307,2.094287157058716,0.0,0.46328380703926086
1733,1.3864,16,0.5670971870422363,2.8150177001953125,0.0,1.1301007270812988
1734,1.3872,16,0.009206349030137062,1.9629918336868286,0.0,0.40180471539497375
1735,1.388,16,0.020174983888864517,2.020198345184326,0.0,0.4242146611213684
1736,1.3888,16,0.13730238378047943,2.177896022796631,0.0,0.5728815793991089
1737,1.3896,16,0.6760491132736206,2.7441911697387695,0.0,1.2248873710632324
1738,1.3904,16,0.01150129921734333,1.9837170839309692,0.0,0.4082447290420532
1739,1.3912,16,0.3718528747558594,2.4560675621032715,0.0,0.8630664348602295
1740,1.392,16,0.779090166091919,2.903904914855957,0.0,1.3598711490631104
1741,1.3928,16,0.27021509408950806,2.4620745182037354,0.0,0.7626299858093262
1742,1.3936,16,0.008150038309395313,1.964888334274292,0.0,0.40112772583961487
1743,1.3944,16,0.17079122364521027,2.251713275909424,0.0,0.6211338639259338
1744,1.3952,16,0.009015267714858055,1.9649862051010132,0.0,0.40201249718666077
1745,1.396,16,0.18225878477096558,2.2265686988830566,0.0,0.6275725364685059
1746,1.3968,16,0.5659079551696777,2.863150119781494,0.0,1.1385380029678345
1747,1.3976,16,0.16374003887176514,2.275723934173584,0.0,0.618884801864624
1748,1.3984,16,0.0234383475035429,2.0084967613220215,0.0,0.4251376986503601
1749,1.3992,16,0.3016883432865143,2.554297924041748,0.0,0.8125479221343994
1750,1.4,16,0.5917184352874756,2.961395263671875,0.0,1.1839975118637085
1751,1.4008,16,0.2773294150829315,2.4724724292755127,0.0,0.7718238830566406
1752,1.4016,16,0.14797921478748322,2.3394417762756348,0.0,0.615867555141449
1753,1.4024,16,0.4886656403541565,2.710376262664795,0.0,1.0307409763336182
1754,1.4032,16,0.1928982436656952,2.2715330123901367,0.0,0.6472048759460449
1755,1.404,16,0.02004437893629074,2.012469530105591,0.0,0.42253831028938293
1756,1.4048,16,0.13495133817195892,2.203237533569336,0.0,0.5755988359451294
1757,1.4056,16,0.015285897068679333,1.993687629699707,0.0,0.41402342915534973
1758,1.4064,16,0.09694083034992218,2.2102770805358887,0.0,0.5389962792396545
1759,1.4072,16,0.10532055795192719,2.192988634109497,0.0,0.5439183115959167
1760,1.408,16,0.00884080771356821,1.9695466756820679,0.0,0.4027501344680786
1761,1.4088,16,0.039159271866083145,2.0363481044769287,0.0,0.44642889499664307
1762,1.4096,16,0.38991671800613403,2.6486339569091797,0.0,0.9196435213088989
1763,1.4104,16,0.48402902483940125,2.8208041191101074,0.0,1.0481898784637451
1764,1.4112,16,0.018607432022690773,2.0097804069519043,0.0,0.4205635190010071
1765,1.412,16,0.2615222632884979,2.4458394050598145,0.0,0.7506901621818542
1766,1.4128,16,0.13862885534763336,2.156310558319092,0.0,0.5698909759521484
1767,1.4136,16,0.31639477610588074,2.503775119781494,0.0,0.8171497583389282
1768,1.4144,16,0.0359264500439167,2.047386646270752,0.0,0.4454037845134735
1769,1.4152,16,0.019335124641656876,1.9975156784057617,0.0,0.4188382625579834
1770,1.416,16,0.30453169345855713,2.44427752494812,0.0,0.7933871746063232
1771,1.4168,16,0.05068216845393181,2.0688235759735107,0.0,0.46444687247276306
1772,1.4176,16,0.2712705731391907,2.469064235687256,0.0,0.7650834321975708
1773,1.4184,16,0.02134723961353302,2.0220470428466797,0.0,0.42575663328170776
1774,1.4192,16,0.7424665689468384,3.139600992202759,0.0,1.3703868389129639
1775,1.42,16,0.010463815182447433,1.974863052368164,0.0,0.4054364264011383
1776,1.4208,16,0.1574096977710724,2.2238330841064453,0.0,0.602176308631897
1777,1.4216,16,0.0553445890545845,2.07320499420166,0.0,0.46998557448387146
1778,1.4224,16,0.03406161814928055,2.033778667449951,0.0,0.44081735610961914
1779,1.4232,16,0.030327286571264267,2.0613200664520264,0.0,0.4425913095474243
1780,1.424,16,0.39167773723602295,2.694176197052002,0.0,0.9305129647254944
1781,1.4248,16,0.10914432257413864,2.08406138420105,0.0,0.5259565711021423
1782,1.4256,16,0.4984590411186218,2.848407745361328,0.0,1.0681406259536743
1783,1.4264000000000001,16,0.010966303758323193,1.9741591215133667,0.0,0.40579813718795776
1784,1.4272,16,0.01809331215918064,1.9803237915039062,0.0,0.41415807604789734
1785,1.428,16,0.3912016749382019,2.300644874572754,0.0,0.8513306379318237
1786,1.4288,16,0.3335198163986206,2.4095561504364014,0.0,0.8154310584068298
1787,1.4296,16,1.0232856273651123,2.9870781898498535,0.0,1.6207013130187988
1788,1.4304000000000001,16,0.4284892678260803,2.350470542907715,0.0,0.8985834121704102
1789,1.4312,16,0.31373295187950134,2.4268641471862793,0.0,0.7991057634353638
1790,1.432,16,0.032614950090646744,2.0472230911254883,0.0,0.44205957651138306
1791,1.4328,16,0.16571062803268433,2.2246291637420654,0.0,0.6106364727020264
1792,1.4336,16,0.11767540872097015,2.2547895908355713,0.0,0.5686333179473877
1793,1.4344000000000001,16,0.012776368297636509,1.9916150569915771,0.0,0.4110994040966034
1794,1.4352,16,0.3326777517795563,2.563770294189453,0.0,0.8454318046569824
1795,1.436,16,0.009919354692101479,1.9762301445007324,0.0,0.4051653742790222
1796,1.4368,16,0.02713751047849655,2.0662879943847656,0.0,0.4403951168060303
1797,1.4376,16,0.5835797190666199,2.5918033123016357,0.0,1.101940393447876
1798,1.4384000000000001,16,0.49124613404273987,2.8860840797424316,0.0,1.0684629678726196
1799,1.4392,16,0.013920562341809273,1.9944710731506348,0.0,0.41281479597091675
1800,1.44,16,0.2860803008079529,2.465224504470825,0.0,0.7791252136230469
1801,1.4408,16,0.2540130317211151,2.429753303527832,0.0,0.739963710308075
1802,1.4416,16,0.031130049377679825,2.0444564819335938,0.0,0.4400213360786438
1803,1.4424000000000001,16,0.5440122485160828,2.8707070350646973,0.0,1.118153691291809
1804,1.4432,16,0.021499574184417725,2.0048892498016357,0.0,0.4224774241447449
1805,1.444,16,0.15369632840156555,2.2522130012512207,0.0,0.604138970375061
1806,1.4447999999999999,16,0.7411037683486938,3.123248815536499,0.0,1.3657535314559937
1807,1.4456,16,0.007981235161423683,1.9618169069290161,0.0,0.4003446400165558
1808,1.4464000000000001,16,0.1328686773777008,2.2335236072540283,0.0,0.579573392868042
1809,1.4472,16,0.020133133977651596,2.013970375061035,0.0,0.42292723059654236
1810,1.448,16,0.16975131630897522,2.265512466430664,0.0,0.6228538155555725
1811,1.4487999999999999,16,0.012904571369290352,1.9812248945236206,0.0,0.40914955735206604
1812,1.4496,16,0.34098127484321594,2.564828395843506,0.0,0.8539469242095947
1813,1.4504000000000001,16,0.09189102053642273,2.1766886711120605,0.0,0.5272287726402283
1814,1.4512,16,0.10186690837144852,2.125222682952881,0.0,0.5269114375114441
1815,1.452,16,0.01645154505968094,1.994287371635437,0.0,0.41530901193618774
1816,1.4527999999999999,16,0.06401011347770691,2.094791889190674,0.0,0.4829685091972351
1817,1.4536,16,0.014070346020162106,1.9920616149902344,0.0,0.4124826490879059
1818,1.4544000000000001,16,0.033891867846250534,2.01106595993042,0.0,0.43610504269599915
1819,1.4552,16,0.2537793815135956,2.417863368988037,0.0,0.7373520731925964
1820,1.456,16,0.4590248167514801,2.7436509132385254,0.0,1.0077550411224365
1821,1.4567999999999999,16,0.014564331620931625,1.9829849004745483,0.0,0.411161333322525
1822,1.4576,16,0.1480012685060501,2.288433074951172,0.0,0.6056879162788391
1823,1.4584,16,0.010487547144293785,1.983443260192871,0.0,0.4071762263774872
1824,1.4592,16,0.2876841425895691,2.4484519958496094,0.0,0.7773745059967041
1825,1.46,16,0.08669023215770721,2.190072536468506,0.0,0.5247047543525696
1826,1.4607999999999999,16,0.13027140498161316,2.170323610305786,0.0,0.5643361210823059
1827,1.4616,16,0.01458066888153553,2.001152276992798,0.0,0.4148111343383789
1828,1.4624,16,0.3453996777534485,2.5444588661193848,0.0,0.8542914390563965
1829,1.4632,16,0.00871618278324604,1.972371220588684,0.0,0.4031904339790344
1830,1.464,16,0.24286812543869019,2.402682304382324,0.0,0.723404586315155
1831,1.4647999999999999,16,0.07900767773389816,2.1610329151153564,0.0,0.5112142562866211
1832,1.4656,16,0.09792257845401764,2.1076529026031494,0.0,0.5194531679153442
1833,1.4664,16,0.20716214179992676,2.348996162414551,0.0,0.6769614219665527
1834,1.4672,16,0.2822269797325134,2.521061420440674,0.0,0.7864392995834351
1835,1.468,16,0.16939419507980347,2.267925262451172,0.0,0.6229792833328247
1836,1.4687999999999999,16,0.08079004287719727,2.157662868499756,0.0,0.5123226642608643
1837,1.4696,16,0.41310733556747437,2.632185220718384,0.0,0.9395443797111511
1838,1.4704,16,0.11469412595033646,2.2122440338134766,0.0,0.557142972946167
1839,1.4712,16,0.00713093439117074,1.9631601572036743,0.0,0.39976295828819275
1840,1.472,16,0.05719445273280144,2.052298069000244,0.0,0.4676540493965149
1841,1.4727999999999999,16,0.3073285222053528,2.4706993103027344,0.0,0.8014683723449707
1842,1.4736,16,0.3399519622325897,2.600527286529541,0.0,0.8600574731826782
1843,1.4744,16,0.02162560261785984,2.010007858276367,0.0,0.42362719774246216
1844,1.4752,16,0.817205548286438,3.098647356033325,0.0,1.4369349479675293
1845,1.476,16,0.010075412690639496,1.9728591442108154,0.0,0.40464726090431213
1846,1.4768,16,0.16428421437740326,2.1781792640686035,0.0,0.5999200940132141
1847,1.4776,16,0.15919779241085052,2.307197332382202,0.0,0.6206372380256653
1848,1.4784,16,0.05270420014858246,2.0888655185699463,0.0,0.47047728300094604
1849,1.4792,16,0.6077917814254761,3.083203077316284,0.0,1.2244324684143066
1850,1.48,16,0.011233191937208176,1.9808661937713623,0.0,0.40740641951560974
1851,1.4808,16,0.1976701021194458,2.357151746749878,0.0,0.6691004633903503
1852,1.4816,16,0.04770132154226303,2.082540988922119,0.0,0.46420952677726746
1853,1.4824,16,0.05566924437880516,2.1104073524475098,0.0,0.4777507185935974
1854,1.4832,16,0.18327639997005463,2.2437076568603516,0.0,0.6320179104804993
1855,1.484,16,0.00888119824230671,1.9696075916290283,0.0,0.4028027355670929
1856,1.4848,16,0.029565591365098953,2.07352352142334,0.0,0.4442703127861023
1857,1.4856,16,0.14489492774009705,2.219442367553711,0.0,0.5887833833694458
1858,1.4864,16,0.008535224944353104,1.9665277004241943,0.0,0.40184077620506287
1859,1.4872,16,0.10660327225923538,2.190845489501953,0.0,0.5447723865509033
1860,1.488,16,0.09846688061952591,2.152031183242798,0.0,0.5288731455802917
1861,1.4888,16,0.1270161271095276,2.2039055824279785,0.0,0.5677972435951233
1862,1.4896,16,0.061499156057834625,2.061253070831299,0.0,0.4737497568130493
1863,1.4904,16,0.008985880762338638,1.967923641204834,0.0,0.40257060527801514
1864,1.4912,16,0.4237760007381439,2.755335807800293,0.0,0.9748431444168091
1865,1.492,16,0.25545093417167664,2.401447296142578,0.0,0.7357404232025146
1866,1.4928,16,0.05532047897577286,2.12215256690979,0.0,0.47975099086761475
1867,1.4936,16,0.01721813715994358,1.995710015296936,0.0,0.41636013984680176
1868,1.4944,16,0.3509655296802521,2.4709630012512207,0.0,0.8451581001281738
1869,1.4952,16,0.19368743896484375,2.276552200317383,0.0,0.6489979028701782
1870,1.496,16,0.05283880978822708,2.098616600036621,0.0,0.47256213426589966
1871,1.4968,16,0.016200058162212372,2.008716344833374,0.0,0.4179433286190033
1872,1.4976,16,0.7246848344802856,2.680783271789551,0.0,1.2608414888381958
1873,1.4984,16,0.15171019732952118,2.26859450340271,0.0,0.6054291129112244
1874,1.4992,16,0.5804277062416077,2.918610095977783,0.0,1.1641497611999512
1875,1.5,16,0.3129679262638092,2.4092321395874023,0.0,0.7948143482208252
1876,1.5008,16,0.3101062774658203,2.4304940700531006,0.0,0.7962051033973694
1877,1.5016,16,0.47579821944236755,2.780400514602661,0.0,1.0318783521652222
1878,1.5024,16,0.3522120714187622,2.5386199951171875,0.0,0.8599360585212708
1879,1.5032,16,0.2560414969921112,2.4384541511535645,0.0,0.7437323331832886
1880,1.504,16,0.1444365680217743,2.2670998573303223,0.0,0.5978565216064453
1881,1.5048,16,0.019385186955332756,2.0047075748443604,0.0,0.42032670974731445
1882,1.5056,16,0.05079628527164459,2.14901065826416,0.0,0.48059844970703125
1883,1.5064,16,0.16310055553913116,2.250781774520874,0.0,0.6132569313049316
1884,1.5072,16,0.11267181485891342,2.2017693519592285,0.0,0.5530256628990173
1885,1.508,16,0.4900432229042053,2.699413776397705,0.0,1.029926061630249
1886,1.5088,16,0.5331594944000244,2.5178189277648926,0.0,1.0367233753204346
1887,1.5096,16,0.06985998153686523,2.0744481086730957,0.0,0.48474961519241333
1888,1.5104,16,0.19167254865169525,2.3239336013793945,0.0,0.6564592719078064
1889,1.5112,16,0.19301915168762207,2.24188232421875,0.0,0.641395628452301
1890,1.512,16,0.353405237197876,2.4179184436798096,0.0,0.8369889259338379
1891,1.5128,16,0.2993360161781311,2.4323744773864746,0.0,0.7858109474182129
1892,1.5135999999999998,16,0.1538897156715393,2.197479248046875,0.0,0.5933855772018433
1893,1.5144,16,0.023693911731243134,2.019716739654541,0.0,0.4276372790336609
1894,1.5152,16,0.011642352677881718,1.976861596107483,0.0,0.4070146977901459
1895,1.516,16,0.01752597838640213,1.9923700094223022,0.0,0.41599997878074646
1896,1.5168,16,0.015333173796534538,1.9931046962738037,0.0,0.41395410895347595
1897,1.5175999999999998,16,0.016852546483278275,2.0100932121276855,0.0,0.4188711941242218
1898,1.5184,16,0.05766470357775688,2.0528266429901123,0.0,0.4682300388813019
1899,1.5192,16,0.7798300385475159,2.9090871810913086,0.0,1.3616474866867065
1900,1.52,16,0.1193036139011383,2.1540932655334473,0.0,0.5501222610473633
1901,1.5208,16,0.30016836524009705,2.4380271434783936,0.0,0.7877737879753113
1902,1.5215999999999998,16,0.06035131588578224,2.082001209259033,0.0,0.47675156593322754
1903,1.5224,16,0.21884553134441376,2.3093717098236084,0.0,0.6807198524475098
1904,1.5232,16,0.28537511825561523,2.3903307914733887,0.0,0.7634413242340088
1905,1.524,16,0.08236914873123169,2.159670829772949,0.0,0.5143033266067505
1906,1.5248,16,0.3770691752433777,2.5281238555908203,0.0,0.8826939463615417
1907,1.5255999999999998,16,0.0337020605802536,2.0271477699279785,0.0,0.43913161754608154
1908,1.5264,16,0.26116159558296204,2.399378776550293,0.0,0.7410373687744141
1909,1.5272000000000001,16,0.041955675929784775,2.083329677581787,0.0,0.458621621131897
1910,1.528,16,0.0307602658867836,2.032649040222168,0.0,0.4372900724411011
1911,1.5288,16,0.013879370875656605,1.9836270809173584,0.0,0.4106047749519348
1912,1.5295999999999998,16,0.6226845979690552,2.9131853580474854,0.0,1.2053216695785522
1913,1.5304,16,0.012951431795954704,1.9806190729141235,0.0,0.4090752601623535
1914,1.5312000000000001,16,0.3280998468399048,2.5043351650238037,0.0,0.8289669156074524
1915,1.532,16,0.26793110370635986,2.495152473449707,0.0,0.7669615745544434
1916,1.5328,16,0.2676616609096527,2.4396872520446777,0.0,0.7555991411209106
1917,1.5335999999999999,16,0.020792562514543533,2.0187108516693115,0.0,0.42453473806381226
1918,1.5344,16,0.02444790117442608,2.0270965099334717,0.0,0.4298672080039978
1919,1.5352000000000001,16,0.05235933139920235,2.060521125793457,0.0,0.46446356177330017
1920,1.536,16,0.14849163591861725,2.185319662094116,0.0,0.5855555534362793
1921,1.5368,16,0.22061559557914734,2.3335647583007812,0.0,0.687328577041626
1922,1.5375999999999999,16,0.009384414181113243,1.9651294946670532,0.0,0.4024103283882141
1923,1.5384,16,0.3100142776966095,2.5391151905059814,0.0,0.8178373575210571
1924,1.5392000000000001,16,0.03205135464668274,2.0644941329956055,0.0,0.4449501931667328
1925,1.54,16,0.014540089294314384,1.9888648986816406,0.0,0.4123130738735199
1926,1.5408,16,0.012113536708056927,1.9839444160461426,0.0,0.40890243649482727
1927,1.5415999999999999,16,0.1036640852689743,2.178694009780884,0.0,0.5394029021263123
1928,1.5424,16,0.4053402245044708,2.6278741359710693,0.0,0.930915117263794
1929,1.5432000000000001,16,0.03294619917869568,2.0288500785827637,0.0,0.43871623277664185
1930,1.544,16,0.07358228415250778,2.0913383960723877,0.0,0.49184998869895935
1931,1.5448,16,0.3843388259410858,2.6452136039733887,0.0,0.9133815765380859
1932,1.5455999999999999,16,0.13052338361740112,2.159733772277832,0.0,0.5624701380729675
1933,1.5464,16,0.030916739255189896,2.0284242630004883,0.0,0.4366016089916229
1934,1.5472000000000001,16,0.032660774886608124,2.0417866706848145,0.0,0.44101813435554504
1935,1.548,16,0.036017291247844696,2.064067840576172,0.0,0.44883087277412415
1936,1.5488,16,0.009084736928343773,1.9666025638580322,0.0,0.4024052619934082
1937,1.5495999999999999,16,0.007638013921678066,1.9687014818191528,0.0,0.4013783037662506
1938,1.5504,16,0.009766226634383202,1.968490481376648,0.0,0.40346431732177734
1939,1.5512000000000001,16,0.010559804737567902,1.9777158498764038,0.0,0.4061029851436615
1940,1.552,16,0.10331138968467712,2.1481337547302246,0.0,0.5329381227493286
1941,1.5528,16,0.6663755178451538,3.1451776027679443,0.0,1.2954111099243164
1942,1.5535999999999999,16,0.44388580322265625,2.804935932159424,0.0,1.0048730373382568
1943,1.5544,16,0.13641482591629028,2.2704906463623047,0.0,0.5905129909515381
1944,1.5552000000000001,16,0.12699474394321442,2.272660970687866,0.0,0.5815269351005554
1945,1.556,16,0.03127063065767288,2.0622024536132812,0.0,0.44371113181114197
1946,1.5568,16,0.020781781524419785,2.0277440547943115,0.0,0.4263305962085724
1947,1.5575999999999999,16,0.07400867342948914,2.1496667861938477,0.0,0.5039420127868652
1948,1.5584,16,0.11259681731462479,2.1260857582092285,0.0,0.5378139615058899
1949,1.5592000000000001,16,0.010274098254740238,1.982153296470642,0.0,0.40670478343963623
1950,1.56,16,0.3463270366191864,2.6387414932250977,0.0,0.8740752935409546
1951,1.5608,16,0.008845445699989796,1.9772554636001587,0.0,0.40429654717445374
1952,1.5615999999999999,16,0.040978528559207916,2.0324087142944336,0.0,0.44746026396751404
1953,1.5624,16,0.015333008952438831,2.031533718109131,0.0,0.42163974046707153
1954,1.5632000000000001,16,0.007149101700633764,1.9630486965179443,0.0,0.39975884556770325
1955,1.564,16,0.03699047118425369,2.0372519493103027,0.0,0.4444408714771271
1956,1.5648,16,0.30141720175743103,2.522425651550293,0.0,0.805902361869812
1957,1.5655999999999999,16,0.2871551513671875,2.528287887573242,0.0,0.7928127646446228
1958,1.5664,16,0.3208148181438446,2.580270290374756,0.0,0.8368688821792603
1959,1.5672000000000001,16,0.005547463893890381,1.956693410873413,0.0,0.3968861401081085
1960,1.568,16,0.008728223852813244,1.9731450080871582,0.0,0.40335723757743835
1961,1.5688,16,0.6207798719406128,2.8833353519439697,0.0,1.1974469423294067
1962,1.5695999999999999,16,0.00652458006516099,1.962026596069336,0.0,0.3989299237728119
1963,1.5704,16,0.5404454469680786,2.8163437843322754,0.0,1.1037142276763916
1964,1.5712000000000002,16,0.2764471173286438,2.408759117126465,0.0,0.7581989765167236
1965,1.572,16,0.02741135098040104,2.076922655105591,0.0,0.44279587268829346
1966,1.5728,16,0.1376747041940689,2.2378649711608887,0.0,0.5852476954460144
1967,1.5735999999999999,16,0.008051110431551933,1.979569911956787,0.0,0.4039650857448578
1968,1.5744,16,0.6134716272354126,2.8966217041015625,0.0,1.192795991897583
1969,1.5752000000000002,16,0.008282234892249107,1.973057746887207,0.0,0.4028938114643097
1970,1.576,16,0.10644666850566864,2.1773269176483154,0.0,0.5419120788574219
1971,1.5768,16,0.006454238668084145,1.962372064590454,0.0,0.3989286422729492
1972,1.5776,16,0.09250041842460632,2.0665969848632812,0.0,0.5058197975158691
1973,1.5784,16,0.3608233332633972,2.625523567199707,0.0,0.8859280347824097
1974,1.5792000000000002,16,0.3591441810131073,2.5234479904174805,0.0,0.8638337850570679
1975,1.58,16,0.32923632860183716,2.4800474643707275,0.0,0.8252458572387695
1976,1.5808,16,0.02911173552274704,2.0633280277252197,0.0,0.4417773485183716
1977,1.5816,16,0.6060770750045776,3.0887959003448486,0.0,1.2238361835479736
1978,1.5824,16,0.6672539710998535,3.2693676948547363,0.0,1.3211275339126587
1979,1.5832000000000002,16,0.005188487004488707,1.9543321132659912,0.0,0.3960549235343933
1980,1.584,16,0.32555586099624634,2.6075689792633057,0.0,0.8470696806907654
1981,1.5848,16,0.2624850869178772,2.3619275093078613,0.0,0.7348705530166626
1982,1.5856,16,0.04457211494445801,2.076106548309326,0.0,0.45979341864585876
1983,1.5864,16,0.06747069954872131,2.129650592803955,0.0,0.49340081214904785
1984,1.5872000000000002,16,0.010820510797202587,1.9890649318695068,0.0,0.4086335003376007
1985,1.588,16,0.5672389268875122,2.8080642223358154,0.0,1.1288517713546753
1986,1.5888,16,0.28184452652931213,2.5012922286987305,0.0,0.7821029424667358
1987,1.5896,16,0.0236371960490942,2.017489194869995,0.0,0.42713505029678345
1988,1.5904,16,0.3295920491218567,2.502840757369995,0.0,0.8301602005958557
1989,1.5912,16,0.015034284442663193,1.9989359378814697,0.0,0.41482147574424744
1990,1.592,16,0.015262404456734657,2.0057532787323,0.0,0.4164130687713623
1991,1.5928,16,0.3571624457836151,2.555471897125244,0.0,0.8682568073272705
1992,1.5936,16,0.023310774937272072,2.040539264678955,0.0,0.43141862750053406
1993,1.5944,16,0.025232188403606415,2.0219717025756836,0.0,0.42962655425071716
1994,1.5952,16,0.010825589299201965,1.980346441268921,0.0,0.40689486265182495
1995,1.596,16,0.13428834080696106,2.153876304626465,0.0,0.5650635957717896
1996,1.5968,16,0.46380341053009033,2.7610886096954346,0.0,1.0160211324691772
1997,1.5976,16,0.09153039753437042,2.0886216163635254,0.0,0.5092547535896301
1998,1.5984,16,0.11822071671485901,2.1343815326690674,0.0,0.5450969934463501
1999,1.5992,16,0.01785469427704811,1.9906946420669556,0.0,0.4159936308860779
2000,1.6,16,0.057867683470249176,2.1551871299743652,0.0,0.4889051020145416
2001,1.6008,16,0.027029257267713547,2.0152547359466553,0.0,0.43008020520210266
2002,1.6016,16,0.01392781175673008,2.000119924545288,0.0,0.4139518141746521
2003,1.6024,16,0.6681962609291077,2.986586093902588,0.0,1.2655134201049805
2004,1.6032,16,0.3764745891094208,2.572453498840332,0.0,0.8909653425216675
2005,1.604,16,0.008127886801958084,1.9644397497177124,0.0,0.40101584792137146
2006,1.6048,16,0.07330209761857986,2.0919699668884277,0.0,0.4916960895061493
2007,1.6056,16,0.01806998811662197,2.020000457763672,0.0,0.42207008600234985
2008,1.6064,16,0.28658390045166016,2.3955166339874268,0.0,0.7656872272491455
2009,1.6072,16,0.21983875334262848,2.3331050872802734,0.0,0.6864597797393799
2010,1.608,16,0.02236805483698845,2.0167484283447266,0.0,0.4257177412509918
2011,1.6088,16,0.2629220187664032,2.4092772006988525,0.0,0.7447774410247803
2012,1.6096,16,0.28093913197517395,2.470175266265869,0.0,0.7749742269515991
2013,1.6104,16,0.011692872270941734,1.9829814434051514,0.0,0.4082891643047333
2014,1.6112,16,0.7632903456687927,3.0293335914611816,0.0,1.369157075881958
2015,1.612,16,0.2040483057498932,2.3197171688079834,0.0,0.6679917573928833
2016,1.6128,16,0.021866749972105026,2.0276684761047363,0.0,0.4274004399776459
2017,1.6136,16,0.039821334183216095,2.0376617908477783,0.0,0.44735369086265564
2018,1.6143999999999998,16,0.12104471027851105,2.2473669052124023,0.0,0.5705180764198303
2019,1.6152,16,0.16965967416763306,2.3360440731048584,0.0,0.6368684768676758
2020,1.616,16,0.018808405846357346,1.9910982847213745,0.0,0.4170280694961548
2021,1.6168,16,0.34451720118522644,2.5236940383911133,0.0,0.8492560386657715
2022,1.6176,16,0.0132483234629035,1.9875974655151367,0.0,0.4107678234577179
2023,1.6183999999999998,16,0.007765402551740408,1.963573694229126,0.0,0.40048015117645264
2024,1.6192,16,0.008227985352277756,1.9656217098236084,0.0,0.40135231614112854
2025,1.62,16,0.05754280090332031,2.071812629699707,0.0,0.47190532088279724
2026,1.6208,16,0.044218264520168304,2.079646587371826,0.0,0.46014758944511414
2027,1.6216,16,0.008797137066721916,1.9685568809509277,0.0,0.40250852704048157
2028,1.6223999999999998,16,0.19746726751327515,2.3230080604553223,0.0,0.6620688438415527
2029,1.6232,16,0.029037808999419212,2.00539493560791,0.0,0.43011680245399475
2030,1.624,16,0.015638329088687897,2.034175395965576,0.0,0.42247340083122253
2031,1.6248,16,0.08722465485334396,2.202946662902832,0.0,0.5278139710426331
2032,1.6256,16,0.21124324202537537,2.2740821838378906,0.0,0.666059672832489
2033,1.6263999999999998,16,0.16586634516716003,2.2995452880859375,0.0,0.6257753968238831
2034,1.6272,16,0.3232722580432892,2.532559633255005,0.0,0.8297841548919678
2035,1.6280000000000001,16,0.08657015860080719,2.1224682331085205,0.0,0.511063814163208
2036,1.6288,16,0.018864091485738754,2.0072717666625977,0.0,0.42031845450401306
2037,1.6296,16,0.011719823814928532,1.9884769916534424,0.0,0.40941521525382996
2038,1.6303999999999998,16,0.18453596532344818,2.230865955352783,0.0,0.630709171295166
2039,1.6312,16,0.26827651262283325,2.455718517303467,0.0,0.7594202160835266
2040,1.6320000000000001,16,0.16953018307685852,2.297163486480713,0.0,0.6289628744125366
2041,1.6328,16,0.050204113125801086,2.058109760284424,0.0,0.4618260860443115
2042,1.6336,16,0.27137473225593567,2.4667434692382812,0.0,0.7647234201431274
2043,1.6343999999999999,16,0.313902884721756,2.6212141513824463,0.0,0.8381457328796387
2044,1.6352,16,0.09016252309083939,2.141446113586426,0.0,0.5184517502784729
2045,1.6360000000000001,16,0.45027127861976624,2.7551116943359375,0.0,1.001293659210205
2046,1.6368,16,0.14988726377487183,2.2214455604553223,0.0,0.5941764116287231
2047,1.6376,16,0.21594245731830597,2.395366668701172,0.0,0.6950157880783081
2048,1.6383999999999999,16,0.2723006010055542,2.4466023445129395,0.0,0.7616211175918579
2049,1.6392,16,0.3646430969238281,2.580871105194092,0.0,0.8808173537254333
2050,1.6400000000000001,16,0.007702560164034367,1.9640687704086304,0.0,0.4005163311958313
2051,1.6408,16,0.01047111302614212,1.9679735898971558,0.0,0.4040658175945282
2052,1.6416,16,0.3253774642944336,2.3466343879699707,0.0,0.7947043180465698
2053,1.6423999999999999,16,0.18027859926223755,2.2120413780212402,0.0,0.6226868629455566
2054,1.6432,16,0.010609589517116547,1.973792314529419,0.0,0.40536805987358093
2055,1.6440000000000001,16,0.32901638746261597,2.4925708770751953,0.0,0.827530562877655
2056,1.6448,16,0.10582554340362549,2.1663923263549805,0.0,0.5391039848327637
2057,1.6456,16,0.1721145212650299,2.2935843467712402,0.0,0.6308313608169556
2058,1.6463999999999999,16,0.46541231870651245,2.6330103874206543,0.0,0.9920144081115723
2059,1.6472,16,0.21791857481002808,2.3085641860961914,0.0,0.6796314120292664
2060,1.6480000000000001,16,0.05858948826789856,2.103299617767334,0.0,0.47924941778182983
2061,1.6488,16,0.19319945573806763,2.3105883598327637,0.0,0.6553171277046204
2062,1.6496,16,0.228520929813385,2.261260509490967,0.0,0.6807730197906494
2063,1.6503999999999999,16,0.3519049882888794,2.50413179397583,0.0,0.8527313470840454
2064,1.6512,16,0.13870257139205933,2.150580406188965,0.0,0.5688186883926392
2065,1.6520000000000001,16,0.012825299054384232,1.9823445081710815,0.0,0.4092942178249359
2066,1.6528,16,0.01416015438735485,1.9841582775115967,0.0,0.4109918177127838
2067,1.6536,16,0.012502414174377918,1.9790723323822021,0.0,0.40831688046455383
2068,1.6543999999999999,16,0.24262166023254395,2.3294906616210938,0.0,0.7085198163986206
2069,1.6552,16,0.02057020738720894,2.0052380561828613,0.0,0.4216178357601166
2070,1.6560000000000001,16,0.17183822393417358,2.349879503250122,0.0,0.641814112663269
2071,1.6568,16,0.07089871168136597,2.1348538398742676,0.0,0.49786949157714844
2072,1.6576,16,0.2813130021095276,2.4499263763427734,0.0,0.7712982892990112
2073,1.6583999999999999,16,0.02157088741660118,2.015024185180664,0.0,0.4245757460594177
2074,1.6592,16,0.016395246610045433,1.9996337890625,0.0,0.4163219928741455
2075,1.6600000000000001,16,0.5539596080780029,2.8492345809936523,0.0,1.1238064765930176
2076,1.6608,16,0.23407256603240967,2.27042555809021,0.0,0.6881576776504517
2077,1.6616,16,0.09505095332860947,2.1350255012512207,0.0,0.5220560431480408
2078,1.6623999999999999,16,0.0314822718501091,2.046877861022949,0.0,0.440857857465744
2079,1.6632,16,0.011202462017536163,1.9755992889404297,0.0,0.40632233023643494
2080,1.6640000000000001,16,0.3772822916507721,2.627800464630127,0.0,0.9028424024581909
2081,1.6648,16,0.011569463647902012,1.9767059087753296,0.0,0.40691065788269043
2082,1.6656,16,0.01028657890856266,1.9688987731933594,0.0,0.4040663242340088
2083,1.6663999999999999,16,0.018984349444508553,2.015627861022949,0.0,0.4221099317073822
2084,1.6672,16,0.0321396179497242,2.0358810424804688,0.0,0.4393158555030823
2085,1.6680000000000001,16,0.1523340344429016,2.2384259700775146,0.0,0.6000192165374756
2086,1.6688,16,0.01140930037945509,1.980852484703064,0.0,0.40757980942726135
2087,1.6696,16,0.2820395827293396,2.434718370437622,0.0,0.7689832448959351
2088,1.6703999999999999,16,0.03370658680796623,2.076096534729004,0.0,0.4489258825778961
2089,1.6712,16,0.009309939108788967,1.9671151638031006,0.0,0.4027329981327057
2090,1.6720000000000002,16,0.008582675829529762,1.9681463241577148,0.0,0.4022119641304016
2091,1.6728,16,0.17858049273490906,2.1808767318725586,0.0,0.6147558689117432
2092,1.6736,16,0.2789273262023926,2.4426987171173096,0.0,0.7674670815467834
2093,1.6743999999999999,16,0.011173943057656288,1.999598741531372,0.0,0.41109368205070496
2094,1.6752,16,0.005964525975286961,1.9557044506072998,0.0,0.3971054255962372
2095,1.6760000000000002,16,0.24266359210014343,2.424341917037964,0.0,0.7275319695472717
2096,1.6768,16,0.1945541501045227,2.2540650367736816,0.0,0.6453671455383301
2097,1.6776,16,0.21639476716518402,2.4104347229003906,0.0,0.6984817385673523
2098,1.6784,16,0.15154360234737396,2.1833786964416504,0.0,0.5882193446159363
2099,1.6792,16,0.3688311278820038,2.585204839706421,0.0,0.8858721256256104
2100,1.6800000000000002,16,0.2656819224357605,2.3971428871154785,0.0,0.7451105117797852
2101,1.6808,16,0.22170262038707733,2.3854150772094727,0.0,0.698785662651062
2102,1.6816,16,0.007335729897022247,1.964444875717163,0.0,0.4002247154712677
2103,1.6824,16,0.2194770872592926,2.2551980018615723,0.0,0.6705167293548584
2104,1.6832,16,0.008241027593612671,1.9682775735855103,0.0,0.40189653635025024
2105,1.6840000000000002,16,0.18449018895626068,2.316494941711426,0.0,0.6477891802787781
2106,1.6848,16,0.01019810326397419,1.9757517576217651,0.0,0.4053484797477722
2107,1.6856,16,0.16356372833251953,2.3127825260162354,0.0,0.6261202096939087
2108,1.6864,16,0.007857982069253922,1.9664666652679443,0.0,0.4011513292789459
2109,1.6872,16,0.009815114550292492,1.9817759990692139,0.0,0.4061703383922577
2110,1.688,16,0.005618818569928408,1.9629058837890625,0.0,0.39820000529289246
2111,1.6888,16,0.0832161009311676,2.1520252227783203,0.0,0.5136211514472961
2112,1.6896,16,0.3164195418357849,2.6152822971343994,0.0,0.8394759893417358
2113,1.6904,16,0.008065544068813324,1.9734761714935303,0.0,0.4027608036994934
2114,1.6912,16,0.07579336315393448,2.1430935859680176,0.0,0.5044121146202087
2115,1.692,16,0.009003585204482079,1.9771112203598022,0.0,0.40442582964897156
2116,1.6928,16,0.11994124948978424,2.2037596702575684,0.0,0.5606932044029236
2117,1.6936,16,0.016428031027317047,2.0050864219665527,0.0,0.4174453020095825
2118,1.6944,16,0.05988585576415062,2.083812952041626,0.0,0.4766484498977661
2119,1.6952,16,0.3516514003276825,2.6782712936401367,0.0,0.8873056173324585
2120,1.696,16,0.007318521849811077,1.9573633670806885,0.0,0.39879119396209717
2121,1.6968,16,0.08892787247896194,2.1172823905944824,0.0,0.5123843550682068
2122,1.6976,16,0.30712980031967163,2.5933799743652344,0.0,0.8258057832717896
2123,1.6984,16,0.13792777061462402,2.261967420578003,0.0,0.5903213024139404
2124,1.6992,16,0.004378108307719231,1.9536442756652832,0.0,0.3951069712638855
2125,1.7,16,0.008801141753792763,1.962343692779541,0.0,0.4012698829174042
2126,1.7008,16,0.022765476256608963,1.9934576749801636,0.0,0.4214570224285126
2127,1.7016,16,0.004793938249349594,1.9549689292907715,0.0,0.3957877457141876
2128,1.7024,16,0.006335307843983173,1.9630553722381592,0.0,0.3989464044570923
2129,1.7032,16,0.06545184552669525,2.079741954803467,0.0,0.4814002513885498
2130,1.704,16,0.17474570870399475,2.310739278793335,0.0,0.6368935704231262
2131,1.7048,16,0.03244955465197563,2.078688144683838,0.0,0.4481871724128723
2132,1.7056,16,0.043100230395793915,2.0679993629455566,0.0,0.4567001163959503
2133,1.7064,16,0.32725998759269714,2.664536714553833,0.0,0.860167384147644
2134,1.7072,16,0.011937147006392479,1.9752471446990967,0.0,0.4069865643978119
2135,1.708,16,0.24192379415035248,2.325331211090088,0.0,0.7069900631904602
2136,1.7088,16,0.15144193172454834,2.1572070121765137,0.0,0.582883358001709
2137,1.7096,16,0.007439685054123402,1.9769296646118164,0.0,0.40282562375068665
2138,1.7104,16,0.047311920672655106,2.047992706298828,0.0,0.45691049098968506
2139,1.7112,16,0.007216963917016983,1.9657018184661865,0.0,0.40035733580589294
2140,1.712,16,0.0465979166328907,2.0907986164093018,0.0,0.46475765109062195
2141,1.7128,16,0.00608950387686491,1.9643735885620117,0.0,0.3989642262458801
2142,1.7136,16,0.0468287318944931,2.0567712783813477,0.0,0.4581829905509949
2143,1.7144,16,0.006883861497044563,1.9749144315719604,0.0,0.40186676383018494
2144,1.7151999999999998,16,0.03696930408477783,2.0488524436950684,0.0,0.4467397928237915
2145,1.716,16,0.42593225836753845,2.7426185607910156,0.0,0.9744559526443481
2146,1.7168,16,0.005835438147187233,1.960534930229187,0.0,0.3979424238204956
2147,1.7176,16,0.24617981910705566,2.2911477088928223,0.0,0.7044093608856201
2148,1.7184,16,0.36774924397468567,2.593574047088623,0.0,0.8864641189575195
2149,1.7191999999999998,16,0.21296973526477814,2.400686740875244,0.0,0.6931070685386658
2150,1.72,16,0.17361895740032196,2.294175386428833,0.0,0.6324540376663208
2151,1.7208,16,0.29452750086784363,2.5422754287719727,0.0,0.8029825687408447
2152,1.7216,16,0.105259470641613,2.1366772651672363,0.0,0.5325949192047119
2153,1.7224,16,1.0626484155654907,3.4798824787139893,0.0,1.7586249113082886
2154,1.7231999999999998,16,0.041057538241147995,2.1158647537231445,0.0,0.464230477809906
2155,1.724,16,0.00814948882907629,1.9749042987823486,0.0,0.40313035249710083
2156,1.7248,16,0.3188479244709015,2.380866527557373,0.0,0.7950212359428406
2157,1.7256,16,0.014282461255788803,2.016063928604126,0.0,0.4174952507019043
2158,1.7264,16,0.030766775831580162,2.0544891357421875,0.0,0.44166460633277893
2159,1.7271999999999998,16,0.18296971917152405,2.355898141860962,0.0,0.6541493535041809
2160,1.728,16,0.02067062258720398,2.0186142921447754,0.0,0.4243934750556946
2161,1.7288000000000001,16,0.5598356127738953,2.8336637020111084,0.0,1.12656831741333
2162,1.7296,16,0.01786799356341362,2.0266013145446777,0.0,0.4231882393360138
2163,1.7304,16,0.22809088230133057,2.3676681518554688,0.0,0.7016245126724243
2164,1.7311999999999999,16,0.3257063329219818,2.5196359157562256,0.0,0.8296334743499756
2165,1.732,16,0.2397868037223816,2.3911867141723633,0.0,0.7180241346359253
2166,1.7328000000000001,16,0.00866754911839962,1.9770647287368774,0.0,0.40408051013946533
2167,1.7336,16,0.42418891191482544,2.6628811359405518,0.0,0.9567651748657227
2168,1.7344,16,0.12056569010019302,2.112553596496582,0.0,0.5430763959884644
2169,1.7351999999999999,16,0.13676974177360535,2.1393914222717285,0.0,0.5646480321884155
2170,1.736,16,0.1755942404270172,2.2447495460510254,0.0,0.6245441436767578
2171,1.7368000000000001,16,0.6048111915588379,2.838486671447754,0.0,1.1725084781646729
2172,1.7376,16,0.012308616191148758,1.9906636476516724,0.0,0.4104413688182831
2173,1.7384,16,0.012317048385739326,1.98758864402771,0.0,0.4098348021507263
2174,1.7391999999999999,16,0.3075409233570099,2.502222776412964,0.0,0.8079855442047119
2175,1.74,16,0.28515809774398804,2.429788112640381,0.0,0.7711157202720642
2176,1.7408000000000001,16,0.27009156346321106,2.415055274963379,0.0,0.7531026601791382
2177,1.7416,16,0.06980500370264053,2.1139488220214844,0.0,0.49259477853775024
2178,1.7424,16,0.510152280330658,2.8095226287841797,0.0,1.072056770324707
2179,1.7431999999999999,16,0.12551891803741455,2.2425901889801025,0.0,0.5740369558334351
2180,1.744,16,0.007702558301389217,1.967733383178711,0.0,0.4012492299079895
2181,1.7448000000000001,16,0.8519548773765564,3.065666675567627,0.0,1.4650882482528687
2182,1.7456,16,0.059615883976221085,2.121870756149292,0.0,0.48399004340171814
2183,1.7464,16,0.533013641834259,2.7822017669677734,0.0,1.089453935623169
2184,1.7471999999999999,16,0.26780807971954346,2.3409829139709473,0.0,0.7360047101974487
2185,1.748,16,0.05871976166963577,2.0912513732910156,0.0,0.47697004675865173
2186,1.7488000000000001,16,0.15211938321590424,2.1952927112579346,0.0,0.5911779403686523
2187,1.7496,16,0.04423711448907852,2.0997166633605957,0.0,0.46418043971061707
2188,1.7504,16,0.31663331389427185,2.482116222381592,0.0,0.8130565881729126
2189,1.7511999999999999,16,0.16310188174247742,2.2839102745056152,0.0,0.6198839545249939
2190,1.752,16,0.18282516300678253,2.411957263946533,0.0,0.6652166247367859
2191,1.7528000000000001,16,0.01199941337108612,1.9744724035263062,0.0,0.40689390897750854
2192,1.7536,16,0.3995154798030853,2.474238634109497,0.0,0.8943632245063782
2193,1.7544,16,0.3411594033241272,2.530258893966675,0.0,0.8472111821174622
2194,1.7551999999999999,16,0.1304122358560562,2.1119627952575684,0.0,0.5528048276901245
2195,1.756,16,0.38961178064346313,2.525151491165161,0.0,0.8946421146392822
2196,1.7568000000000001,16,0.01277619507163763,1.9751296043395996,0.0,0.40780213475227356
2197,1.7576,16,0.17318306863307953,2.1487598419189453,0.0,0.6029350161552429
2198,1.7584,16,0.014672387391328812,1.99428129196167,0.0,0.4135286509990692
2199,1.7591999999999999,16,0.01831713318824768,2.0097827911376953,0.0,0.42027369141578674
2200,1.76,16,0.018529895693063736,2.014760732650757,0.0,0.42148205637931824
2201,1.7608000000000001,16,0.02277892827987671,2.030104637145996,0.0,0.4287998676300049
2202,1.7616,16,0.1553691029548645,2.208101749420166,0.0,0.5969894528388977
2203,1.7624,16,0.2613154947757721,2.423421621322632,0.0,0.745999813079834
2204,1.7631999999999999,16,0.07177414745092392,2.08361554145813,0.0,0.488497257232666
2205,1.764,16,0.18748344480991364,2.3392834663391113,0.0,0.6553401350975037
2206,1.7648000000000001,16,0.09771133214235306,2.1867058277130127,0.0,0.5350525379180908
2207,1.7656,16,0.44092825055122375,2.6023571491241455,0.0,0.9613996744155884
2208,1.7664,16,0.020829204469919205,2.0213608741760254,0.0,0.4251013696193695
2209,1.7671999999999999,16,0.6109386682510376,2.8061327934265137,0.0,1.1721651554107666
2210,1.768,16,0.3161959946155548,2.5358402729034424,0.0,0.8233640193939209
2211,1.7688000000000001,16,0.26479819416999817,2.358427047729492,0.0,0.7364835739135742
2212,1.7696,16,0.054050542414188385,2.089876174926758,0.0,0.4720257818698883
2213,1.7704,16,0.4538727402687073,2.6644515991210938,0.0,0.986763060092926
2214,1.7711999999999999,16,0.05330874025821686,2.106729745864868,0.0,0.4746546745300293
2215,1.772,16,0.23826393485069275,2.429220199584961,0.0,0.7241079807281494
2216,1.7728000000000002,16,0.137725368142128,2.211437225341797,0.0,0.5800127983093262
2217,1.7736,16,0.3815992474555969,2.6786375045776367,0.0,0.9173267483711243
2218,1.7744,16,0.012599658221006393,1.9880316257476807,0.0,0.41020599007606506
2219,1.7752,16,0.46365153789520264,2.6743850708007812,0.0,0.9985285401344299
2220,1.776,16,0.15145562589168549,2.238079309463501,0.0,0.5990715026855469
2221,1.7768000000000002,16,0.01167215220630169,1.977399230003357,0.0,0.407151997089386
2222,1.7776,16,0.020874004811048508,1.9967594146728516,0.0,0.4202258884906769
2223,1.7784,16,0.011433565989136696,1.9835741519927979,0.0,0.4081484079360962
2224,1.7792,16,0.22775855660438538,2.371695041656494,0.0,0.7020975351333618
2225,1.78,16,0.3521692156791687,2.5290720462799072,0.0,0.8579836487770081
2226,1.7808000000000002,16,0.4104916751384735,2.6573920249938965,0.0,0.9419701099395752
2227,1.7816,16,0.05976887792348862,2.1193153858184814,0.0,0.48363196849823
2228,1.7824,16,0.2894226908683777,2.4307096004486084,0.0,0.7755646109580994
2229,1.7832,16,0.13448074460029602,2.186645030975342,0.0,0.5718097686767578
2230,1.784,16,0.2349432110786438,2.4208827018737793,0.0,0.7191197872161865
2231,1.7848000000000002,16,0.45121169090270996,2.6805922985076904,0.0,0.9873301386833191
2232,1.7856,16,0.1954641193151474,2.2732551097869873,0.0,0.6501151323318481
2233,1.7864,16,0.010471249930560589,1.973731517791748,0.0,0.40521755814552307
2234,1.7872,16,0.22660088539123535,2.333204746246338,0.0,0.6932418346405029
2235,1.788,16,0.018153104931116104,1.995057463645935,0.0,0.4171645939350128
2236,1.7888,16,0.020768148824572563,2.011566638946533,0.0,0.4230814576148987
2237,1.7896,16,0.11049352586269379,2.2390246391296387,0.0,0.5582984685897827
2238,1.7904,16,0.20902404189109802,2.2806081771850586,0.0,0.6651456952095032
2239,1.7912,16,0.16822408139705658,2.364715814590454,0.0,0.6411672234535217
2240,1.792,16,0.16316990554332733,2.189018487930298,0.0,0.6009736061096191
2241,1.7928,16,0.17374344170093536,2.2277703285217285,0.0,0.6192975044250488
2242,1.7936,16,0.25907063484191895,2.419938564300537,0.0,0.7430583238601685
2243,1.7944,16,0.43240055441856384,2.6636013984680176,0.0,0.965120792388916
2244,1.7952,16,0.3527122437953949,2.5946943759918213,0.0,0.8716511726379395
2245,1.796,16,0.28052759170532227,2.4430837631225586,0.0,0.7691443562507629
2246,1.7968,16,0.32045698165893555,2.4601473808288574,0.0,0.812486469745636
2247,1.7976,16,0.01639033667743206,1.9996647834777832,0.0,0.4163232743740082
2248,1.7984,16,0.1768389642238617,2.247962236404419,0.0,0.626431405544281
2249,1.7992,16,0.17415475845336914,2.256836414337158,0.0,0.6255220174789429
2250,1.8,16,0.1716442108154297,2.284080982208252,0.0,0.6284604072570801
2251,1.8008,16,0.35814017057418823,2.516500234603882,0.0,0.8614402413368225
2252,1.8016,16,0.27827805280685425,2.4592888355255127,0.0,0.7701358199119568
2253,1.8024,16,0.3034221827983856,2.4922986030578613,0.0,0.8018819093704224
2254,1.8032,16,0.32043376564979553,2.416426658630371,0.0,0.8037191033363342
2255,1.804,16,0.12947914004325867,2.2013654708862305,0.0,0.5697522163391113
2256,1.8048,16,0.017298536375164986,1.98995041847229,0.0,0.41528862714767456
2257,1.8056,16,0.02133265696465969,2.0023789405822754,0.0,0.4218084514141083
2258,1.8064,16,0.18894493579864502,2.28287672996521,0.0,0.6455203294754028
2259,1.8072,16,0.08329540491104126,2.0971288681030273,0.0,0.5027211904525757
2260,1.808,16,0.5231643319129944,2.7561655044555664,0.0,1.0743974447250366
2261,1.8088,16,0.09126408398151398,2.183628559112549,0.0,0.5279898047447205
2262,1.8096,16,0.21912002563476562,2.3516995906829834,0.0,0.6894599199295044
2263,1.8104,16,0.019656648859381676,2.0053181648254395,0.0,0.42072030901908875
2264,1.8112,16,0.2107713520526886,2.31724214553833,0.0,0.6742197871208191
2265,1.812,16,0.040272943675518036,2.0481557846069336,0.0,0.44990411400794983
2266,1.8128,16,0.05569451302289963,2.1033856868743896,0.0,0.4763716757297516
2267,1.8136,16,0.6561586260795593,2.880434036254883,0.0,1.2322454452514648
2268,1.8144,16,0.015120644122362137,1.9915703535079956,0.0,0.4134347438812256
2269,1.8152,16,0.01975352317094803,2.0100865364074707,0.0,0.421770840883255
2270,1.8159999999999998,16,0.27481022477149963,2.417217254638672,0.0,0.7582536935806274
2271,1.8168,16,0.06286460161209106,2.114755153656006,0.0,0.4858156442642212
2272,1.8176,16,0.01822369545698166,1.9919545650482178,0.0,0.4166146218776703
2273,1.8184,16,0.2137918472290039,2.3498475551605225,0.0,0.6837613582611084
2274,1.8192,16,0.2782835364341736,2.4036824703216553,0.0,0.7590200304985046
2275,1.8199999999999998,16,0.032387010753154755,2.0202674865722656,0.0,0.43644052743911743
2276,1.8208,16,0.02559417486190796,2.018580913543701,0.0,0.4293103516101837
2277,1.8216,16,0.5177164077758789,2.7990002632141113,0.0,1.0775165557861328
2278,1.8224,16,0.3564268946647644,2.648909568786621,0.0,0.8862088322639465
2279,1.8232,16,0.030175451189279556,2.022379159927368,0.0,0.43465128540992737
2280,1.8239999999999998,16,0.032727353274822235,2.031879425048828,0.0,0.43910324573516846
2281,1.8248,16,0.010975230485200882,1.9799416065216064,0.0,0.4069635570049286
2282,1.8256000000000001,16,0.08765292167663574,2.2554049491882324,0.0,0.538733959197998
2283,1.8264,16,0.008724112994968891,1.9627820253372192,0.0,0.4012805223464966
2284,1.8272,16,0.009498782455921173,1.970077395439148,0.0,0.4035142660140991
2285,1.8279999999999998,16,0.008347954601049423,1.9639629125595093,0.0,0.4011405408382416
2286,1.8288,16,0.29034510254859924,2.37369704246521,0.0,0.7650845050811768
2287,1.8296000000000001,16,0.16303415596485138,2.2528209686279297,0.0,0.6135983467102051
2288,1.8304,16,0.014668689109385014,1.9883023500442505,0.0,0.41232916712760925
2289,1.8312,16,0.27874162793159485,2.4412362575531006,0.0,0.7669888734817505
2290,1.8319999999999999,16,0.0764174610376358,2.175661087036133,0.0,0.511549711227417
2291,1.8328,16,0.30965057015419006,2.542388916015625,0.0,0.8181283473968506
2292,1.8336000000000001,16,0.008639281615614891,1.9664963483810425,0.0,0.4019385576248169
2293,1.8344,16,0.4821585416793823,2.720061779022217,0.0,1.0261709690093994
2294,1.8352,16,0.03593722730875015,2.0556979179382324,0.0,0.44707679748535156
2295,1.8359999999999999,16,0.16545625030994415,2.286043405532837,0.0,0.6226649284362793
2296,1.8368,16,0.07340855896472931,2.1621077060699463,0.0,0.5058301091194153
2297,1.8376000000000001,16,0.012131009250879288,1.981414794921875,0.0,0.40841397643089294
2298,1.8384,16,0.05042627453804016,2.088592529296875,0.0,0.4681447744369507
2299,1.8392,16,0.03157319873571396,2.071287155151367,0.0,0.44583064317703247
2300,1.8399999999999999,16,0.007563704624772072,1.9708795547485352,0.0,0.40173962712287903
2301,1.8408,16,0.03322272002696991,2.0530285835266113,0.0,0.4438284635543823
2302,1.8416000000000001,16,0.019459199160337448,1.9896478652954102,0.0,0.41738876700401306
2303,1.8424,16,0.4007084369659424,2.7365145683288574,0.0,0.9480113387107849
2304,1.8432,16,0.7607358694076538,3.085859775543213,0.0,1.3779077529907227
2305,1.8439999999999999,16,0.019981278106570244,2.024843692779541,0.0,0.4249500036239624
2306,1.8448,16,0.34420308470726013,2.660179615020752,0.0,0.8762390613555908
2307,1.8456000000000001,16,0.010697114281356335,1.9699424505233765,0.0,0.4046856164932251
2308,1.8464,16,0.363923043012619,2.695340633392334,0.0,0.9029911756515503
2309,1.8472,16,0.008249709382653236,1.964788794517517,0.0,0.40120747685432434
2310,1.8479999999999999,16,0.011859018355607986,1.9856610298156738,0.0,0.4089912474155426
2311,1.8488,16,0.2033432424068451,2.3915348052978516,0.0,0.6816502213478088
2312,1.8496000000000001,16,0.20471493899822235,2.267110586166382,0.0,0.6581370830535889
2313,1.8504,16,0.07203260809183121,2.041879177093506,0.0,0.4804084300994873
2314,1.8512,16,0.024979611858725548,1.9885749816894531,0.0,0.4226946234703064
2315,1.8519999999999999,16,0.010771561414003372,1.9780943393707275,0.0,0.4063904583454132
2316,1.8528,16,0.008315734565258026,1.9676623344421387,0.0,0.4018482267856598
2317,1.8536000000000001,16,0.3048998713493347,2.442383050918579,0.0,0.7933764457702637
2318,1.8544,16,0.1762661635875702,2.3302085399627686,0.0,0.6423078775405884
2319,1.8552,16,0.2878243625164032,2.5456409454345703,0.0,0.7969526052474976
2320,1.8559999999999999,16,0.009746739640831947,1.9763846397399902,0.0,0.4050236642360687
2321,1.8568,16,0.22104395925998688,2.3881239891052246,0.0,0.6986687779426575
2322,1.8576000000000001,16,0.18780136108398438,2.2598366737365723,0.0,0.6397687196731567
2323,1.8584,16,0.2202494591474533,2.3028531074523926,0.0,0.680820107460022
2324,1.8592,16,0.45962074398994446,2.7409443855285645,0.0,1.0078096389770508
2325,1.8599999999999999,16,0.2019982933998108,2.341330051422119,0.0,0.6702643036842346
2326,1.8608,16,0.2795403301715851,2.534160614013672,0.0,0.7863724231719971
2327,1.8616000000000001,16,0.05000990629196167,2.0639612674713135,0.0,0.4628021717071533
2328,1.8624,16,0.27546101808547974,2.483469009399414,0.0,0.7721548080444336
2329,1.8632,16,0.2202158123254776,2.382293224334717,0.0,0.6966744661331177
2330,1.8639999999999999,16,0.3981112539768219,2.529984951019287,0.0,0.9041082859039307
2331,1.8648,16,0.006605436094105244,1.9609429836273193,0.0,0.3987940549850464
2332,1.8656000000000001,16,0.14801271259784698,2.2678418159484863,0.0,0.6015810966491699
2333,1.8664,16,0.5305941104888916,2.829515218734741,0.0,1.0964971780776978
2334,1.8672,16,0.571125328540802,2.8698976039886475,0.0,1.1451048851013184
2335,1.8679999999999999,16,0.053684037178754807,2.0623531341552734,0.0,0.46615466475486755
2336,1.8688,16,0.34118783473968506,2.529846668243408,0.0,0.8471571803092957
2337,1.8696000000000002,16,0.9032105803489685,3.182666063308716,0.0,1.5397437810897827
2338,1.8704,16,0.011472461745142937,1.9770073890686035,0.0,0.4068739414215088
2339,1.8712,16,0.021364569664001465,2.035843849182129,0.0,0.4285333454608917
2340,1.8719999999999999,16,0.01792887970805168,2.0080437660217285,0.0,0.41953763365745544
2341,1.8728,16,0.08301827311515808,2.104957103729248,0.0,0.5040097236633301
2342,1.8736000000000002,16,0.007720678113400936,1.9602516889572144,0.0,0.3997710347175598
2343,1.8744,16,0.026095476001501083,2.0237674713134766,0.0,0.43084898591041565
2344,1.8752,16,0.10189010947942734,2.1706771850585938,0.0,0.5360255241394043
2345,1.876,16,0.06500710546970367,2.1479902267456055,0.0,0.4946051836013794
2346,1.8768,16,0.015354512259364128,1.994653344154358,0.0,0.41428518295288086
2347,1.8776000000000002,16,0.024382848292589188,2.004124641418457,0.0,0.42520779371261597
2348,1.8784,16,0.269445538520813,2.360459566116333,0.0,0.7415374517440796
2349,1.8792,16,0.18623560667037964,2.172905445098877,0.0,0.620816707611084
2350,1.88,16,0.17253662645816803,2.2756690979003906,0.0,0.6276704668998718
2351,1.8808,16,0.07148090749979019,2.142422676086426,0.0,0.4999654293060303
2352,1.8816000000000002,16,0.016540402546525,2.0005087852478027,0.0,0.4166421592235565
2353,1.8824,16,0.23733194172382355,2.442769765853882,0.0,0.7258859276771545
2354,1.8832,16,0.01090611144900322,1.977088451385498,0.0,0.40632379055023193
2355,1.884,16,0.03762732818722725,2.066680669784546,0.0,0.45096346735954285
2356,1.8848,16,0.03645525127649307,2.072746753692627,0.0,0.45100459456443787
2357,1.8856000000000002,16,0.22928230464458466,2.3746862411499023,0.0,0.7042195796966553
2358,1.8864,16,0.013419904746115208,1.975080132484436,0.0,0.4084359407424927
2359,1.8872,16,0.32544809579849243,2.5339202880859375,0.0,0.8322321772575378
2360,1.888,16,0.06701832264661789,2.0709283351898193,0.0,0.48120400309562683
2361,1.8888,16,0.2992435097694397,2.4369826316833496,0.0,0.7866400480270386
2362,1.8896,16,0.6211932301521301,2.940384864807129,0.0,1.2092702388763428
2363,1.8904,16,0.05475079268217087,2.083235502243042,0.0,0.47139790654182434
2364,1.8912,16,0.03774015232920647,2.059347152709961,0.0,0.44960957765579224
2365,1.892,16,0.005892805755138397,1.9604872465133667,0.0,0.39799025654792786
2366,1.8928,16,0.20448817312717438,2.341418504714966,0.0,0.6727718710899353
2367,1.8936,16,0.006690187845379114,1.9604685306549072,0.0,0.3987838923931122
2368,1.8944,16,0.020876213908195496,2.0158138275146484,0.0,0.42403900623321533
2369,1.8952,16,0.008089005015790462,1.968813419342041,0.0,0.40185168385505676
2370,1.896,16,0.23730957508087158,2.348487377166748,0.0,0.7070070505142212
2371,1.8968,16,0.00906944926828146,1.985823392868042,0.0,0.40623411536216736
2372,1.8976,16,0.023401975631713867,2.0240814685821533,0.0,0.428218275308609
2373,1.8984,16,0.26002442836761475,2.472573757171631,0.0,0.7545391917228699
2374,1.8992,16,0.04436301440000534,2.0858569145202637,0.0,0.46153441071510315
2375,1.9,16,0.21737085282802582,2.325554847717285,0.0,0.6824818253517151
2376,1.9008,16,0.047742076218128204,2.0594863891601562,0.0,0.4596393406391144
2377,1.9016,16,0.024687040597200394,2.0323657989501953,0.0,0.43116021156311035
2378,1.9024,16,0.25596362352371216,2.4313509464263916,0.0,0.7422338128089905
2379,1.9032,16,0.41893720626831055,2.6965041160583496,0.0,0.9582380652427673
2380,1.904,16,0.290085107088089,2.4398293495178223,0.0,0.7780510187149048
2381,1.9048,16,0.29646971821784973,2.4687695503234863,0.0,0.7902235984802246
2382,1.9056,16,0.2549179196357727,2.4448437690734863,0.0,0.7438867092132568
2383,1.9064,16,0.006127282045781612,1.9606045484542847,0.0,0.39824819564819336
2384,1.9072,16,0.06307273358106613,2.1106863021850586,0.0,0.48521000146865845
2385,1.908,16,0.016580406576395035,1.994399070739746,0.0,0.4154602289199829
2386,1.9088,16,0.14286373555660248,2.171931505203247,0.0,0.577250063419342
2387,1.9096,16,0.3492230176925659,2.508585214614868,0.0,0.8509400486946106
2388,1.9104,16,0.10053129494190216,2.176142692565918,0.0,0.5357598662376404
2389,1.9112,16,0.009859541431069374,1.981101393699646,0.0,0.40607982873916626
2390,1.912,16,0.0073357257060706615,1.962968111038208,0.0,0.39992934465408325
2391,1.9127999999999998,16,0.21502771973609924,2.3246235847473145,0.0,0.6799524426460266
2392,1.9136,16,0.010034478269517422,1.975219488143921,0.0,0.40507838129997253
2393,1.9144,16,0.18899321556091309,2.317196846008301,0.0,0.6524325609207153
2394,1.9152,16,0.008660742081701756,1.9690203666687012,0.0,0.4024648070335388
2395,1.916,16,0.01356144342571497,1.992436408996582,0.0,0.4120487570762634
2396,1.9167999999999998,16,0.23408395051956177,2.417536973953247,0.0,0.7175913453102112
2397,1.9176,16,0.00925795640796423,1.9770712852478027,0.0,0.40467220544815063
2398,1.9184,16,0.07671217620372772,2.1817829608917236,0.0,0.5130687952041626
2399,1.9192,16,0.4077253043651581,2.537794351577759,0.0,0.9152841567993164
2400,1.92,16,0.2990978956222534,2.4877395629882812,0.0,0.7966458201408386
2401,1.9207999999999998,16,0.22548146545886993,2.390316963195801,0.0,0.7035448551177979
2402,1.9216,16,0.3559199571609497,2.570932626724243,0.0,0.8701065182685852
2403,1.9224,16,0.007600704673677683,1.9721688032150269,0.0,0.4020344614982605
2404,1.9232,16,0.22467422485351562,2.4139328002929688,0.0,0.7074607610702515
2405,1.924,16,0.021631741896271706,2.0090126991271973,0.0,0.4234342873096466
2406,1.9247999999999998,16,0.3433038890361786,2.6042890548706055,0.0,0.8641617298126221
2407,1.9256,16,0.2420705407857895,2.33433198928833,0.0,0.7089369297027588
2408,1.9264000000000001,16,0.5154260396957397,2.672330141067505,0.0,1.0498920679092407
2409,1.9272,16,0.3708839416503906,2.6305713653564453,0.0,0.8969982266426086
2410,1.928,16,0.10622429847717285,2.1742844581604004,0.0,0.5410811901092529
2411,1.9287999999999998,16,0.5539443492889404,2.9153666496276855,0.0,1.1370177268981934
2412,1.9296,16,0.4312126338481903,2.683661937713623,0.0,0.9679449796676636
2413,1.9304000000000001,16,0.24616944789886475,2.3143057823181152,0.0,0.7090306282043457
2414,1.9312,16,0.010498987510800362,1.9722415208816528,0.0,0.40494731068611145
2415,1.932,16,0.006917180959135294,1.9678176641464233,0.0,0.400480717420578
2416,1.9327999999999999,16,0.05883406475186348,2.091841697692871,0.0,0.4772024154663086
2417,1.9336,16,0.05467215180397034,2.1253767013549805,0.0,0.4797475039958954
2418,1.9344000000000001,16,0.3057047426700592,2.5588274002075195,0.0,0.8174701929092407
2419,1.9352,16,0.048831757158041,2.0336596965789795,0.0,0.4555636942386627
2420,1.936,16,0.37049344182014465,2.536285400390625,0.0,0.8777505159378052
2421,1.9367999999999999,16,0.2134503424167633,2.402212619781494,0.0,0.6938928365707397
2422,1.9376,16,0.009719095192849636,1.9721778631210327,0.0,0.4041546881198883
2423,1.9384000000000001,16,0.008007274940609932,1.9703378677368164,0.0,0.4020748734474182
2424,1.9392,16,0.11515162885189056,2.1135237216949463,0.0,0.53785640001297
2425,1.94,16,0.008716104552149773,1.963791847229004,0.0,0.4014744758605957
2426,1.9407999999999999,16,0.015238865278661251,1.9967073202133179,0.0,0.4145803153514862
2427,1.9416,16,0.0743706077337265,2.1200952529907227,0.0,0.49838966131210327
2428,1.9424000000000001,16,0.265717089176178,2.3842344284057617,0.0,0.7425639629364014
2429,1.9432,16,0.3407314717769623,2.5456063747406006,0.0,0.8498528003692627
2430,1.944,16,0.006863996386528015,1.961330533027649,0.0,0.39913010597229004
2431,1.9447999999999999,16,0.24082225561141968,2.3532872200012207,0.0,0.711479663848877
2432,1.9456,16,0.0228953305631876,2.014370918273926,0.0,0.42576953768730164
2433,1.9464000000000001,16,0.46113067865371704,2.6818666458129883,0.0,0.9975039958953857
2434,1.9472,16,0.4483601748943329,2.6061272621154785,0.0,0.969585657119751
2435,1.948,16,0.2765848636627197,2.315725803375244,0.0,0.7397300004959106
2436,1.9487999999999999,16,0.2569279074668884,2.384556293487549,0.0,0.7338391542434692
2437,1.9496,16,0.015905192121863365,1.9914677143096924,0.0,0.41419875621795654
2438,1.9504000000000001,16,0.08642243593931198,2.090400457382202,0.0,0.504502534866333
2439,1.9512,16,0.6768922209739685,3.026559352874756,0.0,1.2822041511535645
2440,1.952,16,0.10841964185237885,2.1398868560791016,0.0,0.5363970398902893
2441,1.9527999999999999,16,0.21424512565135956,2.357222080230713,0.0,0.6856895685195923
2442,1.9536,16,0.08783046156167984,2.1784744262695312,0.0,0.5235253572463989
2443,1.9544000000000001,16,0.28554946184158325,2.4289002418518066,0.0,0.7713295221328735
2444,1.9552,16,0.221396803855896,2.338975429534912,0.0,0.6891919374465942
2445,1.956,16,0.012786494567990303,1.9888356924057007,0.0,0.4105536639690399
2446,1.9567999999999999,16,0.010388498194515705,1.979853630065918,0.0,0.4063592255115509
2447,1.9576,16,0.22249315679073334,2.374556541442871,0.0,0.6974044442176819
2448,1.9584000000000001,16,0.3697947561740875,2.5127182006835938,0.0,0.8723384141921997
2449,1.9592,16,0.19776873290538788,2.248605489730835,0.0,0.6474898457527161
2450,1.96,16,0.3045073449611664,2.4643776416778564,0.0,0.7973828911781311
2451,1.9607999999999999,16,0.10465892404317856,2.1958541870117188,0.0,0.5438297390937805
2452,1.9616,16,0.16960155963897705,2.2182345390319824,0.0,0.6132484674453735
2453,1.9624000000000001,16,0.1293284147977829,2.236804485321045,0.0,0.5766893029212952
2454,1.9632,16,0.030920561403036118,2.087592124938965,0.0,0.44843900203704834
2455,1.964,16,0.20481260120868683,2.2998249530792236,0.0,0.6647775769233704
2456,1.9647999999999999,16,0.0501965768635273,2.144399642944336,0.0,0.4790765345096588
2457,1.9656,16,0.5693697929382324,2.9120335578918457,0.0,1.1517765522003174
2458,1.9664000000000001,16,0.444064736366272,2.661447286605835,0.0,0.97635418176651
2459,1.9672,16,0.11847055703401566,2.137430191040039,0.0,0.5459566116333008
2460,1.968,16,0.4152236580848694,2.656169891357422,0.0,0.9464576244354248
2461,1.9687999999999999,16,0.12895448505878448,2.235330581665039,0.0,0.5760205984115601
2462,1.9696,16,0.06646762043237686,2.1429684162139893,0.0,0.49506130814552307
2463,1.9704000000000002,16,0.019035886973142624,2.0079360008239746,0.0,0.4206230938434601
2464,1.9712,16,0.05708003789186478,2.0606398582458496,0.0,0.4692080020904541
2465,1.972,16,0.07438462227582932,2.0556626319885254,0.0,0.4855171740055084
2466,1.9727999999999999,16,0.020513353869318962,1.9858927726745605,0.0,0.4176919162273407
2467,1.9736,16,0.6624058485031128,2.860912561416626,0.0,1.234588384628296
2468,1.9744000000000002,16,0.26461514830589294,2.3967838287353516,0.0,0.7439719438552856
2469,1.9752,16,0.16839717328548431,2.3434669971466064,0.0,0.6370905637741089
2470,1.976,16,0.3002605140209198,2.461941719055176,0.0,0.7926488518714905
2471,1.9768,16,0.32124418020248413,2.5514750480651855,0.0,0.8315392136573792
2472,1.9776,16,0.03030410408973694,2.014688491821289,0.0,0.4332418143749237
2473,1.9784000000000002,16,0.32456696033477783,2.3939242362976074,0.0,0.8033518195152283
2474,1.9792,16,0.05993490666151047,2.1482067108154297,0.0,0.4895762503147125
2475,1.98,16,1.259472131729126,3.3606534004211426,0.0,1.9316028356552124
2476,1.9808,16,0.12665119767189026,2.228489875793457,0.0,0.5723491907119751
2477,1.9816,16,0.20334433019161224,2.3218183517456055,0.0,0.6677079796791077
2478,1.9824000000000002,16,0.0399397648870945,2.0715603828430176,0.0,0.45425185561180115
2479,1.9832,16,0.031084973365068436,2.064589500427246,0.0,0.4440028965473175
2480,1.984,16,0.02590058371424675,2.024824619293213,0.0,0.43086549639701843
2481,1.9848,16,0.016904614865779877,1.990132212638855,0.0,0.414931058883667
2482,1.9856,16,0.3644866347312927,2.551915168762207,0.0,0.874869704246521
2483,1.9864000000000002,16,0.12065886706113815,2.2110705375671387,0.0,0.5628729462623596
2484,1.9872,16,0.39737290143966675,2.6100311279296875,0.0,0.9193791151046753
2485,1.988,16,0.1023549735546112,2.1598663330078125,0.0,0.5343282222747803
2486,1.9888,16,0.23585867881774902,2.3624401092529297,0.0,0.7083467245101929
2487,1.9896,16,0.020741555839776993,2.0152337551116943,0.0,0.42378830909729004
2488,1.9904,16,0.1294984221458435,2.234752655029297,0.0,0.576448917388916
2489,1.9912,16,0.04901625216007233,2.0841073989868164,0.0,0.4658377170562744
2490,1.992,16,0.011499937623739243,1.9848374128341675,0.0,0.40846744179725647
2491,1.9928,16,0.13660231232643127,2.1574618816375732,0.0,0.5680947303771973
2492,1.9936,16,0.13029246032238007,2.185664176940918,0.0,0.5674253106117249
2493,1.9944,16,0.012275520712137222,1.9879001379013062,0.0,0.40985554456710815
2494,1.9952,16,0.10734347999095917,2.130460023880005,0.0,0.5334354639053345
2495,1.996,16,0.26456037163734436,2.329817771911621,0.0,0.730523943901062
2496,1.9968,16,0.025071587413549423,2.0141654014587402,0.0,0.4279046654701233
2497,1.9976,16,0.18197683990001678,2.3047523498535156,0.0,0.6429272890090942
2498,1.9984,16,0.05327954888343811,2.1215500831604004,0.0,0.47758957743644714
2499,1.9992,16,0.33721229434013367,2.4333176612854004,0.0,0.8238758444786072
2500,2.0,16,0.020148474723100662,2.0062215328216553,0.0,0.4213927984237671
2501,2.0008,16,0.011046232655644417,1.9750503301620483,0.0,0.40605631470680237
2502,2.0016,16,0.027773745357990265,2.0072498321533203,0.0,0.4292237162590027
2503,2.0024,16,0.050901226699352264,2.087412118911743,0.0,0.46838366985321045
2504,2.0032,16,0.05609232932329178,2.064667224884033,0.0,0.46902576088905334
2505,2.004,16,0.01614675670862198,1.9951627254486084,0.0,0.4151793122291565
2506,2.0048,16,0.3321607708930969,2.542534828186035,0.0,0.840667724609375
2507,2.0056,16,0.00900820642709732,1.9690055847167969,0.0,0.4028093218803406
2508,2.0064,16,0.04718499258160591,2.110347032546997,0.0,0.46925440430641174
2509,2.0072,16,0.03476432338356972,2.0669214725494385,0.0,0.44814860820770264
2510,2.008,16,0.15565082430839539,2.246166467666626,0.0,0.604884147644043
2511,2.0088,16,0.34624752402305603,2.4903509616851807,0.0,0.8443177342414856
2512,2.0096,16,0.007587228901684284,1.9649680852890015,0.0,0.40058085322380066
2513,2.0104,16,0.008226227946579456,1.9660509824752808,0.0,0.4014364182949066
2514,2.0112,16,0.008807488717138767,1.9678263664245605,0.0,0.4023727476596832
2515,2.012,16,0.07734112441539764,2.1581521034240723,0.0,0.5089715719223022
2516,2.0128,16,0.01133474800735712,1.9853638410568237,0.0,0.4084075093269348
2517,2.0136,16,0.25506436824798584,2.4842162132263184,0.0,0.7519075870513916
2518,2.0144,16,0.03040725737810135,2.029118061065674,0.0,0.43623086810112
2519,2.0152,16,0.30384066700935364,2.480677366256714,0.0,0.799976110458374
2520,2.016,16,0.04496109113097191,2.052125930786133,0.0,0.45538628101348877
2521,2.0168,16,0.01242127176374197,1.983739972114563,0.0,0.4091692864894867
2522,2.0176,16,0.022225134074687958,2.0103907585144043,0.0,0.4243032932281494
2523,2.0184,16,0.2274065911769867,2.41650128364563,0.0,0.7107068300247192
2524,2.0192,16,0.10405243933200836,2.1754250526428223,0.0,0.5391374826431274
2525,2.02,16,0.005695022642612457,1.9572499990463257,0.0,0.39714503288269043
2526,2.0208,16,0.010735010728240013,1.9845155477523804,0.0,0.4076381325721741
2527,2.0216,16,0.009448361583054066,1.98013436794281,0.0,0.4054752290248871
2528,2.0224,16,0.005044632591307163,1.9581528902053833,0.0,0.3966752290725708
2529,2.0232,16,0.08974123746156693,2.1377522945404053,0.0,0.5172917246818542
2530,2.024,16,0.006121889688074589,1.9622235298156738,0.0,0.3985666036605835
2531,2.0248,16,0.009092411026358604,1.9814138412475586,0.0,0.4053751826286316
2532,2.0256,16,0.005715528968721628,1.9607691764831543,0.0,0.397869348526001
2533,2.0264,16,0.00992428045719862,1.9710352420806885,0.0,0.40413135290145874
2534,2.0272,16,0.022916756570339203,2.012390613555908,0.0,0.4253948926925659
2535,2.028,16,0.004440221004188061,1.954331398010254,0.0,0.3953064978122711
2536,2.0288,16,0.006560538895428181,1.962402105331421,0.0,0.39904096722602844
2537,2.0296,16,0.048562899231910706,2.060652732849121,0.0,0.46069347858428955
2538,2.0304,16,0.006466293707489967,1.9651405811309814,0.0,0.3994944095611572
2539,2.0312,16,0.003779996419325471,1.952839970588684,0.0,0.39434799551963806
2540,2.032,16,0.007759013678878546,1.9739115238189697,0.0,0.40254130959510803
2541,2.0328,16,0.014478183351457119,1.9925891160964966,0.0,0.41299599409103394
2542,2.0336,16,0.35833075642585754,2.669055461883545,0.0,0.8921418190002441
2543,2.0344,16,0.005560762248933315,1.961307406425476,0.0,0.39782223105430603
2544,2.0352,16,0.004378458019345999,1.9567453861236572,0.0,0.3957275450229645
2545,2.036,16,0.005762812681496143,1.9615651369094849,0.0,0.3980758488178253
2546,2.0368,16,0.2615700364112854,2.480592966079712,0.0,0.7576886415481567
2547,2.0376,16,0.35571831464767456,2.5907816886901855,0.0,0.8738746643066406
2548,2.0384,16,0.004295695573091507,1.9537181854248047,0.0,0.3950393497943878
2549,2.0392,16,0.007848790846765041,1.97723388671875,0.0,0.4032955765724182
2550,2.04,16,0.04756660759449005,2.068321704864502,0.0,0.46123093366622925
2551,2.0408,16,0.022296907380223274,2.0174312591552734,0.0,0.4257831573486328
2552,2.0416,16,0.007100434508174658,1.9653747081756592,0.0,0.40017539262771606
2553,2.0424,16,0.005467545241117477,1.9593117237091064,0.0,0.3973298966884613
2554,2.0432,16,0.024700891226530075,2.0078001022338867,0.0,0.42626091837882996
2555,2.044,16,0.004328923765569925,1.9579801559448242,0.0,0.39592498540878296
2556,2.0448,16,0.006701279431581497,1.9617345333099365,0.0,0.39904820919036865
2557,2.0456,16,0.00425273971632123,1.9546576738357544,0.0,0.3951842784881592
2558,2.0464,16,0.020301753655076027,2.034882068634033,0.0,0.42727819085121155
2559,2.0472,16,0.02752188965678215,2.0215587615966797,0.0,0.4318336248397827
2560,2.048,16,0.0040362244471907616,1.9549837112426758,0.0,0.39503297209739685
2561,2.0488,16,0.005979149602353573,1.974217414855957,0.0,0.40082263946533203
2562,2.0496,16,0.07361702620983124,2.089094638824463,0.0,0.4914359450340271
2563,2.0504,16,0.019047237932682037,2.016481876373291,0.0,0.4223436117172241
2564,2.0512,16,0.4746803939342499,2.8077707290649414,0.0,1.0362344980239868
2565,2.052,16,0.005117213353514671,1.9687923192977905,0.0,0.3988756835460663
2566,2.0528,16,0.01470985822379589,2.01426100730896,0.0,0.4175620675086975
2567,2.0536,16,0.004772225394845009,1.9609618186950684,0.0,0.39696457982063293
2568,2.0544,16,0.0038184328004717827,1.9572590589523315,0.0,0.3952702283859253
2569,2.0552,16,0.022880885750055313,1.9976763725280762,0.0,0.42241615056991577
2570,2.056,16,0.005333941429853439,1.9742462635040283,0.0,0.40018320083618164
2571,2.0568,16,0.028764454647898674,2.0190162658691406,0.0,0.4325677156448364
2572,2.0576,16,0.004592064768075943,1.9581489562988281,0.0,0.3962218463420868
2573,2.0584,16,0.13829480111598969,2.207125663757324,0.0,0.5797199606895447
2574,2.0592,16,0.0033392775803804398,1.9538111686706543,0.0,0.3941015303134918
2575,2.06,16,0.004932457581162453,1.9615967273712158,0.0,0.39725181460380554
2576,2.0608,16,0.00374090438708663,1.9552956819534302,0.0,0.3948000371456146
2577,2.0616,16,0.009233120828866959,1.980824589729309,0.0,0.40539804100990295
2578,2.0624,16,0.00443875789642334,1.9617290496826172,0.0,0.39678457379341125
2579,2.0632,16,0.002772024367004633,1.951107144355774,0.0,0.3929934799671173
2580,2.064,16,0.0030968626961112022,1.9521253108978271,0.0,0.39352190494537354
2581,2.0648,16,0.0039045982994139194,1.965267539024353,0.0,0.3969581127166748
2582,2.0656,16,0.0029039019718766212,1.9519469738006592,0.0,0.3932933211326599
2583,2.0664,16,0.06688157469034195,2.148947238922119,0.0,0.49667102098464966
2584,2.0672,16,0.009309622459113598,2.026705265045166,0.0,0.41465067863464355
2585,2.068,16,0.0047001647762954235,1.9625836610794067,0.0,0.39721688628196716
2586,2.0688,16,0.005412251688539982,1.9742239713668823,0.0,0.40025705099105835
2587,2.0696,16,0.007025012746453285,2.0121469497680664,0.0,0.4094544053077698
2588,2.0704,16,0.003080085851252079,1.9567797183990479,0.0,0.3944360613822937
2589,2.0712,16,0.01126030832529068,2.01719331741333,0.0,0.4146989583969116
2590,2.072,16,0.01877582259476185,2.0294437408447266,0.0,0.42466458678245544
2591,2.0728,16,0.3446009159088135,2.6961565017700195,0.0,0.8838322162628174
2592,2.0736,16,0.0028174216859042645,1.9502887725830078,0.0,0.39287519454956055
2593,2.0744,16,0.011251717805862427,1.9884146451950073,0.0,0.40893465280532837
2594,2.0752,16,0.15154461562633514,2.2584893703460693,0.0,0.6032425165176392
2595,2.076,16,0.021644730120897293,2.0316505432128906,0.0,0.4279748499393463
2596,2.0768,16,0.03774241358041763,2.056790351867676,0.0,0.4491004943847656
2597,2.0776,16,0.004748087376356125,1.9737470149993896,0.0,0.39949747920036316
2598,2.0784,16,0.002603936241939664,1.953515887260437,0.0,0.3933071196079254
2599,2.0792,16,0.0026296544820070267,1.9530351161956787,0.0,0.3932366967201233
2600,2.08,16,0.002718073781579733,1.9523077011108398,0.0,0.39317959547042847
2601,2.0808,16,0.00312606617808342,1.953115463256836,0.0,0.3937491476535797
2602,2.0816,16,0.08348201215267181,2.105668544769287,0.0,0.5046157240867615
2603,2.0824,16,0.21481052041053772,2.437954902648926,0.0,0.7024015188217163
2604,2.0832,16,0.0028768733609467745,1.9559404850006104,0.0,0.3940649926662445
2605,2.084,16,0.002723023761063814,1.9543430805206299,0.0,0.39359167218208313
2606,2.0848,16,0.0025838890578597784,1.951599359512329,0.0,0.39290377497673035
2607,2.0856,16,0.0027793003246188164,1.9538171291351318,0.0,0.39354273676872253
2608,2.0864,16,0.06737129390239716,2.221125602722168,0.0,0.5115964412689209
2609,2.0872,16,0.0025467602536082268,1.9507670402526855,0.0,0.3927001655101776
2610,2.088,16,0.0034468993544578552,1.9593976736068726,0.0,0.3953264355659485
2611,2.0888,16,0.1300870180130005,2.3297739028930664,0.0,0.5960417985916138
2612,2.0896,16,0.35876402258872986,2.747530460357666,0.0,0.9082701206207275
2613,2.0904,16,0.3326896131038666,2.633988380432129,0.0,0.8594872951507568
2614,2.0912,16,0.01918775588274002,2.075775146484375,0.0,0.43434277176856995
2615,2.092,16,0.30737200379371643,2.532381057739258,0.0,0.8138482570648193
2616,2.0928,16,0.0038169571198523045,1.9610154628753662,0.0,0.3960200548171997
2617,2.0936,16,0.10433652251958847,2.1397085189819336,0.0,0.5322782397270203
2618,2.0944,16,0.005866421852260828,1.973809003829956,0.0,0.4006282091140747
2619,2.0952,16,0.03765852749347687,2.0364675521850586,0.0,0.4449520707130432
2620,2.096,16,0.027731524780392647,2.028641700744629,0.0,0.4334598779678345
2621,2.0968,16,0.10645520687103271,2.2386703491210938,0.0,0.5541893243789673
2622,2.0976,16,0.3907037377357483,2.732119560241699,0.0,0.9371276497840881
2623,2.0984,16,0.3048887252807617,2.575883150100708,0.0,0.8200653791427612
2624,2.0992,16,0.003008719068020582,1.9553170204162598,0.0,0.39407214522361755
2625,2.1,16,0.004177354276180267,1.9643464088439941,0.0,0.39704665541648865
2626,2.1008,16,0.009307005442678928,2.000666856765747,0.0,0.40944036841392517
2627,2.1016,16,0.012193325906991959,1.9816579818725586,0.0,0.40852493047714233
2628,2.1024,16,0.003463595174252987,1.953456163406372,0.0,0.3941548466682434
2629,2.1032,16,0.0038814363069832325,1.9580962657928467,0.0,0.39550068974494934
2630,2.104,16,0.171649768948555,2.2510793209075928,0.0,0.6218656301498413
2631,2.1048,16,0.011875835247337818,2.0030746459960938,0.0,0.4124907851219177
2632,2.1056,16,0.005504845641553402,1.9733411073684692,0.0,0.4001730680465698
2633,2.1064,16,0.5812817811965942,3.2189178466796875,0.0,1.2250653505325317
2634,2.1072,16,0.0028464491479098797,1.9559786319732666,0.0,0.3940421938896179
2635,2.108,16,0.0493881031870842,2.039781332015991,0.0,0.4573443830013275
2636,2.1088,16,0.030663656070828438,2.074831962585449,0.0,0.4456300735473633
2637,2.1096,16,0.2033657729625702,2.3084864616394043,0.0,0.6650630831718445
2638,2.1104,16,0.0032814645674079657,1.9536750316619873,0.0,0.39401647448539734
2639,2.1112,16,0.004066295921802521,1.959911584854126,0.0,0.3960486054420471
2640,2.112,16,0.0026756450533866882,1.9511828422546387,0.0,0.39291223883628845
2641,2.1128,16,0.003269913839176297,1.9566197395324707,0.0,0.39459386467933655
2642,2.1136,16,0.0065052704885602,1.983510971069336,0.0,0.4032074809074402
2643,2.1144,16,0.0029668877832591534,1.9554698467254639,0.0,0.3940608501434326
2644,2.1152,16,0.003057421650737524,1.9538464546203613,0.0,0.3938267230987549
2645,2.116,16,0.36375752091407776,2.697805881500244,0.0,0.9033187627792358
2646,2.1168,16,0.005690465681254864,1.9732778072357178,0.0,0.4003460109233856
2647,2.1176,16,0.35666388273239136,2.543534755706787,0.0,0.8653708696365356
2648,2.1184,16,0.006414064671844244,1.977091908454895,0.0,0.4018324315547943
2649,2.1192,16,0.01732027530670166,2.014634132385254,0.0,0.4202471077442169
2650,2.12,16,0.0033118422143161297,1.9566868543624878,0.0,0.3946492075920105
2651,2.1208,16,0.012978450395166874,2.0299935340881348,0.0,0.41897717118263245
2652,2.1216,16,0.002883661538362503,1.9541847705841064,0.0,0.3937206268310547
2653,2.1224,16,0.00489821657538414,1.9701426029205322,0.0,0.3989267349243164
2654,2.1232,16,0.0039104679599404335,1.9607442617416382,0.0,0.3960593342781067
2655,2.124,16,0.34067532420158386,2.638669013977051,0.0,0.8684091567993164
2656,2.1248,16,0.01607738621532917,1.9921362400054932,0.0,0.41450464725494385
2657,2.1256,16,0.40153586864471436,2.7485227584838867,0.0,0.9512404203414917
2658,2.1264,16,0.055300597101449966,2.1860275268554688,0.0,0.49250611662864685
2659,2.1272,16,0.0034633802715688944,1.958202600479126,0.0,0.39510390162467957
2660,2.128,16,0.004532977472990751,1.9654223918914795,0.0,0.3976174592971802
2661,2.1288,16,0.09982048720121384,2.212286949157715,0.0,0.5422778725624084
2662,2.1296,16,0.04362538829445839,2.0552897453308105,0.0,0.4546833336353302
2663,2.1304,16,0.4360274076461792,2.7373769283294678,0.0,0.9835028052330017
2664,2.1312,16,0.0028610334265977144,1.9536643028259277,0.0,0.3935938775539398
2665,2.132,16,0.005649533122777939,1.9726077318191528,0.0,0.40017110109329224
2666,2.1328,16,0.004099992103874683,1.9639372825622559,0.0,0.3968874514102936
2667,2.1336,16,0.0030536470003426075,1.9537105560302734,0.0,0.39379575848579407
2668,2.1344,16,0.002940442645922303,1.9545608758926392,0.0,0.3938526213169098
2669,2.1352,16,0.004268541932106018,1.9588680267333984,0.0,0.3960421681404114
2670,2.136,16,0.0029258141294121742,1.9555444717407227,0.0,0.3940347135066986
2671,2.1368,16,0.004668228793889284,1.9650471210479736,0.0,0.3976776599884033
2672,2.1376,16,0.003206051653251052,1.9536513090133667,0.0,0.39393630623817444
2673,2.1384,16,0.06375787407159805,2.1234498023986816,0.0,0.4884478449821472
2674,2.1391999999999998,16,0.003994693048298359,1.9590013027191162,0.0,0.39579495787620544
2675,2.14,16,0.3686458170413971,2.69749116897583,0.0,0.9081441164016724
2676,2.1408,16,0.003134080208837986,1.9547364711761475,0.0,0.39408138394355774
2677,2.1416,16,0.013683878816664219,2.020552635192871,0.0,0.417794406414032
2678,2.1424,16,0.005363766103982925,1.9710443019866943,0.0,0.3995726406574249
2679,2.1432,16,0.19982360303401947,2.267518997192383,0.0,0.6533274054527283
2680,2.144,16,0.0028907177038490772,1.9538995027542114,0.0,0.39367061853408813
2681,2.1448,16,0.10959479957818985,2.203378200531006,0.0,0.5502704381942749
2682,2.1456,16,0.03439333289861679,2.0966877937316895,0.0,0.45373091101646423
2683,2.1464,16,0.15950460731983185,2.214054822921753,0.0,0.6023156046867371
2684,2.1471999999999998,16,0.003524422412738204,1.960424780845642,0.0,0.39560937881469727
2685,2.148,16,0.013851866126060486,1.9972755908966064,0.0,0.4133070111274719
2686,2.1488,16,0.00243928749114275,1.9516386985778809,0.0,0.3927670419216156
2687,2.1496,16,0.0030950475484132767,1.9554388523101807,0.0,0.39418283104896545
2688,2.1504,16,0.002808390650898218,1.9534378051757812,0.0,0.39349594712257385
2689,2.1512000000000002,16,0.03593935817480087,2.069502592086792,0.0,0.44983989000320435
2690,2.152,16,0.0043526627123355865,1.9670437574386597,0.0,0.39776140451431274
2691,2.1528,16,0.009769164025783539,1.9826703071594238,0.0,0.4063032269477844
2692,2.1536,16,0.012392920441925526,1.9936994314193726,0.0,0.4111328125
2693,2.1544,16,0.0636599063873291,2.1145119667053223,0.0,0.4865623116493225
2694,2.1552,16,0.0042410558089613914,1.9657355546951294,0.0,0.39738816022872925
2695,2.156,16,0.0052641043439507484,1.9776051044464111,0.0,0.4007851183414459
2696,2.1568,16,0.10701606422662735,2.146075487136841,0.0,0.5362311601638794
2697,2.1576,16,0.012475138530135155,1.999952793121338,0.0,0.4124656915664673
2698,2.1584,16,0.5655269622802734,2.9840011596679688,0.0,1.1623272895812988
2699,2.1592000000000002,16,0.241600900888443,2.35507869720459,0.0,0.7126166820526123
2700,2.16,16,0.35765090584754944,2.5650177001953125,0.0,0.8706544637680054
2701,2.1608,16,0.44905826449394226,2.797811985015869,0.0,1.0086206197738647
2702,2.1616,16,0.017058640718460083,2.001631021499634,0.0,0.4173848628997803
2703,2.1624,16,0.477951318025589,2.9185292720794678,0.0,1.061657190322876
2704,2.1632,16,0.0057977838441729546,1.9711382389068604,0.0,0.4000254273414612
2705,2.164,16,0.0035208880435675383,1.9608538150787354,0.0,0.3956916332244873
2706,2.1648,16,0.0027663186192512512,1.9529449939727783,0.0,0.3933553099632263
2707,2.1656,16,0.007427813485264778,1.995194435119629,0.0,0.40646669268608093
2708,2.1664,16,0.331210196018219,2.6176741123199463,0.0,0.8547450304031372
2709,2.1672,16,0.00978914275765419,1.994093656539917,0.0,0.4086078703403473
2710,2.168,16,0.3347306549549103,2.665292501449585,0.0,0.8677891492843628
2711,2.1688,16,0.002394210547208786,1.9534943103790283,0.0,0.393093079328537
2712,2.1696,16,0.0036753870081156492,1.963326334953308,0.0,0.39634066820144653
2713,2.1704,16,0.004412748850882053,1.9699444770812988,0.0,0.3984016478061676
2714,2.1712,16,0.007406753953546286,1.975860595703125,0.0,0.40257886052131653
2715,2.172,16,0.30203649401664734,2.4276177883148193,0.0,0.7875600457191467
2716,2.1728,16,0.04714766517281532,2.0483651161193848,0.0,0.45682069659233093
2717,2.1736,16,0.3057810366153717,2.529313802719116,0.0,0.8116438388824463
2718,2.1744,16,0.009118583053350449,1.9948945045471191,0.0,0.408097505569458
2719,2.1752,16,0.002924705157056451,1.9541099071502686,0.0,0.3937467038631439
2720,2.176,16,0.771510899066925,3.2927744388580322,0.0,1.4300658702850342
2721,2.1768,16,0.003612120170146227,1.961646556854248,0.0,0.39594143629074097
2722,2.1776,16,0.0033847109880298376,1.9536032676696777,0.0,0.39410537481307983
2723,2.1784,16,0.2851249873638153,2.3558576107025146,0.0,0.7562965154647827
2724,2.1792,16,0.011269945651292801,2.009511709213257,0.0,0.41317230463027954
2725,2.18,16,0.03269810974597931,2.026421546936035,0.0,0.437982439994812
2726,2.1808,16,0.0039542908780276775,1.967104434967041,0.0,0.3973751962184906
2727,2.1816,16,0.4128127098083496,2.612684726715088,0.0,0.9353496432304382
2728,2.1824,16,0.0036987573839724064,1.9691219329833984,0.0,0.3975231647491455
2729,2.1832,16,0.006650732830166817,1.974287748336792,0.0,0.40150830149650574
2730,2.184,16,0.3511582612991333,2.389923095703125,0.0,0.8291429281234741
2731,2.1848,16,0.0029323375783860683,1.9515082836151123,0.0,0.3932340145111084
2732,2.1856,16,0.01352725736796856,2.016143798828125,0.0,0.4167560040950775
2733,2.1864,16,0.07899359613656998,2.168262004852295,0.0,0.5126460194587708
2734,2.1872,16,0.004319179803133011,1.9667935371398926,0.0,0.3976778984069824
2735,2.188,16,0.29345443844795227,2.4370481967926025,0.0,0.7808641195297241
2736,2.1888,16,0.4021298587322235,2.6450862884521484,0.0,0.9311470985412598
2737,2.1896,16,0.0029037820640951395,1.9543272256851196,0.0,0.393769234418869
2738,2.1904,16,0.010304160416126251,1.9843840599060059,0.0,0.4071809649467468
2739,2.1912,16,0.003656916320323944,1.9568703174591064,0.0,0.39503100514411926
2740,2.192,16,0.07666036486625671,2.1572721004486084,0.0,0.5081148147583008
2741,2.1928,16,0.00515337660908699,1.9672167301177979,0.0,0.39859673380851746
2742,2.1936,16,0.022846221923828125,2.04596209526062,0.0,0.43203863501548767
2743,2.1944,16,0.02299100160598755,2.0290613174438477,0.0,0.4288032650947571
2744,2.1952,16,0.004957434255629778,1.9661641120910645,0.0,0.3981902599334717
2745,2.196,16,0.29487740993499756,2.541563034057617,0.0,0.8031900525093079
2746,2.1968,16,0.00334656098857522,1.9562873840332031,0.0,0.39460405707359314
2747,2.1976,16,0.008497977629303932,1.9671521186828613,0.0,0.4019284248352051
2748,2.1984,16,0.0035120530519634485,1.9578578472137451,0.0,0.39508363604545593
2749,2.1992,16,0.0031394013203680515,1.9542326927185059,0.0,0.39398595690727234
2750,2.2,16,0.00529728177934885,1.965003490447998,0.0,0.3982979655265808
2751,2.2008,16,0.0033931699581444263,1.9554524421691895,0.0,0.39448365569114685
2752,2.2016,16,0.0038290193770080805,1.9574978351593018,0.0,0.3953286111354828
2753,2.2024,16,0.003260658122599125,1.9589955806732178,0.0,0.3950597941875458
2754,2.2032,16,0.370900958776474,2.626680374145508,0.0,0.8962370157241821
2755,2.204,16,0.0027229106053709984,1.9533573389053345,0.0,0.3933943808078766
2756,2.2048,16,0.0035466141998767853,1.958128809928894,0.0,0.3951723873615265
2757,2.2056,16,0.004578474909067154,1.9624652862548828,0.0,0.3970715403556824
2758,2.2064,16,0.003484980668872595,1.9610226154327393,0.0,0.3956895172595978
2759,2.2072,16,0.004228579346090555,1.9619232416152954,0.0,0.3966132402420044
2760,2.208,16,0.35619863867759705,2.5578465461730957,0.0,0.8677679300308228
2761,2.2088,16,0.003149195108562708,1.9551610946655273,0.0,0.39418140053749084
2762,2.2096,16,0.006929139140993357,1.9915072917938232,0.0,0.4052305817604065
2763,2.2104,16,0.28727608919143677,2.5091824531555176,0.0,0.7891125679016113
2764,2.2112,16,0.37527549266815186,2.6454989910125732,0.0,0.9043753147125244
2765,2.212,16,0.3717522621154785,2.665086030960083,0.0,0.9047694802284241
2766,2.2128,16,0.06689654290676117,2.0510196685791016,0.0,0.4771004915237427
2767,2.2136,16,0.2361980378627777,2.4525632858276367,0.0,0.7267106771469116
2768,2.2144,16,0.292513370513916,2.502126693725586,0.0,0.7929387092590332
2769,2.2152,16,0.004961622878909111,1.9651755094528198,0.0,0.397996723651886
2770,2.216,16,0.09264469146728516,2.0622148513793945,0.0,0.505087673664093
2771,2.2168,16,0.16059686243534088,2.1825506687164307,0.0,0.5971069931983948
2772,2.2176,16,0.00407323008403182,1.9617035388946533,0.0,0.3964139521121979
2773,2.2184,16,0.008343303576111794,1.9728593826293945,0.0,0.40291517972946167
2774,2.2192,16,0.36854737997055054,2.6215169429779053,0.0,0.8928507566452026
2775,2.22,16,0.006339075975120068,1.9878363609313965,0.0,0.40390634536743164
2776,2.2208,16,0.008014456368982792,1.9882605075836182,0.0,0.4056665897369385
2777,2.2216,16,0.01581323891878128,2.0228376388549805,0.0,0.42038077116012573
2778,2.2224,16,0.20971420407295227,2.428314685821533,0.0,0.6953771114349365
2779,2.2232,16,0.29524263739585876,2.3824777603149414,0.0,0.7717381715774536
2780,2.224,16,0.0060596344992518425,1.9684317111968994,0.0,0.39974600076675415
2781,2.2248,16,0.0038253087550401688,1.9558675289154053,0.0,0.39499881863594055
2782,2.2256,16,0.00487899873405695,1.963139295578003,0.0,0.39750686287879944
2783,2.2264,16,0.3719121813774109,2.621490716934204,0.0,0.8962103128433228
2784,2.2272,16,0.5094427466392517,2.7782747745513916,0.0,1.065097689628601
2785,2.228,16,0.016540993005037308,2.000926971435547,0.0,0.41672641038894653
2786,2.2288,16,0.30495715141296387,2.458249568939209,0.0,0.7966070771217346
2787,2.2296,16,0.007014540955424309,1.9634687900543213,0.0,0.3997083008289337
2788,2.2304,16,0.005414091516286135,1.9625358581542969,0.0,0.39792126417160034
2789,2.2312,16,0.3631802797317505,2.4990129470825195,0.0,0.8629828691482544
2790,2.232,16,0.6139137148857117,2.91583251953125,0.0,1.1970802545547485
2791,2.2328,16,0.22841639816761017,2.301614284515381,0.0,0.6887392401695251
2792,2.2336,16,0.006577643565833569,1.9734413623809814,0.0,0.4012659192085266
2793,2.2344,16,0.35041821002960205,2.5628042221069336,0.0,0.8629790544509888
2794,2.2352,16,0.004521419294178486,1.9575469493865967,0.0,0.39603081345558167
2795,2.2359999999999998,16,0.022634917870163918,1.998393177986145,0.0,0.4223135709762573
2796,2.2368,16,0.22278091311454773,2.4086287021636963,0.0,0.7045066356658936
2797,2.2376,16,0.005041939206421375,1.960284948348999,0.0,0.39709892868995667
2798,2.2384,16,0.02542135678231716,2.066267490386963,0.0,0.4386748671531677
2799,2.2392,16,0.01316264271736145,2.0014114379882812,0.0,0.4134449362754822
2800,2.24,16,0.007032192312180996,1.9711744785308838,0.0,0.40126708149909973
2801,2.2408,16,0.6958704590797424,3.0224339962005615,0.0,1.3003573417663574
2802,2.2416,16,0.007756918668746948,1.9793064594268799,0.0,0.4036182165145874
2803,2.2424,16,0.01101556234061718,1.991275668144226,0.0,0.409270703792572
2804,2.2432,16,0.005738895386457443,1.9620583057403564,0.0,0.39815056324005127
2805,2.2439999999999998,16,0.06458669155836105,2.0501184463500977,0.0,0.4746103882789612
2806,2.2448,16,0.025591183453798294,2.003413677215576,0.0,0.4262739419937134
2807,2.2456,16,0.006196426227688789,1.9628353118896484,0.0,0.398763507604599
2808,2.2464,16,0.017416292801499367,1.990139365196228,0.0,0.41544416546821594
2809,2.2472,16,0.006852657068520784,1.9762678146362305,0.0,0.40210622549057007
2810,2.248,16,0.0058852494694292545,1.9643230438232422,0.0,0.39874985814094543
2811,2.2488,16,0.035928018391132355,2.030378818511963,0.0,0.4420037865638733
2812,2.2496,16,0.15265633165836334,2.2840139865875244,0.0,0.6094591617584229
2813,2.2504,16,0.37226808071136475,2.5252461433410645,0.0,0.8773173093795776
2814,2.2512,16,0.3437684178352356,2.5413899421691895,0.0,0.8520464301109314
2815,2.252,16,0.005450698081403971,1.9627258777618408,0.0,0.39799588918685913
2816,2.2528,16,0.34767287969589233,2.553900957107544,0.0,0.858453094959259
2817,2.2536,16,0.07536441832780838,2.141852855682373,0.0,0.5037350058555603
2818,2.2544,16,0.01199756283313036,2.001103162765503,0.0,0.4122181832790375
2819,2.2552,16,0.005874583963304758,1.9633166790008545,0.0,0.39853790402412415
2820,2.2560000000000002,16,0.3767966032028198,2.5315535068511963,0.0,0.8831073045730591
2821,2.2568,16,0.2526661157608032,2.3820948600769043,0.0,0.7290850877761841
2822,2.2576,16,0.005613946355879307,1.9649667739868164,0.0,0.3986073136329651
2823,2.2584,16,0.006828892044723034,1.9696611166000366,0.0,0.40076112747192383
2824,2.2592,16,0.028530864045023918,2.023286819458008,0.0,0.43318822979927063
2825,2.26,16,0.007527597714215517,1.9728116989135742,0.0,0.402089923620224
2826,2.2608,16,0.02149127423763275,2.0337913036346436,0.0,0.4282495379447937
2827,2.2616,16,0.042936358600854874,2.0494303703308105,0.0,0.4528224468231201
2828,2.2624,16,0.005635029636323452,1.9659301042556763,0.0,0.39882105588912964
2829,2.2632,16,0.009506674483418465,1.9832398891448975,0.0,0.40615466237068176
2830,2.2640000000000002,16,0.005337395239621401,1.9613456726074219,0.0,0.3976065218448639
2831,2.2648,16,0.004333090968430042,1.9594357013702393,0.0,0.39622023701667786
2832,2.2656,16,0.26457247138023376,2.401344060897827,0.0,0.7448412775993347
2833,2.2664,16,0.2396508902311325,2.3366870880126953,0.0,0.7069883346557617
2834,2.2672,16,0.0060120923444628716,1.9660106897354126,0.0,0.3992142379283905
2835,2.268,16,0.00453290855512023,1.9594389200210571,0.0,0.3964206874370575
2836,2.2688,16,0.014067793264985085,1.9887475967407227,0.0,0.4118173122406006
2837,2.2696,16,0.15810345113277435,2.286102294921875,0.0,0.6153239011764526
2838,2.2704,16,0.007758076302707195,1.968428134918213,0.0,0.4014437198638916
2839,2.2712,16,0.006335556507110596,1.9734258651733398,0.0,0.40102073550224304
2840,2.2720000000000002,16,0.003918049857020378,1.9568796157836914,0.0,0.3952939808368683
2841,2.2728,16,0.004431002773344517,1.9622070789337158,0.0,0.3968724310398102
2842,2.2736,16,0.0065651461482048035,1.9706003665924072,0.0,0.40068522095680237
2843,2.2744,16,0.004928018432110548,1.9732956886291504,0.0,0.39958715438842773
2844,2.2752,16,0.004654604010283947,1.9685560464859009,0.0,0.3983658254146576
2845,2.276,16,0.0050195856019854546,1.9620733261108398,0.0,0.3974342346191406
2846,2.2768,16,0.04418126121163368,2.1054604053497314,0.0,0.46527335047721863
2847,2.2776,16,0.3356744050979614,2.581477403640747,0.0,0.8519698977470398
2848,2.2784,16,0.00847281888127327,1.9742140769958496,0.0,0.4033156633377075
2849,2.2792,16,0.18003229796886444,2.1901516914367676,0.0,0.6180626153945923
2850,2.2800000000000002,16,0.02718234807252884,2.0276923179626465,0.0,0.432720810174942
2851,2.2808,16,0.0035380986519157887,1.9599968194961548,0.0,0.39553746581077576
2852,2.2816,16,0.004011345561593771,1.9551094770431519,0.0,0.39503324031829834
2853,2.2824,16,0.09683649986982346,2.157336711883545,0.0,0.528303861618042
2854,2.2832,16,0.004056376405060291,1.9583369493484497,0.0,0.39572376012802124
2855,2.284,16,0.005111393053084612,1.9700090885162354,0.0,0.3991132080554962
2856,2.2848,16,0.04463953152298927,2.093116283416748,0.0,0.46326279640197754
2857,2.2856,16,0.00527373468503356,1.9692163467407227,0.0,0.39911699295043945
2858,2.2864,16,0.003488530172035098,1.953446388244629,0.0,0.3941778242588043
2859,2.2872,16,0.027223655954003334,2.0363893508911133,0.0,0.4345015287399292
2860,2.288,16,0.0030607846565544605,1.9550343751907349,0.0,0.3940676748752594
2861,2.2888,16,0.3833245038986206,2.6167190074920654,0.0,0.9066683053970337
2862,2.2896,16,0.01057351566851139,1.9825184345245361,0.0,0.40707719326019287
2863,2.2904,16,0.003129648044705391,1.9538542032241821,0.0,0.3939005136489868
2864,2.2912,16,0.0032008267007768154,1.9549092054367065,0.0,0.3941826820373535
2865,2.292,16,0.3787020742893219,2.6854467391967773,0.0,0.915791392326355
2866,2.2928,16,0.004498211666941643,1.9654159545898438,0.0,0.39758139848709106
2867,2.2936,16,0.1703188419342041,2.2200779914855957,0.0,0.6143344640731812
2868,2.2944,16,0.00415695458650589,1.9580814838409424,0.0,0.3957732617855072
2869,2.2952,16,0.11868114769458771,2.2091941833496094,0.0,0.5605199933052063
2870,2.296,16,0.00312535697594285,1.9535905122756958,0.0,0.39384347200393677
2871,2.2968,16,0.3869316577911377,2.6782479286193848,0.0,0.9225812554359436
2872,2.2976,16,0.3548896908760071,2.5913333892822266,0.0,0.8731563687324524
2873,2.2984,16,0.0034245294518768787,1.9560883045196533,0.0,0.3946422040462494
2874,2.2992,16,0.0049797105602920055,1.9691020250320435,0.0,0.3988001048564911
2875,2.3,16,0.19029466807842255,2.3294878005981445,0.0,0.6561922430992126
2876,2.3008,16,0.335403710603714,2.538455009460449,0.0,0.8430947065353394
2877,2.3016,16,0.03158086910843849,2.0841879844665527,0.0,0.4484184682369232
2878,2.3024,16,0.3462092876434326,2.449070930480957,0.0,0.8360234498977661
2879,2.3032,16,0.003663107519969344,1.9598972797393799,0.0,0.39564254879951477
2880,2.304,16,0.36647385358810425,2.629833459854126,0.0,0.8924405574798584
2881,2.3048,16,0.21273180842399597,2.3311104774475098,0.0,0.6789538860321045
2882,2.3056,16,0.23637156188488007,2.3686389923095703,0.0,0.7100993394851685
2883,2.3064,16,0.203773632645607,2.3008170127868652,0.0,0.6639370322227478
2884,2.3072,16,0.02803271822631359,2.0291523933410645,0.0,0.43386319279670715
2885,2.308,16,0.0051903193816542625,1.9674017429351807,0.0,0.39867067337036133
2886,2.3088,16,0.005844744388014078,1.9737428426742554,0.0,0.4005933105945587
2887,2.3096,16,0.019945381209254265,2.0340771675109863,0.0,0.42676082253456116
2888,2.3104,16,0.5725960731506348,2.929656505584717,0.0,1.1585273742675781
2889,2.3112,16,0.15097790956497192,2.249359130859375,0.0,0.6008497476577759
2890,2.312,16,0.29314470291137695,2.4006495475769043,0.0,0.7732746601104736
2891,2.3128,16,0.07812394201755524,2.0939693450927734,0.0,0.49691784381866455
2892,2.3136,16,0.33776089549064636,2.565573215484619,0.0,0.8508754968643188
2893,2.3144,16,0.01691320538520813,1.9882655143737793,0.0,0.414566308259964
2894,2.3152,16,0.005153468810021877,1.9676921367645264,0.0,0.39869192242622375
2895,2.316,16,0.004250993020832539,1.959637999534607,0.0,0.39617860317230225
2896,2.3168,16,0.004339561797678471,1.958197832107544,0.0,0.3959791362285614
2897,2.3176,16,0.6157427430152893,2.8973066806793213,0.0,1.1952040195465088
2898,2.3184,16,0.0040190564468503,1.9576478004455566,0.0,0.39554861187934875
2899,2.3192,16,0.004318117164075375,1.9563754796981812,0.0,0.39559322595596313
2900,2.32,16,0.0055918022990226746,1.963752269744873,0.0,0.3983422815799713
2901,2.3208,16,0.006289808079600334,1.9712036848068237,0.0,0.40053054690361023
2902,2.3216,16,0.10241466015577316,2.169283866882324,0.0,0.5362714529037476
2903,2.3224,16,0.35910677909851074,2.5164549350738525,0.0,0.8623977899551392
2904,2.3232,16,0.35691118240356445,2.5976438522338867,0.0,0.8764399886131287
2905,2.324,16,0.0190570205450058,2.0388011932373047,0.0,0.42681723833084106
2906,2.3247999999999998,16,0.004664713516831398,1.9653019905090332,0.0,0.3977251350879669
2907,2.3256,16,0.004389092791825533,1.9577672481536865,0.0,0.3959425687789917
2908,2.3264,16,0.33423539996147156,2.5148134231567383,0.0,0.8371981382369995
2909,2.3272,16,0.011177374050021172,1.9906079769134521,0.0,0.40929895639419556
2910,2.328,16,0.006404557265341282,1.9715241193771362,0.0,0.4007093906402588
2911,2.3288,16,0.005164468195289373,1.9616641998291016,0.0,0.3974973261356354
2912,2.3296,16,0.00513217831030488,1.9645904302597046,0.0,0.3980502486228943
2913,2.3304,16,0.06968764215707779,2.1268398761749268,0.0,0.495055615901947
2914,2.3312,16,0.007674082648009062,1.9785386323928833,0.0,0.4033817946910858
2915,2.332,16,0.005480289459228516,1.961841344833374,0.0,0.39784857630729675
2916,2.3327999999999998,16,0.00411752937361598,1.9586904048919678,0.0,0.3958556056022644
2917,2.3336,16,0.006047740578651428,1.9707636833190918,0.0,0.4002004861831665
2918,2.3344,16,0.0052434299141168594,1.964759349822998,0.0,0.3981952965259552
2919,2.3352,16,0.31474050879478455,2.471611738204956,0.0,0.8090628385543823
2920,2.336,16,0.3269854784011841,2.467386245727539,0.0,0.820462703704834
2921,2.3368,16,0.007089466787874699,1.9727821350097656,0.0,0.4016458988189697
2922,2.3376,16,0.003649715567007661,1.9587011337280273,0.0,0.39538994431495667
2923,2.3384,16,0.00451241759583354,1.9595096111297607,0.0,0.3964143693447113
2924,2.3392,16,0.007170035503804684,1.9763373136520386,0.0,0.4024374783039093
2925,2.34,16,0.01953401230275631,2.020409107208252,0.0,0.42361584305763245
2926,2.3407999999999998,16,0.007112689781934023,1.9742226600646973,0.0,0.4019572138786316
2927,2.3416,16,0.10361955314874649,2.105380058288574,0.0,0.5246955752372742
2928,2.3424,16,0.004782524891197681,1.965021014213562,0.0,0.3977867364883423
2929,2.3432,16,0.005961467977613211,1.9715632200241089,0.0,0.4002741277217865
2930,2.344,16,0.004053867422044277,1.956836462020874,0.0,0.3954211473464966
2931,2.3448,16,0.046053655445575714,2.0907607078552246,0.0,0.464205801486969
2932,2.3456,16,0.005635043606162071,1.965186357498169,0.0,0.39867234230041504
2933,2.3464,16,0.0040926020592451096,1.9580410718917847,0.0,0.3957008123397827
2934,2.3472,16,0.3361857235431671,2.5776448249816895,0.0,0.8517147302627563
2935,2.348,16,0.004164516925811768,1.9599254131317139,0.0,0.396149605512619
2936,2.3487999999999998,16,0.003695639781653881,1.9575330018997192,0.0,0.39520224928855896
2937,2.3496,16,0.009742001071572304,1.9812982082366943,0.0,0.40600162744522095
2938,2.3504,16,0.005330950953066349,1.9666987657546997,0.0,0.3986707031726837
2939,2.3512,16,0.3688090741634369,2.6011247634887695,0.0,0.8890340328216553
2940,2.352,16,0.3326193392276764,2.6076767444610596,0.0,0.8541547060012817
2941,2.3528000000000002,16,0.1572386473417282,2.2342212200164795,0.0,0.6040828824043274
2942,2.3536,16,0.005853058770298958,1.9682252407073975,0.0,0.3994981050491333
2943,2.3544,16,0.006933307275176048,1.983872413635254,0.0,0.4037078022956848
2944,2.3552,16,0.006479042582213879,1.9791492223739624,0.0,0.4023089110851288
2945,2.356,16,0.4626648426055908,2.7627830505371094,0.0,1.0152214765548706
2946,2.3568,16,0.016552701592445374,2.012768030166626,0.0,0.41910630464553833
2947,2.3576,16,0.0073667289689183235,1.9876508712768555,0.0,0.40489688515663147
2948,2.3584,16,0.017504874616861343,2.0146679878234863,0.0,0.4204384684562683
2949,2.3592,16,0.0046513862907886505,1.9650936126708984,0.0,0.39767012000083923
2950,2.36,16,0.15211185812950134,2.1982274055480957,0.0,0.5917573571205139
2951,2.3608000000000002,16,0.003794203046709299,1.9560465812683105,0.0,0.3950035274028778
2952,2.3616,16,0.004223736468702555,1.957120656967163,0.0,0.39564788341522217
2953,2.3624,16,0.005612310022115707,1.9675593376159668,0.0,0.3991241753101349
2954,2.3632,16,0.022204117849469185,2.019763708114624,0.0,0.4261568784713745
2955,2.364,16,0.3229309618473053,2.4983906745910645,0.0,0.8226090669631958
2956,2.3648,16,0.004219860769808292,1.958383321762085,0.0,0.3958965241909027
2957,2.3656,16,0.003922939300537109,1.9596898555755615,0.0,0.3958609104156494
2958,2.3664,16,0.22423264384269714,2.300623893737793,0.0,0.6843574047088623
2959,2.3672,16,0.004433501046150923,1.9566385746002197,0.0,0.3957612216472626
2960,2.368,16,0.004599607549607754,1.9654779434204102,0.0,0.3976951837539673
2961,2.3688000000000002,16,0.9658336639404297,3.381552219390869,0.0,1.6421442031860352
2962,2.3696,16,0.004868258722126484,1.9642219543457031,0.0,0.39771267771720886
2963,2.3704,16,0.004202503710985184,1.9575555324554443,0.0,0.3957136273384094
2964,2.3712,16,0.004424692131578922,1.9582135677337646,0.0,0.39606741070747375
2965,2.372,16,0.003658632282167673,1.9559836387634277,0.0,0.3948553502559662
2966,2.3728,16,0.00398143008351326,1.9573912620544434,0.0,0.39545971155166626
2967,2.3736,16,0.004243077710270882,1.9565962553024292,0.0,0.3955623209476471
2968,2.3744,16,0.003600651863962412,1.9591710567474365,0.0,0.3954348862171173
2969,2.3752,16,0.2542911171913147,2.373318672180176,0.0,0.7289548516273499
2970,2.376,16,0.3333238661289215,2.552035093307495,0.0,0.8437309265136719
2971,2.3768000000000002,16,0.45828741788864136,2.734828233718872,0.0,1.0052530765533447
2972,2.3776,16,0.00567107368260622,1.9757506847381592,0.0,0.4008212387561798
2973,2.3784,16,0.0036268499679863453,1.9566367864608765,0.0,0.39495420455932617
2974,2.3792,16,0.0035319619346410036,1.9550135135650635,0.0,0.3945346772670746
2975,2.38,16,0.006855715997517109,1.9790070056915283,0.0,0.4026571214199066
2976,2.3808,16,0.6894352436065674,3.278874635696411,0.0,1.3452101945877075
2977,2.3816,16,0.007409236393868923,1.9753021001815796,0.0,0.402469664812088
2978,2.3824,16,0.3423471450805664,2.527419090270996,0.0,0.8478309512138367
2979,2.3832,16,0.08092496544122696,2.0905911922454834,0.0,0.49904319643974304
2980,2.384,16,0.003629972692579031,1.9562397003173828,0.0,0.39487794041633606
2981,2.3848,16,0.0035560354590415955,1.9540210962295532,0.0,0.3943602740764618
2982,2.3856,16,0.3120236396789551,2.4652490615844727,0.0,0.8050734996795654
2983,2.3864,16,0.019826890900731087,2.0103325843811035,0.0,0.4218934178352356
2984,2.3872,16,0.04681869596242905,2.08046293258667,0.0,0.46291130781173706
2985,2.388,16,0.00356745021417737,1.9572361707687378,0.0,0.3950147032737732
2986,2.3888,16,0.25001710653305054,2.314558982849121,0.0,0.7129288911819458
2987,2.3896,16,0.3270438313484192,2.4896740913391113,0.0,0.8249786496162415
2988,2.3904,16,0.005161927547305822,1.9627037048339844,0.0,0.397702693939209
2989,2.3912,16,0.033973533660173416,2.0540356636047363,0.0,0.4447806775569916
2990,2.392,16,0.1517511010169983,2.3462960720062256,0.0,0.6210103034973145
2991,2.3928,16,0.0061210584826767445,1.9714758396148682,0.0,0.4004162549972534
2992,2.3936,16,0.0035873190499842167,1.9553682804107666,0.0,0.39466097950935364
2993,2.3944,16,0.005179212428629398,1.968542218208313,0.0,0.39888766407966614
2994,2.3952,16,0.28108975291252136,2.4526522159576416,0.0,0.7716202139854431
2995,2.396,16,0.025606198236346245,2.0524494647979736,0.0,0.43609607219696045
2996,2.3968,16,0.003909792751073837,1.9552855491638184,0.0,0.39496690034866333
2997,2.3976,16,0.017768416553735733,1.9915997982025146,0.0,0.41608837246894836
2998,2.3984,16,0.04021839424967766,2.0755107402801514,0.0,0.4553205370903015
2999,2.3992,16,0.0043226308189332485,1.959139108657837,0.0,0.3961504399776459
3000,2.4,16,0.01856192573904991,2.013899564743042,0.0,0.42134183645248413
3001,2.4008,16,0.0037694808561354876,1.9595065116882324,0.0,0.3956708014011383
3002,2.4016,16,0.14357112348079681,2.3115384578704834,0.0,0.6058788299560547
3003,2.4024,16,0.0048682671040296555,1.9644594192504883,0.0,0.39776015281677246
3004,2.4032,16,0.0048166485503315926,1.9673651456832886,0.0,0.39828968048095703
3005,2.404,16,0.012522819451987743,2.006342887878418,0.0,0.41379138827323914
3006,2.4048,16,0.0148776825517416,1.9908778667449951,0.0,0.4130532443523407
3007,2.4056,16,0.35766541957855225,2.613889694213867,0.0,0.8804433941841125
3008,2.4064,16,0.014065642841160297,1.9915518760681152,0.0,0.4123760461807251
3009,2.4072,16,0.0036944018211215734,1.9549615383148193,0.0,0.3946867287158966
3010,2.408,16,0.35906532406806946,2.6865808963775635,0.0,0.8963814973831177
3011,2.4088,16,0.0038675577379763126,1.9563281536102295,0.0,0.39513319730758667
3012,2.4096,16,0.36467644572257996,2.5866894721984863,0.0,0.8820143938064575
3013,2.4104,16,0.0044808099046349525,1.9646220207214355,0.0,0.397405207157135
3014,2.4112,16,0.09994827210903168,2.1229074001312256,0.0,0.524529755115509
3015,2.412,16,0.22866742312908173,2.284867763519287,0.0,0.6856409907341003
3016,2.4128,16,0.004891090095043182,1.9668086767196655,0.0,0.39825284481048584
3017,2.4136,16,0.005137626081705093,1.9689195156097412,0.0,0.39892151951789856
3018,2.4144,16,0.5979275703430176,2.9242429733276367,0.0,1.1827762126922607
3019,2.4152,16,0.5827389359474182,3.027350425720215,0.0,1.188209056854248
3020,2.416,16,0.0035509723238646984,1.955503225326538,0.0,0.3946516215801239
3021,2.4168,16,0.010192545130848885,1.9873175621032715,0.0,0.40765607357025146
3022,2.4176,16,0.2908869981765747,2.434030532836914,0.0,0.7776931524276733
3023,2.4184,16,0.03868582099676132,2.061540126800537,0.0,0.4509938657283783
3024,2.4192,16,0.0257565937936306,2.011636972427368,0.0,0.42808398604393005
3025,2.42,16,0.0029665259644389153,1.952270269393921,0.0,0.39342057704925537
3026,2.4208,16,0.004093047231435776,1.9607781171798706,0.0,0.3962486684322357
3027,2.4215999999999998,16,0.00398812023922801,1.9561820030212402,0.0,0.39522451162338257
3028,2.4224,16,0.10666388273239136,2.085460901260376,0.0,0.5237560272216797
3029,2.4232,16,0.0038813971914350986,1.9598596096038818,0.0,0.39585331082344055
3030,2.424,16,0.3418768346309662,2.5637879371643066,0.0,0.8546344041824341
3031,2.4248,16,0.0033312286250293255,1.9542236328125,0.0,0.3941759467124939
3032,2.4256,16,0.007446531672030687,1.9717121124267578,0.0,0.40178894996643066
3033,2.4264,16,0.14917463064193726,2.1805691719055176,0.0,0.5852884650230408
3034,2.4272,16,0.003773555625230074,1.9584033489227295,0.0,0.3954542577266693
3035,2.428,16,0.3694332242012024,2.647282600402832,0.0,0.8988897800445557
3036,2.4288,16,0.05616225674748421,2.053307056427002,0.0,0.4668236970901489
3037,2.4295999999999998,16,0.016562990844249725,2.013360023498535,0.0,0.4192350208759308
3038,2.4304,16,0.0475471206009388,2.049915075302124,0.0,0.45753014087677
3039,2.4312,16,0.004537621978670359,1.961498737335205,0.0,0.39683735370635986
3040,2.432,16,0.00408208929002285,1.958892583847046,0.0,0.39586061239242554
3041,2.4328,16,0.004361719358712435,1.9610533714294434,0.0,0.39657241106033325
3042,2.4336,16,0.36372247338294983,2.5539839267730713,0.0,0.8745192289352417
3043,2.4344,16,0.19244720041751862,2.215641975402832,0.0,0.6355755925178528
3044,2.4352,16,0.0035439024213701487,1.9577661752700806,0.0,0.39509716629981995
3045,2.436,16,0.30293598771095276,2.5216283798217773,0.0,0.8072617053985596
3046,2.4368,16,0.004550519399344921,1.9656966924667358,0.0,0.3976898491382599
3047,2.4375999999999998,16,0.34940385818481445,2.6315603256225586,0.0,0.8757159113883972
3048,2.4384,16,0.004026287235319614,1.9598233699798584,0.0,0.3959909677505493
3049,2.4392,16,0.056805264204740524,2.193122148513794,0.0,0.4954296946525574
3050,2.44,16,0.0036450247280299664,1.956491470336914,0.0,0.39494332671165466
3051,2.4408,16,0.3446291983127594,2.5544075965881348,0.0,0.8555107116699219
3052,2.4416,16,0.23260384798049927,2.3214311599731445,0.0,0.696890115737915
3053,2.4424,16,0.0042717549949884415,1.9639277458190918,0.0,0.39705729484558105
3054,2.4432,16,0.0037506422959268093,1.9563114643096924,0.0,0.3950129449367523
3055,2.444,16,0.260068416595459,2.374997138977051,0.0,0.7350678443908691
3056,2.4448,16,0.004336017649620771,1.9569132328033447,0.0,0.39571869373321533
3057,2.4455999999999998,16,0.007662024348974228,1.9834165573120117,0.0,0.4043453335762024
3058,2.4464,16,0.22182326018810272,2.446580171585083,0.0,0.7111393213272095
3059,2.4472,16,0.40866872668266296,2.643815755844116,0.0,0.9374319314956665
3060,2.448,16,0.0066304560750722885,1.9727303981781006,0.0,0.4011765420436859
3061,2.4488,16,0.004916452802717686,1.9732863903045654,0.0,0.39957374334335327
3062,2.4496,16,0.0808955579996109,2.1333742141723633,0.0,0.5075703859329224
3063,2.4504,16,0.5998315811157227,2.8997979164123535,0.0,1.1797912120819092
3064,2.4512,16,0.005783471278846264,1.961012601852417,0.0,0.3979859948158264
3065,2.452,16,0.33742761611938477,2.597351312637329,0.0,0.8568978905677795
3066,2.4528,16,0.05859977379441261,2.154592990875244,0.0,0.4895183742046356
3067,2.4536,16,0.1327293962240219,2.1453957557678223,0.0,0.5618085265159607
3068,2.4544,16,0.0059342957101762295,1.9677575826644897,0.0,0.39948582649230957
3069,2.4552,16,0.30899450182914734,2.5361804962158203,0.0,0.8162306547164917
3070,2.456,16,0.47692540287971497,2.7956833839416504,0.0,1.0360621213912964
3071,2.4568,16,0.004500820301473141,1.957550287246704,0.0,0.3960108757019043
3072,2.4576000000000002,16,0.0052030375227332115,1.958069086074829,0.0,0.39681684970855713
3073,2.4584,16,0.0050374665297567844,1.96022367477417,0.0,0.39708220958709717
3074,2.4592,16,0.23526327311992645,2.438173532485962,0.0,0.722898006439209
3075,2.46,16,0.0057544102892279625,1.9685534238815308,0.0,0.3994651138782501
3076,2.4608,16,0.006268863566219807,1.9629379510879517,0.0,0.3988564610481262
3077,2.4616,16,0.006744578946381807,1.9624755382537842,0.0,0.399239718914032
3078,2.4624,16,0.19961176812648773,2.143603801727295,0.0,0.6283325552940369
3079,2.4632,16,0.267789363861084,2.3087944984436035,0.0,0.7295482754707336
3080,2.464,16,0.00483730947598815,1.9599392414093018,0.0,0.3968251645565033
3081,2.4648,16,0.007621710188686848,1.9832276105880737,0.0,0.40426722168922424
3082,2.4656000000000002,16,0.024791482836008072,2.0102076530456543,0.0,0.42683300375938416
3083,2.4664,16,0.3289608061313629,2.570331335067749,0.0,0.8430271148681641
3084,2.4672,16,0.016683589667081833,1.9780864715576172,0.0,0.41230088472366333
3085,2.468,16,0.004459145944565535,1.9592137336730957,0.0,0.39630189538002014
3086,2.4688,16,0.007777553983032703,1.9747672080993652,0.0,0.4027310013771057
3087,2.4696,16,0.2911545932292938,2.54044771194458,0.0,0.7992441654205322
3088,2.4704,16,0.008503317832946777,1.9731471538543701,0.0,0.40313276648521423
3089,2.4712,16,0.35013481974601746,2.5895721912384033,0.0,0.8680492639541626
3090,2.472,16,0.05811363831162453,2.1514792442321777,0.0,0.48840948939323425
3091,2.4728,16,0.391076922416687,2.625669479370117,0.0,0.9162108302116394
3092,2.4736000000000002,16,0.004510974511504173,1.9565141201019287,0.0,0.39581379294395447
3093,2.4744,16,0.2755226492881775,2.454348564147949,0.0,0.7663923501968384
3094,2.4752,16,0.0098464610055089,2.001035451889038,0.0,0.410053551197052
3095,2.476,16,0.004984760656952858,1.9586197137832642,0.0,0.39670872688293457
3096,2.4768,16,0.0056732394732534885,1.9632446765899658,0.0,0.3983221650123596
3097,2.4776,16,0.00540538365021348,1.9632524251937866,0.0,0.39805588126182556
3098,2.4784,16,0.2631787359714508,2.43640398979187,0.0,0.7504595518112183
3099,2.4792,16,0.005287687294185162,1.961922287940979,0.0,0.3976721465587616
3100,2.48,16,0.006293129175901413,1.9698598384857178,0.0,0.400265097618103
3101,2.4808,16,0.0054079522378742695,1.9626178741455078,0.0,0.3979315459728241
3102,2.4816,16,0.004687186796218157,1.9596302509307861,0.0,0.3966132402420044
3103,2.4824,16,0.004752543289214373,1.9592804908752441,0.0,0.3966086506843567
3104,2.4832,16,0.00623658113181591,1.9636445045471191,0.0,0.3989654779434204
3105,2.484,16,0.007848909124732018,2.0012311935424805,0.0,0.4080951511859894
3106,2.4848,16,0.17275883257389069,2.2092623710632324,0.0,0.6146113276481628
3107,2.4856,16,0.004248249344527721,1.9569567441940308,0.0,0.3956396281719208
3108,2.4864,16,0.005170551594346762,1.962364912033081,0.0,0.3976435363292694
3109,2.4872,16,0.006479990668594837,1.9703681468963623,0.0,0.4005536139011383
3110,2.488,16,0.004861910827457905,1.9568378925323486,0.0,0.39622950553894043
3111,2.4888,16,0.005104353651404381,1.9583510160446167,0.0,0.396774560213089
3112,2.4896,16,0.3704375922679901,2.604050636291504,0.0,0.8912477493286133
3113,2.4904,16,0.005207948386669159,1.9620676040649414,0.0,0.3976214826107025
3114,2.4912,16,0.007486766204237938,1.986904263496399,0.0,0.40486761927604675
3115,2.492,16,0.005303561687469482,1.9659334421157837,0.0,0.3984902501106262
3116,2.4928,16,0.008159058168530464,1.9830421209335327,0.0,0.4047675132751465
3117,2.4936,16,0.0052548972889781,1.963078498840332,0.0,0.39787060022354126
3118,2.4944,16,0.0057329218834638596,1.9742341041564941,0.0,0.4005797505378723
3119,2.4952,16,0.2994674742221832,2.4981565475463867,0.0,0.799098789691925
3120,2.496,16,0.37477296590805054,2.617392063140869,0.0,0.8982514142990112
3121,2.4968,16,0.32830312848091125,2.4588699340820312,0.0,0.820077121257782
3122,2.4976,16,0.00438757985830307,1.9559555053710938,0.0,0.39557868242263794
3123,2.4984,16,0.41738301515579224,2.571472644805908,0.0,0.9316775798797607
3124,2.4992,16,0.004894477315247059,1.9638020992279053,0.0,0.3976548910140991
3125,2.5,16,0.004695211071521044,1.9623115062713623,0.0,0.3971575200557709
3126,2.5008,16,0.22438177466392517,2.290754795074463,0.0,0.6825327277183533
3127,2.5016,16,0.004919084720313549,1.9609266519546509,0.0,0.397104412317276
3128,2.5023999999999997,16,0.006481504067778587,1.9626593589782715,0.0,0.39901337027549744
3129,2.5032,16,0.027938995510339737,1.997641921043396,0.0,0.42746737599372864
3130,2.504,16,0.0051377564668655396,1.9629193544387817,0.0,0.39772164821624756
3131,2.5048,16,0.2994682192802429,2.389678955078125,0.0,0.7774040102958679
3132,2.5056000000000003,16,0.005578882992267609,1.9621860980987549,0.0,0.398016095161438
3133,2.5064,16,0.051877181977033615,2.050109386444092,0.0,0.4618990421295166
3134,2.5072,16,0.24445359408855438,2.3336501121520996,0.0,0.7111836075782776
3135,2.508,16,0.004090748727321625,1.958040714263916,0.0,0.3956989049911499
3136,2.5088,16,0.37445470690727234,2.591752052307129,0.0,0.8928050994873047
3137,2.5096,16,0.004154450725764036,1.9578418731689453,0.0,0.3957228362560272
3138,2.5103999999999997,16,0.4760407507419586,2.7447919845581055,0.0,1.0249991416931152
3139,2.5112,16,0.13630400598049164,2.187995195388794,0.0,0.5739030241966248
3140,2.512,16,0.10100649297237396,2.127298355102539,0.0,0.5264661908149719
3141,2.5128,16,0.21290303766727448,2.248265027999878,0.0,0.6625560522079468
3142,2.5136,16,0.004417011979967356,1.9601306915283203,0.0,0.3964431583881378
3143,2.5144,16,0.011416671797633171,2.0048866271972656,0.0,0.4123940169811249
3144,2.5152,16,0.157920241355896,2.274233341217041,0.0,0.6127669215202332
3145,2.516,16,0.004662234336137772,1.9634007215499878,0.0,0.39734238386154175
3146,2.5168,16,0.0031949873082339764,1.9539092779159546,0.0,0.3939768373966217
3147,2.5176,16,0.022298937663435936,2.047083616256714,0.0,0.4317156672477722
3148,2.5183999999999997,16,0.3800033926963806,2.6400156021118164,0.0,0.9080065488815308
3149,2.5192,16,0.004796633962541819,1.960677146911621,0.0,0.39693206548690796
3150,2.52,16,0.006328585557639599,1.9727537631988525,0.0,0.4008793532848358
3151,2.5208,16,0.00678339134901762,1.9811577796936035,0.0,0.4030149579048157
3152,2.5216,16,0.02859007567167282,2.0426905155181885,0.0,0.4371281862258911
3153,2.5224,16,0.005501114763319492,1.969722867012024,0.0,0.39944571256637573
3154,2.5232,16,0.5046240091323853,2.756636619567871,0.0,1.0559513568878174
3155,2.524,16,0.3076142966747284,2.4463396072387695,0.0,0.7968822121620178
3156,2.5248,16,0.004503531847149134,1.9597218036651611,0.0,0.39644789695739746
3157,2.5256,16,0.3029291033744812,2.4796464443206787,0.0,0.7988584041595459
3158,2.5263999999999998,16,0.003511028829962015,1.9549779891967773,0.0,0.39450663328170776
3159,2.5272,16,0.004221910610795021,1.9573968648910522,0.0,0.3957012891769409
3160,2.528,16,0.005677542649209499,1.9669915437698364,0.0,0.39907586574554443
3161,2.5288,16,0.008503259159624577,1.985038161277771,0.0,0.40551090240478516
3162,2.5296,16,0.004493929445743561,1.96063232421875,0.0,0.39662039279937744
3163,2.5304,16,0.005262466147542,1.9693907499313354,0.0,0.3991406261920929
3164,2.5312,16,0.0044961958192288876,1.958158016204834,0.0,0.3961277902126312
3165,2.532,16,0.003970213234424591,1.9600474834442139,0.0,0.39597970247268677
3166,2.5328,16,0.00682135671377182,1.974155306816101,0.0,0.40165242552757263
3167,2.5336,16,0.003946030046790838,1.9561893939971924,0.0,0.3951839208602905
3168,2.5343999999999998,16,0.005676888860762119,1.9726779460906982,0.0,0.40021249651908875
3169,2.5352,16,0.015595607459545135,2.024005889892578,0.0,0.4203968048095703
3170,2.536,16,0.14128859341144562,2.2197265625,0.0,0.5852339267730713
3171,2.5368,16,0.004326595924794674,1.9603168964385986,0.0,0.3963899612426758
3172,2.5376,16,0.0941619724035263,2.196232795715332,0.0,0.533408522605896
3173,2.5384,16,0.004968402441591024,1.962508201599121,0.0,0.39747005701065063
3174,2.5392,16,0.11189534515142441,2.2268784046173096,0.0,0.5572710037231445
3175,2.54,16,0.0038478143978863955,1.95579993724823,0.0,0.39500778913497925
3176,2.5408,16,0.28738728165626526,2.4116108417510986,0.0,0.7697094678878784
3177,2.5416,16,0.06827771663665771,2.0920469760894775,0.0,0.4866871237754822
3178,2.5423999999999998,16,0.01564115099608898,2.0310587882995605,0.0,0.4218529164791107
3179,2.5432,16,0.008880979381501675,1.9972598552703857,0.0,0.4083329439163208
3180,2.544,16,0.062489595264196396,2.092395782470703,0.0,0.48096877336502075
3181,2.5448,16,0.2391120344400406,2.4029250144958496,0.0,0.7196970582008362
3182,2.5456,16,0.22847208380699158,2.3513174057006836,0.0,0.6987355947494507
3183,2.5464,16,0.008594234474003315,2.001620054244995,0.0,0.40891826152801514
3184,2.5472,16,0.005381239578127861,1.9671752452850342,0.0,0.3988162875175476
3185,2.548,16,0.003767949528992176,1.957507610321045,0.0,0.3952694535255432
3186,2.5488,16,0.003528852481395006,1.9547560214996338,0.0,0.3944800794124603
3187,2.5496,16,0.007799607701599598,1.9992693662643433,0.0,0.40765348076820374
3188,2.5504,16,0.003757591126486659,1.9558416604995728,0.0,0.39492592215538025
3189,2.5512,16,0.0059241862036287785,1.9685802459716797,0.0,0.3996402621269226
3190,2.552,16,0.0037140005733817816,1.9572079181671143,0.0,0.39515557885169983
3191,2.5528,16,0.0030572637915611267,1.9532086849212646,0.0,0.3936990201473236
3192,2.5536,16,0.0046976543962955475,1.964354157447815,0.0,0.3975684940814972
3193,2.5544000000000002,16,0.0037829719949513674,1.9565147161483765,0.0,0.3950859010219574
3194,2.5552,16,0.0033765484113246202,1.953432559967041,0.0,0.3940630555152893
3195,2.556,16,0.31071737408638,2.575313091278076,0.0,0.8257800340652466
3196,2.5568,16,0.712001383304596,3.110342025756836,0.0,1.3340697288513184
3197,2.5576,16,0.0032489728182554245,1.9534964561462402,0.0,0.3939482569694519
3198,2.5584,16,0.00624308455735445,1.9803959131240845,0.0,0.40232226252555847
3199,2.5592,16,0.30055105686187744,2.2858614921569824,0.0,0.757723331451416
3200,2.56,16,0.06678688526153564,2.106656551361084,0.0,0.4881182014942169
3201,2.5608,16,0.003342263400554657,1.9536759853363037,0.0,0.39407747983932495
3202,2.5616,16,0.26630255579948425,2.4293947219848633,0.0,0.7521815299987793
3203,2.5624000000000002,16,0.07137897610664368,2.0360074043273926,0.0,0.4785804748535156
3204,2.5632,16,0.003405775874853134,1.954939365386963,0.0,0.394393652677536
3205,2.564,16,0.18073774874210358,2.190803050994873,0.0,0.6188983917236328
3206,2.5648,16,0.35653719305992126,2.6080210208892822,0.0,0.8781414031982422
3207,2.5656,16,0.0031643856782466173,1.9533452987670898,0.0,0.3938334584236145
3208,2.5664,16,0.012944608926773071,2.0158889293670654,0.0,0.4161224067211151
3209,2.5672,16,0.0035695722326636314,1.9649332761764526,0.0,0.39655622839927673
3210,2.568,16,0.0038440003991127014,1.954418420791626,0.0,0.3947276771068573
3211,2.5688,16,0.004007083363831043,1.9592366218566895,0.0,0.3958544135093689
3212,2.5696,16,0.0054847002029418945,1.9746507406234741,0.0,0.4004148542881012
3213,2.5704000000000002,16,0.003907050937414169,1.954392910003662,0.0,0.39478564262390137
3214,2.5712,16,0.006072374992072582,1.9786598682403564,0.0,0.4018043577671051
3215,2.572,16,0.02199653722345829,2.0082972049713135,0.0,0.42365598678588867
3216,2.5728,16,0.003218356054276228,1.9550690650939941,0.0,0.3942321836948395
3217,2.5736,16,0.003646204713732004,1.9559404850006104,0.0,0.3948343098163605
3218,2.5744,16,0.32510703802108765,2.547579526901245,0.0,0.8346229791641235
3219,2.5752,16,0.016926215961575508,2.020216941833496,0.0,0.4209696352481842
3220,2.576,16,0.0054579488933086395,1.966335415840149,0.0,0.3987250328063965
3221,2.5768,16,0.15055127441883087,2.2434563636779785,0.0,0.5992425680160522
3222,2.5776,16,0.35909008979797363,2.6313371658325195,0.0,0.8853575587272644
3223,2.5784000000000002,16,0.013319108635187149,1.9839491844177246,0.0,0.4101089537143707
3224,2.5792,16,0.005313935689628124,1.975817084312439,0.0,0.4004773497581482
3225,2.58,16,0.005505257751792669,1.97043776512146,0.0,0.3995928168296814
3226,2.5808,16,0.13258743286132812,2.1608619689941406,0.0,0.5647598505020142
3227,2.5816,16,0.01346658356487751,1.9775410890579224,0.0,0.408974826335907
3228,2.5824,16,0.3352266252040863,2.5595080852508545,0.0,0.8471282720565796
3229,2.5832,16,0.12798744440078735,2.1458215713500977,0.0,0.5571517944335938
3230,2.584,16,0.004318860359489918,1.957160472869873,0.0,0.3957509696483612
3231,2.5848,16,0.007505458779633045,1.992891550064087,0.0,0.40608376264572144
3232,2.5856,16,0.17670755088329315,2.1896018981933594,0.0,0.6146279573440552
3233,2.5864000000000003,16,0.004505686461925507,1.9650506973266602,0.0,0.39751583337783813
3234,2.5872,16,0.004049021750688553,1.9549379348754883,0.0,0.39503663778305054
3235,2.588,16,0.004711084067821503,1.963090181350708,0.0,0.3973291218280792
3236,2.5888,16,0.004914741963148117,1.9708623886108398,0.0,0.39908722043037415
3237,2.5896,16,0.0047660768032073975,1.9614520072937012,0.0,0.3970564901828766
3238,2.5904,16,0.0038457433693110943,1.9590792655944824,0.0,0.3956616222858429
3239,2.5911999999999997,16,0.020074190571904182,2.037773609161377,0.0,0.42762890458106995
3240,2.592,16,0.0036600464954972267,1.9564204216003418,0.0,0.39494413137435913
3241,2.5928,16,0.42639610171318054,2.6001625061035156,0.0,0.946428656578064
3242,2.5936,16,0.3144334852695465,2.4709105491638184,0.0,0.8086155652999878
3243,2.5944000000000003,16,0.0034745042212307453,1.9544483423233032,0.0,0.3943641781806946
3244,2.5952,16,0.0038763678167015314,1.955992579460144,0.0,0.39507487416267395
3245,2.596,16,0.0061135548166930676,1.9757206439971924,0.0,0.4012576937675476
3246,2.5968,16,0.004485271405428648,1.9598418474197388,0.0,0.3964536488056183
3247,2.5976,16,0.03170103207230568,2.033857822418213,0.0,0.43847259879112244
3248,2.5984,16,0.09037703275680542,2.099897861480713,0.0,0.510356605052948
3249,2.5991999999999997,16,0.004164097830653191,1.9612994194030762,0.0,0.39642399549484253
3250,2.6,16,0.37029144167900085,2.647584915161133,0.0,0.899808406829834
3251,2.6008,16,0.003989077638834715,1.9570283889770508,0.0,0.3953947424888611
3252,2.6016,16,0.003945951350033283,1.9559426307678223,0.0,0.39513447880744934
3253,2.6024000000000003,16,0.006846091244369745,1.9640803337097168,0.0,0.39966216683387756
3254,2.6032,16,0.006363719701766968,1.9700253009796143,0.0,0.4003687798976898
3255,2.604,16,0.0035692083183676004,1.9552276134490967,0.0,0.3946147561073303
3256,2.6048,16,0.19147449731826782,2.335660457611084,0.0,0.6586065888404846
3257,2.6056,16,0.16407804191112518,2.2798500061035156,0.0,0.6200480461120605
3258,2.6064,16,0.032193951308727264,2.045557975769043,0.0,0.441305547952652
3259,2.6071999999999997,16,0.0036703574005514383,1.9548661708831787,0.0,0.3946436047554016
3260,2.608,16,0.00529872439801693,1.970592975616455,0.0,0.39941734075546265
3261,2.6088,16,0.006772341672331095,1.9897406101226807,0.0,0.4047204554080963
3262,2.6096,16,0.009180985391139984,1.9801220893859863,0.0,0.4052054286003113
3263,2.6104000000000003,16,0.003444933332502842,1.9536874294281006,0.0,0.3941824436187744
3264,2.6112,16,0.02760106883943081,2.022655963897705,0.0,0.4321322739124298
3265,2.612,16,0.004526952747255564,1.964828610420227,0.0,0.3974926769733429
3266,2.6128,16,0.34841081500053406,2.550154209136963,0.0,0.8584417104721069
3267,2.6136,16,0.006358211860060692,1.9758102893829346,0.0,0.4015202820301056
3268,2.6144,16,0.0032067832071334124,1.9523913860321045,0.0,0.39368507266044617
3269,2.6151999999999997,16,0.2995423674583435,2.538166046142578,0.0,0.8071755766868591
3270,2.616,16,0.004609239753335714,1.9641973972320557,0.0,0.39744871854782104
3271,2.6168,16,0.003392644692212343,1.954500675201416,0.0,0.39429277181625366
3272,2.6176,16,0.012156023643910885,2.022277593612671,0.0,0.41661152243614197
3273,2.6184,16,0.12245851010084152,2.1097238063812256,0.0,0.5444032549858093
3274,2.6192,16,0.003873073495924473,1.9548635482788086,0.0,0.39484578371047974
3275,2.62,16,0.0031981361098587513,1.953390121459961,0.0,0.39387616515159607
3276,2.6208,16,0.004160022363066673,1.9586749076843262,0.0,0.39589500427246094
3277,2.6216,16,0.38664957880973816,2.6629295349121094,0.0,0.9192354679107666
3278,2.6224,16,0.02888171747326851,2.0135884284973145,0.0,0.4315994083881378
3279,2.6231999999999998,16,0.8283398747444153,3.5061142444610596,0.0,1.5295627117156982
3280,2.624,16,0.003704556729644537,1.955146074295044,0.0,0.3947337567806244
3281,2.6248,16,0.0036228918470442295,1.9569973945617676,0.0,0.39502236247062683
3282,2.6256,16,0.002978913951665163,1.9551048278808594,0.0,0.3939999043941498
3283,2.6264,16,0.0063487268052995205,1.9789865016937256,0.0,0.40214604139328003
3284,2.6272,16,0.0030356019269675016,1.9537990093231201,0.0,0.3937954008579254
3285,2.628,16,0.004496860317885876,1.9898180961608887,0.0,0.4024604856967926
3286,2.6288,16,0.02898075431585312,2.0440056324005127,0.0,0.4377819001674652
3287,2.6296,16,0.003216200042515993,1.9539083242416382,0.0,0.3939978778362274
3288,2.6304,16,0.004038571380078793,1.956182837486267,0.0,0.39527514576911926
3289,2.6311999999999998,16,0.0028978381305933,1.9521009922027588,0.0,0.3933180272579193
3290,2.632,16,0.00475865276530385,1.9722942113876343,0.0,0.39921751618385315
3291,2.6328,16,0.03112100064754486,2.00229549407959,0.0,0.431580126285553
3292,2.6336,16,0.020261971279978752,2.009580135345459,0.0,0.4221780002117157
3293,2.6344,16,0.0036688242107629776,1.9555573463439941,0.0,0.3947802782058716
3294,2.6352,16,0.007025781087577343,1.9827139377593994,0.0,0.4035685658454895
3295,2.636,16,0.00682081887498498,1.9692518711090088,0.0,0.40067121386528015
3296,2.6368,16,0.0038387735839933157,1.9563398361206055,0.0,0.3951067626476288
3297,2.6376,16,0.006982430815696716,1.9786880016326904,0.0,0.40272003412246704
3298,2.6384,16,0.0035263991449028254,1.9559416770935059,0.0,0.39471474289894104
3299,2.6391999999999998,16,0.0036007948219776154,1.9615330696105957,0.0,0.3959074318408966
3300,2.64,16,0.0031244633719325066,1.9528391361236572,0.0,0.3936923146247864
3301,2.6408,16,0.06234441325068474,2.1127748489379883,0.0,0.4848993718624115
3302,2.6416,16,0.004118511453270912,1.9597697257995605,0.0,0.3960724472999573
3303,2.6424,16,0.16148661077022552,2.274261951446533,0.0,0.6163390278816223
3304,2.6432,16,0.0030347404535859823,1.9530751705169678,0.0,0.39364978671073914
3305,2.644,16,0.31543397903442383,2.5795516967773438,0.0,0.8313443064689636
3306,2.6448,16,0.035669609904289246,2.045257568359375,0.0,0.4447211027145386
3307,2.6456,16,0.5518559813499451,2.8439431190490723,0.0,1.1206445693969727
3308,2.6464,16,0.005989511031657457,1.97078537940979,0.0,0.40014660358428955
3309,2.6471999999999998,16,0.0031764451414346695,1.9552985429763794,0.0,0.39423617720603943
3310,2.648,16,0.7514344453811646,3.1530070304870605,0.0,1.3820358514785767
3311,2.6488,16,0.003048996441066265,1.953942060470581,0.0,0.3938373923301697
3312,2.6496,16,0.389800488948822,2.646555185317993,0.0,0.9191115498542786
3313,2.6504,16,0.0031340657733380795,1.9539258480072021,0.0,0.3939192593097687
3314,2.6512000000000002,16,0.01655004546046257,2.027411937713623,0.0,0.4220324158668518
3315,2.652,16,0.0037863804027438164,1.9615232944488525,0.0,0.3960910439491272
3316,2.6528,16,0.0032798820175230503,1.9550166130065918,0.0,0.3942832350730896
3317,2.6536,16,0.004563523456454277,1.962660312652588,0.0,0.39709559082984924
3318,2.6544,16,0.32738643884658813,2.536680221557617,0.0,0.8347225189208984
3319,2.6552,16,0.10465773195028305,2.1796083450317383,0.0,0.5405793786048889
3320,2.656,16,0.003121050540357828,1.952739953994751,0.0,0.3936690390110016
3321,2.6568,16,0.0036698023322969675,1.956168293952942,0.0,0.3949034512042999
3322,2.6576,16,0.13035713136196136,2.1550369262695312,0.0,0.5613645315170288
3323,2.6584,16,0.26184287667274475,2.379049301147461,0.0,0.7376527786254883
3324,2.6592000000000002,16,0.003177409525960684,1.9544193744659424,0.0,0.39406129717826843
3325,2.66,16,0.0034015255514532328,1.9555895328521729,0.0,0.3945194184780121
3326,2.6608,16,0.26499491930007935,2.4067459106445312,0.0,0.7463440895080566
3327,2.6616,16,0.031648144125938416,2.0478696823120117,0.0,0.44122207164764404
3328,2.6624,16,0.0030539794825017452,1.9560277462005615,0.0,0.3942595422267914
3329,2.6632,16,0.20827780663967133,2.3624143600463867,0.0,0.6807606816291809
3330,2.664,16,0.0030657632742077112,1.9564621448516846,0.0,0.39435818791389465
3331,2.6648,16,0.3218022286891937,2.5250940322875977,0.0,0.8268210887908936
3332,2.6656,16,0.0029308469966053963,1.9522080421447754,0.0,0.39337247610092163
3333,2.6664,16,0.004090124741196632,1.9608023166656494,0.0,0.3962506055831909
3334,2.6672000000000002,16,0.1347421556711197,2.2086172103881836,0.0,0.5764656066894531
3335,2.668,16,0.002991373185068369,1.9536023139953613,0.0,0.3937118351459503
3336,2.6688,16,0.029453039169311523,2.054417610168457,0.0,0.44033655524253845
3337,2.6696,16,0.0061661796644330025,1.9712327718734741,0.0,0.40041273832321167
3338,2.6704,16,0.29560962319374084,2.4767982959747314,0.0,0.7909692525863647
3339,2.6712,16,0.0031458502635359764,1.955797553062439,0.0,0.39430534839630127
3340,2.672,16,0.004064174368977547,1.9583714008331299,0.0,0.3957384526729584
3341,2.6728,16,0.003242967650294304,1.9541103839874268,0.0,0.3940650522708893
3342,2.6736,16,0.0032924599945545197,1.9555578231811523,0.0,0.3944040536880493
3343,2.6744,16,0.3103339374065399,2.4784889221191406,0.0,0.8060317039489746
3344,2.6752000000000002,16,0.7041997313499451,3.2535853385925293,0.0,1.3549168109893799
3345,2.676,16,0.003038933966308832,1.9542500972747803,0.0,0.3938889801502228
3346,2.6768,16,0.11779842525720596,2.2085442543029785,0.0,0.5595073103904724
3347,2.6776,16,0.005202481988817453,1.966221809387207,0.0,0.39844682812690735
3348,2.6784,16,0.0048008509911596775,1.9674413204193115,0.0,0.39828911423683167
3349,2.6792,16,0.002959427423775196,1.953987956047058,0.0,0.39375701546669006
3350,2.68,16,0.013086436316370964,2.032376766204834,0.0,0.41956180334091187
3351,2.6808,16,0.3574300706386566,2.657810688018799,0.0,0.888992190361023
3352,2.6816,16,0.007423571310937405,1.9697154760360718,0.0,0.4013666808605194
3353,2.6824,16,0.012058459222316742,1.9984118938446045,0.0,0.41174083948135376
3354,2.6832000000000003,16,0.0030519275460392237,1.9561426639556885,0.0,0.39428046345710754
3355,2.684,16,0.0031458716839551926,1.9563233852386475,0.0,0.39441055059432983
3356,2.6848,16,0.006857104599475861,1.9882361888885498,0.0,0.40450432896614075
3357,2.6856,16,0.20802444219589233,2.230914831161499,0.0,0.6542074084281921
3358,2.6864,16,0.0033445414155721664,1.9565653800964355,0.0,0.39465761184692383
3359,2.6872,16,0.07214030623435974,2.1169261932373047,0.0,0.4955255389213562
3360,2.6879999999999997,16,0.006942198146134615,1.9811824560165405,0.0,0.40317872166633606
3361,2.6888,16,0.0034958329051733017,1.9554128646850586,0.0,0.3945784270763397
3362,2.6896,16,0.3664560616016388,2.633373260498047,0.0,0.8931307792663574
3363,2.6904,16,0.010862309485673904,1.9819049835205078,0.0,0.4072433114051819
3364,2.6912000000000003,16,0.06914561241865158,2.0824177265167236,0.0,0.4856291711330414
3365,2.692,16,0.003434574929997325,1.953647494316101,0.0,0.3941640853881836
3366,2.6928,16,0.0032960325479507446,1.9552801847457886,0.0,0.3943520784378052
3367,2.6936,16,0.0620989054441452,2.045647621154785,0.0,0.4712284207344055
3368,2.6944,16,0.00566794304177165,1.974478840827942,0.0,0.40056371688842773
3369,2.6952,16,0.0029891578014940023,1.9560235738754272,0.0,0.3941938579082489
3370,2.6959999999999997,16,0.0051798089407384396,1.9732341766357422,0.0,0.39982667565345764
3371,2.6968,16,0.0033823191188275814,1.956169843673706,0.0,0.3946163058280945
3372,2.6976,16,0.18556243181228638,2.236889362335205,0.0,0.6329402923583984
3373,2.6984,16,0.0073983920738101006,1.973219394683838,0.0,0.4020422697067261
3374,2.6992000000000003,16,0.003670664504170418,1.9597198963165283,0.0,0.3956146538257599
3375,2.7,16,0.09719741344451904,2.1162328720092773,0.0,0.5204440355300903
3376,2.7008,16,0.6297888159751892,3.0712804794311523,0.0,1.2440448999404907
3377,2.7016,16,0.0035362225025892258,1.9560863971710205,0.0,0.39475351572036743
3378,2.7024,16,0.004229723010212183,1.9581236839294434,0.0,0.39585447311401367
3379,2.7032,16,0.31239306926727295,2.448038339614868,0.0,0.8020007610321045
3380,2.7039999999999997,16,0.010940848849713802,1.991640329360962,0.0,0.40926891565322876
3381,2.7048,16,0.18955983221530914,2.2461628913879395,0.0,0.6387923955917358
3382,2.7056,16,0.0033952691592276096,1.9599941968917847,0.0,0.39539411664009094
3383,2.7064,16,0.004503818228840828,1.962641954421997,0.0,0.3970322012901306
3384,2.7072000000000003,16,0.003566310741007328,1.9586405754089355,0.0,0.3952944576740265
3385,2.708,16,0.0923951268196106,2.171428918838501,0.0,0.5266809463500977
3386,2.7088,16,0.0034645642153918743,1.9540326595306396,0.0,0.3942710757255554
3387,2.7096,16,0.24032029509544373,2.398737907409668,0.0,0.7200678586959839
3388,2.7104,16,0.00351917021907866,1.9572395086288452,0.0,0.39496707916259766
3389,2.7112,16,0.11440160870552063,2.1680660247802734,0.0,0.5480148196220398
3390,2.7119999999999997,16,0.032809097319841385,2.0846235752105713,0.0,0.44973382353782654
3391,2.7128,16,0.0031960569322109222,1.9550340175628662,0.0,0.39420285820961
3392,2.7136,16,0.07751934975385666,2.1233625411987305,0.0,0.5021918416023254
3393,2.7144,16,0.008707941509783268,1.9869968891143799,0.0,0.4061073362827301
3394,2.7152,16,0.3648378849029541,2.585172653198242,0.0,0.8818724155426025
3395,2.716,16,0.003056444227695465,1.9558079242706299,0.0,0.3942180275917053
3396,2.7168,16,0.36825665831565857,2.609677791595459,0.0,0.8901922702789307
3397,2.7176,16,0.26787710189819336,2.421186923980713,0.0,0.7521145343780518
3398,2.7184,16,0.004098529927432537,1.9614067077636719,0.0,0.39637988805770874
3399,2.7192,16,0.13911670446395874,2.1612441539764404,0.0,0.5713655352592468
3400,2.7199999999999998,16,0.005578134674578905,1.9666295051574707,0.0,0.398904025554657
3401,2.7208,16,0.010482792742550373,1.9849439859390259,0.0,0.40747159719467163
3402,2.7216,16,0.6665005683898926,3.003732681274414,0.0,1.267247200012207
3403,2.7224,16,0.0062277233228087425,1.9748222827911377,0.0,0.40119218826293945
3404,2.7232,16,0.22347499430179596,2.2938451766967773,0.0,0.682244062423706
3405,2.724,16,0.0032334779389202595,1.95529305934906,0.0,0.39429211616516113
3406,2.7248,16,0.00802523735910654,1.9848856925964355,0.0,0.4050023853778839
3407,2.7256,16,0.003586705308407545,1.9599575996398926,0.0,0.3955782353878021
3408,2.7264,16,0.4017737805843353,2.672151565551758,0.0,0.9362040758132935
3409,2.7272,16,0.02067718468606472,2.013733148574829,0.0,0.4234238266944885
3410,2.7279999999999998,16,0.3832322955131531,2.6589717864990234,0.0,0.9150266647338867
3411,2.7288,16,0.0031647225841879845,1.9561762809753418,0.0,0.3943999707698822
3412,2.7296,16,0.0035765739157795906,1.9563695192337036,0.0,0.394850492477417
3413,2.7304,16,0.11115511506795883,2.152470111846924,0.0,0.5416491627693176
3414,2.7312,16,0.012294791638851166,1.9920166730880737,0.0,0.41069814562797546
3415,2.732,16,0.0028799816500395536,1.9521443843841553,0.0,0.3933088481426239
3416,2.7328,16,0.013234680518507957,2.00724720954895,0.0,0.41468411684036255
3417,2.7336,16,0.004064624197781086,1.9590872526168823,0.0,0.3958820700645447
3418,2.7344,16,0.0033183302730321884,1.9560998678207397,0.0,0.3945383131504059
3419,2.7352,16,0.003340718802064657,1.9565694332122803,0.0,0.39465460181236267
3420,2.7359999999999998,16,0.1731828898191452,2.2406117916107178,0.0,0.6213052272796631
3421,2.7368,16,0.0036205165088176727,1.9613298177719116,0.0,0.39588648080825806
3422,2.7376,16,0.0034878423903137445,1.9573602676391602,0.0,0.3949599266052246
3423,2.7384,16,0.003581955097615719,1.957627773284912,0.0,0.3951075077056885
3424,2.7392,16,0.0038533895276486874,1.957900047302246,0.0,0.3954333961009979
3425,2.74,16,0.0033080847933888435,1.9540438652038574,0.0,0.3941168785095215
3426,2.7408,16,0.007486866787075996,1.9797441959381104,0.0,0.40343573689460754
3427,2.7416,16,0.005510566756129265,1.9625117778778076,0.0,0.3980129361152649
3428,2.7424,16,0.003512643976137042,1.9552040100097656,0.0,0.39455345273017883
3429,2.7432,16,0.023056337609887123,2.01216721534729,0.0,0.42548978328704834
3430,2.7439999999999998,16,0.0034598142374306917,1.9551782608032227,0.0,0.3944954574108124
3431,2.7448,16,0.0047346483916044235,1.9646254777908325,0.0,0.3976597487926483
3432,2.7456,16,0.004647156223654747,1.9648017883300781,0.0,0.3976075351238251
3433,2.7464,16,0.178522989153862,2.266733169555664,0.0,0.6318696141242981
3434,2.7472,16,0.005460596643388271,1.9733946323394775,0.0,0.4001395106315613
3435,2.748,16,0.03351752087473869,2.05157208442688,0.0,0.4438319206237793
3436,2.7488,16,0.0036727851256728172,1.957736611366272,0.0,0.3952201008796692
3437,2.7496,16,0.003412517486140132,1.9563751220703125,0.0,0.3946875333786011
3438,2.7504,16,0.0038392972201108932,1.9576106071472168,0.0,0.39536142349243164
3439,2.7512,16,0.019270585849881172,2.0104193687438965,0.0,0.4213544726371765
3440,2.752,16,0.007889209315180779,1.99027681350708,0.0,0.4059445858001709
3441,2.7528,16,0.004020225256681442,1.9658398628234863,0.0,0.3971881866455078
3442,2.7536,16,0.0036640611942857504,1.9595636129379272,0.0,0.3955767750740051
3443,2.7544,16,0.005105634685605764,1.9625513553619385,0.0,0.397615909576416
3444,2.7552,16,0.06718689948320389,2.0927677154541016,0.0,0.48574045300483704
3445,2.7560000000000002,16,0.0032495034392923117,1.957797646522522,0.0,0.3948090374469757
3446,2.7568,16,0.08639896661043167,2.1762566566467285,0.0,0.5216503143310547
3447,2.7576,16,0.003758298931643367,1.9595813751220703,0.0,0.39567458629608154
3448,2.7584,16,0.1958523392677307,2.249025344848633,0.0,0.6456574201583862
3449,2.7592,16,0.3736308515071869,2.687898635864258,0.0,0.9112105369567871
3450,2.76,16,0.3824918270111084,2.6153457164764404,0.0,0.9055609703063965
3451,2.7608,16,0.007013287395238876,1.986862063407898,0.0,0.4043857157230377
3452,2.7616,16,0.547985851764679,2.8702449798583984,0.0,1.1220347881317139
3453,2.7624,16,0.0032083475962281227,1.9555073976516724,0.0,0.3943098187446594
3454,2.7632,16,0.003519240766763687,1.9572372436523438,0.0,0.3949666917324066
3455,2.7640000000000002,16,0.004378889221698046,1.9584804773330688,0.0,0.39607498049736023
3456,2.7648,16,0.07694537192583084,2.153244733810425,0.0,0.5075943470001221
3457,2.7656,16,0.19479218125343323,2.2733545303344727,0.0,0.6494630575180054
3458,2.7664,16,0.2560917139053345,2.4390628337860107,0.0,0.7439042925834656
3459,2.7672,16,0.003046764526516199,1.9537105560302734,0.0,0.3937888741493225
3460,2.768,16,0.00285118049941957,1.9516669511795044,0.0,0.3931845724582672
3461,2.7688,16,0.011699962429702282,1.9868707656860352,0.0,0.4090741276741028
3462,2.7696,16,0.003135665785521269,1.9595630168914795,0.0,0.39504826068878174
3463,2.7704,16,0.0028466361109167337,1.953409194946289,0.0,0.39352846145629883
3464,2.7712,16,0.3468198776245117,2.4642837047576904,0.0,0.8396766185760498
3465,2.7720000000000002,16,0.2940331697463989,2.426640033721924,0.0,0.7793611884117126
3466,2.7728,16,0.011750523932278156,1.990882396697998,0.0,0.40992701053619385
3467,2.7736,16,0.0034462346229702234,1.9590259790420532,0.0,0.39525142312049866
3468,2.7744,16,0.06095424294471741,2.0793182849884033,0.0,0.47681790590286255
3469,2.7752,16,0.003320184536278248,1.9599709510803223,0.0,0.39531439542770386
3470,2.776,16,0.20770815014839172,2.304438591003418,0.0,0.6685959100723267
3471,2.7768,16,0.0033729386050254107,1.9554493427276611,0.0,0.39446282386779785
3472,2.7776,16,0.003420302178710699,1.962764024734497,0.0,0.3959731161594391
3473,2.7784,16,0.002890100469812751,1.9531850814819336,0.0,0.3935271203517914
3474,2.7792,16,0.22086283564567566,2.352504253387451,0.0,0.6913636922836304
3475,2.7800000000000002,16,0.2269318401813507,2.2997074127197266,0.0,0.6868733167648315
3476,2.7808,16,0.018819067627191544,1.9890283346176147,0.0,0.4166247248649597
3477,2.7816,16,0.0037094554863870144,1.958906650543213,0.0,0.3954907953739166
3478,2.7824,16,0.18822447955608368,2.2605972290039062,0.0,0.6403439044952393
3479,2.7832,16,0.005373401567339897,1.971384048461914,0.0,0.3996502161026001
3480,2.784,16,0.30940231680870056,2.5518598556518555,0.0,0.8197742700576782
3481,2.7848,16,0.23066212236881256,2.3124427795410156,0.0,0.6931506991386414
3482,2.7856,16,0.004441482480615377,1.965164303779602,0.0,0.39747434854507446
3483,2.7864,16,0.003432045690715313,1.9608229398727417,0.0,0.39559662342071533
3484,2.7872,16,0.36675572395324707,2.6513218879699707,0.0,0.8970201015472412
3485,2.7880000000000003,16,0.0032431003637611866,1.956847071647644,0.0,0.39461252093315125
3486,2.7888,16,0.3185981214046478,2.493238687515259,0.0,0.8172458410263062
3487,2.7896,16,0.01962866075336933,2.0053157806396484,0.0,0.4206918478012085
3488,2.7904,16,0.0030147447250783443,1.9538812637329102,0.0,0.39379099011421204
3489,2.7912,16,0.0840194895863533,2.152024984359741,0.0,0.5144245028495789
3490,2.792,16,0.003137807361781597,1.9562052488327026,0.0,0.3943788409233093
3491,2.7927999999999997,16,0.15498249232769012,2.2074522972106934,0.0,0.596472978591919
3492,2.7936,16,0.264249712228775,2.4051105976104736,0.0,0.7452718019485474
3493,2.7944,16,0.22672723233699799,2.3850181102752686,0.0,0.7037308812141418
3494,2.7952,16,0.002875320613384247,1.9532091617584229,0.0,0.3935171663761139
3495,2.7960000000000003,16,0.00324840284883976,1.956430435180664,0.0,0.39453449845314026
3496,2.7968,16,0.008313415572047234,1.9967081546783447,0.0,0.4076550602912903
3497,2.7976,16,0.0027757768984884024,1.953413724899292,0.0,0.3934585452079773
3498,2.7984,16,0.4256086051464081,2.69356107711792,0.0,0.9643207788467407
3499,2.7992,16,0.0041145747527480125,1.9625284671783447,0.0,0.3966202735900879
3500,2.8,16,0.002818690612912178,1.9531915187835693,0.0,0.3934570252895355
3501,2.8007999999999997,16,0.0028726067394018173,1.9566887617111206,0.0,0.3942103683948517
3502,2.8016,16,0.002940384903922677,1.9564497470855713,0.0,0.39423033595085144
3503,2.8024,16,0.0032105790451169014,1.9543700218200684,0.0,0.3940845727920532
3504,2.8032,16,0.028047826141119003,2.031599283218384,0.0,0.43436768651008606
3505,2.8040000000000003,16,0.002981141908094287,1.9552866220474243,0.0,0.39403849840164185
3506,2.8048,16,0.005886154714971781,1.9815458059310913,0.0,0.4021953344345093
3507,2.8056,16,0.0042428490705788136,1.9652676582336426,0.0,0.39729636907577515
3508,2.8064,16,0.002828880213201046,1.9542622566223145,0.0,0.3936813175678253
3509,2.8072,16,0.003190595656633377,1.9582135677337646,0.0,0.3948333263397217
3510,2.808,16,0.003946918062865734,1.9615211486816406,0.0,0.3962511718273163
3511,2.8087999999999997,16,0.09812616556882858,2.200509548187256,0.0,0.5382280945777893
3512,2.8096,16,0.003161272034049034,1.956838846206665,0.0,0.3945290446281433
3513,2.8104,16,0.15953853726387024,2.2239456176757812,0.0,0.6043276786804199
3514,2.8112,16,0.3310743570327759,2.498985767364502,0.0,0.8308715224266052
3515,2.8120000000000003,16,0.0026004065293818712,1.9527980089187622,0.0,0.39316001534461975
3516,2.8128,16,0.004609247669577599,1.967390537261963,0.0,0.39808738231658936
3517,2.8136,16,0.00252414308488369,1.9565390348434448,0.0,0.39383193850517273
3518,2.8144,16,0.003795559983700514,1.966529369354248,0.0,0.39710143208503723
3519,2.8152,16,0.002576877363026142,1.9517266750335693,0.0,0.39292222261428833
3520,2.816,16,0.0031017917208373547,1.957646131515503,0.0,0.394631028175354
3521,2.8167999999999997,16,0.07739577442407608,2.118773937225342,0.0,0.5011505484580994
3522,2.8176,16,0.3182429373264313,2.5727415084838867,0.0,0.8327912092208862
3523,2.8184,16,0.0028296334203332663,1.955312728881836,0.0,0.39389219880104065
3524,2.8192,16,0.17919319868087769,2.2328450679779053,0.0,0.6257622241973877
3525,2.82,16,0.00277527398429811,1.9523056745529175,0.0,0.3932364284992218
3526,2.8208,16,0.004054185003042221,1.9635207653045654,0.0,0.3967583477497101
3527,2.8216,16,0.0026950030587613583,1.9543277025222778,0.0,0.393560528755188
3528,2.8224,16,0.33653104305267334,2.616788625717163,0.0,0.8598887920379639
3529,2.8232,16,0.002542701782658696,1.9543472528457642,0.0,0.39341217279434204
3530,2.824,16,0.0026103192940354347,1.9522943496704102,0.0,0.39306920766830444
3531,2.8247999999999998,16,0.2951258718967438,2.464834690093994,0.0,0.788092851638794
3532,2.8256,16,0.00382721284404397,1.9592270851135254,0.0,0.39567264914512634
3533,2.8264,16,0.005332752130925655,1.9722380638122559,0.0,0.39978036284446716
3534,2.8272,16,0.003325788304209709,1.9612329006195068,0.0,0.39557236433029175
3535,2.828,16,0.002650162437930703,1.9550600051879883,0.0,0.3936621844768524
3536,2.8288,16,0.31601718068122864,2.473384380340576,0.0,0.8106940984725952
3537,2.8296,16,0.002794549334794283,1.9540657997131348,0.0,0.3936077356338501
3538,2.8304,16,0.0031203427352011204,1.9570715427398682,0.0,0.3945346474647522
3539,2.8312,16,0.0036356919445097446,1.962631106376648,0.0,0.3961619436740875
3540,2.832,16,0.011358151212334633,2.0033085346221924,0.0,0.41201984882354736
3541,2.8327999999999998,16,0.017652198672294617,2.006889820098877,0.0,0.41903018951416016
3542,2.8336,16,0.003220777725800872,1.9553959369659424,0.0,0.3942999541759491
3543,2.8344,16,0.10624722391366959,2.1957616806030273,0.0,0.54539954662323
3544,2.8352,16,0.0024011104833334684,1.9519157409667969,0.0,0.3927842676639557
3545,2.836,16,0.23387742042541504,2.3806304931640625,0.0,0.7100034952163696
3546,2.8368,16,0.11550582945346832,2.195249557495117,0.0,0.5545557737350464
3547,2.8376,16,0.029022321105003357,2.0678060054779053,0.0,0.44258350133895874
3548,2.8384,16,0.010313202627003193,1.9928183555603027,0.0,0.408876895904541
3549,2.8392,16,0.011956216767430305,2.006054401397705,0.0,0.4131670892238617
3550,2.84,16,0.05199459567666054,2.0591418743133545,0.0,0.46382296085357666
3551,2.8407999999999998,16,0.00720231281593442,1.9777538776397705,0.0,0.4027531147003174
3552,2.8416,16,0.023779936134815216,2.0239601135253906,0.0,0.4285719692707062
3553,2.8424,16,0.005828321445733309,1.9833828210830688,0.0,0.40250489115715027
3554,2.8432,16,0.0033226569648832083,1.9585200548171997,0.0,0.39502668380737305
3555,2.844,16,1.1248228549957275,3.9599602222442627,0.0,1.916814923286438
3556,2.8448,16,0.07166720926761627,2.0906479358673096,0.0,0.48979681730270386
3557,2.8456,16,0.0041962480172514915,1.9690778255462646,0.0,0.39801183342933655
3558,2.8464,16,0.0025001694448292255,1.9511330127716064,0.0,0.3927267789840698
3559,2.8472,16,0.014356119558215141,2.038259267807007,0.0,0.4220079779624939
3560,2.848,16,0.002633015625178814,1.9530586004257202,0.0,0.39324474334716797
3561,2.8487999999999998,16,0.0027984757907688618,1.9563103914260864,0.0,0.39406055212020874
3562,2.8496,16,0.008537608198821545,1.9928088188171387,0.0,0.4070993959903717
3563,2.8504,16,0.002632447052747011,1.9542311429977417,0.0,0.393478661775589
3564,2.8512,16,0.5070051550865173,2.923748254776001,0.0,1.0917547941207886
3565,2.852,16,0.003092006780207157,1.955240249633789,0.0,0.3941400647163391
3566,2.8528000000000002,16,0.0028016252908855677,1.9531697034835815,0.0,0.3934355676174164
3567,2.8536,16,0.09064260125160217,2.173429012298584,0.0,0.5253283977508545
3568,2.8544,16,0.008791136555373669,1.987554669380188,0.0,0.4063020944595337
3569,2.8552,16,0.35702085494995117,2.662905216217041,0.0,0.8896018862724304
3570,2.856,16,0.290200412273407,2.5184645652770996,0.0,0.7938933372497559
3571,2.8568,16,0.1958601176738739,2.2851815223693848,0.0,0.6528964042663574
3572,2.8576,16,0.3631429970264435,2.6714227199554443,0.0,0.8974275588989258
3573,2.8584,16,0.3367963433265686,2.4526684284210205,0.0,0.8273299932479858
3574,2.8592,16,0.00278548919595778,1.9533740282058716,0.0,0.39346030354499817
3575,2.86,16,0.0029953019693493843,1.954580307006836,0.0,0.3939113914966583
3576,2.8608000000000002,16,0.0029023317620158195,1.9552803039550781,0.0,0.3939583897590637
3577,2.8616,16,0.00606495002284646,1.9845848083496094,0.0,0.4029819071292877
3578,2.8624,16,0.0028804014436900616,1.9559855461120605,0.0,0.39407750964164734
3579,2.8632,16,0.005854447837918997,1.9744465351104736,0.0,0.4007437825202942
3580,2.864,16,0.16477537155151367,2.2796685695648193,0.0,0.6207090616226196
3581,2.8648,16,0.002781946212053299,1.9522247314453125,0.0,0.3932269215583801
3582,2.8656,16,0.004962056875228882,1.9720631837844849,0.0,0.39937469363212585
3583,2.8664,16,0.19940859079360962,2.3265788555145264,0.0,0.6647243499755859
3584,2.8672,16,0.003077547997236252,1.9536278247833252,0.0,0.39380311965942383
3585,2.868,16,0.002941862912848592,1.9557693004608154,0.0,0.3940957486629486
3586,2.8688000000000002,16,0.004551867954432964,1.9695172309875488,0.0,0.39845532178878784
3587,2.8696,16,0.374153196811676,2.7177770137786865,0.0,0.9177086353302002
3588,2.8704,16,0.0028785208705812693,1.9535980224609375,0.0,0.39359813928604126
3589,2.8712,16,0.010240282863378525,1.9969451427459717,0.0,0.40962931513786316
3590,2.872,16,0.30644115805625916,2.5042426586151123,0.0,0.807289719581604
3591,2.8728,16,0.3474412262439728,2.6315054893493652,0.0,0.8737423419952393
3592,2.8736,16,0.002720270771533251,1.956010341644287,0.0,0.3939223289489746
3593,2.8744,16,0.021198539063334465,2.029167890548706,0.0,0.42703211307525635
3594,2.8752,16,0.3732176125049591,2.6292874813079834,0.0,0.8990751504898071
3595,2.876,16,0.0027293418534100056,1.9549535512924194,0.0,0.3937200605869293
3596,2.8768000000000002,16,0.003065862227231264,1.9538979530334473,0.0,0.39384543895721436
3597,2.8776,16,0.3715542256832123,2.67750883102417,0.0,0.9070559740066528
3598,2.8784,16,0.2296178787946701,2.370443820953369,0.0,0.7037066221237183
3599,2.8792,16,0.06381899118423462,2.19158935546875,0.0,0.5021368265151978
3600,2.88,16,0.003008516039699316,1.9551657438278198,0.0,0.39404165744781494
3601,2.8808,16,0.0027608221862465143,1.9584113359451294,0.0,0.3944430947303772
3602,2.8816,16,0.005671491380780935,1.9645687341690063,0.0,0.3985852599143982
3603,2.8824,16,0.006841340102255344,1.977142095565796,0.0,0.40226975083351135
3604,2.8832,16,0.3285079598426819,2.602937698364258,0.0,0.8490955233573914
3605,2.884,16,0.002483643125742674,1.9522314071655273,0.0,0.39292991161346436
3606,2.8848000000000003,16,0.6495721936225891,2.94039249420166,0.0,1.2376506328582764
3607,2.8856,16,0.0030995109118521214,1.9567034244537354,0.0,0.3944402039051056
3608,2.8864,16,0.0029812201391905546,1.9537384510040283,0.0,0.39372891187667847
3609,2.8872,16,0.008470578119158745,2.003005027770996,0.0,0.40907156467437744
3610,2.888,16,0.309811532497406,2.518296241760254,0.0,0.8134707808494568
3611,2.8888,16,0.14803606271743774,2.2085554599761963,0.0,0.5897471904754639
3612,2.8895999999999997,16,0.6037873029708862,2.918137311935425,0.0,1.1874147653579712
3613,2.8904,16,0.005560907535254955,1.9712822437286377,0.0,0.3998173475265503
3614,2.8912,16,0.003052683314308524,1.9558748006820679,0.0,0.39422765374183655
3615,2.892,16,0.2151058316230774,2.3739185333251953,0.0,0.6898895502090454
3616,2.8928000000000003,16,0.0030249599367380142,1.9569833278656006,0.0,0.39442163705825806
3617,2.8936,16,0.004045624285936356,1.9590058326721191,0.0,0.39584681391716003
3618,2.8944,16,0.00455918163061142,1.9649074077606201,0.0,0.3975406885147095
3619,2.8952,16,0.3740726709365845,2.6771738529205322,0.0,0.9095074534416199
3620,2.896,16,0.0032096453942358494,1.9545905590057373,0.0,0.394127756357193
3621,2.8968,16,0.002523852977901697,1.9528394937515259,0.0,0.39309173822402954
3622,2.8975999999999997,16,0.008084668777883053,1.9977556467056274,0.0,0.40763577818870544
3623,2.8984,16,0.0029898216016590595,1.9526585340499878,0.0,0.3935215473175049
3624,2.8992,16,0.0033429800532758236,1.956601858139038,0.0,0.39466336369514465
3625,2.9,16,0.005828977562487125,1.9672942161560059,0.0,0.3992878198623657
3626,2.9008000000000003,16,0.00346571346744895,1.957667350769043,0.0,0.3949991762638092
3627,2.9016,16,0.007939950563013554,1.985479712486267,0.0,0.40503591299057007
3628,2.9024,16,0.2525121569633484,2.4119036197662354,0.0,0.7348928451538086
3629,2.9032,16,0.0029716631397604942,1.9538640975952148,0.0,0.39374446868896484
3630,2.904,16,0.006834543310105801,1.9800941944122314,0.0,0.4028533697128296
3631,2.9048,16,0.003207489615306258,1.9554353952407837,0.0,0.3942945599555969
3632,2.9055999999999997,16,0.018374744802713394,2.0241079330444336,0.0,0.42319634556770325
3633,2.9064,16,0.002552305581048131,1.9530004262924194,0.0,0.3931523859500885
3634,2.9072,16,0.008445888757705688,1.9838547706604004,0.0,0.40521684288978577
3635,2.908,16,0.0033334235195070505,1.9556537866592407,0.0,0.3944641947746277
3636,2.9088000000000003,16,0.38925179839134216,2.6376538276672363,0.0,0.9167826175689697
3637,2.9096,16,0.003590910928323865,1.960923433303833,0.0,0.39577561616897583
3638,2.9104,16,0.0067788949236273766,1.9854862689971924,0.0,0.4038761556148529
3639,2.9112,16,0.003756272606551647,1.9613429307937622,0.0,0.3960248827934265
3640,2.912,16,0.3291117250919342,2.5928258895874023,0.0,0.8476768732070923
3641,2.9128,16,0.34150582551956177,2.6251649856567383,0.0,0.8665388226509094
3642,2.9135999999999997,16,0.0027972026728093624,1.9526054859161377,0.0,0.3933183252811432
3643,2.9144,16,0.01161838136613369,1.9945614337921143,0.0,0.4105306565761566
3644,2.9152,16,0.0033377152867615223,1.9573392868041992,0.0,0.39480558037757874
3645,2.916,16,0.003584978636354208,1.9588218927383423,0.0,0.3953493535518646
3646,2.9168,16,0.6980955004692078,3.1491236686706543,0.0,1.3279201984405518
3647,2.9176,16,0.0030094049870967865,1.9541995525360107,0.0,0.39384931325912476
3648,2.9184,16,0.003062536008656025,1.953332543373108,0.0,0.3937290608882904
3649,2.9192,16,0.0032469755969941616,1.9573955535888672,0.0,0.39472606778144836
3650,2.92,16,0.007579718250781298,1.9741653203964233,0.0,0.4024127721786499
3651,2.9208,16,0.003566355211660266,1.9613462686538696,0.0,0.39583560824394226
3652,2.9215999999999998,16,0.1431206911802292,2.1946263313293457,0.0,0.5820459723472595
3653,2.9224,16,0.006148929707705975,1.9729878902435303,0.0,0.40074652433395386
3654,2.9232,16,0.004833794664591551,1.9667582511901855,0.0,0.3981854319572449
3655,2.924,16,0.005309176165610552,1.9746317863464355,0.0,0.40023553371429443
3656,2.9248,16,0.019934171810746193,2.019650459289551,0.0,0.4238642752170563
3657,2.9256,16,0.045303795486688614,2.1233878135681152,0.0,0.4699813723564148
3658,2.9264,16,0.0028242848347872496,1.9556550979614258,0.0,0.3939552903175354
3659,2.9272,16,0.0033421299885958433,1.958658218383789,0.0,0.3950737714767456
3660,2.928,16,0.3587874472141266,2.614867687225342,0.0,0.8817609548568726
3661,2.9288,16,0.06000295281410217,2.0952117443084717,0.0,0.4790453016757965
3662,2.9295999999999998,16,0.4196518063545227,2.6655471324920654,0.0,0.9527612328529358
3663,2.9304,16,0.003974770195782185,1.9595052003860474,0.0,0.39587581157684326
3664,2.9312,16,0.07455877959728241,2.079622507095337,0.0,0.49048328399658203
3665,2.932,16,0.0071059055626392365,1.9937132596969604,0.0,0.40584856271743774
3666,2.9328,16,0.0029360386542975903,1.952475666999817,0.0,0.3934311866760254
3667,2.9336,16,0.3563390374183655,2.670013189315796,0.0,0.8903416991233826
3668,2.9344,16,0.3126099705696106,2.510239601135254,0.0,0.8146579265594482
3669,2.9352,16,0.0028080742340534925,1.9570374488830566,0.0,0.39421555399894714
3670,2.936,16,0.005360973533242941,1.969650387763977,0.0,0.3992910385131836
3671,2.9368,16,0.002988744992762804,1.9527615308761597,0.0,0.3935410678386688
3672,2.9375999999999998,16,0.002701934427022934,1.9530611038208008,0.0,0.3933141529560089
3673,2.9384,16,0.003745456226170063,1.961281418800354,0.0,0.39600175619125366
3674,2.9392,16,0.004314868710935116,1.969085454940796,0.0,0.39813196659088135
3675,2.94,16,0.002879680600017309,1.9521980285644531,0.0,0.3933192789554596
3676,2.9408,16,0.0032178089022636414,1.9562232494354248,0.0,0.3944624662399292
3677,2.9416,16,0.002859418746083975,1.9535014629364014,0.0,0.3935597240924835
3678,2.9424,16,0.003114013932645321,1.9542484283447266,0.0,0.39396369457244873
3679,2.9432,16,0.023900698870420456,2.1053128242492676,0.0,0.4449632465839386
3680,2.944,16,0.014578309841454029,2.021388292312622,0.0,0.4188559651374817
3681,2.9448,16,0.003095603082329035,1.9523160457611084,0.0,0.3935588002204895
3682,2.9455999999999998,16,0.0026163046713918447,1.9522457122802734,0.0,0.3930654525756836
3683,2.9464,16,0.0031249942258000374,1.9537811279296875,0.0,0.3938812017440796
3684,2.9472,16,0.019314181059598923,2.0279083251953125,0.0,0.42489585280418396
3685,2.948,16,0.002889790339395404,1.9535659551620483,0.0,0.39360296726226807
3686,2.9488,16,0.35979095101356506,2.6127660274505615,0.0,0.882344126701355
3687,2.9496,16,0.006312154233455658,1.9713975191116333,0.0,0.4005916714668274
3688,2.9504,16,0.6684248447418213,3.0746474266052246,0.0,1.2833542823791504
3689,2.9512,16,0.003403126960620284,1.9567574262619019,0.0,0.3947546184062958
3690,2.952,16,0.03832032531499863,2.0479941368103027,0.0,0.44791916012763977
3691,2.9528,16,0.3295329809188843,2.559605121612549,0.0,0.841454029083252
3692,2.9536,16,0.1959749460220337,2.273153781890869,0.0,0.6506056785583496
3693,2.9544,16,0.0030863163992762566,1.9537901878356934,0.0,0.3938443660736084
3694,2.9552,16,0.0028274268843233585,1.9541289806365967,0.0,0.3936532437801361
3695,2.956,16,0.2019667774438858,2.286442279815674,0.0,0.6592552661895752
3696,2.9568,16,0.003547936910763383,1.957916259765625,0.0,0.3951312005519867
3697,2.9576000000000002,16,0.003522224724292755,1.9591476917266846,0.0,0.395351767539978
3698,2.9584,16,0.0033653993159532547,1.9599874019622803,0.0,0.39536288380622864
3699,2.9592,16,0.00421526376157999,1.9652882814407349,0.0,0.3972729444503784
3700,2.96,16,0.002718673087656498,1.9533476829528809,0.0,0.3933882415294647
3701,2.9608,16,0.37484559416770935,2.6484875679016113,0.0,0.9045431613922119
3702,2.9616,16,0.004136322997510433,1.9607162475585938,0.0,0.39627957344055176
3703,2.9624,16,0.0029591326601803303,1.9553189277648926,0.0,0.3940229117870331
3704,2.9632,16,0.0029331673868000507,1.9538722038269043,0.0,0.39370763301849365
3705,2.964,16,0.002654674695804715,1.9546411037445068,0.0,0.39358291029930115
3706,2.9648,16,0.19771842658519745,2.2876648902893066,0.0,0.6552513837814331
3707,2.9656000000000002,16,0.0034239687956869602,1.9575262069702148,0.0,0.3949292004108429
3708,2.9664,16,0.016532747074961662,2.0364925861358643,0.0,0.4238312840461731
3709,2.9672,16,0.08857325464487076,2.116807460784912,0.0,0.511934757232666
3710,2.968,16,0.25808215141296387,2.409924030303955,0.0,0.7400670051574707
3711,2.9688,16,0.05779183655977249,2.081308364868164,0.0,0.4740535020828247
3712,2.9696,16,0.0026525899302214384,1.9536399841308594,0.0,0.3933805823326111
3713,2.9704,16,0.0027976036071777344,1.9531292915344238,0.0,0.393423467874527
3714,2.9712,16,0.0028524878434836864,1.9524173736572266,0.0,0.3933359682559967
3715,2.972,16,0.3537422716617584,2.627573013305664,0.0,0.8792568445205688
3716,2.9728,16,0.0037051672115921974,1.9577314853668213,0.0,0.39525148272514343
3717,2.9736000000000002,16,0.05029924213886261,2.0719707012176514,0.0,0.4646933674812317
3718,2.9744,16,0.33128154277801514,2.5335004329681396,0.0,0.837981641292572
3719,2.9752,16,0.003133509773761034,1.9551045894622803,0.0,0.39415442943573
3720,2.976,16,0.33777686953544617,2.579240083694458,0.0,0.8536249399185181
3721,2.9768,16,0.31552809476852417,2.5014524459838867,0.0,0.8158186078071594
3722,2.9776,16,0.003649837337434292,1.9563286304473877,0.0,0.39491555094718933
3723,2.9784,16,0.0036157716531306505,1.9575371742248535,0.0,0.3951232135295868
3724,2.9792,16,0.03585612773895264,2.0386126041412354,0.0,0.44357866048812866
3725,2.98,16,0.6048924326896667,2.8294625282287598,0.0,1.1707849502563477
3726,2.9808,16,0.003575098467990756,1.9591915607452393,0.0,0.3954133987426758
3727,2.9816000000000003,16,0.21302641928195953,2.3308956623077393,0.0,0.6792055368423462
3728,2.9824,16,0.0029596686363220215,1.9553864002227783,0.0,0.3940369486808777
3729,2.9832,16,0.0029899326618760824,1.954020619392395,0.0,0.39379405975341797
3730,2.984,16,0.3809173107147217,2.6216042041778564,0.0,0.905238151550293
3731,2.9848,16,0.00298714404925704,1.9541404247283936,0.0,0.3938152492046356
3732,2.9856,16,0.038709890097379684,2.0398950576782227,0.0,0.4466888904571533
3733,2.9864,16,0.012332571670413017,1.9931906461715698,0.0,0.41097068786621094
3734,2.9872,16,0.2808968424797058,2.407273292541504,0.0,0.7623515129089355
3735,2.988,16,0.004691197071224451,1.9674965143203735,0.0,0.3981904983520508
3736,2.9888,16,0.003139158710837364,1.9593173265457153,0.0,0.3950026333332062
3737,2.9896000000000003,16,0.004183491691946983,1.9613206386566162,0.0,0.39644762873649597
3738,2.9904,16,0.0029454759787768126,1.9545519351959229,0.0,0.39385586977005005
3739,2.9912,16,0.0028651421889662743,1.9522873163223267,0.0,0.393322616815567
3740,2.992,16,0.08529521524906158,2.10406756401062,0.0,0.5061087608337402
3741,2.9928,16,0.006514103151857853,1.9774935245513916,0.0,0.40201282501220703
3742,2.9936,16,0.003001363715156913,1.9564238786697388,0.0,0.3942861557006836
3743,2.9943999999999997,16,0.01322327833622694,1.9817492961883545,0.0,0.40957316756248474
3744,2.9952,16,0.3359339237213135,2.6183695793151855,0.0,0.8596078753471375
3745,2.996,16,0.0027115074917674065,1.9532166719436646,0.0,0.3933548331260681
3746,2.9968,16,0.0026097437366843224,1.9532580375671387,0.0,0.3932613432407379
3747,2.9976000000000003,16,0.317696213722229,2.546017646789551,0.0,0.8268997669219971
3748,2.9984,16,0.012364864349365234,1.9954577684402466,0.0,0.411456435918808
3749,2.9992,16,0.19952429831027985,2.3213348388671875,0.0,0.663791298866272
