step,epoch,samples,ce_loss,scl_loss,kl_loss,total_loss
0,0,16,0.7094619870185852,0.0,0.004913097247481346,0.7143750786781311
1,0.0008,16,0.6712250709533691,0.0,0.004843064583837986,0.676068127155304
2,0.0016,16,0.6784481406211853,0.0,0.0030262554064393044,0.6814743876457214
3,0.0024,16,0.6817984580993652,0.0,0.007208686321973801,0.6890071630477905
4,0.0032,16,0.7110497951507568,0.0,0.005750575102865696,0.7168003916740417
5,0.004,16,0.6832602024078369,0.0,0.004631650634109974,0.6878918409347534
6,0.0048,16,0.6899522542953491,0.0,0.003054678440093994,0.6930069327354431
7,0.0056,16,0.6567786335945129,0.0,0.005316942930221558,0.6620955467224121
8,0.0064,16,0.6648492813110352,0.0,0.006883247755467892,0.6717325448989868
9,0.0072,16,0.6816131472587585,0.0,0.007822373881936073,0.6894355416297913
10,0.008,16,0.6839151382446289,0.0,0.008345424197614193,0.6922605633735657
11,0.0088,16,0.6705328226089478,0.0,0.008584719151258469,0.6791175603866577
12,0.0096,16,0.6836810111999512,0.0,0.0055263773538172245,0.6892073750495911
13,0.0104,16,0.6940947771072388,0.0,0.01011810451745987,0.7042129039764404
14,0.0112,16,0.7050979733467102,0.0,0.008053570054471493,0.7131515145301819
15,0.012,16,0.706183671951294,0.0,0.002797083929181099,0.7089807391166687
16,0.0128,16,0.6883895993232727,0.0,0.004968153312802315,0.6933577656745911
17,0.0136,16,0.6977206468582153,0.0,0.004754435271024704,0.7024750709533691
18,0.0144,16,0.6788305640220642,0.0,0.005040851421654224,0.6838713884353638
19,0.0152,16,0.6966766119003296,0.0,0.00690397247672081,0.7035805583000183
20,0.016,16,0.7404857277870178,0.0,0.005120841786265373,0.745606541633606
21,0.0168,16,0.7228201627731323,0.0,0.007242131978273392,0.7300623059272766
22,0.0176,16,0.6912481784820557,0.0,0.00842565018683672,0.6996738314628601
23,0.0184,16,0.6901891827583313,0.0,0.005212029442191124,0.6954011917114258
24,0.0192,16,0.7177219390869141,0.0,0.0036889491602778435,0.721410870552063
25,0.02,16,0.6732925772666931,0.0,0.008806908503174782,0.682099461555481
26,0.0208,16,0.7032312750816345,0.0,0.005446545779705048,0.7086778283119202
27,0.0216,16,0.6889535188674927,0.0,0.0065355319529771805,0.6954890489578247
28,0.0224,16,0.6909235715866089,0.0,0.009020419791340828,0.699944019317627
29,0.0232,16,0.6774465441703796,0.0,0.004061626270413399,0.6815081834793091
30,0.024,16,0.7066630125045776,0.0,0.006163143552839756,0.712826132774353
31,0.0248,16,0.6860805153846741,0.0,0.008027443662285805,0.6941079497337341
32,0.0256,16,0.6943292021751404,0.0,0.00953431986272335,0.7038635015487671
33,0.0264,16,0.7013559937477112,0.0,0.007242854218930006,0.7085988521575928
34,0.0272,16,0.6714173555374146,0.0,0.008115475066006184,0.6795328259468079
35,0.028,16,0.6733514070510864,0.0,0.003674754872918129,0.6770261526107788
36,0.0288,16,0.6933773756027222,0.0,0.005765414796769619,0.6991428136825562
37,0.0296,16,0.7084519863128662,0.0,0.004476072266697884,0.712928056716919
38,0.0304,16,0.6808996200561523,0.0,0.007980364374816418,0.6888799667358398
39,0.0312,16,0.6882038712501526,0.0,0.00404528621584177,0.6922491788864136
40,0.032,16,0.7052645683288574,0.0,0.006475706584751606,0.711740255355835
41,0.0328,16,0.678999662399292,0.0,0.004417299292981625,0.6834169626235962
42,0.0336,16,0.6822831630706787,0.0,0.0026873787865042686,0.6849705576896667
43,0.0344,16,0.6956466436386108,0.0,0.006263965740799904,0.7019106149673462
44,0.0352,16,0.7030832767486572,0.0,0.005380486138164997,0.7084637880325317
45,0.036,16,0.6873270273208618,0.0,0.0051590027287602425,0.692486047744751
46,0.0368,16,0.6909139156341553,0.0,0.0030212262645363808,0.6939351558685303
47,0.0376,16,0.6880893111228943,0.0,0.004274188540875912,0.6923635005950928
48,0.0384,16,0.6765297651290894,0.0,0.003157135099172592,0.6796869039535522
49,0.0392,16,0.6769142150878906,0.0,0.00680339802056551,0.6837176084518433
50,0.04,16,0.6652586460113525,0.0,0.005705840885639191,0.6709644794464111
51,0.0408,16,0.6931671500205994,0.0,0.0038107112050056458,0.6969778537750244
52,0.0416,16,0.6517933011054993,0.0,0.004627227783203125,0.6564205288887024
53,0.0424,16,0.6958754658699036,0.0,0.0071333022788167,0.703008770942688
54,0.0432,16,0.6541059613227844,0.0,0.00825088657438755,0.6623568534851074
55,0.044,16,0.6717614531517029,0.0,0.004362363368272781,0.6761237978935242
56,0.0448,16,0.694828987121582,0.0,0.005201381631195545,0.7000303864479065
57,0.0456,16,0.6837139129638672,0.0,0.006607207469642162,0.690321147441864
58,0.0464,16,0.6600691080093384,0.0,0.0052071837708354,0.665276288986206
59,0.0472,16,0.693846583366394,0.0,0.002624424174427986,0.6964710354804993
60,0.048,16,0.6928735375404358,0.0,0.006979332305490971,0.6998528838157654
61,0.0488,16,0.6748096942901611,0.0,0.006064290646463633,0.6808739900588989
62,0.0496,16,0.6676716804504395,0.0,0.015397230163216591,0.6830689311027527
63,0.0504,16,0.685523271560669,0.0,0.008631467819213867,0.6941547393798828
64,0.0512,16,0.7090122103691101,0.0,0.00608149915933609,0.715093731880188
65,0.052,16,0.6439238786697388,0.0,0.0030680811032652855,0.6469919681549072
66,0.0528,16,0.6639090180397034,0.0,0.004805033095180988,0.6687140464782715
67,0.0536,16,0.6449741125106812,0.0,0.005486774258315563,0.6504608988761902
68,0.0544,16,0.6521783471107483,0.0,0.0073548899963498116,0.6595332622528076
69,0.0552,16,0.6942282915115356,0.0,0.004836913198232651,0.6990652084350586
70,0.056,16,0.6655824184417725,0.0,0.007264089770615101,0.6728464961051941
71,0.0568,16,0.6735121011734009,0.0,0.007926732301712036,0.6814388036727905
72,0.0576,16,0.6671928763389587,0.0,0.005209341645240784,0.6724022030830383
73,0.0584,16,0.6819029450416565,0.0,0.0070568774826824665,0.6889598369598389
74,0.0592,16,0.6804393529891968,0.0,0.004579617641866207,0.6850189566612244
75,0.06,16,0.6550806760787964,0.0,0.008927568793296814,0.6640082597732544
76,0.0608,16,0.6819776296615601,0.0,0.014418285340070724,0.6963959336280823
77,0.0616,16,0.66257643699646,0.0,0.006345231551676989,0.6689216494560242
78,0.0624,16,0.6792539358139038,0.0,0.003551219590008259,0.6828051805496216
79,0.0632,16,0.658489465713501,0.0,0.003985830582678318,0.6624752879142761
80,0.064,16,0.6777865886688232,0.0,0.007194877602159977,0.6849814653396606
81,0.0648,16,0.6685847640037537,0.0,0.008929979056119919,0.6775147318840027
82,0.0656,16,0.6966232061386108,0.0,0.005454216152429581,0.7020774483680725
83,0.0664,16,0.6828450560569763,0.0,0.015451284125447273,0.6982963681221008
84,0.0672,16,0.6803754568099976,0.0,0.00857431162148714,0.6889497637748718
85,0.068,16,0.652285099029541,0.0,0.01189164724200964,0.6641767621040344
86,0.0688,16,0.6198574304580688,0.0,0.010571037419140339,0.6304284930229187
87,0.0696,16,0.5964682102203369,0.0,0.006798653397709131,0.6032668352127075
88,0.0704,16,0.6038452982902527,0.0,0.0073370845057070255,0.6111823916435242
89,0.0712,16,0.63594651222229,0.0,0.0025837114080786705,0.6385301947593689
90,0.072,16,0.6372549533843994,0.0,0.010150851681828499,0.6474058032035828
91,0.0728,16,0.6388081908226013,0.0,0.010258037596940994,0.6490662097930908
92,0.0736,16,0.671123743057251,0.0,0.006850098725408316,0.6779738664627075
93,0.0744,16,0.6763331890106201,0.0,0.009027769789099693,0.6853609681129456
94,0.0752,16,0.6149865984916687,0.0,0.008764849975705147,0.6237514615058899
95,0.076,16,0.6420535445213318,0.0,0.009868258610367775,0.651921808719635
96,0.0768,16,0.6450175046920776,0.0,0.007506536785513163,0.6525240540504456
97,0.0776,16,0.6555877327919006,0.0,0.00682194996625185,0.6624096632003784
98,0.0784,16,0.6148027777671814,0.0,0.0034312023781239986,0.6182339787483215
99,0.0792,16,0.6195557117462158,0.0,0.006279405672103167,0.625835120677948
100,0.08,16,0.6406447887420654,0.0,0.012287291698157787,0.6529321074485779
101,0.0808,16,0.6554821133613586,0.0,0.008239930495619774,0.663722038269043
102,0.0816,16,0.6011109948158264,0.0,0.019297249615192413,0.6204082369804382
103,0.0824,16,0.535276472568512,0.0,0.019356343895196915,0.554632842540741
104,0.0832,16,0.6312699913978577,0.0,0.011993713676929474,0.6432636976242065
105,0.084,16,0.5404030084609985,0.0,0.008000098168849945,0.5484030842781067
106,0.0848,16,0.6368363499641418,0.0,0.01969842053949833,0.6565347909927368
107,0.0856,16,0.5481688380241394,0.0,0.020170941948890686,0.5683397650718689
108,0.0864,16,0.5502890348434448,0.0,0.010693324729800224,0.560982346534729
109,0.0872,16,0.5336939692497253,0.0,0.015071723610162735,0.5487657189369202
110,0.088,16,0.451066255569458,0.0,0.00784401036798954,0.4589102566242218
111,0.0888,16,0.5987359881401062,0.0,0.021305974572896957,0.6200419664382935
112,0.0896,16,0.5532573461532593,0.0,0.01905030570924282,0.5723076462745667
113,0.0904,16,0.4961203634738922,0.0,0.007745013106614351,0.5038653612136841
114,0.0912,16,0.49822288751602173,0.0,0.007990764454007149,0.5062136650085449
115,0.092,16,0.5589051842689514,0.0,0.011709732934832573,0.5706149339675903
116,0.0928,16,0.4863130748271942,0.0,0.013079088181257248,0.49939215183258057
117,0.0936,16,0.43164026737213135,0.0,0.007897919975221157,0.4395381808280945
118,0.0944,16,0.5218511819839478,0.0,0.011358262039721012,0.5332094430923462
119,0.0952,16,0.5760064125061035,0.0,0.008593936450779438,0.5846003293991089
120,0.096,16,0.4865552484989166,0.0,0.018084518611431122,0.504639744758606
121,0.0968,16,0.5154346823692322,0.0,0.0057053342461586,0.5211400389671326
122,0.0976,16,0.4972817897796631,0.0,0.007619713898748159,0.5049015283584595
123,0.0984,16,0.4113527238368988,0.0,0.012025480158627033,0.42337819933891296
124,0.0992,16,0.432145893573761,0.0,0.004319666884839535,0.4364655613899231
125,0.1,16,0.523793637752533,0.0,0.008514383807778358,0.532308042049408
126,0.1008,16,0.5901971459388733,0.0,0.015915773808956146,0.6061128973960876
127,0.1016,16,0.5700302124023438,0.0,0.02543650008738041,0.5954667329788208
128,0.1024,16,0.5257239937782288,0.0,0.012674514204263687,0.5383985042572021
129,0.1032,16,0.5167164206504822,0.0,0.012604992836713791,0.5293214321136475
130,0.104,16,0.4976738691329956,0.0,0.02328631468117237,0.5209602117538452
131,0.1048,16,0.41716983914375305,0.0,0.012209427542984486,0.42937925457954407
132,0.1056,16,0.5437557101249695,0.0,0.020420167595148087,0.5641759037971497
133,0.1064,16,0.39386892318725586,0.0,0.011659014038741589,0.4055279493331909
134,0.1072,16,0.48373404145240784,0.0,0.014166119508445263,0.4979001581668854
135,0.108,16,0.45288217067718506,0.0,0.013277698308229446,0.4661598801612854
136,0.1088,16,0.5607035160064697,0.0,0.011265665292739868,0.5719691514968872
137,0.1096,16,0.4311763346195221,0.0,0.025049451738595963,0.45622578263282776
138,0.1104,16,0.5473597645759583,0.0,0.007759120315313339,0.5551188588142395
139,0.1112,16,0.3339652419090271,0.0,0.011126808822154999,0.3450920581817627
140,0.112,16,0.5824105739593506,0.0,0.02767658233642578,0.6100871562957764
141,0.1128,16,0.673448920249939,0.0,0.023407209664583206,0.6968561410903931
142,0.1136,16,0.5853722095489502,0.0,0.02717563696205616,0.6125478744506836
143,0.1144,16,0.5838849544525146,0.0,0.01900399662554264,0.6028889417648315
144,0.1152,16,0.6833432912826538,0.0,0.017389539629220963,0.7007328271865845
145,0.116,16,0.784551739692688,0.0,0.02333477884531021,0.80788654088974
146,0.1168,16,0.6071624755859375,0.0,0.014898985624313354,0.6220614910125732
147,0.1176,16,0.5497021675109863,0.0,0.0167800672352314,0.5664822459220886
148,0.1184,16,0.40193483233451843,0.0,0.02429436892271042,0.42622920870780945
149,0.1192,16,0.5927501916885376,0.0,0.027797963470220566,0.6205481290817261
150,0.12,16,0.40401899814605713,0.0,0.015582723543047905,0.419601708650589
151,0.1208,16,0.4616576135158539,0.0,0.00803997740149498,0.46969759464263916
152,0.1216,16,0.5232507586479187,0.0,0.01806124672293663,0.5413119792938232
153,0.1224,16,0.4383247494697571,0.0,0.010945096611976624,0.4492698311805725
154,0.1232,16,0.582148551940918,0.0,0.015064225532114506,0.5972127914428711
155,0.124,16,0.5131505131721497,0.0,0.01484774798154831,0.5279982686042786
156,0.1248,16,0.4918128550052643,0.0,0.013630660250782967,0.5054435133934021
157,0.1256,16,0.540752112865448,0.0,0.007987279444932938,0.5487393736839294
158,0.1264,16,0.5365471839904785,0.0,0.008792668581008911,0.545339822769165
159,0.1272,16,0.2992118000984192,0.0,0.008122207596898079,0.3073340058326721
160,0.128,16,0.5307434797286987,0.0,0.0248798169195652,0.5556232929229736
161,0.1288,16,0.3638160228729248,0.0,0.02453973889350891,0.3883557617664337
162,0.1296,16,0.4892023801803589,0.0,0.013568829745054245,0.5027711987495422
163,0.1304,16,0.5583053827285767,0.0,0.02203907072544098,0.5803444385528564
164,0.1312,16,0.31271761655807495,0.0,0.012804601341485977,0.32552221417427063
165,0.132,16,0.5028458833694458,0.0,0.02378750592470169,0.5266333818435669
166,0.1328,16,0.3450959622859955,0.0,0.009005656465888023,0.35410162806510925
167,0.1336,16,0.5689955949783325,0.0,0.010483344085514545,0.579478919506073
168,0.1344,16,0.2993182837963104,0.0,0.01935255527496338,0.3186708390712738
169,0.1352,16,0.4983663260936737,0.0,0.01142563484609127,0.5097919702529907
170,0.136,16,0.2667769491672516,0.0,0.006623914930969477,0.2734008729457855
171,0.1368,16,0.4515843987464905,0.0,0.015716558322310448,0.4673009514808655
172,0.1376,16,0.44285106658935547,0.0,0.008243553340435028,0.4510946273803711
173,0.1384,16,0.3888850808143616,0.0,0.007849322631955147,0.39673441648483276
174,0.1392,16,0.41001033782958984,0.0,0.010082872584462166,0.42009320855140686
175,0.14,16,0.3098525106906891,0.0,0.011903423815965652,0.32175594568252563
176,0.1408,16,0.2911972999572754,0.0,0.004225878044962883,0.2954231798648834
177,0.1416,16,0.6491132378578186,0.0,0.01689193584024906,0.6660051941871643
178,0.1424,16,0.3958604633808136,0.0,0.010594328865408897,0.40645480155944824
179,0.1432,16,0.5490715503692627,0.0,0.006241624243557453,0.5553131699562073
180,0.144,16,0.25534719228744507,0.0,0.015300411731004715,0.2706476151943207
181,0.1448,16,0.40861383080482483,0.0,0.017925690859556198,0.42653951048851013
182,0.1456,16,0.2879064381122589,0.0,0.0046675438061356544,0.2925739884376526
183,0.1464,16,0.4574126601219177,0.0,0.007310428656637669,0.4647230803966522
184,0.1472,16,0.45852503180503845,0.0,0.006595770828425884,0.465120792388916
185,0.148,16,0.28201907873153687,0.0,0.009839704260230064,0.2918587923049927
186,0.1488,16,0.4104587137699127,0.0,0.011728978715837002,0.4221876859664917
187,0.1496,16,0.3852301836013794,0.0,0.005857291631400585,0.39108747243881226
188,0.1504,16,0.30306652188301086,0.0,0.0326569527387619,0.3357234597206116
189,0.1512,16,0.31087610125541687,0.0,0.014845824800431728,0.3257219195365906
190,0.152,16,0.35986900329589844,0.0,0.007375651970505714,0.3672446608543396
191,0.1528,16,0.3686220645904541,0.0,0.009980853646993637,0.37860292196273804
192,0.1536,16,0.34376147389411926,0.0,0.0221569761633873,0.36591845750808716
193,0.1544,16,0.2425057291984558,0.0,0.022175434976816177,0.2646811604499817
194,0.1552,16,0.24495044350624084,0.0,0.013882206752896309,0.2588326632976532
195,0.156,16,0.43628808856010437,0.0,0.02280230075120926,0.45909038186073303
196,0.1568,16,0.40791162848472595,0.0,0.007811896502971649,0.4157235324382782
197,0.1576,16,0.2304423600435257,0.0,0.03139716386795044,0.26183950901031494
198,0.1584,16,0.5074748992919922,0.0,0.02026873081922531,0.5277436375617981
199,0.1592,16,0.2938523292541504,0.0,0.01415984146296978,0.3080121576786041
200,0.16,16,0.4382464289665222,0.0,0.022181808948516846,0.46042823791503906
201,0.1608,16,0.28323766589164734,0.0,0.0031422320753335953,0.2863799035549164
202,0.1616,16,0.28201359510421753,0.0,0.00798614788800478,0.28999975323677063
203,0.1624,16,0.2932434678077698,0.0,0.005567008629441261,0.2988104820251465
204,0.1632,16,0.2359381914138794,0.0,0.016599074006080627,0.25253725051879883
205,0.164,16,0.2916161119937897,0.0,0.014765409752726555,0.3063815236091614
206,0.1648,16,0.5269116163253784,0.0,0.015362215228378773,0.5422738194465637
207,0.1656,16,0.5124080181121826,0.0,0.026350591331720352,0.5387586355209351
208,0.1664,16,0.23631688952445984,0.0,0.015231425873935223,0.25154832005500793
209,0.1672,16,0.1351643055677414,0.0,0.01288062147796154,0.14804492890834808
210,0.168,16,0.5475813150405884,0.0,0.007536685094237328,0.5551180243492126
211,0.1688,16,0.30193591117858887,0.0,0.017608581110835075,0.3195444941520691
212,0.1696,16,0.18764787912368774,0.0,0.031147770583629608,0.21879565715789795
213,0.1704,16,0.4160829484462738,0.0,0.009898701682686806,0.42598164081573486
214,0.1712,16,0.33198782801628113,0.0,0.010955743491649628,0.34294357895851135
215,0.172,16,0.38004258275032043,0.0,0.008197400718927383,0.3882399797439575
216,0.1728,16,0.2642402648925781,0.0,0.02035357803106308,0.2845938503742218
217,0.1736,16,0.29040080308914185,0.0,0.018554776906967163,0.308955579996109
218,0.1744,16,0.33276093006134033,0.0,0.009670918807387352,0.34243184328079224
219,0.1752,16,0.2801362872123718,0.0,0.011832937598228455,0.2919692397117615
220,0.176,16,0.3455781936645508,0.0,0.010016730055212975,0.3555949330329895
221,0.1768,16,0.37739935517311096,0.0,0.010931599885225296,0.38833096623420715
222,0.1776,16,0.0929061770439148,0.0,0.0022948049008846283,0.09520098567008972
223,0.1784,16,0.42697855830192566,0.0,0.023190932348370552,0.45016950368881226
224,0.1792,16,0.5530599355697632,0.0,0.024440813809633255,0.5775007605552673
225,0.18,16,0.12658655643463135,0.0,0.003813565708696842,0.13040012121200562
226,0.1808,16,0.2845166027545929,0.0,0.06774067133665085,0.35225728154182434
227,0.1816,16,0.29748642444610596,0.0,0.03101043589413166,0.32849687337875366
228,0.1824,16,0.1776597946882248,0.0,0.009170427918434143,0.18683022260665894
229,0.1832,16,0.2758672833442688,0.0,0.010853039100766182,0.286720335483551
230,0.184,16,0.48892608284950256,0.0,0.011561522260308266,0.5004876255989075
231,0.1848,16,0.24248498678207397,0.0,0.03125164657831192,0.2737366259098053
232,0.1856,16,0.28250861167907715,0.0,0.018721837550401688,0.30123046040534973
233,0.1864,16,0.09202989190816879,0.0,0.004491286817938089,0.09652117639780045
234,0.1872,16,0.27837324142456055,0.0,0.019098369404673576,0.2974716126918793
235,0.188,16,0.4001563489437103,0.0,0.0319487527012825,0.43210509419441223
236,0.1888,16,0.49948984384536743,0.0,0.004005467519164085,0.5034953355789185
237,0.1896,16,0.13064132630825043,0.0,0.016202252358198166,0.1468435823917389
238,0.1904,16,0.14324110746383667,0.0,0.015821922570466995,0.15906302630901337
239,0.1912,16,0.2297404706478119,0.0,0.03339875489473343,0.2631392180919647
240,0.192,16,0.2710860073566437,0.0,0.009609002619981766,0.28069502115249634
241,0.1928,16,0.2728198766708374,0.0,0.0028690726030617952,0.27568894624710083
242,0.1936,16,0.34286946058273315,0.0,0.029897695407271385,0.3727671504020691
243,0.1944,16,0.5403095483779907,0.0,0.04542461037635803,0.5857341289520264
244,0.1952,16,0.147138774394989,0.0,0.007890550419688225,0.1550293266773224
245,0.196,16,0.33771777153015137,0.0,0.012907925993204117,0.3506256937980652
246,0.1968,16,0.18393555283546448,0.0,0.004808688536286354,0.18874424695968628
247,0.1976,16,0.5435407161712646,0.0,0.021404966711997986,0.5649456977844238
248,0.1984,16,0.49390995502471924,0.0,0.038606081157922745,0.5325160622596741
249,0.1992,16,0.3969157934188843,0.0,0.008803954347968102,0.4057197570800781
250,0.2,16,0.6342653632164001,0.0,0.0020565867889672518,0.6363219618797302
251,0.2008,16,0.41766107082366943,0.0,0.045649632811546326,0.46331071853637695
252,0.2016,16,0.4165167212486267,0.0,0.011061953380703926,0.4275786876678467
253,0.2024,16,0.2540076971054077,0.0,0.051767751574516296,0.3057754635810852
254,0.2032,16,0.3944864571094513,0.0,0.016980579122900963,0.411467045545578
255,0.204,16,0.40465405583381653,0.0,0.0106913261115551,0.41534537076950073
256,0.2048,16,0.5551019906997681,0.0,0.008998828008770943,0.5641008019447327
257,0.2056,16,0.4347244203090668,0.0,0.01119801215827465,0.4459224343299866
258,0.2064,16,0.3558494746685028,0.0,0.036605410277843475,0.3924548923969269
259,0.2072,16,0.29098454117774963,0.0,0.017249058932065964,0.3082335889339447
260,0.208,16,0.2676786780357361,0.0,0.009364748373627663,0.2770434319972992
261,0.2088,16,0.57381671667099,0.0,0.01381495501846075,0.5876316428184509
262,0.2096,16,0.2883230149745941,0.0,0.01648225262761116,0.30480527877807617
263,0.2104,16,0.3964425325393677,0.0,0.005155491642653942,0.4015980362892151
264,0.2112,16,0.3575434982776642,0.0,0.007702555041760206,0.365246057510376
265,0.212,16,0.4793921709060669,0.0,0.03396258503198624,0.5133547782897949
266,0.2128,16,0.3150310516357422,0.0,0.006908697076141834,0.32193973660469055
267,0.2136,16,0.25571638345718384,0.0,0.010845987126231194,0.2665623724460602
268,0.2144,16,0.4151815176010132,0.0,0.005967198871076107,0.42114871740341187
269,0.2152,16,0.5048349499702454,0.0,0.018020126968622208,0.5228551030158997
270,0.216,16,0.4279778003692627,0.0,0.022289615124464035,0.45026740431785583
271,0.2168,16,0.3048306405544281,0.0,0.022423002868890762,0.32725363969802856
272,0.2176,16,0.35849529504776,0.0,0.003408260876312852,0.3619035482406616
273,0.2184,16,0.16760222613811493,0.0,0.005022367928177118,0.1726245880126953
274,0.2192,16,0.26672297716140747,0.0,0.02500973269343376,0.29173269867897034
275,0.22,16,0.5748521089553833,0.0,0.04566112160682678,0.6205132007598877
276,0.2208,16,0.24875640869140625,0.0,0.006037265993654728,0.2547936737537384
277,0.2216,16,0.3983834683895111,0.0,0.006949099246412516,0.4053325653076172
278,0.2224,16,0.5633469820022583,0.0,0.003585868515074253,0.5669328570365906
279,0.2232,16,0.7579876184463501,0.0,0.03256865218281746,0.7905562520027161
280,0.224,16,0.40572965145111084,0.0,0.02587093785405159,0.4316006004810333
281,0.2248,16,0.3807198107242584,0.0,0.06798411905765533,0.44870394468307495
282,0.2256,16,0.45570382475852966,0.0,0.03710036724805832,0.4928041994571686
283,0.2264,16,0.3363649845123291,0.0,0.026852337643504143,0.3632173240184784
284,0.2272,16,0.2556636333465576,0.0,0.004748012870550156,0.26041164994239807
285,0.228,16,0.36955878138542175,0.0,0.03602981194853783,0.4055885970592499
286,0.2288,16,0.44225484132766724,0.0,0.010228496044874191,0.45248332619667053
287,0.2296,16,0.36995625495910645,0.0,0.01920655369758606,0.3891628086566925
288,0.2304,16,0.1336807906627655,0.0,0.012709258124232292,0.14639005064964294
289,0.2312,16,0.384188711643219,0.0,0.021907005459070206,0.4060957133769989
290,0.232,16,0.3257044553756714,0.0,0.012981535866856575,0.3386859893798828
291,0.2328,16,0.25469970703125,0.0,0.011877886950969696,0.2665776014328003
292,0.2336,16,0.4887579083442688,0.0,0.010331408120691776,0.4990893304347992
293,0.2344,16,0.2966805100440979,0.0,0.04235132038593292,0.33903181552886963
294,0.2352,16,0.2613368034362793,0.0,0.004443502519279718,0.2657802999019623
295,0.236,16,0.39800262451171875,0.0,0.004267577547580004,0.40227019786834717
296,0.2368,16,0.2724076509475708,0.0,0.03343725949525833,0.30584490299224854
297,0.2376,16,0.4750252366065979,0.0,0.014697512611746788,0.48972275853157043
298,0.2384,16,0.8021603226661682,0.0,0.019898531958460808,0.8220588564872742
299,0.2392,16,0.27179068326950073,0.0,0.0242583230137825,0.29604899883270264
300,0.24,16,0.5310102105140686,0.0,0.01784280501306057,0.5488530397415161
301,0.2408,16,0.2958902418613434,0.0,0.006036083679646254,0.30192631483078003
302,0.2416,16,0.09743542969226837,0.0,0.0029880558140575886,0.10042348504066467
303,0.2424,16,0.22694358229637146,0.0,0.010380453430116177,0.23732402920722961
304,0.2432,16,0.14469313621520996,0.0,0.013797391206026077,0.15849052369594574
305,0.244,16,0.22784201800823212,0.0,0.014347052201628685,0.24218906462192535
306,0.2448,16,0.256281316280365,0.0,0.011909871362149715,0.2681911885738373
307,0.2456,16,0.35779517889022827,0.0,0.03283575922250748,0.39063093066215515
308,0.2464,16,0.1987023651599884,0.0,0.003983818460255861,0.20268619060516357
309,0.2472,16,0.12069782614707947,0.0,0.012379567138850689,0.13307739794254303
310,0.248,16,0.2750124931335449,0.0,0.008449955843389034,0.28346243500709534
311,0.2488,16,0.342792272567749,0.0,0.009487181901931763,0.3522794544696808
312,0.2496,16,0.5226529836654663,0.0,0.010383878834545612,0.5330368876457214
313,0.2504,16,0.290833055973053,0.0,0.019836071878671646,0.3106691241264343
314,0.2512,16,0.22468265891075134,0.0,0.015439186245203018,0.24012184143066406
315,0.252,16,0.6273353099822998,0.0,0.02220522053539753,0.6495405435562134
316,0.2528,16,0.6675761938095093,0.0,0.008502738550305367,0.6760789155960083
317,0.2536,16,0.25211480259895325,0.0,0.029867032542824745,0.28198182582855225
318,0.2544,16,0.15089882910251617,0.0,0.03173225745558739,0.18263109028339386
319,0.2552,16,0.5150506496429443,0.0,0.00458613783121109,0.5196368098258972
320,0.256,16,0.17795228958129883,0.0,0.004915859084576368,0.18286815285682678
321,0.2568,16,0.5496426224708557,0.0,0.028140926733613014,0.5777835249900818
322,0.2576,16,0.23335227370262146,0.0,0.02123837359249592,0.2545906603336334
323,0.2584,16,0.21910196542739868,0.0,0.017185458913445473,0.2362874299287796
324,0.2592,16,0.48040056228637695,0.0,0.022202324122190475,0.5026028752326965
325,0.26,16,0.5459092855453491,0.0,0.01199745200574398,0.5579067468643188
326,0.2608,16,0.3067489266395569,0.0,0.01250491850078106,0.3192538321018219
327,0.2616,16,0.402241587638855,0.0,0.016357041895389557,0.41859862208366394
328,0.2624,16,0.2469116598367691,0.0,0.012299682013690472,0.25921133160591125
329,0.2632,16,0.14924827218055725,0.0,0.0009483880712650716,0.15019665658473969
330,0.264,16,0.26198530197143555,0.0,0.019570358097553253,0.2815556526184082
331,0.2648,16,0.29183658957481384,0.0,0.007162454538047314,0.29899904131889343
332,0.2656,16,0.569354236125946,0.0,0.008562658913433552,0.5779169201850891
333,0.2664,16,0.3192635178565979,0.0,0.009556425735354424,0.3288199305534363
334,0.2672,16,0.1351291537284851,0.0,0.00884176418185234,0.14397092163562775
335,0.268,16,0.11089801788330078,0.0,0.0052658142521977425,0.11616383492946625
336,0.2688,16,0.24439869821071625,0.0,0.00795481912791729,0.2523535192012787
337,0.2696,16,0.10068252682685852,0.0,0.0038705477491021156,0.10455307364463806
338,0.2704,16,0.2028156816959381,0.0,0.009888404048979282,0.21270409226417542
339,0.2712,16,0.3036346435546875,0.0,0.026435159146785736,0.33006981015205383
340,0.272,16,0.3092109262943268,0.0,0.009543746709823608,0.3187546730041504
341,0.2728,16,0.2714903950691223,0.0,0.02648613601922989,0.2979765236377716
342,0.2736,16,0.23311291635036469,0.0,0.005411222577095032,0.23852413892745972
343,0.2744,16,0.607641875743866,0.0,0.0886603593826294,0.6963022351264954
344,0.2752,16,0.3683568835258484,0.0,0.04185362160205841,0.4102104902267456
345,0.276,16,0.4250199794769287,0.0,0.02071978524327278,0.4457397758960724
346,0.2768,16,0.12220754474401474,0.0,0.008873865008354187,0.13108140230178833
347,0.2776,16,0.6243436932563782,0.0,0.005737005267292261,0.6300806999206543
348,0.2784,16,0.49932861328125,0.0,0.0141108687967062,0.5134394764900208
349,0.2792,16,0.09586717933416367,0.0,0.004052717238664627,0.09991990029811859
350,0.28,16,0.25423645973205566,0.0,0.07091746479272842,0.3251539170742035
351,0.2808,16,0.4742963910102844,0.0,0.0220436230301857,0.4963400065898895
352,0.2816,16,0.20931532979011536,0.0,0.01760850101709366,0.22692382335662842
353,0.2824,16,0.20180025696754456,0.0,0.01805749163031578,0.21985775232315063
354,0.2832,16,0.17236974835395813,0.0,0.012322040274739265,0.18469178676605225
355,0.284,16,0.18624597787857056,0.0,0.00796717219054699,0.1942131519317627
356,0.2848,16,0.23388493061065674,0.0,0.017725439742207527,0.2516103684902191
357,0.2856,16,0.3137187957763672,0.0,0.0032353103160858154,0.316954106092453
358,0.2864,16,0.4880310297012329,0.0,0.01649610325694084,0.5045271515846252
359,0.2872,16,0.11603084206581116,0.0,0.005132946651428938,0.12116378545761108
360,0.288,16,0.14922724664211273,0.0,0.0046242279931902885,0.1538514792919159
361,0.2888,16,0.2179134488105774,0.0,0.0026032477617263794,0.22051669657230377
362,0.2896,16,0.3458511233329773,0.0,0.014625807292759418,0.36047694087028503
363,0.2904,16,0.460021436214447,0.0,0.009180421009659767,0.46920186281204224
364,0.2912,16,0.233180969953537,0.0,0.019289609044790268,0.25247058272361755
365,0.292,16,0.19968926906585693,0.0,0.006344234570860863,0.20603349804878235
366,0.2928,16,0.16038596630096436,0.0,0.005232715047895908,0.1656186878681183
367,0.2936,16,0.2180926501750946,0.0,0.045442625880241394,0.2635352611541748
368,0.2944,16,0.11282005906105042,0.0,0.008281021378934383,0.12110108137130737
369,0.2952,16,0.3573714792728424,0.0,0.0329311341047287,0.3903025984764099
370,0.296,16,0.2794349491596222,0.0,0.021682610735297203,0.30111756920814514
371,0.2968,16,0.5197514295578003,0.0,0.018467074260115623,0.5382184982299805
372,0.2976,16,0.2451358288526535,0.0,0.0049872975796461105,0.25012311339378357
373,0.2984,16,0.5202730894088745,0.0,0.00853501632809639,0.5288081169128418
374,0.2992,16,0.15699966251850128,0.0,0.0027984301559627056,0.15979808568954468
375,0.3,16,0.13172639906406403,0.0,0.006399160251021385,0.13812555372714996
376,0.3008,16,0.17975208163261414,0.0,0.005039758048951626,0.18479183316230774
377,0.3016,16,0.2775126099586487,0.0,0.00908477883785963,0.2865974009037018
378,0.3024,16,0.22103385627269745,0.0,0.018197666853666306,0.23923152685165405
379,0.3032,16,0.19522380828857422,0.0,0.015106510370969772,0.2103303223848343
380,0.304,16,0.1797773838043213,0.0,0.01437491923570633,0.19415229558944702
381,0.3048,16,0.14131048321723938,0.0,0.03068649396300316,0.17199698090553284
382,0.3056,16,0.14822985231876373,0.0,0.009734520688652992,0.15796437859535217
383,0.3064,16,0.417316198348999,0.0,0.006762796547263861,0.4240790009498596
384,0.3072,16,0.08199089765548706,0.0,0.0024917314294725657,0.08448263257741928
385,0.308,16,0.11843778938055038,0.0,0.003802675288170576,0.12224046140909195
386,0.3088,16,0.5976405143737793,0.0,0.014349238947033882,0.6119897365570068
387,0.3096,16,0.33411163091659546,0.0,0.04096680134534836,0.3750784397125244
388,0.3104,16,0.2796790301799774,0.0,0.0014913473278284073,0.2811703681945801
389,0.3112,16,0.4888342022895813,0.0,0.009471626952290535,0.4983058273792267
390,0.312,16,0.6122435331344604,0.0,0.044314250349998474,0.6565577983856201
391,0.3128,16,0.23559893667697906,0.0,0.009416038170456886,0.2450149804353714
392,0.3136,16,0.25113266706466675,0.0,0.0036296008620411158,0.2547622621059418
393,0.3144,16,0.1732572615146637,0.0,0.00661673815920949,0.1798740029335022
394,0.3152,16,0.33247891068458557,0.0,0.03270276263356209,0.36518168449401855
395,0.316,16,0.2521803677082062,0.0,0.0088445283472538,0.2610248923301697
396,0.3168,16,0.30568256974220276,0.0,0.01959923468530178,0.3252817988395691
397,0.3176,16,0.12830646336078644,0.0,0.008514562621712685,0.13682103157043457
398,0.3184,16,0.18404173851013184,0.0,0.0036011296324431896,0.1876428723335266
399,0.3192,16,0.3669898509979248,0.0,0.005414174869656563,0.3724040389060974
400,0.32,16,0.15316987037658691,0.0,0.00356146227568388,0.15673133730888367
401,0.3208,16,0.1885135918855667,0.0,0.0022147062700241804,0.1907282918691635
402,0.3216,16,0.11780301481485367,0.0,0.009305492974817753,0.12710851430892944
403,0.3224,16,0.4241223931312561,0.0,0.006184913218021393,0.4303072988986969
404,0.3232,16,0.15701062977313995,0.0,0.006042486056685448,0.16305311024188995
405,0.324,16,0.37401965260505676,0.0,0.015739936381578445,0.3897596001625061
406,0.3248,16,0.2750149965286255,0.0,0.005932623520493507,0.28094762563705444
407,0.3256,16,0.6370019912719727,0.0,0.019121700897812843,0.656123697757721
408,0.3264,16,0.32739660143852234,0.0,0.015744715929031372,0.3431413173675537
409,0.3272,16,0.31256401538848877,0.0,0.008142437785863876,0.32070645689964294
410,0.328,16,0.4295259118080139,0.0,0.006629254203289747,0.43615517020225525
411,0.3288,16,0.48432135581970215,0.0,0.01152396947145462,0.49584531784057617
412,0.3296,16,0.08468563854694366,0.0,0.01662500947713852,0.10131064802408218
413,0.3304,16,0.3491537570953369,0.0,0.010389948263764381,0.35954371094703674
414,0.3312,16,0.11148056387901306,0.0,0.013767245225608349,0.1252478063106537
415,0.332,16,0.4261300265789032,0.0,0.003793933428823948,0.429923951625824
416,0.3328,16,0.39182889461517334,0.0,0.01855822093784809,0.4103871285915375
417,0.3336,16,0.2417820394039154,0.0,0.02696773037314415,0.26874977350234985
418,0.3344,16,0.1237066388130188,0.0,0.006089732050895691,0.1297963708639145
419,0.3352,16,0.4725937247276306,0.0,0.011984273791313171,0.484578013420105
420,0.336,16,0.14007052779197693,0.0,0.005019816569983959,0.14509034156799316
421,0.3368,16,0.7472587823867798,0.0,0.0230952687561512,0.7703540325164795
422,0.3376,16,0.14176636934280396,0.0,0.00667315861210227,0.14843952655792236
423,0.3384,16,0.2764948606491089,0.0,0.009223252534866333,0.2857181131839752
424,0.3392,16,0.2578503489494324,0.0,0.004767909646034241,0.2626182436943054
425,0.34,16,0.5447297096252441,0.0,0.005411274265497923,0.5501409769058228
426,0.3408,16,0.2110375165939331,0.0,0.002734414767473936,0.21377192437648773
427,0.3416,16,0.142042338848114,0.0,0.006588536314666271,0.14863087236881256
428,0.3424,16,0.2675924301147461,0.0,0.009952982887625694,0.27754542231559753
429,0.3432,16,0.17911028861999512,0.0,0.0060844141989946365,0.1851947009563446
430,0.344,16,0.2244267761707306,0.0,0.010858133435249329,0.23528490960597992
431,0.3448,16,0.17158231139183044,0.0,0.002609602175652981,0.1741919070482254
432,0.3456,16,0.37779951095581055,0.0,0.01211809366941452,0.38991761207580566
433,0.3464,16,0.18234840035438538,0.0,0.014939703047275543,0.19728809595108032
434,0.3472,16,0.1796855628490448,0.0,0.008919383399188519,0.1886049509048462
435,0.348,16,0.0491083487868309,0.0,0.002340238308534026,0.05144858732819557
436,0.3488,16,0.12064891308546066,0.0,0.013703813776373863,0.13435272872447968
437,0.3496,16,0.43882760405540466,0.0,0.015400509350001812,0.45422810316085815
438,0.3504,16,0.07900834083557129,0.0,0.015654396265745163,0.09466274082660675
439,0.3512,16,0.19860947132110596,0.0,0.024693705141544342,0.2233031690120697
440,0.352,16,0.08626721799373627,0.0,0.02161884680390358,0.10788606107234955
441,0.3528,16,0.2757887542247772,0.0,0.01230501290410757,0.28809377551078796
442,0.3536,16,0.15849396586418152,0.0,0.0064369384199380875,0.16493090987205505
443,0.3544,16,0.03426365554332733,0.0,0.0026420895010232925,0.036905743181705475
444,0.3552,16,0.5188829302787781,0.0,0.015350311994552612,0.5342332124710083
445,0.356,16,0.4140450060367584,0.0,0.027419546619057655,0.44146454334259033
446,0.3568,16,0.21675145626068115,0.0,0.015976998955011368,0.23272845149040222
447,0.3576,16,0.261849582195282,0.0,0.02494351752102375,0.2867931127548218
448,0.3584,16,0.7654497623443604,0.0,0.06781411916017532,0.8332638740539551
449,0.3592,16,0.3087846338748932,0.0,0.028506170958280563,0.33729079365730286
450,0.36,16,0.12862594425678253,0.0,0.010747862979769707,0.1393738090991974
451,0.3608,16,0.048588015139102936,0.0,0.0009425074094906449,0.0495305210351944
452,0.3616,16,0.2454087734222412,0.0,0.0019261344568803906,0.24733491241931915
453,0.3624,16,0.8984900712966919,0.0,0.014845240861177444,0.9133353233337402
454,0.3632,16,0.19456401467323303,0.0,0.00894966721534729,0.20351368188858032
455,0.364,16,0.2483457326889038,0.0,0.01638026162981987,0.2647259831428528
456,0.3648,16,0.1436060220003128,0.0,0.008402925916016102,0.15200895071029663
457,0.3656,16,0.4726005792617798,0.0,0.0025536050088703632,0.47515419125556946
458,0.3664,16,0.2043311595916748,0.0,0.012023760005831718,0.21635492146015167
459,0.3672,16,0.1877208948135376,0.0,0.015788573771715164,0.20350946485996246
460,0.368,16,0.15530985593795776,0.0,0.006437159143388271,0.161747008562088
461,0.3688,16,0.7836471796035767,0.0,0.0304960235953331,0.814143180847168
462,0.3696,16,0.4064757525920868,0.0,0.012028111144900322,0.41850385069847107
463,0.3704,16,0.3312816023826599,0.0,0.01230532955378294,0.34358692169189453
464,0.3712,16,0.367703378200531,0.0,0.0073567526414990425,0.37506014108657837
465,0.372,16,0.400939017534256,0.0,0.0060335020534694195,0.4069725275039673
466,0.3728,16,0.25947582721710205,0.0,0.00764529500156641,0.2671211361885071
467,0.3736,16,0.11698427051305771,0.0,0.002131799701601267,0.11911606788635254
468,0.3744,16,0.3606403172016144,0.0,0.017539814114570618,0.3781801462173462
469,0.3752,16,0.3579403758049011,0.0,0.008508123457431793,0.3664484918117523
470,0.376,16,0.5849931240081787,0.0,0.005701813381165266,0.5906949639320374
471,0.3768,16,0.4121052324771881,0.0,0.014379394240677357,0.426484614610672
472,0.3776,16,0.2823500633239746,0.0,0.01892842724919319,0.3012785017490387
473,0.3784,16,0.2113727331161499,0.0,0.01427249051630497,0.22564522922039032
474,0.3792,16,0.4518178105354309,0.0,0.006300278939306736,0.4581180810928345
475,0.38,16,0.2974753975868225,0.0,0.0041343094781041145,0.30160969495773315
476,0.3808,16,0.5103204846382141,0.0,0.003092819359153509,0.5134133100509644
477,0.3816,16,0.4887242913246155,0.0,0.00959561113268137,0.4983198940753937
478,0.3824,16,0.09371887147426605,0.0,0.007168343290686607,0.10088721662759781
479,0.3832,16,0.1787358671426773,0.0,0.006753965280950069,0.18548983335494995
480,0.384,16,0.433307409286499,0.0,0.026536589488387108,0.4598439931869507
481,0.3848,16,0.14330390095710754,0.0,0.005806592293083668,0.14911049604415894
482,0.3856,16,0.1520070731639862,0.0,0.005378913599997759,0.15738599002361298
483,0.3864,16,0.3069779872894287,0.0,0.009191196411848068,0.3161691725254059
484,0.3872,16,0.14225026965141296,0.0,0.006886726710945368,0.1491369903087616
485,0.388,16,0.3210380971431732,0.0,0.019332371652126312,0.3403704762458801
486,0.3888,16,0.30117279291152954,0.0,0.008206827566027641,0.30937960743904114
487,0.3896,16,0.19059059023857117,0.0,0.004189562052488327,0.1947801560163498
488,0.3904,16,0.3413582742214203,0.0,0.023200077936053276,0.3645583391189575
489,0.3912,16,0.2180868238210678,0.0,0.012347502633929253,0.2304343283176422
490,0.392,16,0.1704833209514618,0.0,0.009783837012946606,0.18026715517044067
491,0.3928,16,0.4186585247516632,0.0,0.02684144675731659,0.4454999566078186
492,0.3936,16,0.3484705090522766,0.0,0.012678861618041992,0.3611493706703186
493,0.3944,16,0.34354403614997864,0.0,0.02073541097342968,0.36427944898605347
494,0.3952,16,0.12800143659114838,0.0,0.0031940448097884655,0.13119548559188843
495,0.396,16,0.5118339657783508,0.0,0.027931073680520058,0.5397650599479675
496,0.3968,16,0.1660294234752655,0.0,0.0058743916451931,0.1719038188457489
497,0.3976,16,0.2146274745464325,0.0,0.012243594974279404,0.2268710732460022
498,0.3984,16,0.19589337706565857,0.0,0.006380846258252859,0.20227421820163727
499,0.3992,16,0.19342917203903198,0.0,0.008749289438128471,0.2021784633398056
500,0.4,16,0.3157259523868561,0.0,0.005767350550740957,0.3214932978153229
501,0.4008,16,0.44379714131355286,0.0,0.02506183460354805,0.4688589870929718
502,0.4016,16,0.17512425780296326,0.0,0.0063360510393977165,0.18146030604839325
503,0.4024,16,0.22328759729862213,0.0,0.004212436266243458,0.2275000363588333
504,0.4032,16,0.29466938972473145,0.0,0.014038331806659698,0.30870771408081055
505,0.404,16,0.36151352524757385,0.0,0.0060623083263635635,0.36757582426071167
506,0.4048,16,0.31578701734542847,0.0,0.020374823361635208,0.33616185188293457
507,0.4056,16,0.26133763790130615,0.0,0.0038682937156409025,0.26520591974258423
508,0.4064,16,0.25538206100463867,0.0,0.024865273386240005,0.2802473306655884
509,0.4072,16,0.3560711443424225,0.0,0.005914635956287384,0.3619857728481293
510,0.408,16,0.40928250551223755,0.0,0.01161511056125164,0.42089760303497314
511,0.4088,16,0.25124692916870117,0.0,0.015249179676175117,0.26649612188339233
512,0.4096,16,0.10971537232398987,0.0,0.008041144348680973,0.11775651574134827
513,0.4104,16,0.22479009628295898,0.0,0.0033907690085470676,0.2281808704137802
514,0.4112,16,0.15778177976608276,0.0,0.025100193917751312,0.18288198113441467
515,0.412,16,0.1643785983324051,0.0,0.006185901816934347,0.17056450247764587
516,0.4128,16,0.2706030011177063,0.0,0.01120378915220499,0.2818067967891693
517,0.4136,16,0.3471261262893677,0.0,0.007932320237159729,0.3550584316253662
518,0.4144,16,0.7991576194763184,0.0,0.010255634784698486,0.8094132542610168
519,0.4152,16,0.2840254306793213,0.0,0.0062343827448785305,0.29025980830192566
520,0.416,16,0.38578733801841736,0.0,0.019862115383148193,0.40564945340156555
521,0.4168,16,0.22976240515708923,0.0,0.007867011241614819,0.23762941360473633
522,0.4176,16,0.32781070470809937,0.0,0.002525213174521923,0.33033591508865356
523,0.4184,16,0.10236332565546036,0.0,0.007241704035550356,0.10960502922534943
524,0.4192,16,0.09237268567085266,0.0,0.006888503208756447,0.09926118701696396
525,0.42,16,0.13042044639587402,0.0,0.014311851933598518,0.1447322964668274
526,0.4208,16,0.19177258014678955,0.0,0.027813849970698357,0.21958643198013306
527,0.4216,16,0.06802380084991455,0.0,0.0038534412160515785,0.07187724113464355
528,0.4224,16,0.15402501821517944,0.0,0.002499490510672331,0.15652450919151306
529,0.4232,16,0.05093197524547577,0.0,0.003979566507041454,0.0549115426838398
530,0.424,16,0.13899219036102295,0.0,0.011547619476914406,0.1505398154258728
531,0.4248,16,0.12073050439357758,0.0,0.0028385864570736885,0.12356909364461899
532,0.4256,16,0.11544870585203171,0.0,0.010372674092650414,0.12582138180732727
533,0.4264,16,0.27883052825927734,0.0,0.018235307186841965,0.2970658242702484
534,0.4272,16,0.48826831579208374,0.0,0.06345906108617783,0.5517273545265198
535,0.428,16,0.2618286609649658,0.0,0.015582634136080742,0.2774112820625305
536,0.4288,16,0.019291672855615616,0.0,0.00283896760083735,0.022130640223622322
537,0.4296,16,0.5404132604598999,0.0,0.0035428039263933897,0.5439560413360596
538,0.4304,16,0.06765294075012207,0.0,0.015430277213454247,0.08308321982622147
539,0.4312,16,0.35625869035720825,0.0,0.03463849797844887,0.3908971846103668
540,0.432,16,0.7023345232009888,0.0,0.007050921209156513,0.7093854546546936
541,0.4328,16,0.25468599796295166,0.0,0.0038338128942996264,0.2585197985172272
542,0.4336,16,0.09439784288406372,0.0,0.009834490716457367,0.10423233360052109
543,0.4344,16,0.10332177579402924,0.0,0.03356609493494034,0.13688787817955017
544,0.4352,16,0.31052130460739136,0.0,0.05989290028810501,0.37041419744491577
545,0.436,16,0.05450495332479477,0.0,0.007211341988295317,0.06171629577875137
546,0.4368,16,0.0990600436925888,0.0,0.004243507981300354,0.10330355167388916
547,0.4376,16,0.603247880935669,0.0,0.05167582258582115,0.654923677444458
548,0.4384,16,0.406710147857666,0.0,0.013672148808836937,0.4203822910785675
549,0.4392,16,0.6641241312026978,0.0,0.010125283151865005,0.6742494106292725
550,0.44,16,0.8297072649002075,0.0,0.007216868456453085,0.836924135684967
551,0.4408,16,0.2917824983596802,0.0,0.006036807782948017,0.2978193163871765
552,0.4416,16,0.5614941716194153,0.0,0.0199960395693779,0.5814902186393738
553,0.4424,16,0.18902534246444702,0.0,0.03786115348339081,0.22688649594783783
554,0.4432,16,0.1794050931930542,0.0,0.020532779395580292,0.1999378800392151
555,0.444,16,0.21294978260993958,0.0,0.02341315895318985,0.23636293411254883
556,0.4448,16,0.22818082571029663,0.0,0.015855463221669197,0.24403628706932068
557,0.4456,16,0.3015315532684326,0.0,0.016280442476272583,0.3178119957447052
558,0.4464,16,0.1827656626701355,0.0,0.026714175939559937,0.20947983860969543
559,0.4472,16,0.2624575197696686,0.0,0.010824963450431824,0.2732824683189392
560,0.448,16,0.310636043548584,0.0,0.0067452737130224705,0.3173813223838806
561,0.4488,16,0.19499920308589935,0.0,0.012829380109906197,0.2078285813331604
562,0.4496,16,0.08015437424182892,0.0,0.007621260359883308,0.08777563273906708
563,0.4504,16,0.1760239601135254,0.0,0.009640103206038475,0.18566405773162842
564,0.4512,16,0.4828038811683655,0.0,0.01911940798163414,0.5019232630729675
565,0.452,16,0.15486925840377808,0.0,0.006960781291127205,0.16183003783226013
566,0.4528,16,0.1153276339173317,0.0,0.028148673474788666,0.14347630739212036
567,0.4536,16,0.22656700015068054,0.0,0.012456366792321205,0.2390233725309372
568,0.4544,16,0.2097560167312622,0.0,0.004493020474910736,0.21424904465675354
569,0.4552,16,0.0559723824262619,0.0,0.002800453919917345,0.05877283588051796
570,0.456,16,0.05703548341989517,0.0,0.004598509520292282,0.061633992940187454
571,0.4568,16,0.35112085938453674,0.0,0.029122114181518555,0.3802429735660553
572,0.4576,16,0.1074816882610321,0.0,0.007568529807031155,0.11505021899938583
573,0.4584,16,0.6602674722671509,0.0,0.009286974556744099,0.6695544719696045
574,0.4592,16,0.427200585603714,0.0,0.004780121613293886,0.431980699300766
575,0.46,16,0.23163913190364838,0.0,0.0019491619896143675,0.2335882931947708
576,0.4608,16,0.42921870946884155,0.0,0.0030552323441952467,0.4322739541530609
577,0.4616,16,0.46068987250328064,0.0,0.013786958530545235,0.4744768440723419
578,0.4624,16,0.5127148628234863,0.0,0.0074571240693330765,0.5201719999313354
579,0.4632,16,0.5712920427322388,0.0,0.04768722504377365,0.618979275226593
580,0.464,16,0.0786333680152893,0.0,0.013586772605776787,0.09222014248371124
581,0.4648,16,0.6443598866462708,0.0,0.003151672426611185,0.6475115418434143
582,0.4656,16,0.7252933979034424,0.0,0.0107139702886343,0.7360073924064636
583,0.4664,16,0.23741008341312408,0.0,0.012697071768343449,0.25010716915130615
584,0.4672,16,0.2510645091533661,0.0,0.012446021661162376,0.263510525226593
585,0.468,16,0.13287289440631866,0.0,0.004008406773209572,0.13688130676746368
586,0.4688,16,0.3140673041343689,0.0,0.003544284962117672,0.31761157512664795
587,0.4696,16,0.35481613874435425,0.0,0.002376079559326172,0.3571922183036804
588,0.4704,16,0.2828415632247925,0.0,0.017163516953587532,0.30000507831573486
589,0.4712,16,0.08535739779472351,0.0,0.008770524524152279,0.09412792325019836
590,0.472,16,0.3320438265800476,0.0,0.011876778677105904,0.34392061829566956
591,0.4728,16,0.0899706557393074,0.0,0.0058537619188427925,0.09582442045211792
592,0.4736,16,0.14689435064792633,0.0,0.012705791741609573,0.1596001386642456
593,0.4744,16,0.16931509971618652,0.0,0.012075088918209076,0.1813901960849762
594,0.4752,16,0.21544522047042847,0.0,0.013486085459589958,0.22893130779266357
595,0.476,16,0.6222921013832092,0.0,0.01583854854106903,0.6381306648254395
596,0.4768,16,0.2935199737548828,0.0,0.043816376477479935,0.33733636140823364
597,0.4776,16,0.07670076936483383,0.0,0.013657178729772568,0.0903579443693161
598,0.4784,16,0.18525314331054688,0.0,0.0037274344358593225,0.1889805793762207
599,0.4792,16,0.39578497409820557,0.0,0.03273230418562889,0.42851728200912476
600,0.48,16,0.26148390769958496,0.0,0.03547152131795883,0.2969554364681244
601,0.4808,16,0.25551679730415344,0.0,0.0255197174847126,0.28103652596473694
602,0.4816,16,0.33355337381362915,0.0,0.016468200832605362,0.3500215709209442
603,0.4824,16,0.1917342096567154,0.0,0.010599915869534016,0.20233412086963654
604,0.4832,16,0.19879361987113953,0.0,0.0075772227719426155,0.20637084543704987
605,0.484,16,0.36881160736083984,0.0,0.01750391721725464,0.3863155245780945
606,0.4848,16,0.17215561866760254,0.0,0.09132599085569382,0.26348161697387695
607,0.4856,16,0.20345601439476013,0.0,0.004166873637586832,0.20762288570404053
608,0.4864,16,0.14025607705116272,0.0,0.0075020864605903625,0.14775815606117249
609,0.4872,16,0.2528765797615051,0.0,0.036469340324401855,0.289345920085907
610,0.488,16,0.08127500116825104,0.0,0.012413068674504757,0.09368807077407837
611,0.4888,16,0.05628250911831856,0.0,0.004668260924518108,0.06095077097415924
612,0.4896,16,0.11669191718101501,0.0,0.009650399908423424,0.126342311501503
613,0.4904,16,0.26602333784103394,0.0,0.048380084335803986,0.3144034147262573
614,0.4912,16,0.42151057720184326,0.0,0.007966584526002407,0.42947715520858765
615,0.492,16,0.07523941993713379,0.0,0.00606605364009738,0.08130547404289246
616,0.4928,16,0.7263256311416626,0.0,0.009367167949676514,0.7356927990913391
617,0.4936,16,0.5054495334625244,0.0,0.005850929766893387,0.5113004446029663
618,0.4944,16,0.30211925506591797,0.0,0.0008564703166484833,0.30297571420669556
619,0.4952,16,0.22732827067375183,0.0,0.006182386539876461,0.23351065814495087
620,0.496,16,0.15368437767028809,0.0,0.019751079380512238,0.17343544960021973
621,0.4968,16,0.44891369342803955,0.0,0.026296257972717285,0.47520995140075684
622,0.4976,16,0.1789560616016388,0.0,0.005289163906127214,0.18424522876739502
623,0.4984,16,0.16357645392417908,0.0,0.011252929456532001,0.1748293787240982
624,0.4992,16,0.1621248573064804,0.0,0.046861451119184494,0.2089863121509552
625,0.5,16,0.29218578338623047,0.0,0.008452219888567924,0.30063799023628235
626,0.5008,16,0.19290339946746826,0.0,0.007127129007130861,0.20003053545951843
627,0.5016,16,0.24724172055721283,0.0,0.0012770772445946932,0.24851879477500916
628,0.5024,16,0.5410352349281311,0.0,0.013077991083264351,0.5541132092475891
629,0.5032,16,0.2009979486465454,0.0,0.011580034159123898,0.21257798373699188
630,0.504,16,0.3886479139328003,0.0,0.018555331975221634,0.4072032570838928
631,0.5048,16,0.16944745182991028,0.0,0.01252226997166872,0.18196971714496613
632,0.5056,16,0.36523735523223877,0.0,0.0023051388561725616,0.3675425052642822
633,0.5064,16,0.5063419938087463,0.0,0.007842564955353737,0.5141845345497131
634,0.5072,16,0.3652462065219879,0.0,0.006831923499703407,0.3720781207084656
635,0.508,16,0.2060023844242096,0.0,0.006698844023048878,0.2127012312412262
636,0.5088,16,0.16660431027412415,0.0,0.006190747953951359,0.17279505729675293
637,0.5096,16,0.47553354501724243,0.0,0.022606905549764633,0.49814045429229736
638,0.5104,16,0.23388703167438507,0.0,0.014927059412002563,0.24881409108638763
639,0.5112,16,0.38014018535614014,0.0,0.0047233328223228455,0.3848635256290436
640,0.512,16,0.10734722018241882,0.0,0.01154660526663065,0.1188938245177269
641,0.5128,16,0.11790157854557037,0.0,0.007555268704891205,0.12545683979988098
642,0.5136,16,0.18198467791080475,0.0,0.005103803239762783,0.1870884746313095
643,0.5144,16,0.054195553064346313,0.0,0.0035511404275894165,0.05774669349193573
644,0.5152,16,0.07344386726617813,0.0,0.00803162157535553,0.08147548884153366
645,0.516,16,0.1835496425628662,0.0,0.01167084276676178,0.195220485329628
646,0.5168,16,0.7232285737991333,0.0,0.009119382128119469,0.7323479652404785
647,0.5176,16,0.18344977498054504,0.0,0.002792628714814782,0.18624240159988403
648,0.5184,16,0.16321255266666412,0.0,0.017752110958099365,0.1809646636247635
649,0.5192,16,0.21056056022644043,0.0,0.002763147931545973,0.213323712348938
650,0.52,16,0.1836164891719818,0.0,0.012236954644322395,0.19585344195365906
651,0.5208,16,0.20247608423233032,0.0,0.023885831236839294,0.22636191546916962
652,0.5216,16,0.5395277738571167,0.0,0.006703762337565422,0.5462315082550049
653,0.5224,16,0.34237778186798096,0.0,0.010875207372009754,0.35325297713279724
654,0.5232,16,0.5368000268936157,0.0,0.015888141468167305,0.5526881814002991
655,0.524,16,0.5884784460067749,0.0,0.021511904895305634,0.6099903583526611
656,0.5248,16,0.4979889392852783,0.0,0.012452181428670883,0.5104411244392395
657,0.5256,16,0.5456276535987854,0.0,0.015942811965942383,0.5615704655647278
658,0.5264,16,0.21761469542980194,0.0,0.0049039931036531925,0.2225186824798584
659,0.5272,16,0.1709669679403305,0.0,0.004883561283349991,0.1758505254983902
660,0.528,16,0.11414676904678345,0.0,0.013579594902694225,0.12772636115550995
661,0.5288,16,0.2984822392463684,0.0,0.002543362323194742,0.3010255992412567
662,0.5296,16,0.22624675929546356,0.0,0.017369616776704788,0.24361637234687805
663,0.5304,16,0.19105766713619232,0.0,0.0012428259942680597,0.19230049848556519
664,0.5312,16,0.3148329257965088,0.0,0.002336392877623439,0.31716930866241455
665,0.532,16,0.2450764775276184,0.0,0.007696120999753475,0.25277259945869446
666,0.5328,16,0.21033050119876862,0.0,0.007216388359665871,0.21754689514636993
667,0.5336,16,0.18012024462223053,0.0,0.008055293932557106,0.18817554414272308
668,0.5344,16,0.27755820751190186,0.0,0.008886548690497875,0.286444753408432
669,0.5352,16,0.3303685188293457,0.0,0.0074856881983578205,0.33785420656204224
670,0.536,16,0.13932590186595917,0.0,0.03168131411075592,0.1710072159767151
671,0.5368,16,0.4402807950973511,0.0,0.026138052344322205,0.4664188623428345
672,0.5376,16,0.24668070673942566,0.0,0.005856241099536419,0.25253695249557495
673,0.5384,16,0.26204073429107666,0.0,0.007043518126010895,0.26908424496650696
674,0.5392,16,0.14001965522766113,0.0,0.002375253476202488,0.14239491522312164
675,0.54,16,0.22782546281814575,0.0,0.0028503225184977055,0.23067578673362732
676,0.5408,16,0.26676511764526367,0.0,0.00910212378948927,0.2758672535419464
677,0.5416,16,0.20361435413360596,0.0,0.022165440022945404,0.22577980160713196
678,0.5424,16,0.21893440186977386,0.0,0.00841643288731575,0.22735083103179932
679,0.5432,16,0.27584701776504517,0.0,0.012965300120413303,0.2888123095035553
680,0.544,16,0.16933999955654144,0.0,0.01563655585050583,0.18497654795646667
681,0.5448,16,0.2630072832107544,0.0,0.002958891214802861,0.26596617698669434
682,0.5456,16,0.4428536295890808,0.0,0.0032081017270684242,0.44606173038482666
683,0.5464,16,0.22016674280166626,0.0,0.014146053232252598,0.23431280255317688
684,0.5472,16,0.5555616617202759,0.0,0.006545058451592922,0.562106728553772
685,0.548,16,0.372503399848938,0.0,0.014127344824373722,0.38663074374198914
686,0.5488,16,0.16391311585903168,0.0,0.02443709596991539,0.18835021555423737
687,0.5496,16,0.2748456597328186,0.0,0.0064857834950089455,0.28133144974708557
688,0.5504,16,0.14014273881912231,0.0,0.007051018998026848,0.1471937596797943
689,0.5512,16,0.09473393112421036,0.0,0.007323804311454296,0.10205773264169693
690,0.552,16,0.35626280307769775,0.0,0.005235751159489155,0.36149856448173523
691,0.5528,16,0.15342038869857788,0.0,0.005232426803559065,0.15865281224250793
692,0.5536,16,0.171060249209404,0.0,0.01911056414246559,0.19017080962657928
693,0.5544,16,0.13284488022327423,0.0,0.005474737845361233,0.13831961154937744
694,0.5552,16,0.28528743982315063,0.0,0.04389366880059242,0.32918110489845276
695,0.556,16,0.2660950720310211,0.0,0.005079648923128843,0.27117472887039185
696,0.5568,16,0.09975047409534454,0.0,0.012206695042550564,0.11195717006921768
697,0.5576,16,0.0680902749300003,0.0,0.010743637569248676,0.0788339152932167
698,0.5584,16,0.21762193739414215,0.0,0.008410608395934105,0.2260325402021408
699,0.5592,16,0.1771957129240036,0.0,0.0047458140179514885,0.18194152414798737
700,0.56,16,0.09881207346916199,0.0,0.0017402964876964688,0.10055237263441086
701,0.5608,16,0.5688021183013916,0.0,0.0040238467045128345,0.5728259682655334
702,0.5616,16,0.3479577898979187,0.0,0.009563485160470009,0.35752126574516296
703,0.5624,16,0.38135531544685364,0.0,0.0043396842665970325,0.3856950104236603
704,0.5632,16,0.21863090991973877,0.0,0.007113179191946983,0.2257440835237503
705,0.564,16,0.3297010362148285,0.0,0.004510190337896347,0.33421123027801514
706,0.5648,16,0.14191985130310059,0.0,0.0072784749791026115,0.14919832348823547
707,0.5656,16,0.5271943807601929,0.0,0.008343726396560669,0.5355380773544312
708,0.5664,16,0.159878209233284,0.0,0.01919412426650524,0.1790723353624344
709,0.5672,16,0.19032716751098633,0.0,0.012412752956151962,0.2027399241924286
710,0.568,16,0.326271653175354,0.0,0.037136539816856384,0.3634082078933716
711,0.5688,16,0.1419295221567154,0.0,0.023025594651699066,0.16495510935783386
712,0.5696,16,0.11994367837905884,0.0,0.022482488304376602,0.14242616295814514
713,0.5704,16,0.42808353900909424,0.0,0.007374368607997894,0.43545791506767273
714,0.5712,16,0.3660633862018585,0.0,0.0017683159094303846,0.3678317070007324
715,0.572,16,0.23616698384284973,0.0,0.010028906166553497,0.24619588255882263
716,0.5728,16,0.09470226615667343,0.0,0.00815861951559782,0.10286088287830353
717,0.5736,16,0.22804999351501465,0.0,0.004914427176117897,0.232964426279068
718,0.5744,16,0.49466580152511597,0.0,0.0044154878705739975,0.4990812838077545
719,0.5752,16,0.39465105533599854,0.0,0.005948194302618504,0.40059924125671387
720,0.576,16,0.15867643058300018,0.0,0.0016170573653653264,0.16029348969459534
721,0.5768,16,0.17491832375526428,0.0,0.0035539804957807064,0.17847231030464172
722,0.5776,16,0.4578300416469574,0.0,0.002690837485715747,0.4605208933353424
723,0.5784,16,0.14978182315826416,0.0,0.003205792512744665,0.15298761427402496
724,0.5792,16,0.3383280336856842,0.0,0.0012439634883776307,0.3395719826221466
725,0.58,16,0.2384341061115265,0.0,0.014364268630743027,0.2527983784675598
726,0.5808,16,0.2049224078655243,0.0,0.008339783176779747,0.2132621854543686
727,0.5816,16,0.6290191411972046,0.0,0.005013349931687117,0.6340324878692627
728,0.5824,16,0.17756150662899017,0.0,0.00751438457518816,0.18507589399814606
729,0.5832,16,0.13850417733192444,0.0,0.0026713681872934103,0.1411755383014679
730,0.584,16,0.11885882914066315,0.0,0.008331287652254105,0.12719011306762695
731,0.5848,16,0.21780192852020264,0.0,0.026526208966970444,0.24432814121246338
732,0.5856,16,0.3319185674190521,0.0,0.004266130737960339,0.33618471026420593
733,0.5864,16,0.06131894513964653,0.0,0.005597064271569252,0.06691601127386093
734,0.5872,16,0.43051695823669434,0.0,0.01962747983634472,0.4501444399356842
735,0.588,16,0.1738654524087906,0.0,0.010620254091918468,0.18448570370674133
736,0.5888,16,0.2169429212808609,0.0,0.007097090128809214,0.22404001653194427
737,0.5896,16,0.07721098512411118,0.0,0.0032077105715870857,0.08041869848966599
738,0.5904,16,0.15466749668121338,0.0,0.005038677714765072,0.15970617532730103
739,0.5912,16,0.14037591218948364,0.0,0.01037225779145956,0.15074816346168518
740,0.592,16,0.3091924786567688,0.0,0.01088654063642025,0.3200790286064148
741,0.5928,16,0.2110109031200409,0.0,0.015537476167082787,0.22654837369918823
742,0.5936,16,0.14119012653827667,0.0,0.0021585822105407715,0.14334870874881744
743,0.5944,16,0.2503804564476013,0.0,0.0698147714138031,0.3201952278614044
744,0.5952,16,0.01669001579284668,0.0,0.00042780287913046777,0.0171178188174963
745,0.596,16,0.32636213302612305,0.0,0.03383709490299225,0.3601992130279541
746,0.5968,16,0.5032328367233276,0.0,0.0011137912515550852,0.5043466091156006
747,0.5976,16,0.4907909631729126,0.0,0.006248903926461935,0.4970398545265198
748,0.5984,16,0.1010785847902298,0.0,0.032004233449697495,0.1330828219652176
749,0.5992,16,0.3284471035003662,0.0,0.02230053022503853,0.35074764490127563
750,0.6,16,0.9422805309295654,0.0,0.023912882432341576,0.966193437576294
751,0.6008,16,0.18709677457809448,0.0,0.004519687034189701,0.1916164606809616
752,0.6016,16,0.26366499066352844,0.0,0.004069269634783268,0.26773425936698914
753,0.6024,16,0.24114017188549042,0.0,0.016215624287724495,0.25735580921173096
754,0.6032,16,0.13305267691612244,0.0,0.01057419553399086,0.143626868724823
755,0.604,16,0.3816198706626892,0.0,0.010209251195192337,0.39182913303375244
756,0.6048,16,0.13216641545295715,0.0,0.0035171762574464083,0.1356835961341858
757,0.6056,16,0.35742074251174927,0.0,0.0030772401951253414,0.36049798130989075
758,0.6064,16,0.18460731208324432,0.0,0.005614415276795626,0.19022172689437866
759,0.6072,16,0.1289823055267334,0.0,0.002577937673777342,0.13156023621559143
760,0.608,16,0.06894068419933319,0.0,0.005139690823853016,0.07408037781715393
761,0.6088,16,0.3717317283153534,0.0,0.015150639228522778,0.38688236474990845
762,0.6096,16,0.2576858103275299,0.0,0.016489768400788307,0.27417558431625366
763,0.6104,16,0.0977720096707344,0.0,0.0024617265444248915,0.10023373365402222
764,0.6112,16,0.1045474261045456,0.0,0.00735169742256403,0.11189912259578705
765,0.612,16,0.03472582995891571,0.0,0.0021081159356981516,0.03683394566178322
766,0.6128,16,0.24212852120399475,0.0,0.01957673765718937,0.2617052495479584
767,0.6136,16,0.16334134340286255,0.0,0.021134749054908752,0.1844760924577713
768,0.6144,16,0.44781404733657837,0.0,0.03285648673772812,0.4806705415248871
769,0.6152,16,0.24063193798065186,0.0,0.015306686982512474,0.2559386193752289
770,0.616,16,0.17506521940231323,0.0,0.027506185695528984,0.20257140696048737
771,0.6168,16,0.18806028366088867,0.0,0.006303334143012762,0.19436362385749817
772,0.6176,16,0.09890861809253693,0.0,0.0176254715770483,0.11653409153223038
773,0.6184,16,0.21926388144493103,0.0,0.011158180423080921,0.23042206466197968
774,0.6192,16,0.45883214473724365,0.0,0.0103074349462986,0.46913957595825195
775,0.62,16,0.06458330899477005,0.0,0.0011425826232880354,0.0657258927822113
776,0.6208,16,0.21608412265777588,0.0,0.00728897238150239,0.22337310016155243
777,0.6216,16,0.3223220705986023,0.0,0.008313825353980064,0.3306359052658081
778,0.6224,16,0.47145509719848633,0.0,0.024547575041651726,0.4960026741027832
779,0.6232,16,0.41970252990722656,0.0,0.017311841249465942,0.4370143711566925
780,0.624,16,0.07541041821241379,0.0,0.005170137155801058,0.08058055490255356
781,0.6248,16,0.1676141619682312,0.0,0.009354667738080025,0.17696882784366608
782,0.6256,16,0.22307196259498596,0.0,0.006202181335538626,0.22927413880825043
783,0.6264,16,0.09285187721252441,0.0,0.002249088604003191,0.09510096907615662
784,0.6272,16,0.17571505904197693,0.0,0.0034893478732556105,0.17920440435409546
785,0.628,16,0.19320526719093323,0.0,0.017611529678106308,0.21081680059432983
786,0.6288,16,0.06827142089605331,0.0,0.007749278098344803,0.07602070271968842
787,0.6296,16,0.4121052622795105,0.0,0.005040217190980911,0.4171454906463623
788,0.6304,16,0.09277848899364471,0.0,0.007503345608711243,0.10028183460235596
789,0.6312,16,0.12651892006397247,0.0,0.023700051009655,0.15021896362304688
790,0.632,16,0.09523113071918488,0.0,0.01748807728290558,0.11271920800209045
791,0.6328,16,0.11582879722118378,0.0,0.012334311380982399,0.12816311419010162
792,0.6336,16,0.4143511652946472,0.0,0.03787076845765114,0.45222193002700806
793,0.6344,16,0.28971564769744873,0.0,0.010092614218592644,0.2998082637786865
794,0.6352,16,0.5041546821594238,0.0,0.025027114897966385,0.5291817784309387
795,0.636,16,0.1458573192358017,0.0,0.0045379530638456345,0.15039527416229248
796,0.6368,16,0.27501776814460754,0.0,0.0035341656766831875,0.27855193614959717
797,0.6376,16,0.3870159387588501,0.0,0.03087160922586918,0.41788753867149353
798,0.6384,16,0.5334015488624573,0.0,0.004363990388810635,0.5377655625343323
799,0.6392,16,0.04070710018277168,0.0,0.004746019374579191,0.04545312002301216
800,0.64,16,0.4822852909564972,0.0,0.04732770472764969,0.5296130180358887
801,0.6408,16,0.45538127422332764,0.0,0.0060503617860376835,0.461431622505188
802,0.6416,16,0.038186706602573395,0.0,0.0036544236354529858,0.04184113070368767
803,0.6424,16,0.052984658628702164,0.0,0.0019345638575032353,0.054919224232435226
804,0.6432,16,0.20978301763534546,0.0,0.020539768040180206,0.23032277822494507
805,0.644,16,0.1585884690284729,0.0,0.0024387843441218138,0.16102725267410278
806,0.6448,16,0.48617565631866455,0.0,0.01855214685201645,0.5047277808189392
807,0.6456,16,0.022018007934093475,0.0,0.003651327220723033,0.025669334456324577
808,0.6464,16,0.6185569167137146,0.0,0.01677253097295761,0.6353294253349304
809,0.6472,16,0.04795335233211517,0.0,0.011147688142955303,0.05910104140639305
810,0.648,16,0.3833516836166382,0.0,0.00904468446969986,0.39239636063575745
811,0.6488,16,0.08436514437198639,0.0,0.011818155646324158,0.09618330001831055
812,0.6496,16,0.08880023658275604,0.0,0.007929947227239609,0.09673018753528595
813,0.6504,16,0.5226027369499207,0.0,0.029475757852196693,0.5520784854888916
814,0.6512,16,0.5177241563796997,0.0,0.013713082298636436,0.5314372181892395
815,0.652,16,0.17808683216571808,0.0,0.012042769230902195,0.1901296079158783
816,0.6528,16,0.17897731065750122,0.0,0.010003776289522648,0.1889810860157013
817,0.6536,16,0.2879154682159424,0.0,0.02533619850873947,0.31325167417526245
818,0.6544,16,0.29464250802993774,0.0,0.003409902099519968,0.2980524003505707
819,0.6552,16,0.6200001239776611,0.0,0.004472463391721249,0.6244725584983826
820,0.656,16,0.08658672124147415,0.0,0.010730691254138947,0.0973174124956131
821,0.6568,16,0.14287562668323517,0.0,0.018269149586558342,0.16114477813243866
822,0.6576,16,0.20650869607925415,0.0,0.02693832293152809,0.23344701528549194
823,0.6584,16,0.07481516897678375,0.0,0.014370488002896309,0.08918565511703491
824,0.6592,16,0.12595270574092865,0.0,0.029938168823719025,0.15589088201522827
825,0.66,16,0.3760376274585724,0.0,0.008034160360693932,0.38407179713249207
826,0.6608,16,0.044759079813957214,0.0,0.005463649984449148,0.0502227284014225
827,0.6616,16,0.2672308683395386,0.0,0.010153106413781643,0.2773839831352234
828,0.6624,16,0.21330074965953827,0.0,0.0008031525649130344,0.21410390734672546
829,0.6632,16,0.1594737023115158,0.0,0.005862167105078697,0.16533586382865906
830,0.664,16,0.17986927926540375,0.0,0.018246088176965714,0.19811536371707916
831,0.6648,16,0.11095740646123886,0.0,0.015307078137993813,0.12626448273658752
832,0.6656,16,0.03732253611087799,0.0,0.0030211987905204296,0.04034373536705971
833,0.6664,16,0.20730091631412506,0.0,0.012307494878768921,0.21960841119289398
834,0.6672,16,0.05698035657405853,0.0,0.009998620487749577,0.06697897613048553
835,0.668,16,0.25036442279815674,0.0,0.00722825713455677,0.25759267807006836
836,0.6688,16,0.4456859827041626,0.0,0.02349776215851307,0.4691837430000305
837,0.6696,16,0.45902779698371887,0.0,0.01867716945707798,0.4777049720287323
838,0.6704,16,0.21673806011676788,0.0,0.008877960965037346,0.22561602294445038
839,0.6712,16,0.3658415675163269,0.0,0.03398454934358597,0.3998261094093323
840,0.672,16,0.6698028445243835,0.0,0.002293848432600498,0.6720966696739197
841,0.6728,16,0.29033857583999634,0.0,0.005874456837773323,0.2962130308151245
842,0.6736,16,0.25553077459335327,0.0,0.03754052519798279,0.29307129979133606
843,0.6744,16,0.1380021870136261,0.0,0.013348879292607307,0.15135106444358826
844,0.6752,16,0.14262112975120544,0.0,0.01023869402706623,0.15285982191562653
845,0.676,16,0.3104305565357208,0.0,0.008078505285084248,0.3185090720653534
846,0.6768,16,0.03041178733110428,0.0,0.0022194781340658665,0.03263126686215401
847,0.6776,16,0.7315167188644409,0.0,0.01598639041185379,0.7475031018257141
848,0.6784,16,0.5524139404296875,0.0,0.0035298620350658894,0.5559437870979309
849,0.6792,16,0.3870736062526703,0.0,0.005703222472220659,0.39277681708335876
850,0.68,16,0.51214998960495,0.0,0.008642980828881264,0.5207929611206055
851,0.6808,16,0.03466012701392174,0.0,0.00711542135104537,0.041775546967983246
852,0.6816,16,0.5492087602615356,0.0,0.010397374629974365,0.55960613489151
853,0.6824,16,0.2897331714630127,0.0,0.002700603334233165,0.2924337685108185
854,0.6832,16,0.1468753218650818,0.0,0.022166959941387177,0.16904228925704956
855,0.684,16,0.2964733839035034,0.0,0.026819348335266113,0.32329273223876953
856,0.6848,16,0.037603072822093964,0.0,0.0017135844100266695,0.039316657930612564
857,0.6856,16,0.04461103677749634,0.0,0.004017366096377373,0.04862840473651886
858,0.6864,16,0.12137353420257568,0.0,0.008980531245470047,0.13035406172275543
859,0.6872,16,0.06330274045467377,0.0,0.006831764709204435,0.07013450562953949
860,0.688,16,0.3203376531600952,0.0,0.010590543039143085,0.3309282064437866
861,0.6888,16,0.2812013626098633,0.0,0.005028117913752794,0.2862294912338257
862,0.6896,16,0.10091286897659302,0.0,0.005679812282323837,0.10659268498420715
863,0.6904,16,0.15889665484428406,0.0,0.006812865845859051,0.16570952534675598
864,0.6912,16,0.020790869370102882,0.0,0.001395221333950758,0.022186091169714928
865,0.692,16,0.21846434473991394,0.0,0.002526211319491267,0.22099055349826813
866,0.6928,16,0.07696656137704849,0.0,0.004785379394888878,0.08175194263458252
867,0.6936,16,0.022093717008829117,0.0,0.0012371812481433153,0.023330898955464363
868,0.6944,16,0.08212893456220627,0.0,0.011303025297820568,0.09343195706605911
869,0.6952,16,0.5846599340438843,0.0,0.011134383268654346,0.5957943201065063
870,0.696,16,0.5431793928146362,0.0,0.041761983186006546,0.5849413871765137
871,0.6968,16,0.32989659905433655,0.0,0.021925780922174454,0.3518223762512207
872,0.6976,16,0.6010697484016418,0.0,0.0011547408066689968,0.6022244691848755
873,0.6984,16,0.5509546995162964,0.0,0.01267397403717041,0.5636286735534668
874,0.6992,16,0.08624783158302307,0.0,0.013572635129094124,0.09982046484947205
875,0.7,16,0.38361382484436035,0.0,0.046618834137916565,0.4302326440811157
876,0.7008,16,0.3610815107822418,0.0,0.0024703701492398977,0.36355188488960266
877,0.7016,16,0.23450729250907898,0.0,0.0233808234333992,0.2578881084918976
878,0.7024,16,0.03999992087483406,0.0,0.0007464935770258307,0.04074641317129135
879,0.7032,16,0.32105425000190735,0.0,0.01119590736925602,0.3322501480579376
880,0.704,16,0.23305651545524597,0.0,0.027250029146671295,0.26030653715133667
881,0.7048,16,0.37615203857421875,0.0,0.03462919220328331,0.41078123450279236
882,0.7056,16,0.14703458547592163,0.0,0.01851106807589531,0.16554565727710724
883,0.7064,16,0.17923198640346527,0.0,0.022008340805768967,0.20124033093452454
884,0.7072,16,0.35117360949516296,0.0,0.009417868219316006,0.36059147119522095
885,0.708,16,0.3024212718009949,0.0,0.019443806260824203,0.3218650817871094
886,0.7088,16,0.7107597589492798,0.0,0.046740345656871796,0.7575001120567322
887,0.7096,16,0.1057216078042984,0.0,0.033245719969272614,0.1389673352241516
888,0.7104,16,0.036981746554374695,0.0,0.001593862776644528,0.038575608283281326
889,0.7112,16,0.382132887840271,0.0,0.004365532658994198,0.38649842143058777
890,0.712,16,0.1734168529510498,0.0,0.05298203229904175,0.22639888525009155
891,0.7128,16,0.22988766431808472,0.0,0.005858829710632563,0.23574648797512054
892,0.7136,16,0.6114100217819214,0.0,0.010368676856160164,0.6217787265777588
893,0.7144,16,0.22886089980602264,0.0,0.014882232993841171,0.2437431365251541
894,0.7152,16,0.23262335360050201,0.0,0.07219979166984558,0.3048231601715088
895,0.716,16,0.5839340686798096,0.0,0.00708687212318182,0.591020941734314
896,0.7168,16,0.18648280203342438,0.0,0.007210221141576767,0.19369302690029144
897,0.7176,16,0.4753202795982361,0.0,0.01110822893679142,0.48642849922180176
898,0.7184,16,0.1593058705329895,0.0,0.011194854974746704,0.1705007255077362
899,0.7192,16,0.20623667538166046,0.0,0.028291136026382446,0.2345278114080429
900,0.72,16,0.14741113781929016,0.0,0.0008852864848449826,0.14829643070697784
901,0.7208,16,0.03367658704519272,0.0,0.005781953223049641,0.039458539336919785
902,0.7216,16,0.16875407099723816,0.0,0.012215359136462212,0.18096943199634552
903,0.7224,16,0.08269485086202621,0.0,0.006337077356874943,0.08903192728757858
904,0.7232,16,0.11344005167484283,0.0,0.003763619577512145,0.11720366775989532
905,0.724,16,0.23934005200862885,0.0,0.027902919799089432,0.267242968082428
906,0.7248,16,0.25976529717445374,0.0,0.0011441532988101244,0.26090943813323975
907,0.7256,16,0.09947182238101959,0.0,0.01089111901819706,0.1103629395365715
908,0.7264,16,0.05682073533535004,0.0,0.007442769128829241,0.06426350772380829
909,0.7272,16,0.39510613679885864,0.0,0.008133764378726482,0.403239905834198
910,0.728,16,0.04617362469434738,0.0,0.005377824418246746,0.0515514500439167
911,0.7288,16,0.14560166001319885,0.0,0.004707322455942631,0.1503089815378189
912,0.7296,16,0.12474312633275986,0.0,0.017126141116023064,0.14186926186084747
913,0.7304,16,0.20539766550064087,0.0,0.011495580896735191,0.2168932408094406
914,0.7312,16,0.25582635402679443,0.0,0.004920115694403648,0.26074647903442383
915,0.732,16,0.19793832302093506,0.0,0.0032446892000734806,0.2011830061674118
916,0.7328,16,0.066205695271492,0.0,0.00996028445661068,0.07616598159074783
917,0.7336,16,0.6004524230957031,0.0,0.016880270093679428,0.6173326969146729
918,0.7344,16,0.2740404009819031,0.0,0.01769203320145607,0.29173243045806885
919,0.7352,16,0.2845359742641449,0.0,0.0033525521866977215,0.2878885269165039
920,0.736,16,0.11610642075538635,0.0,0.025606758892536163,0.14171317219734192
921,0.7368,16,0.5922204852104187,0.0,0.0031685144640505314,0.5953890085220337
922,0.7376,16,0.18381419777870178,0.0,0.010902024805545807,0.194716215133667
923,0.7384,16,0.6848284602165222,0.0,0.006318875588476658,0.6911473274230957
924,0.7392,16,0.17864742875099182,0.0,0.0100364089012146,0.18868383765220642
925,0.74,16,0.08587463200092316,0.0,0.0038017919287085533,0.08967642486095428
926,0.7408,16,0.24346601963043213,0.0,0.0043443539179861546,0.24781037867069244
927,0.7416,16,0.19905246794223785,0.0,0.008846691809594631,0.20789915323257446
928,0.7424,16,0.10459132492542267,0.0,0.022846722975373268,0.12743805348873138
929,0.7432,16,0.38398051261901855,0.0,0.028664633631706238,0.412645161151886
930,0.744,16,0.1734086275100708,0.0,0.009621432051062584,0.18303005397319794
931,0.7448,16,0.32008641958236694,0.0,0.005051920190453529,0.3251383304595947
932,0.7456,16,0.19657006859779358,0.0,0.020808100700378418,0.217378169298172
933,0.7464,16,0.4093189239501953,0.0,0.012103579938411713,0.4214225113391876
934,0.7472,16,0.4503725469112396,0.0,0.012676180340349674,0.4630487263202667
935,0.748,16,0.5656797885894775,0.0,0.01621836982667446,0.5818981528282166
936,0.7488,16,0.2269822061061859,0.0,0.01903235912322998,0.2460145652294159
937,0.7496,16,0.19449929893016815,0.0,0.0042297495529055595,0.19872905313968658
938,0.7504,16,0.3019460439682007,0.0,0.009270263835787773,0.3112162947654724
939,0.7512,16,0.07905440032482147,0.0,0.0016272644279524684,0.08068166673183441
940,0.752,16,0.2488795816898346,0.0,0.0032465956173837185,0.25212618708610535
941,0.7528,16,0.19700279831886292,0.0,0.01150190457701683,0.20850470662117004
942,0.7536,16,0.28686976432800293,0.0,0.004515983164310455,0.2913857400417328
943,0.7544,16,0.14969034492969513,0.0,0.015048926696181297,0.16473926603794098
944,0.7552,16,0.33608150482177734,0.0,0.01226028986275196,0.34834179282188416
945,0.756,16,0.47142526507377625,0.0,0.01463073305785656,0.48605599999427795
946,0.7568,16,0.29541268944740295,0.0,0.010333512909710407,0.3057461977005005
947,0.7576,16,0.11463510245084763,0.0,0.004801279399544001,0.11943638324737549
948,0.7584,16,0.22351688146591187,0.0,0.03294339403510094,0.2564602792263031
949,0.7592,16,0.19050568342208862,0.0,0.023681994527578354,0.21418768167495728
950,0.76,16,0.19077783823013306,0.0,0.009032472968101501,0.19981031119823456
951,0.7608,16,0.14339861273765564,0.0,0.011013014242053032,0.15441162884235382
952,0.7616,16,0.2827380895614624,0.0,0.020819656550884247,0.30355775356292725
953,0.7624,16,0.21917343139648438,0.0,0.012815458700060844,0.23198889195919037
954,0.7632,16,0.11919932812452316,0.0,0.011943807825446129,0.13114313781261444
955,0.764,16,0.15458917617797852,0.0,0.00966058112680912,0.16424976289272308
956,0.7648,16,0.19630268216133118,0.0,0.013144908472895622,0.20944759249687195
957,0.7656,16,0.34716516733169556,0.0,0.030165795236825943,0.3773309588432312
958,0.7664,16,0.09778577089309692,0.0,0.014417233876883984,0.11220300197601318
959,0.7672,16,0.38547900319099426,0.0,0.005448739975690842,0.3909277319908142
960,0.768,16,0.19137892127037048,0.0,0.026079071685671806,0.21745799481868744
961,0.7688,16,0.03661081939935684,0.0,0.00567990355193615,0.04229072481393814
962,0.7696,16,0.5735089182853699,0.0,0.005373017862439156,0.5788819193840027
963,0.7704,16,0.4204164743423462,0.0,0.0053450437262654305,0.42576152086257935
964,0.7712,16,0.23909583687782288,0.0,0.003407888114452362,0.24250373244285583
965,0.772,16,0.2739814519882202,0.0,0.004919634200632572,0.2789011001586914
966,0.7728,16,0.024983566254377365,0.0,0.0024784989655017853,0.02746206521987915
967,0.7736,16,0.18202367424964905,0.0,0.01798875816166401,0.2000124305486679
968,0.7744,16,0.044272281229496,0.0,0.007140293717384338,0.05141257494688034
969,0.7752,16,0.4816330671310425,0.0,0.007738507818430662,0.48937156796455383
970,0.776,16,0.0828251838684082,0.0,0.049693912267684937,0.13251909613609314
971,0.7768,16,0.3625238835811615,0.0,0.016729917377233505,0.3792538046836853
972,0.7776,16,0.05523920804262161,0.0,0.008472410030663013,0.06371162086725235
973,0.7784,16,0.3650280833244324,0.0,0.020259428769350052,0.3852875232696533
974,0.7792,16,0.12921878695487976,0.0,0.0007787975482642651,0.12999758124351501
975,0.78,16,0.16615030169487,0.0,0.039284296333789825,0.20543459057807922
976,0.7808,16,0.24954938888549805,0.0,0.001723072025924921,0.2512724697589874
977,0.7816,16,0.2571519613265991,0.0,0.001711867400445044,0.2588638365268707
978,0.7824,16,0.33497098088264465,0.0,0.0050750356167554855,0.3400460183620453
979,0.7832,16,0.29025912284851074,0.0,0.0167093388736248,0.30696845054626465
980,0.784,16,0.172990083694458,0.0,0.0059890588745474815,0.17897914350032806
981,0.7848,16,0.32201284170150757,0.0,0.02160937897861004,0.34362220764160156
982,0.7856,16,0.21847407519817352,0.0,0.0016273006331175566,0.22010137140750885
983,0.7864,16,0.09946942329406738,0.0,0.014860262162983418,0.11432968825101852
984,0.7872,16,0.21105565130710602,0.0,0.005495999939739704,0.21655164659023285
985,0.788,16,0.1935749053955078,0.0,0.0064789485186338425,0.2000538557767868
986,0.7888,16,0.41711461544036865,0.0,0.01295930054038763,0.43007391691207886
987,0.7896,16,0.13021360337734222,0.0,0.004403145518153906,0.13461674749851227
988,0.7904,16,0.16664858162403107,0.0,0.011069066822528839,0.1777176558971405
989,0.7912,16,0.19343902170658112,0.0,0.01114264689385891,0.20458166301250458
990,0.792,16,0.058403559029102325,0.0,0.005035038106143475,0.06343859434127808
991,0.7928,16,0.49800118803977966,0.0,0.019027436152100563,0.5170286297798157
992,0.7936,16,0.15656699240207672,0.0,0.0026272647082805634,0.15919426083564758
993,0.7944,16,0.1665954738855362,0.0,0.01403486356139183,0.18063034117221832
994,0.7952,16,0.5272386074066162,0.0,0.0028683803975582123,0.5301069617271423
995,0.796,16,0.6476095914840698,0.0,0.0069427830167114735,0.6545524001121521
996,0.7968,16,0.3041589856147766,0.0,0.019637860357761383,0.3237968385219574
997,0.7976,16,0.23206451535224915,0.0,0.01583660952746868,0.24790112674236298
998,0.7984,16,0.28819575905799866,0.0,0.003831844311207533,0.2920275926589966
999,0.7992,16,0.11885447055101395,0.0,0.011881394311785698,0.1307358592748642
1000,0.8,16,0.36807572841644287,0.0,0.010098977014422417,0.37817469239234924
1001,0.8008,16,0.29299843311309814,0.0,0.004591445438563824,0.29758986830711365
1002,0.8016,16,0.11845101416110992,0.0,0.00974908284842968,0.12820009887218475
1003,0.8024,16,0.15491148829460144,0.0,0.006500279996544123,0.16141176223754883
1004,0.8032,16,0.08635591715574265,0.0,0.006801508367061615,0.09315742552280426
1005,0.804,16,0.05982278287410736,0.0,0.003799731144681573,0.06362251192331314
1006,0.8048,16,0.37744754552841187,0.0,0.027089033275842667,0.40453657507896423
1007,0.8056,16,0.14601513743400574,0.0,0.006383464206010103,0.15239860117435455
1008,0.8064,16,0.32501834630966187,0.0,0.008156522177159786,0.33317485451698303
1009,0.8072,16,0.05921182036399841,0.0,0.005257615819573402,0.06446943432092667
1010,0.808,16,0.22627532482147217,0.0,0.013924738392233849,0.24020005762577057
1011,0.8088,16,0.208051860332489,0.0,0.007362423464655876,0.21541428565979004
1012,0.8096,16,0.0952010303735733,0.0,0.02624981291592121,0.12145084142684937
1013,0.8104,16,0.11887387931346893,0.0,0.006543619558215141,0.12541750073432922
1014,0.8112,16,0.0631585568189621,0.0,0.002420792356133461,0.06557934731245041
1015,0.812,16,0.3604702949523926,0.0,0.004820949397981167,0.3652912378311157
1016,0.8128,16,0.24422743916511536,0.0,0.0031337791588157415,0.2473612129688263
1017,0.8136,16,0.04374738037586212,0.0,0.01774643547832966,0.06149381399154663
1018,0.8144,16,0.67364102602005,0.0,0.01881985366344452,0.6924608945846558
1019,0.8152,16,0.2017720341682434,0.0,0.004158752039074898,0.20593078434467316
1020,0.816,16,0.4567192792892456,0.0,0.003462909022346139,0.46018218994140625
1021,0.8168,16,0.19357500970363617,0.0,0.010724980384111404,0.20429998636245728
1022,0.8176,16,0.03948015347123146,0.0,0.0020969000179320574,0.0415770523250103
1023,0.8184,16,0.5093761086463928,0.0,0.009222304448485374,0.5185984373092651
1024,0.8192,16,0.06888267397880554,0.0,0.016490545123815536,0.08537322282791138
1025,0.82,16,0.04797988012433052,0.0,0.011793319135904312,0.05977319926023483
1026,0.8208,16,0.2850661873817444,0.0,0.006123403552919626,0.291189581155777
1027,0.8216,16,0.23687276244163513,0.0,0.017751149833202362,0.2546239197254181
1028,0.8224,16,0.5751498937606812,0.0,0.005365915596485138,0.5805158019065857
1029,0.8232,16,0.5251107215881348,0.0,0.0006864048191346228,0.5257971286773682
1030,0.824,16,0.11340808868408203,0.0,0.004390238784253597,0.1177983283996582
1031,0.8248,16,0.3179214298725128,0.0,0.0021768708247691393,0.32009831070899963
1032,0.8256,16,0.5131368637084961,0.0,0.010468689724802971,0.5236055254936218
1033,0.8264,16,0.5852921605110168,0.0,0.0118257412686944,0.5971179008483887
1034,0.8272,16,0.25735676288604736,0.0,0.0010925695532932878,0.25844934582710266
1035,0.828,16,0.5266541242599487,0.0,0.023465635254979134,0.5501197576522827
1036,0.8288,16,0.166516974568367,0.0,0.002209779806435108,0.16872675716876984
1037,0.8296,16,0.13863587379455566,0.0,0.008481413125991821,0.14711728692054749
1038,0.8304,16,0.15635842084884644,0.0,0.009866682812571526,0.1662251055240631
1039,0.8312,16,0.37308990955352783,0.0,0.004877065774053335,0.377966970205307
1040,0.832,16,0.24832892417907715,0.0,0.006317434832453728,0.254646360874176
1041,0.8328,16,0.23586434125900269,0.0,0.012792693451046944,0.24865703284740448
1042,0.8336,16,0.1912858635187149,0.0,0.0030881590209901333,0.19437402486801147
1043,0.8344,16,0.2710075378417969,0.0,0.004605795256793499,0.27561333775520325
1044,0.8352,16,0.299165278673172,0.0,0.00568464957177639,0.30484992265701294
1045,0.836,16,0.25009238719940186,0.0,0.00643364991992712,0.25652602314949036
1046,0.8368,16,0.15467272698879242,0.0,0.003367756027728319,0.15804047882556915
1047,0.8376,16,0.1631278395652771,0.0,0.004354276694357395,0.16748212277889252
1048,0.8384,16,0.23104718327522278,0.0,0.004304274916648865,0.23535145819187164
1049,0.8392,16,0.2100852131843567,0.0,0.003445227863267064,0.21353043615818024
1050,0.84,16,0.2494058758020401,0.0,0.02443564683198929,0.27384153008461
1051,0.8408,16,0.26303717494010925,0.0,0.008613213896751404,0.27165037393569946
1052,0.8416,16,0.17602664232254028,0.0,0.005332079716026783,0.1813587248325348
1053,0.8424,16,0.30893057584762573,0.0,0.011809222400188446,0.3207398056983948
1054,0.8432,16,0.12387345731258392,0.0,0.006682909559458494,0.1305563598871231
1055,0.844,16,0.26412588357925415,0.0,0.009076278656721115,0.27320215106010437
1056,0.8448,16,0.23257845640182495,0.0,0.01336883194744587,0.24594728648662567
1057,0.8456,16,0.2022370845079422,0.0,0.007171584293246269,0.20940867066383362
1058,0.8464,16,0.08264119923114777,0.0,0.004851807374507189,0.08749300986528397
1059,0.8472,16,0.4690459370613098,0.0,0.010475482791662216,0.47952142357826233
1060,0.848,16,0.11724483966827393,0.0,0.01959395408630371,0.13683879375457764
1061,0.8488,16,0.320118248462677,0.0,0.015056231990456581,0.33517447113990784
1062,0.8496,16,0.07332654297351837,0.0,0.0017316744197160006,0.075058214366436
1063,0.8504,16,0.16666802763938904,0.0,0.0013874662108719349,0.1680554896593094
1064,0.8512,16,0.26596981287002563,0.0,0.02850976213812828,0.2944795787334442
1065,0.852,16,0.05928283929824829,0.0,0.0021787339355796576,0.06146157160401344
1066,0.8528,16,0.14761945605278015,0.0,0.004326995462179184,0.15194645524024963
1067,0.8536,16,0.5235430598258972,0.0,0.016004787757992744,0.539547860622406
1068,0.8544,16,0.07914535701274872,0.0,0.0014797798357903957,0.08062513917684555
1069,0.8552,16,0.37340670824050903,0.0,0.011057969182729721,0.38446468114852905
1070,0.856,16,0.06316615641117096,0.0,0.0036342614330351353,0.06680041551589966
1071,0.8568,16,0.16319015622138977,0.0,0.030024012550711632,0.19321416318416595
1072,0.8576,16,0.05115465074777603,0.0,0.004311436787247658,0.05546608567237854
1073,0.8584,16,0.08684146404266357,0.0,0.006369177717715502,0.09321064502000809
1074,0.8592,16,0.24793928861618042,0.0,0.0026176474057137966,0.25055694580078125
1075,0.86,16,0.2635747790336609,0.0,0.016302362084388733,0.2798771262168884
1076,0.8608,16,0.2649020552635193,0.0,0.0013073253212496638,0.2662093937397003
1077,0.8616,16,0.3212164640426636,0.0,0.0008180849254131317,0.3220345377922058
1078,0.8624,16,0.12610141932964325,0.0,0.003310001688078046,0.12941141426563263
1079,0.8632,16,0.12603384256362915,0.0,0.021197939291596413,0.147231787443161
1080,0.864,16,0.13982808589935303,0.0,0.009664581157267094,0.14949266612529755
1081,0.8648,16,0.05335226655006409,0.0,0.0008225438068620861,0.05417481064796448
1082,0.8656,16,0.3638165593147278,0.0,0.015722915530204773,0.37953948974609375
1083,0.8664,16,0.04789889603853226,0.0,0.0015298540238291025,0.049428749829530716
1084,0.8672,16,0.36389416456222534,0.0,0.013188939541578293,0.37708309292793274
1085,0.868,16,0.4006841480731964,0.0,0.008266717195510864,0.4089508652687073
1086,0.8688,16,0.30563852190971375,0.0,0.008753202855587006,0.31439173221588135
1087,0.8696,16,0.04800918698310852,0.0,0.0011513085337355733,0.04916049540042877
1088,0.8704,16,0.25871777534484863,0.0,0.0071465568616986275,0.2658643424510956
1089,0.8712,16,0.09422621130943298,0.0,0.0031215904746204615,0.09734780341386795
1090,0.872,16,0.4671799838542938,0.0,0.03621798753738403,0.5033979415893555
1091,0.8728,16,0.0674264132976532,0.0,0.0054898736998438835,0.07291628420352936
1092,0.8736,16,0.1833997368812561,0.0,0.0004950411384925246,0.1838947832584381
1093,0.8744,16,0.1424141228199005,0.0,0.023117510601878166,0.16553163528442383
1094,0.8752,16,0.18601688742637634,0.0,0.010254266671836376,0.196271151304245
1095,0.876,16,0.0940941795706749,0.0,0.006904004607349634,0.10099818557500839
1096,0.8768,16,0.15382009744644165,0.0,0.014065430499613285,0.16788552701473236
1097,0.8776,16,0.38332122564315796,0.0,0.009096174500882626,0.39241740107536316
1098,0.8784,16,0.08074471354484558,0.0,0.001190556795336306,0.08193527162075043
1099,0.8792,16,0.37958669662475586,0.0,0.006283886730670929,0.3858705759048462
1100,0.88,16,0.16104921698570251,0.0,0.006083311513066292,0.16713252663612366
1101,0.8808,16,0.14050281047821045,0.0,0.01818506419658661,0.15868787467479706
1102,0.8816,16,0.08318335562944412,0.0,0.0007337044226005673,0.0839170590043068
1103,0.8824,16,0.2738417088985443,0.0,0.06436821073293686,0.33820992708206177
1104,0.8832,16,0.318997859954834,0.0,0.0022918214090168476,0.32128968834877014
1105,0.884,16,0.16846323013305664,0.0,0.005698925815522671,0.1741621494293213
1106,0.8848,16,0.5050938725471497,0.0,0.010428479872643948,0.5155223608016968
1107,0.8856,16,0.4164207875728607,0.0,0.025382574647665024,0.44180336594581604
1108,0.8864,16,0.5174382925033569,0.0,0.0012349464232102036,0.5186732411384583
1109,0.8872,16,0.5187146067619324,0.0,0.02428590878844261,0.5430005192756653
1110,0.888,16,0.2545597553253174,0.0,0.013436054810881615,0.26799580454826355
1111,0.8888,16,0.16647815704345703,0.0,0.00971233006566763,0.17619048058986664
1112,0.8896,16,0.2595309615135193,0.0,0.0015095740091055632,0.2610405385494232
1113,0.8904,16,0.07386364787817001,0.0,0.008089788258075714,0.08195343613624573
1114,0.8912,16,0.4084612727165222,0.0,0.020585138350725174,0.4290464222431183
1115,0.892,16,0.6500793695449829,0.0,0.005144981667399406,0.6552243232727051
1116,0.8928,16,0.31028512120246887,0.0,0.01003262773156166,0.32031774520874023
1117,0.8936,16,0.2088405191898346,0.0,0.0038625732995569706,0.21270309388637543
1118,0.8944,16,0.3559439480304718,0.0,0.002221230883151293,0.3581651747226715
1119,0.8952,16,0.3583122491836548,0.0,0.016184091567993164,0.37449634075164795
1120,0.896,16,0.501317024230957,0.0,0.016776759177446365,0.5180937647819519
1121,0.8968,16,0.16600757837295532,0.0,0.0022660931572318077,0.1682736724615097
1122,0.8976,16,0.18639534711837769,0.0,0.007236325182020664,0.19363167881965637
1123,0.8984,16,0.12287233769893646,0.0,0.0027342760004103184,0.12560661137104034
1124,0.8992,16,0.0777166336774826,0.0,0.0032498107757419348,0.08096644282341003
1125,0.9,16,0.22623783349990845,0.0,0.005730208940804005,0.23196804523468018
1126,0.9008,16,0.2535879611968994,0.0,0.009454390965402126,0.2630423605442047
1127,0.9016,16,0.12849444150924683,0.0,0.008998889476060867,0.1374933272600174
1128,0.9024,16,0.07240138947963715,0.0,0.0003542316844686866,0.07275561988353729
1129,0.9032,16,0.05128113180398941,0.0,0.004528283141553402,0.05580941587686539
1130,0.904,16,0.09748076647520065,0.0,0.0014901610556989908,0.098970927298069
1131,0.9048,16,0.13687629997730255,0.0,0.00672648660838604,0.14360278844833374
1132,0.9056,16,0.1082242876291275,0.0,0.010886700823903084,0.11911098659038544
1133,0.9064,16,0.3130064308643341,0.0,0.004567013122141361,0.3175734579563141
1134,0.9072,16,0.1833704710006714,0.0,0.012887281365692616,0.19625775516033173
1135,0.908,16,0.2578602433204651,0.0,0.0020688027143478394,0.2599290609359741
1136,0.9088,16,0.31450986862182617,0.0,0.0053379712626338005,0.31984785199165344
1137,0.9096,16,0.37152808904647827,0.0,0.005790866445749998,0.37731894850730896
1138,0.9104,16,0.15040844678878784,0.0,0.0059379832819104195,0.1563464254140854
1139,0.9112,16,0.06259238719940186,0.0,0.001474334392696619,0.06406672298908234
1140,0.912,16,0.3217066526412964,0.0,0.003929908387362957,0.3256365656852722
1141,0.9128,16,0.3289638161659241,0.0,0.017438791692256927,0.3464026153087616
1142,0.9136,16,0.10821154713630676,0.0,0.0052238814532756805,0.11343543231487274
1143,0.9144,16,0.21369518339633942,0.0,0.029421448707580566,0.24311663210391998
1144,0.9152,16,0.48583298921585083,0.0,0.021614689379930496,0.5074476599693298
1145,0.916,16,0.06069974973797798,0.0,0.002937621669843793,0.06363736838102341
1146,0.9168,16,0.3817368149757385,0.0,0.015177123248577118,0.39691394567489624
1147,0.9176,16,0.15919041633605957,0.0,0.03234325721859932,0.1915336698293686
1148,0.9184,16,0.3031875491142273,0.0,0.017692310735583305,0.32087984681129456
1149,0.9192,16,0.14584524929523468,0.0,0.047700535506010056,0.19354578852653503
1150,0.92,16,0.07684853672981262,0.0,0.008918587118387222,0.08576712012290955
1151,0.9208,16,0.05059492960572243,0.0,0.003612012602388859,0.05420694127678871
1152,0.9216,16,0.2001459002494812,0.0,0.004217459820210934,0.2043633610010147
1153,0.9224,16,0.1070973128080368,0.0,0.00863201729953289,0.11572933197021484
1154,0.9232,16,0.4173184633255005,0.0,0.008008308708667755,0.42532676458358765
1155,0.924,16,0.38983404636383057,0.0,0.02477245405316353,0.414606511592865
1156,0.9248,16,0.2147347331047058,0.0,0.0012455363757908344,0.21598027646541595
1157,0.9256,16,0.22116394340991974,0.0,0.018416007980704308,0.2395799458026886
1158,0.9264,16,0.3818908631801605,0.0,0.006882098503410816,0.38877296447753906
1159,0.9272,16,0.09380647540092468,0.0,0.010472819209098816,0.1042792946100235
1160,0.928,16,0.12546148896217346,0.0,0.015433760359883308,0.14089524745941162
1161,0.9288,16,0.36411789059638977,0.0,0.009946925565600395,0.3740648031234741
1162,0.9296,16,0.5483546853065491,0.0,0.004978492856025696,0.5533331632614136
1163,0.9304,16,0.20821091532707214,0.0,0.01249302364885807,0.22070394456386566
1164,0.9312,16,0.828424334526062,0.0,0.006855424493551254,0.8352797627449036
1165,0.932,16,0.37655603885650635,0.0,0.014646557159721851,0.3912025988101959
1166,0.9328,16,0.1154966726899147,0.0,0.006677014287561178,0.12217368930578232
1167,0.9336,16,0.12690502405166626,0.0,0.012287704274058342,0.13919273018836975
1168,0.9344,16,0.08846180140972137,0.0,0.009669993072748184,0.09813179075717926
1169,0.9352,16,0.18651820719242096,0.0,0.013333585113286972,0.19985179603099823
1170,0.936,16,0.17476916313171387,0.0,0.009822146967053413,0.18459130823612213
1171,0.9368,16,0.19067677855491638,0.0,0.008374528959393501,0.19905130565166473
1172,0.9376,16,0.5233182907104492,0.0,0.014060784131288528,0.5373790860176086
1173,0.9384,16,0.4992087483406067,0.0,0.023668702691793442,0.5228774547576904
1174,0.9392,16,0.1618228256702423,0.0,0.008566197007894516,0.17038902640342712
1175,0.94,16,0.2015930712223053,0.0,0.006254810839891434,0.20784787833690643
1176,0.9408,16,0.2643207907676697,0.0,0.022980643436312675,0.2873014211654663
1177,0.9416,16,0.12781628966331482,0.0,0.003354697721078992,0.13117098808288574
1178,0.9424,16,0.5048717260360718,0.0,0.019075356423854828,0.5239470601081848
1179,0.9432,16,0.2947792708873749,0.0,0.013820299878716469,0.3085995614528656
1180,0.944,16,0.08448857814073563,0.0,0.0016377350548282266,0.08612631261348724
1181,0.9448,16,0.11721564829349518,0.0,0.00488483440130949,0.12210047990083694
1182,0.9456,16,0.2264031022787094,0.0,0.013498682528734207,0.23990178108215332
1183,0.9464,16,0.059558235108852386,0.0,0.007323587313294411,0.06688182055950165
1184,0.9472,16,0.14630192518234253,0.0,0.014104173518717289,0.16040609776973724
1185,0.948,16,0.1593034267425537,0.0,0.00520317954942584,0.16450659930706024
1186,0.9488,16,0.35625070333480835,0.0,0.015346473082900047,0.37159717082977295
1187,0.9496,16,0.341377317905426,0.0,0.006577814929187298,0.3479551374912262
1188,0.9504,16,0.29178404808044434,0.0,0.004635218530893326,0.29641926288604736
1189,0.9512,16,0.3002789616584778,0.0,0.0033931611105799675,0.3036721348762512
1190,0.952,16,0.4648754596710205,0.0,0.00183031614869833,0.4667057693004608
1191,0.9528,16,0.35180604457855225,0.0,0.0035577735397964716,0.3553638160228729
1192,0.9536,16,0.07250186800956726,0.0,0.003320166375488043,0.07582203298807144
1193,0.9544,16,0.10023312270641327,0.0,0.018278423696756363,0.11851154267787933
1194,0.9552,16,0.11203538626432419,0.0,0.006931920535862446,0.11896730959415436
1195,0.956,16,0.22266601026058197,0.0,0.012361436150968075,0.23502744734287262
1196,0.9568,16,0.18968486785888672,0.0,0.01156584918498993,0.20125071704387665
1197,0.9576,16,0.08675643801689148,0.0,0.004976558964699507,0.09173299372196198
1198,0.9584,16,0.4288838505744934,0.0,0.007219672203063965,0.4361035227775574
1199,0.9592,16,0.09464140236377716,0.0,0.011806413531303406,0.10644781589508057
1200,0.96,16,0.05215693265199661,0.0,0.0036609515082091093,0.05581788346171379
1201,0.9608,16,0.34919533133506775,0.0,0.0028858743607997894,0.35208120942115784
1202,0.9616,16,0.38453856110572815,0.0,0.005562555976212025,0.3901011049747467
1203,0.9624,16,0.11415369808673859,0.0,0.022228997200727463,0.13638269901275635
1204,0.9632,16,0.14060068130493164,0.0,0.003300455864518881,0.14390113949775696
1205,0.964,16,0.20397594571113586,0.0,0.005810602568089962,0.2097865492105484
1206,0.9648,16,0.0997302383184433,0.0,0.012522236444056034,0.11225247383117676
1207,0.9656,16,0.2629791796207428,0.0,0.024540968239307404,0.2875201404094696
1208,0.9664,16,0.28204596042633057,0.0,0.011595563031733036,0.2936415374279022
1209,0.9672,16,0.20327863097190857,0.0,0.0019822963513433933,0.20526093244552612
1210,0.968,16,0.8490126132965088,0.0,0.03469502180814743,0.8837076425552368
1211,0.9688,16,0.3919321298599243,0.0,0.0012501676101237535,0.39318230748176575
1212,0.9696,16,0.3023597002029419,0.0,0.0031823376193642616,0.3055420517921448
1213,0.9704,16,0.10708586871623993,0.0,0.0015503058675676584,0.10863617807626724
1214,0.9712,16,0.05037064850330353,0.0,0.0050322082825005054,0.055402856320142746
1215,0.972,16,0.2275829017162323,0.0,0.0018100994639098644,0.22939300537109375
1216,0.9728,16,0.46791350841522217,0.0,0.013188650831580162,0.4811021685600281
1217,0.9736,16,0.2336626946926117,0.0,0.004719112068414688,0.23838180303573608
1218,0.9744,16,0.5279198884963989,0.0,0.013040388002991676,0.5409602522850037
1219,0.9752,16,0.5624270439147949,0.0,0.023450039327144623,0.5858770608901978
1220,0.976,16,0.36703646183013916,0.0,0.01727348379790783,0.38430994749069214
1221,0.9768,16,0.29118287563323975,0.0,0.004466520622372627,0.2956494092941284
1222,0.9776,16,0.13325533270835876,0.0,0.0038936897180974483,0.13714902102947235
1223,0.9784,16,0.21804359555244446,0.0,0.0024173231795430183,0.2204609215259552
1224,0.9792,16,0.16213634610176086,0.0,0.00881233811378479,0.17094868421554565
1225,0.98,16,0.11315469443798065,0.0,0.004801331553608179,0.11795602738857269
1226,0.9808,16,0.062056027352809906,0.0,0.007181435823440552,0.06923746317625046
1227,0.9816,16,0.10892017930746078,0.0,0.00958407111465931,0.11850424855947495
1228,0.9824,16,0.06040368974208832,0.0,0.0062796492129564285,0.0666833370923996
1229,0.9832,16,0.09367349743843079,0.0,0.0031717573292553425,0.09684525430202484
1230,0.984,16,0.41821905970573425,0.0,0.02287982404232025,0.4410988688468933
1231,0.9848,16,0.20860210061073303,0.0,0.0012914715334773064,0.20989356935024261
1232,0.9856,16,0.24917489290237427,0.0,0.0041955020278692245,0.25337040424346924
1233,0.9864,16,0.4500483572483063,0.0,0.01586204580962658,0.465910404920578
1234,0.9872,16,0.3911927342414856,0.0,0.014339042827486992,0.40553176403045654
1235,0.988,16,0.14707374572753906,0.0,0.00559956394135952,0.15267330408096313
1236,0.9888,16,0.07991106808185577,0.0,0.006892462261021137,0.08680353313684464
1237,0.9896,16,0.3271465301513672,0.0,0.008170479908585548,0.3353170156478882
1238,0.9904,16,0.08910822868347168,0.0,0.0026988026220351458,0.09180703014135361
1239,0.9912,16,0.23504148423671722,0.0,0.003826142055913806,0.2388676255941391
1240,0.992,16,0.31736040115356445,0.0,0.011837378144264221,0.3291977643966675
1241,0.9928,16,0.31729888916015625,0.0,0.026071123778820038,0.3433700203895569
1242,0.9936,16,0.2989199757575989,0.0,0.007597257383167744,0.30651724338531494
1243,0.9944,16,0.05041235312819481,0.0,0.005699899047613144,0.05611225217580795
1244,0.9952,16,0.027343131601810455,0.0,0.001838724478147924,0.02918185666203499
1245,0.996,16,0.28286975622177124,0.0,0.004596599377691746,0.2874663472175598
1246,0.9968,16,0.23730188608169556,0.0,0.003267752006649971,0.24056963622570038
1247,0.9976,16,0.21696555614471436,0.0,0.003553386777639389,0.22051894664764404
1248,0.9984,16,0.09206399321556091,0.0,0.0049901907332241535,0.09705418348312378
1249,0.9992,16,0.20407328009605408,0.0,0.010840922594070435,0.2149142026901245
1250,1.0,16,0.12677425146102905,0.0,0.003548659384250641,0.1303229033946991
1251,1.0008,16,0.22136476635932922,0.0,0.002432015258818865,0.2237967848777771
1252,1.0016,16,0.21487587690353394,0.0,0.010657241567969322,0.2255331128835678
1253,1.0024,16,0.1585010588169098,0.0,0.004996691830456257,0.16349774599075317
1254,1.0032,16,0.09583606570959091,0.0,0.01811075583100319,0.1139468252658844
1255,1.004,16,0.07405003905296326,0.0,0.008477659896016121,0.08252769708633423
1256,1.0048,16,0.11125902831554413,0.0,0.015958864241838455,0.12721788883209229
1257,1.0056,16,0.09662888944149017,0.0,0.0036538331769406796,0.10028272122144699
1258,1.0064,16,0.16970215737819672,0.0,0.022297393530607224,0.19199955463409424
1259,1.0072,16,0.028771914541721344,0.0,0.0011727235978469253,0.029944637790322304
1260,1.008,16,0.04996884614229202,0.0,0.016843095421791077,0.0668119415640831
1261,1.0088,16,0.11292457580566406,0.0,0.01442955806851387,0.12735413014888763
1262,1.0096,16,0.3427213132381439,0.0,0.002830764278769493,0.34555208683013916
1263,1.0104,16,0.027519013732671738,0.0,0.0012798565439879894,0.028798870742321014
1264,1.0112,16,0.10629904270172119,0.0,0.00849071703851223,0.11478976160287857
1265,1.012,16,0.011269764974713326,0.0,0.0013840161263942719,0.012653781101107597
1266,1.0128,16,0.0522875152528286,0.0,0.02318679168820381,0.07547430694103241
1267,1.0136,16,0.01794198527932167,0.0,0.0032348292879760265,0.021176815032958984
1268,1.0144,16,0.3396413326263428,0.0,0.02020675130188465,0.3598480820655823
1269,1.0152,16,0.025851009413599968,0.0,0.0023761983029544353,0.02822720818221569
1270,1.016,16,0.012732572853565216,0.0,0.0017792161088436842,0.014511789195239544
1271,1.0168,16,0.34776055812835693,0.0,0.002256436040624976,0.3500169813632965
1272,1.0176,16,0.30372583866119385,0.0,0.0036276844330132008,0.30735352635383606
1273,1.0184,16,0.1649414300918579,0.0,0.014135213568806648,0.1790766417980194
1274,1.0192,16,0.12489737570285797,0.0,0.09370417147874832,0.2186015546321869
1275,1.02,16,0.010461237281560898,0.0,0.00046581251081079245,0.010927049443125725
1276,1.0208,16,0.15008866786956787,0.0,0.011354226619005203,0.16144289076328278
1277,1.0216,16,0.15514200925827026,0.0,0.049580611288547516,0.20472261309623718
1278,1.0224,16,0.10218930244445801,0.0,0.001333025167696178,0.10352233052253723
1279,1.0232,16,0.06517960876226425,0.0,0.01750682294368744,0.08268643170595169
1280,1.024,16,0.07017456740140915,0.0,0.030970674008131027,0.10114523768424988
1281,1.0248,16,0.009077952243387699,0.0,0.0012586514931172132,0.010336603969335556
1282,1.0256,16,0.18317735195159912,0.0,0.012171010486781597,0.1953483670949936
1283,1.0264,16,0.011939805001020432,0.0,0.0008880064124241471,0.012827811762690544
1284,1.0272,16,0.006109119858592749,0.0,0.00025745132006704807,0.00636657141149044
1285,1.028,16,0.5310105681419373,0.0,0.002278258791193366,0.533288836479187
1286,1.0288,16,0.07476451247930527,0.0,0.00612268503755331,0.08088719844818115
1287,1.0296,16,0.3749633729457855,0.0,0.0015456278342753649,0.37650901079177856
1288,1.0304,16,0.03723922744393349,0.0,0.0016287772450596094,0.0388680063188076
1289,1.0312,16,0.2616529166698456,0.0,0.014572346583008766,0.2762252688407898
1290,1.032,16,0.38097378611564636,0.0,0.023207463324069977,0.40418124198913574
1291,1.0328,16,0.05106831714510918,0.0,0.004749537445604801,0.0558178536593914
1292,1.0336,16,0.020161451771855354,0.0,0.003579322248697281,0.023740774020552635
1293,1.0344,16,0.022949662059545517,0.0,0.0010794858681038022,0.024029148742556572
1294,1.0352,16,0.09347150474786758,0.0,0.012281667441129684,0.10575316846370697
1295,1.036,16,0.2880953550338745,0.0,0.04442397505044937,0.3325193226337433
1296,1.0368,16,0.01704852469265461,0.0,0.0008410508744418621,0.01788957603275776
1297,1.0376,16,0.15882375836372375,0.0,0.006680941674858332,0.16550469398498535
1298,1.0384,16,0.14856401085853577,0.0,0.004919114522635937,0.15348312258720398
1299,1.0392,16,0.13237902522087097,0.0,0.04654771089553833,0.1789267361164093
1300,1.04,16,0.019259855151176453,0.0,0.0006160338525660336,0.019875889644026756
1301,1.0408,16,0.03346142917871475,0.0,0.0075359102338552475,0.04099734127521515
1302,1.0416,16,0.031873252242803574,0.0,0.001650882768444717,0.03352413326501846
1303,1.0424,16,0.07478559017181396,0.0,0.01090497151017189,0.08569055795669556
1304,1.0432,16,0.20264261960983276,0.0,0.02335517853498459,0.22599780559539795
1305,1.044,16,0.16273221373558044,0.0,0.015046607702970505,0.17777882516384125
1306,1.0448,16,0.3165152668952942,0.0,0.00704421428963542,0.3235594928264618
1307,1.0456,16,0.00843009352684021,0.0,0.001020267722196877,0.009450361132621765
1308,1.0464,16,0.17023658752441406,0.0,0.002010046737268567,0.17224663496017456
1309,1.0472,16,0.12586212158203125,0.0,0.02718021348118782,0.15304233133792877
1310,1.048,16,0.037431471049785614,0.0,0.006318999454379082,0.043750472366809845
1311,1.0488,16,0.37087661027908325,0.0,0.01646985486149788,0.387346476316452
1312,1.0496,16,0.003878314048051834,0.0,0.000200513590243645,0.004078827798366547
1313,1.0504,16,0.008850607089698315,0.0,0.000795308849774301,0.00964591559022665
1314,1.0512,16,0.19077657163143158,0.0,0.016863685101270676,0.20764026045799255
1315,1.052,16,0.31431952118873596,0.0,0.002082942984998226,0.31640246510505676
1316,1.0528,16,0.1028403788805008,0.0,0.0007089748978614807,0.10354935377836227
1317,1.0536,16,0.05356854945421219,0.0,0.001302652875892818,0.054871201515197754
1318,1.0544,16,0.09932590276002884,0.0,0.005606986582279205,0.10493288934230804
1319,1.0552,16,0.17503634095191956,0.0,0.014784028753638268,0.18982036411762238
1320,1.056,16,0.36188721656799316,0.0,0.017023585736751556,0.3789108097553253
1321,1.0568,16,0.015467243269085884,0.0,0.002096950775012374,0.0175641942769289
1322,1.0576,16,0.3935484290122986,0.0,0.19911035895347595,0.5926587581634521
1323,1.0584,16,0.25461187958717346,0.0,0.02921329438686371,0.283825159072876
1324,1.0592,16,0.0429365336894989,0.0,0.06862816214561462,0.11156469583511353
1325,1.06,16,0.036785636097192764,0.0,0.012691482901573181,0.049477118998765945
1326,1.0608,16,0.5076490640640259,0.0,0.023989003151655197,0.5316380858421326
1327,1.0616,16,0.009820072911679745,0.0,0.0008852223982103169,0.010705295018851757
1328,1.0624,16,0.3773308992385864,0.0,0.001631799153983593,0.3789626955986023
1329,1.0632,16,0.07255654036998749,0.0,0.02055283635854721,0.0931093767285347
1330,1.064,16,0.04340968281030655,0.0,0.007742275018244982,0.051151957362890244
1331,1.0648,16,0.13588806986808777,0.0,0.015792109072208405,0.15168017148971558
1332,1.0656,16,0.6195300817489624,0.0,0.0034359213896095753,0.6229659914970398
1333,1.0664,16,0.09954426437616348,0.0,0.0043409839272499084,0.10388524830341339
1334,1.0672,16,0.09669042378664017,0.0,0.018438806757330894,0.11512923240661621
1335,1.068,16,0.17813237011432648,0.0,0.030269518494606018,0.2084018886089325
1336,1.0688,16,0.15224048495292664,0.0,0.0051541998982429504,0.157394677400589
1337,1.0695999999999999,16,0.223236083984375,0.0,0.0009613746078684926,0.22419746220111847
1338,1.0704,16,0.4493964910507202,0.0,0.013019467703998089,0.4624159634113312
1339,1.0712,16,0.5036371350288391,0.0,0.012757867574691772,0.5163949728012085
1340,1.072,16,0.036035552620887756,0.0,0.04382840543985367,0.07986395806074142
1341,1.0728,16,0.026543691754341125,0.0,0.0026567261666059494,0.029200417920947075
1342,1.0735999999999999,16,0.03526957333087921,0.0,0.003933949861675501,0.039203524589538574
1343,1.0744,16,0.49525660276412964,0.0,0.006047082133591175,0.5013036727905273
1344,1.0752,16,0.01596043072640896,0.0,0.001352630089968443,0.01731306128203869
1345,1.076,16,0.2655447721481323,0.0,0.0359085276722908,0.30145329236984253
1346,1.0768,16,0.04639803618192673,0.0,0.0011016814969480038,0.04749971628189087
1347,1.0776,16,0.17868736386299133,0.0,0.023732077330350876,0.2024194449186325
1348,1.0784,16,0.32675814628601074,0.0,0.04314769059419632,0.36990582942962646
1349,1.0792,16,0.368370920419693,0.0,0.02383285015821457,0.39220377802848816
1350,1.08,16,0.05307741090655327,0.0,0.0006142832571640611,0.053691692650318146
1351,1.0808,16,0.20726659893989563,0.0,0.004474793095141649,0.2117413878440857
1352,1.0816,16,0.030972687527537346,0.0,0.003925161436200142,0.03489784896373749
1353,1.0824,16,0.12960505485534668,0.0,0.021862206980586052,0.15146726369857788
1354,1.0832,16,0.05314216390252113,0.0,0.0015376349911093712,0.05467979982495308
1355,1.084,16,0.16497820615768433,0.0,0.0039812736213207245,0.16895948350429535
1356,1.0848,16,0.04322119802236557,0.0,0.002153008244931698,0.04537420719861984
1357,1.0856,16,0.12084425985813141,0.0,0.0005868647713214159,0.1214311271905899
1358,1.0864,16,0.048588432371616364,0.0,0.0037355576641857624,0.05232398957014084
1359,1.0872,16,0.02478795498609543,0.0,0.012963906861841679,0.03775186091661453
1360,1.088,16,0.09435433149337769,0.0,0.017639819532632828,0.11199414730072021
1361,1.0888,16,0.13174548745155334,0.0,0.009824588894844055,0.1415700763463974
1362,1.0896,16,0.012568062171339989,0.0,0.0018109262455254793,0.014378988184034824
1363,1.0904,16,0.03295306861400604,0.0,0.010654626414179802,0.043607696890830994
1364,1.0912,16,0.31212007999420166,0.0,0.021981079131364822,0.3341011703014374
1365,1.092,16,0.5445723533630371,0.0,0.03446289151906967,0.579035222530365
1366,1.0928,16,0.09028443694114685,0.0,0.0023599613923579454,0.09264440089464188
1367,1.0936,16,0.11190596967935562,0.0,0.00559160066768527,0.11749757081270218
1368,1.0944,16,0.12646758556365967,0.0,0.0016566135454922915,0.1281241923570633
1369,1.0952,16,0.021101735532283783,0.0,0.0027739687357097864,0.023875704035162926
1370,1.096,16,0.2639964818954468,0.0,0.00754903070628643,0.27154549956321716
1371,1.0968,16,0.17232917249202728,0.0,0.000612706586252898,0.1729418784379959
1372,1.0976,16,0.1156395822763443,0.0,0.035979464650154114,0.1516190469264984
1373,1.0984,16,0.048230357468128204,0.0,0.0005088751786388457,0.0487392321228981
1374,1.0992,16,0.03134806454181671,0.0,0.0041765570640563965,0.03552462160587311
1375,1.1,16,0.06709064543247223,0.0,0.0017363973893225193,0.06882704049348831
1376,1.1008,16,0.023313313722610474,0.0,0.001037185313180089,0.024350499734282494
1377,1.1016,16,0.008830958046019077,0.0,0.000821590656414628,0.009652548469603062
1378,1.1024,16,0.3908432126045227,0.0,0.009180622175335884,0.40002384781837463
1379,1.1032,16,0.02228645607829094,0.0,0.0009005742613226175,0.023187030106782913
1380,1.104,16,0.07999623566865921,0.0,0.008628958836197853,0.08862519264221191
1381,1.1048,16,0.4027143716812134,0.0,0.0532904788851738,0.4560048580169678
1382,1.1056,16,0.007936650887131691,0.0,0.0004971763119101524,0.008433827199041843
1383,1.1064,16,0.41576650738716125,0.0,0.029421716928482056,0.4451882243156433
1384,1.1072,16,0.19253738224506378,0.0,0.043728411197662354,0.23626579344272614
1385,1.108,16,0.40349259972572327,0.0,0.0032179185654968023,0.40671050548553467
1386,1.1088,16,0.24272426962852478,0.0,0.0020972213242202997,0.2448214888572693
1387,1.1096,16,0.009538066573441029,0.0,0.00030680024065077305,0.009844866581261158
1388,1.1104,16,0.07228463888168335,0.0,0.03807055577635765,0.1103551983833313
1389,1.1112,16,0.004887974821031094,0.0,0.0006722451653331518,0.005560220219194889
1390,1.112,16,0.08319191634654999,0.0,0.03797610104084015,0.12116801738739014
1391,1.1128,16,0.10433557629585266,0.0,0.009087473154067993,0.11342304944992065
1392,1.1136,16,0.3287378251552582,0.0,0.0008858087239786983,0.32962363958358765
1393,1.1144,16,0.2367892861366272,0.0,0.024609843268990517,0.26139912009239197
1394,1.1152,16,0.010755740106105804,0.0,0.0024717464111745358,0.013227486982941628
1395,1.116,16,0.007888338528573513,0.0,0.0006038107676431537,0.008492149412631989
1396,1.1168,16,0.039744969457387924,0.0,0.005461780354380608,0.04520674794912338
1397,1.1176,16,0.15977391600608826,0.0,0.004024093970656395,0.1637980043888092
1398,1.1184,16,0.015628255903720856,0.0,0.004035986494272947,0.01966424286365509
1399,1.1192,16,0.09129197895526886,0.0,0.003957136534154415,0.09524911642074585
1400,1.12,16,0.1658291071653366,0.0,0.03649846836924553,0.20232757925987244
1401,1.1208,16,0.4738250970840454,0.0,0.00849288608878851,0.4823179841041565
1402,1.1216,16,0.14205317199230194,0.0,0.007185335271060467,0.14923851191997528
1403,1.1224,16,0.020894458517432213,0.0,0.0017560201231390238,0.022650478407740593
1404,1.1232,16,0.11947055906057358,0.0,0.01851620525121689,0.13798676431179047
1405,1.124,16,0.1500733196735382,0.0,0.0015058816643431783,0.15157920122146606
1406,1.1248,16,0.017625588923692703,0.0,0.017841052263975143,0.03546664118766785
1407,1.1256,16,0.04467198997735977,0.0,0.04266916215419769,0.08734115213155746
1408,1.1264,16,0.21962526440620422,0.0,0.0022586435079574585,0.22188390791416168
1409,1.1272,16,0.38793569803237915,0.0,0.002213576342910528,0.3901492655277252
1410,1.1280000000000001,16,0.1546240746974945,0.0,0.009512005373835564,0.16413608193397522
1411,1.1288,16,0.013613625429570675,0.0,0.006870495155453682,0.020484119653701782
1412,1.1296,16,0.04064046964049339,0.0,0.0013113354798406363,0.04195180535316467
1413,1.1304,16,0.02083517052233219,0.0,0.003609457053244114,0.02444462850689888
1414,1.1312,16,0.05262744054198265,0.0,0.008579961955547333,0.061207402497529984
1415,1.1320000000000001,16,0.08708921819925308,0.0,0.017629608511924744,0.10471882671117783
1416,1.1328,16,0.0707467794418335,0.0,0.024950537830591202,0.0956973135471344
1417,1.1336,16,0.005223281215876341,0.0,0.00022895341680850834,0.005452234763652086
1418,1.1344,16,0.1471354067325592,0.0,0.020891908556222916,0.16802731156349182
1419,1.1352,16,0.025716178119182587,0.0,0.0005114264786243439,0.02622760459780693
1420,1.1360000000000001,16,0.05587974190711975,0.0,0.0010247359750792384,0.05690447613596916
1421,1.1368,16,0.3769843578338623,0.0,0.008572845719754696,0.3855572044849396
1422,1.1376,16,0.05801551416516304,0.0,0.006630013696849346,0.06464552879333496
1423,1.1384,16,0.621867835521698,0.0,0.03773253411054611,0.6596003770828247
1424,1.1392,16,0.03339817002415657,0.0,0.022790543735027313,0.056188713759183884
1425,1.1400000000000001,16,0.20082764327526093,0.0,0.004297890234738588,0.20512554049491882
1426,1.1408,16,0.32381221652030945,0.0,0.0013684278819710016,0.32518064975738525
1427,1.1416,16,1.2815501689910889,0.0,0.016800247132778168,1.29835045337677
1428,1.1424,16,0.3225100040435791,0.0,0.01138896495103836,0.33389896154403687
1429,1.1432,16,0.13653001189231873,0.0,0.025040244683623314,0.1615702509880066
1430,1.144,16,0.2836099863052368,0.0,0.026461787521839142,0.31007176637649536
1431,1.1448,16,0.2318648099899292,0.0,0.006465164013206959,0.23832997679710388
1432,1.1456,16,0.04624251648783684,0.0,0.0008927042945288122,0.04713521897792816
1433,1.1464,16,0.1604914665222168,0.0,0.0009970399551093578,0.16148850321769714
1434,1.1472,16,0.022197257727384567,0.0,0.001580077689141035,0.02377733588218689
1435,1.148,16,0.27042561769485474,0.0,0.015456339344382286,0.28588196635246277
1436,1.1488,16,0.014835272915661335,0.0,0.0014966600574553013,0.016331933438777924
1437,1.1496,16,0.05158563703298569,0.0,0.005011973902583122,0.05659761279821396
1438,1.1504,16,0.08124717324972153,0.0,0.008279106579720974,0.08952628076076508
1439,1.1512,16,0.09058106690645218,0.0,0.009085339494049549,0.09966640919446945
1440,1.152,16,0.08139795809984207,0.0,0.03817816823720932,0.11957612633705139
1441,1.1528,16,0.06873836368322372,0.0,0.002732811961323023,0.07147117704153061
1442,1.1536,16,0.042149052023887634,0.0,0.014145185239613056,0.056294236332178116
1443,1.1544,16,0.2826097309589386,0.0,0.005510896909981966,0.2881206274032593
1444,1.1552,16,0.18533016741275787,0.0,0.0007909499108791351,0.1861211210489273
1445,1.156,16,0.034151382744312286,0.0,0.016619309782981873,0.05077069252729416
1446,1.1568,16,0.39218053221702576,0.0,0.0034875287674367428,0.39566805958747864
1447,1.1576,16,0.20813563466072083,0.0,0.005497018340975046,0.21363265812397003
1448,1.1584,16,0.24328488111495972,0.0,0.0015207732794806361,0.24480564892292023
1449,1.1592,16,0.14570073783397675,0.0,0.0027553981635719538,0.1484561413526535
1450,1.16,16,0.24795666337013245,0.0,0.01665264181792736,0.26460930705070496
1451,1.1608,16,0.04954427853226662,0.0,0.026136226952075958,0.07568050920963287
1452,1.1616,16,0.20961996912956238,0.0,0.005746650509536266,0.21536661684513092
1453,1.1623999999999999,16,0.38434362411499023,0.0,0.05703961104154587,0.4413832426071167
1454,1.1632,16,0.20256787538528442,0.0,0.010178562253713608,0.21274644136428833
1455,1.164,16,0.0678856298327446,0.0,0.008097159676253796,0.07598278671503067
1456,1.1648,16,0.018716562539339066,0.0,0.0033238031901419163,0.022040365263819695
1457,1.1656,16,0.2178974449634552,0.0,0.004197027534246445,0.22209447622299194
1458,1.1663999999999999,16,0.13935793936252594,0.0,0.004481954500079155,0.14383989572525024
1459,1.1672,16,0.0614689365029335,0.0,0.029632141813635826,0.09110108017921448
1460,1.168,16,0.20896169543266296,0.0,0.006436333991587162,0.21539802849292755
1461,1.1688,16,0.03432062640786171,0.0,0.004302546847611666,0.03862317278981209
1462,1.1696,16,0.04169037938117981,0.0,0.0064993202686309814,0.04818969964981079
1463,1.1703999999999999,16,0.03457839787006378,0.0,0.0029204580932855606,0.03749885410070419
1464,1.1712,16,0.027461238205432892,0.0,0.002165124285966158,0.029626362025737762
1465,1.172,16,0.020739778876304626,0.0,0.002911677584052086,0.023651456460356712
1466,1.1728,16,0.13612954318523407,0.0,0.01935412548482418,0.1554836630821228
1467,1.1736,16,0.02882394939661026,0.0,0.0067981574684381485,0.03562210500240326
1468,1.1743999999999999,16,0.033879078924655914,0.0,0.008128314279019833,0.04200739413499832
1469,1.1752,16,0.3190476596355438,0.0,0.0015499594155699015,0.3205976188182831
1470,1.176,16,0.27206575870513916,0.0,0.006612477824091911,0.2786782383918762
1471,1.1768,16,0.1757211685180664,0.0,0.01828661561012268,0.1940077841281891
1472,1.1776,16,0.020468819886446,0.0,0.002129459520801902,0.022598279640078545
1473,1.1784,16,0.11432789266109467,0.0,0.007411758415400982,0.12173964828252792
1474,1.1792,16,0.0819331556558609,0.0,0.0007914765737950802,0.08272463083267212
1475,1.18,16,0.19693145155906677,0.0,0.008513836190104485,0.2054452896118164
1476,1.1808,16,0.022835126146674156,0.0,0.012752008624374866,0.0355871357023716
1477,1.1816,16,0.04021681845188141,0.0,0.009313843213021755,0.04953066259622574
1478,1.1824,16,0.6431014537811279,0.0,0.05435573309659958,0.6974571943283081
1479,1.1832,16,0.12367572635412216,0.0,0.00898068118840456,0.13265641033649445
1480,1.184,16,0.1396268755197525,0.0,0.010189477354288101,0.1498163491487503
1481,1.1848,16,0.005669640377163887,0.0,0.00032182736322283745,0.0059914677403867245
1482,1.1856,16,0.08379582315683365,0.0,0.0051843998953700066,0.08898022025823593
1483,1.1864,16,0.018686266615986824,0.0,0.008802716620266438,0.027488984167575836
1484,1.1872,16,0.009438098408281803,0.0,0.001778655918315053,0.011216754093766212
1485,1.188,16,0.009518069215118885,0.0,0.0017794091254472733,0.011297478340566158
1486,1.1888,16,0.05941135436296463,0.0,0.012001348659396172,0.07141270488500595
1487,1.1896,16,0.037672873586416245,0.0,0.024426035583019257,0.0620989091694355
1488,1.1904,16,0.05167347937822342,0.0,0.007392950356006622,0.05906642973423004
1489,1.1912,16,0.6273305416107178,0.0,0.0041587576270103455,0.6314892768859863
1490,1.192,16,0.006824621465057135,0.0,0.0018106007482856512,0.008635221980512142
1491,1.1928,16,0.023962566629052162,0.0,0.0024626892991364002,0.026425255462527275
1492,1.1936,16,0.013404232449829578,0.0,0.010995451360940933,0.024399682879447937
1493,1.1944,16,0.04444720968604088,0.0,0.012715008109807968,0.057162217795848846
1494,1.1952,16,0.013456333428621292,0.0,0.0009861927246674895,0.014442525804042816
1495,1.196,16,0.02185664512217045,0.0,0.004994423594325781,0.026851069182157516
1496,1.1968,16,0.08200034499168396,0.0,0.0272572822868824,0.10925762355327606
1497,1.1976,16,0.023392364382743835,0.0,0.006609301082789898,0.030001666396856308
1498,1.1984,16,0.04066965728998184,0.0,0.004029253497719765,0.04469890892505646
1499,1.1992,16,0.011528564617037773,0.0,0.02129652164876461,0.03282508626580238
1500,1.2,16,0.36327189207077026,0.0,0.0017160715069621801,0.36498796939849854
1501,1.2008,16,0.03308607637882233,0.0,0.03130602464079857,0.0643921047449112
1502,1.2016,16,0.04387052357196808,0.0,0.0020188356284052134,0.04588935896754265
1503,1.2024,16,0.004893011413514614,0.0,0.0003982738417107612,0.0052912854589521885
1504,1.2032,16,0.13160651922225952,0.0,0.12285076081752777,0.2544572949409485
1505,1.204,16,0.2768196761608124,0.0,0.04827351123094559,0.32509317994117737
1506,1.2048,16,0.29621636867523193,0.0,0.013399573974311352,0.30961593985557556
1507,1.2056,16,0.5875370502471924,0.0,0.02136121690273285,0.6088982820510864
1508,1.2064,16,0.26009127497673035,0.0,0.010520273819565773,0.27061155438423157
1509,1.2072,16,0.01919025182723999,0.0,0.0009646741673350334,0.0201549269258976
1510,1.208,16,0.798123836517334,0.0,0.0012748795561492443,0.7993987202644348
1511,1.2088,16,0.47957807779312134,0.0,0.07727175205945969,0.5568498373031616
1512,1.2096,16,0.005141047760844231,0.0,0.000190879829460755,0.005331927444785833
1513,1.2104,16,0.0057379454374313354,0.0,0.0002459795796312392,0.005983924958854914
1514,1.2112,16,0.01235111616551876,0.0,0.007691556587815285,0.020042672753334045
1515,1.212,16,0.016168218106031418,0.0,0.021605931222438812,0.03777414932847023
1516,1.2128,16,0.035133183002471924,0.0,0.015700139105319977,0.0508333221077919
1517,1.2136,16,0.43302077054977417,0.0,0.01122681237757206,0.4442475736141205
1518,1.2144,16,0.4286649823188782,0.0,0.06203664466738701,0.4907016158103943
1519,1.2152,16,0.12992453575134277,0.0,0.002215043641626835,0.13213957846164703
1520,1.216,16,0.3087959289550781,0.0,0.012281831353902817,0.32107776403427124
1521,1.2168,16,0.4264667332172394,0.0,0.005432507488876581,0.4318992495536804
1522,1.2176,16,0.026899250224232674,0.0,0.00389623804949224,0.030795488506555557
1523,1.2184,16,0.40301814675331116,0.0,0.007661739364266396,0.4106798768043518
1524,1.2192,16,0.2561638355255127,0.0,0.007334715686738491,0.26349854469299316
1525,1.22,16,0.12053680419921875,0.0,0.02368811145424843,0.14422491192817688
1526,1.2208,16,0.32713091373443604,0.0,0.004455489106476307,0.33158639073371887
1527,1.2216,16,0.11749394237995148,0.0,0.004220232367515564,0.12171417474746704
1528,1.2224,16,0.15624237060546875,0.0,0.07311183959245682,0.22935420274734497
1529,1.2232,16,0.30988118052482605,0.0,0.0636475533246994,0.37352871894836426
1530,1.224,16,0.11274637281894684,0.0,0.0005684673087671399,0.11331483721733093
1531,1.2248,16,0.07886931300163269,0.0,0.0851631760597229,0.1640324890613556
1532,1.2256,16,0.245810866355896,0.0,0.014405927620828152,0.2602168023586273
1533,1.2264,16,0.20281511545181274,0.0,0.00335030909627676,0.20616541802883148
1534,1.2272,16,0.07704363763332367,0.0,0.04664486274123192,0.12368850409984589
1535,1.228,16,0.20773138105869293,0.0,0.02781851962208748,0.2355498969554901
1536,1.2288000000000001,16,0.019845306873321533,0.0,0.003898264840245247,0.02374357171356678
1537,1.2296,16,0.2800580859184265,0.0,0.012412330135703087,0.29247042536735535
1538,1.2304,16,0.07529676705598831,0.0,0.011927619576454163,0.08722438663244247
1539,1.2312,16,0.11814603209495544,0.0,0.035900555551052094,0.15404659509658813
1540,1.232,16,0.01854299195110798,0.0,0.003823827253654599,0.02236681990325451
1541,1.2328000000000001,16,0.30425989627838135,0.0,0.13088634610176086,0.4351462423801422
1542,1.2336,16,0.016732502728700638,0.0,0.002896939404308796,0.01962944120168686
1543,1.2344,16,0.055373162031173706,0.0,0.011777926236391068,0.06715108454227448
1544,1.2352,16,0.1913585662841797,0.0,0.06238880753517151,0.2537473738193512
1545,1.236,16,0.6306874752044678,0.0,0.01022336259484291,0.6409108638763428
1546,1.2368000000000001,16,0.17016170918941498,0.0,0.0013406998477876186,0.17150241136550903
1547,1.2376,16,0.10049840807914734,0.0,0.020123453810811043,0.12062186002731323
1548,1.2384,16,0.05898726359009743,0.0,0.021208778023719788,0.08019603788852692
1549,1.2392,16,0.13158507645130157,0.0,0.025909844785928726,0.15749491751194
1550,1.24,16,0.6256934404373169,0.0,0.0005842276150360703,0.6262776851654053
1551,1.2408,16,0.13848340511322021,0.0,0.008110910654067993,0.1465943157672882
1552,1.2416,16,0.06755414605140686,0.0,0.027734743431210518,0.09528888761997223
1553,1.2424,16,0.023282689973711967,0.0,0.002452918328344822,0.025735609233379364
1554,1.2432,16,0.01936694048345089,0.0,0.0006618074257858098,0.020028747618198395
1555,1.244,16,0.11273668706417084,0.0,0.024456379935145378,0.13719306886196136
1556,1.2448,16,0.16232416033744812,0.0,0.08224110305309296,0.24456526339054108
1557,1.2456,16,0.2905535101890564,0.0,0.014965548180043697,0.3055190443992615
1558,1.2464,16,0.034605301916599274,0.0,0.0010117889614775777,0.03561709076166153
1559,1.2472,16,0.045363426208496094,0.0,0.01509044598788023,0.0604538731276989
1560,1.248,16,0.1749824434518814,0.0,0.03637176379561424,0.21135421097278595
1561,1.2488,16,0.07622095942497253,0.0,0.011806159280240536,0.08802711963653564
1562,1.2496,16,0.029485035687685013,0.0,0.0011485401773825288,0.030633576214313507
1563,1.2504,16,0.07601872086524963,0.0,0.003212724346667528,0.07923144847154617
1564,1.2511999999999999,16,0.2915268838405609,0.0,0.006771405227482319,0.29829829931259155
1565,1.252,16,0.31693539023399353,0.0,0.023487210273742676,0.3404226005077362
1566,1.2528000000000001,16,0.1659814864397049,0.0,0.0033174059353768826,0.16929888725280762
1567,1.2536,16,0.04367227479815483,0.0,0.018017714843153954,0.061689987778663635
1568,1.2544,16,0.03813159838318825,0.0,0.01651826500892639,0.05464986339211464
1569,1.2551999999999999,16,0.03236473351716995,0.0,0.016870057210326195,0.049234792590141296
1570,1.256,16,0.01575164496898651,0.0,0.0008272969862446189,0.01657894253730774
1571,1.2568,16,0.04946306347846985,0.0,0.02514483779668808,0.07460790127515793
1572,1.2576,16,0.14171990752220154,0.0,0.007571015506982803,0.14929091930389404
1573,1.2584,16,0.051406338810920715,0.0,0.024516822770237923,0.07592315971851349
1574,1.2591999999999999,16,0.08346386253833771,0.0,0.0016508664702996612,0.0851147323846817
1575,1.26,16,0.09824040532112122,0.0,0.029948953539133072,0.128189355134964
1576,1.2608,16,0.21145208179950714,0.0,0.007370427250862122,0.21882250905036926
1577,1.2616,16,0.09878682345151901,0.0,0.002774943597614765,0.1015617698431015
1578,1.2624,16,0.14953352510929108,0.0,0.008355146273970604,0.15788866579532623
1579,1.2631999999999999,16,0.2890164256095886,0.0,0.0054313745349645615,0.29444780945777893
1580,1.264,16,0.5219610929489136,0.0,0.005115606356412172,0.5270767211914062
1581,1.2648,16,0.5206416845321655,0.0,0.002063421066850424,0.522705078125
1582,1.2656,16,0.01680614985525608,0.0,0.0009078534785658121,0.01771400310099125
1583,1.2664,16,0.08802806586027145,0.0,0.012781091034412384,0.10080915689468384
1584,1.2671999999999999,16,0.03654764965176582,0.0,0.004282282665371895,0.04082993417978287
1585,1.268,16,0.030593419447541237,0.0,0.0033844439312815666,0.03397786244750023
1586,1.2688,16,0.15285077691078186,0.0,0.00489567406475544,0.15774644911289215
1587,1.2696,16,0.21982061862945557,0.0,0.048833273351192474,0.26865389943122864
1588,1.2704,16,0.12790444493293762,0.0,0.007110483944416046,0.13501492142677307
1589,1.2711999999999999,16,0.4711047410964966,0.0,0.024664629250764847,0.4957693815231323
1590,1.272,16,0.16702838242053986,0.0,0.01225810032337904,0.17928647994995117
1591,1.2728,16,0.010355396196246147,0.0,0.00038235558895394206,0.010737751610577106
1592,1.2736,16,0.03202115371823311,0.0,0.0013272418873384595,0.03334839642047882
1593,1.2744,16,0.007253479678183794,0.0,0.0002754218876361847,0.007528901565819979
1594,1.2752,16,0.23264913260936737,0.0,0.0037417300045490265,0.2363908588886261
1595,1.276,16,0.0229658130556345,0.0,0.001291385036893189,0.024257197976112366
1596,1.2768,16,0.01291574351489544,0.0,0.0005321146454662085,0.013447858393192291
1597,1.2776,16,0.0252065546810627,0.0,0.002133024390786886,0.027339579537510872
1598,1.2784,16,0.062397949397563934,0.0,0.04674740135669708,0.10914535075426102
1599,1.2792,16,0.040387146174907684,0.0,0.040169261395931244,0.08055640757083893
1600,1.28,16,0.03623466193675995,0.0,0.010541693307459354,0.04677635431289673
1601,1.2808,16,0.007820121012628078,0.0,0.000465972552774474,0.00828609336167574
1602,1.2816,16,0.25735020637512207,0.0,0.009299742057919502,0.2666499614715576
1603,1.2824,16,0.13886037468910217,0.0,0.054931074380874634,0.1937914490699768
1604,1.2832,16,0.694014847278595,0.0,0.003238400910049677,0.6972532272338867
1605,1.284,16,0.0796712338924408,0.0,0.0027614394202828407,0.08243267238140106
1606,1.2848,16,0.048215799033641815,0.0,0.004382776096463203,0.05259857326745987
1607,1.2856,16,0.04092273488640785,0.0,0.03416883200407028,0.07509157061576843
1608,1.2864,16,0.4659738540649414,0.0,0.028075922280550003,0.4940497875213623
1609,1.2872,16,0.37025660276412964,0.0,0.00268341600894928,0.3729400038719177
1610,1.288,16,0.18950846791267395,0.0,0.019837861880660057,0.20934632420539856
1611,1.2888,16,0.3947683572769165,0.0,0.01203315332531929,0.4068015217781067
1612,1.2896,16,0.45090407133102417,0.0,0.01565415970981121,0.46655821800231934
1613,1.2904,16,0.007249804213643074,0.0,0.0002483898133505136,0.007498193997889757
1614,1.2912,16,0.02784723788499832,0.0,0.0016267354367300868,0.02947397343814373
1615,1.292,16,0.37477344274520874,0.0,0.010810896754264832,0.38558435440063477
1616,1.2928,16,0.009366708807647228,0.0,0.0014618027489632368,0.010828511789441109
1617,1.2936,16,0.07681845873594284,0.0,0.059092987328767776,0.13591144979000092
1618,1.2944,16,0.10233287513256073,0.0,0.003918311558663845,0.10625118762254715
1619,1.2952,16,0.006912976037710905,0.0,0.00013325983309186995,0.007046235725283623
1620,1.296,16,0.2501969337463379,0.0,0.0012495956616476178,0.25144651532173157
1621,1.2968,16,0.4221346080303192,0.0,0.004427410662174225,0.42656201124191284
1622,1.2976,16,0.1374852955341339,0.0,0.024634353816509247,0.16211965680122375
1623,1.2984,16,0.17999035120010376,0.0,0.03625054284930229,0.21624089777469635
1624,1.2992,16,0.04433649778366089,0.0,0.02148093655705452,0.06581743061542511
1625,1.3,16,0.1635810136795044,0.0,0.014912595972418785,0.17849360406398773
1626,1.3008,16,0.37397536635398865,0.0,0.006532649043947458,0.3805080056190491
1627,1.3016,16,0.025697629898786545,0.0,0.003100516041740775,0.028798146173357964
1628,1.3024,16,0.07111802697181702,0.0,0.010746477171778679,0.08186450600624084
1629,1.3032,16,0.050718776881694794,0.0,0.002408534288406372,0.053127311170101166
1630,1.304,16,0.026941969990730286,0.0,0.005291662644594908,0.03223363310098648
1631,1.3048,16,0.011619583703577518,0.0,0.0006921148160472512,0.012311698868870735
1632,1.3056,16,0.022941071540117264,0.0,0.002400399185717106,0.025341469794511795
1633,1.3064,16,0.48572516441345215,0.0,0.004630808252841234,0.4903559684753418
1634,1.3072,16,0.012214303016662598,0.0,0.0008909261086955667,0.01310522947460413
1635,1.308,16,0.16798990964889526,0.0,0.011817594058811665,0.17980749905109406
1636,1.3088,16,0.10603569447994232,0.0,0.04241122305393219,0.1484469175338745
1637,1.3096,16,0.13171857595443726,0.0,0.005626239348202944,0.1373448222875595
1638,1.3104,16,0.019101139158010483,0.0,0.0022091439459472895,0.02131028287112713
1639,1.3112,16,0.019526787102222443,0.0,0.006414821371436119,0.02594160847365856
1640,1.312,16,0.05214595049619675,0.0,0.019689766690135002,0.0718357190489769
1641,1.3128,16,0.009779512882232666,0.0,0.0007946927798911929,0.01057420577853918
1642,1.3136,16,0.5509893298149109,0.0,0.0038799236062914133,0.5548692345619202
1643,1.3144,16,0.17000842094421387,0.0,0.0005667897639796138,0.17057521641254425
1644,1.3152,16,0.0772375836968422,0.0,0.0157611183822155,0.0929986983537674
1645,1.316,16,0.011622641235589981,0.0,0.0030804204288870096,0.014703061431646347
1646,1.3168,16,0.04847632721066475,0.0,0.007295247633010149,0.05577157437801361
1647,1.3176,16,0.3347952365875244,0.0,0.01244073361158371,0.3472359776496887
1648,1.3184,16,0.17251810431480408,0.0,0.02208862081170082,0.1946067214012146
1649,1.3192,16,0.3317585587501526,0.0,0.008800936862826347,0.3405594825744629
1650,1.32,16,0.32742613554000854,0.0,0.002475722460076213,0.3299018442630768
1651,1.3208,16,0.006961795501410961,0.0,0.0004042852087877691,0.007366080768406391
1652,1.3216,16,0.5715804100036621,0.0,0.030682168900966644,0.602262556552887
1653,1.3224,16,0.1512925624847412,0.0,0.0015089481603354216,0.152801513671875
1654,1.3232,16,0.19841516017913818,0.0,0.01225365325808525,0.21066881716251373
1655,1.324,16,0.2657308280467987,0.0,0.0062656342051923275,0.27199646830558777
1656,1.3248,16,0.08558128774166107,0.0,0.021901533007621765,0.10748282074928284
1657,1.3256000000000001,16,0.02720499411225319,0.0,0.006412610411643982,0.03361760452389717
1658,1.3264,16,0.014446795918047428,0.0,0.0009112177649512887,0.015358014032244682
1659,1.3272,16,0.31341344118118286,0.0,0.0010356652783229947,0.31444910168647766
1660,1.328,16,0.2975614666938782,0.0,0.0011689480161294341,0.29873040318489075
1661,1.3288,16,0.010255422443151474,0.0,0.0010647301096469164,0.011320152319967747
1662,1.3296000000000001,16,0.14231529831886292,0.0,0.0024478607811033726,0.14476315677165985
1663,1.3304,16,0.41654738783836365,0.0,0.006013319827616215,0.4225607216358185
1664,1.3312,16,0.019167928025126457,0.0,0.0025839591398835182,0.02175188809633255
1665,1.332,16,0.01854853332042694,0.0,0.004505900666117668,0.02305443398654461
1666,1.3328,16,0.02191201224923134,0.0,0.0009442255250178277,0.02285623736679554
1667,1.3336000000000001,16,0.040739573538303375,0.0,0.012098683975636959,0.05283825844526291
1668,1.3344,16,0.13960415124893188,0.0,0.010188933461904526,0.1497930884361267
1669,1.3352,16,0.024513132870197296,0.0,0.01617981493473053,0.040692947804927826
1670,1.336,16,0.007989075966179371,0.0,0.0007455997983925045,0.00873467605561018
1671,1.3368,16,0.45672136545181274,0.0,0.06445371359586716,0.5211750864982605
1672,1.3376000000000001,16,0.020151609554886818,0.0,0.002722102217376232,0.022873710840940475
1673,1.3384,16,0.039217688143253326,0.0,0.007097921334207058,0.04631561040878296
1674,1.3392,16,0.09116699546575546,0.0,0.0299350768327713,0.12110207229852676
1675,1.34,16,0.16222265362739563,0.0,0.008794116787612438,0.17101676762104034
1676,1.3408,16,0.177519291639328,0.0,0.006696387659758329,0.18421567976474762
1677,1.3416000000000001,16,0.021185975521802902,0.0,0.034093789756298065,0.05527976527810097
1678,1.3424,16,0.055407386273145676,0.0,0.0013383653713390231,0.056745752692222595
1679,1.3432,16,0.12790440022945404,0.0,0.04121106490492821,0.16911546885967255
1680,1.3439999999999999,16,0.21434232592582703,0.0,0.0023124455474317074,0.21665477752685547
1681,1.3448,16,0.35303157567977905,0.0,0.01640627346932888,0.3694378435611725
1682,1.3456000000000001,16,0.030533846467733383,0.0,0.004540306981652975,0.035074152052402496
1683,1.3464,16,0.016252640634775162,0.0,0.008148694410920143,0.024401335045695305
1684,1.3472,16,0.6138217449188232,0.0,0.00917614996433258,0.6229978799819946
1685,1.3479999999999999,16,0.5570738911628723,0.0,0.03765399754047394,0.5947278738021851
1686,1.3488,16,0.3742818534374237,0.0,0.008985933847725391,0.3832677900791168
1687,1.3496000000000001,16,0.3404325544834137,0.0,0.000986357219517231,0.34141892194747925
1688,1.3504,16,0.11875899881124496,0.0,0.01146671548485756,0.13022571802139282
1689,1.3512,16,0.029948540031909943,0.0,0.006317324936389923,0.036265864968299866
1690,1.3519999999999999,16,0.013794288970530033,0.0,0.004807152785360813,0.018601441755890846
1691,1.3528,16,0.19396400451660156,0.0,0.012336095795035362,0.20630009472370148
1692,1.3536000000000001,16,0.11610632389783859,0.0,0.018592504784464836,0.13469882309436798
1693,1.3544,16,0.03165055066347122,0.0,0.006879149936139584,0.03852970153093338
1694,1.3552,16,0.18749715387821198,0.0,0.013461226597428322,0.20095838606357574
1695,1.3559999999999999,16,0.14218738675117493,0.0,0.08274096250534058,0.2249283492565155
1696,1.3568,16,0.26432114839553833,0.0,0.0026022710371762514,0.2669234275817871
1697,1.3576,16,0.07603344321250916,0.0,0.040887195616960526,0.11692063510417938
1698,1.3584,16,0.14898401498794556,0.0,0.044753722846508026,0.19373774528503418
1699,1.3592,16,0.06832660734653473,0.0,0.007320118136703968,0.07564672827720642
1700,1.3599999999999999,16,0.24047446250915527,0.0,0.0021773295011371374,0.2426517903804779
1701,1.3608,16,0.08601216971874237,0.0,0.0035288489889353514,0.08954101800918579
1702,1.3616,16,0.04584791511297226,0.0,0.0039051114581525326,0.04975302517414093
1703,1.3624,16,0.11071571707725525,0.0,0.0022605934645980597,0.1129763126373291
1704,1.3632,16,0.4075455963611603,0.0,0.017557546496391296,0.4251031279563904
1705,1.3639999999999999,16,0.11382462084293365,0.0,0.0732693150639534,0.18709394335746765
1706,1.3648,16,0.17190009355545044,0.0,0.0012027908815070987,0.17310288548469543
1707,1.3656,16,0.36300984025001526,0.0,0.0033657485619187355,0.366375595331192
1708,1.3664,16,0.013421321287751198,0.0,0.0016323020681738853,0.015053623355925083
1709,1.3672,16,0.06995172798633575,0.0,0.003844593185931444,0.07379632443189621
1710,1.3679999999999999,16,0.15923744440078735,0.0,0.10436757653951645,0.2636050283908844
1711,1.3688,16,0.37996190786361694,0.0,0.0578346773982048,0.43779659271240234
1712,1.3696,16,0.15443754196166992,0.0,0.043478235602378845,0.19791577756404877
1713,1.3704,16,0.04750412330031395,0.0,0.004641375504434109,0.05214549973607063
1714,1.3712,16,0.12179375439882278,0.0,0.005577653646469116,0.1273714005947113
1715,1.3719999999999999,16,0.029861679300665855,0.0,0.0017003375105559826,0.031562015414237976
1716,1.3728,16,0.10447398573160172,0.0,0.016516808420419693,0.1209907978773117
1717,1.3736,16,0.07863616943359375,0.0,0.00801477488130331,0.08665094524621964
1718,1.3744,16,0.06645342707633972,0.0,0.031521935015916824,0.09797535836696625
1719,1.3752,16,0.13574805855751038,0.0,0.010322803631424904,0.14607086777687073
1720,1.376,16,0.03647981584072113,0.0,0.028635259717702866,0.0651150792837143
1721,1.3768,16,0.14617103338241577,0.0,0.02732405997812748,0.1734950989484787
1722,1.3776,16,0.1753281056880951,0.0,0.015098639763891697,0.1904267519712448
1723,1.3784,16,0.22973918914794922,0.0,0.008737973868846893,0.2384771704673767
1724,1.3792,16,0.22254079580307007,0.0,0.05476126819849014,0.2773020565509796
1725,1.38,16,0.02343285083770752,0.0,0.003883833298459649,0.027316683903336525
1726,1.3808,16,0.03959009796380997,0.0,0.006715662777423859,0.046305760741233826
1727,1.3816,16,0.037560880184173584,0.0,0.00861759576946497,0.04617847502231598
1728,1.3824,16,0.011660823598504066,0.0,0.0003418195410631597,0.012002643197774887
1729,1.3832,16,0.011391617357730865,0.0,0.0007060160860419273,0.012097633443772793
1730,1.384,16,0.011157670058310032,0.0,0.002701415680348873,0.013859085738658905
1731,1.3848,16,0.31039702892303467,0.0,0.08088991045951843,0.3912869393825531
1732,1.3856,16,0.277082622051239,0.0,0.015970801934599876,0.29305341839790344
1733,1.3864,16,0.451804518699646,0.0,0.05430765450000763,0.5061121582984924
1734,1.3872,16,0.007427834440022707,0.0,0.0009515772107988596,0.00837941188365221
1735,1.388,16,0.11688318848609924,0.0,0.002106264466419816,0.11898945271968842
1736,1.3888,16,0.26508116722106934,0.0,0.0007113071624189615,0.26579248905181885
1737,1.3896,16,0.43583256006240845,0.0,0.08740033209323883,0.5232328772544861
1738,1.3904,16,0.011144377291202545,0.0,0.001170121249742806,0.01231449842453003
1739,1.3912,16,0.10949826240539551,0.0,0.011057622730731964,0.12055588513612747
1740,1.392,16,0.3970039486885071,0.0,0.00683056004345417,0.4038345217704773
1741,1.3928,16,0.27493855357170105,0.0,0.0032117057126015425,0.2781502604484558
1742,1.3936,16,0.007066243328154087,0.0,0.0003727192815858871,0.007438962813466787
1743,1.3944,16,0.019356854259967804,0.0,0.0027789389714598656,0.022135794162750244
1744,1.3952,16,0.006646840833127499,0.0,0.0003674528852570802,0.007014293689280748
1745,1.396,16,0.34905189275741577,0.0,0.011104824021458626,0.36015671491622925
1746,1.3968,16,0.6311208605766296,0.0,0.03555700182914734,0.6666778326034546
1747,1.3976,16,0.09877223521471024,0.0,0.11223449558019638,0.21100673079490662
1748,1.3984,16,0.1626797467470169,0.0,0.0011445095296949148,0.16382426023483276
1749,1.3992,16,0.32761791348457336,0.0,0.0016797503922134638,0.32929766178131104
1750,1.4,16,0.5968902111053467,0.0,0.07502724230289459,0.6719174385070801
1751,1.4008,16,0.2535683810710907,0.0,0.0012187353568151593,0.2547871172428131
1752,1.4016,16,0.08439553529024124,0.0,0.0068300990387797356,0.09122563153505325
1753,1.4024,16,0.38642656803131104,0.0,0.0025924311485141516,0.3890190124511719
1754,1.4032,16,0.06832894682884216,0.0,0.023081261664628983,0.09141020476818085
1755,1.404,16,0.02512938529253006,0.0,0.00518012372776866,0.030309509485960007
1756,1.4048,16,0.031741201877593994,0.0,0.0038549741730093956,0.035596176981925964
1757,1.4056,16,0.02959783561527729,0.0,0.0035460006911307573,0.03314383700489998
1758,1.4064,16,0.17682844400405884,0.0,0.003116380888968706,0.17994482815265656
1759,1.4072,16,0.05124667286872864,0.0,0.003253003116697073,0.05449967458844185
1760,1.408,16,0.05554477125406265,0.0,0.011439846828579903,0.0669846162199974
1761,1.4088,16,0.026185693219304085,0.0,0.010955240577459335,0.03714093565940857
1762,1.4096,16,0.30448800325393677,0.0,0.00567415077239275,0.31016215682029724
1763,1.4104,16,0.37426066398620605,0.0,0.0014122428838163614,0.3756729066371918
1764,1.4112,16,0.014375725761055946,0.0,0.000568965682759881,0.014944691210985184
1765,1.412,16,0.20406559109687805,0.0,0.01641140505671501,0.22047699987888336
1766,1.4128,16,0.11606597900390625,0.0,0.03836744278669357,0.15443342924118042
1767,1.4136,16,0.24542692303657532,0.0,0.02506876364350319,0.2704956829547882
1768,1.4144,16,0.06712082028388977,0.0,0.012554040178656578,0.0796748623251915
1769,1.4152,16,0.03297339752316475,0.0,0.0020144733134657145,0.03498787060379982
1770,1.416,16,0.1467551290988922,0.0,0.05473034828901291,0.20148548483848572
1771,1.4168,16,0.10074283182621002,0.0,0.029631104320287704,0.13037393987178802
1772,1.4176,16,0.3001847267150879,0.0,0.0034490185789763927,0.30363374948501587
1773,1.4184,16,0.039468295872211456,0.0,0.016028601676225662,0.05549689754843712
1774,1.4192,16,0.7365012168884277,0.0,0.021541615948081017,0.7580428123474121
1775,1.42,16,0.019298259168863297,0.0,0.0029491540044546127,0.02224741317331791
1776,1.4208,16,0.0944010317325592,0.0,0.010320859961211681,0.10472188889980316
1777,1.4216,16,0.08891080319881439,0.0,0.007341853808611631,0.09625265747308731
1778,1.4224,16,0.06375277787446976,0.0,0.003667459823191166,0.06742023676633835
1779,1.4232,16,0.260606050491333,0.0,0.022645391523838043,0.28325143456459045
1780,1.424,16,0.4523487091064453,0.0,0.0033793658949434757,0.45572808384895325
1781,1.4248,16,0.06416867673397064,0.0,0.0014573861844837666,0.06562606245279312
1782,1.4256,16,0.36175137758255005,0.0,0.03981631249189377,0.4015676975250244
1783,1.4264000000000001,16,0.022594008594751358,0.0,0.002470764797180891,0.025064773857593536
1784,1.4272,16,0.020893055945634842,0.0,0.0005973645020276308,0.021490421146154404
1785,1.428,16,0.24152670800685883,0.0,0.02982497029006481,0.2713516652584076
1786,1.4288,16,0.11741673201322556,0.0,0.016018521040678024,0.13343524932861328
1787,1.4296,16,0.8708850145339966,0.0,0.02821260690689087,0.8990976214408875
1788,1.4304000000000001,16,0.1419740468263626,0.0,0.012498985975980759,0.15447303652763367
1789,1.4312,16,0.13747969269752502,0.0,0.06277814507484436,0.20025783777236938
1790,1.432,16,0.05687535181641579,0.0,0.021149810403585434,0.07802516222000122
1791,1.4328,16,0.1133461445569992,0.0,0.008890869095921516,0.12223701179027557
1792,1.4336,16,0.03818535432219505,0.0,0.0370156392455101,0.07520098984241486
1793,1.4344000000000001,16,0.023345930501818657,0.0,0.005736732855439186,0.029082663357257843
1794,1.4352,16,0.4597775340080261,0.0,0.00750929256901145,0.4672868251800537
1795,1.436,16,0.027194960042834282,0.0,0.00238940492272377,0.029584364965558052
1796,1.4368,16,0.06492945551872253,0.0,0.008610771968960762,0.07354022562503815
1797,1.4376,16,0.6236043572425842,0.0,0.001980959204956889,0.6255853176116943
1798,1.4384000000000001,16,0.39416348934173584,0.0,0.0011799691710621119,0.39534345269203186
1799,1.4392,16,0.03795704245567322,0.0,0.024686545133590698,0.06264358758926392
1800,1.44,16,0.3158082365989685,0.0,0.003958321642130613,0.3197665512561798
1801,1.4408,16,0.32048270106315613,0.0,0.0011815689504146576,0.3216642737388611
1802,1.4416,16,0.03302362561225891,0.0,0.007299799006432295,0.04032342508435249
1803,1.4424000000000001,16,0.5335705876350403,0.0,0.003408978460356593,0.5369795560836792
1804,1.4432,16,0.027110282331705093,0.0,0.0013685545418411493,0.0284788366407156
1805,1.444,16,0.1676272451877594,0.0,0.017623938620090485,0.1852511763572693
1806,1.4447999999999999,16,0.6047208309173584,0.0,0.017821049317717552,0.6225419044494629
1807,1.4456,16,0.026733357459306717,0.0,0.0053375717252492905,0.03207092732191086
1808,1.4464000000000001,16,0.09484071284532547,0.0,0.006176561117172241,0.10101727396249771
1809,1.4472,16,0.018961161375045776,0.0,0.007416235748678446,0.026377396658062935
1810,1.448,16,0.07380266487598419,0.0,0.031202588230371475,0.10500524938106537
1811,1.4487999999999999,16,0.0743410512804985,0.0,0.03972760587930679,0.1140686571598053
1812,1.4496,16,0.22999230027198792,0.0,0.03764985501766205,0.26764214038848877
1813,1.4504000000000001,16,0.1617320477962494,0.0,0.03146073967218399,0.19319278001785278
1814,1.4512,16,0.06834708154201508,0.0,0.0028553702868521214,0.07120244950056076
1815,1.452,16,0.06378477066755295,0.0,0.016398537904024124,0.08018331229686737
1816,1.4527999999999999,16,0.05293218791484833,0.0,0.05201224982738495,0.10494443774223328
1817,1.4536,16,0.015127407386898994,0.0,0.002849321812391281,0.017976729199290276
1818,1.4544000000000001,16,0.03845375403761864,0.0,0.009770385921001434,0.04822413995862007
1819,1.4552,16,0.26691287755966187,0.0,0.003243585117161274,0.27015647292137146
1820,1.456,16,0.3025190532207489,0.0,0.042301710695028305,0.3448207676410675
1821,1.4567999999999999,16,0.019859936088323593,0.0,0.0018588141538202763,0.021718749776482582
1822,1.4576,16,0.27229249477386475,0.0,0.026337455958127975,0.2986299395561218
1823,1.4584,16,0.07618314772844315,0.0,0.007616312243044376,0.08379945904016495
1824,1.4592,16,0.17854812741279602,0.0,0.0018253916641697288,0.18037351965904236
1825,1.46,16,0.17413802444934845,0.0,0.0103725865483284,0.18451061844825745
1826,1.4607999999999999,16,0.012868721038103104,0.0,0.000755913439206779,0.013624634593725204
1827,1.4616,16,0.0378657802939415,0.0,0.0031801341101527214,0.041045915335416794
1828,1.4624,16,0.3170543909072876,0.0,0.062228329479694366,0.37928271293640137
1829,1.4632,16,0.04424336552619934,0.0,0.019803453236818314,0.06404681503772736
1830,1.464,16,0.5160118341445923,0.0,0.008288105949759483,0.5242999196052551
1831,1.4647999999999999,16,0.03312477469444275,0.0,0.009652393870055676,0.042777169495821
1832,1.4656,16,0.2481035441160202,0.0,0.003519421210512519,0.2516229748725891
1833,1.4664,16,0.11217467486858368,0.0,0.0099107064306736,0.12208537757396698
1834,1.4672,16,0.30239421129226685,0.0,0.060370586812496185,0.36276480555534363
1835,1.468,16,0.1369638592004776,0.0,0.008602235466241837,0.14556609094142914
1836,1.4687999999999999,16,0.012558365240693092,0.0,0.0010628660675138235,0.01362123154103756
1837,1.4696,16,0.53950035572052,0.0,0.030445002019405365,0.5699453353881836
1838,1.4704,16,0.10179658234119415,0.0,0.0024724313989281654,0.10426901280879974
1839,1.4712,16,0.016224447637796402,0.0,0.004326034802943468,0.020550481975078583
1840,1.472,16,0.13061442971229553,0.0,0.004516720771789551,0.13513115048408508
1841,1.4727999999999999,16,0.30212390422821045,0.0,0.0023786560632288456,0.30450254678726196
1842,1.4736,16,0.36969923973083496,0.0,0.008415080606937408,0.3781143128871918
1843,1.4744,16,0.02035685069859028,0.0,0.0067558689042925835,0.027112718671560287
1844,1.4752,16,0.6607097387313843,0.0,0.002246950287371874,0.662956714630127
1845,1.476,16,0.010334481485188007,0.0,0.001096672611311078,0.011431153863668442
1846,1.4768,16,0.19794079661369324,0.0,0.008652876131236553,0.20659367740154266
1847,1.4776,16,0.024390554055571556,0.0,0.002456473186612129,0.026847027242183685
1848,1.4784,16,0.08084981143474579,0.0,0.004393076524138451,0.08524288982152939
1849,1.4792,16,0.6118021011352539,0.0,0.001940084621310234,0.6137421727180481
1850,1.48,16,0.012437115423381329,0.0,0.0006206941325217485,0.013057809323072433
1851,1.4808,16,0.07443734258413315,0.0,0.010089398361742496,0.08452674001455307
1852,1.4816,16,0.2167474329471588,0.0,0.0015869508497416973,0.2183343768119812
1853,1.4824,16,0.019462618976831436,0.0,0.008849924430251122,0.028312543407082558
1854,1.4832,16,0.28702664375305176,0.0,0.015885192900896072,0.3029118478298187
1855,1.484,16,0.008384618908166885,0.0,0.0005707769305445254,0.00895539578050375
1856,1.4848,16,0.11895689368247986,0.0,0.007953171618282795,0.12691006064414978
1857,1.4856,16,0.09468649327754974,0.0,0.018870774656534195,0.11355726420879364
1858,1.4864,16,0.00903670396655798,0.0,0.0008488565217703581,0.009885560721158981
1859,1.4872,16,0.0854688286781311,0.0,0.01035613939166069,0.09582497179508209
1860,1.488,16,0.3360648453235626,0.0,0.012420499697327614,0.3484853506088257
1861,1.4888,16,0.157960906624794,0.0,0.025572720915079117,0.18353362381458282
1862,1.4896,16,0.14173009991645813,0.0,0.0005869675078429282,0.14231707155704498
1863,1.4904,16,0.007029959931969643,0.0,0.0003529888635966927,0.007382948882877827
1864,1.4912,16,0.422060489654541,0.0,0.0008786238613538444,0.42293912172317505
1865,1.492,16,0.23488420248031616,0.0,0.0020655146799981594,0.23694971203804016
1866,1.4928,16,0.12673768401145935,0.0,0.012579971924424171,0.13931766152381897
1867,1.4936,16,0.02445773407816887,0.0,0.009008165448904037,0.033465899527072906
1868,1.4944,16,0.26885825395584106,0.0,0.011774832382798195,0.2806330919265747
1869,1.4952,16,0.15730682015419006,0.0,0.013045242056250572,0.1703520566225052
1870,1.496,16,0.012726047076284885,0.0,0.0029004982206970453,0.01562654599547386
1871,1.4968,16,0.021293330937623978,0.0,0.002539541572332382,0.02383287250995636
1872,1.4976,16,0.6321903467178345,0.0,0.04132553189992905,0.6735158562660217
1873,1.4984,16,0.030553389340639114,0.0,0.007963713258504868,0.03851710259914398
1874,1.4992,16,0.29721930623054504,0.0,0.009972491301596165,0.30719178915023804
1875,1.5,16,0.32999199628829956,0.0,0.007055078633129597,0.3370470702648163
1876,1.5008,16,0.2570073902606964,0.0,0.0004506763652898371,0.25745806097984314
1877,1.5016,16,0.4332440495491028,0.0,0.0835181400179863,0.5167621970176697
1878,1.5024,16,0.36137720942497253,0.0,0.02149568311870098,0.38287287950515747
1879,1.5032,16,0.04672061651945114,0.0,0.004316410049796104,0.051037028431892395
1880,1.504,16,0.30556371808052063,0.0,0.09312517940998077,0.3986889123916626
1881,1.5048,16,0.016062965616583824,0.0,0.000522902118973434,0.01658586785197258
1882,1.5056,16,0.08752765506505966,0.0,0.010513892397284508,0.09804154932498932
1883,1.5064,16,0.09406344592571259,0.0,0.011502163484692574,0.10556560754776001
1884,1.5072,16,0.19437137246131897,0.0,0.0011222157627344131,0.19549359381198883
1885,1.508,16,0.33892619609832764,0.0,0.007622210308909416,0.3465484082698822
1886,1.5088,16,0.3291305899620056,0.0,0.014844710938632488,0.343975305557251
1887,1.5096,16,0.0778907760977745,0.0,0.0350804403424263,0.1129712164402008
1888,1.5104,16,0.2147802710533142,0.0,0.004488891921937466,0.21926915645599365
1889,1.5112,16,0.13372033834457397,0.0,0.009388290345668793,0.14310863614082336
1890,1.512,16,0.3240107297897339,0.0,0.005454224534332752,0.32946494221687317
1891,1.5128,16,0.1870771050453186,0.0,0.015084683895111084,0.2021617889404297
1892,1.5135999999999998,16,0.08652329444885254,0.0,0.013524021953344345,0.10004732012748718
1893,1.5144,16,0.018127180635929108,0.0,0.0014474110212177038,0.019574591889977455
1894,1.5152,16,0.01572083868086338,0.0,0.0038051698356866837,0.019526008516550064
1895,1.516,16,0.01022176630795002,0.0,0.0011351440334692597,0.011356910690665245
1896,1.5168,16,0.01790270395576954,0.0,0.015440195798873901,0.03334289789199829
1897,1.5175999999999998,16,0.011292174458503723,0.0,0.00029894860927015543,0.011591123417019844
1898,1.5184,16,0.021545764058828354,0.0,0.003178987419232726,0.024724751710891724
1899,1.5192,16,0.48413652181625366,0.0,0.008828309364616871,0.49296483397483826
1900,1.52,16,0.09777098894119263,0.0,0.006657338701188564,0.10442832857370377
1901,1.5208,16,0.05290959030389786,0.0,0.016495265066623688,0.06940485537052155
1902,1.5215999999999998,16,0.05826251208782196,0.0,0.014680273830890656,0.07294278591871262
1903,1.5224,16,0.06580062210559845,0.0,0.030715089291334152,0.0965157151222229
1904,1.5232,16,0.25392359495162964,0.0,0.019974473863840103,0.27389806509017944
1905,1.524,16,0.030593492090702057,0.0,0.006586809176951647,0.037180300801992416
1906,1.5248,16,0.2417936623096466,0.0,0.003518975805491209,0.2453126311302185
1907,1.5255999999999998,16,0.04357388615608215,0.0,0.01662033423781395,0.0601942203938961
1908,1.5264,16,0.16447967290878296,0.0,0.01570555567741394,0.1801852285861969
1909,1.5272000000000001,16,0.07997111231088638,0.0,0.025269856676459312,0.10524097084999084
1910,1.528,16,0.05290461704134941,0.0,0.00310835475102067,0.05601297318935394
1911,1.5288,16,0.012306774035096169,0.0,0.0008902932167984545,0.013197067193686962
1912,1.5295999999999998,16,0.5937520265579224,0.0,0.0038320310413837433,0.597584068775177
1913,1.5304,16,0.007316516246646643,0.0,0.0005412668106146157,0.007857782766222954
1914,1.5312000000000001,16,0.42670783400535583,0.0,0.02474391832947731,0.45145174860954285
1915,1.532,16,0.2501964867115021,0.0,0.04188953712582588,0.29208603501319885
1916,1.5328,16,0.1400040239095688,0.0,0.007398967165499926,0.14740298688411713
1917,1.5335999999999999,16,0.031699322164058685,0.0,0.008561179041862488,0.04026050120592117
1918,1.5344,16,0.04430064186453819,0.0,0.0030956589616835117,0.047396302223205566
1919,1.5352000000000001,16,0.16492652893066406,0.0,0.08418161422014236,0.24910813570022583
1920,1.536,16,0.04706505313515663,0.0,0.03620658069849014,0.08327163755893707
1921,1.5368,16,0.06161455065011978,0.0,0.002871789038181305,0.06448633968830109
1922,1.5375999999999999,16,0.005880970507860184,0.0,0.0003832543734461069,0.006264224648475647
1923,1.5384,16,0.17967769503593445,0.0,0.07542804628610611,0.25510573387145996
1924,1.5392000000000001,16,0.06799331307411194,0.0,0.035979725420475006,0.10397303849458694
1925,1.54,16,0.05300617218017578,0.0,0.012612523511052132,0.06561869382858276
1926,1.5408,16,0.01706487499177456,0.0,0.005491518881171942,0.022556394338607788
1927,1.5415999999999999,16,0.07217870652675629,0.0,0.03041268140077591,0.1025913879275322
1928,1.5424,16,0.3724113404750824,0.0,0.0018122259061783552,0.3742235600948334
1929,1.5432000000000001,16,0.010096987709403038,0.0,0.0021850615739822388,0.012282049283385277
1930,1.544,16,0.16869975626468658,0.0,0.0010038824984803796,0.1697036325931549
1931,1.5448,16,0.38626790046691895,0.0,0.009299932979047298,0.3955678343772888
1932,1.5455999999999999,16,0.19959837198257446,0.0,0.013593414798378944,0.21319179236888885
1933,1.5464,16,0.019142070785164833,0.0,0.0007847489323467016,0.01992681995034218
1934,1.5472000000000001,16,0.0507650151848793,0.0,0.008540894836187363,0.059305910021066666
1935,1.548,16,0.049131251871585846,0.0,0.006284899078309536,0.05541615188121796
1936,1.5488,16,0.010562014766037464,0.0,0.010639228858053684,0.02120124362409115
1937,1.5495999999999999,16,0.0066542960703372955,0.0,0.0009951340034604073,0.007649430073797703
1938,1.5504,16,0.01539548859000206,0.0,0.004245916847139597,0.01964140497148037
1939,1.5512000000000001,16,0.0780535414814949,0.0,0.019656050950288773,0.09770959615707397
1940,1.552,16,0.11570145189762115,0.0,0.006563546136021614,0.12226499617099762
1941,1.5528,16,0.7587357759475708,0.0,0.020437831059098244,0.7791736125946045
1942,1.5535999999999999,16,0.45367878675460815,0.0,0.004724735394120216,0.4584035277366638
1943,1.5544,16,0.10696124285459518,0.0,0.019875243306159973,0.12683647871017456
1944,1.5552000000000001,16,0.08248496055603027,0.0,0.024579765275120735,0.10706472396850586
1945,1.556,16,0.03187689185142517,0.0,0.0141715407371521,0.04604843258857727
1946,1.5568,16,0.02106562629342079,0.0,0.00600295327603817,0.02706857956945896
1947,1.5575999999999999,16,0.012500176206231117,0.0,0.0016588428989052773,0.014159019105136395
1948,1.5584,16,0.02417752332985401,0.0,0.010511570610105991,0.03468909487128258
1949,1.5592000000000001,16,0.04575735703110695,0.0,0.049858517944812775,0.09561587870121002
1950,1.56,16,0.26850855350494385,0.0,0.002733743516728282,0.27124229073524475
1951,1.5608,16,0.008201741613447666,0.0,0.001164809102192521,0.009366550482809544
1952,1.5615999999999999,16,0.013287514448165894,0.0,0.0034093766007572412,0.01669689081609249
1953,1.5624,16,0.012637533247470856,0.0,0.00161068479064852,0.014248218387365341
1954,1.5632000000000001,16,0.010989944450557232,0.0,0.005270199850201607,0.016260143369436264
1955,1.564,16,0.013321805745363235,0.0,0.0038310696836560965,0.017152875661849976
1956,1.5648,16,0.20806586742401123,0.0,0.01848289743065834,0.22654876112937927
1957,1.5655999999999999,16,0.054938193410634995,0.0,0.03283827751874924,0.08777646720409393
1958,1.5664,16,0.12589284777641296,0.0,0.022404678165912628,0.148297518491745
1959,1.5672000000000001,16,0.01189933530986309,0.0,0.0002547113108448684,0.012154046446084976
1960,1.568,16,0.00845993310213089,0.0,0.0012166352244094014,0.00967656821012497
1961,1.5688,16,0.3546326458454132,0.0,0.006942554377019405,0.361575186252594
1962,1.5695999999999999,16,0.066709503531456,0.0,0.10129794478416443,0.16800744831562042
1963,1.5704,16,0.35332876443862915,0.0,0.007567015942186117,0.3608957827091217
1964,1.5712000000000002,16,0.09459549933671951,0.0,0.02828577533364296,0.12288127839565277
1965,1.572,16,0.060502659529447556,0.0,0.033716633915901184,0.09421929717063904
1966,1.5728,16,0.08223394304513931,0.0,0.0447092279791832,0.1269431710243225
1967,1.5735999999999999,16,0.022938277572393417,0.0,0.02626076340675354,0.04919904097914696
1968,1.5744,16,0.2503832280635834,0.0,0.10303100943565369,0.35341423749923706
1969,1.5752000000000002,16,0.0188190545886755,0.0,0.00761996116489172,0.026439014822244644
1970,1.576,16,0.06493011116981506,0.0,0.008147383108735085,0.073077492415905
1971,1.5768,16,0.004165820311754942,0.0,0.000326109176967293,0.004491929430514574
1972,1.5776,16,0.006053276360034943,0.0,0.001160000218078494,0.00721327681094408
1973,1.5784,16,0.46525031328201294,0.0,0.042659010738134384,0.5079092979431152
1974,1.5792000000000002,16,0.35998523235321045,0.0,0.0004714260867331177,0.360456645488739
1975,1.58,16,0.2773060202598572,0.0,0.0022130385041236877,0.27951905131340027
1976,1.5808,16,0.05360695719718933,0.0,0.07913582026958466,0.132742777466774
1977,1.5816,16,0.5381947755813599,0.0,0.0007444131770171225,0.5389391779899597
1978,1.5824,16,0.6873326301574707,0.0,0.02579306624829769,0.7131257057189941
1979,1.5832000000000002,16,0.009137310087680817,0.0,0.0017765550874173641,0.010913865640759468
1980,1.584,16,0.3095703125,0.0,0.0020301169715821743,0.3116004168987274
1981,1.5848,16,0.20002621412277222,0.0,0.025250066071748734,0.22527627646923065
1982,1.5856,16,0.013356497511267662,0.0,0.0015816744416952133,0.014938171952962875
1983,1.5864,16,0.03530682995915413,0.0,0.01745949685573578,0.05276632681488991
1984,1.5872000000000002,16,0.014864636585116386,0.0,0.0012653303565457463,0.01612996682524681
1985,1.588,16,0.5178306698799133,0.0,0.0023752539418637753,0.5202059149742126
1986,1.5888,16,0.1954880952835083,0.0,0.028874583542346954,0.22436267137527466
1987,1.5896,16,0.021995965391397476,0.0,0.002591467462480068,0.02458743378520012
1988,1.5904,16,0.24301929771900177,0.0,0.0167141892015934,0.25973349809646606
1989,1.5912,16,0.012014996260404587,0.0,0.0011403332464396954,0.01315532997250557
1990,1.592,16,0.0346064567565918,0.0,0.01534082368016243,0.04994728043675423
1991,1.5928,16,0.2900318503379822,0.0,0.048921339213848114,0.3389531970024109
1992,1.5936,16,0.10226023942232132,0.0,0.023216087371110916,0.12547633051872253
1993,1.5944,16,0.018113575875759125,0.0,0.0006357838865369558,0.018749359995126724
1994,1.5952,16,0.03641616553068161,0.0,0.012198561802506447,0.04861472547054291
1995,1.596,16,0.007692153099924326,0.0,0.0002533232909627259,0.007945476099848747
1996,1.5968,16,0.44821062684059143,0.0,0.004779910668730736,0.4529905319213867
1997,1.5976,16,0.18296556174755096,0.0,0.0020322920754551888,0.18499785661697388
1998,1.5984,16,0.041008397936820984,0.0,0.005168882664293051,0.04617727920413017
1999,1.5992,16,0.011404668912291527,0.0,0.004329335875809193,0.015734005719423294
2000,1.6,16,0.026987828314304352,0.0,0.013904078863561153,0.04089190810918808
2001,1.6008,16,0.16466671228408813,0.0,0.0035661037545651197,0.16823281347751617
2002,1.6016,16,0.010261745192110538,0.0,0.0017316881567239761,0.011993433348834515
2003,1.6024,16,0.8380417823791504,0.0,0.05481109768152237,0.8928529024124146
2004,1.6032,16,0.297762006521225,0.0,0.03890388458967209,0.33666589856147766
2005,1.604,16,0.005308213178068399,0.0,0.0007242686697281897,0.006032481789588928
2006,1.6048,16,0.008967025205492973,0.0,0.0010915263555943966,0.010058552026748657
2007,1.6056,16,0.013633615337312222,0.0,0.005276501178741455,0.01891011744737625
2008,1.6064,16,0.16218744218349457,0.0,0.0031869160011410713,0.16537435352802277
2009,1.6072,16,0.09001579880714417,0.0,0.001113874139264226,0.09112967550754547
2010,1.608,16,0.006448918953537941,0.0,0.0009690533624961972,0.007417972199618816
2011,1.6088,16,0.2963884472846985,0.0,0.00340845575556159,0.2997969090938568
2012,1.6096,16,0.3225788176059723,0.0,0.0016551318112760782,0.3242339491844177
2013,1.6104,16,0.00813946034759283,0.0,0.0021458244882524014,0.010285284370183945
2014,1.6112,16,0.6944900155067444,0.0,0.049738675355911255,0.744228720664978
2015,1.612,16,0.24373915791511536,0.0,0.029796678572893143,0.2735358476638794
2016,1.6128,16,0.024923039600253105,0.0,0.015775980427861214,0.04069902002811432
2017,1.6136,16,0.06963364779949188,0.0,0.02761359140276909,0.09724724292755127
2018,1.6143999999999998,16,0.05329500138759613,0.0,0.009124411270022392,0.06241941452026367
2019,1.6152,16,0.22164386510849,0.0,0.048505451530218124,0.2701493203639984
2020,1.616,16,0.0059084524400532246,0.0,0.000336639815941453,0.006245092488825321
2021,1.6168,16,0.29659900069236755,0.0,0.0015779773239046335,0.29817697405815125
2022,1.6176,16,0.045481376349925995,0.0,0.018536962568759918,0.06401833891868591
2023,1.6183999999999998,16,0.0047331396490335464,0.0,0.0002185929915867746,0.004951732698827982
2024,1.6192,16,0.0067422157153487206,0.0,0.0012107131769880652,0.00795292854309082
2025,1.62,16,0.04127870500087738,0.0,0.04369264468550682,0.0849713534116745
2026,1.6208,16,0.02540263719856739,0.0,0.005274063907563686,0.030676700174808502
2027,1.6216,16,0.007227296009659767,0.0,0.00047158478992059827,0.007698880974203348
2028,1.6223999999999998,16,0.27002865076065063,0.0,0.027254564687609673,0.29728320240974426
2029,1.6232,16,0.061248209327459335,0.0,0.0051783230155706406,0.06642653048038483
2030,1.624,16,0.015271948650479317,0.0,0.006282654590904713,0.021554604172706604
2031,1.6248,16,0.1010981947183609,0.0,0.07358178496360779,0.1746799796819687
2032,1.6256,16,0.36054491996765137,0.0,0.001989775337278843,0.36253470182418823
2033,1.6263999999999998,16,0.17418301105499268,0.0,0.0016242743004113436,0.17580728232860565
2034,1.6272,16,0.35057878494262695,0.0,0.020338833332061768,0.3709176182746887
2035,1.6280000000000001,16,0.1912236511707306,0.0,0.01086711511015892,0.2020907700061798
2036,1.6288,16,0.14179956912994385,0.0,0.007762751542031765,0.1495623141527176
2037,1.6296,16,0.06774638593196869,0.0,0.04297417402267456,0.11072055995464325
2038,1.6303999999999998,16,0.13647232949733734,0.0,0.08844560384750366,0.224917933344841
2039,1.6312,16,0.1615867167711258,0.0,0.009873919188976288,0.17146062850952148
2040,1.6320000000000001,16,0.06255227327346802,0.0,0.012209752574563026,0.0747620239853859
2041,1.6328,16,0.11956664174795151,0.0,0.053113482892513275,0.17268012464046478
2042,1.6336,16,0.1590207815170288,0.0,0.0006899794097989798,0.15971076488494873
2043,1.6343999999999999,16,0.3652915954589844,0.0,0.005539963487535715,0.37083154916763306
2044,1.6352,16,0.25558093190193176,0.0,0.012685921974480152,0.26826685667037964
2045,1.6360000000000001,16,0.2824633717536926,0.0,0.01667620986700058,0.2991395890712738
2046,1.6368,16,0.03013020008802414,0.0,0.011585675179958344,0.04171587526798248
2047,1.6376,16,0.29103243350982666,0.0,0.0016665662406012416,0.29269900918006897
2048,1.6383999999999999,16,0.13440774381160736,0.0,0.011228883638978004,0.1456366330385208
2049,1.6392,16,0.33905017375946045,0.0,0.009758327156305313,0.34880849719047546
2050,1.6400000000000001,16,0.006839387118816376,0.0,0.0003772063064388931,0.007216593250632286
2051,1.6408,16,0.010651001706719398,0.0,0.0006909806397743523,0.011341982521116734
2052,1.6416,16,0.19920304417610168,0.0,0.060830578207969666,0.26003360748291016
2053,1.6423999999999999,16,0.031645767390728,0.0,0.00489537650719285,0.03654114529490471
2054,1.6432,16,0.018353406339883804,0.0,0.0032585500739514828,0.021611956879496574
2055,1.6440000000000001,16,0.34019315242767334,0.0,0.0011878566583618522,0.3413810133934021
2056,1.6448,16,0.2093372941017151,0.0,0.0763833224773407,0.2857206165790558
2057,1.6456,16,0.2438025176525116,0.0,0.010115616023540497,0.2539181411266327
2058,1.6463999999999999,16,0.5658810138702393,0.0,0.002605762332677841,0.568486750125885
2059,1.6472,16,0.07823847234249115,0.0,0.024976372718811035,0.10321484506130219
2060,1.6480000000000001,16,0.031262584030628204,0.0,0.007508192677050829,0.038770776242017746
2061,1.6488,16,0.19045239686965942,0.0,0.00126184755936265,0.19171424210071564
2062,1.6496,16,0.2020357847213745,0.0,0.00127153389621526,0.20330731570720673
2063,1.6503999999999999,16,0.404916375875473,0.0,0.012118370272219181,0.41703474521636963
2064,1.6512,16,0.1307966411113739,0.0,0.0017485986463725567,0.13254523277282715
2065,1.6520000000000001,16,0.021822351962327957,0.0,0.01106969267129898,0.03289204463362694
2066,1.6528,16,0.05986594036221504,0.0,0.011659335345029831,0.07152527570724487
2067,1.6536,16,0.034434765577316284,0.0,0.004628346301615238,0.03906311094760895
2068,1.6543999999999999,16,0.025955067947506905,0.0,0.010382290929555893,0.03633736073970795
2069,1.6552,16,0.02465680241584778,0.0,0.004289072472602129,0.02894587442278862
2070,1.6560000000000001,16,0.08223794400691986,0.0,0.030300911515951157,0.11253885924816132
2071,1.6568,16,0.17488524317741394,0.0,0.0018794909119606018,0.17676472663879395
2072,1.6576,16,0.13504280149936676,0.0,0.01565508171916008,0.15069788694381714
2073,1.6583999999999999,16,0.04006968066096306,0.0,0.009791551157832146,0.049861229956150055
2074,1.6592,16,0.023538552224636078,0.0,0.006459765136241913,0.02999831736087799
2075,1.6600000000000001,16,0.5619367361068726,0.0,0.003574842121452093,0.5655115842819214
2076,1.6608,16,0.19315895438194275,0.0,0.020768236368894577,0.21392719447612762
2077,1.6616,16,0.022456320002675056,0.0,0.008229688741266727,0.03068600967526436
2078,1.6623999999999999,16,0.020343787968158722,0.0,0.002389933681115508,0.022733721882104874
2079,1.6632,16,0.016804100945591927,0.0,0.011537132784724236,0.028341233730316162
2080,1.6640000000000001,16,0.20987007021903992,0.0,0.01440427266061306,0.22427433729171753
2081,1.6648,16,0.0172667745500803,0.0,0.010499418713152409,0.027766194194555283
2082,1.6656,16,0.008680453523993492,0.0,0.0004532284219749272,0.009133681654930115
2083,1.6663999999999999,16,0.03935141861438751,0.0,0.004182809963822365,0.04353422671556473
2084,1.6672,16,0.036158230155706406,0.0,0.032697197049856186,0.06885542720556259
2085,1.6680000000000001,16,0.09462656080722809,0.0,0.0034141908399760723,0.09804075211286545
2086,1.6688,16,0.05851207301020622,0.0,0.0032001377549022436,0.06171220913529396
2087,1.6696,16,0.26246747374534607,0.0,0.0069805774837732315,0.26944804191589355
2088,1.6703999999999999,16,0.3713124096393585,0.0,0.023235313594341278,0.3945477306842804
2089,1.6712,16,0.008671884424984455,0.0,0.0007798295118845999,0.009451714344322681
2090,1.6720000000000002,16,0.019272692501544952,0.0,0.0008114426163956523,0.020084135234355927
2091,1.6728,16,0.03933063894510269,0.0,0.00533751305192709,0.044668152928352356
2092,1.6736,16,0.25544992089271545,0.0,0.01027430035173893,0.26572421193122864
2093,1.6743999999999999,16,0.020479153841733932,0.0,0.0012205737875774503,0.021699728444218636
2094,1.6752,16,0.01246987096965313,0.0,0.016607483848929405,0.029077354818582535
2095,1.6760000000000002,16,0.4609631299972534,0.0,0.03652482107281685,0.49748796224594116
2096,1.6768,16,0.23589619994163513,0.0,0.005735859740525484,0.24163205921649933
2097,1.6776,16,0.3028678894042969,0.0,0.0033237342722713947,0.306191623210907
2098,1.6784,16,0.04544606804847717,0.0,0.03330455347895622,0.0787506252527237
2099,1.6792,16,0.2577083706855774,0.0,0.009134320542216301,0.26684269309043884
2100,1.6800000000000002,16,0.07293898612260818,0.0,0.022157154977321625,0.09509614109992981
2101,1.6808,16,0.37439098954200745,0.0,0.006728434003889561,0.38111943006515503
2102,1.6816,16,0.016911908984184265,0.0,0.001170980161987245,0.018082888796925545
2103,1.6824,16,0.060336776077747345,0.0,0.03323087841272354,0.09356765449047089
2104,1.6832,16,0.007040782831609249,0.0,0.000580485095269978,0.007621267810463905
2105,1.6840000000000002,16,0.16267579793930054,0.0,0.005299179814755917,0.16797497868537903
2106,1.6848,16,0.02278435230255127,0.0,0.003749276977032423,0.02653362974524498
2107,1.6856,16,0.4837936758995056,0.0,0.05154641717672348,0.5353400707244873
2108,1.6864,16,0.019410230219364166,0.0,0.014447307214140892,0.03385753929615021
2109,1.6872,16,0.01367185078561306,0.0,0.002879429142922163,0.01655128039419651
2110,1.688,16,0.009281361475586891,0.0,0.0005965604796074331,0.009877922013401985
2111,1.6888,16,0.05796077847480774,0.0,0.01798151433467865,0.07594229280948639
2112,1.6896,16,0.32614123821258545,0.0,0.10073751211166382,0.42687875032424927
2113,1.6904,16,0.046468209475278854,0.0,0.07059536129236221,0.11706356704235077
2114,1.6912,16,0.17649561166763306,0.0,0.024399057030677795,0.20089466869831085
2115,1.692,16,0.012705969624221325,0.0,0.003449220210313797,0.016155190765857697
2116,1.6928,16,0.15263648331165314,0.0,0.03301367536187172,0.18565015494823456
2117,1.6936,16,0.05229524150490761,0.0,0.0015861931024119258,0.053881432861089706
2118,1.6944,16,0.023349758237600327,0.0,0.005035617388784885,0.028385374695062637
2119,1.6952,16,0.24560895562171936,0.0,0.0034801033325493336,0.2490890622138977
2120,1.696,16,0.008415411226451397,0.0,0.001272193156182766,0.009687604382634163
2121,1.6968,16,0.016668571159243584,0.0,0.0012640822678804398,0.017932653427124023
2122,1.6976,16,0.41674286127090454,0.0,0.0007485420210286975,0.4174914062023163
2123,1.6984,16,0.19642485678195953,0.0,0.023023873567581177,0.2194487303495407
2124,1.6992,16,0.012589966878294945,0.0,0.000895756296813488,0.013485723175108433
2125,1.7,16,0.06225727126002312,0.0,0.0038174367509782314,0.06607470661401749
2126,1.7008,16,0.019835971295833588,0.0,0.01212276704609394,0.03195873647928238
2127,1.7016,16,0.007388485129922628,0.0,0.0014930549077689648,0.008881540037691593
2128,1.7024,16,0.007729298435151577,0.0,0.001993295270949602,0.009722594171762466
2129,1.7032,16,0.023453883826732635,0.0,0.007634029723703861,0.031087912619113922
2130,1.704,16,0.0617348775267601,0.0,0.0028285286389291286,0.06456340849399567
2131,1.7048,16,0.04519549757242203,0.0,0.01301608420908451,0.05821157991886139
2132,1.7056,16,0.01299065537750721,0.0,0.0034171214792877436,0.01640777662396431
2133,1.7064,16,0.35750314593315125,0.0,0.0010844806674867868,0.3585876226425171
2134,1.7072,16,0.05661090835928917,0.0,0.008712638169527054,0.06532354652881622
2135,1.708,16,0.05361292138695717,0.0,0.053748562932014465,0.10736148059368134
2136,1.7088,16,0.13774177432060242,0.0,0.05506740137934685,0.19280917942523956
2137,1.7096,16,0.022263091057538986,0.0,0.0068419636227190495,0.02910505421459675
2138,1.7104,16,0.0072011798620224,0.0,0.0012834473745897412,0.00848462712019682
2139,1.7112,16,0.021263450384140015,0.0,0.0021315738558769226,0.023395024240016937
2140,1.712,16,0.013659440912306309,0.0,0.005483019165694714,0.019142460078001022
2141,1.7128,16,0.016221025958657265,0.0,0.0015303663676604629,0.017751391977071762
2142,1.7136,16,0.00907629169523716,0.0,0.0023689488880336285,0.011445241048932076
2143,1.7144,16,0.005946528632193804,0.0,0.0001914402237161994,0.006137968972325325
2144,1.7151999999999998,16,0.012842624448239803,0.0,0.0019412932451814413,0.014783917926251888
2145,1.716,16,0.18749015033245087,0.0,0.0014530541375279427,0.18894320726394653
2146,1.7168,16,0.008333033882081509,0.0,0.0013031656853854656,0.009636199101805687
2147,1.7176,16,0.26461681723594666,0.0,0.06405162811279297,0.3286684453487396
2148,1.7184,16,0.3541429936885834,0.0,0.0007373512489721179,0.35488033294677734
2149,1.7191999999999998,16,0.2210593819618225,0.0,0.017254073172807693,0.2383134514093399
2150,1.72,16,0.06196652725338936,0.0,0.08019191026687622,0.14215843379497528
2151,1.7208,16,0.31035545468330383,0.0,0.013057013973593712,0.3234124779701233
2152,1.7216,16,0.04328205808997154,0.0,0.0023068622685968876,0.04558892175555229
2153,1.7224,16,1.072455883026123,0.0,0.002119673416018486,1.0745755434036255
2154,1.7231999999999998,16,0.4868478775024414,0.0,0.0011852433672174811,0.48803311586380005
2155,1.724,16,0.05482301861047745,0.0,0.04535940662026405,0.1001824289560318
2156,1.7248,16,0.2981664538383484,0.0,0.010045685805380344,0.30821213126182556
2157,1.7256,16,0.006975919008255005,0.0,0.0019333659438416362,0.008909285068511963
2158,1.7264,16,0.006821770220994949,0.0,0.002554698148742318,0.009376468136906624
2159,1.7271999999999998,16,0.011801281943917274,0.0,0.005810398608446121,0.017611680552363396
2160,1.728,16,0.02838972955942154,0.0,0.0060460539534688,0.034435782581567764
2161,1.7288000000000001,16,0.53410804271698,0.0,0.0405021607875824,0.5746102333068848
2162,1.7296,16,0.02866915985941887,0.0,0.03522995114326477,0.06389911472797394
2163,1.7304,16,0.2484203577041626,0.0,0.010935761034488678,0.2593561112880707
2164,1.7311999999999999,16,0.5139262080192566,0.0,0.01558983325958252,0.5295160412788391
2165,1.732,16,0.22031180560588837,0.0,0.0004563752154354006,0.22076818346977234
2166,1.7328000000000001,16,0.03680891916155815,0.0,0.011291731148958206,0.04810065031051636
2167,1.7336,16,0.11196251213550568,0.0,0.023548845201730728,0.1355113536119461
2168,1.7344,16,0.042383499443531036,0.0,0.006055467762053013,0.048438966274261475
2169,1.7351999999999999,16,0.011635690927505493,0.0,0.001764996675774455,0.013400687836110592
2170,1.736,16,0.050677958875894547,0.0,0.011189647018909454,0.061867605894804
2171,1.7368000000000001,16,0.20375323295593262,0.0,0.012217581272125244,0.21597081422805786
2172,1.7376,16,0.00763285718858242,0.0,0.0013678371906280518,0.009000694379210472
2173,1.7384,16,0.018272114917635918,0.0,0.005011212080717087,0.023283326998353004
2174,1.7391999999999999,16,0.24658730626106262,0.0,0.0032307596411556005,0.24981807172298431
2175,1.74,16,0.2697906792163849,0.0,0.0008940527914091945,0.27068471908569336
2176,1.7408000000000001,16,0.34095704555511475,0.0,0.004909682087600231,0.34586673974990845
2177,1.7416,16,0.01222333125770092,0.0,0.00295481039211154,0.015178142115473747
2178,1.7424,16,0.3479394316673279,0.0,0.025854311883449554,0.37379375100135803
2179,1.7431999999999999,16,0.15462026000022888,0.0,0.019125452265143394,0.17374570667743683
2180,1.744,16,0.01857776939868927,0.0,0.0031151380389928818,0.021692907437682152
2181,1.7448000000000001,16,1.3384041786193848,0.0,0.031163398176431656,1.369567632675171
2182,1.7456,16,0.07570582628250122,0.0,0.0007526972331106663,0.07645852118730545
2183,1.7464,16,0.6154047250747681,0.0,0.011118621565401554,0.6265233755111694
2184,1.7471999999999999,16,0.34142112731933594,0.0,0.002958667930215597,0.3443797826766968
2185,1.748,16,0.08519882708787918,0.0,0.03634410351514816,0.12154293060302734
2186,1.7488000000000001,16,0.12784136831760406,0.0,0.03831491619348526,0.16615629196166992
2187,1.7496,16,0.02431526780128479,0.0,0.009488038718700409,0.0338033065199852
2188,1.7504,16,0.2764180302619934,0.0,0.001709340256638825,0.27812737226486206
2189,1.7511999999999999,16,0.23730716109275818,0.0,0.004193764179944992,0.24150092899799347
2190,1.752,16,0.25570738315582275,0.0,0.014859333634376526,0.2705667018890381
2191,1.7528000000000001,16,0.017600074410438538,0.0,0.008330200798809528,0.02593027427792549
2192,1.7536,16,0.38019877672195435,0.0,0.0009505068883299828,0.3811492919921875
2193,1.7544,16,0.23046067357063293,0.0,0.0020434660837054253,0.23250414431095123
2194,1.7551999999999999,16,0.08451731503009796,0.0,0.007552027236670256,0.0920693427324295
2195,1.756,16,0.5091602802276611,0.0,0.0021809199824929237,0.5113412141799927
2196,1.7568000000000001,16,0.06319783627986908,0.0,0.0002995821414515376,0.06349741667509079
2197,1.7576,16,0.09970148652791977,0.0,0.022746708244085312,0.12244819104671478
2198,1.7584,16,0.009633940644562244,0.0,0.0009698356734588742,0.010603776201605797
2199,1.7591999999999999,16,0.026740271598100662,0.0,0.010258309543132782,0.036998581141233444
2200,1.76,16,0.04522646218538284,0.0,0.0067610591650009155,0.05198752135038376
2201,1.7608000000000001,16,0.024669326841831207,0.0,0.0035462593659758568,0.02821558713912964
2202,1.7616,16,0.21202707290649414,0.0,0.004319203086197376,0.21634627878665924
2203,1.7624,16,0.09268436580896378,0.0,0.03170068934559822,0.1243850588798523
2204,1.7631999999999999,16,0.08914598822593689,0.0,0.004331360571086407,0.09347734600305557
2205,1.764,16,0.15673348307609558,0.0,0.001305031357333064,0.15803851187229156
2206,1.7648000000000001,16,0.04492958262562752,0.0,0.023310843855142593,0.06824042648077011
2207,1.7656,16,0.3069778084754944,0.0,0.00452091358602047,0.3114987313747406
2208,1.7664,16,0.11632303893566132,0.0,0.05913769453763962,0.17546072602272034
2209,1.7671999999999999,16,0.43030840158462524,0.0,0.005293481983244419,0.4356018900871277
2210,1.768,16,0.22774691879749298,0.0,0.0015831347554922104,0.22933004796504974
2211,1.7688000000000001,16,0.19989150762557983,0.0,0.004110236186534166,0.20400173962116241
2212,1.7696,16,0.08830960094928741,0.0,0.029254499822854996,0.11756409704685211
2213,1.7704,16,0.22063791751861572,0.0,0.009696263819932938,0.23033417761325836
2214,1.7711999999999999,16,0.05664601922035217,0.0,0.014932190999388695,0.07157821208238602
2215,1.772,16,0.12928715348243713,0.0,0.013603651896119118,0.1428908109664917
2216,1.7728000000000002,16,0.18374937772750854,0.0,0.001382886664941907,0.18513226509094238
2217,1.7736,16,0.268940269947052,0.0,0.014071788638830185,0.2830120623111725
2218,1.7744,16,0.07062073051929474,0.0,0.009802237153053284,0.08042296767234802
2219,1.7752,16,0.4662521481513977,0.0,0.009401609189808369,0.4756537675857544
2220,1.776,16,0.11386297643184662,0.0,0.00870206393301487,0.12256503850221634
2221,1.7768000000000002,16,0.09351643919944763,0.0,0.008508301340043545,0.10202474147081375
2222,1.7776,16,0.037293970584869385,0.0,0.02732698991894722,0.0646209567785263
2223,1.7784,16,0.14251017570495605,0.0,0.02239237353205681,0.16490255296230316
2224,1.7792,16,0.16865143179893494,0.0,0.002740526106208563,0.17139196395874023
2225,1.78,16,0.3531973361968994,0.0,0.0011063606943935156,0.3543036878108978
2226,1.7808000000000002,16,0.3223714530467987,0.0,0.0026774469297379255,0.32504889369010925
2227,1.7816,16,0.0748303234577179,0.0,0.014027519151568413,0.08885784447193146
2228,1.7824,16,0.18733257055282593,0.0,0.005003550089895725,0.19233612716197968
2229,1.7832,16,0.14805078506469727,0.0,0.01137896254658699,0.15942974388599396
2230,1.784,16,0.19317112863063812,0.0,0.03347097337245941,0.22664210200309753
2231,1.7848000000000002,16,0.3406858444213867,0.0,0.013599341735243797,0.35428518056869507
2232,1.7856,16,0.12602491676807404,0.0,0.026615772396326065,0.1526406854391098
2233,1.7864,16,0.01676752232015133,0.0,0.0016908749239519238,0.018458398059010506
2234,1.7872,16,0.026739267632365227,0.0,0.004325450398027897,0.031064718961715698
2235,1.788,16,0.049549415707588196,0.0,0.010077274404466152,0.05962669104337692
2236,1.7888,16,0.027513179928064346,0.0,0.003353686537593603,0.030866866931319237
2237,1.7896,16,0.16829581558704376,0.0,0.013129888102412224,0.18142570555210114
2238,1.7904,16,0.22899100184440613,0.0,0.010621326044201851,0.23961232602596283
2239,1.7912,16,0.1814029961824417,0.0,0.02371329441666603,0.20511628687381744
2240,1.792,16,0.11781293153762817,0.0,0.020604172721505165,0.1384171098470688
2241,1.7928,16,0.09423476457595825,0.0,0.003725196234881878,0.0979599580168724
2242,1.7936,16,0.2557598650455475,0.0,0.012608572840690613,0.2683684229850769
2243,1.7944,16,0.5198854207992554,0.0,0.00461084209382534,0.5244962573051453
2244,1.7952,16,0.36651188135147095,0.0,0.0035002208314836025,0.370012104511261
2245,1.796,16,0.3668438196182251,0.0,0.03872459754347801,0.4055684208869934
2246,1.7968,16,0.470231831073761,0.0,0.002196891698986292,0.47242870926856995
2247,1.7976,16,0.020649496465921402,0.0,0.0013092043809592724,0.02195870131254196
2248,1.7984,16,0.07258524000644684,0.0,0.018892334774136543,0.09147757291793823
2249,1.7992,16,0.21522465348243713,0.0,0.004292631056159735,0.2195172905921936
2250,1.8,16,0.1021360233426094,0.0,0.021611353382468224,0.12374737858772278
2251,1.8008,16,0.09116984158754349,0.0,0.012030340731143951,0.10320018231868744
2252,1.8016,16,0.45113423466682434,0.0,0.004414210096001625,0.4555484354496002
2253,1.8024,16,0.1477041393518448,0.0,0.006576205603778362,0.15428034961223602
2254,1.8032,16,0.20895981788635254,0.0,0.028920210897922516,0.23788002133369446
2255,1.804,16,0.11980195343494415,0.0,0.023962652310729027,0.14376460015773773
2256,1.8048,16,0.015934739261865616,0.0,0.001615949091501534,0.017550688236951828
2257,1.8056,16,0.11085661500692368,0.0,0.009141291491687298,0.11999790370464325
2258,1.8064,16,0.15126127004623413,0.0,0.0040194131433963776,0.1552806794643402
2259,1.8072,16,0.046119384467601776,0.0,0.005888245068490505,0.052007630467414856
2260,1.808,16,0.4938647747039795,0.0,0.008444065228104591,0.5023088455200195
2261,1.8088,16,0.1529746651649475,0.0,0.008991492912173271,0.16196615993976593
2262,1.8096,16,0.07180669158697128,0.0,0.004702660255134106,0.07650934904813766
2263,1.8104,16,0.024863647297024727,0.0,0.0014772843569517136,0.02634093165397644
2264,1.8112,16,0.12688511610031128,0.0,0.009647272527217865,0.13653239607810974
2265,1.812,16,0.033989179879426956,0.0,0.010746659711003304,0.04473584145307541
2266,1.8128,16,0.05333070456981659,0.0,0.006615212187170982,0.05994591861963272
2267,1.8136,16,0.3855060935020447,0.0,0.0018393334466964006,0.38734543323516846
2268,1.8144,16,0.023615045472979546,0.0,0.001749446033500135,0.02536449208855629
2269,1.8152,16,0.035973723977804184,0.0,0.011888242326676846,0.047861967235803604
2270,1.8159999999999998,16,0.2158539593219757,0.0,0.006683694198727608,0.22253765165805817
2271,1.8168,16,0.029394606128335,0.0,0.0040992675349116325,0.03349387273192406
2272,1.8176,16,0.011981016024947166,0.0,0.00032652646768838167,0.012307542376220226
2273,1.8184,16,0.2191900908946991,0.0,0.0023125719744712114,0.2215026617050171
2274,1.8192,16,0.25595521926879883,0.0,0.004563154652714729,0.2605183720588684
2275,1.8199999999999998,16,0.020063942298293114,0.0,0.0033226474188268185,0.02338659018278122
2276,1.8208,16,0.041469842195510864,0.0,0.0019341881852596998,0.04340403154492378
2277,1.8216,16,0.4309225082397461,0.0,0.004321487620472908,0.43524399399757385
2278,1.8224,16,0.38105130195617676,0.0,0.005384676158428192,0.38643598556518555
2279,1.8232,16,0.02349800430238247,0.0,0.0010620522079989314,0.024560056626796722
2280,1.8239999999999998,16,0.02794211357831955,0.0,0.003403525333851576,0.03134563937783241
2281,1.8248,16,0.008132069371640682,0.0,0.00029642548179253936,0.008428494445979595
2282,1.8256000000000001,16,0.12187501788139343,0.0,0.018163803964853287,0.14003881812095642
2283,1.8264,16,0.08638487011194229,0.0,0.07644115388393402,0.1628260314464569
2284,1.8272,16,0.01290462352335453,0.0,0.006371484603732824,0.019276108592748642
2285,1.8279999999999998,16,0.00700554670765996,0.0,0.0003662989183794707,0.007371845655143261
2286,1.8288,16,0.2568700909614563,0.0,0.005944466218352318,0.26281455159187317
2287,1.8296000000000001,16,0.1831522285938263,0.0,0.013793670572340488,0.1969459056854248
2288,1.8304,16,0.2036115676164627,0.0,0.0008326770039275289,0.20444424450397491
2289,1.8312,16,0.2626881003379822,0.0,0.010089126415550709,0.2727772295475006
2290,1.8319999999999999,16,0.03843772038817406,0.0,0.021251970902085304,0.05968969315290451
2291,1.8328,16,0.25440287590026855,0.0,0.08848084509372711,0.3428837060928345
2292,1.8336000000000001,16,0.004823826719075441,0.0,0.00023111504560802132,0.005054941866546869
2293,1.8344,16,0.5037173628807068,0.0,0.015693791210651398,0.5194111466407776
2294,1.8352,16,0.047771189361810684,0.0,0.002190718660131097,0.04996190965175629
2295,1.8359999999999999,16,0.0962219089269638,0.0,0.005533518269658089,0.10175542533397675
2296,1.8368,16,0.1874488890171051,0.0,0.038476355373859406,0.2259252369403839
2297,1.8376000000000001,16,0.04147227853536606,0.0,0.07595382630825043,0.11742610484361649
2298,1.8384,16,0.021428629755973816,0.0,0.001481307903304696,0.02290993742644787
2299,1.8392,16,0.10484693199396133,0.0,0.002477472648024559,0.10732440650463104
2300,1.8399999999999999,16,0.03200054168701172,0.0,0.00524540338665247,0.037245944142341614
2301,1.8408,16,0.018448034301400185,0.0,0.008095109835267067,0.02654314413666725
2302,1.8416000000000001,16,0.022140655666589737,0.0,0.005397444125264883,0.027538100257515907
2303,1.8424,16,0.29866456985473633,0.0,0.02342211827635765,0.3220866918563843
2304,1.8432,16,0.541774332523346,0.0,0.007879212498664856,0.5496535301208496
2305,1.8439999999999999,16,0.013747500255703926,0.0,0.0012117723235860467,0.014959272928535938
2306,1.8448,16,0.2986859083175659,0.0,0.03759157285094261,0.33627748489379883
2307,1.8456000000000001,16,0.02182878367602825,0.0,0.005120212212204933,0.026948995888233185
2308,1.8464,16,0.30106645822525024,0.0,0.001217037788592279,0.30228349566459656
2309,1.8472,16,0.024874631315469742,0.0,0.011064935475587845,0.03593956679105759
2310,1.8479999999999999,16,0.03133876621723175,0.0,0.020669223740696907,0.05200798809528351
2311,1.8488,16,0.18424686789512634,0.0,0.02363603562116623,0.20788291096687317
2312,1.8496000000000001,16,0.29520535469055176,0.0,0.0006296144565567374,0.2958349585533142
2313,1.8504,16,0.134991854429245,0.0,0.01902005448937416,0.15401190519332886
2314,1.8512,16,0.09777610003948212,0.0,0.028544357046484947,0.12632045149803162
2315,1.8519999999999999,16,0.18329882621765137,0.0,0.028788287192583084,0.21208710968494415
2316,1.8528,16,0.00934552401304245,0.0,0.007120783440768719,0.016466308385133743
2317,1.8536000000000001,16,0.23177210986614227,0.0,0.019634848460555077,0.2514069676399231
2318,1.8544,16,0.19296737015247345,0.0,0.007038048002868891,0.2000054121017456
2319,1.8552,16,0.2773723006248474,0.0,0.0014854646287858486,0.2788577675819397
2320,1.8559999999999999,16,0.03170035406947136,0.0,0.004197639413177967,0.03589799255132675
2321,1.8568,16,0.19190803170204163,0.0,0.014964508824050426,0.20687253773212433
2322,1.8576000000000001,16,0.049082815647125244,0.0,0.0051143839955329895,0.054197199642658234
2323,1.8584,16,0.16026967763900757,0.0,0.0016584875993430614,0.16192816197872162
2324,1.8592,16,0.056438736617565155,0.0,0.051526378840208054,0.10796511173248291
2325,1.8599999999999999,16,0.2622677683830261,0.0,0.002179342322051525,0.2644471228122711
2326,1.8608,16,0.2309330403804779,0.0,0.0001412483397871256,0.2310742884874344
2327,1.8616000000000001,16,0.04539240896701813,0.0,0.028924964368343353,0.07431737333536148
2328,1.8624,16,0.10022187978029251,0.0,0.05825603008270264,0.15847790241241455
2329,1.8632,16,0.11193758994340897,0.0,0.10100304335355759,0.21294063329696655
2330,1.8639999999999999,16,0.09631343930959702,0.0,0.07567305862903595,0.17198649048805237
2331,1.8648,16,0.011403298005461693,0.0,0.0012699700891971588,0.012673268094658852
2332,1.8656000000000001,16,0.17751659452915192,0.0,0.09192448854446411,0.26944106817245483
2333,1.8664,16,0.3464353680610657,0.0,0.005253915674984455,0.35168927907943726
2334,1.8672,16,0.4199444055557251,0.0,0.0029138759709894657,0.42285826802253723
2335,1.8679999999999999,16,0.1764042228460312,0.0,0.00038099390803836286,0.17678521573543549
2336,1.8688,16,0.13812431693077087,0.0,0.0542837493121624,0.19240806996822357
2337,1.8696000000000002,16,0.5955878496170044,0.0,0.011398633010685444,0.6069864630699158
2338,1.8704,16,0.03365511819720268,0.0,0.0018306856509298086,0.035485804080963135
2339,1.8712,16,0.02488417737185955,0.0,0.0029116994701325893,0.027795877307653427
2340,1.8719999999999999,16,0.017085637897253036,0.0,0.0016156425699591637,0.018701281398534775
2341,1.8728,16,0.1184653639793396,0.0,0.008248468860983849,0.126713827252388
2342,1.8736000000000002,16,0.019388094544410706,0.0,0.0012136895675212145,0.02060178481042385
2343,1.8744,16,0.060682184994220734,0.0,0.033901527523994446,0.09458371251821518
2344,1.8752,16,0.11754380911588669,0.0,0.006014179438352585,0.12355798482894897
2345,1.876,16,0.0740751251578331,0.0,0.010710224509239197,0.0847853496670723
2346,1.8768,16,0.02824406884610653,0.0,0.0015213282313197851,0.029765397310256958
2347,1.8776000000000002,16,0.06470895558595657,0.0,0.03698020428419113,0.1016891598701477
2348,1.8784,16,0.23816144466400146,0.0,0.004234649706631899,0.24239610135555267
2349,1.8792,16,0.01861434429883957,0.0,0.007255686447024345,0.025870030745863914
2350,1.88,16,0.1320236772298813,0.0,0.01123071275651455,0.1432543843984604
2351,1.8808,16,0.04500877112150192,0.0,0.006146098021417856,0.05115487053990364
2352,1.8816000000000002,16,0.013348530977964401,0.0,0.0012527871876955032,0.014601318165659904
2353,1.8824,16,0.22128859162330627,0.0,0.002400624565780163,0.2236892133951187
2354,1.8832,16,0.016146335750818253,0.0,0.005215036682784557,0.021361373364925385
2355,1.884,16,0.021761205047369003,0.0,0.004005812108516693,0.025767017155885696
2356,1.8848,16,0.04552412033081055,0.0,0.07223387062549591,0.11775799095630646
2357,1.8856000000000002,16,0.1597665250301361,0.0,0.008567806333303452,0.16833433508872986
2358,1.8864,16,0.04145634174346924,0.0,0.04568196088075638,0.08713830262422562
2359,1.8872,16,0.19672149419784546,0.0,0.001651441678404808,0.19837293028831482
2360,1.888,16,0.05077340453863144,0.0,0.006889205425977707,0.057662609964609146
2361,1.8888,16,0.24146734178066254,0.0,0.001981139648705721,0.24344848096370697
2362,1.8896,16,0.4776168465614319,0.0,0.009439097717404366,0.4870559573173523
2363,1.8904,16,0.014119378291070461,0.0,0.0035560852847993374,0.01767546311020851
2364,1.8912,16,0.02130938693881035,0.0,0.002832958474755287,0.024142345413565636
2365,1.892,16,0.007244899868965149,0.0,0.00015527615323662758,0.0074001760222017765
2366,1.8928,16,0.06688764691352844,0.0,0.008577313274145126,0.07546496391296387
2367,1.8936,16,0.005630079656839371,0.0,0.00048764675739221275,0.00611772621050477
2368,1.8944,16,0.19458866119384766,0.0,0.006961354054510593,0.20155002176761627
2369,1.8952,16,0.0452873557806015,0.0,0.020693175494670868,0.06598053127527237
2370,1.896,16,0.1531406044960022,0.0,0.013015905395150185,0.16615651547908783
2371,1.8968,16,0.02803177572786808,0.0,0.0075511084869503975,0.03558288514614105
2372,1.8976,16,0.06137014552950859,0.0,0.013905486091971397,0.07527562975883484
2373,1.8984,16,0.0609084852039814,0.0,0.07176744192838669,0.1326759308576584
2374,1.8992,16,0.04398666322231293,0.0,0.00512554869055748,0.04911221191287041
2375,1.9,16,0.21052736043930054,0.0,0.005556341260671616,0.21608370542526245
2376,1.9008,16,0.07575518637895584,0.0,0.029584556818008423,0.10533974319696426
2377,1.9016,16,0.017573686316609383,0.0,0.0009199444903060794,0.01849362999200821
2378,1.9024,16,0.19320011138916016,0.0,0.0016502041835337877,0.19485031068325043
2379,1.9032,16,0.3278135657310486,0.0,0.022483456879854202,0.3502970337867737
2380,1.904,16,0.09966574609279633,0.0,0.05222246050834656,0.15188820660114288
2381,1.9048,16,0.34645652770996094,0.0,0.031760476529598236,0.37821701169013977
2382,1.9056,16,0.13387754559516907,0.0,0.019345659762620926,0.1532232016324997
2383,1.9064,16,0.011288128793239594,0.0,0.0011859562946483493,0.012474085204303265
2384,1.9072,16,0.080354705452919,0.0,0.013328295201063156,0.09368300437927246
2385,1.908,16,0.022602245211601257,0.0,0.005683735944330692,0.028285980224609375
2386,1.9088,16,0.2456919252872467,0.0,0.01524179894477129,0.2609337270259857
2387,1.9096,16,0.19389575719833374,0.0,0.0035427131224423647,0.19743846356868744
2388,1.9104,16,0.040138132870197296,0.0,0.003154024248942733,0.04329215735197067
2389,1.9112,16,0.02711893618106842,0.0,0.01062422338873148,0.037743158638477325
2390,1.912,16,0.006909898482263088,0.0,0.0002142862358596176,0.0071241846308112144
2391,1.9127999999999998,16,0.04089058190584183,0.0,0.007960623130202293,0.04885120689868927
2392,1.9136,16,0.017650630325078964,0.0,0.0014181912411004305,0.019068822264671326
2393,1.9144,16,0.2083592265844345,0.0,0.010640755295753479,0.218999981880188
2394,1.9152,16,0.009117163717746735,0.0,0.003343267133459449,0.012460431084036827
2395,1.916,16,0.06794978678226471,0.0,0.03018938936293125,0.09813917428255081
2396,1.9167999999999998,16,0.1255321055650711,0.0,0.02800888940691948,0.15354099869728088
2397,1.9176,16,0.04147320240736008,0.0,0.024652503430843353,0.06612570583820343
2398,1.9184,16,0.023304477334022522,0.0,0.014591671526432037,0.03789614886045456
2399,1.9192,16,0.39738979935646057,0.0,0.014116909354925156,0.411506712436676
2400,1.92,16,0.09151040017604828,0.0,0.02136659249663353,0.1128769963979721
2401,1.9207999999999998,16,0.1858014166355133,0.0,0.010238650254905224,0.1960400640964508
2402,1.9216,16,0.2917129099369049,0.0,0.009375174529850483,0.3010880947113037
2403,1.9224,16,0.09451218694448471,0.0,0.003005111590027809,0.09751729667186737
2404,1.9232,16,0.08604498207569122,0.0,0.01513204537332058,0.10117702931165695
2405,1.924,16,0.01628776825964451,0.0,0.004298408981412649,0.020586177706718445
2406,1.9247999999999998,16,0.3923857808113098,0.0,0.0006545244250446558,0.3930402994155884
2407,1.9256,16,0.20584578812122345,0.0,0.006033873185515404,0.2118796557188034
2408,1.9264000000000001,16,0.6537120342254639,0.0,0.0009363291319459677,0.6546483635902405
2409,1.9272,16,0.2200530767440796,0.0,0.0016584061086177826,0.22171148657798767
2410,1.928,16,0.18116465210914612,0.0,0.06701822578907013,0.24818287789821625
2411,1.9287999999999998,16,0.5078827738761902,0.0,0.013155560940504074,0.5210383534431458
2412,1.9296,16,0.31995195150375366,0.0,0.03029317781329155,0.3502451181411743
2413,1.9304000000000001,16,0.15369614958763123,0.0,0.005957493558526039,0.1596536487340927
2414,1.9312,16,0.012107081711292267,0.0,0.0006636817706748843,0.012770763598382473
2415,1.932,16,0.023413226008415222,0.0,0.010273185558617115,0.03368641063570976
2416,1.9327999999999999,16,0.061278246343135834,0.0,0.01529134251177311,0.0765695869922638
2417,1.9336,16,0.053200721740722656,0.0,0.0018871515057981014,0.055087871849536896
2418,1.9344000000000001,16,0.21316960453987122,0.0,0.010623093694448471,0.22379270195960999
2419,1.9352,16,0.05121815949678421,0.0,0.020484965294599533,0.07170312106609344
2420,1.936,16,0.38103485107421875,0.0,0.035019099712371826,0.4160539507865906
2421,1.9367999999999999,16,0.1479356288909912,0.0,0.0007940211798995733,0.14872965216636658
2422,1.9376,16,0.019353292882442474,0.0,0.0011415926273912191,0.020494885742664337
2423,1.9384000000000001,16,0.012362150475382805,0.0,0.002387178363278508,0.01474932860583067
2424,1.9392,16,0.11265729367733002,0.0,0.025943370535969734,0.1386006623506546
2425,1.94,16,0.008586782030761242,0.0,0.0009294349583797157,0.009516216814517975
2426,1.9407999999999999,16,0.07709434628486633,0.0,0.01818820834159851,0.09528255462646484
2427,1.9416,16,0.07900060713291168,0.0,0.0004831336555071175,0.07948374003171921
2428,1.9424000000000001,16,0.1634943038225174,0.0,0.06842980533838272,0.2319241166114807
2429,1.9432,16,0.3442267179489136,0.0,0.006782171782106161,0.35100889205932617
2430,1.944,16,0.006728038191795349,0.0,0.0008579056593589485,0.007585943676531315
2431,1.9447999999999999,16,0.1852205991744995,0.0,0.0012279951479285955,0.1864485889673233
2432,1.9456,16,0.015758998692035675,0.0,0.0073604462668299675,0.023119445890188217
2433,1.9464000000000001,16,0.4542429447174072,0.0,0.0019266532035544515,0.45616960525512695
2434,1.9472,16,0.43711143732070923,0.0,0.04132688790559769,0.4784383177757263
2435,1.948,16,0.16053178906440735,0.0,0.011398857459425926,0.17193064093589783
2436,1.9487999999999999,16,0.1060621440410614,0.0,0.008718145079910755,0.11478029191493988
2437,1.9496,16,0.03804115206003189,0.0,0.004907615482807159,0.04294876754283905
2438,1.9504000000000001,16,0.0209091417491436,0.0,0.0006860330468043685,0.021595174446702003
2439,1.9512,16,0.47061967849731445,0.0,0.09078959375619888,0.5614092946052551
2440,1.952,16,0.020932458341121674,0.0,0.011259719729423523,0.0321921780705452
2441,1.9527999999999999,16,0.23850178718566895,0.0,0.03019467368721962,0.26869645714759827
2442,1.9536,16,0.13154566287994385,0.0,0.0019159999210387468,0.13346166908740997
2443,1.9544000000000001,16,0.3059775233268738,0.0,0.0037239654920995235,0.30970150232315063
2444,1.9552,16,0.14127330482006073,0.0,0.09107940644025803,0.23235270380973816
2445,1.956,16,0.016685418784618378,0.0,0.001883995020762086,0.01856941357254982
2446,1.9567999999999999,16,0.03079051710665226,0.0,0.007709587458521128,0.0385001040995121
2447,1.9576,16,0.05772139132022858,0.0,0.003347161691635847,0.06106855347752571
2448,1.9584000000000001,16,0.33024993538856506,0.0,0.027964886277914047,0.3582148253917694
2449,1.9592,16,0.15000107884407043,0.0,0.05921703577041626,0.2092181146144867
2450,1.96,16,0.2051069438457489,0.0,0.0016118361381813884,0.20671877264976501
2451,1.9607999999999999,16,0.03587477654218674,0.0,0.011560123413801193,0.04743489995598793
2452,1.9616,16,0.18292030692100525,0.0,0.015646571293473244,0.19856688380241394
2453,1.9624000000000001,16,0.0696912556886673,0.0,0.03823176026344299,0.10792301595211029
2454,1.9632,16,0.021285299211740494,0.0,0.0023672557435929775,0.02365255542099476
2455,1.964,16,0.20861363410949707,0.0,0.002006306080147624,0.2106199413537979
2456,1.9647999999999999,16,0.09152255952358246,0.0,0.047537911683321,0.13906046748161316
2457,1.9656,16,0.46875688433647156,0.0,0.007649362087249756,0.4764062464237213
2458,1.9664000000000001,16,0.6048600673675537,0.0,0.003233968513086438,0.6080940365791321
2459,1.9672,16,0.05904508754611015,0.0,0.02525358274579048,0.08429867029190063
2460,1.968,16,0.33408647775650024,0.0,0.03342389315366745,0.3675103783607483
2461,1.9687999999999999,16,0.09970162063837051,0.0,0.008073007687926292,0.10777463018894196
2462,1.9696,16,0.11057639867067337,0.0,0.0040938835591077805,0.1146702840924263
2463,1.9704000000000002,16,0.012980258092284203,0.0,0.0020644553005695343,0.015044713392853737
2464,1.9712,16,0.028437543660402298,0.0,0.0047762757167220116,0.033213820308446884
2465,1.972,16,0.07756978273391724,0.0,0.0017590317875146866,0.07932881265878677
2466,1.9727999999999999,16,0.01426759921014309,0.0,0.0012348613236099482,0.015502460300922394
2467,1.9736,16,0.3114185631275177,0.0,0.029323097318410873,0.34074166417121887
2468,1.9744000000000002,16,0.3088110685348511,0.0,0.0004922620137222111,0.309303343296051
2469,1.9752,16,0.11177162081003189,0.0,0.040286801755428314,0.1520584225654602
2470,1.976,16,0.3398931622505188,0.0,0.028160355985164642,0.36805352568626404
2471,1.9768,16,0.344113826751709,0.0,0.011637171730399132,0.35575100779533386
2472,1.9776,16,0.11844013631343842,0.0,0.010684335604310036,0.1291244775056839
2473,1.9784000000000002,16,0.39554256200790405,0.0,0.022899359464645386,0.41844192147254944
2474,1.9792,16,0.03891902416944504,0.0,0.005518920719623566,0.044437944889068604
2475,1.98,16,1.1490119695663452,0.0,0.003987743053585291,1.152999758720398
2476,1.9808,16,0.10056369751691818,0.0,0.0031211087480187416,0.10368480533361435
2477,1.9816,16,0.21129068732261658,0.0,0.002460127230733633,0.21375080943107605
2478,1.9824000000000002,16,0.033725883811712265,0.0,0.004089622758328915,0.037815507501363754
2479,1.9832,16,0.022575687617063522,0.0,0.0010614674538373947,0.023637155070900917
2480,1.984,16,0.11923693120479584,0.0,0.04345046728849411,0.16268739104270935
2481,1.9848,16,0.0144105926156044,0.0,0.002160266973078251,0.016570858657360077
2482,1.9856,16,0.35498932003974915,0.0,0.002073747804388404,0.35706305503845215
2483,1.9864000000000002,16,0.07030545175075531,0.0,0.007366476580500603,0.07767193019390106
2484,1.9872,16,0.2173210084438324,0.0,0.005621703341603279,0.22294270992279053
2485,1.988,16,0.10638498514890671,0.0,0.004836800508201122,0.1112217828631401
2486,1.9888,16,0.186015784740448,0.0,0.006922724656760693,0.19293850660324097
2487,1.9896,16,0.014658503234386444,0.0,0.0008137680124491453,0.015472271479666233
2488,1.9904,16,0.14209142327308655,0.0,0.009699443355202675,0.15179087221622467
2489,1.9912,16,0.04445156455039978,0.0,0.006855358369648457,0.05130692198872566
2490,1.992,16,0.0122239850461483,0.0,0.0008138783741742373,0.013037863187491894
2491,1.9928,16,0.032720938324928284,0.0,0.00828077644109726,0.04100171476602554
2492,1.9936,16,0.09895327687263489,0.0,0.007126572076231241,0.10607984662055969
2493,1.9944,16,0.010844239965081215,0.0,0.000752278370782733,0.011596518568694592
2494,1.9952,16,0.06317880004644394,0.0,0.0040667299181222916,0.06724552810192108
2495,1.996,16,0.27604371309280396,0.0,0.0023714802227914333,0.2784152030944824
2496,1.9968,16,0.03981159254908562,0.0,0.017698083072900772,0.05750967562198639
2497,1.9976,16,0.0475207194685936,0.0,0.008795391768217087,0.056316111236810684
2498,1.9984,16,0.0715438723564148,0.0,0.0056758769787848,0.07721974700689316
2499,1.9992,16,0.32422733306884766,0.0,0.011614354327321053,0.33584168553352356
2500,2.0,16,0.018817845731973648,0.0,0.00503219198435545,0.023850038647651672
2501,2.0008,16,0.00815332867205143,0.0,0.0005260342732071877,0.008679362945258617
2502,2.0016,16,0.0281900092959404,0.0,0.0005267916712909937,0.02871680073440075
2503,2.0024,16,0.037100546061992645,0.0,0.0032302350737154484,0.040330782532691956
2504,2.0032,16,0.04601069539785385,0.0,0.0016918957699090242,0.047702591866254807
2505,2.004,16,0.03350645303726196,0.0,0.0027947344351559877,0.03630118817090988
2506,2.0048,16,0.3207513093948364,0.0,0.0003934532287530601,0.3211447596549988
2507,2.0056,16,0.006256678141653538,0.0,0.00030181591864675283,0.006558494176715612
2508,2.0064,16,0.11439172923564911,0.0,0.0033890334889292717,0.11778075993061066
2509,2.0072,16,0.06935837864875793,0.0,0.017157260328531265,0.0865156352519989
2510,2.008,16,0.023530038073658943,0.0,0.002542322501540184,0.026072360575199127
2511,2.0088,16,0.3488388657569885,0.0,0.0004829473327845335,0.34932181239128113
2512,2.0096,16,0.009730998426675797,0.0,0.0006274370243772864,0.010358435101807117
2513,2.0104,16,0.00824766419827938,0.0,0.0015902433078736067,0.009837907738983631
2514,2.0112,16,0.011768238618969917,0.0,0.0017663395265117288,0.013534578494727612
2515,2.012,16,0.2038843333721161,0.0,0.011730991303920746,0.21561533212661743
2516,2.0128,16,0.010295573621988297,0.0,0.0015610710252076387,0.011856644414365292
2517,2.0136,16,0.04765428602695465,0.0,0.08237145841121674,0.1300257444381714
2518,2.0144,16,0.11283951997756958,0.0,0.011932838708162308,0.12477235496044159
2519,2.0152,16,0.20626768469810486,0.0,0.0015214956365525723,0.20778918266296387
2520,2.016,16,0.02587120421230793,0.0,0.0026630281936377287,0.028534231707453728
2521,2.0168,16,0.018248509615659714,0.0,0.0007839762838557363,0.019032485783100128
2522,2.0176,16,0.016522059217095375,0.0,0.000982714002020657,0.017504774034023285
2523,2.0184,16,0.22240737080574036,0.0,0.0022165626287460327,0.2246239334344864
2524,2.0192,16,0.07121935486793518,0.0,0.0172029547393322,0.08842231333255768
2525,2.02,16,0.005660625174641609,0.0,0.0002629946102388203,0.005923619959503412
2526,2.0208,16,0.009740164503455162,0.0,0.0005011562025174499,0.010241320356726646
2527,2.0216,16,0.009572741575539112,0.0,0.0018242902588099241,0.01139703206717968
2528,2.0224,16,0.006527273450046778,0.0,0.0011818832717835903,0.007709156721830368
2529,2.0232,16,0.02973649837076664,0.0,0.005121951922774315,0.034858450293540955
2530,2.024,16,0.007723241113126278,0.0,0.0004592819605022669,0.008182522840797901
2531,2.0248,16,0.01568554900586605,0.0,0.009262040257453918,0.02494758926331997
2532,2.0256,16,0.005627759732306004,0.0,0.0002755551540758461,0.005903314799070358
2533,2.0264,16,0.006047696806490421,0.0,0.0006874678656458855,0.006735164672136307
2534,2.0272,16,0.013651859015226364,0.0,0.010006219148635864,0.02365807816386223
2535,2.028,16,0.004051947966217995,0.0,0.00026395131135359406,0.004315899219363928
2536,2.0288,16,0.006008635740727186,0.0,0.0005725878290832043,0.0065812235698103905
2537,2.0296,16,0.13310016691684723,0.0,0.02838234230875969,0.16148251295089722
2538,2.0304,16,0.016737710684537888,0.0,0.005945530720055103,0.022683240473270416
2539,2.0312,16,0.003224981250241399,0.0,0.00014069722965359688,0.0033656784798949957
2540,2.032,16,0.013460386544466019,0.0,0.004520902875810862,0.017981288954615593
2541,2.0328,16,0.02995144948363304,0.0,0.006759009789675474,0.0367104597389698
2542,2.0336,16,0.4142097532749176,0.0,0.03341107442975044,0.44762083888053894
2543,2.0344,16,0.004412630572915077,0.0,0.00022653063933830708,0.0046391612850129604
2544,2.0352,16,0.0042079659178853035,0.0,0.0006783765275031328,0.004886342212557793
2545,2.036,16,0.004722149111330509,0.0,0.0009388988837599754,0.005661047995090485
2546,2.0368,16,0.054818492382764816,0.0,0.015005148947238922,0.06982363760471344
2547,2.0376,16,0.36888939142227173,0.0,0.0074705397710204124,0.3763599395751953
2548,2.0384,16,0.029362516477704048,0.0,0.046742089092731476,0.07610460370779037
2549,2.0392,16,0.013861455954611301,0.0,0.007274165749549866,0.021135620772838593
2550,2.04,16,0.003899832023307681,0.0,0.00024267945264000446,0.004142511636018753
2551,2.0408,16,0.06461219489574432,0.0,0.019327379763126373,0.0839395746588707
2552,2.0416,16,0.006058302242308855,0.0,0.0015524940099567175,0.007610796019434929
2553,2.0424,16,0.002950401045382023,0.0,0.00018833379726856947,0.003138734959065914
2554,2.0432,16,0.0051689427345991135,0.0,0.002225117292255163,0.007394060026854277
2555,2.044,16,0.004725768696516752,0.0,0.0006004101596772671,0.005326178856194019
2556,2.0448,16,0.004669424146413803,0.0,0.00034292874624952674,0.005012352950870991
2557,2.0456,16,0.01319199614226818,0.0,0.004631392657756805,0.017823388800024986
2558,2.0464,16,0.00755024328827858,0.0,0.0022840765304863453,0.009834319353103638
2559,2.0472,16,0.004920222796499729,0.0,0.0010908322874456644,0.00601105485111475
2560,2.048,16,0.002973481547087431,0.0,0.0003195968165528029,0.0032930783927440643
2561,2.0488,16,0.004272583872079849,0.0,0.0003826182219199836,0.00465520191937685
2562,2.0496,16,0.022654201835393906,0.0,0.009588481858372688,0.03224268555641174
2563,2.0504,16,0.007868055254220963,0.0,0.0013032860588282347,0.00917134154587984
2564,2.0512,16,0.3305167853832245,0.0,0.0009120851755142212,0.3314288854598999
2565,2.052,16,0.009930175729095936,0.0,0.0018151103286072612,0.011745286174118519
2566,2.0528,16,0.09933801740407944,0.0,0.08843867480754852,0.18777668476104736
2567,2.0536,16,0.004177875816822052,0.0,0.0008644000627100468,0.005042275879532099
2568,2.0544,16,0.004306058399379253,0.0,0.0001665426534600556,0.004472601227462292
2569,2.0552,16,0.006320048123598099,0.0,0.002663581632077694,0.008983629755675793
2570,2.056,16,0.0046835290268063545,0.0,0.00031606951961293817,0.004999598488211632
2571,2.0568,16,0.012931258417665958,0.0,0.004903546534478664,0.017834804952144623
2572,2.0576,16,0.0053214263170957565,0.0,0.00045036981464363635,0.005771796219050884
2573,2.0584,16,0.026855546981096268,0.0,0.012827852740883827,0.039683401584625244
2574,2.0592,16,0.0025404656771570444,0.0,0.0005671188700944185,0.003107584547251463
2575,2.06,16,0.07750315964221954,0.0,0.028397521004080772,0.10590068250894547
2576,2.0608,16,0.0031803492456674576,0.0,0.0003875891852658242,0.0035679384600371122
2577,2.0616,16,0.00632035918533802,0.0,0.010890865698456764,0.017211224883794785
2578,2.0624,16,0.03485170006752014,0.0,0.013490387238562107,0.048342086374759674
2579,2.0632,16,0.0020841811783611774,0.0,9.99259646050632e-05,0.0021841072011739016
2580,2.064,16,0.0028914473950862885,0.0,0.001007715007290244,0.0038991624023765326
2581,2.0648,16,0.24463355541229248,0.0,8.44199676066637e-05,0.24471797049045563
2582,2.0656,16,0.00436407933011651,0.0,0.0007862232741899788,0.005150302778929472
2583,2.0664,16,0.07736443728208542,0.0,0.09524749219417572,0.17261192202568054
2584,2.0672,16,0.03031935915350914,0.0,0.007772018667310476,0.038091376423835754
2585,2.068,16,0.007530308328568935,0.0,0.006535408087074757,0.014065716415643692
2586,2.0688,16,0.002026735572144389,0.0,0.00017861979722511023,0.0022053553257137537
2587,2.0696,16,0.004915106575936079,0.0,0.0009123723721131682,0.005827479064464569
2588,2.0704,16,0.0023369884584099054,0.0,0.00016342371236532927,0.002500412054359913
2589,2.0712,16,0.004223110154271126,0.0,0.00039344016113318503,0.0046165501698851585
2590,2.072,16,0.11417465656995773,0.0,0.09832251071929932,0.21249717473983765
2591,2.0728,16,0.36965256929397583,0.0,0.00011724283103831112,0.369769811630249
2592,2.0736,16,0.001962060807272792,0.0,0.00011794096644734964,0.0020800018683075905
2593,2.0744,16,0.013649438507854939,0.0,0.02597620338201523,0.03962564095854759
2594,2.0752,16,0.024523034691810608,0.0,0.02062661200761795,0.04514964669942856
2595,2.076,16,0.0022424738854169846,0.0,0.0005288798129186034,0.00277135381475091
2596,2.0768,16,0.007283388637006283,0.0,0.0003632701118476689,0.007646658923476934
2597,2.0776,16,0.014836844056844711,0.0,0.00233864807523787,0.017175491899251938
2598,2.0784,16,0.0021591149270534515,0.0,0.00019867932132910937,0.0023577942047268152
2599,2.0792,16,0.0024091266095638275,0.0,0.00029069764423184097,0.002699824282899499
2600,2.08,16,0.001926329918205738,0.0,7.837668090360239e-05,0.002004706533625722
2601,2.0808,16,0.003504146821796894,0.0,0.0013788948999717832,0.004883041605353355
2602,2.0816,16,0.002798604778945446,0.0,0.0008301443886011839,0.00362874916754663
2603,2.0824,16,0.13051660358905792,0.0,0.12474808096885681,0.2552646994590759
2604,2.0832,16,0.0019511627033352852,0.0,0.00023479829542338848,0.0021859609987586737
2605,2.084,16,0.013446562923491001,0.0,0.010016527026891708,0.023463089019060135
2606,2.0848,16,0.002051571849733591,0.0,6.692241731798276e-05,0.002118494361639023
2607,2.0856,16,0.004355361685156822,0.0,0.0005165562033653259,0.004871917888522148
2608,2.0864,16,0.1347890943288803,0.0,0.029141195118427277,0.16393029689788818
2609,2.0872,16,0.0027344063855707645,0.0,0.00025990616995841265,0.0029943124391138554
2610,2.088,16,0.27541106939315796,0.0,0.002064187079668045,0.2774752676486969
2611,2.0888,16,0.21284952759742737,0.0,0.04039100930094719,0.25324052572250366
2612,2.0896,16,0.3785412311553955,0.0,0.006907877512276173,0.3854491114616394
2613,2.0904,16,0.3221692144870758,0.0,0.000352182803908363,0.3225213885307312
2614,2.0912,16,0.003364475443959236,0.0,0.00026516179786995053,0.0036296371836215258
2615,2.092,16,0.3727879524230957,0.0,0.12594106793403625,0.49872902035713196
2616,2.0928,16,0.011043515056371689,0.0,0.0004970631562173367,0.011540578678250313
2617,2.0936,16,0.04903711378574371,0.0,0.07502488791942596,0.12406200170516968
2618,2.0944,16,0.0035484114196151495,0.0,0.0004301752196624875,0.003978586755692959
2619,2.0952,16,0.3317697048187256,0.0,0.33862316608428955,0.6703928709030151
2620,2.096,16,0.053629595786333084,0.0,0.08862316608428955,0.14225275814533234
2621,2.0968,16,0.006041656713932753,0.0,0.006999622099101543,0.013041278347373009
2622,2.0976,16,0.21779033541679382,0.0,0.16166234016418457,0.3794526755809784
2623,2.0984,16,0.3091036081314087,0.0,0.0017346151871606708,0.3108382225036621
2624,2.0992,16,0.003143738955259323,0.0,0.0007934804307296872,0.0039372192695736885
2625,2.1,16,0.004576081410050392,0.0,0.004842936992645264,0.009419018402695656
2626,2.1008,16,0.004069217015057802,0.0,0.000606174289714545,0.0046753911301493645
2627,2.1016,16,0.2877066433429718,0.0,0.0009424472227692604,0.2886490821838379
2628,2.1024,16,0.004419083707034588,0.0,0.00043717812513932586,0.004856261890381575
2629,2.1032,16,0.0038641358260065317,0.0,0.0007972783059813082,0.004661414306610823
2630,2.104,16,0.1135627031326294,0.0,0.015324894338846207,0.1288875937461853
2631,2.1048,16,0.004749626852571964,0.0,0.0015142561169341207,0.006263882853090763
2632,2.1056,16,0.0030522216111421585,0.0,0.0005235990975052118,0.0035758207086473703
2633,2.1064,16,0.42176946997642517,0.0,0.07536353170871735,0.4971330165863037
2634,2.1072,16,0.03635457530617714,0.0,0.00035876213223673403,0.036713335663080215
2635,2.108,16,0.050885651260614395,0.0,0.014791129156947136,0.06567677855491638
2636,2.1088,16,0.007704880088567734,0.0,0.005952466279268265,0.013657346367835999
2637,2.1096,16,0.0036412375047802925,0.0,0.0003953920677304268,0.004036629572510719
2638,2.1104,16,0.005632002372294664,0.0,0.0006627219263464212,0.006294724531471729
2639,2.1112,16,0.0037075639702379704,0.0,0.0009712829487398267,0.004678846802562475
2640,2.112,16,0.004443073645234108,0.0,0.005612019915133715,0.010055093094706535
2641,2.1128,16,0.0027626461815088987,0.0,0.00038583966670557857,0.003148485906422138
2642,2.1136,16,0.02190662920475006,0.0,0.01161988452076912,0.03352651372551918
2643,2.1144,16,0.002343607833608985,0.0,0.0001618789101485163,0.0025054868310689926
2644,2.1152,16,0.029608899727463722,0.0,0.012617374770343304,0.04222627356648445
2645,2.116,16,0.39888688921928406,0.0,0.0017259314190596342,0.40061283111572266
2646,2.1168,16,0.0025297501124441624,0.0,0.00018217097385786474,0.0027119209989905357
2647,2.1176,16,0.6573539972305298,0.0,0.00032808841206133366,0.6576820611953735
2648,2.1184,16,0.020642327144742012,0.0,0.030927494168281555,0.05156981945037842
2649,2.1192,16,0.21117085218429565,0.0,0.0014557162066921592,0.21262656152248383
2650,2.12,16,0.0025360984727740288,0.0,0.00019467956735752523,0.0027307779528200626
2651,2.1208,16,0.2080448567867279,0.0,0.001218276098370552,0.2092631310224533
2652,2.1216,16,0.007249092683196068,0.0,0.003299516160041094,0.010548608377575874
2653,2.1224,16,0.006821032613515854,0.0,0.006378314457833767,0.01319934707134962
2654,2.1232,16,0.0022605557460337877,0.0,0.00010477304749656469,0.002365328837186098
2655,2.124,16,0.08033221960067749,0.0,0.009696516208350658,0.09002873301506042
2656,2.1248,16,0.08017679303884506,0.0,0.05689842253923416,0.13707521557807922
2657,2.1256,16,0.43402987718582153,0.0,0.010057713836431503,0.44408759474754333
2658,2.1264,16,0.014618491753935814,0.0,0.025293955579400063,0.039912447333335876
2659,2.1272,16,0.002022241707891226,0.0,9.902319288812578e-05,0.0021212648134678602
2660,2.128,16,0.0034718846436589956,0.0,0.0010565952397882938,0.004528479650616646
2661,2.1288,16,0.0053674872033298016,0.0,0.0005106802564114332,0.005878167226910591
2662,2.1296,16,0.006733912508934736,0.0,0.0013856631703674793,0.008119575679302216
2663,2.1304,16,0.4764484167098999,0.0,0.09284897148609161,0.5692973732948303
2664,2.1312,16,0.002382481936365366,0.0,0.00020172062795609236,0.00258420268073678
2665,2.132,16,0.004060630686581135,0.0,0.0029718391597270966,0.007032469846308231
2666,2.1328,16,0.12919820845127106,0.0,0.004984486848115921,0.13418269157409668
2667,2.1336,16,0.06800483167171478,0.0,0.1514311581850052,0.21943598985671997
2668,2.1344,16,0.004678594879806042,0.0,0.0016965724062174559,0.006375167518854141
2669,2.1352,16,0.012915723957121372,0.0,0.01558851171284914,0.028504235669970512
2670,2.136,16,0.003125248709693551,0.0,0.0004380148893687874,0.00356326368637383
2671,2.1368,16,0.030294593423604965,0.0,0.03430543094873428,0.06460002064704895
2672,2.1376,16,0.0025710146874189377,0.0,0.00017958623357117176,0.0027506009209901094
2673,2.1384,16,0.0033060088753700256,0.0,0.0005505945300683379,0.0038566035218536854
2674,2.1391999999999998,16,0.0018030155915766954,0.0,8.621205051895231e-05,0.001889227656647563
2675,2.14,16,0.3100544214248657,0.0,0.0003492406685836613,0.3104036748409271
2676,2.1408,16,0.0030592032708227634,0.0,0.000269309151917696,0.0033285124227404594
2677,2.1416,16,0.007258922327309847,0.0,0.004633123055100441,0.011892044916749
2678,2.1424,16,0.0026566621381789446,0.0,8.953090582508594e-05,0.0027461929712444544
2679,2.1432,16,0.052891138941049576,0.0,0.09774524718523026,0.15063638985157013
2680,2.144,16,0.0024505401961505413,0.0,0.00012250624422449619,0.0025730463676154613
2681,2.1448,16,0.1230527013540268,0.0,0.06682324409484863,0.18987594544887543
2682,2.1456,16,0.13512460887432098,0.0,0.036221668124198914,0.1713462769985199
2683,2.1464,16,0.049067363142967224,0.0,0.0056847804225981236,0.05475214496254921
2684,2.1471999999999998,16,0.0018957145512104034,0.0,7.056886533973739e-05,0.0019662834238260984
2685,2.148,16,0.0019753205124288797,0.0,0.0002747397229541093,0.0022500602062791586
2686,2.1488,16,0.0017116583185270429,0.0,9.59823519224301e-05,0.0018076406558975577
2687,2.1496,16,0.006604277063161135,0.0,0.00019009890093002468,0.006794375833123922
2688,2.1504,16,0.0022887536324560642,0.0,0.0003080304304603487,0.0025967841502279043
2689,2.1512000000000002,16,0.0031224368140101433,0.0,0.0011983655858784914,0.004320802167057991
2690,2.152,16,0.01413009688258171,0.0,0.026114724576473236,0.04024482145905495
2691,2.1528,16,0.0043532876297831535,0.0,0.0019819349981844425,0.006335222627967596
2692,2.1536,16,0.0022816145792603493,0.0,0.0002960035635624081,0.0025776182301342487
2693,2.1544,16,0.002289294730871916,0.0,0.00010579270019661635,0.0023950873874127865
2694,2.1552,16,0.002519794274121523,0.0,0.00036650794208981097,0.0028863023035228252
2695,2.156,16,0.0028012359980493784,0.0,0.0001715814578346908,0.00297281751409173
2696,2.1568,16,0.004381099715828896,0.0,0.0012772935442626476,0.005658393260091543
2697,2.1576,16,0.01370963454246521,0.0,0.007158976048231125,0.020868610590696335
2698,2.1584,16,0.37962526082992554,0.0,0.0007038674084469676,0.3803291320800781
2699,2.1592000000000002,16,0.11044776439666748,0.0,0.19424337148666382,0.3046911358833313
2700,2.16,16,0.39120742678642273,0.0,0.034538742154836655,0.4257461726665497
2701,2.1608,16,0.09279634058475494,0.0,0.01716306433081627,0.10995940864086151
2702,2.1616,16,0.05219674110412598,0.0,0.0025584823451936245,0.05475522205233574
2703,2.1624,16,0.4316670894622803,0.0,0.0021388805471360683,0.4338059723377228
2704,2.1632,16,0.009455306455492973,0.0,0.014825291931629181,0.024280598387122154
2705,2.164,16,0.0032419199123978615,0.0,0.00024272335576824844,0.0034846432972699404
2706,2.1648,16,0.0017629263456910849,0.0,0.00011370146239642054,0.0018766277935355902
2707,2.1656,16,0.04224468395113945,0.0,0.12476380169391632,0.16700848937034607
2708,2.1664,16,0.3872540593147278,0.0,0.0005962142022326589,0.387850284576416
2709,2.1672,16,0.005436057224869728,0.0,0.0006623342633247375,0.006098391488194466
2710,2.168,16,0.1748654842376709,0.0,0.020154204219579697,0.1950196921825409
2711,2.1688,16,0.0019196202047169209,0.0,0.0004454965819604695,0.0023651167284697294
2712,2.1696,16,0.004924611654132605,0.0,0.006148418411612511,0.011073030531406403
2713,2.1704,16,0.3074970841407776,0.0,0.001220396370626986,0.3087174892425537
2714,2.1712,16,0.13096565008163452,0.0,0.02515137940645218,0.1561170220375061
2715,2.172,16,0.04007512331008911,0.0,0.0766039490699768,0.11667907238006592
2716,2.1728,16,0.0944167822599411,0.0,0.05330274999141693,0.14771953225135803
2717,2.1736,16,0.15910612046718597,0.0,0.07732407003641129,0.23643019795417786
2718,2.1744,16,0.004029539413750172,0.0,0.0015909390058368444,0.00562047865241766
2719,2.1752,16,0.002170128747820854,0.0,0.0001264017482753843,0.002296530408784747
2720,2.176,16,0.7812626361846924,0.0,0.0007651776541024446,0.7820278406143188
2721,2.1768,16,0.022202998399734497,0.0,0.006090180017054081,0.028293177485466003
2722,2.1776,16,0.005721345543861389,0.0,0.0009266319684684277,0.006647977512329817
2723,2.1784,16,0.06634487956762314,0.0,0.08371175825595856,0.1500566303730011
2724,2.1792,16,0.018976982682943344,0.0,0.01602012664079666,0.034997109323740005
2725,2.18,16,0.005210216157138348,0.0,0.0032866671681404114,0.008496883325278759
2726,2.1808,16,0.003765553468838334,0.0,0.0005587722407653928,0.004324325826019049
2727,2.1816,16,0.36295396089553833,0.0,0.0020926273427903652,0.36504659056663513
2728,2.1824,16,0.012010295875370502,0.0,0.0006859349668957293,0.01269623078405857
2729,2.1832,16,0.004834439605474472,0.0,0.0032088314183056355,0.00804327055811882
2730,2.184,16,0.5798235535621643,0.0,0.18842713534832,0.7682507038116455
2731,2.1848,16,0.0022611813619732857,0.0,0.00014544237637892365,0.0024066236801445484
2732,2.1856,16,0.002466936130076647,0.0,3.752591146621853e-05,0.002504462143406272
2733,2.1864,16,0.13059167563915253,0.0,0.034094974398612976,0.1646866500377655
2734,2.1872,16,0.0027383838314563036,0.0,0.00031068193493410945,0.003049065824598074
2735,2.188,16,0.2850671410560608,0.0,0.0007004286162555218,0.2857675552368164
2736,2.1888,16,0.41321098804473877,0.0,6.115988799137995e-05,0.4132721424102783
2737,2.1896,16,0.0028832070529460907,0.0,0.0005817414494231343,0.003464948385953903
2738,2.1904,16,0.00959773175418377,0.0,0.00420614518225193,0.0138038769364357
2739,2.1912,16,0.01783941127359867,0.0,0.02839900180697441,0.04623841494321823
2740,2.192,16,0.040686819702386856,0.0,0.013964185491204262,0.05465100705623627
2741,2.1928,16,0.003378570079803467,0.0,0.0005832588649354875,0.003961829002946615
2742,2.1936,16,0.03527176380157471,0.0,0.0583021342754364,0.09357389807701111
2743,2.1944,16,0.16862428188323975,0.0,0.048533327877521515,0.21715760231018066
2744,2.1952,16,0.012805506587028503,0.0,0.0017899872036650777,0.01459549367427826
2745,2.196,16,0.00588636938482523,0.0,0.000809177930932492,0.006695547141134739
2746,2.1968,16,0.003218483878299594,0.0,0.00038237872649915516,0.0036008625756949186
2747,2.1976,16,0.14705197513103485,0.0,0.04045172035694122,0.18750369548797607
2748,2.1984,16,0.05689626932144165,0.0,0.016183389350771904,0.0730796605348587
2749,2.1992,16,0.0036173532716929913,0.0,0.0002119682903867215,0.003829321591183543
2750,2.2,16,0.005597454030066729,0.0,0.00014660732995253056,0.005744061432778835
2751,2.2008,16,0.004154622554779053,0.0,0.0021547446958720684,0.006309367250651121
2752,2.2016,16,0.0043485332280397415,0.0,0.0002176160633098334,0.004566149320453405
2753,2.2024,16,0.00311521184630692,0.0,0.00046878837747499347,0.0035840002819895744
2754,2.2032,16,0.4024139940738678,0.0,0.00017897412180900574,0.4025929570198059
2755,2.204,16,0.0028764992021024227,0.0,0.0003029814688488841,0.0031794807873666286
2756,2.2048,16,0.006200214382261038,0.0,0.002400199417024851,0.008600413799285889
2757,2.2056,16,0.005983550101518631,0.0,0.0023788954131305218,0.00836244598031044
2758,2.2064,16,0.002323026768863201,0.0,0.00022470462135970592,0.002547731390222907
2759,2.2072,16,0.004271777346730232,0.0,0.0020637856796383858,0.006335563026368618
2760,2.208,16,0.3540682792663574,0.0,0.08496706187725067,0.4390353560447693
2761,2.2088,16,0.02478385530412197,0.0,0.05436330661177635,0.07914716005325317
2762,2.2096,16,0.006149075925350189,0.0,0.002430989872664213,0.00858006626367569
2763,2.2104,16,0.2789837718009949,0.0,0.0003462470485828817,0.2793300151824951
2764,2.2112,16,0.3671995997428894,0.0,0.0006423539016395807,0.3678419589996338
2765,2.212,16,0.39297616481781006,0.0,0.0007344771292991936,0.3937106430530548
2766,2.2128,16,0.007831898517906666,0.0,0.010563988238573074,0.018395885825157166
2767,2.2136,16,0.14671660959720612,0.0,0.005975962616503239,0.15269257128238678
2768,2.2144,16,0.0033150995150208473,0.0,0.00039180024759843946,0.003706899704411626
2769,2.2152,16,0.009287940338253975,0.0,0.0009673894383013248,0.010255329310894012
2770,2.216,16,0.003731147153303027,0.0,0.00023723661433905363,0.003968383651226759
2771,2.2168,16,0.010371925309300423,0.0,0.0016584072727710009,0.01203033234924078
2772,2.2176,16,0.007043376564979553,0.0,0.0009557347511872649,0.007999110966920853
2773,2.2184,16,0.006679663434624672,0.0,0.0008935861987993121,0.007573249749839306
2774,2.2192,16,0.3597021698951721,0.0,0.0008984381565824151,0.36060062050819397
2775,2.22,16,0.004318238701671362,0.0,0.00026275095297023654,0.004580989480018616
2776,2.2208,16,0.003982497379183769,0.0,0.0002674981369636953,0.004249995574355125
2777,2.2216,16,0.0031218002550303936,0.0,0.0001750161754898727,0.003296816488727927
2778,2.2224,16,0.13400426506996155,0.0,0.11937618255615234,0.2533804476261139
2779,2.2232,16,0.047771647572517395,0.0,0.0012114057317376137,0.048983052372932434
2780,2.224,16,0.007312013767659664,0.0,0.0015971092507243156,0.00890912301838398
2781,2.2248,16,0.004420155193656683,0.0,0.001114849466830492,0.005535004660487175
2782,2.2256,16,0.0033971499651670456,0.0,0.0001536018098704517,0.003550751833245158
2783,2.2264,16,0.3955216407775879,0.0,0.00014907748845871538,0.39567071199417114
2784,2.2272,16,0.7612111568450928,0.0,0.10279107838869095,0.8640022277832031
2785,2.228,16,0.005463675130158663,0.0,0.00028057547751814127,0.005744250491261482
2786,2.2288,16,0.4359290301799774,0.0,0.010512781329452991,0.44644179940223694
2787,2.2296,16,0.00456061027944088,0.0,0.00043670047307386994,0.004997310694307089
2788,2.2304,16,0.004143417812883854,0.0,0.0002879875246435404,0.004431405104696751
2789,2.2312,16,0.41777661442756653,0.0,0.00045091198990121484,0.41822752356529236
2790,2.232,16,0.2916792035102844,0.0,0.0009917315328493714,0.29267093539237976
2791,2.2328,16,0.23971736431121826,0.0,0.0921299010515213,0.33184725046157837
2792,2.2336,16,0.0038321102038025856,0.0,0.00011626242485363036,0.0039483727887272835
2793,2.2344,16,0.39390629529953003,0.0,0.004941146820783615,0.39884743094444275
2794,2.2352,16,0.005083637312054634,0.0,0.0007265534368343651,0.005810190923511982
2795,2.2359999999999998,16,0.036739781498909,0.0,0.009821681305766106,0.04656146466732025
2796,2.2368,16,0.2566691040992737,0.0,0.0006836193497292697,0.25735270977020264
2797,2.2376,16,0.0042122164741158485,0.0,0.00026489541050978005,0.004477112088352442
2798,2.2384,16,0.030215900391340256,0.0,0.03686181455850601,0.06707771122455597
2799,2.2392,16,0.0070657809264957905,0.0,0.0018088850192725658,0.008874665945768356
2800,2.24,16,0.015059549361467361,0.0,0.023725267499685287,0.03878481686115265
2801,2.2408,16,0.7302365303039551,0.0,0.0498117059469223,0.7800482511520386
2802,2.2416,16,0.004528524354100227,0.0,8.144194725900888e-05,0.004609966184943914
2803,2.2424,16,0.0036920662969350815,0.0,0.00036630037357099354,0.004058366641402245
2804,2.2432,16,0.004928878508508205,0.0,0.0002649849629960954,0.005193863529711962
2805,2.2439999999999998,16,0.17312127351760864,0.0,0.005170611198991537,0.17829188704490662
2806,2.2448,16,0.008730966597795486,0.0,0.0005937929381616414,0.009324759244918823
2807,2.2456,16,0.005038432776927948,0.0,0.0002714068104978651,0.005309839732944965
2808,2.2464,16,0.006063955370336771,0.0,0.0006114582065492868,0.0066754138097167015
2809,2.2472,16,0.003881670068949461,0.0,0.00027155608404427767,0.004153226036578417
2810,2.248,16,0.004099817480891943,0.0,0.0001052061707014218,0.004205023869872093
2811,2.2488,16,0.004386528395116329,0.0,0.0002442199329379946,0.0046307481825351715
2812,2.2496,16,0.06592471897602081,0.0,0.030690167099237442,0.09661488234996796
2813,2.2504,16,0.17214876413345337,0.0,0.0017060828395187855,0.17385484278202057
2814,2.2512,16,0.2938639521598816,0.0,0.0009912224486470222,0.29485517740249634
2815,2.252,16,0.0038158721290528774,0.0,0.00025758196716196835,0.004073454067111015
2816,2.2528,16,0.37753668427467346,0.0,0.02205897867679596,0.3995956778526306
2817,2.2536,16,0.005020792596042156,0.0,0.0012282233219593763,0.006249016150832176
2818,2.2544,16,0.24326729774475098,0.0,0.020678631961345673,0.26394593715667725
2819,2.2552,16,0.0033763395622372627,0.0,0.0002259571774629876,0.0036022968124598265
2820,2.2560000000000002,16,0.3574199080467224,0.0,0.0007203771965578198,0.3581402897834778
2821,2.2568,16,0.007153257727622986,0.0,0.0008736572926864028,0.008026914671063423
2822,2.2576,16,0.006773957516998053,0.0,0.0006067382637411356,0.007380696013569832
2823,2.2584,16,0.025660822167992592,0.0,0.019231345504522324,0.044892169535160065
2824,2.2592,16,0.007326844148337841,0.0,0.0014183179009705782,0.008745161816477776
2825,2.26,16,0.15108579397201538,0.0,0.05889015644788742,0.2099759578704834
2826,2.2608,16,0.09188243001699448,0.0,0.08655056357383728,0.17843300104141235
2827,2.2616,16,0.017901510000228882,0.0,0.025898773223161697,0.04380028322339058
2828,2.2624,16,0.003416917286813259,0.0,0.00018106598872691393,0.0035979831591248512
2829,2.2632,16,0.011696157045662403,0.0,0.00730171799659729,0.01899787411093712
2830,2.2640000000000002,16,0.00302673177793622,0.0,0.00017536149243824184,0.0032020932994782925
2831,2.2648,16,0.004202447831630707,0.0,0.0006889487849548459,0.004891396500170231
2832,2.2656,16,0.004693930968642235,0.0,0.0007107016863301396,0.005404632538557053
2833,2.2664,16,0.018287789076566696,0.0,0.028213297948241234,0.04650108516216278
2834,2.2672,16,0.005232728086411953,0.0,0.0010943666566163301,0.0063270945101976395
2835,2.268,16,0.003988388925790787,0.0,0.0002549306955188513,0.004243319854140282
2836,2.2688,16,0.01874159649014473,0.0,0.0036288397386670113,0.022370435297489166
2837,2.2696,16,0.00504457950592041,0.0,0.0005637772264890373,0.005608356557786465
2838,2.2704,16,0.0031205725390464067,0.0,0.0002518193796277046,0.0033723919186741114
2839,2.2712,16,0.006162852980196476,0.0,0.0022501882631331682,0.008413041010499
2840,2.2720000000000002,16,0.003040625248104334,0.0,8.806986443232745e-05,0.0031286950688809156
2841,2.2728,16,0.003622740041464567,0.0,0.0003631963627412915,0.003985936287790537
2842,2.2736,16,0.04224849492311478,0.0,0.022356225177645683,0.06460472196340561
2843,2.2744,16,0.004161459393799305,0.0,0.0005011388566344976,0.004662598483264446
2844,2.2752,16,0.0031476495787501335,0.0,0.00020487695292104036,0.0033525265753269196
2845,2.276,16,0.14199385046958923,0.0,0.04663950204849243,0.18863335251808167
2846,2.2768,16,0.013465911149978638,0.0,0.008869679644703865,0.022335590794682503
2847,2.2776,16,0.009144803509116173,0.0,0.0046529145911335945,0.013797718100249767
2848,2.2784,16,0.006838905159384012,0.0,0.0031968310941010714,0.010035736486315727
2849,2.2792,16,0.018214287236332893,0.0,0.0016645225696265697,0.01987881027162075
2850,2.2800000000000002,16,0.0074468934908509254,0.0,0.00014025800919625908,0.007587151601910591
2851,2.2808,16,0.0029396144673228264,0.0,0.00014761887723580003,0.0030872332863509655
2852,2.2816,16,0.0033677530009299517,0.0,0.0003177687176503241,0.003685521660372615
2853,2.2824,16,0.004268941469490528,0.0,0.0014110426418483257,0.005679984111338854
2854,2.2832,16,0.0035223227459937334,0.0,0.00023348866670858115,0.003755811369046569
2855,2.284,16,0.041858330368995667,0.0,0.0607919916510582,0.10265032202005386
2856,2.2848,16,0.17270569503307343,0.0,0.1739473193883896,0.346653014421463
2857,2.2856,16,0.1386345624923706,0.0,0.13645526766777039,0.275089830160141
2858,2.2864,16,0.0023505869321525097,0.0,0.00019808480283245444,0.002548671793192625
2859,2.2872,16,0.105218306183815,0.0,0.22324275970458984,0.32846105098724365
2860,2.288,16,0.002352251671254635,0.0,0.00011808311683125794,0.0024703347589820623
2861,2.2888,16,0.003273229580372572,0.0,0.00010747257329057902,0.0033807021100074053
2862,2.2896,16,0.003379529807716608,0.0,0.0010010339319705963,0.004380563739687204
2863,2.2904,16,0.002352176932618022,0.0,0.00017040211241692305,0.002522578928619623
2864,2.2912,16,0.004513476509600878,0.0,0.00019234212231822312,0.004705818835645914
2865,2.292,16,0.38122838735580444,0.0,0.0375034436583519,0.41873183846473694
2866,2.2928,16,0.06424921751022339,0.0,0.03574773669242859,0.09999695420265198
2867,2.2936,16,0.017620742321014404,0.0,0.008978655561804771,0.026599397882819176
2868,2.2944,16,0.002505532233044505,0.0,0.00040554982842877507,0.0029110820032656193
2869,2.2952,16,0.14079955220222473,0.0,0.011767571792006493,0.15256711840629578
2870,2.296,16,0.0025311168283224106,0.0,0.00017755887529347092,0.002708675805479288
2871,2.2968,16,0.3666633665561676,0.0,0.0005303937941789627,0.3671937584877014
2872,2.2976,16,0.32610562443733215,0.0,0.0046015833504498005,0.33070722222328186
2873,2.2984,16,0.007518032565712929,0.0,0.001150490716099739,0.008668523281812668
2874,2.2992,16,0.004615770652890205,0.0,0.0005222916370257735,0.005138062406331301
2875,2.3,16,0.005042415112257004,0.0,0.002615319099277258,0.007657734211534262
2876,2.3008,16,0.31658077239990234,0.0,0.0008397139608860016,0.31742048263549805
2877,2.3016,16,0.009690439328551292,0.0,0.0005325982929207385,0.01022303756326437
2878,2.3024,16,0.26955389976501465,0.0,0.0549527145922184,0.32450661063194275
2879,2.3032,16,0.028100594878196716,0.0,0.04442781209945679,0.0725284069776535
2880,2.304,16,0.3644169569015503,0.0,0.002275599166750908,0.36669254302978516
2881,2.3048,16,0.07324175536632538,0.0,0.055265672504901886,0.12850743532180786
2882,2.3056,16,0.002964210696518421,0.0,0.0008740361081436276,0.003838246688246727
2883,2.3064,16,0.28919994831085205,0.0,0.0017961906269192696,0.29099613428115845
2884,2.3072,16,0.28263938426971436,0.0,0.0005566963227465749,0.2831960916519165
2885,2.308,16,0.0035253677051514387,0.0,0.0003974718856625259,0.0039228396490216255
2886,2.3088,16,0.0031238833907991648,0.0,0.0003386660246178508,0.0034625492990016937
2887,2.3096,16,0.03159502148628235,0.0,0.05543840676546097,0.08703342825174332
2888,2.3104,16,0.06842520087957382,0.0,0.07101099193096161,0.13943618535995483
2889,2.3112,16,0.1919582486152649,0.0,0.01947171986103058,0.21142996847629547
2890,2.312,16,0.5488395690917969,0.0,0.03069089725613594,0.5795304775238037
2891,2.3128,16,0.0068512121215462685,0.0,0.007054914720356464,0.013906126841902733
2892,2.3136,16,0.38815179467201233,0.0,0.00015185865049716085,0.3883036673069
2893,2.3144,16,0.007575101684778929,0.0,0.004170555155724287,0.011745656840503216
2894,2.3152,16,0.011637088842689991,0.0,0.0025475777219980955,0.01418466679751873
2895,2.316,16,0.0024565504863858223,0.0,0.00012159113248344511,0.0025781416334211826
2896,2.3168,16,0.005143092479556799,0.0,0.0032819369807839394,0.008425028994679451
2897,2.3176,16,0.5091592073440552,0.0,0.0010017508175224066,0.5101609826087952
2898,2.3184,16,0.003487191628664732,0.0,0.0005071127088740468,0.003994304221123457
2899,2.3192,16,0.004090728238224983,0.0,0.0010328833013772964,0.00512361153960228
2900,2.32,16,0.009506966918706894,0.0,0.004340686369687319,0.013847652822732925
2901,2.3208,16,0.003599245101213455,0.0,0.0004501216171775013,0.004049366805702448
2902,2.3216,16,0.004247637465596199,0.0,0.0012162912171334028,0.0054639289155602455
2903,2.3224,16,0.6558504700660706,0.0,0.0056626200675964355,0.661513090133667
2904,2.3232,16,0.4222438931465149,0.0,0.09034129977226257,0.5125851631164551
2905,2.324,16,0.011132625862956047,0.0,0.005259874276816845,0.016392499208450317
2906,2.3247999999999998,16,0.00457634124904871,0.0,0.0007617900264449418,0.005338131450116634
2907,2.3256,16,0.0025957778561860323,0.0,0.00016444387438241392,0.002760221716016531
2908,2.3264,16,0.1176372617483139,0.0,0.009073500521481037,0.12671075761318207
2909,2.3272,16,0.1746622622013092,0.0,0.09876637160778046,0.27342861890792847
2910,2.328,16,0.1940147429704666,0.0,0.002969181165099144,0.1969839185476303
2911,2.3288,16,0.008106368593871593,0.0,0.002353852614760399,0.010460221208631992
2912,2.3296,16,0.00403539789840579,0.0,0.0005777892656624317,0.004613187164068222
2913,2.3304,16,0.03991525247693062,0.0,0.04501352459192276,0.08492878079414368
2914,2.3312,16,0.0029948789160698652,0.0,0.00015524067566730082,0.0031501196790486574
2915,2.332,16,0.0046024383045732975,0.0,0.0020513266790658236,0.006653765216469765
2916,2.3327999999999998,16,0.0026945732533931732,0.0,0.00011455653293523937,0.002809129888191819
2917,2.3336,16,0.005845964886248112,0.0,0.002419787924736738,0.008265752345323563
2918,2.3344,16,0.003941523842513561,0.0,0.0020126814488321543,0.005954205058515072
2919,2.3352,16,0.2908027172088623,0.0,0.003293946385383606,0.2940966486930847
2920,2.336,16,0.27766501903533936,0.0,0.018928954377770424,0.29659396409988403
2921,2.3368,16,0.005639157257974148,0.0,0.0004846554365940392,0.00612381286919117
2922,2.3376,16,0.0028418113943189383,0.0,0.0001288351195398718,0.0029706466011703014
2923,2.3384,16,0.003130801487714052,0.0,0.00044517117203213274,0.0035759727470576763
2924,2.3392,16,0.07140451669692993,0.0,0.10940171778202057,0.1808062344789505
2925,2.34,16,0.040948767215013504,0.0,0.04255814850330353,0.08350691199302673
2926,2.3407999999999998,16,0.00710602942854166,0.0,0.00916106253862381,0.016267091035842896
2927,2.3416,16,0.28997674584388733,0.0,0.0023900759406387806,0.2923668324947357
2928,2.3424,16,0.003122797003015876,0.0,0.0002489113830961287,0.0033717083279043436
2929,2.3432,16,0.022213423624634743,0.0,0.05271690711379051,0.0749303326010704
2930,2.344,16,0.004733767360448837,0.0,0.00031643378315493464,0.005050200968980789
2931,2.3448,16,0.009130241349339485,0.0,0.0010159966768696904,0.010146237909793854
2932,2.3456,16,0.28132492303848267,0.0,0.00288689904846251,0.28421181440353394
2933,2.3464,16,0.0034207941498607397,0.0,0.0013301826547831297,0.004750976804643869
2934,2.3472,16,0.26338618993759155,0.0,0.010139347054064274,0.27352553606033325
2935,2.348,16,0.0033160157036036253,0.0,0.0006948976079002023,0.004010913427919149
2936,2.3487999999999998,16,0.0030792439356446266,0.0,0.000341624254360795,0.0034208681900054216
2937,2.3496,16,0.0369405671954155,0.0,0.08672819286584854,0.12366876006126404
2938,2.3504,16,0.003461287124082446,0.0,0.0009179107146337628,0.004379197955131531
2939,2.3512,16,0.2689054012298584,0.0,0.00031243928242474794,0.269217848777771
2940,2.352,16,0.37749505043029785,0.0,0.00022932673164177686,0.37772437930107117
2941,2.3528000000000002,16,0.03245159611105919,0.0,0.001361590577289462,0.03381318598985672
2942,2.3536,16,0.013380220159888268,0.0,0.017954226583242416,0.031334444880485535
2943,2.3544,16,0.008527924306690693,0.0,0.006560147739946842,0.015088072046637535
2944,2.3552,16,0.015713945031166077,0.0,0.019289838150143623,0.03500378131866455
2945,2.356,16,0.3278246521949768,0.0,0.0005984136369079351,0.32842305302619934
2946,2.3568,16,0.017901983112096786,0.0,0.011684207245707512,0.0295861903578043
2947,2.3576,16,0.09809265285730362,0.0,0.012673204764723778,0.11076585948467255
2948,2.3584,16,0.007026805076748133,0.0,0.001853862777352333,0.008880667388439178
2949,2.3592,16,0.11693248897790909,0.0,0.06052504479885101,0.1774575412273407
2950,2.36,16,0.019110307097434998,0.0,0.0033807908184826374,0.022491097450256348
2951,2.3608000000000002,16,0.004056928679347038,0.0,0.00019055846496485174,0.004247487057000399
2952,2.3616,16,0.002798689529299736,0.0,0.00017530747572891414,0.0029739970341324806
2953,2.3624,16,0.006414664909243584,0.0,0.0035253807436674833,0.00994004588574171
2954,2.3632,16,0.0039850571192801,0.0,0.0012611327692866325,0.005246189888566732
2955,2.364,16,0.055956512689590454,0.0,0.022935107350349426,0.07889162003993988
2956,2.3648,16,0.0032346134539693594,0.0,0.0007082526572048664,0.003942865878343582
2957,2.3656,16,0.033058859407901764,0.0,0.018540114164352417,0.05159897357225418
2958,2.3664,16,0.015360809862613678,0.0,0.031168535351753235,0.04652934521436691
2959,2.3672,16,0.0036412253975868225,0.0,0.0004901240463368595,0.004131349269300699
2960,2.368,16,0.004381940700113773,0.0,0.00025232371990568936,0.004634264390915632
2961,2.3688000000000002,16,0.7033765316009521,0.0,0.14099299907684326,0.8443695306777954
2962,2.3696,16,0.013791205361485481,0.0,0.023904243484139442,0.037695448845624924
2963,2.3704,16,0.030778855085372925,0.0,0.0017748374957591295,0.032553691416978836
2964,2.3712,16,0.0030017273966223,0.0,0.0002588472852949053,0.003260574769228697
2965,2.372,16,0.0789855346083641,0.0,0.20262525975704193,0.28161078691482544
2966,2.3728,16,0.003807411063462496,0.0,0.00044930767035111785,0.004256718792021275
2967,2.3736,16,0.0037102936767041683,0.0,0.0011264779604971409,0.004836771637201309
2968,2.3744,16,0.003085407894104719,0.0,9.804319415707141e-05,0.0031834510155022144
2969,2.3752,16,0.031834110617637634,0.0,0.01731548272073269,0.04914959520101547
2970,2.376,16,0.3365171551704407,0.0,0.0004417568852659315,0.3369589149951935
2971,2.3768000000000002,16,0.3059990704059601,0.0,0.0006221855292096734,0.306621253490448
2972,2.3776,16,0.0060158078558743,0.0,0.0016741376603022218,0.0076899453997612
2973,2.3784,16,0.0033695860765874386,0.0,0.00010892225691350177,0.0034785084426403046
2974,2.3792,16,0.003066648030653596,0.0,0.000273228099104017,0.003339876187965274
2975,2.38,16,0.00821166206151247,0.0,0.0024383605923503637,0.010650022886693478
2976,2.3808,16,0.6452068090438843,0.0,0.001221638871356845,0.6464284658432007
2977,2.3816,16,0.029397331178188324,0.0,0.00884033739566803,0.038237668573856354
2978,2.3824,16,0.30673736333847046,0.0,0.11497719585895538,0.42171454429626465
2979,2.3832,16,0.026742640882730484,0.0,0.03494684770703316,0.06168948858976364
2980,2.384,16,0.0031467783264815807,0.0,0.00018215723684988916,0.0033289354760199785
2981,2.3848,16,0.0032204852905124426,0.0,0.000364432402420789,0.0035849176347255707
2982,2.3856,16,0.281297892332077,0.0,0.003706323215737939,0.28500422835350037
2983,2.3864,16,0.0405389703810215,0.0,0.1169649213552475,0.1575038880109787
2984,2.3872,16,0.023475175723433495,0.0,0.05341789871454239,0.07689307630062103
2985,2.388,16,0.005278115160763264,0.0,0.0009918482974171638,0.0062699634581804276
2986,2.3888,16,0.1832316815853119,0.0,0.014640964567661285,0.19787263870239258
2987,2.3896,16,0.2890707850456238,0.0,0.006033757701516151,0.2951045334339142
2988,2.3904,16,0.02003173902630806,0.0,0.04646619036793709,0.06649792939424515
2989,2.3912,16,0.004815276712179184,0.0,0.0011629629880189896,0.0059782397001981735
2990,2.392,16,0.027396004647016525,0.0,0.016554653644561768,0.04395065829157829
2991,2.3928,16,0.013053512200713158,0.0,0.020020853728055954,0.03307436406612396
2992,2.3936,16,0.0038405098021030426,0.0,0.0008611662779003382,0.004701675847172737
2993,2.3944,16,0.01132950745522976,0.0,0.0032794957514852285,0.014609003439545631
2994,2.3952,16,0.30265432596206665,0.0,0.0002327537804376334,0.30288708209991455
2995,2.396,16,0.006004276219755411,0.0,0.0008049806347116828,0.006809256970882416
2996,2.3968,16,0.005132356658577919,0.0,0.0023938973899930716,0.007526254281401634
2997,2.3976,16,0.004143852740526199,0.0,0.00021231872960925102,0.00435617147013545
2998,2.3984,16,0.039049744606018066,0.0,0.004370704293251038,0.043420448899269104
2999,2.3992,16,0.013541771098971367,0.0,0.03834524378180504,0.051887013018131256
3000,2.4,16,0.02762307971715927,0.0,0.0005083602736704051,0.02813144028186798
3001,2.4008,16,0.003630119375884533,0.0,0.0002596648409962654,0.0038897842168807983
3002,2.4016,16,0.11223233491182327,0.0,0.0046539995819330215,0.11688633263111115
3003,2.4024,16,0.014147501438856125,0.0,0.0016238880343735218,0.01577138900756836
3004,2.4032,16,0.014752739109098911,0.0,0.01480771042406559,0.029560450464487076
3005,2.404,16,0.009983987547457218,0.0,0.005254916846752167,0.015238904394209385
3006,2.4048,16,0.035515524446964264,0.0,0.08877232670783997,0.12428785115480423
3007,2.4056,16,0.22948388755321503,0.0,0.0021282746456563473,0.2316121608018875
3008,2.4064,16,0.0054613095708191395,0.0,0.0015060980804264545,0.006967407651245594
3009,2.4072,16,0.0028811348602175713,0.0,0.0001463277149014175,0.0030274626333266497
3010,2.408,16,0.19557371735572815,0.0,0.008012576028704643,0.20358629524707794
3011,2.4088,16,0.005860146135091782,0.0,0.0012408114271238446,0.007100957445800304
3012,2.4096,16,0.31101566553115845,0.0,0.0031680939719080925,0.31418377161026
3013,2.4104,16,0.004603225737810135,0.0,0.0011977199465036392,0.005800945684313774
3014,2.4112,16,0.0055218045599758625,0.0,0.0025033955462276936,0.008025200106203556
3015,2.412,16,0.1421460211277008,0.0,0.007225910201668739,0.149371936917305
3016,2.4128,16,0.004857302643358707,0.0,0.0009840864222496748,0.005841389298439026
3017,2.4136,16,0.006381412036716938,0.0,0.000847079383675009,0.007228491362184286
3018,2.4144,16,0.6180372834205627,0.0,0.00035804277285933495,0.6183953285217285
3019,2.4152,16,0.39131906628608704,0.0,0.0014690908137708902,0.3927881717681885
3020,2.416,16,0.027281379327178,0.0,0.024116167798638344,0.051397547125816345
3021,2.4168,16,0.04018392413854599,0.0,0.030748505145311356,0.07093243300914764
3022,2.4176,16,0.20878630876541138,0.0,0.012674123980104923,0.22146043181419373
3023,2.4184,16,0.3308117091655731,0.0,0.07879223674535751,0.40960395336151123
3024,2.4192,16,0.010642891749739647,0.0,0.009115690365433693,0.01975858211517334
3025,2.42,16,0.0024417461827397346,0.0,0.00011135567910969257,0.0025531018618494272
3026,2.4208,16,0.3205970525741577,0.0,0.001969740027561784,0.32256680727005005
3027,2.4215999999999998,16,0.0039634183049201965,0.0,0.0006626856047660112,0.004626103676855564
3028,2.4224,16,0.06492576003074646,0.0,0.030847936868667603,0.09577369689941406
3029,2.4232,16,0.006141099613159895,0.0,0.003467401023954153,0.009608500637114048
3030,2.424,16,0.020362883806228638,0.0,0.03603702038526535,0.05639990419149399
3031,2.4248,16,0.002817017724737525,0.0,0.0006085270433686674,0.0034255448263138533
3032,2.4256,16,0.00986299104988575,0.0,0.012585936114192009,0.02244892716407776
3033,2.4264,16,0.04976038634777069,0.0,0.023287981748580933,0.07304836809635162
3034,2.4272,16,0.01959279552102089,0.0,0.004923708736896515,0.024516504257917404
3035,2.428,16,0.37881577014923096,0.0,0.009178968146443367,0.3879947364330292
3036,2.4288,16,0.09428013116121292,0.0,0.1407613605260849,0.23504149913787842
3037,2.4295999999999998,16,0.0038539068773388863,0.0,0.0003110234974883497,0.004164930433034897
3038,2.4304,16,0.0788029283285141,0.0,0.008261315524578094,0.0870642438530922
3039,2.4312,16,0.005172966979444027,0.0,0.0011631065281108022,0.006336073391139507
3040,2.432,16,0.003548868466168642,0.0,0.00018960516899824142,0.0037384736351668835
3041,2.4328,16,0.004218437243252993,0.0,0.0005579759017564356,0.004776413086801767
3042,2.4336,16,0.2338964343070984,0.0,0.00897951703518629,0.24287594854831696
3043,2.4344,16,0.13883107900619507,0.0,0.1327129602432251,0.27154403924942017
3044,2.4352,16,0.005149287637323141,0.0,0.001095735700801015,0.0062450235709548
3045,2.436,16,0.04220639169216156,0.0,0.00014390685828402638,0.042350299656391144
3046,2.4368,16,0.019972551614046097,0.0,0.00062302325386554,0.020595574751496315
3047,2.4375999999999998,16,0.18824446201324463,0.0,0.0025166503619402647,0.19076111912727356
3048,2.4384,16,0.26949378848075867,0.0,0.0012743400875478983,0.2707681357860565
3049,2.4392,16,0.28613460063934326,0.0,0.05425458401441574,0.3403891921043396
3050,2.44,16,0.0033496697433292866,0.0,0.0003370532067492604,0.003686722833663225
3051,2.4408,16,0.27071771025657654,0.0,0.0010999415535479784,0.2718176543712616
3052,2.4416,16,0.004486401099711657,0.0,0.00013215941726230085,0.004618560429662466
3053,2.4424,16,0.015844518318772316,0.0,0.010228932835161686,0.026073452085256577
3054,2.4432,16,0.0067513855174183846,0.0,0.003245357424020767,0.009996742941439152
3055,2.444,16,0.006929479073733091,0.0,0.001833624206483364,0.008763102814555168
3056,2.4448,16,0.003069246420636773,0.0,0.00028870697133243084,0.003357953391969204
3057,2.4455999999999998,16,0.01271726842969656,0.0,0.007492002099752426,0.02020927146077156
3058,2.4464,16,0.2018517255783081,0.0,0.010261386632919312,0.21211311221122742
3059,2.4472,16,0.34559762477874756,0.0,0.032302360981702805,0.37789997458457947
3060,2.448,16,0.006551928352564573,0.0,0.0020325419027358294,0.008584470488131046
3061,2.4488,16,0.004380305763334036,0.0,0.0003661183291114867,0.004746424034237862
3062,2.4496,16,0.2218441367149353,0.0,0.043687187135219574,0.2655313313007355
3063,2.4504,16,0.41487187147140503,0.0,0.12537266314029694,0.5402445197105408
3064,2.4512,16,0.0033734580501914024,0.0,0.00018465833272784948,0.0035581164993345737
3065,2.452,16,0.35598111152648926,0.0,0.0002164146426366642,0.3561975359916687
3066,2.4528,16,0.012663932517170906,0.0,0.0048200832679867744,0.017484016716480255
3067,2.4536,16,0.01687227189540863,0.0,0.032783180475234985,0.049655452370643616
3068,2.4544,16,0.1446722000837326,0.0,0.07568421959877014,0.22035641968250275
3069,2.4552,16,0.013172701932489872,0.0,0.021212860941886902,0.0343855619430542
3070,2.456,16,0.3496403694152832,0.0,0.002317246049642563,0.35195761919021606
3071,2.4568,16,0.0030792022589594126,0.0,0.00016082699585240334,0.003240029327571392
3072,2.4576000000000002,16,0.003547072410583496,0.0,0.0003129569231532514,0.0038600293919444084
3073,2.4584,16,0.003423397894948721,0.0,0.0003769660252146423,0.003800363978371024
3074,2.4592,16,0.23729762434959412,0.0,0.00936814397573471,0.24666577577590942
3075,2.46,16,0.004310226999223232,0.0,0.0006921000313013792,0.005002327263355255
3076,2.4608,16,0.005237346515059471,0.0,0.0003752475022338331,0.005612594075500965
3077,2.4616,16,0.011067370884120464,0.0,0.007324020378291607,0.01839139126241207
3078,2.4624,16,0.03054775670170784,0.0,0.040151484310626984,0.07069924473762512
3079,2.4632,16,0.028266970068216324,0.0,0.03536412492394447,0.0636310949921608
3080,2.464,16,0.0033546765334904194,0.0,0.0001767193607520312,0.003531395923346281
3081,2.4648,16,0.005321201868355274,0.0,0.0008116700337268412,0.0061328718438744545
3082,2.4656000000000002,16,0.010410265997052193,0.0,0.000861828331835568,0.011272094212472439
3083,2.4664,16,0.3663918375968933,0.0,0.00019240414258092642,0.36658424139022827
3084,2.4672,16,0.005104360170662403,0.0,0.00027757493080571294,0.005381935276091099
3085,2.468,16,0.004028967581689358,0.0,0.0007170315948314965,0.004745999351143837
3086,2.4688,16,0.01856062188744545,0.0,0.000645739259198308,0.01920636184513569
3087,2.4696,16,0.2558942437171936,0.0,0.016721628606319427,0.27261587977409363
3088,2.4704,16,0.13878533244132996,0.0,0.018091991543769836,0.1568773239850998
3089,2.4712,16,0.38060620427131653,0.0,0.00031910568941384554,0.3809252977371216
3090,2.472,16,0.18096961081027985,0.0,0.0007238846737891436,0.18169349431991577
3091,2.4728,16,0.48989808559417725,0.0,0.0009403885342180729,0.4908384680747986
3092,2.4736000000000002,16,0.0074848695658147335,0.0,0.0013651906047016382,0.008850060403347015
3093,2.4744,16,0.30393290519714355,0.0,0.0007833234849385917,0.30471622943878174
3094,2.4752,16,0.012893151491880417,0.0,0.019092965871095657,0.031986117362976074
3095,2.476,16,0.006354581564664841,0.0,0.0017704142956063151,0.008124995976686478
3096,2.4768,16,0.0063553559593856335,0.0,0.00048504245933145285,0.006840398535132408
3097,2.4776,16,0.004459303803741932,0.0,0.0005899894749745727,0.005049293395131826
3098,2.4784,16,0.226249560713768,0.0,0.002990574110299349,0.22924013435840607
3099,2.4792,16,0.004621677566319704,0.0,0.0001447337563149631,0.004766411148011684
3100,2.48,16,0.04896479845046997,0.0,0.09558884799480438,0.14455364644527435
3101,2.4808,16,0.005217044614255428,0.0,0.00024642740027047694,0.005463472101837397
3102,2.4816,16,0.0030398699454963207,0.0,6.443120946642011e-05,0.003104301169514656
3103,2.4824,16,0.007587937638163567,0.0,0.00428228173404932,0.011870219372212887
3104,2.4832,16,0.012186653912067413,0.0,0.00035582121927291155,0.012542475014925003
3105,2.484,16,0.01944761537015438,0.0,0.027913253754377365,0.0473608672618866
3106,2.4848,16,0.25612980127334595,0.0,0.01762663573026657,0.2737564444541931
3107,2.4856,16,0.005442067049443722,0.0,0.0004203739226795733,0.005862440913915634
3108,2.4864,16,0.00554841011762619,0.0,0.0008218013099394739,0.006370211485773325
3109,2.4872,16,0.0038563865236938,0.0,0.0001630499173188582,0.004019436426460743
3110,2.488,16,0.011869893409311771,0.0,0.02410893514752388,0.03597882762551308
3111,2.4888,16,0.006177257746458054,0.0,0.00040986743988469243,0.006587125360965729
3112,2.4896,16,0.3859966993331909,0.0,0.0011296377051621675,0.3871263265609741
3113,2.4904,16,0.006377179641276598,0.0,0.0020354159642010927,0.008412595838308334
3114,2.4912,16,0.2600821256637573,0.0,0.0008539620321244001,0.26093608140945435
3115,2.492,16,0.004615732468664646,0.0,0.0003842881415039301,0.005000020377337933
3116,2.4928,16,0.0031671887263655663,0.0,0.0001477053010603413,0.003314893925562501
3117,2.4936,16,0.0088015953078866,0.0,0.0037669287994503975,0.012568524107336998
3118,2.4944,16,0.006687953136861324,0.0,0.0033485572785139084,0.010036510415375233
3119,2.4952,16,0.14682526886463165,0.0,0.006032819859683514,0.15285809338092804
3120,2.496,16,0.3382430672645569,0.0,0.00020322747877798975,0.3384462893009186
3121,2.4968,16,0.00930311344563961,0.0,0.0014316159067675471,0.01073472946882248
3122,2.4976,16,0.0034604263491928577,0.0,0.00017328352259937674,0.0036337098572403193
3123,2.4984,16,0.007418566383421421,0.0,0.0015761360991746187,0.008994702249765396
3124,2.4992,16,0.004804551601409912,0.0,0.0007312018424272537,0.005535753443837166
3125,2.5,16,0.004293919540941715,0.0,0.00023029441945254803,0.004524214193224907
3126,2.5008,16,0.022356480360031128,0.0,0.009126138873398304,0.03148261830210686
3127,2.5016,16,0.0034196902997791767,0.0,0.0002672489208634943,0.0036869391333311796
3128,2.5023999999999997,16,0.0035638168919831514,0.0,0.0005201774765737355,0.004083994310349226
3129,2.5032,16,0.007924379780888557,0.0,0.00018706799892242998,0.008111448027193546
3130,2.504,16,0.004590271040797234,0.0,0.00021256528270896524,0.00480283610522747
3131,2.5048,16,0.04314526543021202,0.0,0.010297028347849846,0.05344229191541672
3132,2.5056000000000003,16,0.005068559665232897,0.0,0.0008581327274441719,0.005926692392677069
3133,2.5064,16,0.010767140425741673,0.0,0.0008245871285907924,0.01159172784537077
3134,2.5072,16,0.010958018712699413,0.0,0.0056895045563578606,0.016647523269057274
3135,2.508,16,0.003801284357905388,0.0,0.00011915445065824315,0.003920438699424267
3136,2.5088,16,0.20392633974552155,0.0,0.040003351867198944,0.2439296841621399
3137,2.5096,16,0.014737192541360855,0.0,0.027980109676718712,0.04271730035543442
3138,2.5103999999999997,16,0.7776235342025757,0.0,0.01017638761550188,0.7877998948097229
3139,2.5112,16,0.3482479453086853,0.0,0.00029630144126713276,0.34854423999786377
3140,2.512,16,0.06367912888526917,0.0,0.0009485185146331787,0.06462764739990234
3141,2.5128,16,0.19199147820472717,0.0,0.09744247794151306,0.28943395614624023
3142,2.5136,16,0.00311107630841434,0.0,0.0002778735652100295,0.0033889499027282
3143,2.5144,16,0.0034775480162352324,0.0,0.0006198744522407651,0.004097422584891319
3144,2.5152,16,0.02184516191482544,0.0,0.04041987657546997,0.06226503849029541
3145,2.516,16,0.049582548439502716,0.0,0.031503502279520035,0.08108605444431305
3146,2.5168,16,0.003028244012966752,0.0,0.0006965764914639294,0.0037248204462230206
3147,2.5176,16,0.010996577329933643,0.0,0.0039025763981044292,0.014899153262376785
3148,2.5183999999999997,16,0.3549485206604004,0.0,0.0006690905429422855,0.35561761260032654
3149,2.5192,16,0.007831858471035957,0.0,0.0024184919893741608,0.010250350460410118
3150,2.52,16,0.013781405054032803,0.0,0.015569785609841347,0.029351189732551575
3151,2.5208,16,0.003571759443730116,0.0,0.00026365500525571406,0.0038354145362973213
3152,2.5216,16,0.11973215639591217,0.0,0.0072631509974598885,0.12699531018733978
3153,2.5224,16,0.0059359874576330185,0.0,0.002253215294331312,0.008189203217625618
3154,2.5232,16,0.30276381969451904,0.0,0.024957016110420227,0.3277208209037781
3155,2.524,16,0.2054181694984436,0.0,0.006083801854401827,0.21150197088718414
3156,2.5248,16,0.005527197383344173,0.0,0.0013749463250860572,0.0069021438248455524
3157,2.5256,16,0.03536386415362358,0.0,0.0675475150346756,0.10291138291358948
3158,2.5263999999999998,16,0.003453794401139021,0.0,0.00032035078038461506,0.0037741451524198055
3159,2.5272,16,0.017832808196544647,0.0,0.026920001953840256,0.0447528101503849
3160,2.528,16,0.026052314788103104,0.0,0.045595332980155945,0.07164764404296875
3161,2.5288,16,0.01154214609414339,0.0,0.0007538807112723589,0.012296026572585106
3162,2.5296,16,0.024645701050758362,0.0,0.004847097210586071,0.029492799192667007
3163,2.5304,16,0.005054779350757599,0.0,0.0003632372245192528,0.005418016575276852
3164,2.5312,16,0.003547601168975234,0.0,0.0003053107066079974,0.0038529117591679096
3165,2.532,16,0.009093950502574444,0.0,0.007612754590809345,0.01670670509338379
3166,2.5328,16,0.003991379868239164,0.0,0.0012607094831764698,0.005252089351415634
3167,2.5336,16,0.007092657499015331,0.0,0.00018923223251476884,0.007281889673322439
3168,2.5343999999999998,16,0.2390807569026947,0.0,0.0004615152720361948,0.23954227566719055
3169,2.5352,16,0.09849634021520615,0.0,0.023093929514288902,0.1215902715921402
3170,2.536,16,0.0743476152420044,0.0,0.02932547964155674,0.10367309302091599
3171,2.5368,16,0.00585462711751461,0.0,0.0009296908392570913,0.0067843180149793625
3172,2.5376,16,0.11822694540023804,0.0,0.005071425810456276,0.12329836934804916
3173,2.5384,16,0.0032548774033784866,0.0,0.00015354269999079406,0.003408420132473111
3174,2.5392,16,0.004124313592910767,0.0,0.0005157975829206407,0.004640111234039068
3175,2.54,16,0.0034482525661587715,0.0,0.00016185565618798137,0.003610108280554414
3176,2.5408,16,0.06773245334625244,0.0,0.0031764623709023,0.07090891897678375
3177,2.5416,16,0.07415322959423065,0.0,0.0010126442648470402,0.07516587525606155
3178,2.5423999999999998,16,0.00615272019058466,0.0,0.004493330605328083,0.010646050795912743
3179,2.5432,16,0.004907679278403521,0.0,0.001311790430918336,0.0062194699421525
3180,2.544,16,0.004213430918753147,0.0,0.001563128549605608,0.005776559468358755
3181,2.5448,16,0.1741851568222046,0.0,0.05434374511241913,0.22852890193462372
3182,2.5456,16,0.2561262249946594,0.0,0.0024821304250508547,0.258608341217041
3183,2.5464,16,0.009817533195018768,0.0,0.001069032703526318,0.010886565782129765
3184,2.5472,16,0.004955056123435497,0.0,0.00013221036351751536,0.005087266676127911
3185,2.548,16,0.003194330958649516,0.0,0.00014720807666890323,0.00334153906442225
3186,2.5488,16,0.15560415387153625,0.0,0.010168647393584251,0.16577279567718506
3187,2.5496,16,0.0035668304190039635,0.0,0.0003595569869503379,0.003926387522369623
3188,2.5504,16,0.00839073397219181,0.0,0.014638576656579971,0.023029310628771782
3189,2.5512,16,0.06773289293050766,0.0,0.13570405542850494,0.203436940908432
3190,2.552,16,0.0030246786773204803,0.0,0.00019839327433146536,0.003223072038963437
3191,2.5528,16,0.0028257020749151707,0.0,0.0004920035135000944,0.003317705588415265
3192,2.5536,16,0.002549914177507162,0.0,8.954208897193894e-05,0.0026394561864435673
3193,2.5544000000000002,16,0.0038005609530955553,0.0,0.00043719515088014305,0.004237756133079529
3194,2.5552,16,0.0030496972613036633,0.0,0.0001072996310540475,0.0031569967977702618
3195,2.556,16,0.10188417136669159,0.0,0.007141423411667347,0.10902559757232666
3196,2.5568,16,0.7333629131317139,0.0,0.0001573699846630916,0.7335202693939209
3197,2.5576,16,0.0028927356470376253,0.0,0.0001570813183207065,0.0030498169362545013
3198,2.5584,16,0.007910230197012424,0.0,0.001138936961069703,0.009049166925251484
3199,2.5592,16,0.010012962855398655,0.0,0.012780018150806427,0.022792980074882507
3200,2.56,16,0.0028721452690660954,0.0,8.877574873622507e-05,0.0029609210323542356
3201,2.5608,16,0.01898318901658058,0.0,0.016884077340364456,0.03586726635694504
3202,2.5616,16,0.004716163966804743,0.0,0.00021883832232560962,0.0049350024200975895
3203,2.5624000000000002,16,0.22806715965270996,0.0,0.000282511580735445,0.22834967076778412
3204,2.5632,16,0.003057284513488412,0.0,0.0003976430161856115,0.0034549275878816843
3205,2.564,16,0.0068593379110097885,0.0,0.00200319173745811,0.008862529881298542
3206,2.5648,16,0.5008329749107361,0.0,0.010959526523947716,0.5117924809455872
3207,2.5656,16,0.003582230769097805,0.0,0.000663633574731648,0.004245864227414131
3208,2.5664,16,0.047492895275354385,0.0,0.0005795659963041544,0.048072461038827896
3209,2.5672,16,0.007782521657645702,0.0,0.00020970565674360842,0.00799222756177187
3210,2.568,16,0.0027422974817454815,0.0,0.0002639617305248976,0.003006259212270379
3211,2.5688,16,0.0033841109834611416,0.0,0.0002180667215725407,0.0036021776031702757
3212,2.5696,16,0.03100166842341423,0.0,0.04098185524344444,0.07198352366685867
3213,2.5704000000000002,16,0.002549740020185709,0.0,0.00015614528092555702,0.0027058853302150965
3214,2.5712,16,0.0037667928263545036,0.0,0.0004088683635927737,0.004175661131739616
3215,2.572,16,0.015072258189320564,0.0,0.0038087826687842607,0.018881041556596756
3216,2.5728,16,0.002482156502082944,0.0,8.058409002842382e-05,0.00256274058483541
3217,2.5736,16,0.002821160014718771,0.0,0.00015194874140433967,0.002973108785226941
3218,2.5744,16,0.28634577989578247,0.0,0.00014509847096633166,0.28649088740348816
3219,2.5752,16,0.0037993905134499073,0.0,0.00028411438688635826,0.0040835049003362656
3220,2.576,16,0.009452853351831436,0.0,0.010694706812500954,0.02014756016433239
3221,2.5768,16,0.16557353734970093,0.0,0.02417871728539467,0.1897522509098053
3222,2.5776,16,0.4666443467140198,0.0,0.05755489692091942,0.5241992473602295
3223,2.5784000000000002,16,0.009397434070706367,0.0,0.000941529287956655,0.010338963009417057
3224,2.5792,16,0.04711305722594261,0.0,0.10124135762453079,0.1483544111251831
3225,2.58,16,0.004506542347371578,0.0,0.00023983312712516636,0.004746375605463982
3226,2.5808,16,0.005712124519050121,0.0,0.005221184808760881,0.01093330979347229
3227,2.5816,16,0.02616169862449169,0.0,0.00631772680208087,0.0324794240295887
3228,2.5824,16,0.3517783284187317,0.0,0.0001519775833003223,0.35193032026290894
3229,2.5832,16,0.09614620357751846,0.0,0.06137806549668312,0.15752427279949188
3230,2.584,16,0.005537183489650488,0.0,0.0025286751333624125,0.008065858855843544
3231,2.5848,16,0.11157311499118805,0.0,0.0712917298078537,0.18286484479904175
3232,2.5856,16,0.12379257380962372,0.0,0.13420677185058594,0.25799936056137085
3233,2.5864000000000003,16,0.0035470789298415184,0.0,0.00013716862304136157,0.003684247611090541
3234,2.5872,16,0.004982448648661375,0.0,0.006334696430712938,0.011317145079374313
3235,2.588,16,0.05659135803580284,0.0,0.05657699704170227,0.11316835880279541
3236,2.5888,16,0.0029283228795975447,0.0,0.00017994741210713983,0.0031082702334970236
3237,2.5896,16,0.006126983091235161,0.0,0.0009330766042694449,0.007060059811919928
3238,2.5904,16,0.00373219046741724,0.0,0.00016322845476679504,0.0038954189512878656
3239,2.5911999999999997,16,0.007283070124685764,0.0,0.00028092850698158145,0.007563998457044363
3240,2.592,16,0.003441579407081008,0.0,0.0018918976420536637,0.0053334771655499935
3241,2.5928,16,0.013244066387414932,0.0,0.003180073807016015,0.016424139961600304
3242,2.5936,16,0.0057016294449567795,0.0,0.0002157045528292656,0.005917333997786045
3243,2.5944000000000003,16,0.002539298729971051,0.0,0.00019995769253000617,0.0027392564807087183
3244,2.5952,16,0.006109482608735561,0.0,0.00445730984210968,0.010566792450845242
3245,2.596,16,0.008096704259514809,0.0,0.0005860605160705745,0.008682765066623688
3246,2.5968,16,0.0034093637950718403,0.0,0.0007053784793242812,0.004114742390811443
3247,2.5976,16,0.015033503994345665,0.0,0.021581530570983887,0.0366150364279747
3248,2.5984,16,0.00672523258253932,0.0,0.0010093905730172992,0.007734623271971941
3249,2.5991999999999997,16,0.0049551441334187984,0.0,0.0001371764810755849,0.0050923204980790615
3250,2.6,16,0.17125773429870605,0.0,0.004329359624534845,0.17558708786964417
3251,2.6008,16,0.003927452955394983,0.0,0.00036575610283762217,0.004293208941817284
3252,2.6016,16,0.0025350081268697977,0.0,0.00022891095431987196,0.0027639190666377544
3253,2.6024000000000003,16,0.0062976134940981865,0.0,0.004026777110993862,0.010324390605092049
3254,2.6032,16,0.004950004629790783,0.0,0.0013234164798632264,0.0062734209932386875
3255,2.604,16,0.006104760337620974,0.0,0.003881638403981924,0.009986398741602898
3256,2.6048,16,0.005351063329726458,0.0,0.0004323573666624725,0.005783420521765947
3257,2.6056,16,0.28983187675476074,0.0,0.0021724035032093525,0.2920042872428894
3258,2.6064,16,0.007188095711171627,0.0,0.006498326547443867,0.013686422258615494
3259,2.6071999999999997,16,0.01365702785551548,0.0,0.02591845393180847,0.0395754799246788
3260,2.608,16,0.003515026066452265,0.0,0.0017486633732914925,0.005263689439743757
3261,2.6088,16,0.004158204421401024,0.0,0.0005378341302275658,0.00469603855162859
3262,2.6096,16,0.005635865963995457,0.0,0.0002489479666110128,0.005884814076125622
3263,2.6104000000000003,16,0.1374213546514511,0.0,0.28714099526405334,0.42456233501434326
3264,2.6112,16,0.008062561973929405,0.0,0.0024853888899087906,0.010547950863838196
3265,2.612,16,0.012485025450587273,0.0,0.008803581818938255,0.021288607269525528
3266,2.6128,16,0.24931901693344116,0.0,0.002008905168622732,0.2513279318809509
3267,2.6136,16,0.004142294637858868,0.0,0.003587581217288971,0.007729875855147839
3268,2.6144,16,0.0024328837171196938,0.0,0.00016898609464988112,0.002601869869977236
3269,2.6151999999999997,16,0.2718554437160492,0.0,0.0267384871840477,0.2985939383506775
3270,2.616,16,0.0026010836008936167,0.0,0.0002624817134346813,0.0028635652270168066
3271,2.6168,16,0.004710865207016468,0.0,0.00011772668221965432,0.0048285918310284615
3272,2.6176,16,0.006964054889976978,0.0,0.0015865128953009844,0.008550567552447319
3273,2.6184,16,0.29032811522483826,0.0,0.0001490148133598268,0.29047712683677673
3274,2.6192,16,0.002344724489375949,0.0,0.0002623319742269814,0.0026070564053952694
3275,2.62,16,0.0035125729627907276,0.0,0.00028765187016688287,0.003800224745646119
3276,2.6208,16,0.003848625347018242,0.0,0.0004709422937594354,0.004319567698985338
3277,2.6216,16,0.3836827278137207,0.0,7.934868335723877e-05,0.38376206159591675
3278,2.6224,16,0.004970446228981018,0.0,0.0004655005759559572,0.005435946863144636
3279,2.6231999999999998,16,0.8620123863220215,0.0,0.007553999312222004,0.8695663809776306
3280,2.624,16,0.0028199241496622562,0.0,0.0001896566536743194,0.003009580774232745
3281,2.6248,16,0.004855168983340263,0.0,0.008389043621718884,0.013244212605059147
3282,2.6256,16,0.0025478545576334,0.0,0.00012223233352415264,0.002670086920261383
3283,2.6264,16,0.18022409081459045,0.0,0.032531797885894775,0.21275588870048523
3284,2.6272,16,0.0028334613889455795,0.0,0.0014494054485112429,0.004282866604626179
3285,2.628,16,0.004469368606805801,0.0,0.0002863823319785297,0.004755750764161348
3286,2.6288,16,0.0026435083709657192,0.0,0.000661246245726943,0.0033047546166926622
3287,2.6296,16,0.002525602700188756,0.0,0.00014678538718726486,0.0026723879855126143
3288,2.6304,16,0.0028903596103191376,0.0,0.0003088252851739526,0.0031991847790777683
3289,2.6311999999999998,16,0.0020348946563899517,0.0,8.077666279859841e-05,0.0021156712900847197
3290,2.632,16,0.018253788352012634,0.0,0.0014863271499052644,0.019740115851163864
3291,2.6328,16,0.010061868466436863,0.0,0.007929224520921707,0.017991092056035995
3292,2.6336,16,0.006595398299396038,0.0,0.00312035228125751,0.009715750813484192
3293,2.6344,16,0.0019347439520061016,0.0,6.125080108176917e-05,0.001995994709432125
3294,2.6352,16,0.003015687922015786,0.0,0.00011539694969542325,0.003131084842607379
3295,2.636,16,0.014848565682768822,0.0,0.00024300251970998943,0.015091568231582642
3296,2.6368,16,0.0026999679394066334,0.0,0.00011663566692732275,0.0028166035190224648
3297,2.6376,16,0.004140711389482021,0.0,0.002098334953188896,0.0062390463426709175
3298,2.6384,16,0.0029011499136686325,0.0,0.0003114371793344617,0.0032125869765877724
3299,2.6391999999999998,16,0.06110241636633873,0.0,0.03918297588825226,0.10028539597988129
3300,2.64,16,0.0027015130035579205,0.0,0.00025704153813421726,0.0029585545416921377
3301,2.6408,16,0.14552724361419678,0.0,0.015474440529942513,0.16100168228149414
3302,2.6416,16,0.042470481246709824,0.0,0.0020961477421224117,0.04456662759184837
3303,2.6424,16,0.24524562060832977,0.0,0.00034975464222952724,0.24559538066387177
3304,2.6432,16,0.036887772381305695,0.0,0.03565968573093414,0.07254745811223984
3305,2.644,16,0.1854194849729538,0.0,0.0002533482329454273,0.1856728345155716
3306,2.6448,16,0.05119750648736954,0.0,0.03918670117855072,0.09038420766592026
3307,2.6456,16,0.333109974861145,0.0,0.0006782231503166258,0.3337881863117218
3308,2.6464,16,0.0031144730746746063,0.0,0.00015876074030529708,0.0032732337713241577
3309,2.6471999999999998,16,0.0032107788138091564,0.0,0.0003341577830724418,0.003544936655089259
3310,2.648,16,0.5802863836288452,0.0,0.008994553238153458,0.5892809629440308
3311,2.6488,16,0.0022699227556586266,0.0,0.00011697346053551883,0.0023868961725383997
3312,2.6496,16,0.4035588204860687,0.0,9.448874334339052e-05,0.4036533236503601
3313,2.6504,16,0.0024944227188825607,0.0,0.0002683007041923702,0.002762723481282592
3314,2.6512000000000002,16,0.005947011522948742,0.0,0.001551058841869235,0.007498070597648621
3315,2.652,16,0.0026750355027616024,0.0,0.00011631818051682785,0.0027913537342101336
3316,2.6528,16,0.0026369625702500343,0.0,0.00014242800534702837,0.002779390662908554
3317,2.6536,16,0.054918378591537476,0.0,0.05413038283586502,0.1090487614274025
3318,2.6544,16,0.04981674626469612,0.0,0.01873832568526268,0.0685550719499588
3319,2.6552,16,0.12069921940565109,0.0,0.14253786206245422,0.2632370889186859
3320,2.656,16,0.2258927822113037,0.0,0.011838482692837715,0.23773126304149628
3321,2.6568,16,0.002248965436592698,0.0,6.332156044663861e-05,0.002312286989763379
3322,2.6576,16,0.0022525859531015158,0.0,0.0001501029182691127,0.002402688842266798
3323,2.6584,16,0.3137299716472626,0.0,0.0011878656223416328,0.31491783261299133
3324,2.6592000000000002,16,0.0017656118143349886,0.0,5.151478399056941e-05,0.0018171266419813037
3325,2.66,16,0.002643489744514227,0.0,0.00016586805577389896,0.0028093578293919563
3326,2.6608,16,0.21002821624279022,0.0,0.002493111649528146,0.21252132952213287
3327,2.6616,16,0.00338974641636014,0.0,0.0005502948770299554,0.003940041176974773
3328,2.6624,16,0.002902938751503825,0.0,0.0006661301595158875,0.0035690688528120518
3329,2.6632,16,0.3863834738731384,0.0,0.0433347187936306,0.4297181963920593
3330,2.664,16,0.0024292445741593838,0.0,0.00013017660239711404,0.002559421118348837
3331,2.6648,16,0.0034418818540871143,0.0,0.0005021173856221139,0.003943999297916889
3332,2.6656,16,0.002070940099656582,0.0,2.495469743735157e-05,0.0020958948880434036
3333,2.6664,16,0.06672587245702744,0.0,0.13428212702274323,0.20100799202919006
3334,2.6672000000000002,16,0.004115118645131588,0.0,0.0001189558970509097,0.004234074614942074
3335,2.668,16,0.001757261110469699,0.0,0.00015512725804001093,0.0019123883685097098
3336,2.6688,16,0.28706860542297363,0.0,0.0005254436400718987,0.2875940501689911
3337,2.6696,16,0.005094081163406372,0.0,0.0013228470925241709,0.006416928023099899
3338,2.6704,16,0.05574039742350578,0.0,0.018791384994983673,0.07453177869319916
3339,2.6712,16,0.0027868994511663914,0.0,0.00027999887242913246,0.003066898323595524
3340,2.672,16,0.0033266479149460793,0.0,0.0004204099823255092,0.003747057868167758
3341,2.6728,16,0.002512735780328512,0.0,0.0007031387067399919,0.003215874545276165
3342,2.6736,16,0.002436111681163311,0.0,0.00018505952903069556,0.002621171297505498
3343,2.6744,16,0.3710341155529022,0.0,0.00030578585574403405,0.3713398873806
3344,2.6752000000000002,16,0.7303258180618286,0.0,0.001030153245665133,0.7313559651374817
3345,2.676,16,0.0019127314444631338,0.0,0.0001425408700015396,0.002055272227153182
3346,2.6768,16,0.08432375639677048,0.0,0.019208580255508423,0.1035323366522789
3347,2.6776,16,0.0026771819684654474,0.0,0.0007126831915229559,0.0033898651599884033
3348,2.6784,16,0.006709436886012554,0.0,0.003954154439270496,0.01066359132528305
3349,2.6792,16,0.0035451725125312805,0.0,0.0009699342772364616,0.004515106789767742
3350,2.68,16,0.40230733156204224,0.0,0.04319765418767929,0.4455049932003021
3351,2.6808,16,0.3381612002849579,0.0,0.001049373997375369,0.339210569858551
3352,2.6816,16,0.003927943296730518,0.0,0.003211354836821556,0.007139298133552074
3353,2.6824,16,0.007222361862659454,0.0,0.004027597140520811,0.011249959468841553
3354,2.6832000000000003,16,0.0027488116174936295,0.0,8.610848453827202e-05,0.002834920072928071
3355,2.684,16,0.002424380974844098,0.0,0.00013921651407144964,0.0025635974016040564
3356,2.6848,16,0.005313193425536156,0.0,0.00031886500073596835,0.005632058251649141
3357,2.6856,16,0.09867019206285477,0.0,0.0012447068002074957,0.09991490095853806
3358,2.6864,16,0.003136883955448866,0.0,0.002882828237488866,0.006019712425768375
3359,2.6872,16,0.0068314350210130215,0.0,0.01052277721464634,0.017354212701320648
3360,2.6879999999999997,16,0.0027117296122014523,0.0,0.00025573591119609773,0.0029674654360860586
3361,2.6888,16,0.0028376691043376923,0.0,0.00042436414514668286,0.0032620332203805447
3362,2.6896,16,0.3405330777168274,0.0,0.00010115538316313177,0.34063422679901123
3363,2.6904,16,0.05645793303847313,0.0,0.12745188176631927,0.1839098185300827
3364,2.6912000000000003,16,0.002666799584403634,0.0,0.0002908192400354892,0.002957618795335293
3365,2.692,16,0.0029242609161883593,0.0,0.0003107480297330767,0.0032350090332329273
3366,2.6928,16,0.0027571588288992643,0.0,0.0002938687102869153,0.0030510276556015015
3367,2.6936,16,0.02526720240712166,0.0,0.02814697101712227,0.05341417342424393
3368,2.6944,16,0.0060056233778595924,0.0,0.0015930295921862125,0.007598652970045805
3369,2.6952,16,0.24194446206092834,0.0,0.0002662664919625968,0.2422107309103012
3370,2.6959999999999997,16,0.011777836829423904,0.0,0.012938344851136208,0.024716181680560112
3371,2.6968,16,0.004203344229608774,0.0,0.00013808517542202026,0.004341429565101862
3372,2.6976,16,0.0030861562117934227,0.0,0.000371457397704944,0.0034576135221868753
3373,2.6984,16,0.004264003597199917,0.0,0.000628710025921464,0.004892713390290737
3374,2.6992000000000003,16,0.02394297905266285,0.0,0.008193387649953365,0.03213636577129364
3375,2.7,16,0.09270364046096802,0.0,0.15510764718055725,0.24781128764152527
3376,2.7008,16,0.6093002557754517,0.0,0.001888215309008956,0.6111884713172913
3377,2.7016,16,0.003138458589091897,0.0,0.00020459145889617503,0.0033430501352995634
3378,2.7024,16,0.0070535894483327866,0.0,0.009012583643198013,0.0160661730915308
3379,2.7032,16,0.19043228030204773,0.0,0.09418065845966339,0.2846129536628723
3380,2.7039999999999997,16,0.0025500357151031494,0.0,0.00021778441441711038,0.002767820144072175
3381,2.7048,16,0.031887754797935486,0.0,0.036854930222034454,0.06874268501996994
3382,2.7056,16,0.003001481294631958,0.0,0.00018575883586890996,0.0031872401013970375
3383,2.7064,16,0.003252847120165825,0.0,0.00027139513986185193,0.003524242201820016
3384,2.7072000000000003,16,0.004627956077456474,0.0,0.0013063212390989065,0.0059342775493860245
3385,2.708,16,0.2891033887863159,0.0,6.394782394636422e-05,0.2891673445701599
3386,2.7088,16,0.0034766618628054857,0.0,0.0004587305011227727,0.00393539248034358
3387,2.7096,16,0.0029755861032754183,0.0,0.0001352730323560536,0.003110859077423811
3388,2.7104,16,0.00260112714022398,0.0,0.00010776865383377299,0.002708895830437541
3389,2.7112,16,0.062093570828437805,0.0,0.0012124888598918915,0.06330606341362
3390,2.7119999999999997,16,0.042584992945194244,0.0,0.047339268028736115,0.08992426097393036
3391,2.7128,16,0.002518960041925311,0.0,0.00017374707385897636,0.0026927071157842875
3392,2.7136,16,0.008369512856006622,0.0,0.00497996062040329,0.013349473476409912
3393,2.7144,16,0.014573606662452221,0.0,0.033778026700019836,0.04835163429379463
3394,2.7152,16,0.20074298977851868,0.0,0.003289544489234686,0.2040325403213501
3395,2.716,16,0.002423663856461644,0.0,0.0004358862352091819,0.0028595500625669956
3396,2.7168,16,0.28908050060272217,0.0,0.00014648321666754782,0.2892269790172577
3397,2.7176,16,0.09176511317491531,0.0,0.022464856505393982,0.1142299696803093
3398,2.7184,16,0.08036146312952042,0.0,0.18876194953918457,0.2691234052181244
3399,2.7192,16,0.013242862187325954,0.0,0.005361773073673248,0.018604636192321777
3400,2.7199999999999998,16,0.0023866621777415276,0.0,0.00010069890413433313,0.002487360965460539
3401,2.7208,16,0.004236048087477684,0.0,0.0001790121605154127,0.004415060393512249
3402,2.7216,16,0.45686161518096924,0.0,0.0036752671003341675,0.4605368971824646
3403,2.7224,16,0.005909263156354427,0.0,0.0007450125413015485,0.006654275581240654
3404,2.7232,16,0.04479220137000084,0.0,0.0033171246759593487,0.048109326511621475
3405,2.724,16,0.002045766916126013,0.0,0.00011015283962478861,0.0021559197921305895
3406,2.7248,16,0.004415878094732761,0.0,0.0013392088003456593,0.005755086895078421
3407,2.7256,16,0.0036814981140196323,0.0,0.0009147636010311544,0.004596261773258448
3408,2.7264,16,0.36226707696914673,0.0,0.0005067569436505437,0.3627738356590271
3409,2.7272,16,0.27947843074798584,0.0,0.002641660626977682,0.28212007880210876
3410,2.7279999999999998,16,0.4052545130252838,0.0,7.481327338609844e-05,0.40532931685447693
3411,2.7288,16,0.0024214638397097588,0.0,0.00010301817383151501,0.00252448208630085
3412,2.7296,16,0.002566457726061344,0.0,0.0001328369544353336,0.0026992945931851864
3413,2.7304,16,0.00807886105030775,0.0,0.011560685932636261,0.019639547914266586
3414,2.7312,16,0.003739324165508151,0.0,0.0014646528288722038,0.0052039772272109985
3415,2.732,16,0.0033937939442694187,0.0,0.0020300615578889847,0.005423855502158403
3416,2.7328,16,0.2333943098783493,0.0,0.0004152305191382766,0.23380954563617706
3417,2.7336,16,0.0035376569721847773,0.0,0.0006010922370478511,0.0041387490928173065
3418,2.7344,16,0.002487093908712268,0.0,0.00010748810018412769,0.002594582038000226
3419,2.7352,16,0.003158062929287553,0.0,7.281958824023604e-05,0.00323088257573545
3420,2.7359999999999998,16,0.0022904854267835617,0.0,9.54396091401577e-05,0.0023859250359237194
3421,2.7368,16,0.002062147716060281,0.0,0.00013783719623461366,0.0021999848540872335
3422,2.7376,16,0.003277720883488655,0.0,0.00020654252148233354,0.0034842633176594973
3423,2.7384,16,0.0036477134563028812,0.0,0.0006704164552502334,0.004318129736930132
3424,2.7392,16,0.002376002725213766,0.0,0.0001936316111823544,0.002569634234532714
3425,2.74,16,0.01000995934009552,0.0,0.009567794390022755,0.0195777527987957
3426,2.7408,16,0.005046630743891001,0.0,0.0012752520851790905,0.006321882829070091
3427,2.7416,16,0.007692765444517136,0.0,0.00020568868785630912,0.007898454554378986
3428,2.7424,16,0.0032843416556715965,0.0,0.0002427311264909804,0.003527072723954916
3429,2.7432,16,0.0036863975692540407,0.0,0.00034068559762090445,0.004027083050459623
3430,2.7439999999999998,16,0.0025388854555785656,0.0,0.00019558906205929816,0.002734474604949355
3431,2.7448,16,0.17437401413917542,0.0,0.01710081286728382,0.1914748251438141
3432,2.7456,16,0.003693209495395422,0.0,0.0017463047988712788,0.005439514294266701
3433,2.7464,16,0.2363513559103012,0.0,5.359215720091015e-05,0.23640495538711548
3434,2.7472,16,0.046191535890102386,0.0,0.0037151193246245384,0.0499066561460495
3435,2.748,16,0.00797375850379467,0.0,0.002873111516237259,0.010846870020031929
3436,2.7488,16,0.004610871896147728,0.0,0.0010899887420237064,0.005700860638171434
3437,2.7496,16,0.11841993778944016,0.0,0.30852386355400085,0.4269438087940216
3438,2.7504,16,0.02029968798160553,0.0,0.009353688918054104,0.029653377830982208
3439,2.7512,16,0.0021699299104511738,0.0,0.0001734738179948181,0.0023434036411345005
3440,2.752,16,0.003087876131758094,0.0,0.0007882663048803806,0.0038761424366384745
3441,2.7528,16,0.004150237888097763,0.0,0.0013009090907871723,0.005451146978884935
3442,2.7536,16,0.0035736067220568657,0.0,0.0004437814641278237,0.004017387982457876
3443,2.7544,16,0.004957967437803745,0.0,0.005786211229860783,0.010744178667664528
3444,2.7552,16,0.2209250032901764,0.0,0.005134493112564087,0.22605949640274048
3445,2.7560000000000002,16,0.0020909246522933245,0.0,0.00016128175775520504,0.00225220643915236
3446,2.7568,16,0.0026983192656189203,0.0,0.0001342831237707287,0.0028326024767011404
3447,2.7576,16,0.0024282089434564114,0.0,0.0006316954968497157,0.003059904556721449
3448,2.7584,16,0.35211381316185,0.0,0.0007607599254697561,0.3528745770454407
3449,2.7592,16,0.38622140884399414,0.0,0.00026729347882792354,0.3864887058734894
3450,2.76,16,0.3446042835712433,0.0,0.0016313722589984536,0.3462356626987457
3451,2.7608,16,0.0024787215515971184,0.0,8.911726763471961e-05,0.002567838877439499
3452,2.7616,16,0.41856685280799866,0.0,0.00021249151905067265,0.4187793433666229
3453,2.7624,16,0.0027975039556622505,0.0,0.001184117398224771,0.003981621470302343
3454,2.7632,16,0.05990240350365639,0.0,0.018689818680286407,0.0785922259092331
3455,2.7640000000000002,16,0.006397508084774017,0.0,0.0002755316672846675,0.006673039868474007
3456,2.7648,16,0.004183702636510134,0.0,0.0034977179020643234,0.007681420538574457
3457,2.7656,16,0.0054813530296087265,0.0,0.0003148844407405704,0.0057962373830378056
3458,2.7664,16,0.12509721517562866,0.0,0.01067318208515644,0.13577039539813995
3459,2.7672,16,0.002870171098038554,0.0,0.0007493017474189401,0.003619472961872816
3460,2.768,16,0.002437470480799675,0.0,6.809880869695917e-05,0.002505569253116846
3461,2.7688,16,0.08223025500774384,0.0,0.028234299272298813,0.11046455800533295
3462,2.7696,16,0.0026191039942204952,0.0,9.180151391774416e-05,0.0027109053917229176
3463,2.7704,16,0.003148659598082304,0.0,0.00012919411528855562,0.003277853596955538
3464,2.7712,16,0.438811719417572,0.0,0.0008458371739834547,0.4396575689315796
3465,2.7720000000000002,16,0.033396828919649124,0.0,0.051897913217544556,0.08529473841190338
3466,2.7728,16,0.00569013599306345,0.0,0.0009011883521452546,0.006591324228793383
3467,2.7736,16,0.002859000349417329,0.0,0.0002916385419666767,0.0031506388913840055
3468,2.7744,16,0.023798685520887375,0.0,0.03158579766750336,0.05538448318839073
3469,2.7752,16,0.12224845588207245,0.0,0.0990450531244278,0.22129350900650024
3470,2.776,16,0.025151532143354416,0.0,0.04394880682229996,0.06910033524036407
3471,2.7768,16,0.0021674870513379574,0.0,8.256667933892459e-05,0.0022500536870211363
3472,2.7776,16,0.0024687391705811024,0.0,6.95473572704941e-05,0.002538286615163088
3473,2.7784,16,0.0026856744661927223,0.0,0.0003576549934223294,0.00304332934319973
3474,2.7792,16,0.02000384032726288,0.0,0.01827726699411869,0.03828110545873642
3475,2.7800000000000002,16,0.2968355119228363,0.0,0.006148047745227814,0.3029835522174835
3476,2.7808,16,0.0041414727456867695,0.0,0.0017968595493584871,0.0059383325278759
3477,2.7816,16,0.005700129084289074,0.0,0.001277648494578898,0.00697777746245265
3478,2.7824,16,0.06320926547050476,0.0,0.04385433346033096,0.10706359893083572
3479,2.7832,16,0.007734652608633041,0.0,0.0014306737575680017,0.0091653261333704
3480,2.784,16,0.321450412273407,0.0,0.0008964231237769127,0.32234683632850647
3481,2.7848,16,0.08988392353057861,0.0,0.13313893973827362,0.22302286326885223
3482,2.7856,16,0.24752837419509888,0.0,0.0013092888984829187,0.2488376647233963
3483,2.7864,16,0.007085190154612064,0.0,0.004219330847263336,0.0113045210018754
3484,2.7872,16,0.18669021129608154,0.0,0.12439081072807312,0.31108102202415466
3485,2.7880000000000003,16,0.002175777917727828,0.0,5.498577593243681e-05,0.002230763668194413
3486,2.7888,16,0.0033642605412751436,0.0,0.0005684810457751155,0.003932741470634937
3487,2.7896,16,0.0024290233850479126,0.0,8.670709939906374e-05,0.0025157304480671883
3488,2.7904,16,0.002459255512803793,0.0,0.00027571729151532054,0.0027349728625267744
3489,2.7912,16,0.02989986352622509,0.0,0.04170668125152588,0.07160654664039612
3490,2.792,16,0.0033735251054167747,0.0,0.00030737806810066104,0.0036809032317250967
3491,2.7927999999999997,16,0.005526763387024403,0.0,0.0006841666763648391,0.0062109301798045635
3492,2.7936,16,0.0037264320999383926,0.0,0.002302222652360797,0.006028654985129833
3493,2.7944,16,0.020718052983283997,0.0,0.010487775318324566,0.031205829232931137
3494,2.7952,16,0.010957106947898865,0.0,0.019139867275953293,0.030096974223852158
3495,2.7960000000000003,16,0.002323142485693097,0.0,0.00010712831863202155,0.00243027089163661
3496,2.7968,16,0.005469085182994604,0.0,0.0034528663381934166,0.008921951055526733
3497,2.7976,16,0.0018884814344346523,0.0,5.7256354921264574e-05,0.00194573774933815
3498,2.7984,16,0.5039036273956299,0.0,0.06966405361890793,0.5735676884651184
3499,2.7992,16,0.12145676463842392,0.0,0.06260691583156586,0.18406367301940918
3500,2.8,16,0.0021435562521219254,0.0,0.00028132309671491385,0.002424879465252161
3501,2.8007999999999997,16,0.0022162182722240686,0.0,0.00022031654953025281,0.00243653473444283
3502,2.8016,16,0.004343985579907894,0.0,0.00023807567777112126,0.004582061432301998
3503,2.8024,16,0.0029871147125959396,0.0,0.00010866275988519192,0.0030957774724811316
3504,2.8032,16,0.2210606187582016,0.0,0.009368263185024261,0.23042887449264526
3505,2.8040000000000003,16,0.00227099796757102,0.0,0.00013555941404774785,0.002406557323411107
3506,2.8048,16,0.006486159283667803,0.0,0.00024872570065781474,0.006734884809702635
3507,2.8056,16,0.14801767468452454,0.0,0.003494799602776766,0.15151247382164001
3508,2.8064,16,0.004638751968741417,0.0,0.0004661813727580011,0.005104933399707079
3509,2.8072,16,0.0024724090471863747,0.0,0.00039651873521506786,0.0028689277824014425
3510,2.808,16,0.0033797742798924446,0.0,0.0009647667175158858,0.004344541113823652
3511,2.8087999999999997,16,0.1594928503036499,0.0,0.0048237936571240425,0.16431663930416107
3512,2.8096,16,0.004221509210765362,0.0,0.0006219784845598042,0.004843487869948149
3513,2.8104,16,0.004549854900687933,0.0,0.0012289307778701186,0.005778785794973373
3514,2.8112,16,0.026370901614427567,0.0,0.03313298523426056,0.059503886848688126
3515,2.8120000000000003,16,0.0024904548190534115,0.0,0.00015919728321023285,0.002649652073159814
3516,2.8128,16,0.0033544148318469524,0.0,0.0003835113893728703,0.0037379262503236532
3517,2.8136,16,0.002676981035619974,0.0,0.00012746304855681956,0.002804444171488285
3518,2.8144,16,0.0023217624984681606,0.0,0.00011143153824377805,0.0024331940803676844
3519,2.8152,16,0.0024147299118340015,0.0,0.00019051780691370368,0.002605247776955366
3520,2.816,16,0.0020269376691430807,0.0,0.00015143922064453363,0.002178377006202936
3521,2.8167999999999997,16,0.02197609655559063,0.0,0.013695362955331802,0.03567145764827728
3522,2.8176,16,0.009479174390435219,0.0,0.018378084525465965,0.027857258915901184
3523,2.8184,16,0.005849678069353104,0.0,0.004526879172772169,0.01037655770778656
3524,2.8192,16,0.024408351629972458,0.0,0.06770876049995422,0.09211711585521698
3525,2.82,16,0.0031635791528970003,0.0,0.0003096253494732082,0.0034732045605778694
3526,2.8208,16,0.005028959363698959,0.0,0.0012004112359136343,0.006229370832443237
3527,2.8216,16,0.0022177144419401884,0.0,0.00017372070578858256,0.002391435205936432
3528,2.8224,16,0.22120770812034607,0.0,0.0017600853461772203,0.22296778857707977
3529,2.8232,16,0.002232165541499853,0.0,0.0002271235571242869,0.002459289040416479
3530,2.824,16,0.0028252482879906893,0.0,0.0006818181136623025,0.0035070665180683136
3531,2.8247999999999998,16,0.08319978415966034,0.0,0.019981998950242996,0.10318177938461304
3532,2.8256,16,0.0023143819998949766,0.0,0.000559368752874434,0.0028737508691847324
3533,2.8264,16,0.0034314803779125214,0.0,0.00014936317165847868,0.0035808435641229153
3534,2.8272,16,0.0023439722135663033,0.0,0.0001051034196279943,0.0024490756914019585
3535,2.828,16,0.003953859210014343,0.0,0.0004661052371375263,0.004419964272528887
3536,2.8288,16,0.0025575258769094944,0.0,0.00011500128312036395,0.0026725272182375193
3537,2.8296,16,0.004893375560641289,0.0,0.0015955177368596196,0.0064888931810855865
3538,2.8304,16,0.050041843205690384,0.0,0.14690086245536804,0.19694270193576813
3539,2.8312,16,0.0031173883471637964,0.0,0.0003997279272880405,0.0035171161871403456
3540,2.832,16,0.08681441843509674,0.0,0.023944612592458725,0.11075903475284576
3541,2.8327999999999998,16,0.002814338542521,0.0,0.0002642697945702821,0.0030786083079874516
3542,2.8336,16,0.002672545611858368,0.0,0.00014987679605837911,0.0028224224224686623
3543,2.8344,16,0.005435670726001263,0.0,0.003564893500879407,0.009000563994050026
3544,2.8352,16,0.008636752143502235,0.0,0.002400300931185484,0.011037053540349007
3545,2.836,16,0.22245338559150696,0.0,0.007386823650449514,0.2298402041196823
3546,2.8368,16,0.0031661244574934244,0.0,0.000883072498254478,0.004049196839332581
3547,2.8376,16,0.01871354505419731,0.0,0.000523097172845155,0.019236642867326736
3548,2.8384,16,0.08407112956047058,0.0,0.027995344251394272,0.11206647753715515
3549,2.8392,16,0.10281070321798325,0.0,0.2359522432088852,0.33876293897628784
3550,2.84,16,0.0022623215336352587,0.0,0.000546074123121798,0.0028083957731723785
3551,2.8407999999999998,16,0.0027548419311642647,0.0,0.00025827778154052794,0.003013119800016284
3552,2.8416,16,0.217458575963974,0.0,0.00027898710686713457,0.2177375704050064
3553,2.8424,16,0.01589413359761238,0.0,0.02852897346019745,0.04442310705780983
3554,2.8432,16,0.03728136420249939,0.0,0.08067455142736435,0.11795591562986374
3555,2.844,16,0.964043915271759,0.0,0.0007627061568200588,0.9648066163063049
3556,2.8448,16,0.05890015512704849,0.0,0.007750190328806639,0.06665034592151642
3557,2.8456,16,0.011419161222875118,0.0,0.01055697537958622,0.021976135671138763
3558,2.8464,16,0.002658754587173462,0.0,0.00029537358204834163,0.002954128198325634
3559,2.8472,16,0.0026550968177616596,0.0,0.0001661246205912903,0.0028212214820086956
3560,2.848,16,0.002356489421799779,0.0,0.0001101886882679537,0.0024666781537234783
3561,2.8487999999999998,16,0.0071022724732756615,0.0,0.00140952761285007,0.008511800318956375
3562,2.8496,16,0.3429836928844452,0.0,0.00016058250912465155,0.3431442677974701
3563,2.8504,16,0.002362972591072321,0.0,0.00013495402527041733,0.002497926587238908
3564,2.8512,16,0.6072753667831421,0.0,0.0003183438675478101,0.6075937151908875
3565,2.852,16,0.002753855660557747,0.0,9.381165000377223e-05,0.0028476673178374767
3566,2.8528000000000002,16,0.002394808456301689,0.0,0.0003779795370064676,0.0027727880515158176
3567,2.8536,16,0.16895908117294312,0.0,0.0033861089032143354,0.17234519124031067
3568,2.8544,16,0.015476127155125141,0.0,0.037348516285419464,0.05282464250922203
3569,2.8552,16,0.34997013211250305,0.0,0.0035278149880468845,0.3534979522228241
3570,2.856,16,0.030260460451245308,0.0,0.02729301154613495,0.05755347013473511
3571,2.8568,16,0.002892562421038747,0.0,0.00030221667839214206,0.00319477915763855
3572,2.8576,16,0.4091004431247711,0.0,0.00047626884770579636,0.4095767140388489
3573,2.8584,16,0.04047577455639839,0.0,0.005040336400270462,0.045516110956668854
3574,2.8592,16,0.0030672154389321804,0.0,0.0010521416552364826,0.004119357094168663
3575,2.86,16,0.0037039988674223423,0.0,0.002407219959422946,0.006111218594014645
3576,2.8608000000000002,16,0.0023048105649650097,0.0,0.00025108407135121524,0.0025558946654200554
3577,2.8616,16,0.012888433411717415,0.0,0.02283191680908203,0.0357203483581543
3578,2.8624,16,0.002238901797682047,0.0,0.00013163650874048471,0.0023705381900072098
3579,2.8632,16,0.0025666963774710894,0.0,0.0004912482690997422,0.0030579445883631706
3580,2.864,16,0.11334989219903946,0.0,0.02221056818962097,0.13556045293807983
3581,2.8648,16,0.0023083086125552654,0.0,8.109476766549051e-05,0.0023894032929092646
3582,2.8656,16,0.0033195014111697674,0.0,0.0005885473219677806,0.00390804884955287
3583,2.8664,16,0.28794941306114197,0.0,8.011433237697929e-05,0.2880295217037201
3584,2.8672,16,0.0023709358647465706,0.0,0.00010362471221014857,0.00247456063516438
3585,2.868,16,0.004453306086361408,0.0,0.0003371867351233959,0.004790492821484804
3586,2.8688000000000002,16,0.0023408839479088783,0.0,0.00013457407476380467,0.002475457964465022
3587,2.8696,16,0.40948134660720825,0.0,0.06388622522354126,0.4733675718307495
3588,2.8704,16,0.00325993774458766,0.0,0.0021813889034092426,0.0054413266479969025
3589,2.8712,16,0.002786398632451892,0.0,0.00045841289102099836,0.003244811436161399
3590,2.872,16,0.2712797522544861,0.0,0.00022207025904208422,0.2715018093585968
3591,2.8728,16,0.3831407427787781,0.0,0.00030146510107442737,0.3834421932697296
3592,2.8736,16,0.00220448337495327,0.0,0.00010625341383274645,0.0023107368033379316
3593,2.8744,16,0.002790115075185895,0.0,0.0008729906985536218,0.0036631058901548386
3594,2.8752,16,0.12091714888811111,0.0,0.07488648593425751,0.19580364227294922
3595,2.876,16,0.0024949703365564346,0.0,0.00015602490748278797,0.002650995273143053
3596,2.8768000000000002,16,0.0025967969559133053,0.0,8.177540439646691e-05,0.0026785724330693483
3597,2.8776,16,0.3800368905067444,0.0,0.0002683912462089211,0.38030529022216797
3598,2.8784,16,0.36725759506225586,0.0,0.04335692524909973,0.4106145203113556
3599,2.8792,16,0.2230771780014038,0.0,0.09659837186336517,0.3196755647659302
3600,2.88,16,0.003117563668638468,0.0,0.0004630858893506229,0.0035806496161967516
3601,2.8808,16,0.002600885694846511,0.0,0.00021539459703490138,0.002816280350089073
3602,2.8816,16,0.05955346301198006,0.0,0.1565432846546173,0.21609674394130707
3603,2.8824,16,0.004288886208087206,0.0,0.0012795156799256802,0.005568401888012886
3604,2.8832,16,0.0064057400450110435,0.0,0.007328846491873264,0.013734586536884308
3605,2.884,16,0.0019821675959974527,0.0,0.00015744230768177658,0.002139610005542636
3606,2.8848000000000003,16,0.7248691320419312,0.0,0.01856251060962677,0.7434316277503967
3607,2.8856,16,0.0031088078394532204,0.0,0.0004679956182371825,0.0035768034867942333
3608,2.8864,16,0.017897825688123703,0.0,0.04285375773906708,0.06075158342719078
3609,2.8872,16,0.34764137864112854,0.0,0.00038413761649280787,0.34802553057670593
3610,2.888,16,0.21241481602191925,0.0,0.0016414388082921505,0.21405625343322754
3611,2.8888,16,0.007896918803453445,0.0,0.0037109944969415665,0.011607913300395012
3612,2.8895999999999997,16,0.40801864862442017,0.0,0.00413703266531229,0.4121556878089905
3613,2.8904,16,0.012954019010066986,0.0,0.002680713776499033,0.015634732320904732
3614,2.8912,16,0.23468203842639923,0.0,0.000934768293518573,0.2356168031692505
3615,2.892,16,0.027326731011271477,0.0,0.026556119322776794,0.05388285219669342
3616,2.8928000000000003,16,0.0020697559230029583,0.0,0.00016405413043685257,0.0022338100243359804
3617,2.8936,16,0.01453018095344305,0.0,0.0052560302428901196,0.019786210730671883
3618,2.8944,16,0.005120980087667704,0.0,0.00266856886446476,0.0077895489521324635
3619,2.8952,16,0.40158742666244507,0.0,0.053579509258270264,0.45516693592071533
3620,2.896,16,0.015075746923685074,0.0,0.03346562013030052,0.048541367053985596
3621,2.8968,16,0.002267089206725359,0.0,8.451742178294808e-05,0.0023516067303717136
3622,2.8975999999999997,16,0.27559590339660645,0.0,0.02703089267015457,0.3026267886161804
3623,2.8984,16,0.002520088804885745,0.0,0.00023447381681762636,0.00275456253439188
3624,2.8992,16,0.06148454546928406,0.0,0.04588876664638519,0.10737331211566925
3625,2.9,16,0.07269280403852463,0.0,0.12521427869796753,0.19790709018707275
3626,2.9008000000000003,16,0.024046478793025017,0.0,0.07099837064743042,0.09504485130310059
3627,2.9016,16,0.002181330928578973,0.0,8.12963698990643e-05,0.002262627240270376
3628,2.9024,16,0.047451362013816833,0.0,0.10374966263771057,0.1512010246515274
3629,2.9032,16,0.0022021534387022257,0.0,0.00013980924268253148,0.0023419626522809267
3630,2.904,16,0.005941498093307018,0.0,0.0011845226399600506,0.007126020733267069
3631,2.9048,16,0.02277684025466442,0.0,0.007864358834922314,0.03064119815826416
3632,2.9055999999999997,16,0.09793079644441605,0.0,0.0582348108291626,0.15616559982299805
3633,2.9064,16,0.0025132286828011274,0.0,0.00021217830362729728,0.002725407015532255
3634,2.9072,16,0.007108388468623161,0.0,0.0014203700702637434,0.008528758771717548
3635,2.908,16,0.010012216866016388,0.0,0.013668697327375412,0.0236809141933918
3636,2.9088000000000003,16,0.3949509263038635,0.0,0.0003977464803028852,0.3953486680984497
3637,2.9096,16,0.003788138274103403,0.0,0.0013028630055487156,0.005091001279652119
3638,2.9104,16,0.17227497696876526,0.0,0.19830322265625,0.37057819962501526
3639,2.9112,16,0.006721248384565115,0.0,0.003546883352100849,0.010268131271004677
3640,2.912,16,0.30103233456611633,0.0,0.023305051028728485,0.3243373930454254
3641,2.9128,16,0.012502776458859444,0.0,0.0022622342221438885,0.01476501114666462
3642,2.9135999999999997,16,0.002307385439053178,0.0,9.302324178861454e-05,0.0024004087317734957
3643,2.9144,16,0.049007780849933624,0.0,0.006747676990926266,0.055755458772182465
3644,2.9152,16,0.002374273259192705,0.0,0.00015845328744035214,0.0025327266193926334
3645,2.916,16,0.006726973690092564,0.0,0.0008827671408653259,0.0076097408309578896
3646,2.9168,16,0.6321597099304199,0.0,0.009154612198472023,0.6413143277168274
3647,2.9176,16,0.0025778093840926886,0.0,0.0001440337800886482,0.0027218430768698454
3648,2.9184,16,0.0022383718751370907,0.0,7.326721970457584e-05,0.0023116390220820904
3649,2.9192,16,0.015175387263298035,0.0,0.02085358090698719,0.036028966307640076
3650,2.92,16,0.014584229327738285,0.0,0.006165021099150181,0.020749250426888466
3651,2.9208,16,0.10981326550245285,0.0,0.04209726303815842,0.15191052854061127
3652,2.9215999999999998,16,0.22956374287605286,0.0,0.0037843240424990654,0.2333480715751648
3653,2.9224,16,0.0035844766534864902,0.0,0.0008977847173810005,0.004482261370867491
3654,2.9232,16,0.006110259331762791,0.0,0.009270211681723595,0.015380471013486385
3655,2.924,16,0.096405990421772,0.0,0.0284301545470953,0.12483614683151245
3656,2.9248,16,0.007347860373556614,0.0,0.002848088974133134,0.010195949114859104
3657,2.9256,16,0.014675970189273357,0.0,0.0010967082343995571,0.015772677958011627
3658,2.9264,16,0.0029234811663627625,0.0,0.0002372900053160265,0.0031607712153345346
3659,2.9272,16,0.057624440640211105,0.0,0.103827565908432,0.1614520102739334
3660,2.928,16,0.3407818675041199,0.0,0.010020235553383827,0.35080209374427795
3661,2.9288,16,0.008703252300620079,0.0,0.0030099675059318542,0.011713219806551933
3662,2.9295999999999998,16,0.00484803132712841,0.0,0.0025820762384682894,0.007430107332766056
3663,2.9304,16,0.003000164870172739,0.0,0.0001605087600182742,0.0031606736592948437
3664,2.9312,16,0.018601076677441597,0.0,0.04098976403474808,0.059590838849544525
3665,2.932,16,0.004323920700699091,0.0,0.0012765525607392192,0.005600473377853632
3666,2.9328,16,0.002707808744162321,0.0,4.478824121179059e-05,0.002752596978098154
3667,2.9336,16,0.4594135880470276,0.0,0.057130053639411926,0.5165436267852783
3668,2.9344,16,0.12713664770126343,0.0,0.0027593362610787153,0.12989598512649536
3669,2.9352,16,0.002327246591448784,0.0,0.00027064885944128036,0.0025978954508900642
3670,2.936,16,0.0076707154512405396,0.0,0.01799170859158039,0.02566242404282093
3671,2.9368,16,0.007584334351122379,0.0,0.000918311532586813,0.008502645418047905
3672,2.9375999999999998,16,0.0057442826218903065,0.0,0.003314908593893051,0.00905919075012207
3673,2.9384,16,0.010434784926474094,0.0,0.004018784966319799,0.014453569427132607
3674,2.9392,16,0.011368910782039165,0.0,0.01043844223022461,0.02180735394358635
3675,2.94,16,0.0017093124333769083,0.0,6.447787018259987e-05,0.0017737903399392962
3676,2.9408,16,0.002328990027308464,0.0,0.00013114082685206085,0.0024601309560239315
3677,2.9416,16,0.0024866797029972076,0.0,0.00023213285021483898,0.0027188125532120466
3678,2.9424,16,0.0024276264011859894,0.0,7.754885882604867e-05,0.0025051753036677837
3679,2.9432,16,0.009279128164052963,0.0,0.004240170121192932,0.013519298285245895
3680,2.944,16,0.008293707855045795,0.0,0.005898384843021631,0.014192093163728714
3681,2.9448,16,0.0025625284761190414,0.0,0.00020106308511458337,0.0027635914739221334
3682,2.9455999999999998,16,0.002016554120928049,0.0,0.00010328755888622254,0.0021198417525738478
3683,2.9464,16,0.004766973666846752,0.0,0.00041727657662704587,0.005184250418096781
3684,2.9472,16,0.16847282648086548,0.0,0.0031499164178967476,0.17162273824214935
3685,2.948,16,0.0028074178844690323,0.0,0.00019149683066643775,0.0029989148024469614
3686,2.9488,16,0.337939977645874,0.0,9.336225048173219e-05,0.3380333483219147
3687,2.9496,16,0.026297537609934807,0.0,0.002528197830542922,0.028825735673308372
3688,2.9504,16,0.6189683675765991,0.0,0.16940459609031677,0.7883729934692383
3689,2.9512,16,0.003669135272502899,0.0,0.00028788213967345655,0.003957017324864864
3690,2.952,16,0.1176091656088829,0.0,0.07493320852518082,0.19254237413406372
3691,2.9528,16,0.33193251490592957,0.0,0.0005562766455113888,0.3324888050556183
3692,2.9536,16,0.04733772575855255,0.0,0.0016188668087124825,0.04895659163594246
3693,2.9544,16,0.019654378294944763,0.0,0.04482124373316765,0.06447562575340271
3694,2.9552,16,0.0031158640049397945,0.0,0.0005687817465513945,0.003684645751491189
3695,2.956,16,0.10425100475549698,0.0,0.11747965216636658,0.22173064947128296
3696,2.9568,16,0.0030094864778220654,0.0,0.0004378938174340874,0.003447380382567644
3697,2.9576000000000002,16,0.004717637784779072,0.0,0.002859352622181177,0.007576990406960249
3698,2.9584,16,0.002712060697376728,0.0,0.00012127879017498344,0.002833339385688305
3699,2.9592,16,0.014843732118606567,0.0,0.03750382363796234,0.05234755575656891
3700,2.96,16,0.00214627617970109,0.0,5.559708733926527e-05,0.00220187334343791
3701,2.9608,16,0.04114045202732086,0.0,0.020956680178642273,0.062097132205963135
3702,2.9616,16,0.0035830659326165915,0.0,0.00029351256671361625,0.003876578528434038
3703,2.9624,16,0.003019937314093113,0.0,0.00038642139406874776,0.0034063586499542
3704,2.9632,16,0.002718440955504775,0.0,0.00047371856635436416,0.0031921595800668
3705,2.964,16,0.0029503651894629,0.0,0.00025392117095179856,0.0032042863313108683
3706,2.9648,16,0.09684211015701294,0.0,0.004883927293121815,0.10172604024410248
3707,2.9656000000000002,16,0.0029414589516818523,0.0,0.0006633526645600796,0.003604811616241932
3708,2.9664,16,0.005281340330839157,0.0,0.00176907773129642,0.007050418294966221
3709,2.9672,16,0.002488044323399663,0.0,0.00011121388524770737,0.0025992582086473703
3710,2.968,16,0.4851546287536621,0.0,0.17035847902297974,0.6555131077766418
3711,2.9688,16,0.004752865061163902,0.0,0.0016399838495999575,0.006392848677933216
3712,2.9696,16,0.010963602922856808,0.0,0.011913970112800598,0.02287757396697998
3713,2.9704,16,0.0020799688063561916,0.0,5.957628309261054e-05,0.0021395450457930565
3714,2.9712,16,0.002185207325965166,0.0,0.00023040291853249073,0.002415610244497657
3715,2.972,16,0.3559327721595764,0.0,0.13365468382835388,0.4895874559879303
3716,2.9728,16,0.0042769345454871655,0.0,0.0027872384525835514,0.007064172998070717
3717,2.9736000000000002,16,0.08701986074447632,0.0,0.04753970727324486,0.13455957174301147
3718,2.9744,16,0.16221041977405548,0.0,0.0328410305082798,0.19505144655704498
3719,2.9752,16,0.002894872799515724,0.0,0.00026519177481532097,0.003160064574331045
3720,2.976,16,0.32084912061691284,0.0,0.0002719867043197155,0.32112109661102295
3721,2.9768,16,0.01981396973133087,0.0,0.033690303564071655,0.05350427329540253
3722,2.9776,16,0.0031110807321965694,0.0,0.00032064717379398644,0.0034317278768867254
3723,2.9784,16,0.0433361679315567,0.0,0.05428514629602432,0.09762131422758102
3724,2.9792,16,0.042364221066236496,0.0,0.13142232596874237,0.17378655076026917
3725,2.98,16,0.5649475455284119,0.0,0.07172124087810516,0.6366688013076782
3726,2.9808,16,0.00556500069797039,0.0,0.00018250953871756792,0.005747510120272636
3727,2.9816000000000003,16,0.1533832550048828,0.0,0.035614512860774994,0.1889977753162384
3728,2.9824,16,0.0032458663918077946,0.0,0.0004088637651875615,0.0036547300405800343
3729,2.9832,16,0.003319323528558016,0.0,0.0015473021194338799,0.004866625647991896
3730,2.984,16,0.3576606214046478,0.0,8.015561616048217e-05,0.3577407896518707
3731,2.9848,16,0.01756911538541317,0.0,0.045591872185468674,0.0631609857082367
3732,2.9856,16,0.01210506446659565,0.0,0.016304899007081985,0.028409963473677635
3733,2.9864,16,0.0327545665204525,0.0,0.011239571496844292,0.04399413615465164
3734,2.9872,16,0.24205604195594788,0.0,0.00866734143346548,0.25072339177131653
3735,2.988,16,0.0034402338787913322,0.0,0.00020955284708179533,0.003649786813184619
3736,2.9888,16,0.02019140124320984,0.0,0.01843714527785778,0.03862854838371277
3737,2.9896000000000003,16,0.017240585759282112,0.0,0.016129614785313606,0.03337020054459572
3738,2.9904,16,0.0024793485645204782,0.0,0.00011799740605056286,0.002597345970571041
3739,2.9912,16,0.0020685915369540453,0.0,0.0003338484384585172,0.002402439946308732
3740,2.992,16,0.0033813274931162596,0.0,0.00011790442658821121,0.0034992319997400045
3741,2.9928,16,0.005582940764725208,0.0,0.0007453995058313012,0.006328340154141188
3742,2.9936,16,0.003736125770956278,0.0,0.0009405865566805005,0.0046767122112214565
3743,2.9943999999999997,16,0.004317624494433403,0.0,0.0009485709015280008,0.00526619516313076
3744,2.9952,16,0.335014671087265,0.0,0.0015798332169651985,0.33659449219703674
3745,2.996,16,0.002008546609431505,0.0,7.848853420000523e-05,0.0020870352163910866
3746,2.9968,16,0.0018739482620730996,0.0,5.556963151320815e-05,0.0019295178353786469
3747,2.9976000000000003,16,0.29662764072418213,0.0,0.0010340554872527719,0.297661691904068
3748,2.9984,16,0.006792138796299696,0.0,0.0012100287713110447,0.00800216756761074
3749,2.9992,16,0.0033905720338225365,0.0,0.000462627736851573,0.0038531997706741095
