step,epoch,samples,ce_loss,scl_loss,kl_loss,total_loss
0,0,16,0.7218444347381592,0.0,0.0,0.7218444347381592
1,0.0008,16,0.6654834747314453,0.0,0.0,0.6654834747314453
2,0.0016,16,0.6935274600982666,0.0,0.0,0.6935274600982666
3,0.0024,16,0.6838823556900024,0.0,0.0,0.6838823556900024
4,0.0032,16,0.6970218420028687,0.0,0.0,0.6970218420028687
5,0.004,16,0.6918963193893433,0.0,0.0,0.6918963193893433
6,0.0048,16,0.6683117151260376,0.0,0.0,0.6683117151260376
7,0.0056,16,0.6740583777427673,0.0,0.0,0.6740583777427673
8,0.0064,16,0.7017544507980347,0.0,0.0,0.7017544507980347
9,0.0072,16,0.7125886678695679,0.0,0.0,0.7125886678695679
10,0.008,16,0.6895118355751038,0.0,0.0,0.6895118355751038
11,0.0088,16,0.6943634748458862,0.0,0.0,0.6943634748458862
12,0.0096,16,0.6657364964485168,0.0,0.0,0.6657364964485168
13,0.0104,16,0.669384241104126,0.0,0.0,0.669384241104126
14,0.0112,16,0.7043886184692383,0.0,0.0,0.7043886184692383
15,0.012,16,0.7093759775161743,0.0,0.0,0.7093759775161743
16,0.0128,16,0.6880759596824646,0.0,0.0,0.6880759596824646
17,0.0136,16,0.6644722819328308,0.0,0.0,0.6644722819328308
18,0.0144,16,0.686102569103241,0.0,0.0,0.686102569103241
19,0.0152,16,0.7157818675041199,0.0,0.0,0.7157818675041199
20,0.016,16,0.6935712099075317,0.0,0.0,0.6935712099075317
21,0.0168,16,0.7051256895065308,0.0,0.0,0.7051256895065308
22,0.0176,16,0.6926595568656921,0.0,0.0,0.6926595568656921
23,0.0184,16,0.6822906732559204,0.0,0.0,0.6822906732559204
24,0.0192,16,0.6876426935195923,0.0,0.0,0.6876426935195923
25,0.02,16,0.7089332938194275,0.0,0.0,0.7089332938194275
26,0.0208,16,0.7256888151168823,0.0,0.0,0.7256888151168823
27,0.0216,16,0.6864258646965027,0.0,0.0,0.6864258646965027
28,0.0224,16,0.6720730662345886,0.0,0.0,0.6720730662345886
29,0.0232,16,0.6755765676498413,0.0,0.0,0.6755765676498413
30,0.024,16,0.688308835029602,0.0,0.0,0.688308835029602
31,0.0248,16,0.7039335370063782,0.0,0.0,0.7039335370063782
32,0.0256,16,0.6702419519424438,0.0,0.0,0.6702419519424438
33,0.0264,16,0.7063140869140625,0.0,0.0,0.7063140869140625
34,0.0272,16,0.7006624937057495,0.0,0.0,0.7006624937057495
35,0.028,16,0.6962804794311523,0.0,0.0,0.6962804794311523
36,0.0288,16,0.628486692905426,0.0,0.0,0.628486692905426
37,0.0296,16,0.7083010673522949,0.0,0.0,0.7083010673522949
38,0.0304,16,0.7211505174636841,0.0,0.0,0.7211505174636841
39,0.0312,16,0.702318549156189,0.0,0.0,0.702318549156189
40,0.032,16,0.6736777424812317,0.0,0.0,0.6736777424812317
41,0.0328,16,0.693313717842102,0.0,0.0,0.693313717842102
42,0.0336,16,0.692521870136261,0.0,0.0,0.692521870136261
43,0.0344,16,0.6898422241210938,0.0,0.0,0.6898422241210938
44,0.0352,16,0.7195101976394653,0.0,0.0,0.7195101976394653
45,0.036,16,0.6774504780769348,0.0,0.0,0.6774504780769348
46,0.0368,16,0.6951928734779358,0.0,0.0,0.6951928734779358
47,0.0376,16,0.6671814322471619,0.0,0.0,0.6671814322471619
48,0.0384,16,0.7124633193016052,0.0,0.0,0.7124633193016052
49,0.0392,16,0.6967015266418457,0.0,0.0,0.6967015266418457
50,0.04,16,0.6852865219116211,0.0,0.0,0.6852865219116211
51,0.0408,16,0.6812160015106201,0.0,0.0,0.6812160015106201
52,0.0416,16,0.658963680267334,0.0,0.0,0.658963680267334
53,0.0424,16,0.7132114768028259,0.0,0.0,0.7132114768028259
54,0.0432,16,0.6892898082733154,0.0,0.0,0.6892898082733154
55,0.044,16,0.6871143579483032,0.0,0.0,0.6871143579483032
56,0.0448,16,0.6858559846878052,0.0,0.0,0.6858559846878052
57,0.0456,16,0.6444284915924072,0.0,0.0,0.6444284915924072
58,0.0464,16,0.7050076723098755,0.0,0.0,0.7050076723098755
59,0.0472,16,0.6646689176559448,0.0,0.0,0.6646689176559448
60,0.048,16,0.7077939510345459,0.0,0.0,0.7077939510345459
61,0.0488,16,0.6853803396224976,0.0,0.0,0.6853803396224976
62,0.0496,16,0.7012014985084534,0.0,0.0,0.7012014985084534
63,0.0504,16,0.7054117918014526,0.0,0.0,0.7054117918014526
64,0.0512,16,0.6811765432357788,0.0,0.0,0.6811765432357788
65,0.052,16,0.6478429436683655,0.0,0.0,0.6478429436683655
66,0.0528,16,0.6787183880805969,0.0,0.0,0.6787183880805969
67,0.0536,16,0.6865824460983276,0.0,0.0,0.6865824460983276
68,0.0544,16,0.634422242641449,0.0,0.0,0.634422242641449
69,0.0552,16,0.683272123336792,0.0,0.0,0.683272123336792
70,0.056,16,0.6762915849685669,0.0,0.0,0.6762915849685669
71,0.0568,16,0.7000604867935181,0.0,0.0,0.7000604867935181
72,0.0576,16,0.6685366630554199,0.0,0.0,0.6685366630554199
73,0.0584,16,0.6717506647109985,0.0,0.0,0.6717506647109985
74,0.0592,16,0.6987776756286621,0.0,0.0,0.6987776756286621
75,0.06,16,0.6937822103500366,0.0,0.0,0.6937822103500366
76,0.0608,16,0.6776512265205383,0.0,0.0,0.6776512265205383
77,0.0616,16,0.7014936208724976,0.0,0.0,0.7014936208724976
78,0.0624,16,0.6898351311683655,0.0,0.0,0.6898351311683655
79,0.0632,16,0.7116615772247314,0.0,0.0,0.7116615772247314
80,0.064,16,0.6961376070976257,0.0,0.0,0.6961376070976257
81,0.0648,16,0.7192042469978333,0.0,0.0,0.7192042469978333
82,0.0656,16,0.7029085159301758,0.0,0.0,0.7029085159301758
83,0.0664,16,0.7064969539642334,0.0,0.0,0.7064969539642334
84,0.0672,16,0.6926142573356628,0.0,0.0,0.6926142573356628
85,0.068,16,0.6843124628067017,0.0,0.0,0.6843124628067017
86,0.0688,16,0.7104224562644958,0.0,0.0,0.7104224562644958
87,0.0696,16,0.6874604821205139,0.0,0.0,0.6874604821205139
88,0.0704,16,0.7282975316047668,0.0,0.0,0.7282975316047668
89,0.0712,16,0.6751271486282349,0.0,0.0,0.6751271486282349
90,0.072,16,0.7001606225967407,0.0,0.0,0.7001606225967407
91,0.0728,16,0.7080159187316895,0.0,0.0,0.7080159187316895
92,0.0736,16,0.7026058435440063,0.0,0.0,0.7026058435440063
93,0.0744,16,0.7081539630889893,0.0,0.0,0.7081539630889893
94,0.0752,16,0.6973172426223755,0.0,0.0,0.6973172426223755
95,0.076,16,0.6668843030929565,0.0,0.0,0.6668843030929565
96,0.0768,16,0.7164499759674072,0.0,0.0,0.7164499759674072
97,0.0776,16,0.6636066436767578,0.0,0.0,0.6636066436767578
98,0.0784,16,0.7178028225898743,0.0,0.0,0.7178028225898743
99,0.0792,16,0.6839362978935242,0.0,0.0,0.6839362978935242
100,0.08,16,0.7116687297821045,0.0,0.0,0.7116687297821045
101,0.0808,16,0.696914553642273,0.0,0.0,0.696914553642273
102,0.0816,16,0.7058414220809937,0.0,0.0,0.7058414220809937
103,0.0824,16,0.7356662750244141,0.0,0.0,0.7356662750244141
104,0.0832,16,0.711416482925415,0.0,0.0,0.711416482925415
105,0.084,16,0.6727803349494934,0.0,0.0,0.6727803349494934
106,0.0848,16,0.6651740074157715,0.0,0.0,0.6651740074157715
107,0.0856,16,0.6823947429656982,0.0,0.0,0.6823947429656982
108,0.0864,16,0.6873087882995605,0.0,0.0,0.6873087882995605
109,0.0872,16,0.7103593945503235,0.0,0.0,0.7103593945503235
110,0.088,16,0.7087833881378174,0.0,0.0,0.7087833881378174
111,0.0888,16,0.7179077863693237,0.0,0.0,0.7179077863693237
112,0.0896,16,0.6969501972198486,0.0,0.0,0.6969501972198486
113,0.0904,16,0.6840897798538208,0.0,0.0,0.6840897798538208
114,0.0912,16,0.6834855675697327,0.0,0.0,0.6834855675697327
115,0.092,16,0.6806305646896362,0.0,0.0,0.6806305646896362
116,0.0928,16,0.6814249157905579,0.0,0.0,0.6814249157905579
117,0.0936,16,0.7283092737197876,0.0,0.0,0.7283092737197876
118,0.0944,16,0.6921879053115845,0.0,0.0,0.6921879053115845
119,0.0952,16,0.7161825299263,0.0,0.0,0.7161825299263
120,0.096,16,0.7281229496002197,0.0,0.0,0.7281229496002197
121,0.0968,16,0.7018797397613525,0.0,0.0,0.7018797397613525
122,0.0976,16,0.6867527365684509,0.0,0.0,0.6867527365684509
123,0.0984,16,0.672165036201477,0.0,0.0,0.672165036201477
124,0.0992,16,0.690574049949646,0.0,0.0,0.690574049949646
125,0.1,16,0.701741099357605,0.0,0.0,0.701741099357605
126,0.1008,16,0.7105140089988708,0.0,0.0,0.7105140089988708
127,0.1016,16,0.6526086330413818,0.0,0.0,0.6526086330413818
128,0.1024,16,0.660508930683136,0.0,0.0,0.660508930683136
129,0.1032,16,0.6739468574523926,0.0,0.0,0.6739468574523926
130,0.104,16,0.6860174536705017,0.0,0.0,0.6860174536705017
131,0.1048,16,0.6803362369537354,0.0,0.0,0.6803362369537354
132,0.1056,16,0.711686372756958,0.0,0.0,0.711686372756958
133,0.1064,16,0.6879606246948242,0.0,0.0,0.6879606246948242
134,0.1072,16,0.6884897947311401,0.0,0.0,0.6884897947311401
135,0.108,16,0.6747693419456482,0.0,0.0,0.6747693419456482
136,0.1088,16,0.7366032600402832,0.0,0.0,0.7366032600402832
137,0.1096,16,0.6835810542106628,0.0,0.0,0.6835810542106628
138,0.1104,16,0.6981405019760132,0.0,0.0,0.6981405019760132
139,0.1112,16,0.6822504997253418,0.0,0.0,0.6822504997253418
140,0.112,16,0.7021120190620422,0.0,0.0,0.7021120190620422
141,0.1128,16,0.6719058752059937,0.0,0.0,0.6719058752059937
142,0.1136,16,0.6827734708786011,0.0,0.0,0.6827734708786011
143,0.1144,16,0.7569687366485596,0.0,0.0,0.7569687366485596
144,0.1152,16,0.6974704265594482,0.0,0.0,0.6974704265594482
145,0.116,16,0.6392399072647095,0.0,0.0,0.6392399072647095
146,0.1168,16,0.6937735080718994,0.0,0.0,0.6937735080718994
147,0.1176,16,0.6984360218048096,0.0,0.0,0.6984360218048096
148,0.1184,16,0.6820021271705627,0.0,0.0,0.6820021271705627
149,0.1192,16,0.6792389154434204,0.0,0.0,0.6792389154434204
150,0.12,16,0.7247924208641052,0.0,0.0,0.7247924208641052
151,0.1208,16,0.7109624147415161,0.0,0.0,0.7109624147415161
152,0.1216,16,0.6969914436340332,0.0,0.0,0.6969914436340332
153,0.1224,16,0.6549667716026306,0.0,0.0,0.6549667716026306
154,0.1232,16,0.7011620998382568,0.0,0.0,0.7011620998382568
155,0.124,16,0.693816065788269,0.0,0.0,0.693816065788269
156,0.1248,16,0.684474527835846,0.0,0.0,0.684474527835846
157,0.1256,16,0.7167852520942688,0.0,0.0,0.7167852520942688
158,0.1264,16,0.7347511649131775,0.0,0.0,0.7347511649131775
159,0.1272,16,0.6952164173126221,0.0,0.0,0.6952164173126221
160,0.128,16,0.6801837086677551,0.0,0.0,0.6801837086677551
161,0.1288,16,0.6479798555374146,0.0,0.0,0.6479798555374146
162,0.1296,16,0.6839244961738586,0.0,0.0,0.6839244961738586
163,0.1304,16,0.676300048828125,0.0,0.0,0.676300048828125
164,0.1312,16,0.6796368956565857,0.0,0.0,0.6796368956565857
165,0.132,16,0.681998610496521,0.0,0.0,0.681998610496521
166,0.1328,16,0.720229983329773,0.0,0.0,0.720229983329773
167,0.1336,16,0.7245036959648132,0.0,0.0,0.7245036959648132
168,0.1344,16,0.6983935832977295,0.0,0.0,0.6983935832977295
169,0.1352,16,0.6810071468353271,0.0,0.0,0.6810071468353271
170,0.136,16,0.7103933095932007,0.0,0.0,0.7103933095932007
171,0.1368,16,0.7061775922775269,0.0,0.0,0.7061775922775269
172,0.1376,16,0.7137138843536377,0.0,0.0,0.7137138843536377
173,0.1384,16,0.7307546138763428,0.0,0.0,0.7307546138763428
174,0.1392,16,0.6724680066108704,0.0,0.0,0.6724680066108704
175,0.14,16,0.7128258943557739,0.0,0.0,0.7128258943557739
176,0.1408,16,0.7121366858482361,0.0,0.0,0.7121366858482361
177,0.1416,16,0.6977618932723999,0.0,0.0,0.6977618932723999
178,0.1424,16,0.7022311091423035,0.0,0.0,0.7022311091423035
179,0.1432,16,0.7074365019798279,0.0,0.0,0.7074365019798279
180,0.144,16,0.7118393182754517,0.0,0.0,0.7118393182754517
181,0.1448,16,0.6956091523170471,0.0,0.0,0.6956091523170471
182,0.1456,16,0.6965495347976685,0.0,0.0,0.6965495347976685
183,0.1464,16,0.6988925933837891,0.0,0.0,0.6988925933837891
184,0.1472,16,0.6999324560165405,0.0,0.0,0.6999324560165405
185,0.148,16,0.657787024974823,0.0,0.0,0.657787024974823
186,0.1488,16,0.6834116578102112,0.0,0.0,0.6834116578102112
187,0.1496,16,0.6893316507339478,0.0,0.0,0.6893316507339478
188,0.1504,16,0.7028975486755371,0.0,0.0,0.7028975486755371
189,0.1512,16,0.6686675548553467,0.0,0.0,0.6686675548553467
190,0.152,16,0.715661346912384,0.0,0.0,0.715661346912384
191,0.1528,16,0.6933673620223999,0.0,0.0,0.6933673620223999
192,0.1536,16,0.6943827867507935,0.0,0.0,0.6943827867507935
193,0.1544,16,0.6968886852264404,0.0,0.0,0.6968886852264404
194,0.1552,16,0.7264376878738403,0.0,0.0,0.7264376878738403
195,0.156,16,0.7283411026000977,0.0,0.0,0.7283411026000977
196,0.1568,16,0.6521117091178894,0.0,0.0,0.6521117091178894
197,0.1576,16,0.6668338775634766,0.0,0.0,0.6668338775634766
198,0.1584,16,0.6803430318832397,0.0,0.0,0.6803430318832397
199,0.1592,16,0.637192964553833,0.0,0.0,0.637192964553833
200,0.16,16,0.6739256381988525,0.0,0.0,0.6739256381988525
201,0.1608,16,0.6826916933059692,0.0,0.0,0.6826916933059692
202,0.1616,16,0.7014139890670776,0.0,0.0,0.7014139890670776
203,0.1624,16,0.6744358539581299,0.0,0.0,0.6744358539581299
204,0.1632,16,0.6942498683929443,0.0,0.0,0.6942498683929443
205,0.164,16,0.6879337430000305,0.0,0.0,0.6879337430000305
206,0.1648,16,0.7033880949020386,0.0,0.0,0.7033880949020386
207,0.1656,16,0.7214550971984863,0.0,0.0,0.7214550971984863
208,0.1664,16,0.6679304838180542,0.0,0.0,0.6679304838180542
209,0.1672,16,0.6646735668182373,0.0,0.0,0.6646735668182373
210,0.168,16,0.7054024934768677,0.0,0.0,0.7054024934768677
211,0.1688,16,0.6816478371620178,0.0,0.0,0.6816478371620178
212,0.1696,16,0.6911298632621765,0.0,0.0,0.6911298632621765
213,0.1704,16,0.6803289651870728,0.0,0.0,0.6803289651870728
214,0.1712,16,0.6898353099822998,0.0,0.0,0.6898353099822998
215,0.172,16,0.6894547343254089,0.0,0.0,0.6894547343254089
216,0.1728,16,0.7331857681274414,0.0,0.0,0.7331857681274414
217,0.1736,16,0.758703887462616,0.0,0.0,0.758703887462616
218,0.1744,16,0.7051475048065186,0.0,0.0,0.7051475048065186
219,0.1752,16,0.676184892654419,0.0,0.0,0.676184892654419
220,0.176,16,0.6544173359870911,0.0,0.0,0.6544173359870911
221,0.1768,16,0.6724488735198975,0.0,0.0,0.6724488735198975
222,0.1776,16,0.6575411558151245,0.0,0.0,0.6575411558151245
223,0.1784,16,0.6691914796829224,0.0,0.0,0.6691914796829224
224,0.1792,16,0.6950110793113708,0.0,0.0,0.6950110793113708
225,0.18,16,0.6707099676132202,0.0,0.0,0.6707099676132202
226,0.1808,16,0.7046769857406616,0.0,0.0,0.7046769857406616
227,0.1816,16,0.6831989288330078,0.0,0.0,0.6831989288330078
228,0.1824,16,0.6945589184761047,0.0,0.0,0.6945589184761047
229,0.1832,16,0.7108098864555359,0.0,0.0,0.7108098864555359
230,0.184,16,0.6691991090774536,0.0,0.0,0.6691991090774536
231,0.1848,16,0.7094656825065613,0.0,0.0,0.7094656825065613
232,0.1856,16,0.6797858476638794,0.0,0.0,0.6797858476638794
233,0.1864,16,0.6909860968589783,0.0,0.0,0.6909860968589783
234,0.1872,16,0.6674609184265137,0.0,0.0,0.6674609184265137
235,0.188,16,0.6622563004493713,0.0,0.0,0.6622563004493713
236,0.1888,16,0.6583273410797119,0.0,0.0,0.6583273410797119
237,0.1896,16,0.6806333065032959,0.0,0.0,0.6806333065032959
238,0.1904,16,0.7020993232727051,0.0,0.0,0.7020993232727051
239,0.1912,16,0.6600503921508789,0.0,0.0,0.6600503921508789
240,0.192,16,0.7106139063835144,0.0,0.0,0.7106139063835144
241,0.1928,16,0.6790255308151245,0.0,0.0,0.6790255308151245
242,0.1936,16,0.6724660396575928,0.0,0.0,0.6724660396575928
243,0.1944,16,0.677115797996521,0.0,0.0,0.677115797996521
244,0.1952,16,0.6613137722015381,0.0,0.0,0.6613137722015381
245,0.196,16,0.6846303939819336,0.0,0.0,0.6846303939819336
246,0.1968,16,0.6744058132171631,0.0,0.0,0.6744058132171631
247,0.1976,16,0.674116849899292,0.0,0.0,0.674116849899292
248,0.1984,16,0.7167186737060547,0.0,0.0,0.7167186737060547
249,0.1992,16,0.6314290761947632,0.0,0.0,0.6314290761947632
250,0.2,16,0.6655450463294983,0.0,0.0,0.6655450463294983
251,0.2008,16,0.6833429336547852,0.0,0.0,0.6833429336547852
252,0.2016,16,0.6608877778053284,0.0,0.0,0.6608877778053284
253,0.2024,16,0.6981967687606812,0.0,0.0,0.6981967687606812
254,0.2032,16,0.7123843431472778,0.0,0.0,0.7123843431472778
255,0.204,16,0.6872883439064026,0.0,0.0,0.6872883439064026
256,0.2048,16,0.7008252143859863,0.0,0.0,0.7008252143859863
257,0.2056,16,0.6868079900741577,0.0,0.0,0.6868079900741577
258,0.2064,16,0.7291361093521118,0.0,0.0,0.7291361093521118
259,0.2072,16,0.7105832695960999,0.0,0.0,0.7105832695960999
260,0.208,16,0.6716532707214355,0.0,0.0,0.6716532707214355
261,0.2088,16,0.721994936466217,0.0,0.0,0.721994936466217
262,0.2096,16,0.676689624786377,0.0,0.0,0.676689624786377
263,0.2104,16,0.6926203966140747,0.0,0.0,0.6926203966140747
264,0.2112,16,0.7046469449996948,0.0,0.0,0.7046469449996948
265,0.212,16,0.6680161952972412,0.0,0.0,0.6680161952972412
266,0.2128,16,0.7356898784637451,0.0,0.0,0.7356898784637451
267,0.2136,16,0.6881300210952759,0.0,0.0,0.6881300210952759
268,0.2144,16,0.7009648084640503,0.0,0.0,0.7009648084640503
269,0.2152,16,0.7401717305183411,0.0,0.0,0.7401717305183411
270,0.216,16,0.6921029090881348,0.0,0.0,0.6921029090881348
271,0.2168,16,0.732621967792511,0.0,0.0,0.732621967792511
272,0.2176,16,0.6715872287750244,0.0,0.0,0.6715872287750244
273,0.2184,16,0.6417720913887024,0.0,0.0,0.6417720913887024
274,0.2192,16,0.6457740664482117,0.0,0.0,0.6457740664482117
275,0.22,16,0.7264405488967896,0.0,0.0,0.7264405488967896
276,0.2208,16,0.691515326499939,0.0,0.0,0.691515326499939
277,0.2216,16,0.635686457157135,0.0,0.0,0.635686457157135
278,0.2224,16,0.6709567904472351,0.0,0.0,0.6709567904472351
279,0.2232,16,0.6911047697067261,0.0,0.0,0.6911047697067261
280,0.224,16,0.6420884132385254,0.0,0.0,0.6420884132385254
281,0.2248,16,0.6329861879348755,0.0,0.0,0.6329861879348755
282,0.2256,16,0.6303631067276001,0.0,0.0,0.6303631067276001
283,0.2264,16,0.696672260761261,0.0,0.0,0.696672260761261
284,0.2272,16,0.7059257626533508,0.0,0.0,0.7059257626533508
285,0.228,16,0.6616597175598145,0.0,0.0,0.6616597175598145
286,0.2288,16,0.6776858568191528,0.0,0.0,0.6776858568191528
287,0.2296,16,0.6902600526809692,0.0,0.0,0.6902600526809692
288,0.2304,16,0.6475086212158203,0.0,0.0,0.6475086212158203
289,0.2312,16,0.6697244644165039,0.0,0.0,0.6697244644165039
290,0.232,16,0.6527172923088074,0.0,0.0,0.6527172923088074
291,0.2328,16,0.6946594715118408,0.0,0.0,0.6946594715118408
292,0.2336,16,0.6542819738388062,0.0,0.0,0.6542819738388062
293,0.2344,16,0.6413785219192505,0.0,0.0,0.6413785219192505
294,0.2352,16,0.6531471014022827,0.0,0.0,0.6531471014022827
295,0.236,16,0.636215090751648,0.0,0.0,0.636215090751648
296,0.2368,16,0.6733261346817017,0.0,0.0,0.6733261346817017
297,0.2376,16,0.6909763813018799,0.0,0.0,0.6909763813018799
298,0.2384,16,0.7061731815338135,0.0,0.0,0.7061731815338135
299,0.2392,16,0.6572402715682983,0.0,0.0,0.6572402715682983
300,0.24,16,0.701022207736969,0.0,0.0,0.701022207736969
301,0.2408,16,0.6842390298843384,0.0,0.0,0.6842390298843384
302,0.2416,16,0.6774941682815552,0.0,0.0,0.6774941682815552
303,0.2424,16,0.6421937942504883,0.0,0.0,0.6421937942504883
304,0.2432,16,0.6676549911499023,0.0,0.0,0.6676549911499023
305,0.244,16,0.6668186187744141,0.0,0.0,0.6668186187744141
306,0.2448,16,0.6508232355117798,0.0,0.0,0.6508232355117798
307,0.2456,16,0.6833596229553223,0.0,0.0,0.6833596229553223
308,0.2464,16,0.6929382085800171,0.0,0.0,0.6929382085800171
309,0.2472,16,0.6593445539474487,0.0,0.0,0.6593445539474487
310,0.248,16,0.7005507349967957,0.0,0.0,0.7005507349967957
311,0.2488,16,0.6850504279136658,0.0,0.0,0.6850504279136658
312,0.2496,16,0.652191162109375,0.0,0.0,0.652191162109375
313,0.2504,16,0.6879488229751587,0.0,0.0,0.6879488229751587
314,0.2512,16,0.6756184697151184,0.0,0.0,0.6756184697151184
315,0.252,16,0.6686432361602783,0.0,0.0,0.6686432361602783
316,0.2528,16,0.6392862796783447,0.0,0.0,0.6392862796783447
317,0.2536,16,0.6708506941795349,0.0,0.0,0.6708506941795349
318,0.2544,16,0.6623785495758057,0.0,0.0,0.6623785495758057
319,0.2552,16,0.6352581977844238,0.0,0.0,0.6352581977844238
320,0.256,16,0.672737181186676,0.0,0.0,0.672737181186676
321,0.2568,16,0.6704515218734741,0.0,0.0,0.6704515218734741
322,0.2576,16,0.6298832893371582,0.0,0.0,0.6298832893371582
323,0.2584,16,0.6223604083061218,0.0,0.0,0.6223604083061218
324,0.2592,16,0.650994598865509,0.0,0.0,0.650994598865509
325,0.26,16,0.6551901698112488,0.0,0.0,0.6551901698112488
326,0.2608,16,0.6578279733657837,0.0,0.0,0.6578279733657837
327,0.2616,16,0.7051657438278198,0.0,0.0,0.7051657438278198
328,0.2624,16,0.6726073026657104,0.0,0.0,0.6726073026657104
329,0.2632,16,0.6465870141983032,0.0,0.0,0.6465870141983032
330,0.264,16,0.6659200191497803,0.0,0.0,0.6659200191497803
331,0.2648,16,0.6520577073097229,0.0,0.0,0.6520577073097229
332,0.2656,16,0.6912814974784851,0.0,0.0,0.6912814974784851
333,0.2664,16,0.6467641592025757,0.0,0.0,0.6467641592025757
334,0.2672,16,0.629063606262207,0.0,0.0,0.629063606262207
335,0.268,16,0.7133076190948486,0.0,0.0,0.7133076190948486
336,0.2688,16,0.6670857667922974,0.0,0.0,0.6670857667922974
337,0.2696,16,0.691769540309906,0.0,0.0,0.691769540309906
338,0.2704,16,0.6833525896072388,0.0,0.0,0.6833525896072388
339,0.2712,16,0.6420835256576538,0.0,0.0,0.6420835256576538
340,0.272,16,0.7096413373947144,0.0,0.0,0.7096413373947144
341,0.2728,16,0.6796715259552002,0.0,0.0,0.6796715259552002
342,0.2736,16,0.7332206964492798,0.0,0.0,0.7332206964492798
343,0.2744,16,0.6583142876625061,0.0,0.0,0.6583142876625061
344,0.2752,16,0.6058525443077087,0.0,0.0,0.6058525443077087
345,0.276,16,0.6416350603103638,0.0,0.0,0.6416350603103638
346,0.2768,16,0.6537675261497498,0.0,0.0,0.6537675261497498
347,0.2776,16,0.7170760035514832,0.0,0.0,0.7170760035514832
348,0.2784,16,0.767616868019104,0.0,0.0,0.767616868019104
349,0.2792,16,0.705671489238739,0.0,0.0,0.705671489238739
350,0.28,16,0.6416240930557251,0.0,0.0,0.6416240930557251
351,0.2808,16,0.6579204797744751,0.0,0.0,0.6579204797744751
352,0.2816,16,0.6610777378082275,0.0,0.0,0.6610777378082275
353,0.2824,16,0.6457942724227905,0.0,0.0,0.6457942724227905
354,0.2832,16,0.653722882270813,0.0,0.0,0.653722882270813
355,0.284,16,0.6857911348342896,0.0,0.0,0.6857911348342896
356,0.2848,16,0.6266992092132568,0.0,0.0,0.6266992092132568
357,0.2856,16,0.6520049571990967,0.0,0.0,0.6520049571990967
358,0.2864,16,0.6495320796966553,0.0,0.0,0.6495320796966553
359,0.2872,16,0.6020027995109558,0.0,0.0,0.6020027995109558
360,0.288,16,0.6546177268028259,0.0,0.0,0.6546177268028259
361,0.2888,16,0.6123381853103638,0.0,0.0,0.6123381853103638
362,0.2896,16,0.7375699877738953,0.0,0.0,0.7375699877738953
363,0.2904,16,0.7053652405738831,0.0,0.0,0.7053652405738831
364,0.2912,16,0.6434678435325623,0.0,0.0,0.6434678435325623
365,0.292,16,0.6429210901260376,0.0,0.0,0.6429210901260376
366,0.2928,16,0.6468589305877686,0.0,0.0,0.6468589305877686
367,0.2936,16,0.6618695259094238,0.0,0.0,0.6618695259094238
368,0.2944,16,0.6343356370925903,0.0,0.0,0.6343356370925903
369,0.2952,16,0.7041655778884888,0.0,0.0,0.7041655778884888
370,0.296,16,0.5693116784095764,0.0,0.0,0.5693116784095764
371,0.2968,16,0.6828028559684753,0.0,0.0,0.6828028559684753
372,0.2976,16,0.65659099817276,0.0,0.0,0.65659099817276
373,0.2984,16,0.6179307103157043,0.0,0.0,0.6179307103157043
374,0.2992,16,0.6223857402801514,0.0,0.0,0.6223857402801514
375,0.3,16,0.6075993180274963,0.0,0.0,0.6075993180274963
376,0.3008,16,0.6076778173446655,0.0,0.0,0.6076778173446655
377,0.3016,16,0.6651650667190552,0.0,0.0,0.6651650667190552
378,0.3024,16,0.6681596636772156,0.0,0.0,0.6681596636772156
379,0.3032,16,0.6528371572494507,0.0,0.0,0.6528371572494507
380,0.304,16,0.6452566981315613,0.0,0.0,0.6452566981315613
381,0.3048,16,0.5876942873001099,0.0,0.0,0.5876942873001099
382,0.3056,16,0.6584383845329285,0.0,0.0,0.6584383845329285
383,0.3064,16,0.6014335751533508,0.0,0.0,0.6014335751533508
384,0.3072,16,0.5954946279525757,0.0,0.0,0.5954946279525757
385,0.308,16,0.6537157893180847,0.0,0.0,0.6537157893180847
386,0.3088,16,0.6075191497802734,0.0,0.0,0.6075191497802734
387,0.3096,16,0.6026923060417175,0.0,0.0,0.6026923060417175
388,0.3104,16,0.6087677478790283,0.0,0.0,0.6087677478790283
389,0.3112,16,0.5625394582748413,0.0,0.0,0.5625394582748413
390,0.312,16,0.6199315786361694,0.0,0.0,0.6199315786361694
391,0.3128,16,0.6105396747589111,0.0,0.0,0.6105396747589111
392,0.3136,16,0.5175343751907349,0.0,0.0,0.5175343751907349
393,0.3144,16,0.5919709205627441,0.0,0.0,0.5919709205627441
394,0.3152,16,0.6468063592910767,0.0,0.0,0.6468063592910767
395,0.316,16,0.5858235359191895,0.0,0.0,0.5858235359191895
396,0.3168,16,0.5849138498306274,0.0,0.0,0.5849138498306274
397,0.3176,16,0.5515404939651489,0.0,0.0,0.5515404939651489
398,0.3184,16,0.6342155933380127,0.0,0.0,0.6342155933380127
399,0.3192,16,0.6074539422988892,0.0,0.0,0.6074539422988892
400,0.32,16,0.49599626660346985,0.0,0.0,0.49599626660346985
401,0.3208,16,0.624280571937561,0.0,0.0,0.624280571937561
402,0.3216,16,0.6453081369400024,0.0,0.0,0.6453081369400024
403,0.3224,16,0.6511666178703308,0.0,0.0,0.6511666178703308
404,0.3232,16,0.6112986207008362,0.0,0.0,0.6112986207008362
405,0.324,16,0.7691611051559448,0.0,0.0,0.7691611051559448
406,0.3248,16,0.541928768157959,0.0,0.0,0.541928768157959
407,0.3256,16,0.6993776559829712,0.0,0.0,0.6993776559829712
408,0.3264,16,0.6083155274391174,0.0,0.0,0.6083155274391174
409,0.3272,16,0.6315741539001465,0.0,0.0,0.6315741539001465
410,0.328,16,0.5792644023895264,0.0,0.0,0.5792644023895264
411,0.3288,16,0.5824247598648071,0.0,0.0,0.5824247598648071
412,0.3296,16,0.6632888913154602,0.0,0.0,0.6632888913154602
413,0.3304,16,0.5963292121887207,0.0,0.0,0.5963292121887207
414,0.3312,16,0.5821460485458374,0.0,0.0,0.5821460485458374
415,0.332,16,0.6205836534500122,0.0,0.0,0.6205836534500122
416,0.3328,16,0.701215386390686,0.0,0.0,0.701215386390686
417,0.3336,16,0.5208609700202942,0.0,0.0,0.5208609700202942
418,0.3344,16,0.7018201947212219,0.0,0.0,0.7018201947212219
419,0.3352,16,0.6045922040939331,0.0,0.0,0.6045922040939331
420,0.336,16,0.5993578433990479,0.0,0.0,0.5993578433990479
421,0.3368,16,0.6330538988113403,0.0,0.0,0.6330538988113403
422,0.3376,16,0.5201252698898315,0.0,0.0,0.5201252698898315
423,0.3384,16,0.6249232292175293,0.0,0.0,0.6249232292175293
424,0.3392,16,0.5397699475288391,0.0,0.0,0.5397699475288391
425,0.34,16,0.7028195261955261,0.0,0.0,0.7028195261955261
426,0.3408,16,0.6344810724258423,0.0,0.0,0.6344810724258423
427,0.3416,16,0.48800069093704224,0.0,0.0,0.48800069093704224
428,0.3424,16,0.708146870136261,0.0,0.0,0.708146870136261
429,0.3432,16,0.6013684272766113,0.0,0.0,0.6013684272766113
430,0.344,16,0.7168700695037842,0.0,0.0,0.7168700695037842
431,0.3448,16,0.6072568893432617,0.0,0.0,0.6072568893432617
432,0.3456,16,0.6326870918273926,0.0,0.0,0.6326870918273926
433,0.3464,16,0.602230429649353,0.0,0.0,0.602230429649353
434,0.3472,16,0.5156272649765015,0.0,0.0,0.5156272649765015
435,0.348,16,0.5845209956169128,0.0,0.0,0.5845209956169128
436,0.3488,16,0.5923119783401489,0.0,0.0,0.5923119783401489
437,0.3496,16,0.5638038516044617,0.0,0.0,0.5638038516044617
438,0.3504,16,0.5883130431175232,0.0,0.0,0.5883130431175232
439,0.3512,16,0.5507498979568481,0.0,0.0,0.5507498979568481
440,0.352,16,0.5982246398925781,0.0,0.0,0.5982246398925781
441,0.3528,16,0.4505850672721863,0.0,0.0,0.4505850672721863
442,0.3536,16,0.584327220916748,0.0,0.0,0.584327220916748
443,0.3544,16,0.5695174932479858,0.0,0.0,0.5695174932479858
444,0.3552,16,0.6870985627174377,0.0,0.0,0.6870985627174377
445,0.356,16,0.5679652094841003,0.0,0.0,0.5679652094841003
446,0.3568,16,0.608870267868042,0.0,0.0,0.608870267868042
447,0.3576,16,0.6084474325180054,0.0,0.0,0.6084474325180054
448,0.3584,16,0.5489944219589233,0.0,0.0,0.5489944219589233
449,0.3592,16,0.48281311988830566,0.0,0.0,0.48281311988830566
450,0.36,16,0.3810656666755676,0.0,0.0,0.3810656666755676
451,0.3608,16,0.5954686403274536,0.0,0.0,0.5954686403274536
452,0.3616,16,0.4997028112411499,0.0,0.0,0.4997028112411499
453,0.3624,16,0.6400107741355896,0.0,0.0,0.6400107741355896
454,0.3632,16,0.5171169638633728,0.0,0.0,0.5171169638633728
455,0.364,16,0.33369067311286926,0.0,0.0,0.33369067311286926
456,0.3648,16,0.5456993579864502,0.0,0.0,0.5456993579864502
457,0.3656,16,0.6377971172332764,0.0,0.0,0.6377971172332764
458,0.3664,16,0.6137659549713135,0.0,0.0,0.6137659549713135
459,0.3672,16,0.5350344777107239,0.0,0.0,0.5350344777107239
460,0.368,16,0.5582218170166016,0.0,0.0,0.5582218170166016
461,0.3688,16,0.45436424016952515,0.0,0.0,0.45436424016952515
462,0.3696,16,0.5697482824325562,0.0,0.0,0.5697482824325562
463,0.3704,16,0.5894864797592163,0.0,0.0,0.5894864797592163
464,0.3712,16,0.5249426364898682,0.0,0.0,0.5249426364898682
465,0.372,16,0.5783753991127014,0.0,0.0,0.5783753991127014
466,0.3728,16,0.54268479347229,0.0,0.0,0.54268479347229
467,0.3736,16,0.44548842310905457,0.0,0.0,0.44548842310905457
468,0.3744,16,0.5787613391876221,0.0,0.0,0.5787613391876221
469,0.3752,16,0.47052001953125,0.0,0.0,0.47052001953125
470,0.376,16,0.524167537689209,0.0,0.0,0.524167537689209
471,0.3768,16,0.5712693929672241,0.0,0.0,0.5712693929672241
472,0.3776,16,0.5020973086357117,0.0,0.0,0.5020973086357117
473,0.3784,16,0.6762852668762207,0.0,0.0,0.6762852668762207
474,0.3792,16,0.5732794404029846,0.0,0.0,0.5732794404029846
475,0.38,16,0.4996630847454071,0.0,0.0,0.4996630847454071
476,0.3808,16,0.650633692741394,0.0,0.0,0.650633692741394
477,0.3816,16,0.601078987121582,0.0,0.0,0.601078987121582
478,0.3824,16,0.44552338123321533,0.0,0.0,0.44552338123321533
479,0.3832,16,0.47164186835289,0.0,0.0,0.47164186835289
480,0.384,16,0.6193245649337769,0.0,0.0,0.6193245649337769
481,0.3848,16,0.5716683268547058,0.0,0.0,0.5716683268547058
482,0.3856,16,0.41267189383506775,0.0,0.0,0.41267189383506775
483,0.3864,16,0.5924920439720154,0.0,0.0,0.5924920439720154
484,0.3872,16,0.5773833990097046,0.0,0.0,0.5773833990097046
485,0.388,16,0.4263821840286255,0.0,0.0,0.4263821840286255
486,0.3888,16,0.3420547842979431,0.0,0.0,0.3420547842979431
487,0.3896,16,0.566531777381897,0.0,0.0,0.566531777381897
488,0.3904,16,0.44532954692840576,0.0,0.0,0.44532954692840576
489,0.3912,16,0.41128379106521606,0.0,0.0,0.41128379106521606
490,0.392,16,0.4412516951560974,0.0,0.0,0.4412516951560974
491,0.3928,16,0.537414014339447,0.0,0.0,0.537414014339447
492,0.3936,16,0.5753809809684753,0.0,0.0,0.5753809809684753
493,0.3944,16,0.824213981628418,0.0,0.0,0.824213981628418
494,0.3952,16,0.49971288442611694,0.0,0.0,0.49971288442611694
495,0.396,16,0.6448492407798767,0.0,0.0,0.6448492407798767
496,0.3968,16,0.5537503957748413,0.0,0.0,0.5537503957748413
497,0.3976,16,0.502528727054596,0.0,0.0,0.502528727054596
498,0.3984,16,0.5559966564178467,0.0,0.0,0.5559966564178467
499,0.3992,16,0.6670932173728943,0.0,0.0,0.6670932173728943
500,0.4,16,0.5167155265808105,0.0,0.0,0.5167155265808105
501,0.4008,16,0.5538032054901123,0.0,0.0,0.5538032054901123
502,0.4016,16,0.5048062801361084,0.0,0.0,0.5048062801361084
503,0.4024,16,0.5723931789398193,0.0,0.0,0.5723931789398193
504,0.4032,16,0.642580509185791,0.0,0.0,0.642580509185791
505,0.404,16,0.5123562812805176,0.0,0.0,0.5123562812805176
506,0.4048,16,0.4719645380973816,0.0,0.0,0.4719645380973816
507,0.4056,16,0.5241026282310486,0.0,0.0,0.5241026282310486
508,0.4064,16,0.5603200793266296,0.0,0.0,0.5603200793266296
509,0.4072,16,0.5643231868743896,0.0,0.0,0.5643231868743896
510,0.408,16,0.7033186554908752,0.0,0.0,0.7033186554908752
511,0.4088,16,0.5659409761428833,0.0,0.0,0.5659409761428833
512,0.4096,16,0.3121655285358429,0.0,0.0,0.3121655285358429
513,0.4104,16,0.46152135729789734,0.0,0.0,0.46152135729789734
514,0.4112,16,0.34573549032211304,0.0,0.0,0.34573549032211304
515,0.412,16,0.5059400200843811,0.0,0.0,0.5059400200843811
516,0.4128,16,0.4748947322368622,0.0,0.0,0.4748947322368622
517,0.4136,16,0.38072192668914795,0.0,0.0,0.38072192668914795
518,0.4144,16,0.5550682544708252,0.0,0.0,0.5550682544708252
519,0.4152,16,0.6607683300971985,0.0,0.0,0.6607683300971985
520,0.416,16,0.6514328718185425,0.0,0.0,0.6514328718185425
521,0.4168,16,0.690967321395874,0.0,0.0,0.690967321395874
522,0.4176,16,0.3348531126976013,0.0,0.0,0.3348531126976013
523,0.4184,16,0.4528888463973999,0.0,0.0,0.4528888463973999
524,0.4192,16,0.5155589580535889,0.0,0.0,0.5155589580535889
525,0.42,16,0.31457826495170593,0.0,0.0,0.31457826495170593
526,0.4208,16,0.6177573204040527,0.0,0.0,0.6177573204040527
527,0.4216,16,0.3485679626464844,0.0,0.0,0.3485679626464844
528,0.4224,16,0.5241765975952148,0.0,0.0,0.5241765975952148
529,0.4232,16,0.45935916900634766,0.0,0.0,0.45935916900634766
530,0.424,16,0.5603495240211487,0.0,0.0,0.5603495240211487
531,0.4248,16,0.45210009813308716,0.0,0.0,0.45210009813308716
532,0.4256,16,0.4361235499382019,0.0,0.0,0.4361235499382019
533,0.4264,16,0.5652986764907837,0.0,0.0,0.5652986764907837
534,0.4272,16,0.3646373748779297,0.0,0.0,0.3646373748779297
535,0.428,16,0.38179367780685425,0.0,0.0,0.38179367780685425
536,0.4288,16,0.5095937252044678,0.0,0.0,0.5095937252044678
537,0.4296,16,0.45153099298477173,0.0,0.0,0.45153099298477173
538,0.4304,16,0.3785412311553955,0.0,0.0,0.3785412311553955
539,0.4312,16,0.39848780632019043,0.0,0.0,0.39848780632019043
540,0.432,16,0.4178694784641266,0.0,0.0,0.4178694784641266
541,0.4328,16,0.34051772952079773,0.0,0.0,0.34051772952079773
542,0.4336,16,0.36496949195861816,0.0,0.0,0.36496949195861816
543,0.4344,16,0.3914431929588318,0.0,0.0,0.3914431929588318
544,0.4352,16,0.44962456822395325,0.0,0.0,0.44962456822395325
545,0.436,16,0.5006292462348938,0.0,0.0,0.5006292462348938
546,0.4368,16,0.25936928391456604,0.0,0.0,0.25936928391456604
547,0.4376,16,0.5690507888793945,0.0,0.0,0.5690507888793945
548,0.4384,16,0.4773064851760864,0.0,0.0,0.4773064851760864
549,0.4392,16,0.6212068796157837,0.0,0.0,0.6212068796157837
550,0.44,16,0.5968043208122253,0.0,0.0,0.5968043208122253
551,0.4408,16,0.3821745812892914,0.0,0.0,0.3821745812892914
552,0.4416,16,0.34438270330429077,0.0,0.0,0.34438270330429077
553,0.4424,16,0.3545336425304413,0.0,0.0,0.3545336425304413
554,0.4432,16,0.36297327280044556,0.0,0.0,0.36297327280044556
555,0.444,16,0.46069270372390747,0.0,0.0,0.46069270372390747
556,0.4448,16,0.43366900086402893,0.0,0.0,0.43366900086402893
557,0.4456,16,0.4088955819606781,0.0,0.0,0.4088955819606781
558,0.4464,16,0.38609492778778076,0.0,0.0,0.38609492778778076
559,0.4472,16,0.25005894899368286,0.0,0.0,0.25005894899368286
560,0.448,16,0.45040053129196167,0.0,0.0,0.45040053129196167
561,0.4488,16,0.38096725940704346,0.0,0.0,0.38096725940704346
562,0.4496,16,0.2865065336227417,0.0,0.0,0.2865065336227417
563,0.4504,16,0.266834020614624,0.0,0.0,0.266834020614624
564,0.4512,16,0.6749496459960938,0.0,0.0,0.6749496459960938
565,0.452,16,0.25945213437080383,0.0,0.0,0.25945213437080383
566,0.4528,16,0.28362181782722473,0.0,0.0,0.28362181782722473
567,0.4536,16,0.31528031826019287,0.0,0.0,0.31528031826019287
568,0.4544,16,0.2277851551771164,0.0,0.0,0.2277851551771164
569,0.4552,16,0.4665840268135071,0.0,0.0,0.4665840268135071
570,0.456,16,0.17627498507499695,0.0,0.0,0.17627498507499695
571,0.4568,16,0.5509191155433655,0.0,0.0,0.5509191155433655
572,0.4576,16,0.3120906949043274,0.0,0.0,0.3120906949043274
573,0.4584,16,0.5932837724685669,0.0,0.0,0.5932837724685669
574,0.4592,16,0.48521605134010315,0.0,0.0,0.48521605134010315
575,0.46,16,0.25873780250549316,0.0,0.0,0.25873780250549316
576,0.4608,16,0.36638450622558594,0.0,0.0,0.36638450622558594
577,0.4616,16,0.5104764699935913,0.0,0.0,0.5104764699935913
578,0.4624,16,0.6257953643798828,0.0,0.0,0.6257953643798828
579,0.4632,16,0.5942140221595764,0.0,0.0,0.5942140221595764
580,0.464,16,0.34469449520111084,0.0,0.0,0.34469449520111084
581,0.4648,16,0.5299484729766846,0.0,0.0,0.5299484729766846
582,0.4656,16,0.5790573954582214,0.0,0.0,0.5790573954582214
583,0.4664,16,0.35642462968826294,0.0,0.0,0.35642462968826294
584,0.4672,16,0.4109783172607422,0.0,0.0,0.4109783172607422
585,0.468,16,0.4646076560020447,0.0,0.0,0.4646076560020447
586,0.4688,16,0.4736045300960541,0.0,0.0,0.4736045300960541
587,0.4696,16,0.4747779369354248,0.0,0.0,0.4747779369354248
588,0.4704,16,0.30135202407836914,0.0,0.0,0.30135202407836914
589,0.4712,16,0.4106419086456299,0.0,0.0,0.4106419086456299
590,0.472,16,0.35061168670654297,0.0,0.0,0.35061168670654297
591,0.4728,16,0.4128747284412384,0.0,0.0,0.4128747284412384
592,0.4736,16,0.2519500255584717,0.0,0.0,0.2519500255584717
593,0.4744,16,0.4609902799129486,0.0,0.0,0.4609902799129486
594,0.4752,16,0.4561701714992523,0.0,0.0,0.4561701714992523
595,0.476,16,0.5820069313049316,0.0,0.0,0.5820069313049316
596,0.4768,16,0.4223526418209076,0.0,0.0,0.4223526418209076
597,0.4776,16,0.22012275457382202,0.0,0.0,0.22012275457382202
598,0.4784,16,0.36681175231933594,0.0,0.0,0.36681175231933594
599,0.4792,16,0.35692042112350464,0.0,0.0,0.35692042112350464
600,0.48,16,0.2378852218389511,0.0,0.0,0.2378852218389511
601,0.4808,16,0.35754814743995667,0.0,0.0,0.35754814743995667
602,0.4816,16,0.3287193775177002,0.0,0.0,0.3287193775177002
603,0.4824,16,0.5332439541816711,0.0,0.0,0.5332439541816711
604,0.4832,16,0.3356547951698303,0.0,0.0,0.3356547951698303
605,0.484,16,0.7433100342750549,0.0,0.0,0.7433100342750549
606,0.4848,16,0.3361056447029114,0.0,0.0,0.3361056447029114
607,0.4856,16,0.18034052848815918,0.0,0.0,0.18034052848815918
608,0.4864,16,0.5028774738311768,0.0,0.0,0.5028774738311768
609,0.4872,16,0.3694930672645569,0.0,0.0,0.3694930672645569
610,0.488,16,0.5002105236053467,0.0,0.0,0.5002105236053467
611,0.4888,16,0.31885719299316406,0.0,0.0,0.31885719299316406
612,0.4896,16,0.13249196112155914,0.0,0.0,0.13249196112155914
613,0.4904,16,0.3795349597930908,0.0,0.0,0.3795349597930908
614,0.4912,16,0.35300883650779724,0.0,0.0,0.35300883650779724
615,0.492,16,0.18675068020820618,0.0,0.0,0.18675068020820618
616,0.4928,16,0.5733942985534668,0.0,0.0,0.5733942985534668
617,0.4936,16,0.46375101804733276,0.0,0.0,0.46375101804733276
618,0.4944,16,0.395268976688385,0.0,0.0,0.395268976688385
619,0.4952,16,0.5395064353942871,0.0,0.0,0.5395064353942871
620,0.496,16,0.3630511164665222,0.0,0.0,0.3630511164665222
621,0.4968,16,0.5217635631561279,0.0,0.0,0.5217635631561279
622,0.4976,16,0.42638859152793884,0.0,0.0,0.42638859152793884
623,0.4984,16,0.43035179376602173,0.0,0.0,0.43035179376602173
624,0.4992,16,0.4513351619243622,0.0,0.0,0.4513351619243622
625,0.5,16,0.43046388030052185,0.0,0.0,0.43046388030052185
626,0.5008,16,0.34161990880966187,0.0,0.0,0.34161990880966187
627,0.5016,16,0.25998184084892273,0.0,0.0,0.25998184084892273
628,0.5024,16,0.4326119124889374,0.0,0.0,0.4326119124889374
629,0.5032,16,0.22983615100383759,0.0,0.0,0.22983615100383759
630,0.504,16,0.5070754289627075,0.0,0.0,0.5070754289627075
631,0.5048,16,0.3548283576965332,0.0,0.0,0.3548283576965332
632,0.5056,16,0.49753499031066895,0.0,0.0,0.49753499031066895
633,0.5064,16,0.4285956919193268,0.0,0.0,0.4285956919193268
634,0.5072,16,0.40163183212280273,0.0,0.0,0.40163183212280273
635,0.508,16,0.33914440870285034,0.0,0.0,0.33914440870285034
636,0.5088,16,0.38926810026168823,0.0,0.0,0.38926810026168823
637,0.5096,16,0.5699129104614258,0.0,0.0,0.5699129104614258
638,0.5104,16,0.24283114075660706,0.0,0.0,0.24283114075660706
639,0.5112,16,0.23289695382118225,0.0,0.0,0.23289695382118225
640,0.512,16,0.2272346168756485,0.0,0.0,0.2272346168756485
641,0.5128,16,0.30004194378852844,0.0,0.0,0.30004194378852844
642,0.5136,16,0.3476666808128357,0.0,0.0,0.3476666808128357
643,0.5144,16,0.19671660661697388,0.0,0.0,0.19671660661697388
644,0.5152,16,0.2609837055206299,0.0,0.0,0.2609837055206299
645,0.516,16,0.26430201530456543,0.0,0.0,0.26430201530456543
646,0.5168,16,0.538813591003418,0.0,0.0,0.538813591003418
647,0.5176,16,0.3823789358139038,0.0,0.0,0.3823789358139038
648,0.5184,16,0.38158687949180603,0.0,0.0,0.38158687949180603
649,0.5192,16,0.21787098050117493,0.0,0.0,0.21787098050117493
650,0.52,16,0.17224568128585815,0.0,0.0,0.17224568128585815
651,0.5208,16,0.4823923408985138,0.0,0.0,0.4823923408985138
652,0.5216,16,0.5597272515296936,0.0,0.0,0.5597272515296936
653,0.5224,16,0.7233089208602905,0.0,0.0,0.7233089208602905
654,0.5232,16,0.8257132768630981,0.0,0.0,0.8257132768630981
655,0.524,16,0.4306739866733551,0.0,0.0,0.4306739866733551
656,0.5248,16,0.4071968197822571,0.0,0.0,0.4071968197822571
657,0.5256,16,0.692621111869812,0.0,0.0,0.692621111869812
658,0.5264,16,0.3567492961883545,0.0,0.0,0.3567492961883545
659,0.5272,16,0.329379141330719,0.0,0.0,0.329379141330719
660,0.528,16,0.2027748078107834,0.0,0.0,0.2027748078107834
661,0.5288,16,0.4265850782394409,0.0,0.0,0.4265850782394409
662,0.5296,16,0.35275453329086304,0.0,0.0,0.35275453329086304
663,0.5304,16,0.3046979606151581,0.0,0.0,0.3046979606151581
664,0.5312,16,0.61704421043396,0.0,0.0,0.61704421043396
665,0.532,16,0.36426252126693726,0.0,0.0,0.36426252126693726
666,0.5328,16,0.40040257573127747,0.0,0.0,0.40040257573127747
667,0.5336,16,0.17747175693511963,0.0,0.0,0.17747175693511963
668,0.5344,16,0.23810556530952454,0.0,0.0,0.23810556530952454
669,0.5352,16,0.2828214466571808,0.0,0.0,0.2828214466571808
670,0.536,16,0.42767971754074097,0.0,0.0,0.42767971754074097
671,0.5368,16,0.28838491439819336,0.0,0.0,0.28838491439819336
672,0.5376,16,0.3574075698852539,0.0,0.0,0.3574075698852539
673,0.5384,16,0.4939001202583313,0.0,0.0,0.4939001202583313
674,0.5392,16,0.1552358865737915,0.0,0.0,0.1552358865737915
675,0.54,16,0.1864025890827179,0.0,0.0,0.1864025890827179
676,0.5408,16,0.4773550033569336,0.0,0.0,0.4773550033569336
677,0.5416,16,0.40178850293159485,0.0,0.0,0.40178850293159485
678,0.5424,16,0.28785082697868347,0.0,0.0,0.28785082697868347
679,0.5432,16,0.45964598655700684,0.0,0.0,0.45964598655700684
680,0.544,16,0.3813076913356781,0.0,0.0,0.3813076913356781
681,0.5448,16,0.2949782609939575,0.0,0.0,0.2949782609939575
682,0.5456,16,0.4661997854709625,0.0,0.0,0.4661997854709625
683,0.5464,16,0.26327258348464966,0.0,0.0,0.26327258348464966
684,0.5472,16,0.6753742098808289,0.0,0.0,0.6753742098808289
685,0.548,16,0.3989279866218567,0.0,0.0,0.3989279866218567
686,0.5488,16,0.2732977271080017,0.0,0.0,0.2732977271080017
687,0.5496,16,0.4537178575992584,0.0,0.0,0.4537178575992584
688,0.5504,16,0.3020651936531067,0.0,0.0,0.3020651936531067
689,0.5512,16,0.25805091857910156,0.0,0.0,0.25805091857910156
690,0.552,16,0.2834434509277344,0.0,0.0,0.2834434509277344
691,0.5528,16,0.20307090878486633,0.0,0.0,0.20307090878486633
692,0.5536,16,0.15621225535869598,0.0,0.0,0.15621225535869598
693,0.5544,16,0.2152222990989685,0.0,0.0,0.2152222990989685
694,0.5552,16,0.6586735248565674,0.0,0.0,0.6586735248565674
695,0.556,16,0.3967604637145996,0.0,0.0,0.3967604637145996
696,0.5568,16,0.16846345365047455,0.0,0.0,0.16846345365047455
697,0.5576,16,0.2667933404445648,0.0,0.0,0.2667933404445648
698,0.5584,16,0.42781081795692444,0.0,0.0,0.42781081795692444
699,0.5592,16,0.23509877920150757,0.0,0.0,0.23509877920150757
700,0.56,16,0.23388519883155823,0.0,0.0,0.23388519883155823
701,0.5608,16,0.49518245458602905,0.0,0.0,0.49518245458602905
702,0.5616,16,0.37084251642227173,0.0,0.0,0.37084251642227173
703,0.5624,16,0.31621497869491577,0.0,0.0,0.31621497869491577
704,0.5632,16,0.33340346813201904,0.0,0.0,0.33340346813201904
705,0.564,16,0.4019394516944885,0.0,0.0,0.4019394516944885
706,0.5648,16,0.2123507857322693,0.0,0.0,0.2123507857322693
707,0.5656,16,0.6026559472084045,0.0,0.0,0.6026559472084045
708,0.5664,16,0.2964012026786804,0.0,0.0,0.2964012026786804
709,0.5672,16,0.19053584337234497,0.0,0.0,0.19053584337234497
710,0.568,16,0.4270247220993042,0.0,0.0,0.4270247220993042
711,0.5688,16,0.1985740214586258,0.0,0.0,0.1985740214586258
712,0.5696,16,0.2762210965156555,0.0,0.0,0.2762210965156555
713,0.5704,16,0.8472051620483398,0.0,0.0,0.8472051620483398
714,0.5712,16,0.3636414408683777,0.0,0.0,0.3636414408683777
715,0.572,16,0.34469127655029297,0.0,0.0,0.34469127655029297
716,0.5728,16,0.40970104932785034,0.0,0.0,0.40970104932785034
717,0.5736,16,0.3737216591835022,0.0,0.0,0.3737216591835022
718,0.5744,16,0.31839314103126526,0.0,0.0,0.31839314103126526
719,0.5752,16,0.5281280279159546,0.0,0.0,0.5281280279159546
720,0.576,16,0.3169829249382019,0.0,0.0,0.3169829249382019
721,0.5768,16,0.22580793499946594,0.0,0.0,0.22580793499946594
722,0.5776,16,0.6976087093353271,0.0,0.0,0.6976087093353271
723,0.5784,16,0.22054515779018402,0.0,0.0,0.22054515779018402
724,0.5792,16,0.39127230644226074,0.0,0.0,0.39127230644226074
725,0.58,16,0.3688356578350067,0.0,0.0,0.3688356578350067
726,0.5808,16,0.3203256130218506,0.0,0.0,0.3203256130218506
727,0.5816,16,0.6495958566665649,0.0,0.0,0.6495958566665649
728,0.5824,16,0.36592748761177063,0.0,0.0,0.36592748761177063
729,0.5832,16,0.3294612169265747,0.0,0.0,0.3294612169265747
730,0.584,16,0.18116654455661774,0.0,0.0,0.18116654455661774
731,0.5848,16,0.37026429176330566,0.0,0.0,0.37026429176330566
732,0.5856,16,0.36227497458457947,0.0,0.0,0.36227497458457947
733,0.5864,16,0.1315944939851761,0.0,0.0,0.1315944939851761
734,0.5872,16,0.3984498381614685,0.0,0.0,0.3984498381614685
735,0.588,16,0.21474020183086395,0.0,0.0,0.21474020183086395
736,0.5888,16,0.26552462577819824,0.0,0.0,0.26552462577819824
737,0.5896,16,0.18737784028053284,0.0,0.0,0.18737784028053284
738,0.5904,16,0.45939913392066956,0.0,0.0,0.45939913392066956
739,0.5912,16,0.2669558823108673,0.0,0.0,0.2669558823108673
740,0.592,16,0.28929921984672546,0.0,0.0,0.28929921984672546
741,0.5928,16,0.4370175302028656,0.0,0.0,0.4370175302028656
742,0.5936,16,0.4951026439666748,0.0,0.0,0.4951026439666748
743,0.5944,16,0.5274348258972168,0.0,0.0,0.5274348258972168
744,0.5952,16,0.2782241702079773,0.0,0.0,0.2782241702079773
745,0.596,16,0.42559415102005005,0.0,0.0,0.42559415102005005
746,0.5968,16,0.4290435314178467,0.0,0.0,0.4290435314178467
747,0.5976,16,0.4703633189201355,0.0,0.0,0.4703633189201355
748,0.5984,16,0.3340955376625061,0.0,0.0,0.3340955376625061
749,0.5992,16,0.26506921648979187,0.0,0.0,0.26506921648979187
750,0.6,16,0.7746638655662537,0.0,0.0,0.7746638655662537
751,0.6008,16,0.1635732650756836,0.0,0.0,0.1635732650756836
752,0.6016,16,0.23885709047317505,0.0,0.0,0.23885709047317505
753,0.6024,16,0.396429181098938,0.0,0.0,0.396429181098938
754,0.6032,16,0.5069631338119507,0.0,0.0,0.5069631338119507
755,0.604,16,0.4797128438949585,0.0,0.0,0.4797128438949585
756,0.6048,16,0.2999435365200043,0.0,0.0,0.2999435365200043
757,0.6056,16,0.5483921766281128,0.0,0.0,0.5483921766281128
758,0.6064,16,0.3195822834968567,0.0,0.0,0.3195822834968567
759,0.6072,16,0.3932861089706421,0.0,0.0,0.3932861089706421
760,0.608,16,0.26758599281311035,0.0,0.0,0.26758599281311035
761,0.6088,16,0.4385363459587097,0.0,0.0,0.4385363459587097
762,0.6096,16,0.3899533748626709,0.0,0.0,0.3899533748626709
763,0.6104,16,0.3743956685066223,0.0,0.0,0.3743956685066223
764,0.6112,16,0.2642718553543091,0.0,0.0,0.2642718553543091
765,0.612,16,0.12135860323905945,0.0,0.0,0.12135860323905945
766,0.6128,16,0.3493642807006836,0.0,0.0,0.3493642807006836
767,0.6136,16,0.5858471989631653,0.0,0.0,0.5858471989631653
768,0.6144,16,0.6253911256790161,0.0,0.0,0.6253911256790161
769,0.6152,16,0.5723266005516052,0.0,0.0,0.5723266005516052
770,0.616,16,0.32446563243865967,0.0,0.0,0.32446563243865967
771,0.6168,16,0.3818996250629425,0.0,0.0,0.3818996250629425
772,0.6176,16,0.1407683938741684,0.0,0.0,0.1407683938741684
773,0.6184,16,0.40164825320243835,0.0,0.0,0.40164825320243835
774,0.6192,16,0.6178839206695557,0.0,0.0,0.6178839206695557
775,0.62,16,0.2210235297679901,0.0,0.0,0.2210235297679901
776,0.6208,16,0.25795361399650574,0.0,0.0,0.25795361399650574
777,0.6216,16,0.5405661463737488,0.0,0.0,0.5405661463737488
778,0.6224,16,0.47346264123916626,0.0,0.0,0.47346264123916626
779,0.6232,16,0.5370014905929565,0.0,0.0,0.5370014905929565
780,0.624,16,0.20257213711738586,0.0,0.0,0.20257213711738586
781,0.6248,16,0.38807225227355957,0.0,0.0,0.38807225227355957
782,0.6256,16,0.37983161211013794,0.0,0.0,0.37983161211013794
783,0.6264,16,0.3318522572517395,0.0,0.0,0.3318522572517395
784,0.6272,16,0.39911124110221863,0.0,0.0,0.39911124110221863
785,0.628,16,0.4067346155643463,0.0,0.0,0.4067346155643463
786,0.6288,16,0.10535240918397903,0.0,0.0,0.10535240918397903
787,0.6296,16,0.43782737851142883,0.0,0.0,0.43782737851142883
788,0.6304,16,0.41621166467666626,0.0,0.0,0.41621166467666626
789,0.6312,16,0.35753393173217773,0.0,0.0,0.35753393173217773
790,0.632,16,0.48596909642219543,0.0,0.0,0.48596909642219543
791,0.6328,16,0.4525110721588135,0.0,0.0,0.4525110721588135
792,0.6336,16,0.31066128611564636,0.0,0.0,0.31066128611564636
793,0.6344,16,0.3042041063308716,0.0,0.0,0.3042041063308716
794,0.6352,16,0.9704567193984985,0.0,0.0,0.9704567193984985
795,0.636,16,0.21823173761367798,0.0,0.0,0.21823173761367798
796,0.6368,16,0.37324362993240356,0.0,0.0,0.37324362993240356
797,0.6376,16,0.34461474418640137,0.0,0.0,0.34461474418640137
798,0.6384,16,0.39017564058303833,0.0,0.0,0.39017564058303833
799,0.6392,16,0.17350918054580688,0.0,0.0,0.17350918054580688
800,0.64,16,0.67292320728302,0.0,0.0,0.67292320728302
801,0.6408,16,0.33409446477890015,0.0,0.0,0.33409446477890015
802,0.6416,16,0.19478832185268402,0.0,0.0,0.19478832185268402
803,0.6424,16,0.21576815843582153,0.0,0.0,0.21576815843582153
804,0.6432,16,0.2763199806213379,0.0,0.0,0.2763199806213379
805,0.644,16,0.2796006202697754,0.0,0.0,0.2796006202697754
806,0.6448,16,0.253044992685318,0.0,0.0,0.253044992685318
807,0.6456,16,0.26587018370628357,0.0,0.0,0.26587018370628357
808,0.6464,16,0.5468649864196777,0.0,0.0,0.5468649864196777
809,0.6472,16,0.33351489901542664,0.0,0.0,0.33351489901542664
810,0.648,16,0.3295406401157379,0.0,0.0,0.3295406401157379
811,0.6488,16,0.32377636432647705,0.0,0.0,0.32377636432647705
812,0.6496,16,0.21428561210632324,0.0,0.0,0.21428561210632324
813,0.6504,16,0.377705454826355,0.0,0.0,0.377705454826355
814,0.6512,16,0.6131935119628906,0.0,0.0,0.6131935119628906
815,0.652,16,0.296497642993927,0.0,0.0,0.296497642993927
816,0.6528,16,0.32746621966362,0.0,0.0,0.32746621966362
817,0.6536,16,0.21534264087677002,0.0,0.0,0.21534264087677002
818,0.6544,16,0.43560606241226196,0.0,0.0,0.43560606241226196
819,0.6552,16,0.5359220504760742,0.0,0.0,0.5359220504760742
820,0.656,16,0.15549412369728088,0.0,0.0,0.15549412369728088
821,0.6568,16,0.2521046996116638,0.0,0.0,0.2521046996116638
822,0.6576,16,0.344594806432724,0.0,0.0,0.344594806432724
823,0.6584,16,0.4484846889972687,0.0,0.0,0.4484846889972687
824,0.6592,16,0.2594534456729889,0.0,0.0,0.2594534456729889
825,0.66,16,0.34695202112197876,0.0,0.0,0.34695202112197876
826,0.6608,16,0.17758651077747345,0.0,0.0,0.17758651077747345
827,0.6616,16,0.5246853828430176,0.0,0.0,0.5246853828430176
828,0.6624,16,0.298633337020874,0.0,0.0,0.298633337020874
829,0.6632,16,0.3608740568161011,0.0,0.0,0.3608740568161011
830,0.664,16,0.43152397871017456,0.0,0.0,0.43152397871017456
831,0.6648,16,0.40453749895095825,0.0,0.0,0.40453749895095825
832,0.6656,16,0.16875804960727692,0.0,0.0,0.16875804960727692
833,0.6664,16,0.3201688528060913,0.0,0.0,0.3201688528060913
834,0.6672,16,0.1823352873325348,0.0,0.0,0.1823352873325348
835,0.668,16,0.4243236780166626,0.0,0.0,0.4243236780166626
836,0.6688,16,0.7777953147888184,0.0,0.0,0.7777953147888184
837,0.6696,16,0.7261008024215698,0.0,0.0,0.7261008024215698
838,0.6704,16,0.4337681829929352,0.0,0.0,0.4337681829929352
839,0.6712,16,0.2733113765716553,0.0,0.0,0.2733113765716553
840,0.672,16,0.6121481657028198,0.0,0.0,0.6121481657028198
841,0.6728,16,0.38592395186424255,0.0,0.0,0.38592395186424255
842,0.6736,16,0.5051717162132263,0.0,0.0,0.5051717162132263
843,0.6744,16,0.31867289543151855,0.0,0.0,0.31867289543151855
844,0.6752,16,0.16026881337165833,0.0,0.0,0.16026881337165833
845,0.676,16,0.3145328760147095,0.0,0.0,0.3145328760147095
846,0.6768,16,0.23193331062793732,0.0,0.0,0.23193331062793732
847,0.6776,16,0.6605963706970215,0.0,0.0,0.6605963706970215
848,0.6784,16,0.538601279258728,0.0,0.0,0.538601279258728
849,0.6792,16,0.5078691840171814,0.0,0.0,0.5078691840171814
850,0.68,16,0.35891908407211304,0.0,0.0,0.35891908407211304
851,0.6808,16,0.17625266313552856,0.0,0.0,0.17625266313552856
852,0.6816,16,0.6753158569335938,0.0,0.0,0.6753158569335938
853,0.6824,16,0.31837332248687744,0.0,0.0,0.31837332248687744
854,0.6832,16,0.4018499553203583,0.0,0.0,0.4018499553203583
855,0.684,16,0.43948647379875183,0.0,0.0,0.43948647379875183
856,0.6848,16,0.22861286997795105,0.0,0.0,0.22861286997795105
857,0.6856,16,0.25084298849105835,0.0,0.0,0.25084298849105835
858,0.6864,16,0.32224804162979126,0.0,0.0,0.32224804162979126
859,0.6872,16,0.1629468947649002,0.0,0.0,0.1629468947649002
860,0.688,16,0.4450688362121582,0.0,0.0,0.4450688362121582
861,0.6888,16,0.40103524923324585,0.0,0.0,0.40103524923324585
862,0.6896,16,0.5463131666183472,0.0,0.0,0.5463131666183472
863,0.6904,16,0.3754476308822632,0.0,0.0,0.3754476308822632
864,0.6912,16,0.2844373881816864,0.0,0.0,0.2844373881816864
865,0.692,16,0.4519032835960388,0.0,0.0,0.4519032835960388
866,0.6928,16,0.236759752035141,0.0,0.0,0.236759752035141
867,0.6936,16,0.1200713962316513,0.0,0.0,0.1200713962316513
868,0.6944,16,0.232573002576828,0.0,0.0,0.232573002576828
869,0.6952,16,0.33677971363067627,0.0,0.0,0.33677971363067627
870,0.696,16,0.634392261505127,0.0,0.0,0.634392261505127
871,0.6968,16,0.41491085290908813,0.0,0.0,0.41491085290908813
872,0.6976,16,0.5004678964614868,0.0,0.0,0.5004678964614868
873,0.6984,16,0.41672033071517944,0.0,0.0,0.41672033071517944
874,0.6992,16,0.3825463652610779,0.0,0.0,0.3825463652610779
875,0.7,16,0.31731078028678894,0.0,0.0,0.31731078028678894
876,0.7008,16,0.40416163206100464,0.0,0.0,0.40416163206100464
877,0.7016,16,0.41128331422805786,0.0,0.0,0.41128331422805786
878,0.7024,16,0.2371089607477188,0.0,0.0,0.2371089607477188
879,0.7032,16,0.4764168858528137,0.0,0.0,0.4764168858528137
880,0.704,16,0.3961939811706543,0.0,0.0,0.3961939811706543
881,0.7048,16,0.31586989760398865,0.0,0.0,0.31586989760398865
882,0.7056,16,0.37333375215530396,0.0,0.0,0.37333375215530396
883,0.7064,16,0.28023651242256165,0.0,0.0,0.28023651242256165
884,0.7072,16,0.3898778557777405,0.0,0.0,0.3898778557777405
885,0.708,16,0.5286859273910522,0.0,0.0,0.5286859273910522
886,0.7088,16,0.446998655796051,0.0,0.0,0.446998655796051
887,0.7096,16,0.39045602083206177,0.0,0.0,0.39045602083206177
888,0.7104,16,0.1815422773361206,0.0,0.0,0.1815422773361206
889,0.7112,16,0.39881646633148193,0.0,0.0,0.39881646633148193
890,0.712,16,0.3937060832977295,0.0,0.0,0.3937060832977295
891,0.7128,16,0.2733868360519409,0.0,0.0,0.2733868360519409
892,0.7136,16,0.4183153510093689,0.0,0.0,0.4183153510093689
893,0.7144,16,0.3178778886795044,0.0,0.0,0.3178778886795044
894,0.7152,16,0.47159814834594727,0.0,0.0,0.47159814834594727
895,0.716,16,0.4407026171684265,0.0,0.0,0.4407026171684265
896,0.7168,16,0.30675795674324036,0.0,0.0,0.30675795674324036
897,0.7176,16,0.4524620473384857,0.0,0.0,0.4524620473384857
898,0.7184,16,0.5140849351882935,0.0,0.0,0.5140849351882935
899,0.7192,16,0.14596238732337952,0.0,0.0,0.14596238732337952
900,0.72,16,0.12192066013813019,0.0,0.0,0.12192066013813019
901,0.7208,16,0.13590122759342194,0.0,0.0,0.13590122759342194
902,0.7216,16,0.20238998532295227,0.0,0.0,0.20238998532295227
903,0.7224,16,0.14460735023021698,0.0,0.0,0.14460735023021698
904,0.7232,16,0.22528648376464844,0.0,0.0,0.22528648376464844
905,0.724,16,0.47220921516418457,0.0,0.0,0.47220921516418457
906,0.7248,16,0.3221076726913452,0.0,0.0,0.3221076726913452
907,0.7256,16,0.2482091337442398,0.0,0.0,0.2482091337442398
908,0.7264,16,0.20684495568275452,0.0,0.0,0.20684495568275452
909,0.7272,16,0.3925665020942688,0.0,0.0,0.3925665020942688
910,0.728,16,0.086088627576828,0.0,0.0,0.086088627576828
911,0.7288,16,0.21754157543182373,0.0,0.0,0.21754157543182373
912,0.7296,16,0.2501884400844574,0.0,0.0,0.2501884400844574
913,0.7304,16,0.22853654623031616,0.0,0.0,0.22853654623031616
914,0.7312,16,0.2960079312324524,0.0,0.0,0.2960079312324524
915,0.732,16,0.14522400498390198,0.0,0.0,0.14522400498390198
916,0.7328,16,0.22584539651870728,0.0,0.0,0.22584539651870728
917,0.7336,16,0.34644007682800293,0.0,0.0,0.34644007682800293
918,0.7344,16,0.19903205335140228,0.0,0.0,0.19903205335140228
919,0.7352,16,0.4269137978553772,0.0,0.0,0.4269137978553772
920,0.736,16,0.16228628158569336,0.0,0.0,0.16228628158569336
921,0.7368,16,0.4006861746311188,0.0,0.0,0.4006861746311188
922,0.7376,16,0.30839598178863525,0.0,0.0,0.30839598178863525
923,0.7384,16,0.6755681037902832,0.0,0.0,0.6755681037902832
924,0.7392,16,0.12323570996522903,0.0,0.0,0.12323570996522903
925,0.74,16,0.1520358920097351,0.0,0.0,0.1520358920097351
926,0.7408,16,0.5297380089759827,0.0,0.0,0.5297380089759827
927,0.7416,16,0.332828164100647,0.0,0.0,0.332828164100647
928,0.7424,16,0.18948151171207428,0.0,0.0,0.18948151171207428
929,0.7432,16,0.536622166633606,0.0,0.0,0.536622166633606
930,0.744,16,0.1795593500137329,0.0,0.0,0.1795593500137329
931,0.7448,16,0.13511018455028534,0.0,0.0,0.13511018455028534
932,0.7456,16,0.22313585877418518,0.0,0.0,0.22313585877418518
933,0.7464,16,0.5516767501831055,0.0,0.0,0.5516767501831055
934,0.7472,16,0.49831423163414,0.0,0.0,0.49831423163414
935,0.748,16,0.5824682116508484,0.0,0.0,0.5824682116508484
936,0.7488,16,0.5723090171813965,0.0,0.0,0.5723090171813965
937,0.7496,16,0.3133716285228729,0.0,0.0,0.3133716285228729
938,0.7504,16,0.4851410388946533,0.0,0.0,0.4851410388946533
939,0.7512,16,0.29838553071022034,0.0,0.0,0.29838553071022034
940,0.752,16,0.327859103679657,0.0,0.0,0.327859103679657
941,0.7528,16,0.5617492198944092,0.0,0.0,0.5617492198944092
942,0.7536,16,0.32608017325401306,0.0,0.0,0.32608017325401306
943,0.7544,16,0.4148971438407898,0.0,0.0,0.4148971438407898
944,0.7552,16,0.3222162127494812,0.0,0.0,0.3222162127494812
945,0.756,16,0.5544636845588684,0.0,0.0,0.5544636845588684
946,0.7568,16,0.38097959756851196,0.0,0.0,0.38097959756851196
947,0.7576,16,0.2693830132484436,0.0,0.0,0.2693830132484436
948,0.7584,16,0.5505942106246948,0.0,0.0,0.5505942106246948
949,0.7592,16,0.27470147609710693,0.0,0.0,0.27470147609710693
950,0.76,16,0.31924137473106384,0.0,0.0,0.31924137473106384
951,0.7608,16,0.22816166281700134,0.0,0.0,0.22816166281700134
952,0.7616,16,0.36907851696014404,0.0,0.0,0.36907851696014404
953,0.7624,16,0.14277222752571106,0.0,0.0,0.14277222752571106
954,0.7632,16,0.2643406391143799,0.0,0.0,0.2643406391143799
955,0.764,16,0.5527729392051697,0.0,0.0,0.5527729392051697
956,0.7648,16,0.3428846299648285,0.0,0.0,0.3428846299648285
957,0.7656,16,0.40552785992622375,0.0,0.0,0.40552785992622375
958,0.7664,16,0.16389338672161102,0.0,0.0,0.16389338672161102
959,0.7672,16,0.40700680017471313,0.0,0.0,0.40700680017471313
960,0.768,16,0.4194231629371643,0.0,0.0,0.4194231629371643
961,0.7688,16,0.31860771775245667,0.0,0.0,0.31860771775245667
962,0.7696,16,0.38110271096229553,0.0,0.0,0.38110271096229553
963,0.7704,16,0.6591522693634033,0.0,0.0,0.6591522693634033
964,0.7712,16,0.5161826610565186,0.0,0.0,0.5161826610565186
965,0.772,16,0.5205124616622925,0.0,0.0,0.5205124616622925
966,0.7728,16,0.14186635613441467,0.0,0.0,0.14186635613441467
967,0.7736,16,0.4255135655403137,0.0,0.0,0.4255135655403137
968,0.7744,16,0.26133209466934204,0.0,0.0,0.26133209466934204
969,0.7752,16,0.27521318197250366,0.0,0.0,0.27521318197250366
970,0.776,16,0.16911238431930542,0.0,0.0,0.16911238431930542
971,0.7768,16,0.5041933655738831,0.0,0.0,0.5041933655738831
972,0.7776,16,0.42981499433517456,0.0,0.0,0.42981499433517456
973,0.7784,16,0.3637027144432068,0.0,0.0,0.3637027144432068
974,0.7792,16,0.06570113450288773,0.0,0.0,0.06570113450288773
975,0.78,16,0.3664945363998413,0.0,0.0,0.3664945363998413
976,0.7808,16,0.2578463852405548,0.0,0.0,0.2578463852405548
977,0.7816,16,0.438486248254776,0.0,0.0,0.438486248254776
978,0.7824,16,0.3385152220726013,0.0,0.0,0.3385152220726013
979,0.7832,16,0.2414783239364624,0.0,0.0,0.2414783239364624
980,0.784,16,0.42985227704048157,0.0,0.0,0.42985227704048157
981,0.7848,16,0.24624010920524597,0.0,0.0,0.24624010920524597
982,0.7856,16,0.29465222358703613,0.0,0.0,0.29465222358703613
983,0.7864,16,0.0918617844581604,0.0,0.0,0.0918617844581604
984,0.7872,16,0.2310585230588913,0.0,0.0,0.2310585230588913
985,0.788,16,0.2514330744743347,0.0,0.0,0.2514330744743347
986,0.7888,16,0.4621127247810364,0.0,0.0,0.4621127247810364
987,0.7896,16,0.23106344044208527,0.0,0.0,0.23106344044208527
988,0.7904,16,0.30115455389022827,0.0,0.0,0.30115455389022827
989,0.7912,16,0.3639031648635864,0.0,0.0,0.3639031648635864
990,0.792,16,0.08834269642829895,0.0,0.0,0.08834269642829895
991,0.7928,16,0.5421386361122131,0.0,0.0,0.5421386361122131
992,0.7936,16,0.1759355664253235,0.0,0.0,0.1759355664253235
993,0.7944,16,0.130957692861557,0.0,0.0,0.130957692861557
994,0.7952,16,0.5385576486587524,0.0,0.0,0.5385576486587524
995,0.796,16,0.44096484780311584,0.0,0.0,0.44096484780311584
996,0.7968,16,0.4223175048828125,0.0,0.0,0.4223175048828125
997,0.7976,16,0.4699626863002777,0.0,0.0,0.4699626863002777
998,0.7984,16,0.4581648111343384,0.0,0.0,0.4581648111343384
999,0.7992,16,0.1716986447572708,0.0,0.0,0.1716986447572708
1000,0.8,16,0.5174933671951294,0.0,0.0,0.5174933671951294
1001,0.8008,16,0.25038573145866394,0.0,0.0,0.25038573145866394
1002,0.8016,16,0.16404947638511658,0.0,0.0,0.16404947638511658
1003,0.8024,16,0.17701372504234314,0.0,0.0,0.17701372504234314
1004,0.8032,16,0.3589872419834137,0.0,0.0,0.3589872419834137
1005,0.804,16,0.11977362632751465,0.0,0.0,0.11977362632751465
1006,0.8048,16,0.6151798963546753,0.0,0.0,0.6151798963546753
1007,0.8056,16,0.29738864302635193,0.0,0.0,0.29738864302635193
1008,0.8064,16,0.3913198411464691,0.0,0.0,0.3913198411464691
1009,0.8072,16,0.4119003415107727,0.0,0.0,0.4119003415107727
1010,0.808,16,0.2777886986732483,0.0,0.0,0.2777886986732483
1011,0.8088,16,0.38524869084358215,0.0,0.0,0.38524869084358215
1012,0.8096,16,0.17598122358322144,0.0,0.0,0.17598122358322144
1013,0.8104,16,0.3079601526260376,0.0,0.0,0.3079601526260376
1014,0.8112,16,0.2316998541355133,0.0,0.0,0.2316998541355133
1015,0.812,16,0.14242076873779297,0.0,0.0,0.14242076873779297
1016,0.8128,16,0.1714080274105072,0.0,0.0,0.1714080274105072
1017,0.8136,16,0.13745634257793427,0.0,0.0,0.13745634257793427
1018,0.8144,16,0.4133760333061218,0.0,0.0,0.4133760333061218
1019,0.8152,16,0.5076989531517029,0.0,0.0,0.5076989531517029
1020,0.816,16,0.3597268760204315,0.0,0.0,0.3597268760204315
1021,0.8168,16,0.3533642888069153,0.0,0.0,0.3533642888069153
1022,0.8176,16,0.17734140157699585,0.0,0.0,0.17734140157699585
1023,0.8184,16,0.40858346223831177,0.0,0.0,0.40858346223831177
1024,0.8192,16,0.5091567039489746,0.0,0.0,0.5091567039489746
1025,0.82,16,0.18818601965904236,0.0,0.0,0.18818601965904236
1026,0.8208,16,0.3335514962673187,0.0,0.0,0.3335514962673187
1027,0.8216,16,0.520797848701477,0.0,0.0,0.520797848701477
1028,0.8224,16,0.255690336227417,0.0,0.0,0.255690336227417
1029,0.8232,16,0.46472036838531494,0.0,0.0,0.46472036838531494
1030,0.824,16,0.2204134166240692,0.0,0.0,0.2204134166240692
1031,0.8248,16,0.277696430683136,0.0,0.0,0.277696430683136
1032,0.8256,16,0.6120208501815796,0.0,0.0,0.6120208501815796
1033,0.8264,16,0.595401406288147,0.0,0.0,0.595401406288147
1034,0.8272,16,0.15971706807613373,0.0,0.0,0.15971706807613373
1035,0.828,16,0.5313457250595093,0.0,0.0,0.5313457250595093
1036,0.8288,16,0.2635674476623535,0.0,0.0,0.2635674476623535
1037,0.8296,16,0.22939682006835938,0.0,0.0,0.22939682006835938
1038,0.8304,16,0.14322786033153534,0.0,0.0,0.14322786033153534
1039,0.8312,16,0.5228585600852966,0.0,0.0,0.5228585600852966
1040,0.832,16,0.6140022277832031,0.0,0.0,0.6140022277832031
1041,0.8328,16,0.36271554231643677,0.0,0.0,0.36271554231643677
1042,0.8336,16,0.40218091011047363,0.0,0.0,0.40218091011047363
1043,0.8344,16,0.27319103479385376,0.0,0.0,0.27319103479385376
1044,0.8352,16,0.28946220874786377,0.0,0.0,0.28946220874786377
1045,0.836,16,0.25293034315109253,0.0,0.0,0.25293034315109253
1046,0.8368,16,0.25738802552223206,0.0,0.0,0.25738802552223206
1047,0.8376,16,0.1283554881811142,0.0,0.0,0.1283554881811142
1048,0.8384,16,0.23610854148864746,0.0,0.0,0.23610854148864746
1049,0.8392,16,0.43146616220474243,0.0,0.0,0.43146616220474243
1050,0.84,16,0.32202544808387756,0.0,0.0,0.32202544808387756
1051,0.8408,16,0.22408157587051392,0.0,0.0,0.22408157587051392
1052,0.8416,16,0.2325884848833084,0.0,0.0,0.2325884848833084
1053,0.8424,16,0.34639814496040344,0.0,0.0,0.34639814496040344
1054,0.8432,16,0.2819606363773346,0.0,0.0,0.2819606363773346
1055,0.844,16,0.45723089575767517,0.0,0.0,0.45723089575767517
1056,0.8448,16,0.4443092346191406,0.0,0.0,0.4443092346191406
1057,0.8456,16,0.35270506143569946,0.0,0.0,0.35270506143569946
1058,0.8464,16,0.4873785972595215,0.0,0.0,0.4873785972595215
1059,0.8472,16,0.40860873460769653,0.0,0.0,0.40860873460769653
1060,0.848,16,0.10484366118907928,0.0,0.0,0.10484366118907928
1061,0.8488,16,0.46515917778015137,0.0,0.0,0.46515917778015137
1062,0.8496,16,0.2135590761899948,0.0,0.0,0.2135590761899948
1063,0.8504,16,0.22370198369026184,0.0,0.0,0.22370198369026184
1064,0.8512,16,0.46218159794807434,0.0,0.0,0.46218159794807434
1065,0.852,16,0.14176389575004578,0.0,0.0,0.14176389575004578
1066,0.8528,16,0.2080380618572235,0.0,0.0,0.2080380618572235
1067,0.8536,16,0.43203824758529663,0.0,0.0,0.43203824758529663
1068,0.8544,16,0.17251808941364288,0.0,0.0,0.17251808941364288
1069,0.8552,16,0.4036168158054352,0.0,0.0,0.4036168158054352
1070,0.856,16,0.152046799659729,0.0,0.0,0.152046799659729
1071,0.8568,16,0.2562504708766937,0.0,0.0,0.2562504708766937
1072,0.8576,16,0.16782070696353912,0.0,0.0,0.16782070696353912
1073,0.8584,16,0.2825886607170105,0.0,0.0,0.2825886607170105
1074,0.8592,16,0.27078860998153687,0.0,0.0,0.27078860998153687
1075,0.86,16,0.33200520277023315,0.0,0.0,0.33200520277023315
1076,0.8608,16,0.20754945278167725,0.0,0.0,0.20754945278167725
1077,0.8616,16,0.2584846615791321,0.0,0.0,0.2584846615791321
1078,0.8624,16,0.09909521043300629,0.0,0.0,0.09909521043300629
1079,0.8632,16,0.4259814918041229,0.0,0.0,0.4259814918041229
1080,0.864,16,0.18003621697425842,0.0,0.0,0.18003621697425842
1081,0.8648,16,0.2778922915458679,0.0,0.0,0.2778922915458679
1082,0.8656,16,0.5084646344184875,0.0,0.0,0.5084646344184875
1083,0.8664,16,0.29654720425605774,0.0,0.0,0.29654720425605774
1084,0.8672,16,0.5004591941833496,0.0,0.0,0.5004591941833496
1085,0.868,16,0.30210644006729126,0.0,0.0,0.30210644006729126
1086,0.8688,16,0.31195974349975586,0.0,0.0,0.31195974349975586
1087,0.8696,16,0.17847704887390137,0.0,0.0,0.17847704887390137
1088,0.8704,16,0.312264621257782,0.0,0.0,0.312264621257782
1089,0.8712,16,0.09333808720111847,0.0,0.0,0.09333808720111847
1090,0.872,16,0.3753196597099304,0.0,0.0,0.3753196597099304
1091,0.8728,16,0.2265269011259079,0.0,0.0,0.2265269011259079
1092,0.8736,16,0.23438194394111633,0.0,0.0,0.23438194394111633
1093,0.8744,16,0.2192472517490387,0.0,0.0,0.2192472517490387
1094,0.8752,16,0.26744329929351807,0.0,0.0,0.26744329929351807
1095,0.876,16,0.23533575236797333,0.0,0.0,0.23533575236797333
1096,0.8768,16,0.18528825044631958,0.0,0.0,0.18528825044631958
1097,0.8776,16,0.4323643743991852,0.0,0.0,0.4323643743991852
1098,0.8784,16,0.3996249735355377,0.0,0.0,0.3996249735355377
1099,0.8792,16,0.36706089973449707,0.0,0.0,0.36706089973449707
1100,0.88,16,0.16962485015392303,0.0,0.0,0.16962485015392303
1101,0.8808,16,0.4178502559661865,0.0,0.0,0.4178502559661865
1102,0.8816,16,0.25149598717689514,0.0,0.0,0.25149598717689514
1103,0.8824,16,0.47322338819503784,0.0,0.0,0.47322338819503784
1104,0.8832,16,0.44086331129074097,0.0,0.0,0.44086331129074097
1105,0.884,16,0.34695136547088623,0.0,0.0,0.34695136547088623
1106,0.8848,16,0.5388048887252808,0.0,0.0,0.5388048887252808
1107,0.8856,16,0.5473558306694031,0.0,0.0,0.5473558306694031
1108,0.8864,16,0.4291636347770691,0.0,0.0,0.4291636347770691
1109,0.8872,16,0.4451344609260559,0.0,0.0,0.4451344609260559
1110,0.888,16,0.37363487482070923,0.0,0.0,0.37363487482070923
1111,0.8888,16,0.37206465005874634,0.0,0.0,0.37206465005874634
1112,0.8896,16,0.3429911136627197,0.0,0.0,0.3429911136627197
1113,0.8904,16,0.2511243224143982,0.0,0.0,0.2511243224143982
1114,0.8912,16,0.3997710943222046,0.0,0.0,0.3997710943222046
1115,0.892,16,0.32484138011932373,0.0,0.0,0.32484138011932373
1116,0.8928,16,0.4841514229774475,0.0,0.0,0.4841514229774475
1117,0.8936,16,0.2323421835899353,0.0,0.0,0.2323421835899353
1118,0.8944,16,0.2985782027244568,0.0,0.0,0.2985782027244568
1119,0.8952,16,0.4289447069168091,0.0,0.0,0.4289447069168091
1120,0.896,16,0.7180215120315552,0.0,0.0,0.7180215120315552
1121,0.8968,16,0.4413914084434509,0.0,0.0,0.4413914084434509
1122,0.8976,16,0.18589606881141663,0.0,0.0,0.18589606881141663
1123,0.8984,16,0.21859325468540192,0.0,0.0,0.21859325468540192
1124,0.8992,16,0.25477224588394165,0.0,0.0,0.25477224588394165
1125,0.9,16,0.3849051594734192,0.0,0.0,0.3849051594734192
1126,0.9008,16,0.5135999321937561,0.0,0.0,0.5135999321937561
1127,0.9016,16,0.2931023836135864,0.0,0.0,0.2931023836135864
1128,0.9024,16,0.28008246421813965,0.0,0.0,0.28008246421813965
1129,0.9032,16,0.1074439063668251,0.0,0.0,0.1074439063668251
1130,0.904,16,0.1401900351047516,0.0,0.0,0.1401900351047516
1131,0.9048,16,0.20601347088813782,0.0,0.0,0.20601347088813782
1132,0.9056,16,0.14782026410102844,0.0,0.0,0.14782026410102844
1133,0.9064,16,0.23918329179286957,0.0,0.0,0.23918329179286957
1134,0.9072,16,0.33679085969924927,0.0,0.0,0.33679085969924927
1135,0.908,16,0.3524915277957916,0.0,0.0,0.3524915277957916
1136,0.9088,16,0.563036322593689,0.0,0.0,0.563036322593689
1137,0.9096,16,0.3693333864212036,0.0,0.0,0.3693333864212036
1138,0.9104,16,0.28258204460144043,0.0,0.0,0.28258204460144043
1139,0.9112,16,0.1813206672668457,0.0,0.0,0.1813206672668457
1140,0.912,16,0.3950182795524597,0.0,0.0,0.3950182795524597
1141,0.9128,16,0.34992140531539917,0.0,0.0,0.34992140531539917
1142,0.9136,16,0.1255168318748474,0.0,0.0,0.1255168318748474
1143,0.9144,16,0.30048203468322754,0.0,0.0,0.30048203468322754
1144,0.9152,16,0.6827126145362854,0.0,0.0,0.6827126145362854
1145,0.916,16,0.20317208766937256,0.0,0.0,0.20317208766937256
1146,0.9168,16,0.406833678483963,0.0,0.0,0.406833678483963
1147,0.9176,16,0.15247070789337158,0.0,0.0,0.15247070789337158
1148,0.9184,16,0.3644448220729828,0.0,0.0,0.3644448220729828
1149,0.9192,16,0.20577824115753174,0.0,0.0,0.20577824115753174
1150,0.92,16,0.2617858350276947,0.0,0.0,0.2617858350276947
1151,0.9208,16,0.2307036817073822,0.0,0.0,0.2307036817073822
1152,0.9216,16,0.4005410075187683,0.0,0.0,0.4005410075187683
1153,0.9224,16,0.08363068103790283,0.0,0.0,0.08363068103790283
1154,0.9232,16,0.4590488076210022,0.0,0.0,0.4590488076210022
1155,0.924,16,0.4462931752204895,0.0,0.0,0.4462931752204895
1156,0.9248,16,0.24386614561080933,0.0,0.0,0.24386614561080933
1157,0.9256,16,0.23537039756774902,0.0,0.0,0.23537039756774902
1158,0.9264,16,0.5204517841339111,0.0,0.0,0.5204517841339111
1159,0.9272,16,0.2255357950925827,0.0,0.0,0.2255357950925827
1160,0.928,16,0.41733717918395996,0.0,0.0,0.41733717918395996
1161,0.9288,16,0.3208281397819519,0.0,0.0,0.3208281397819519
1162,0.9296,16,0.45577460527420044,0.0,0.0,0.45577460527420044
1163,0.9304,16,0.23083029687404633,0.0,0.0,0.23083029687404633
1164,0.9312,16,0.5094343423843384,0.0,0.0,0.5094343423843384
1165,0.932,16,0.5564354658126831,0.0,0.0,0.5564354658126831
1166,0.9328,16,0.19962584972381592,0.0,0.0,0.19962584972381592
1167,0.9336,16,0.13543552160263062,0.0,0.0,0.13543552160263062
1168,0.9344,16,0.2278413027524948,0.0,0.0,0.2278413027524948
1169,0.9352,16,0.32865744829177856,0.0,0.0,0.32865744829177856
1170,0.936,16,0.3929949998855591,0.0,0.0,0.3929949998855591
1171,0.9368,16,0.2803479731082916,0.0,0.0,0.2803479731082916
1172,0.9376,16,0.5095754265785217,0.0,0.0,0.5095754265785217
1173,0.9384,16,0.7965279221534729,0.0,0.0,0.7965279221534729
1174,0.9392,16,0.2929595708847046,0.0,0.0,0.2929595708847046
1175,0.94,16,0.2722035050392151,0.0,0.0,0.2722035050392151
1176,0.9408,16,0.29778164625167847,0.0,0.0,0.29778164625167847
1177,0.9416,16,0.10655443370342255,0.0,0.0,0.10655443370342255
1178,0.9424,16,0.4810989499092102,0.0,0.0,0.4810989499092102
1179,0.9432,16,0.1846046894788742,0.0,0.0,0.1846046894788742
1180,0.944,16,0.09270647913217545,0.0,0.0,0.09270647913217545
1181,0.9448,16,0.33854231238365173,0.0,0.0,0.33854231238365173
1182,0.9456,16,0.3834884762763977,0.0,0.0,0.3834884762763977
1183,0.9464,16,0.07524410635232925,0.0,0.0,0.07524410635232925
1184,0.9472,16,0.1211051270365715,0.0,0.0,0.1211051270365715
1185,0.948,16,0.47276848554611206,0.0,0.0,0.47276848554611206
1186,0.9488,16,0.4753302037715912,0.0,0.0,0.4753302037715912
1187,0.9496,16,0.534119725227356,0.0,0.0,0.534119725227356
1188,0.9504,16,0.4530078172683716,0.0,0.0,0.4530078172683716
1189,0.9512,16,0.4870305061340332,0.0,0.0,0.4870305061340332
1190,0.952,16,0.5370744466781616,0.0,0.0,0.5370744466781616
1191,0.9528,16,0.3622143864631653,0.0,0.0,0.3622143864631653
1192,0.9536,16,0.3098076283931732,0.0,0.0,0.3098076283931732
1193,0.9544,16,0.3555774986743927,0.0,0.0,0.3555774986743927
1194,0.9552,16,0.30049461126327515,0.0,0.0,0.30049461126327515
1195,0.956,16,0.0885455533862114,0.0,0.0,0.0885455533862114
1196,0.9568,16,0.4279283285140991,0.0,0.0,0.4279283285140991
1197,0.9576,16,0.21366217732429504,0.0,0.0,0.21366217732429504
1198,0.9584,16,0.8569755554199219,0.0,0.0,0.8569755554199219
1199,0.9592,16,0.0992531105875969,0.0,0.0,0.0992531105875969
1200,0.96,16,0.1590537130832672,0.0,0.0,0.1590537130832672
1201,0.9608,16,0.5391830205917358,0.0,0.0,0.5391830205917358
1202,0.9616,16,0.5043433904647827,0.0,0.0,0.5043433904647827
1203,0.9624,16,0.16468340158462524,0.0,0.0,0.16468340158462524
1204,0.9632,16,0.36177635192871094,0.0,0.0,0.36177635192871094
1205,0.964,16,0.2571233808994293,0.0,0.0,0.2571233808994293
1206,0.9648,16,0.2981863021850586,0.0,0.0,0.2981863021850586
1207,0.9656,16,0.38842201232910156,0.0,0.0,0.38842201232910156
1208,0.9664,16,0.35626858472824097,0.0,0.0,0.35626858472824097
1209,0.9672,16,0.35531118512153625,0.0,0.0,0.35531118512153625
1210,0.968,16,0.4363079071044922,0.0,0.0,0.4363079071044922
1211,0.9688,16,0.3067687153816223,0.0,0.0,0.3067687153816223
1212,0.9696,16,0.47448888421058655,0.0,0.0,0.47448888421058655
1213,0.9704,16,0.15880349278450012,0.0,0.0,0.15880349278450012
1214,0.9712,16,0.08941905200481415,0.0,0.0,0.08941905200481415
1215,0.972,16,0.276557981967926,0.0,0.0,0.276557981967926
1216,0.9728,16,0.32365065813064575,0.0,0.0,0.32365065813064575
1217,0.9736,16,0.2505449056625366,0.0,0.0,0.2505449056625366
1218,0.9744,16,0.44196683168411255,0.0,0.0,0.44196683168411255
1219,0.9752,16,0.7386457920074463,0.0,0.0,0.7386457920074463
1220,0.976,16,0.3440667390823364,0.0,0.0,0.3440667390823364
1221,0.9768,16,0.4332510828971863,0.0,0.0,0.4332510828971863
1222,0.9776,16,0.18166053295135498,0.0,0.0,0.18166053295135498
1223,0.9784,16,0.2728883624076843,0.0,0.0,0.2728883624076843
1224,0.9792,16,0.2543819546699524,0.0,0.0,0.2543819546699524
1225,0.98,16,0.29098576307296753,0.0,0.0,0.29098576307296753
1226,0.9808,16,0.21697694063186646,0.0,0.0,0.21697694063186646
1227,0.9816,16,0.29350292682647705,0.0,0.0,0.29350292682647705
1228,0.9824,16,0.0957724004983902,0.0,0.0,0.0957724004983902
1229,0.9832,16,0.2436944842338562,0.0,0.0,0.2436944842338562
1230,0.984,16,0.5204358100891113,0.0,0.0,0.5204358100891113
1231,0.9848,16,0.2080652117729187,0.0,0.0,0.2080652117729187
1232,0.9856,16,0.305929034948349,0.0,0.0,0.305929034948349
1233,0.9864,16,0.7199393510818481,0.0,0.0,0.7199393510818481
1234,0.9872,16,0.5044378042221069,0.0,0.0,0.5044378042221069
1235,0.988,16,0.37032532691955566,0.0,0.0,0.37032532691955566
1236,0.9888,16,0.42219090461730957,0.0,0.0,0.42219090461730957
1237,0.9896,16,0.24682390689849854,0.0,0.0,0.24682390689849854
1238,0.9904,16,0.1047179102897644,0.0,0.0,0.1047179102897644
1239,0.9912,16,0.11612887680530548,0.0,0.0,0.11612887680530548
1240,0.992,16,0.26932770013809204,0.0,0.0,0.26932770013809204
1241,0.9928,16,0.3403345048427582,0.0,0.0,0.3403345048427582
1242,0.9936,16,0.4094049334526062,0.0,0.0,0.4094049334526062
1243,0.9944,16,0.24758002161979675,0.0,0.0,0.24758002161979675
1244,0.9952,16,0.08820092678070068,0.0,0.0,0.08820092678070068
1245,0.996,16,0.33637964725494385,0.0,0.0,0.33637964725494385
1246,0.9968,16,0.2797180712223053,0.0,0.0,0.2797180712223053
1247,0.9976,16,0.3681817054748535,0.0,0.0,0.3681817054748535
1248,0.9984,16,0.2985372245311737,0.0,0.0,0.2985372245311737
1249,0.9992,16,0.15986768901348114,0.0,0.0,0.15986768901348114
1250,1.0,16,0.15665008127689362,0.0,0.0,0.15665008127689362
1251,1.0008,16,0.8344900608062744,0.0,0.0,0.8344900608062744
1252,1.0016,16,0.4863271415233612,0.0,0.0,0.4863271415233612
1253,1.0024,16,0.3211590051651001,0.0,0.0,0.3211590051651001
1254,1.0032,16,0.5173450708389282,0.0,0.0,0.5173450708389282
1255,1.004,16,0.12242023646831512,0.0,0.0,0.12242023646831512
1256,1.0048,16,0.24779286980628967,0.0,0.0,0.24779286980628967
1257,1.0056,16,0.4904278516769409,0.0,0.0,0.4904278516769409
1258,1.0064,16,0.3364017605781555,0.0,0.0,0.3364017605781555
1259,1.0072,16,0.202295184135437,0.0,0.0,0.202295184135437
1260,1.008,16,0.1387680023908615,0.0,0.0,0.1387680023908615
1261,1.0088,16,0.37181103229522705,0.0,0.0,0.37181103229522705
1262,1.0096,16,0.4567398726940155,0.0,0.0,0.4567398726940155
1263,1.0104,16,0.19166013598442078,0.0,0.0,0.19166013598442078
1264,1.0112,16,0.19175107777118683,0.0,0.0,0.19175107777118683
1265,1.012,16,0.08223942667245865,0.0,0.0,0.08223942667245865
1266,1.0128,16,0.2531786859035492,0.0,0.0,0.2531786859035492
1267,1.0136,16,0.14448527991771698,0.0,0.0,0.14448527991771698
1268,1.0144,16,0.4431881308555603,0.0,0.0,0.4431881308555603
1269,1.0152,16,0.07980449497699738,0.0,0.0,0.07980449497699738
1270,1.016,16,0.10790151357650757,0.0,0.0,0.10790151357650757
1271,1.0168,16,0.47600454092025757,0.0,0.0,0.47600454092025757
1272,1.0176,16,0.4718019664287567,0.0,0.0,0.4718019664287567
1273,1.0184,16,0.08584007620811462,0.0,0.0,0.08584007620811462
1274,1.0192,16,0.8710781931877136,0.0,0.0,0.8710781931877136
1275,1.02,16,0.15589191019535065,0.0,0.0,0.15589191019535065
1276,1.0208,16,0.46552836894989014,0.0,0.0,0.46552836894989014
1277,1.0216,16,0.40624403953552246,0.0,0.0,0.40624403953552246
1278,1.0224,16,0.13406048715114594,0.0,0.0,0.13406048715114594
1279,1.0232,16,0.2353501319885254,0.0,0.0,0.2353501319885254
1280,1.024,16,0.4739376902580261,0.0,0.0,0.4739376902580261
1281,1.0248,16,0.11444982886314392,0.0,0.0,0.11444982886314392
1282,1.0256,16,0.37035030126571655,0.0,0.0,0.37035030126571655
1283,1.0264,16,0.16770943999290466,0.0,0.0,0.16770943999290466
1284,1.0272,16,0.17625826597213745,0.0,0.0,0.17625826597213745
1285,1.028,16,0.5530850291252136,0.0,0.0,0.5530850291252136
1286,1.0288,16,0.24557627737522125,0.0,0.0,0.24557627737522125
1287,1.0296,16,0.568427562713623,0.0,0.0,0.568427562713623
1288,1.0304,16,0.29388368129730225,0.0,0.0,0.29388368129730225
1289,1.0312,16,0.17982150614261627,0.0,0.0,0.17982150614261627
1290,1.032,16,0.29615628719329834,0.0,0.0,0.29615628719329834
1291,1.0328,16,0.2514038681983948,0.0,0.0,0.2514038681983948
1292,1.0336,16,0.49921900033950806,0.0,0.0,0.49921900033950806
1293,1.0344,16,0.13408926129341125,0.0,0.0,0.13408926129341125
1294,1.0352,16,0.19681382179260254,0.0,0.0,0.19681382179260254
1295,1.036,16,0.4656585454940796,0.0,0.0,0.4656585454940796
1296,1.0368,16,0.09002816677093506,0.0,0.0,0.09002816677093506
1297,1.0376,16,0.5024243593215942,0.0,0.0,0.5024243593215942
1298,1.0384,16,0.24013379216194153,0.0,0.0,0.24013379216194153
1299,1.0392,16,0.19352614879608154,0.0,0.0,0.19352614879608154
1300,1.04,16,0.11233864724636078,0.0,0.0,0.11233864724636078
1301,1.0408,16,0.3521156311035156,0.0,0.0,0.3521156311035156
1302,1.0416,16,0.27019068598747253,0.0,0.0,0.27019068598747253
1303,1.0424,16,0.3584133982658386,0.0,0.0,0.3584133982658386
1304,1.0432,16,0.22524887323379517,0.0,0.0,0.22524887323379517
1305,1.044,16,0.22768884897232056,0.0,0.0,0.22768884897232056
1306,1.0448,16,0.24571487307548523,0.0,0.0,0.24571487307548523
1307,1.0456,16,0.09681056439876556,0.0,0.0,0.09681056439876556
1308,1.0464,16,0.2841055691242218,0.0,0.0,0.2841055691242218
1309,1.0472,16,0.21884474158287048,0.0,0.0,0.21884474158287048
1310,1.048,16,0.2447119802236557,0.0,0.0,0.2447119802236557
1311,1.0488,16,0.24768316745758057,0.0,0.0,0.24768316745758057
1312,1.0496,16,0.1012323871254921,0.0,0.0,0.1012323871254921
1313,1.0504,16,0.08145903050899506,0.0,0.0,0.08145903050899506
1314,1.0512,16,0.5553974509239197,0.0,0.0,0.5553974509239197
1315,1.052,16,0.37897536158561707,0.0,0.0,0.37897536158561707
1316,1.0528,16,0.4111124575138092,0.0,0.0,0.4111124575138092
1317,1.0536,16,0.4072067439556122,0.0,0.0,0.4072067439556122
1318,1.0544,16,0.1703530251979828,0.0,0.0,0.1703530251979828
1319,1.0552,16,0.35050034523010254,0.0,0.0,0.35050034523010254
1320,1.056,16,0.4174754023551941,0.0,0.0,0.4174754023551941
1321,1.0568,16,0.27455809712409973,0.0,0.0,0.27455809712409973
1322,1.0576,16,0.7907558679580688,0.0,0.0,0.7907558679580688
1323,1.0584,16,0.4778113067150116,0.0,0.0,0.4778113067150116
1324,1.0592,16,0.09060788154602051,0.0,0.0,0.09060788154602051
1325,1.06,16,0.3087080717086792,0.0,0.0,0.3087080717086792
1326,1.0608,16,0.6065987944602966,0.0,0.0,0.6065987944602966
1327,1.0616,16,0.1403055489063263,0.0,0.0,0.1403055489063263
1328,1.0624,16,0.45297956466674805,0.0,0.0,0.45297956466674805
1329,1.0632,16,0.2210215926170349,0.0,0.0,0.2210215926170349
1330,1.064,16,0.09927401691675186,0.0,0.0,0.09927401691675186
1331,1.0648,16,0.3555998206138611,0.0,0.0,0.3555998206138611
1332,1.0656,16,0.5210550427436829,0.0,0.0,0.5210550427436829
1333,1.0664,16,0.13018575310707092,0.0,0.0,0.13018575310707092
1334,1.0672,16,0.5110372304916382,0.0,0.0,0.5110372304916382
1335,1.068,16,0.29847025871276855,0.0,0.0,0.29847025871276855
1336,1.0688,16,0.32390880584716797,0.0,0.0,0.32390880584716797
1337,1.0695999999999999,16,0.3502333164215088,0.0,0.0,0.3502333164215088
1338,1.0704,16,0.5379347801208496,0.0,0.0,0.5379347801208496
1339,1.0712,16,0.2686511278152466,0.0,0.0,0.2686511278152466
1340,1.072,16,0.37494581937789917,0.0,0.0,0.37494581937789917
1341,1.0728,16,0.23858170211315155,0.0,0.0,0.23858170211315155
1342,1.0735999999999999,16,0.3730093538761139,0.0,0.0,0.3730093538761139
1343,1.0744,16,0.46486616134643555,0.0,0.0,0.46486616134643555
1344,1.0752,16,0.12148930132389069,0.0,0.0,0.12148930132389069
1345,1.076,16,0.4692423641681671,0.0,0.0,0.4692423641681671
1346,1.0768,16,0.09229829907417297,0.0,0.0,0.09229829907417297
1347,1.0776,16,0.23168863356113434,0.0,0.0,0.23168863356113434
1348,1.0784,16,0.27024319767951965,0.0,0.0,0.27024319767951965
1349,1.0792,16,0.48093128204345703,0.0,0.0,0.48093128204345703
1350,1.08,16,0.13740189373493195,0.0,0.0,0.13740189373493195
1351,1.0808,16,0.3274175524711609,0.0,0.0,0.3274175524711609
1352,1.0816,16,0.3061244487762451,0.0,0.0,0.3061244487762451
1353,1.0824,16,0.45938095450401306,0.0,0.0,0.45938095450401306
1354,1.0832,16,0.4349702000617981,0.0,0.0,0.4349702000617981
1355,1.084,16,0.5528131723403931,0.0,0.0,0.5528131723403931
1356,1.0848,16,0.2545037865638733,0.0,0.0,0.2545037865638733
1357,1.0856,16,0.21919815242290497,0.0,0.0,0.21919815242290497
1358,1.0864,16,0.3484654128551483,0.0,0.0,0.3484654128551483
1359,1.0872,16,0.13850748538970947,0.0,0.0,0.13850748538970947
1360,1.088,16,0.41647064685821533,0.0,0.0,0.41647064685821533
1361,1.0888,16,0.2970782518386841,0.0,0.0,0.2970782518386841
1362,1.0896,16,0.132442906498909,0.0,0.0,0.132442906498909
1363,1.0904,16,0.42183661460876465,0.0,0.0,0.42183661460876465
1364,1.0912,16,0.4726060628890991,0.0,0.0,0.4726060628890991
1365,1.092,16,0.5506329536437988,0.0,0.0,0.5506329536437988
1366,1.0928,16,0.6438291072845459,0.0,0.0,0.6438291072845459
1367,1.0936,16,0.18063130974769592,0.0,0.0,0.18063130974769592
1368,1.0944,16,0.31923919916152954,0.0,0.0,0.31923919916152954
1369,1.0952,16,0.19199982285499573,0.0,0.0,0.19199982285499573
1370,1.096,16,0.4213435649871826,0.0,0.0,0.4213435649871826
1371,1.0968,16,0.2855670750141144,0.0,0.0,0.2855670750141144
1372,1.0976,16,0.4279833436012268,0.0,0.0,0.4279833436012268
1373,1.0984,16,0.412965327501297,0.0,0.0,0.412965327501297
1374,1.0992,16,0.14246127009391785,0.0,0.0,0.14246127009391785
1375,1.1,16,0.2306130975484848,0.0,0.0,0.2306130975484848
1376,1.1008,16,0.11265213787555695,0.0,0.0,0.11265213787555695
1377,1.1016,16,0.16192342340946198,0.0,0.0,0.16192342340946198
1378,1.1024,16,0.2401091605424881,0.0,0.0,0.2401091605424881
1379,1.1032,16,0.2804240584373474,0.0,0.0,0.2804240584373474
1380,1.104,16,0.38508182764053345,0.0,0.0,0.38508182764053345
1381,1.1048,16,0.5345455408096313,0.0,0.0,0.5345455408096313
1382,1.1056,16,0.10417939722537994,0.0,0.0,0.10417939722537994
1383,1.1064,16,0.43033355474472046,0.0,0.0,0.43033355474472046
1384,1.1072,16,0.2193053513765335,0.0,0.0,0.2193053513765335
1385,1.108,16,0.398824542760849,0.0,0.0,0.398824542760849
1386,1.1088,16,0.3344680070877075,0.0,0.0,0.3344680070877075
1387,1.1096,16,0.13785694539546967,0.0,0.0,0.13785694539546967
1388,1.1104,16,0.31414395570755005,0.0,0.0,0.31414395570755005
1389,1.1112,16,0.2646530270576477,0.0,0.0,0.2646530270576477
1390,1.112,16,0.3116779625415802,0.0,0.0,0.3116779625415802
1391,1.1128,16,0.2517174780368805,0.0,0.0,0.2517174780368805
1392,1.1136,16,0.2434333860874176,0.0,0.0,0.2434333860874176
1393,1.1144,16,0.32930487394332886,0.0,0.0,0.32930487394332886
1394,1.1152,16,0.07349567115306854,0.0,0.0,0.07349567115306854
1395,1.116,16,0.13159357011318207,0.0,0.0,0.13159357011318207
1396,1.1168,16,0.23861782252788544,0.0,0.0,0.23861782252788544
1397,1.1176,16,0.2785891592502594,0.0,0.0,0.2785891592502594
1398,1.1184,16,0.10866791009902954,0.0,0.0,0.10866791009902954
1399,1.1192,16,0.3355165719985962,0.0,0.0,0.3355165719985962
1400,1.12,16,0.1624593287706375,0.0,0.0,0.1624593287706375
1401,1.1208,16,0.4601772129535675,0.0,0.0,0.4601772129535675
1402,1.1216,16,0.5607386827468872,0.0,0.0,0.5607386827468872
1403,1.1224,16,0.2817118763923645,0.0,0.0,0.2817118763923645
1404,1.1232,16,0.5432288646697998,0.0,0.0,0.5432288646697998
1405,1.124,16,0.10706831514835358,0.0,0.0,0.10706831514835358
1406,1.1248,16,0.31814998388290405,0.0,0.0,0.31814998388290405
1407,1.1256,16,0.11747093498706818,0.0,0.0,0.11747093498706818
1408,1.1264,16,0.3470056653022766,0.0,0.0,0.3470056653022766
1409,1.1272,16,0.3512416481971741,0.0,0.0,0.3512416481971741
1410,1.1280000000000001,16,0.49062949419021606,0.0,0.0,0.49062949419021606
1411,1.1288,16,0.11170719563961029,0.0,0.0,0.11170719563961029
1412,1.1296,16,0.07891611009836197,0.0,0.0,0.07891611009836197
1413,1.1304,16,0.152624249458313,0.0,0.0,0.152624249458313
1414,1.1312,16,0.15311844646930695,0.0,0.0,0.15311844646930695
1415,1.1320000000000001,16,0.1859385371208191,0.0,0.0,0.1859385371208191
1416,1.1328,16,0.4259723424911499,0.0,0.0,0.4259723424911499
1417,1.1336,16,0.05372645705938339,0.0,0.0,0.05372645705938339
1418,1.1344,16,0.30835437774658203,0.0,0.0,0.30835437774658203
1419,1.1352,16,0.16097289323806763,0.0,0.0,0.16097289323806763
1420,1.1360000000000001,16,0.24560892581939697,0.0,0.0,0.24560892581939697
1421,1.1368,16,0.6492799520492554,0.0,0.0,0.6492799520492554
1422,1.1376,16,0.45796579122543335,0.0,0.0,0.45796579122543335
1423,1.1384,16,0.6240864992141724,0.0,0.0,0.6240864992141724
1424,1.1392,16,0.31116193532943726,0.0,0.0,0.31116193532943726
1425,1.1400000000000001,16,0.3986760973930359,0.0,0.0,0.3986760973930359
1426,1.1408,16,0.35154008865356445,0.0,0.0,0.35154008865356445
1427,1.1416,16,0.6382564306259155,0.0,0.0,0.6382564306259155
1428,1.1424,16,0.5114296674728394,0.0,0.0,0.5114296674728394
1429,1.1432,16,0.31636637449264526,0.0,0.0,0.31636637449264526
1430,1.144,16,0.7298362851142883,0.0,0.0,0.7298362851142883
1431,1.1448,16,0.3665601909160614,0.0,0.0,0.3665601909160614
1432,1.1456,16,0.26375335454940796,0.0,0.0,0.26375335454940796
1433,1.1464,16,0.29872792959213257,0.0,0.0,0.29872792959213257
1434,1.1472,16,0.07050831615924835,0.0,0.0,0.07050831615924835
1435,1.148,16,0.4790042042732239,0.0,0.0,0.4790042042732239
1436,1.1488,16,0.06943285465240479,0.0,0.0,0.06943285465240479
1437,1.1496,16,0.39855751395225525,0.0,0.0,0.39855751395225525
1438,1.1504,16,0.149496391415596,0.0,0.0,0.149496391415596
1439,1.1512,16,0.13490629196166992,0.0,0.0,0.13490629196166992
1440,1.152,16,0.2892412543296814,0.0,0.0,0.2892412543296814
1441,1.1528,16,0.46590572595596313,0.0,0.0,0.46590572595596313
1442,1.1536,16,0.5504040718078613,0.0,0.0,0.5504040718078613
1443,1.1544,16,0.3579082787036896,0.0,0.0,0.3579082787036896
1444,1.1552,16,0.3918811082839966,0.0,0.0,0.3918811082839966
1445,1.156,16,0.3200826942920685,0.0,0.0,0.3200826942920685
1446,1.1568,16,0.31926873326301575,0.0,0.0,0.31926873326301575
1447,1.1576,16,0.29858338832855225,0.0,0.0,0.29858338832855225
1448,1.1584,16,0.33284664154052734,0.0,0.0,0.33284664154052734
1449,1.1592,16,0.11099228262901306,0.0,0.0,0.11099228262901306
1450,1.16,16,0.21715250611305237,0.0,0.0,0.21715250611305237
1451,1.1608,16,0.342349112033844,0.0,0.0,0.342349112033844
1452,1.1616,16,0.4607735276222229,0.0,0.0,0.4607735276222229
1453,1.1623999999999999,16,0.4576614201068878,0.0,0.0,0.4576614201068878
1454,1.1632,16,0.4588659107685089,0.0,0.0,0.4588659107685089
1455,1.164,16,0.11652535200119019,0.0,0.0,0.11652535200119019
1456,1.1648,16,0.25172609090805054,0.0,0.0,0.25172609090805054
1457,1.1656,16,0.3350379168987274,0.0,0.0,0.3350379168987274
1458,1.1663999999999999,16,0.22415131330490112,0.0,0.0,0.22415131330490112
1459,1.1672,16,0.4724773168563843,0.0,0.0,0.4724773168563843
1460,1.168,16,0.258150577545166,0.0,0.0,0.258150577545166
1461,1.1688,16,0.19003009796142578,0.0,0.0,0.19003009796142578
1462,1.1696,16,0.24760834872722626,0.0,0.0,0.24760834872722626
1463,1.1703999999999999,16,0.09556040912866592,0.0,0.0,0.09556040912866592
1464,1.1712,16,0.1864902377128601,0.0,0.0,0.1864902377128601
1465,1.172,16,0.1441352665424347,0.0,0.0,0.1441352665424347
1466,1.1728,16,0.1395091861486435,0.0,0.0,0.1395091861486435
1467,1.1736,16,0.34795302152633667,0.0,0.0,0.34795302152633667
1468,1.1743999999999999,16,0.15444472432136536,0.0,0.0,0.15444472432136536
1469,1.1752,16,0.28449109196662903,0.0,0.0,0.28449109196662903
1470,1.176,16,0.5923186540603638,0.0,0.0,0.5923186540603638
1471,1.1768,16,0.3860076367855072,0.0,0.0,0.3860076367855072
1472,1.1776,16,0.07632854580879211,0.0,0.0,0.07632854580879211
1473,1.1784,16,0.3762419819831848,0.0,0.0,0.3762419819831848
1474,1.1792,16,0.2349557727575302,0.0,0.0,0.2349557727575302
1475,1.18,16,0.384987473487854,0.0,0.0,0.384987473487854
1476,1.1808,16,0.17073555290699005,0.0,0.0,0.17073555290699005
1477,1.1816,16,0.4311783015727997,0.0,0.0,0.4311783015727997
1478,1.1824,16,0.5342906713485718,0.0,0.0,0.5342906713485718
1479,1.1832,16,0.3047734498977661,0.0,0.0,0.3047734498977661
1480,1.184,16,0.3312254548072815,0.0,0.0,0.3312254548072815
1481,1.1848,16,0.07905063778162003,0.0,0.0,0.07905063778162003
1482,1.1856,16,0.3496226370334625,0.0,0.0,0.3496226370334625
1483,1.1864,16,0.11536569148302078,0.0,0.0,0.11536569148302078
1484,1.1872,16,0.11829172074794769,0.0,0.0,0.11829172074794769
1485,1.188,16,0.10548189282417297,0.0,0.0,0.10548189282417297
1486,1.1888,16,0.23956900835037231,0.0,0.0,0.23956900835037231
1487,1.1896,16,0.11446312069892883,0.0,0.0,0.11446312069892883
1488,1.1904,16,0.2290877401828766,0.0,0.0,0.2290877401828766
1489,1.1912,16,0.5375248789787292,0.0,0.0,0.5375248789787292
1490,1.192,16,0.12509973347187042,0.0,0.0,0.12509973347187042
1491,1.1928,16,0.3173360824584961,0.0,0.0,0.3173360824584961
1492,1.1936,16,0.15527614951133728,0.0,0.0,0.15527614951133728
1493,1.1944,16,0.4166211783885956,0.0,0.0,0.4166211783885956
1494,1.1952,16,0.11742450296878815,0.0,0.0,0.11742450296878815
1495,1.196,16,0.42131468653678894,0.0,0.0,0.42131468653678894
1496,1.1968,16,0.1464671492576599,0.0,0.0,0.1464671492576599
1497,1.1976,16,0.2518782615661621,0.0,0.0,0.2518782615661621
1498,1.1984,16,0.3117308020591736,0.0,0.0,0.3117308020591736
1499,1.1992,16,0.11623457074165344,0.0,0.0,0.11623457074165344
1500,1.2,16,0.47134992480278015,0.0,0.0,0.47134992480278015
1501,1.2008,16,0.38635164499282837,0.0,0.0,0.38635164499282837
1502,1.2016,16,0.2675805389881134,0.0,0.0,0.2675805389881134
1503,1.2024,16,0.23395048081874847,0.0,0.0,0.23395048081874847
1504,1.2032,16,0.2741769552230835,0.0,0.0,0.2741769552230835
1505,1.204,16,0.3779200613498688,0.0,0.0,0.3779200613498688
1506,1.2048,16,0.4039536118507385,0.0,0.0,0.4039536118507385
1507,1.2056,16,0.5730492472648621,0.0,0.0,0.5730492472648621
1508,1.2064,16,0.24282094836235046,0.0,0.0,0.24282094836235046
1509,1.2072,16,0.25705069303512573,0.0,0.0,0.25705069303512573
1510,1.208,16,0.6732490062713623,0.0,0.0,0.6732490062713623
1511,1.2088,16,0.6191473007202148,0.0,0.0,0.6191473007202148
1512,1.2096,16,0.10689722746610641,0.0,0.0,0.10689722746610641
1513,1.2104,16,0.22940069437026978,0.0,0.0,0.22940069437026978
1514,1.2112,16,0.06253603100776672,0.0,0.0,0.06253603100776672
1515,1.212,16,0.14792615175247192,0.0,0.0,0.14792615175247192
1516,1.2128,16,0.14278487861156464,0.0,0.0,0.14278487861156464
1517,1.2136,16,0.37429380416870117,0.0,0.0,0.37429380416870117
1518,1.2144,16,0.5889293551445007,0.0,0.0,0.5889293551445007
1519,1.2152,16,0.10620483756065369,0.0,0.0,0.10620483756065369
1520,1.216,16,0.48043328523635864,0.0,0.0,0.48043328523635864
1521,1.2168,16,0.1942930817604065,0.0,0.0,0.1942930817604065
1522,1.2176,16,0.20041123032569885,0.0,0.0,0.20041123032569885
1523,1.2184,16,0.5573216676712036,0.0,0.0,0.5573216676712036
1524,1.2192,16,0.13682620227336884,0.0,0.0,0.13682620227336884
1525,1.22,16,0.21111451089382172,0.0,0.0,0.21111451089382172
1526,1.2208,16,0.5771918296813965,0.0,0.0,0.5771918296813965
1527,1.2216,16,0.31819865107536316,0.0,0.0,0.31819865107536316
1528,1.2224,16,0.1787344217300415,0.0,0.0,0.1787344217300415
1529,1.2232,16,0.5973461866378784,0.0,0.0,0.5973461866378784
1530,1.224,16,0.2241203784942627,0.0,0.0,0.2241203784942627
1531,1.2248,16,0.3480571210384369,0.0,0.0,0.3480571210384369
1532,1.2256,16,0.25144702196121216,0.0,0.0,0.25144702196121216
1533,1.2264,16,0.42699530720710754,0.0,0.0,0.42699530720710754
1534,1.2272,16,0.3047495484352112,0.0,0.0,0.3047495484352112
1535,1.228,16,0.5173189043998718,0.0,0.0,0.5173189043998718
1536,1.2288000000000001,16,0.28145843744277954,0.0,0.0,0.28145843744277954
1537,1.2296,16,0.3619432747364044,0.0,0.0,0.3619432747364044
1538,1.2304,16,0.15423576533794403,0.0,0.0,0.15423576533794403
1539,1.2312,16,0.3430180549621582,0.0,0.0,0.3430180549621582
1540,1.232,16,0.19730563461780548,0.0,0.0,0.19730563461780548
1541,1.2328000000000001,16,0.3680580258369446,0.0,0.0,0.3680580258369446
1542,1.2336,16,0.18308833241462708,0.0,0.0,0.18308833241462708
1543,1.2344,16,0.22987443208694458,0.0,0.0,0.22987443208694458
1544,1.2352,16,0.3757140338420868,0.0,0.0,0.3757140338420868
1545,1.236,16,0.42875874042510986,0.0,0.0,0.42875874042510986
1546,1.2368000000000001,16,0.21921652555465698,0.0,0.0,0.21921652555465698
1547,1.2376,16,0.18787547945976257,0.0,0.0,0.18787547945976257
1548,1.2384,16,0.37300777435302734,0.0,0.0,0.37300777435302734
1549,1.2392,16,0.39879581332206726,0.0,0.0,0.39879581332206726
1550,1.24,16,0.543733537197113,0.0,0.0,0.543733537197113
1551,1.2408,16,0.15335668623447418,0.0,0.0,0.15335668623447418
1552,1.2416,16,0.1807958483695984,0.0,0.0,0.1807958483695984
1553,1.2424,16,0.22711193561553955,0.0,0.0,0.22711193561553955
1554,1.2432,16,0.08369342982769012,0.0,0.0,0.08369342982769012
1555,1.244,16,0.26145124435424805,0.0,0.0,0.26145124435424805
1556,1.2448,16,0.19962239265441895,0.0,0.0,0.19962239265441895
1557,1.2456,16,0.6139828562736511,0.0,0.0,0.6139828562736511
1558,1.2464,16,0.1303345263004303,0.0,0.0,0.1303345263004303
1559,1.2472,16,0.1416480839252472,0.0,0.0,0.1416480839252472
1560,1.248,16,0.3557928502559662,0.0,0.0,0.3557928502559662
1561,1.2488,16,0.3176429271697998,0.0,0.0,0.3176429271697998
1562,1.2496,16,0.1606106460094452,0.0,0.0,0.1606106460094452
1563,1.2504,16,0.5429084300994873,0.0,0.0,0.5429084300994873
1564,1.2511999999999999,16,0.5127153396606445,0.0,0.0,0.5127153396606445
1565,1.252,16,0.3290760815143585,0.0,0.0,0.3290760815143585
1566,1.2528000000000001,16,0.28441208600997925,0.0,0.0,0.28441208600997925
1567,1.2536,16,0.0977642610669136,0.0,0.0,0.0977642610669136
1568,1.2544,16,0.14996929466724396,0.0,0.0,0.14996929466724396
1569,1.2551999999999999,16,0.24745364487171173,0.0,0.0,0.24745364487171173
1570,1.256,16,0.1280209720134735,0.0,0.0,0.1280209720134735
1571,1.2568,16,0.17829103767871857,0.0,0.0,0.17829103767871857
1572,1.2576,16,0.4391719102859497,0.0,0.0,0.4391719102859497
1573,1.2584,16,0.30444106459617615,0.0,0.0,0.30444106459617615
1574,1.2591999999999999,16,0.38815683126449585,0.0,0.0,0.38815683126449585
1575,1.26,16,0.14826039969921112,0.0,0.0,0.14826039969921112
1576,1.2608,16,0.4759795069694519,0.0,0.0,0.4759795069694519
1577,1.2616,16,0.1487351953983307,0.0,0.0,0.1487351953983307
1578,1.2624,16,0.3406757116317749,0.0,0.0,0.3406757116317749
1579,1.2631999999999999,16,0.3848187327384949,0.0,0.0,0.3848187327384949
1580,1.264,16,0.42350608110427856,0.0,0.0,0.42350608110427856
1581,1.2648,16,0.6355881690979004,0.0,0.0,0.6355881690979004
1582,1.2656,16,0.11613909900188446,0.0,0.0,0.11613909900188446
1583,1.2664,16,0.12167131900787354,0.0,0.0,0.12167131900787354
1584,1.2671999999999999,16,0.2488763928413391,0.0,0.0,0.2488763928413391
1585,1.268,16,0.20696885883808136,0.0,0.0,0.20696885883808136
1586,1.2688,16,0.27401548624038696,0.0,0.0,0.27401548624038696
1587,1.2696,16,0.6897858381271362,0.0,0.0,0.6897858381271362
1588,1.2704,16,0.29837116599082947,0.0,0.0,0.29837116599082947
1589,1.2711999999999999,16,0.45727670192718506,0.0,0.0,0.45727670192718506
1590,1.272,16,0.39984461665153503,0.0,0.0,0.39984461665153503
1591,1.2728,16,0.09162044525146484,0.0,0.0,0.09162044525146484
1592,1.2736,16,0.10164429247379303,0.0,0.0,0.10164429247379303
1593,1.2744,16,0.09569963067770004,0.0,0.0,0.09569963067770004
1594,1.2752,16,0.48542284965515137,0.0,0.0,0.48542284965515137
1595,1.276,16,0.18808811902999878,0.0,0.0,0.18808811902999878
1596,1.2768,16,0.11046400666236877,0.0,0.0,0.11046400666236877
1597,1.2776,16,0.3455808162689209,0.0,0.0,0.3455808162689209
1598,1.2784,16,0.35739338397979736,0.0,0.0,0.35739338397979736
1599,1.2792,16,0.289600670337677,0.0,0.0,0.289600670337677
1600,1.28,16,0.17235243320465088,0.0,0.0,0.17235243320465088
1601,1.2808,16,0.21155352890491486,0.0,0.0,0.21155352890491486
1602,1.2816,16,0.4800821542739868,0.0,0.0,0.4800821542739868
1603,1.2824,16,0.6152858734130859,0.0,0.0,0.6152858734130859
1604,1.2832,16,0.4029632806777954,0.0,0.0,0.4029632806777954
1605,1.284,16,0.5010960102081299,0.0,0.0,0.5010960102081299
1606,1.2848,16,0.4073176681995392,0.0,0.0,0.4073176681995392
1607,1.2856,16,0.21235796809196472,0.0,0.0,0.21235796809196472
1608,1.2864,16,0.4994654655456543,0.0,0.0,0.4994654655456543
1609,1.2872,16,0.18937653303146362,0.0,0.0,0.18937653303146362
1610,1.288,16,0.33224034309387207,0.0,0.0,0.33224034309387207
1611,1.2888,16,0.349326491355896,0.0,0.0,0.349326491355896
1612,1.2896,16,0.3557649850845337,0.0,0.0,0.3557649850845337
1613,1.2904,16,0.18233969807624817,0.0,0.0,0.18233969807624817
1614,1.2912,16,0.3469492197036743,0.0,0.0,0.3469492197036743
1615,1.292,16,0.313664972782135,0.0,0.0,0.313664972782135
1616,1.2928,16,0.10772363841533661,0.0,0.0,0.10772363841533661
1617,1.2936,16,0.3346945643424988,0.0,0.0,0.3346945643424988
1618,1.2944,16,0.25818222761154175,0.0,0.0,0.25818222761154175
1619,1.2952,16,0.050834741443395615,0.0,0.0,0.050834741443395615
1620,1.296,16,0.32298174500465393,0.0,0.0,0.32298174500465393
1621,1.2968,16,0.23661112785339355,0.0,0.0,0.23661112785339355
1622,1.2976,16,0.8736507296562195,0.0,0.0,0.8736507296562195
1623,1.2984,16,0.4606051743030548,0.0,0.0,0.4606051743030548
1624,1.2992,16,0.2963647246360779,0.0,0.0,0.2963647246360779
1625,1.3,16,0.361188679933548,0.0,0.0,0.361188679933548
1626,1.3008,16,0.6484072208404541,0.0,0.0,0.6484072208404541
1627,1.3016,16,0.22029562294483185,0.0,0.0,0.22029562294483185
1628,1.3024,16,0.24077042937278748,0.0,0.0,0.24077042937278748
1629,1.3032,16,0.25316619873046875,0.0,0.0,0.25316619873046875
1630,1.304,16,0.1230400875210762,0.0,0.0,0.1230400875210762
1631,1.3048,16,0.059042055159807205,0.0,0.0,0.059042055159807205
1632,1.3056,16,0.16735456883907318,0.0,0.0,0.16735456883907318
1633,1.3064,16,0.5485344529151917,0.0,0.0,0.5485344529151917
1634,1.3072,16,0.08383908122777939,0.0,0.0,0.08383908122777939
1635,1.308,16,0.3711218237876892,0.0,0.0,0.3711218237876892
1636,1.3088,16,0.21378947794437408,0.0,0.0,0.21378947794437408
1637,1.3096,16,0.37242504954338074,0.0,0.0,0.37242504954338074
1638,1.3104,16,0.13653887808322906,0.0,0.0,0.13653887808322906
1639,1.3112,16,0.20786699652671814,0.0,0.0,0.20786699652671814
1640,1.312,16,0.23207049071788788,0.0,0.0,0.23207049071788788
1641,1.3128,16,0.121380515396595,0.0,0.0,0.121380515396595
1642,1.3136,16,0.4553094506263733,0.0,0.0,0.4553094506263733
1643,1.3144,16,0.2646826207637787,0.0,0.0,0.2646826207637787
1644,1.3152,16,0.2380531281232834,0.0,0.0,0.2380531281232834
1645,1.316,16,0.10053173452615738,0.0,0.0,0.10053173452615738
1646,1.3168,16,0.33889564871788025,0.0,0.0,0.33889564871788025
1647,1.3176,16,0.5687708854675293,0.0,0.0,0.5687708854675293
1648,1.3184,16,0.20182961225509644,0.0,0.0,0.20182961225509644
1649,1.3192,16,0.3665348291397095,0.0,0.0,0.3665348291397095
1650,1.32,16,0.16701649129390717,0.0,0.0,0.16701649129390717
1651,1.3208,16,0.052497491240501404,0.0,0.0,0.052497491240501404
1652,1.3216,16,0.7945159673690796,0.0,0.0,0.7945159673690796
1653,1.3224,16,0.4054567217826843,0.0,0.0,0.4054567217826843
1654,1.3232,16,0.3066638112068176,0.0,0.0,0.3066638112068176
1655,1.324,16,0.3918612599372864,0.0,0.0,0.3918612599372864
1656,1.3248,16,0.13791567087173462,0.0,0.0,0.13791567087173462
1657,1.3256000000000001,16,0.3808968663215637,0.0,0.0,0.3808968663215637
1658,1.3264,16,0.28280916810035706,0.0,0.0,0.28280916810035706
1659,1.3272,16,0.2737234830856323,0.0,0.0,0.2737234830856323
1660,1.328,16,0.3128461539745331,0.0,0.0,0.3128461539745331
1661,1.3288,16,0.09491898119449615,0.0,0.0,0.09491898119449615
1662,1.3296000000000001,16,0.07634817063808441,0.0,0.0,0.07634817063808441
1663,1.3304,16,0.5186107754707336,0.0,0.0,0.5186107754707336
1664,1.3312,16,0.3079274892807007,0.0,0.0,0.3079274892807007
1665,1.332,16,0.0694921538233757,0.0,0.0,0.0694921538233757
1666,1.3328,16,0.16756027936935425,0.0,0.0,0.16756027936935425
1667,1.3336000000000001,16,0.3888607323169708,0.0,0.0,0.3888607323169708
1668,1.3344,16,0.2583758234977722,0.0,0.0,0.2583758234977722
1669,1.3352,16,0.08775220811367035,0.0,0.0,0.08775220811367035
1670,1.336,16,0.09157687425613403,0.0,0.0,0.09157687425613403
1671,1.3368,16,0.4926593601703644,0.0,0.0,0.4926593601703644
1672,1.3376000000000001,16,0.10789944231510162,0.0,0.0,0.10789944231510162
1673,1.3384,16,0.23004670441150665,0.0,0.0,0.23004670441150665
1674,1.3392,16,0.11287514865398407,0.0,0.0,0.11287514865398407
1675,1.34,16,0.2537974715232849,0.0,0.0,0.2537974715232849
1676,1.3408,16,0.2481812834739685,0.0,0.0,0.2481812834739685
1677,1.3416000000000001,16,0.2743551731109619,0.0,0.0,0.2743551731109619
1678,1.3424,16,0.3550207316875458,0.0,0.0,0.3550207316875458
1679,1.3432,16,0.6039814949035645,0.0,0.0,0.6039814949035645
1680,1.3439999999999999,16,0.05739136040210724,0.0,0.0,0.05739136040210724
1681,1.3448,16,0.3545176386833191,0.0,0.0,0.3545176386833191
1682,1.3456000000000001,16,0.33149296045303345,0.0,0.0,0.33149296045303345
1683,1.3464,16,0.2254076451063156,0.0,0.0,0.2254076451063156
1684,1.3472,16,0.5520820617675781,0.0,0.0,0.5520820617675781
1685,1.3479999999999999,16,0.4207260012626648,0.0,0.0,0.4207260012626648
1686,1.3488,16,0.6355695128440857,0.0,0.0,0.6355695128440857
1687,1.3496000000000001,16,0.2775590717792511,0.0,0.0,0.2775590717792511
1688,1.3504,16,0.479528546333313,0.0,0.0,0.479528546333313
1689,1.3512,16,0.27255603671073914,0.0,0.0,0.27255603671073914
1690,1.3519999999999999,16,0.25399014353752136,0.0,0.0,0.25399014353752136
1691,1.3528,16,0.08142829686403275,0.0,0.0,0.08142829686403275
1692,1.3536000000000001,16,0.2593328654766083,0.0,0.0,0.2593328654766083
1693,1.3544,16,0.1274690330028534,0.0,0.0,0.1274690330028534
1694,1.3552,16,0.41026410460472107,0.0,0.0,0.41026410460472107
1695,1.3559999999999999,16,0.25748780369758606,0.0,0.0,0.25748780369758606
1696,1.3568,16,0.27557843923568726,0.0,0.0,0.27557843923568726
1697,1.3576,16,0.4561479687690735,0.0,0.0,0.4561479687690735
1698,1.3584,16,0.14195489883422852,0.0,0.0,0.14195489883422852
1699,1.3592,16,0.3238171935081482,0.0,0.0,0.3238171935081482
1700,1.3599999999999999,16,0.4839542806148529,0.0,0.0,0.4839542806148529
1701,1.3608,16,0.3369249999523163,0.0,0.0,0.3369249999523163
1702,1.3616,16,0.200720876455307,0.0,0.0,0.200720876455307
1703,1.3624,16,0.32833123207092285,0.0,0.0,0.32833123207092285
1704,1.3632,16,0.3486482799053192,0.0,0.0,0.3486482799053192
1705,1.3639999999999999,16,0.3519752621650696,0.0,0.0,0.3519752621650696
1706,1.3648,16,0.27684101462364197,0.0,0.0,0.27684101462364197
1707,1.3656,16,0.3672583997249603,0.0,0.0,0.3672583997249603
1708,1.3664,16,0.18311499059200287,0.0,0.0,0.18311499059200287
1709,1.3672,16,0.11717326194047928,0.0,0.0,0.11717326194047928
1710,1.3679999999999999,16,0.3539871573448181,0.0,0.0,0.3539871573448181
1711,1.3688,16,0.564792275428772,0.0,0.0,0.564792275428772
1712,1.3696,16,0.35388463735580444,0.0,0.0,0.35388463735580444
1713,1.3704,16,0.41630327701568604,0.0,0.0,0.41630327701568604
1714,1.3712,16,0.43518829345703125,0.0,0.0,0.43518829345703125
1715,1.3719999999999999,16,0.47868359088897705,0.0,0.0,0.47868359088897705
1716,1.3728,16,0.40366828441619873,0.0,0.0,0.40366828441619873
1717,1.3736,16,0.40391165018081665,0.0,0.0,0.40391165018081665
1718,1.3744,16,0.2755294442176819,0.0,0.0,0.2755294442176819
1719,1.3752,16,0.26237690448760986,0.0,0.0,0.26237690448760986
1720,1.376,16,0.4492494463920593,0.0,0.0,0.4492494463920593
1721,1.3768,16,0.3986002504825592,0.0,0.0,0.3986002504825592
1722,1.3776,16,0.32316550612449646,0.0,0.0,0.32316550612449646
1723,1.3784,16,0.21662738919258118,0.0,0.0,0.21662738919258118
1724,1.3792,16,0.4392493665218353,0.0,0.0,0.4392493665218353
1725,1.38,16,0.19382894039154053,0.0,0.0,0.19382894039154053
1726,1.3808,16,0.3896746039390564,0.0,0.0,0.3896746039390564
1727,1.3816,16,0.35396212339401245,0.0,0.0,0.35396212339401245
1728,1.3824,16,0.10757072269916534,0.0,0.0,0.10757072269916534
1729,1.3832,16,0.05808229744434357,0.0,0.0,0.05808229744434357
1730,1.384,16,0.19863688945770264,0.0,0.0,0.19863688945770264
1731,1.3848,16,0.4200536906719208,0.0,0.0,0.4200536906719208
1732,1.3856,16,0.30088353157043457,0.0,0.0,0.30088353157043457
1733,1.3864,16,0.3621090054512024,0.0,0.0,0.3621090054512024
1734,1.3872,16,0.18391284346580505,0.0,0.0,0.18391284346580505
1735,1.388,16,0.1093239039182663,0.0,0.0,0.1093239039182663
1736,1.3888,16,0.1859423816204071,0.0,0.0,0.1859423816204071
1737,1.3896,16,0.68495774269104,0.0,0.0,0.68495774269104
1738,1.3904,16,0.2610327899456024,0.0,0.0,0.2610327899456024
1739,1.3912,16,0.22106041014194489,0.0,0.0,0.22106041014194489
1740,1.392,16,0.46793439984321594,0.0,0.0,0.46793439984321594
1741,1.3928,16,0.2918768525123596,0.0,0.0,0.2918768525123596
1742,1.3936,16,0.2204611897468567,0.0,0.0,0.2204611897468567
1743,1.3944,16,0.2283397763967514,0.0,0.0,0.2283397763967514
1744,1.3952,16,0.15992328524589539,0.0,0.0,0.15992328524589539
1745,1.396,16,0.49259212613105774,0.0,0.0,0.49259212613105774
1746,1.3968,16,0.6838827729225159,0.0,0.0,0.6838827729225159
1747,1.3976,16,0.621785581111908,0.0,0.0,0.621785581111908
1748,1.3984,16,0.10202118754386902,0.0,0.0,0.10202118754386902
1749,1.3992,16,0.2851453125476837,0.0,0.0,0.2851453125476837
1750,1.4,16,0.798389732837677,0.0,0.0,0.798389732837677
1751,1.4008,16,0.15849608182907104,0.0,0.0,0.15849608182907104
1752,1.4016,16,0.49194085597991943,0.0,0.0,0.49194085597991943
1753,1.4024,16,0.43962937593460083,0.0,0.0,0.43962937593460083
1754,1.4032,16,0.2679796814918518,0.0,0.0,0.2679796814918518
1755,1.404,16,0.07571719586849213,0.0,0.0,0.07571719586849213
1756,1.4048,16,0.3622206747531891,0.0,0.0,0.3622206747531891
1757,1.4056,16,0.2992946207523346,0.0,0.0,0.2992946207523346
1758,1.4064,16,0.288484662771225,0.0,0.0,0.288484662771225
1759,1.4072,16,0.2872310280799866,0.0,0.0,0.2872310280799866
1760,1.408,16,0.450383722782135,0.0,0.0,0.450383722782135
1761,1.4088,16,0.2593182921409607,0.0,0.0,0.2593182921409607
1762,1.4096,16,0.39926302433013916,0.0,0.0,0.39926302433013916
1763,1.4104,16,0.40809518098831177,0.0,0.0,0.40809518098831177
1764,1.4112,16,0.3095557689666748,0.0,0.0,0.3095557689666748
1765,1.412,16,0.24760770797729492,0.0,0.0,0.24760770797729492
1766,1.4128,16,0.2362373173236847,0.0,0.0,0.2362373173236847
1767,1.4136,16,0.3065407872200012,0.0,0.0,0.3065407872200012
1768,1.4144,16,0.2466558963060379,0.0,0.0,0.2466558963060379
1769,1.4152,16,0.2333124428987503,0.0,0.0,0.2333124428987503
1770,1.416,16,0.2728230357170105,0.0,0.0,0.2728230357170105
1771,1.4168,16,0.26055264472961426,0.0,0.0,0.26055264472961426
1772,1.4176,16,0.36698922514915466,0.0,0.0,0.36698922514915466
1773,1.4184,16,0.13135656714439392,0.0,0.0,0.13135656714439392
1774,1.4192,16,0.5458446741104126,0.0,0.0,0.5458446741104126
1775,1.42,16,0.2603062391281128,0.0,0.0,0.2603062391281128
1776,1.4208,16,0.4304444193840027,0.0,0.0,0.4304444193840027
1777,1.4216,16,0.2956739664077759,0.0,0.0,0.2956739664077759
1778,1.4224,16,0.23788684606552124,0.0,0.0,0.23788684606552124
1779,1.4232,16,0.19090546667575836,0.0,0.0,0.19090546667575836
1780,1.424,16,0.4049197733402252,0.0,0.0,0.4049197733402252
1781,1.4248,16,0.2550632953643799,0.0,0.0,0.2550632953643799
1782,1.4256,16,0.45102936029434204,0.0,0.0,0.45102936029434204
1783,1.4264000000000001,16,0.15470468997955322,0.0,0.0,0.15470468997955322
1784,1.4272,16,0.3546009659767151,0.0,0.0,0.3546009659767151
1785,1.428,16,0.5753180980682373,0.0,0.0,0.5753180980682373
1786,1.4288,16,0.43468180298805237,0.0,0.0,0.43468180298805237
1787,1.4296,16,0.6300519704818726,0.0,0.0,0.6300519704818726
1788,1.4304000000000001,16,0.6309000849723816,0.0,0.0,0.6309000849723816
1789,1.4312,16,0.3333277702331543,0.0,0.0,0.3333277702331543
1790,1.432,16,0.3199322521686554,0.0,0.0,0.3199322521686554
1791,1.4328,16,0.323944628238678,0.0,0.0,0.323944628238678
1792,1.4336,16,0.27139008045196533,0.0,0.0,0.27139008045196533
1793,1.4344000000000001,16,0.3456728756427765,0.0,0.0,0.3456728756427765
1794,1.4352,16,0.43223777413368225,0.0,0.0,0.43223777413368225
1795,1.436,16,0.12517012655735016,0.0,0.0,0.12517012655735016
1796,1.4368,16,0.33229726552963257,0.0,0.0,0.33229726552963257
1797,1.4376,16,0.5092403888702393,0.0,0.0,0.5092403888702393
1798,1.4384000000000001,16,0.5615436434745789,0.0,0.0,0.5615436434745789
1799,1.4392,16,0.11286668479442596,0.0,0.0,0.11286668479442596
1800,1.44,16,0.3020389974117279,0.0,0.0,0.3020389974117279
1801,1.4408,16,0.4427187442779541,0.0,0.0,0.4427187442779541
1802,1.4416,16,0.4112589955329895,0.0,0.0,0.4112589955329895
1803,1.4424000000000001,16,0.6191146373748779,0.0,0.0,0.6191146373748779
1804,1.4432,16,0.23065561056137085,0.0,0.0,0.23065561056137085
1805,1.444,16,0.35878151655197144,0.0,0.0,0.35878151655197144
1806,1.4447999999999999,16,0.44826579093933105,0.0,0.0,0.44826579093933105
1807,1.4456,16,0.47069647908210754,0.0,0.0,0.47069647908210754
1808,1.4464000000000001,16,0.2916683852672577,0.0,0.0,0.2916683852672577
1809,1.4472,16,0.2546805441379547,0.0,0.0,0.2546805441379547
1810,1.448,16,0.37699756026268005,0.0,0.0,0.37699756026268005
1811,1.4487999999999999,16,0.2592437267303467,0.0,0.0,0.2592437267303467
1812,1.4496,16,0.47400951385498047,0.0,0.0,0.47400951385498047
1813,1.4504000000000001,16,0.4631846249103546,0.0,0.0,0.4631846249103546
1814,1.4512,16,0.3195459246635437,0.0,0.0,0.3195459246635437
1815,1.452,16,0.2602541446685791,0.0,0.0,0.2602541446685791
1816,1.4527999999999999,16,0.4105773866176605,0.0,0.0,0.4105773866176605
1817,1.4536,16,0.19289708137512207,0.0,0.0,0.19289708137512207
1818,1.4544000000000001,16,0.22237235307693481,0.0,0.0,0.22237235307693481
1819,1.4552,16,0.4386071562767029,0.0,0.0,0.4386071562767029
1820,1.456,16,0.46714749932289124,0.0,0.0,0.46714749932289124
1821,1.4567999999999999,16,0.1860189139842987,0.0,0.0,0.1860189139842987
1822,1.4576,16,0.608315110206604,0.0,0.0,0.608315110206604
1823,1.4584,16,0.1132468432188034,0.0,0.0,0.1132468432188034
1824,1.4592,16,0.2476300597190857,0.0,0.0,0.2476300597190857
1825,1.46,16,0.3250121474266052,0.0,0.0,0.3250121474266052
1826,1.4607999999999999,16,0.20780973136425018,0.0,0.0,0.20780973136425018
1827,1.4616,16,0.3936706483364105,0.0,0.0,0.3936706483364105
1828,1.4624,16,0.4310607314109802,0.0,0.0,0.4310607314109802
1829,1.4632,16,0.12568780779838562,0.0,0.0,0.12568780779838562
1830,1.464,16,0.31214630603790283,0.0,0.0,0.31214630603790283
1831,1.4647999999999999,16,0.15657448768615723,0.0,0.0,0.15657448768615723
1832,1.4656,16,0.23540563881397247,0.0,0.0,0.23540563881397247
1833,1.4664,16,0.27527040243148804,0.0,0.0,0.27527040243148804
1834,1.4672,16,0.37897929549217224,0.0,0.0,0.37897929549217224
1835,1.468,16,0.29231077432632446,0.0,0.0,0.29231077432632446
1836,1.4687999999999999,16,0.4037720263004303,0.0,0.0,0.4037720263004303
1837,1.4696,16,0.4456094205379486,0.0,0.0,0.4456094205379486
1838,1.4704,16,0.2971586287021637,0.0,0.0,0.2971586287021637
1839,1.4712,16,0.07841023802757263,0.0,0.0,0.07841023802757263
1840,1.472,16,0.06428723782300949,0.0,0.0,0.06428723782300949
1841,1.4727999999999999,16,0.35497891902923584,0.0,0.0,0.35497891902923584
1842,1.4736,16,0.29377511143684387,0.0,0.0,0.29377511143684387
1843,1.4744,16,0.3110254108905792,0.0,0.0,0.3110254108905792
1844,1.4752,16,0.6902148723602295,0.0,0.0,0.6902148723602295
1845,1.476,16,0.196344792842865,0.0,0.0,0.196344792842865
1846,1.4768,16,0.29986876249313354,0.0,0.0,0.29986876249313354
1847,1.4776,16,0.35933250188827515,0.0,0.0,0.35933250188827515
1848,1.4784,16,0.14294728636741638,0.0,0.0,0.14294728636741638
1849,1.4792,16,0.49836570024490356,0.0,0.0,0.49836570024490356
1850,1.48,16,0.18295548856258392,0.0,0.0,0.18295548856258392
1851,1.4808,16,0.08102379739284515,0.0,0.0,0.08102379739284515
1852,1.4816,16,0.23121142387390137,0.0,0.0,0.23121142387390137
1853,1.4824,16,0.3349352478981018,0.0,0.0,0.3349352478981018
1854,1.4832,16,0.3176687955856323,0.0,0.0,0.3176687955856323
1855,1.484,16,0.0667669028043747,0.0,0.0,0.0667669028043747
1856,1.4848,16,0.3444834053516388,0.0,0.0,0.3444834053516388
1857,1.4856,16,0.21433678269386292,0.0,0.0,0.21433678269386292
1858,1.4864,16,0.12364360690116882,0.0,0.0,0.12364360690116882
1859,1.4872,16,0.14349369704723358,0.0,0.0,0.14349369704723358
1860,1.488,16,0.15222054719924927,0.0,0.0,0.15222054719924927
1861,1.4888,16,0.2805522680282593,0.0,0.0,0.2805522680282593
1862,1.4896,16,0.1302781105041504,0.0,0.0,0.1302781105041504
1863,1.4904,16,0.07130791246891022,0.0,0.0,0.07130791246891022
1864,1.4912,16,0.4796859920024872,0.0,0.0,0.4796859920024872
1865,1.492,16,0.3994121253490448,0.0,0.0,0.3994121253490448
1866,1.4928,16,0.680366039276123,0.0,0.0,0.680366039276123
1867,1.4936,16,0.14475998282432556,0.0,0.0,0.14475998282432556
1868,1.4944,16,0.40747109055519104,0.0,0.0,0.40747109055519104
1869,1.4952,16,0.09120529145002365,0.0,0.0,0.09120529145002365
1870,1.496,16,0.21943607926368713,0.0,0.0,0.21943607926368713
1871,1.4968,16,0.29642361402511597,0.0,0.0,0.29642361402511597
1872,1.4976,16,0.7659102082252502,0.0,0.0,0.7659102082252502
1873,1.4984,16,0.33033016324043274,0.0,0.0,0.33033016324043274
1874,1.4992,16,0.35493436455726624,0.0,0.0,0.35493436455726624
1875,1.5,16,0.3777269423007965,0.0,0.0,0.3777269423007965
1876,1.5008,16,0.23529037833213806,0.0,0.0,0.23529037833213806
1877,1.5016,16,0.8046728372573853,0.0,0.0,0.8046728372573853
1878,1.5024,16,0.35119128227233887,0.0,0.0,0.35119128227233887
1879,1.5032,16,0.15992465615272522,0.0,0.0,0.15992465615272522
1880,1.504,16,0.42754608392715454,0.0,0.0,0.42754608392715454
1881,1.5048,16,0.08534763008356094,0.0,0.0,0.08534763008356094
1882,1.5056,16,0.5073714256286621,0.0,0.0,0.5073714256286621
1883,1.5064,16,0.2989009916782379,0.0,0.0,0.2989009916782379
1884,1.5072,16,0.2046326845884323,0.0,0.0,0.2046326845884323
1885,1.508,16,0.41249650716781616,0.0,0.0,0.41249650716781616
1886,1.5088,16,0.4304598569869995,0.0,0.0,0.4304598569869995
1887,1.5096,16,0.3598223924636841,0.0,0.0,0.3598223924636841
1888,1.5104,16,0.4890834093093872,0.0,0.0,0.4890834093093872
1889,1.5112,16,0.3128545880317688,0.0,0.0,0.3128545880317688
1890,1.512,16,0.24275127053260803,0.0,0.0,0.24275127053260803
1891,1.5128,16,0.35277238488197327,0.0,0.0,0.35277238488197327
1892,1.5135999999999998,16,0.31140419840812683,0.0,0.0,0.31140419840812683
1893,1.5144,16,0.21915990114212036,0.0,0.0,0.21915990114212036
1894,1.5152,16,0.07431364804506302,0.0,0.0,0.07431364804506302
1895,1.516,16,0.0783965140581131,0.0,0.0,0.0783965140581131
1896,1.5168,16,0.14986379444599152,0.0,0.0,0.14986379444599152
1897,1.5175999999999998,16,0.10710522532463074,0.0,0.0,0.10710522532463074
1898,1.5184,16,0.11855801939964294,0.0,0.0,0.11855801939964294
1899,1.5192,16,0.5840063095092773,0.0,0.0,0.5840063095092773
1900,1.52,16,0.22799979150295258,0.0,0.0,0.22799979150295258
1901,1.5208,16,0.247611865401268,0.0,0.0,0.247611865401268
1902,1.5215999999999998,16,0.2870778441429138,0.0,0.0,0.2870778441429138
1903,1.5224,16,0.5240731239318848,0.0,0.0,0.5240731239318848
1904,1.5232,16,0.26055559515953064,0.0,0.0,0.26055559515953064
1905,1.524,16,0.23376858234405518,0.0,0.0,0.23376858234405518
1906,1.5248,16,0.5426098704338074,0.0,0.0,0.5426098704338074
1907,1.5255999999999998,16,0.3866143226623535,0.0,0.0,0.3866143226623535
1908,1.5264,16,0.3604567050933838,0.0,0.0,0.3604567050933838
1909,1.5272000000000001,16,0.3345845639705658,0.0,0.0,0.3345845639705658
1910,1.528,16,0.4006776213645935,0.0,0.0,0.4006776213645935
1911,1.5288,16,0.140628844499588,0.0,0.0,0.140628844499588
1912,1.5295999999999998,16,0.6973766088485718,0.0,0.0,0.6973766088485718
1913,1.5304,16,0.06328633427619934,0.0,0.0,0.06328633427619934
1914,1.5312000000000001,16,0.2700531482696533,0.0,0.0,0.2700531482696533
1915,1.532,16,0.20282529294490814,0.0,0.0,0.20282529294490814
1916,1.5328,16,0.5110014081001282,0.0,0.0,0.5110014081001282
1917,1.5335999999999999,16,0.42380690574645996,0.0,0.0,0.42380690574645996
1918,1.5344,16,0.29085981845855713,0.0,0.0,0.29085981845855713
1919,1.5352000000000001,16,0.43121257424354553,0.0,0.0,0.43121257424354553
1920,1.536,16,0.24873086810112,0.0,0.0,0.24873086810112
1921,1.5368,16,0.3601222634315491,0.0,0.0,0.3601222634315491
1922,1.5375999999999999,16,0.06170563027262688,0.0,0.0,0.06170563027262688
1923,1.5384,16,0.49541792273521423,0.0,0.0,0.49541792273521423
1924,1.5392000000000001,16,0.559158444404602,0.0,0.0,0.559158444404602
1925,1.54,16,0.07734569162130356,0.0,0.0,0.07734569162130356
1926,1.5408,16,0.08210533857345581,0.0,0.0,0.08210533857345581
1927,1.5415999999999999,16,0.32674121856689453,0.0,0.0,0.32674121856689453
1928,1.5424,16,0.3795660734176636,0.0,0.0,0.3795660734176636
1929,1.5432000000000001,16,0.06900912523269653,0.0,0.0,0.06900912523269653
1930,1.544,16,0.3024183511734009,0.0,0.0,0.3024183511734009
1931,1.5448,16,0.6720860004425049,0.0,0.0,0.6720860004425049
1932,1.5455999999999999,16,0.4645983874797821,0.0,0.0,0.4645983874797821
1933,1.5464,16,0.12226048111915588,0.0,0.0,0.12226048111915588
1934,1.5472000000000001,16,0.13254807889461517,0.0,0.0,0.13254807889461517
1935,1.548,16,0.3349398374557495,0.0,0.0,0.3349398374557495
1936,1.5488,16,0.18471109867095947,0.0,0.0,0.18471109867095947
1937,1.5495999999999999,16,0.06796946376562119,0.0,0.0,0.06796946376562119
1938,1.5504,16,0.19972971081733704,0.0,0.0,0.19972971081733704
1939,1.5512000000000001,16,0.252474844455719,0.0,0.0,0.252474844455719
1940,1.552,16,0.5070322751998901,0.0,0.0,0.5070322751998901
1941,1.5528,16,0.4487704336643219,0.0,0.0,0.4487704336643219
1942,1.5535999999999999,16,0.4246683716773987,0.0,0.0,0.4246683716773987
1943,1.5544,16,0.3910430073738098,0.0,0.0,0.3910430073738098
1944,1.5552000000000001,16,0.3078613877296448,0.0,0.0,0.3078613877296448
1945,1.556,16,0.16423849761486053,0.0,0.0,0.16423849761486053
1946,1.5568,16,0.35867035388946533,0.0,0.0,0.35867035388946533
1947,1.5575999999999999,16,0.14995987713336945,0.0,0.0,0.14995987713336945
1948,1.5584,16,0.2936972379684448,0.0,0.0,0.2936972379684448
1949,1.5592000000000001,16,0.08926854282617569,0.0,0.0,0.08926854282617569
1950,1.56,16,0.7143481969833374,0.0,0.0,0.7143481969833374
1951,1.5608,16,0.07334868609905243,0.0,0.0,0.07334868609905243
1952,1.5615999999999999,16,0.3453330397605896,0.0,0.0,0.3453330397605896
1953,1.5624,16,0.30123111605644226,0.0,0.0,0.30123111605644226
1954,1.5632000000000001,16,0.09736722707748413,0.0,0.0,0.09736722707748413
1955,1.564,16,0.08190470188856125,0.0,0.0,0.08190470188856125
1956,1.5648,16,0.3130636215209961,0.0,0.0,0.3130636215209961
1957,1.5655999999999999,16,0.252363383769989,0.0,0.0,0.252363383769989
1958,1.5664,16,0.264793336391449,0.0,0.0,0.264793336391449
1959,1.5672000000000001,16,0.08398778736591339,0.0,0.0,0.08398778736591339
1960,1.568,16,0.17987865209579468,0.0,0.0,0.17987865209579468
1961,1.5688,16,0.47791171073913574,0.0,0.0,0.47791171073913574
1962,1.5695999999999999,16,0.10197704285383224,0.0,0.0,0.10197704285383224
1963,1.5704,16,0.3019985556602478,0.0,0.0,0.3019985556602478
1964,1.5712000000000002,16,0.585722804069519,0.0,0.0,0.585722804069519
1965,1.572,16,0.34138190746307373,0.0,0.0,0.34138190746307373
1966,1.5728,16,0.38076645135879517,0.0,0.0,0.38076645135879517
1967,1.5735999999999999,16,0.2554054856300354,0.0,0.0,0.2554054856300354
1968,1.5744,16,0.7127779722213745,0.0,0.0,0.7127779722213745
1969,1.5752000000000002,16,0.2636290490627289,0.0,0.0,0.2636290490627289
1970,1.576,16,0.31112736463546753,0.0,0.0,0.31112736463546753
1971,1.5768,16,0.1052105501294136,0.0,0.0,0.1052105501294136
1972,1.5776,16,0.1543714851140976,0.0,0.0,0.1543714851140976
1973,1.5784,16,0.3058159053325653,0.0,0.0,0.3058159053325653
1974,1.5792000000000002,16,0.3931201696395874,0.0,0.0,0.3931201696395874
1975,1.58,16,0.44839850068092346,0.0,0.0,0.44839850068092346
1976,1.5808,16,0.2901475727558136,0.0,0.0,0.2901475727558136
1977,1.5816,16,0.2496819794178009,0.0,0.0,0.2496819794178009
1978,1.5824,16,0.7283650636672974,0.0,0.0,0.7283650636672974
1979,1.5832000000000002,16,0.15090727806091309,0.0,0.0,0.15090727806091309
1980,1.584,16,0.42369604110717773,0.0,0.0,0.42369604110717773
1981,1.5848,16,0.3649654984474182,0.0,0.0,0.3649654984474182
1982,1.5856,16,0.13490523397922516,0.0,0.0,0.13490523397922516
1983,1.5864,16,0.28978657722473145,0.0,0.0,0.28978657722473145
1984,1.5872000000000002,16,0.2489367425441742,0.0,0.0,0.2489367425441742
1985,1.588,16,0.614679217338562,0.0,0.0,0.614679217338562
1986,1.5888,16,0.2833386957645416,0.0,0.0,0.2833386957645416
1987,1.5896,16,0.38940244913101196,0.0,0.0,0.38940244913101196
1988,1.5904,16,0.45032480359077454,0.0,0.0,0.45032480359077454
1989,1.5912,16,0.2355269342660904,0.0,0.0,0.2355269342660904
1990,1.592,16,0.5128133296966553,0.0,0.0,0.5128133296966553
1991,1.5928,16,0.44639796018600464,0.0,0.0,0.44639796018600464
1992,1.5936,16,0.2641680836677551,0.0,0.0,0.2641680836677551
1993,1.5944,16,0.3859802484512329,0.0,0.0,0.3859802484512329
1994,1.5952,16,0.30670592188835144,0.0,0.0,0.30670592188835144
1995,1.596,16,0.058977022767066956,0.0,0.0,0.058977022767066956
1996,1.5968,16,0.35969942808151245,0.0,0.0,0.35969942808151245
1997,1.5976,16,0.16013462841510773,0.0,0.0,0.16013462841510773
1998,1.5984,16,0.1358836591243744,0.0,0.0,0.1358836591243744
1999,1.5992,16,0.2811405658721924,0.0,0.0,0.2811405658721924
2000,1.6,16,0.2977299690246582,0.0,0.0,0.2977299690246582
2001,1.6008,16,0.4676857590675354,0.0,0.0,0.4676857590675354
2002,1.6016,16,0.13023525476455688,0.0,0.0,0.13023525476455688
2003,1.6024,16,0.5653706789016724,0.0,0.0,0.5653706789016724
2004,1.6032,16,0.24096894264221191,0.0,0.0,0.24096894264221191
2005,1.604,16,0.1528906226158142,0.0,0.0,0.1528906226158142
2006,1.6048,16,0.4700171947479248,0.0,0.0,0.4700171947479248
2007,1.6056,16,0.4259766638278961,0.0,0.0,0.4259766638278961
2008,1.6064,16,0.36710941791534424,0.0,0.0,0.36710941791534424
2009,1.6072,16,0.1726951152086258,0.0,0.0,0.1726951152086258
2010,1.608,16,0.4175930619239807,0.0,0.0,0.4175930619239807
2011,1.6088,16,0.35324621200561523,0.0,0.0,0.35324621200561523
2012,1.6096,16,0.39746013283729553,0.0,0.0,0.39746013283729553
2013,1.6104,16,0.12207939475774765,0.0,0.0,0.12207939475774765
2014,1.6112,16,0.6779011487960815,0.0,0.0,0.6779011487960815
2015,1.612,16,0.3045540153980255,0.0,0.0,0.3045540153980255
2016,1.6128,16,0.4110598564147949,0.0,0.0,0.4110598564147949
2017,1.6136,16,0.3676796555519104,0.0,0.0,0.3676796555519104
2018,1.6143999999999998,16,0.3731488585472107,0.0,0.0,0.3731488585472107
2019,1.6152,16,0.3320685625076294,0.0,0.0,0.3320685625076294
2020,1.616,16,0.19446700811386108,0.0,0.0,0.19446700811386108
2021,1.6168,16,0.21429601311683655,0.0,0.0,0.21429601311683655
2022,1.6176,16,0.5083351135253906,0.0,0.0,0.5083351135253906
2023,1.6183999999999998,16,0.10699573904275894,0.0,0.0,0.10699573904275894
2024,1.6192,16,0.17362385988235474,0.0,0.0,0.17362385988235474
2025,1.62,16,0.4839685559272766,0.0,0.0,0.4839685559272766
2026,1.6208,16,0.34687864780426025,0.0,0.0,0.34687864780426025
2027,1.6216,16,0.1752089262008667,0.0,0.0,0.1752089262008667
2028,1.6223999999999998,16,0.4118373990058899,0.0,0.0,0.4118373990058899
2029,1.6232,16,0.21692630648612976,0.0,0.0,0.21692630648612976
2030,1.624,16,0.24305236339569092,0.0,0.0,0.24305236339569092
2031,1.6248,16,0.1661924421787262,0.0,0.0,0.1661924421787262
2032,1.6256,16,0.3412635028362274,0.0,0.0,0.3412635028362274
2033,1.6263999999999998,16,0.2446395307779312,0.0,0.0,0.2446395307779312
2034,1.6272,16,0.4299290180206299,0.0,0.0,0.4299290180206299
2035,1.6280000000000001,16,0.14329269528388977,0.0,0.0,0.14329269528388977
2036,1.6288,16,0.21204355359077454,0.0,0.0,0.21204355359077454
2037,1.6296,16,0.21975812315940857,0.0,0.0,0.21975812315940857
2038,1.6303999999999998,16,0.2779971659183502,0.0,0.0,0.2779971659183502
2039,1.6312,16,0.23991894721984863,0.0,0.0,0.23991894721984863
2040,1.6320000000000001,16,0.3183467388153076,0.0,0.0,0.3183467388153076
2041,1.6328,16,0.24730649590492249,0.0,0.0,0.24730649590492249
2042,1.6336,16,0.2469862550497055,0.0,0.0,0.2469862550497055
2043,1.6343999999999999,16,0.39029961824417114,0.0,0.0,0.39029961824417114
2044,1.6352,16,0.40516728162765503,0.0,0.0,0.40516728162765503
2045,1.6360000000000001,16,0.3373376429080963,0.0,0.0,0.3373376429080963
2046,1.6368,16,0.243773952126503,0.0,0.0,0.243773952126503
2047,1.6376,16,0.39860257506370544,0.0,0.0,0.39860257506370544
2048,1.6383999999999999,16,0.37092769145965576,0.0,0.0,0.37092769145965576
2049,1.6392,16,0.27919653058052063,0.0,0.0,0.27919653058052063
2050,1.6400000000000001,16,0.14693193137645721,0.0,0.0,0.14693193137645721
2051,1.6408,16,0.14691457152366638,0.0,0.0,0.14691457152366638
2052,1.6416,16,0.6871781349182129,0.0,0.0,0.6871781349182129
2053,1.6423999999999999,16,0.23841264843940735,0.0,0.0,0.23841264843940735
2054,1.6432,16,0.17872287333011627,0.0,0.0,0.17872287333011627
2055,1.6440000000000001,16,0.33711498975753784,0.0,0.0,0.33711498975753784
2056,1.6448,16,0.3177703022956848,0.0,0.0,0.3177703022956848
2057,1.6456,16,0.3874950110912323,0.0,0.0,0.3874950110912323
2058,1.6463999999999999,16,0.6040608882904053,0.0,0.0,0.6040608882904053
2059,1.6472,16,0.08945488929748535,0.0,0.0,0.08945488929748535
2060,1.6480000000000001,16,0.36516571044921875,0.0,0.0,0.36516571044921875
2061,1.6488,16,0.6714218854904175,0.0,0.0,0.6714218854904175
2062,1.6496,16,0.3792661428451538,0.0,0.0,0.3792661428451538
2063,1.6503999999999999,16,0.5828471779823303,0.0,0.0,0.5828471779823303
2064,1.6512,16,0.22796548902988434,0.0,0.0,0.22796548902988434
2065,1.6520000000000001,16,0.2689427435398102,0.0,0.0,0.2689427435398102
2066,1.6528,16,0.19653552770614624,0.0,0.0,0.19653552770614624
2067,1.6536,16,0.22720131278038025,0.0,0.0,0.22720131278038025
2068,1.6543999999999999,16,0.3107621371746063,0.0,0.0,0.3107621371746063
2069,1.6552,16,0.1076679527759552,0.0,0.0,0.1076679527759552
2070,1.6560000000000001,16,0.3918812870979309,0.0,0.0,0.3918812870979309
2071,1.6568,16,0.2446386218070984,0.0,0.0,0.2446386218070984
2072,1.6576,16,0.4136703610420227,0.0,0.0,0.4136703610420227
2073,1.6583999999999999,16,0.2673015892505646,0.0,0.0,0.2673015892505646
2074,1.6592,16,0.14263448119163513,0.0,0.0,0.14263448119163513
2075,1.6600000000000001,16,0.37369295954704285,0.0,0.0,0.37369295954704285
2076,1.6608,16,0.3973257541656494,0.0,0.0,0.3973257541656494
2077,1.6616,16,0.4624573886394501,0.0,0.0,0.4624573886394501
2078,1.6623999999999999,16,0.07568719983100891,0.0,0.0,0.07568719983100891
2079,1.6632,16,0.08247528970241547,0.0,0.0,0.08247528970241547
2080,1.6640000000000001,16,0.3536432683467865,0.0,0.0,0.3536432683467865
2081,1.6648,16,0.20046839118003845,0.0,0.0,0.20046839118003845
2082,1.6656,16,0.16882245242595673,0.0,0.0,0.16882245242595673
2083,1.6663999999999999,16,0.31977105140686035,0.0,0.0,0.31977105140686035
2084,1.6672,16,0.1359027922153473,0.0,0.0,0.1359027922153473
2085,1.6680000000000001,16,0.20866575837135315,0.0,0.0,0.20866575837135315
2086,1.6688,16,0.15174716711044312,0.0,0.0,0.15174716711044312
2087,1.6696,16,0.18653005361557007,0.0,0.0,0.18653005361557007
2088,1.6703999999999999,16,0.2805543541908264,0.0,0.0,0.2805543541908264
2089,1.6712,16,0.10201914608478546,0.0,0.0,0.10201914608478546
2090,1.6720000000000002,16,0.15280196070671082,0.0,0.0,0.15280196070671082
2091,1.6728,16,0.15247315168380737,0.0,0.0,0.15247315168380737
2092,1.6736,16,0.2902132570743561,0.0,0.0,0.2902132570743561
2093,1.6743999999999999,16,0.19350996613502502,0.0,0.0,0.19350996613502502
2094,1.6752,16,0.07657616585493088,0.0,0.0,0.07657616585493088
2095,1.6760000000000002,16,0.6232921481132507,0.0,0.0,0.6232921481132507
2096,1.6768,16,0.2170432209968567,0.0,0.0,0.2170432209968567
2097,1.6776,16,0.426462322473526,0.0,0.0,0.426462322473526
2098,1.6784,16,0.30200818181037903,0.0,0.0,0.30200818181037903
2099,1.6792,16,0.3568301796913147,0.0,0.0,0.3568301796913147
2100,1.6800000000000002,16,0.18234431743621826,0.0,0.0,0.18234431743621826
2101,1.6808,16,0.14789393544197083,0.0,0.0,0.14789393544197083
2102,1.6816,16,0.1320314258337021,0.0,0.0,0.1320314258337021
2103,1.6824,16,0.5519446134567261,0.0,0.0,0.5519446134567261
2104,1.6832,16,0.17209075391292572,0.0,0.0,0.17209075391292572
2105,1.6840000000000002,16,0.2898017168045044,0.0,0.0,0.2898017168045044
2106,1.6848,16,0.2286064326763153,0.0,0.0,0.2286064326763153
2107,1.6856,16,0.28278687596321106,0.0,0.0,0.28278687596321106
2108,1.6864,16,0.13989147543907166,0.0,0.0,0.13989147543907166
2109,1.6872,16,0.2015804797410965,0.0,0.0,0.2015804797410965
2110,1.688,16,0.10050421953201294,0.0,0.0,0.10050421953201294
2111,1.6888,16,0.22084224224090576,0.0,0.0,0.22084224224090576
2112,1.6896,16,0.4537521302700043,0.0,0.0,0.4537521302700043
2113,1.6904,16,0.2284141480922699,0.0,0.0,0.2284141480922699
2114,1.6912,16,0.36788493394851685,0.0,0.0,0.36788493394851685
2115,1.692,16,0.2593385875225067,0.0,0.0,0.2593385875225067
2116,1.6928,16,0.30042433738708496,0.0,0.0,0.30042433738708496
2117,1.6936,16,0.20571984350681305,0.0,0.0,0.20571984350681305
2118,1.6944,16,0.1286531686782837,0.0,0.0,0.1286531686782837
2119,1.6952,16,0.43510955572128296,0.0,0.0,0.43510955572128296
2120,1.696,16,0.13557712733745575,0.0,0.0,0.13557712733745575
2121,1.6968,16,0.11691402643918991,0.0,0.0,0.11691402643918991
2122,1.6976,16,0.3004658818244934,0.0,0.0,0.3004658818244934
2123,1.6984,16,0.20449697971343994,0.0,0.0,0.20449697971343994
2124,1.6992,16,0.17454400658607483,0.0,0.0,0.17454400658607483
2125,1.7,16,0.09305091202259064,0.0,0.0,0.09305091202259064
2126,1.7008,16,0.4144175350666046,0.0,0.0,0.4144175350666046
2127,1.7016,16,0.09543125331401825,0.0,0.0,0.09543125331401825
2128,1.7024,16,0.25403231382369995,0.0,0.0,0.25403231382369995
2129,1.7032,16,0.25189751386642456,0.0,0.0,0.25189751386642456
2130,1.704,16,0.2694874405860901,0.0,0.0,0.2694874405860901
2131,1.7048,16,0.06087841838598251,0.0,0.0,0.06087841838598251
2132,1.7056,16,0.2709999680519104,0.0,0.0,0.2709999680519104
2133,1.7064,16,0.40457284450531006,0.0,0.0,0.40457284450531006
2134,1.7072,16,0.07993744313716888,0.0,0.0,0.07993744313716888
2135,1.708,16,0.4695899486541748,0.0,0.0,0.4695899486541748
2136,1.7088,16,0.3099557161331177,0.0,0.0,0.3099557161331177
2137,1.7096,16,0.17314788699150085,0.0,0.0,0.17314788699150085
2138,1.7104,16,0.222818061709404,0.0,0.0,0.222818061709404
2139,1.7112,16,0.49466070532798767,0.0,0.0,0.49466070532798767
2140,1.712,16,0.16363558173179626,0.0,0.0,0.16363558173179626
2141,1.7128,16,0.32713085412979126,0.0,0.0,0.32713085412979126
2142,1.7136,16,0.231914222240448,0.0,0.0,0.231914222240448
2143,1.7144,16,0.27480125427246094,0.0,0.0,0.27480125427246094
2144,1.7151999999999998,16,0.2778891623020172,0.0,0.0,0.2778891623020172
2145,1.716,16,0.43585941195487976,0.0,0.0,0.43585941195487976
2146,1.7168,16,0.31806036829948425,0.0,0.0,0.31806036829948425
2147,1.7176,16,0.4505994915962219,0.0,0.0,0.4505994915962219
2148,1.7184,16,0.1454547494649887,0.0,0.0,0.1454547494649887
2149,1.7191999999999998,16,0.37030529975891113,0.0,0.0,0.37030529975891113
2150,1.72,16,0.49440109729766846,0.0,0.0,0.49440109729766846
2151,1.7208,16,0.32990798354148865,0.0,0.0,0.32990798354148865
2152,1.7216,16,0.2568359375,0.0,0.0,0.2568359375
2153,1.7224,16,0.7233533263206482,0.0,0.0,0.7233533263206482
2154,1.7231999999999998,16,0.14965851604938507,0.0,0.0,0.14965851604938507
2155,1.724,16,0.184281125664711,0.0,0.0,0.184281125664711
2156,1.7248,16,0.5526776313781738,0.0,0.0,0.5526776313781738
2157,1.7256,16,0.36939162015914917,0.0,0.0,0.36939162015914917
2158,1.7264,16,0.09567935019731522,0.0,0.0,0.09567935019731522
2159,1.7271999999999998,16,0.20811216533184052,0.0,0.0,0.20811216533184052
2160,1.728,16,0.11879877001047134,0.0,0.0,0.11879877001047134
2161,1.7288000000000001,16,0.4034530520439148,0.0,0.0,0.4034530520439148
2162,1.7296,16,0.3856087327003479,0.0,0.0,0.3856087327003479
2163,1.7304,16,0.4579544961452484,0.0,0.0,0.4579544961452484
2164,1.7311999999999999,16,0.39551958441734314,0.0,0.0,0.39551958441734314
2165,1.732,16,0.17887386679649353,0.0,0.0,0.17887386679649353
2166,1.7328000000000001,16,0.1693790853023529,0.0,0.0,0.1693790853023529
2167,1.7336,16,0.1393667459487915,0.0,0.0,0.1393667459487915
2168,1.7344,16,0.21354036033153534,0.0,0.0,0.21354036033153534
2169,1.7351999999999999,16,0.49798762798309326,0.0,0.0,0.49798762798309326
2170,1.736,16,0.6214196681976318,0.0,0.0,0.6214196681976318
2171,1.7368000000000001,16,0.4426763653755188,0.0,0.0,0.4426763653755188
2172,1.7376,16,0.26960912346839905,0.0,0.0,0.26960912346839905
2173,1.7384,16,0.13174982368946075,0.0,0.0,0.13174982368946075
2174,1.7391999999999999,16,0.40991368889808655,0.0,0.0,0.40991368889808655
2175,1.74,16,0.3289002776145935,0.0,0.0,0.3289002776145935
2176,1.7408000000000001,16,0.18768036365509033,0.0,0.0,0.18768036365509033
2177,1.7416,16,0.2699841260910034,0.0,0.0,0.2699841260910034
2178,1.7424,16,0.2912139296531677,0.0,0.0,0.2912139296531677
2179,1.7431999999999999,16,0.27880001068115234,0.0,0.0,0.27880001068115234
2180,1.744,16,0.0879264622926712,0.0,0.0,0.0879264622926712
2181,1.7448000000000001,16,0.9651740789413452,0.0,0.0,0.9651740789413452
2182,1.7456,16,0.2900390625,0.0,0.0,0.2900390625
2183,1.7464,16,0.7077831029891968,0.0,0.0,0.7077831029891968
2184,1.7471999999999999,16,0.182892844080925,0.0,0.0,0.182892844080925
2185,1.748,16,0.35829153656959534,0.0,0.0,0.35829153656959534
2186,1.7488000000000001,16,0.29853567481040955,0.0,0.0,0.29853567481040955
2187,1.7496,16,0.24913501739501953,0.0,0.0,0.24913501739501953
2188,1.7504,16,0.36587798595428467,0.0,0.0,0.36587798595428467
2189,1.7511999999999999,16,0.3242208957672119,0.0,0.0,0.3242208957672119
2190,1.752,16,0.18293039500713348,0.0,0.0,0.18293039500713348
2191,1.7528000000000001,16,0.19265960156917572,0.0,0.0,0.19265960156917572
2192,1.7536,16,0.30022794008255005,0.0,0.0,0.30022794008255005
2193,1.7544,16,0.41669344902038574,0.0,0.0,0.41669344902038574
2194,1.7551999999999999,16,0.4070693552494049,0.0,0.0,0.4070693552494049
2195,1.756,16,0.3939025402069092,0.0,0.0,0.3939025402069092
2196,1.7568000000000001,16,0.0906122475862503,0.0,0.0,0.0906122475862503
2197,1.7576,16,0.5686303377151489,0.0,0.0,0.5686303377151489
2198,1.7584,16,0.0698908120393753,0.0,0.0,0.0698908120393753
2199,1.7591999999999999,16,0.14672666788101196,0.0,0.0,0.14672666788101196
2200,1.76,16,0.29640328884124756,0.0,0.0,0.29640328884124756
2201,1.7608000000000001,16,0.1419682502746582,0.0,0.0,0.1419682502746582
2202,1.7616,16,0.23971953988075256,0.0,0.0,0.23971953988075256
2203,1.7624,16,0.2571004033088684,0.0,0.0,0.2571004033088684
2204,1.7631999999999999,16,0.1515733301639557,0.0,0.0,0.1515733301639557
2205,1.764,16,0.3534112274646759,0.0,0.0,0.3534112274646759
2206,1.7648000000000001,16,0.12602652609348297,0.0,0.0,0.12602652609348297
2207,1.7656,16,0.16971682012081146,0.0,0.0,0.16971682012081146
2208,1.7664,16,0.26471027731895447,0.0,0.0,0.26471027731895447
2209,1.7671999999999999,16,0.4123225510120392,0.0,0.0,0.4123225510120392
2210,1.768,16,0.2001953423023224,0.0,0.0,0.2001953423023224
2211,1.7688000000000001,16,0.31468185782432556,0.0,0.0,0.31468185782432556
2212,1.7696,16,0.3843975067138672,0.0,0.0,0.3843975067138672
2213,1.7704,16,0.38929805159568787,0.0,0.0,0.38929805159568787
2214,1.7711999999999999,16,0.11091965436935425,0.0,0.0,0.11091965436935425
2215,1.772,16,0.20066270232200623,0.0,0.0,0.20066270232200623
2216,1.7728000000000002,16,0.18223878741264343,0.0,0.0,0.18223878741264343
2217,1.7736,16,0.3069225251674652,0.0,0.0,0.3069225251674652
2218,1.7744,16,0.20667538046836853,0.0,0.0,0.20667538046836853
2219,1.7752,16,0.7052116990089417,0.0,0.0,0.7052116990089417
2220,1.776,16,0.18340346217155457,0.0,0.0,0.18340346217155457
2221,1.7768000000000002,16,0.11094065010547638,0.0,0.0,0.11094065010547638
2222,1.7776,16,0.21505481004714966,0.0,0.0,0.21505481004714966
2223,1.7784,16,0.19013889133930206,0.0,0.0,0.19013889133930206
2224,1.7792,16,0.3062664270401001,0.0,0.0,0.3062664270401001
2225,1.78,16,0.5451807379722595,0.0,0.0,0.5451807379722595
2226,1.7808000000000002,16,0.6297008991241455,0.0,0.0,0.6297008991241455
2227,1.7816,16,0.2017785906791687,0.0,0.0,0.2017785906791687
2228,1.7824,16,0.356005996465683,0.0,0.0,0.356005996465683
2229,1.7832,16,0.3190793991088867,0.0,0.0,0.3190793991088867
2230,1.784,16,0.5670778155326843,0.0,0.0,0.5670778155326843
2231,1.7848000000000002,16,0.6304776668548584,0.0,0.0,0.6304776668548584
2232,1.7856,16,0.18465588986873627,0.0,0.0,0.18465588986873627
2233,1.7864,16,0.21020612120628357,0.0,0.0,0.21020612120628357
2234,1.7872,16,0.3371158540248871,0.0,0.0,0.3371158540248871
2235,1.788,16,0.10919468104839325,0.0,0.0,0.10919468104839325
2236,1.7888,16,0.07505330443382263,0.0,0.0,0.07505330443382263
2237,1.7896,16,0.5139909982681274,0.0,0.0,0.5139909982681274
2238,1.7904,16,0.347680002450943,0.0,0.0,0.347680002450943
2239,1.7912,16,0.3265702724456787,0.0,0.0,0.3265702724456787
2240,1.792,16,0.17973238229751587,0.0,0.0,0.17973238229751587
2241,1.7928,16,0.19035692512989044,0.0,0.0,0.19035692512989044
2242,1.7936,16,0.3677593469619751,0.0,0.0,0.3677593469619751
2243,1.7944,16,0.4860823154449463,0.0,0.0,0.4860823154449463
2244,1.7952,16,0.579028308391571,0.0,0.0,0.579028308391571
2245,1.796,16,0.24642394483089447,0.0,0.0,0.24642394483089447
2246,1.7968,16,0.7715096473693848,0.0,0.0,0.7715096473693848
2247,1.7976,16,0.21278536319732666,0.0,0.0,0.21278536319732666
2248,1.7984,16,0.46940386295318604,0.0,0.0,0.46940386295318604
2249,1.7992,16,0.2569102942943573,0.0,0.0,0.2569102942943573
2250,1.8,16,0.1979829967021942,0.0,0.0,0.1979829967021942
2251,1.8008,16,0.26410096883773804,0.0,0.0,0.26410096883773804
2252,1.8016,16,0.6265008449554443,0.0,0.0,0.6265008449554443
2253,1.8024,16,0.3650672137737274,0.0,0.0,0.3650672137737274
2254,1.8032,16,0.6551923155784607,0.0,0.0,0.6551923155784607
2255,1.804,16,0.2689361870288849,0.0,0.0,0.2689361870288849
2256,1.8048,16,0.2810199558734894,0.0,0.0,0.2810199558734894
2257,1.8056,16,0.34661394357681274,0.0,0.0,0.34661394357681274
2258,1.8064,16,0.22703039646148682,0.0,0.0,0.22703039646148682
2259,1.8072,16,0.1944059431552887,0.0,0.0,0.1944059431552887
2260,1.808,16,0.670773446559906,0.0,0.0,0.670773446559906
2261,1.8088,16,0.25476163625717163,0.0,0.0,0.25476163625717163
2262,1.8096,16,0.19278812408447266,0.0,0.0,0.19278812408447266
2263,1.8104,16,0.3609800338745117,0.0,0.0,0.3609800338745117
2264,1.8112,16,0.280947208404541,0.0,0.0,0.280947208404541
2265,1.812,16,0.19095417857170105,0.0,0.0,0.19095417857170105
2266,1.8128,16,0.41254258155822754,0.0,0.0,0.41254258155822754
2267,1.8136,16,0.5599610805511475,0.0,0.0,0.5599610805511475
2268,1.8144,16,0.07020680606365204,0.0,0.0,0.07020680606365204
2269,1.8152,16,0.4418199062347412,0.0,0.0,0.4418199062347412
2270,1.8159999999999998,16,0.2654070556163788,0.0,0.0,0.2654070556163788
2271,1.8168,16,0.09146354347467422,0.0,0.0,0.09146354347467422
2272,1.8176,16,0.05649425461888313,0.0,0.0,0.05649425461888313
2273,1.8184,16,0.28233635425567627,0.0,0.0,0.28233635425567627
2274,1.8192,16,0.5465455055236816,0.0,0.0,0.5465455055236816
2275,1.8199999999999998,16,0.20686045289039612,0.0,0.0,0.20686045289039612
2276,1.8208,16,0.30757132172584534,0.0,0.0,0.30757132172584534
2277,1.8216,16,0.604828417301178,0.0,0.0,0.604828417301178
2278,1.8224,16,0.49280571937561035,0.0,0.0,0.49280571937561035
2279,1.8232,16,0.17551258206367493,0.0,0.0,0.17551258206367493
2280,1.8239999999999998,16,0.17386271059513092,0.0,0.0,0.17386271059513092
2281,1.8248,16,0.10047901421785355,0.0,0.0,0.10047901421785355
2282,1.8256000000000001,16,0.13906767964363098,0.0,0.0,0.13906767964363098
2283,1.8264,16,0.12951049208641052,0.0,0.0,0.12951049208641052
2284,1.8272,16,0.08796672523021698,0.0,0.0,0.08796672523021698
2285,1.8279999999999998,16,0.15356513857841492,0.0,0.0,0.15356513857841492
2286,1.8288,16,0.47434595227241516,0.0,0.0,0.47434595227241516
2287,1.8296000000000001,16,0.27591657638549805,0.0,0.0,0.27591657638549805
2288,1.8304,16,0.328229159116745,0.0,0.0,0.328229159116745
2289,1.8312,16,0.333011269569397,0.0,0.0,0.333011269569397
2290,1.8319999999999999,16,0.41918689012527466,0.0,0.0,0.41918689012527466
2291,1.8328,16,0.4789976477622986,0.0,0.0,0.4789976477622986
2292,1.8336000000000001,16,0.09846730530261993,0.0,0.0,0.09846730530261993
2293,1.8344,16,0.31378501653671265,0.0,0.0,0.31378501653671265
2294,1.8352,16,0.07181794941425323,0.0,0.0,0.07181794941425323
2295,1.8359999999999999,16,0.35680490732192993,0.0,0.0,0.35680490732192993
2296,1.8368,16,0.6142292022705078,0.0,0.0,0.6142292022705078
2297,1.8376000000000001,16,0.5937132835388184,0.0,0.0,0.5937132835388184
2298,1.8384,16,0.29833781719207764,0.0,0.0,0.29833781719207764
2299,1.8392,16,0.2241659015417099,0.0,0.0,0.2241659015417099
2300,1.8399999999999999,16,0.15626738965511322,0.0,0.0,0.15626738965511322
2301,1.8408,16,0.5499745607376099,0.0,0.0,0.5499745607376099
2302,1.8416000000000001,16,0.12041469663381577,0.0,0.0,0.12041469663381577
2303,1.8424,16,0.4018905460834503,0.0,0.0,0.4018905460834503
2304,1.8432,16,0.7432185411453247,0.0,0.0,0.7432185411453247
2305,1.8439999999999999,16,0.1297883540391922,0.0,0.0,0.1297883540391922
2306,1.8448,16,0.30386173725128174,0.0,0.0,0.30386173725128174
2307,1.8456000000000001,16,0.2722291052341461,0.0,0.0,0.2722291052341461
2308,1.8464,16,0.42233991622924805,0.0,0.0,0.42233991622924805
2309,1.8472,16,0.19201362133026123,0.0,0.0,0.19201362133026123
2310,1.8479999999999999,16,0.5185607671737671,0.0,0.0,0.5185607671737671
2311,1.8488,16,0.28025588393211365,0.0,0.0,0.28025588393211365
2312,1.8496000000000001,16,0.36876532435417175,0.0,0.0,0.36876532435417175
2313,1.8504,16,0.06321641802787781,0.0,0.0,0.06321641802787781
2314,1.8512,16,0.39949560165405273,0.0,0.0,0.39949560165405273
2315,1.8519999999999999,16,0.2802944779396057,0.0,0.0,0.2802944779396057
2316,1.8528,16,0.10780162364244461,0.0,0.0,0.10780162364244461
2317,1.8536000000000001,16,0.43806320428848267,0.0,0.0,0.43806320428848267
2318,1.8544,16,0.4019778370857239,0.0,0.0,0.4019778370857239
2319,1.8552,16,0.33489835262298584,0.0,0.0,0.33489835262298584
2320,1.8559999999999999,16,0.09539397805929184,0.0,0.0,0.09539397805929184
2321,1.8568,16,0.1313064843416214,0.0,0.0,0.1313064843416214
2322,1.8576000000000001,16,0.2789689898490906,0.0,0.0,0.2789689898490906
2323,1.8584,16,0.44452399015426636,0.0,0.0,0.44452399015426636
2324,1.8592,16,0.4982263445854187,0.0,0.0,0.4982263445854187
2325,1.8599999999999999,16,0.33829015493392944,0.0,0.0,0.33829015493392944
2326,1.8608,16,0.19052788615226746,0.0,0.0,0.19052788615226746
2327,1.8616000000000001,16,0.1831469088792801,0.0,0.0,0.1831469088792801
2328,1.8624,16,0.332815945148468,0.0,0.0,0.332815945148468
2329,1.8632,16,0.44001299142837524,0.0,0.0,0.44001299142837524
2330,1.8639999999999999,16,0.1957569420337677,0.0,0.0,0.1957569420337677
2331,1.8648,16,0.275678426027298,0.0,0.0,0.275678426027298
2332,1.8656000000000001,16,0.3630264401435852,0.0,0.0,0.3630264401435852
2333,1.8664,16,0.2880130410194397,0.0,0.0,0.2880130410194397
2334,1.8672,16,0.762487530708313,0.0,0.0,0.762487530708313
2335,1.8679999999999999,16,0.09646303951740265,0.0,0.0,0.09646303951740265
2336,1.8688,16,0.4024460017681122,0.0,0.0,0.4024460017681122
2337,1.8696000000000002,16,0.8915090560913086,0.0,0.0,0.8915090560913086
2338,1.8704,16,0.18757319450378418,0.0,0.0,0.18757319450378418
2339,1.8712,16,0.2135377824306488,0.0,0.0,0.2135377824306488
2340,1.8719999999999999,16,0.12868495285511017,0.0,0.0,0.12868495285511017
2341,1.8728,16,0.2577587068080902,0.0,0.0,0.2577587068080902
2342,1.8736000000000002,16,0.08296757936477661,0.0,0.0,0.08296757936477661
2343,1.8744,16,0.32963424921035767,0.0,0.0,0.32963424921035767
2344,1.8752,16,0.3350105881690979,0.0,0.0,0.3350105881690979
2345,1.876,16,0.3157427906990051,0.0,0.0,0.3157427906990051
2346,1.8768,16,0.25323373079299927,0.0,0.0,0.25323373079299927
2347,1.8776000000000002,16,0.1574852466583252,0.0,0.0,0.1574852466583252
2348,1.8784,16,0.3055938482284546,0.0,0.0,0.3055938482284546
2349,1.8792,16,0.153519868850708,0.0,0.0,0.153519868850708
2350,1.88,16,0.41777271032333374,0.0,0.0,0.41777271032333374
2351,1.8808,16,0.3326522707939148,0.0,0.0,0.3326522707939148
2352,1.8816000000000002,16,0.11826524138450623,0.0,0.0,0.11826524138450623
2353,1.8824,16,0.3061169385910034,0.0,0.0,0.3061169385910034
2354,1.8832,16,0.13899870216846466,0.0,0.0,0.13899870216846466
2355,1.884,16,0.18731816112995148,0.0,0.0,0.18731816112995148
2356,1.8848,16,0.16605117917060852,0.0,0.0,0.16605117917060852
2357,1.8856000000000002,16,0.09597977995872498,0.0,0.0,0.09597977995872498
2358,1.8864,16,0.18073135614395142,0.0,0.0,0.18073135614395142
2359,1.8872,16,0.3557129502296448,0.0,0.0,0.3557129502296448
2360,1.888,16,0.2852512001991272,0.0,0.0,0.2852512001991272
2361,1.8888,16,0.5548416972160339,0.0,0.0,0.5548416972160339
2362,1.8896,16,0.5364090204238892,0.0,0.0,0.5364090204238892
2363,1.8904,16,0.41917306184768677,0.0,0.0,0.41917306184768677
2364,1.8912,16,0.4267047941684723,0.0,0.0,0.4267047941684723
2365,1.892,16,0.09556716680526733,0.0,0.0,0.09556716680526733
2366,1.8928,16,0.3630640506744385,0.0,0.0,0.3630640506744385
2367,1.8936,16,0.07237277179956436,0.0,0.0,0.07237277179956436
2368,1.8944,16,0.30149024724960327,0.0,0.0,0.30149024724960327
2369,1.8952,16,0.14741437137126923,0.0,0.0,0.14741437137126923
2370,1.896,16,0.39130985736846924,0.0,0.0,0.39130985736846924
2371,1.8968,16,0.1396944522857666,0.0,0.0,0.1396944522857666
2372,1.8976,16,0.21001166105270386,0.0,0.0,0.21001166105270386
2373,1.8984,16,0.4699503183364868,0.0,0.0,0.4699503183364868
2374,1.8992,16,0.25467348098754883,0.0,0.0,0.25467348098754883
2375,1.9,16,0.4385339319705963,0.0,0.0,0.4385339319705963
2376,1.9008,16,0.2766109108924866,0.0,0.0,0.2766109108924866
2377,1.9016,16,0.12035927176475525,0.0,0.0,0.12035927176475525
2378,1.9024,16,0.22175773978233337,0.0,0.0,0.22175773978233337
2379,1.9032,16,0.39246174693107605,0.0,0.0,0.39246174693107605
2380,1.904,16,0.4173125624656677,0.0,0.0,0.4173125624656677
2381,1.9048,16,0.27158641815185547,0.0,0.0,0.27158641815185547
2382,1.9056,16,0.4661637246608734,0.0,0.0,0.4661637246608734
2383,1.9064,16,0.06305619329214096,0.0,0.0,0.06305619329214096
2384,1.9072,16,0.1524966061115265,0.0,0.0,0.1524966061115265
2385,1.908,16,0.42240381240844727,0.0,0.0,0.42240381240844727
2386,1.9088,16,0.3807702660560608,0.0,0.0,0.3807702660560608
2387,1.9096,16,0.30554622411727905,0.0,0.0,0.30554622411727905
2388,1.9104,16,0.35827767848968506,0.0,0.0,0.35827767848968506
2389,1.9112,16,0.24233990907669067,0.0,0.0,0.24233990907669067
2390,1.912,16,0.09223764389753342,0.0,0.0,0.09223764389753342
2391,1.9127999999999998,16,0.16239289939403534,0.0,0.0,0.16239289939403534
2392,1.9136,16,0.16804859042167664,0.0,0.0,0.16804859042167664
2393,1.9144,16,0.27964502573013306,0.0,0.0,0.27964502573013306
2394,1.9152,16,0.3200192153453827,0.0,0.0,0.3200192153453827
2395,1.916,16,0.11541039496660233,0.0,0.0,0.11541039496660233
2396,1.9167999999999998,16,0.3957335650920868,0.0,0.0,0.3957335650920868
2397,1.9176,16,0.28547048568725586,0.0,0.0,0.28547048568725586
2398,1.9184,16,0.29421257972717285,0.0,0.0,0.29421257972717285
2399,1.9192,16,0.556446373462677,0.0,0.0,0.556446373462677
2400,1.92,16,0.2713845670223236,0.0,0.0,0.2713845670223236
2401,1.9207999999999998,16,0.2530974745750427,0.0,0.0,0.2530974745750427
2402,1.9216,16,0.5910157561302185,0.0,0.0,0.5910157561302185
2403,1.9224,16,0.34399595856666565,0.0,0.0,0.34399595856666565
2404,1.9232,16,0.4865210950374603,0.0,0.0,0.4865210950374603
2405,1.924,16,0.15530604124069214,0.0,0.0,0.15530604124069214
2406,1.9247999999999998,16,0.640390932559967,0.0,0.0,0.640390932559967
2407,1.9256,16,0.6499948501586914,0.0,0.0,0.6499948501586914
2408,1.9264000000000001,16,0.5107512474060059,0.0,0.0,0.5107512474060059
2409,1.9272,16,0.37780383229255676,0.0,0.0,0.37780383229255676
2410,1.928,16,0.33886659145355225,0.0,0.0,0.33886659145355225
2411,1.9287999999999998,16,0.5494379997253418,0.0,0.0,0.5494379997253418
2412,1.9296,16,0.44618523120880127,0.0,0.0,0.44618523120880127
2413,1.9304000000000001,16,0.2547339200973511,0.0,0.0,0.2547339200973511
2414,1.9312,16,0.11309003829956055,0.0,0.0,0.11309003829956055
2415,1.932,16,0.21707415580749512,0.0,0.0,0.21707415580749512
2416,1.9327999999999999,16,0.37640076875686646,0.0,0.0,0.37640076875686646
2417,1.9336,16,0.2526687979698181,0.0,0.0,0.2526687979698181
2418,1.9344000000000001,16,0.15756390988826752,0.0,0.0,0.15756390988826752
2419,1.9352,16,0.280537873506546,0.0,0.0,0.280537873506546
2420,1.936,16,0.406141996383667,0.0,0.0,0.406141996383667
2421,1.9367999999999999,16,0.23387937247753143,0.0,0.0,0.23387937247753143
2422,1.9376,16,0.12075063586235046,0.0,0.0,0.12075063586235046
2423,1.9384000000000001,16,0.059077657759189606,0.0,0.0,0.059077657759189606
2424,1.9392,16,0.23705488443374634,0.0,0.0,0.23705488443374634
2425,1.94,16,0.14451268315315247,0.0,0.0,0.14451268315315247
2426,1.9407999999999999,16,0.2473524510860443,0.0,0.0,0.2473524510860443
2427,1.9416,16,0.19176816940307617,0.0,0.0,0.19176816940307617
2428,1.9424000000000001,16,0.3750806450843811,0.0,0.0,0.3750806450843811
2429,1.9432,16,0.5832388401031494,0.0,0.0,0.5832388401031494
2430,1.944,16,0.1140376627445221,0.0,0.0,0.1140376627445221
2431,1.9447999999999999,16,0.2791021466255188,0.0,0.0,0.2791021466255188
2432,1.9456,16,0.21746934950351715,0.0,0.0,0.21746934950351715
2433,1.9464000000000001,16,0.4563913941383362,0.0,0.0,0.4563913941383362
2434,1.9472,16,0.522432804107666,0.0,0.0,0.522432804107666
2435,1.948,16,0.38446640968322754,0.0,0.0,0.38446640968322754
2436,1.9487999999999999,16,0.3494853377342224,0.0,0.0,0.3494853377342224
2437,1.9496,16,0.1578778326511383,0.0,0.0,0.1578778326511383
2438,1.9504000000000001,16,0.16186371445655823,0.0,0.0,0.16186371445655823
2439,1.9512,16,0.3198016285896301,0.0,0.0,0.3198016285896301
2440,1.952,16,0.3496550917625427,0.0,0.0,0.3496550917625427
2441,1.9527999999999999,16,0.7205339670181274,0.0,0.0,0.7205339670181274
2442,1.9536,16,0.4320674538612366,0.0,0.0,0.4320674538612366
2443,1.9544000000000001,16,0.25586584210395813,0.0,0.0,0.25586584210395813
2444,1.9552,16,0.2532745599746704,0.0,0.0,0.2532745599746704
2445,1.956,16,0.14676588773727417,0.0,0.0,0.14676588773727417
2446,1.9567999999999999,16,0.2615494728088379,0.0,0.0,0.2615494728088379
2447,1.9576,16,0.4033561944961548,0.0,0.0,0.4033561944961548
2448,1.9584000000000001,16,0.21393567323684692,0.0,0.0,0.21393567323684692
2449,1.9592,16,0.3613569438457489,0.0,0.0,0.3613569438457489
2450,1.96,16,0.2907785177230835,0.0,0.0,0.2907785177230835
2451,1.9607999999999999,16,0.20209583640098572,0.0,0.0,0.20209583640098572
2452,1.9616,16,0.3303239345550537,0.0,0.0,0.3303239345550537
2453,1.9624000000000001,16,0.2837833762168884,0.0,0.0,0.2837833762168884
2454,1.9632,16,0.2920922636985779,0.0,0.0,0.2920922636985779
2455,1.964,16,0.30054163932800293,0.0,0.0,0.30054163932800293
2456,1.9647999999999999,16,0.5523955821990967,0.0,0.0,0.5523955821990967
2457,1.9656,16,0.4109373092651367,0.0,0.0,0.4109373092651367
2458,1.9664000000000001,16,0.42502740025520325,0.0,0.0,0.42502740025520325
2459,1.9672,16,0.3072439730167389,0.0,0.0,0.3072439730167389
2460,1.968,16,0.486028790473938,0.0,0.0,0.486028790473938
2461,1.9687999999999999,16,0.2639017403125763,0.0,0.0,0.2639017403125763
2462,1.9696,16,0.33989623188972473,0.0,0.0,0.33989623188972473
2463,1.9704000000000002,16,0.17102661728858948,0.0,0.0,0.17102661728858948
2464,1.9712,16,0.3126354217529297,0.0,0.0,0.3126354217529297
2465,1.972,16,0.1587449014186859,0.0,0.0,0.1587449014186859
2466,1.9727999999999999,16,0.09713704884052277,0.0,0.0,0.09713704884052277
2467,1.9736,16,0.8514148592948914,0.0,0.0,0.8514148592948914
2468,1.9744000000000002,16,0.24894316494464874,0.0,0.0,0.24894316494464874
2469,1.9752,16,0.34654009342193604,0.0,0.0,0.34654009342193604
2470,1.976,16,0.3972747325897217,0.0,0.0,0.3972747325897217
2471,1.9768,16,0.36602067947387695,0.0,0.0,0.36602067947387695
2472,1.9776,16,0.16267389059066772,0.0,0.0,0.16267389059066772
2473,1.9784000000000002,16,0.4830867648124695,0.0,0.0,0.4830867648124695
2474,1.9792,16,0.39100968837738037,0.0,0.0,0.39100968837738037
2475,1.98,16,0.9667362570762634,0.0,0.0,0.9667362570762634
2476,1.9808,16,0.28646817803382874,0.0,0.0,0.28646817803382874
2477,1.9816,16,0.3221616744995117,0.0,0.0,0.3221616744995117
2478,1.9824000000000002,16,0.38190174102783203,0.0,0.0,0.38190174102783203
2479,1.9832,16,0.29415470361709595,0.0,0.0,0.29415470361709595
2480,1.984,16,0.22698809206485748,0.0,0.0,0.22698809206485748
2481,1.9848,16,0.12129160761833191,0.0,0.0,0.12129160761833191
2482,1.9856,16,0.25424206256866455,0.0,0.0,0.25424206256866455
2483,1.9864000000000002,16,0.12901952862739563,0.0,0.0,0.12901952862739563
2484,1.9872,16,0.1566779911518097,0.0,0.0,0.1566779911518097
2485,1.988,16,0.38406211137771606,0.0,0.0,0.38406211137771606
2486,1.9888,16,0.24897080659866333,0.0,0.0,0.24897080659866333
2487,1.9896,16,0.10335644334554672,0.0,0.0,0.10335644334554672
2488,1.9904,16,0.34932810068130493,0.0,0.0,0.34932810068130493
2489,1.9912,16,0.29755714535713196,0.0,0.0,0.29755714535713196
2490,1.992,16,0.22013214230537415,0.0,0.0,0.22013214230537415
2491,1.9928,16,0.13338011503219604,0.0,0.0,0.13338011503219604
2492,1.9936,16,0.20468337833881378,0.0,0.0,0.20468337833881378
2493,1.9944,16,0.11529108881950378,0.0,0.0,0.11529108881950378
2494,1.9952,16,0.10326613485813141,0.0,0.0,0.10326613485813141
2495,1.996,16,0.41487428545951843,0.0,0.0,0.41487428545951843
2496,1.9968,16,0.1670914739370346,0.0,0.0,0.1670914739370346
2497,1.9976,16,0.29789575934410095,0.0,0.0,0.29789575934410095
2498,1.9984,16,0.354979544878006,0.0,0.0,0.354979544878006
2499,1.9992,16,0.2843095660209656,0.0,0.0,0.2843095660209656
2500,2.0,16,0.3278823792934418,0.0,0.0,0.3278823792934418
2501,2.0008,16,0.16894887387752533,0.0,0.0,0.16894887387752533
2502,2.0016,16,0.21657757461071014,0.0,0.0,0.21657757461071014
2503,2.0024,16,0.2849595844745636,0.0,0.0,0.2849595844745636
2504,2.0032,16,0.1716746687889099,0.0,0.0,0.1716746687889099
2505,2.004,16,0.48461470007896423,0.0,0.0,0.48461470007896423
2506,2.0048,16,0.31200045347213745,0.0,0.0,0.31200045347213745
2507,2.0056,16,0.0616956427693367,0.0,0.0,0.0616956427693367
2508,2.0064,16,0.2142105996608734,0.0,0.0,0.2142105996608734
2509,2.0072,16,0.3728569746017456,0.0,0.0,0.3728569746017456
2510,2.008,16,0.17197515070438385,0.0,0.0,0.17197515070438385
2511,2.0088,16,0.3723874092102051,0.0,0.0,0.3723874092102051
2512,2.0096,16,0.08860400319099426,0.0,0.0,0.08860400319099426
2513,2.0104,16,0.21761539578437805,0.0,0.0,0.21761539578437805
2514,2.0112,16,0.3300934433937073,0.0,0.0,0.3300934433937073
2515,2.012,16,0.670549213886261,0.0,0.0,0.670549213886261
2516,2.0128,16,0.2656400501728058,0.0,0.0,0.2656400501728058
2517,2.0136,16,0.25693678855895996,0.0,0.0,0.25693678855895996
2518,2.0144,16,0.13914725184440613,0.0,0.0,0.13914725184440613
2519,2.0152,16,0.4404512345790863,0.0,0.0,0.4404512345790863
2520,2.016,16,0.41998738050460815,0.0,0.0,0.41998738050460815
2521,2.0168,16,0.39805498719215393,0.0,0.0,0.39805498719215393
2522,2.0176,16,0.1192244365811348,0.0,0.0,0.1192244365811348
2523,2.0184,16,0.3332022428512573,0.0,0.0,0.3332022428512573
2524,2.0192,16,0.3954605460166931,0.0,0.0,0.3954605460166931
2525,2.02,16,0.22132915258407593,0.0,0.0,0.22132915258407593
2526,2.0208,16,0.3168427050113678,0.0,0.0,0.3168427050113678
2527,2.0216,16,0.1783938854932785,0.0,0.0,0.1783938854932785
2528,2.0224,16,0.24408084154129028,0.0,0.0,0.24408084154129028
2529,2.0232,16,0.299986869096756,0.0,0.0,0.299986869096756
2530,2.024,16,0.2267564833164215,0.0,0.0,0.2267564833164215
2531,2.0248,16,0.19944748282432556,0.0,0.0,0.19944748282432556
2532,2.0256,16,0.15622594952583313,0.0,0.0,0.15622594952583313
2533,2.0264,16,0.2817731201648712,0.0,0.0,0.2817731201648712
2534,2.0272,16,0.2286354899406433,0.0,0.0,0.2286354899406433
2535,2.028,16,0.1770818531513214,0.0,0.0,0.1770818531513214
2536,2.0288,16,0.11948864907026291,0.0,0.0,0.11948864907026291
2537,2.0296,16,0.18519054353237152,0.0,0.0,0.18519054353237152
2538,2.0304,16,0.1305142641067505,0.0,0.0,0.1305142641067505
2539,2.0312,16,0.049265533685684204,0.0,0.0,0.049265533685684204
2540,2.032,16,0.10275082290172577,0.0,0.0,0.10275082290172577
2541,2.0328,16,0.2942641079425812,0.0,0.0,0.2942641079425812
2542,2.0336,16,0.45730236172676086,0.0,0.0,0.45730236172676086
2543,2.0344,16,0.21461795270442963,0.0,0.0,0.21461795270442963
2544,2.0352,16,0.22601450979709625,0.0,0.0,0.22601450979709625
2545,2.036,16,0.16806384921073914,0.0,0.0,0.16806384921073914
2546,2.0368,16,0.2578218877315521,0.0,0.0,0.2578218877315521
2547,2.0376,16,0.41770973801612854,0.0,0.0,0.41770973801612854
2548,2.0384,16,0.129959374666214,0.0,0.0,0.129959374666214
2549,2.0392,16,0.48843082785606384,0.0,0.0,0.48843082785606384
2550,2.04,16,0.13760702311992645,0.0,0.0,0.13760702311992645
2551,2.0408,16,0.24452410638332367,0.0,0.0,0.24452410638332367
2552,2.0416,16,0.06011798977851868,0.0,0.0,0.06011798977851868
2553,2.0424,16,0.1480436623096466,0.0,0.0,0.1480436623096466
2554,2.0432,16,0.28955164551734924,0.0,0.0,0.28955164551734924
2555,2.044,16,0.30520856380462646,0.0,0.0,0.30520856380462646
2556,2.0448,16,0.10790790617465973,0.0,0.0,0.10790790617465973
2557,2.0456,16,0.1949889063835144,0.0,0.0,0.1949889063835144
2558,2.0464,16,0.25063779950141907,0.0,0.0,0.25063779950141907
2559,2.0472,16,0.17778700590133667,0.0,0.0,0.17778700590133667
2560,2.048,16,0.10536596179008484,0.0,0.0,0.10536596179008484
2561,2.0488,16,0.22410762310028076,0.0,0.0,0.22410762310028076
2562,2.0496,16,0.5719102621078491,0.0,0.0,0.5719102621078491
2563,2.0504,16,0.30760908126831055,0.0,0.0,0.30760908126831055
2564,2.0512,16,0.5531408190727234,0.0,0.0,0.5531408190727234
2565,2.052,16,0.11846674233675003,0.0,0.0,0.11846674233675003
2566,2.0528,16,0.16557171940803528,0.0,0.0,0.16557171940803528
2567,2.0536,16,0.29800552129745483,0.0,0.0,0.29800552129745483
2568,2.0544,16,0.23867866396903992,0.0,0.0,0.23867866396903992
2569,2.0552,16,0.3163501024246216,0.0,0.0,0.3163501024246216
2570,2.056,16,0.3759840726852417,0.0,0.0,0.3759840726852417
2571,2.0568,16,0.33987265825271606,0.0,0.0,0.33987265825271606
2572,2.0576,16,0.45066094398498535,0.0,0.0,0.45066094398498535
2573,2.0584,16,0.5269122123718262,0.0,0.0,0.5269122123718262
2574,2.0592,16,0.14608588814735413,0.0,0.0,0.14608588814735413
2575,2.06,16,0.6206399202346802,0.0,0.0,0.6206399202346802
2576,2.0608,16,0.31331339478492737,0.0,0.0,0.31331339478492737
2577,2.0616,16,0.2750547528266907,0.0,0.0,0.2750547528266907
2578,2.0624,16,0.38134926557540894,0.0,0.0,0.38134926557540894
2579,2.0632,16,0.06332267820835114,0.0,0.0,0.06332267820835114
2580,2.064,16,0.13354843854904175,0.0,0.0,0.13354843854904175
2581,2.0648,16,0.1764092594385147,0.0,0.0,0.1764092594385147
2582,2.0656,16,0.21047089993953705,0.0,0.0,0.21047089993953705
2583,2.0664,16,0.10346169769763947,0.0,0.0,0.10346169769763947
2584,2.0672,16,0.13667313754558563,0.0,0.0,0.13667313754558563
2585,2.068,16,0.2079920619726181,0.0,0.0,0.2079920619726181
2586,2.0688,16,0.29018962383270264,0.0,0.0,0.29018962383270264
2587,2.0696,16,0.36682748794555664,0.0,0.0,0.36682748794555664
2588,2.0704,16,0.08341740816831589,0.0,0.0,0.08341740816831589
2589,2.0712,16,0.5697602033615112,0.0,0.0,0.5697602033615112
2590,2.072,16,0.33033764362335205,0.0,0.0,0.33033764362335205
2591,2.0728,16,0.3157261610031128,0.0,0.0,0.3157261610031128
2592,2.0736,16,0.0735045075416565,0.0,0.0,0.0735045075416565
2593,2.0744,16,0.26698023080825806,0.0,0.0,0.26698023080825806
2594,2.0752,16,0.5044472813606262,0.0,0.0,0.5044472813606262
2595,2.076,16,0.14132040739059448,0.0,0.0,0.14132040739059448
2596,2.0768,16,0.37674614787101746,0.0,0.0,0.37674614787101746
2597,2.0776,16,0.31412914395332336,0.0,0.0,0.31412914395332336
2598,2.0784,16,0.059326764196157455,0.0,0.0,0.059326764196157455
2599,2.0792,16,0.1772690862417221,0.0,0.0,0.1772690862417221
2600,2.08,16,0.23004364967346191,0.0,0.0,0.23004364967346191
2601,2.0808,16,0.370571494102478,0.0,0.0,0.370571494102478
2602,2.0816,16,0.15259045362472534,0.0,0.0,0.15259045362472534
2603,2.0824,16,0.4389325678348541,0.0,0.0,0.4389325678348541
2604,2.0832,16,0.07460090517997742,0.0,0.0,0.07460090517997742
2605,2.084,16,0.35007765889167786,0.0,0.0,0.35007765889167786
2606,2.0848,16,0.07197297364473343,0.0,0.0,0.07197297364473343
2607,2.0856,16,0.1432453989982605,0.0,0.0,0.1432453989982605
2608,2.0864,16,0.17575153708457947,0.0,0.0,0.17575153708457947
2609,2.0872,16,0.11236101388931274,0.0,0.0,0.11236101388931274
2610,2.088,16,0.40489959716796875,0.0,0.0,0.40489959716796875
2611,2.0888,16,0.46504563093185425,0.0,0.0,0.46504563093185425
2612,2.0896,16,0.5754516124725342,0.0,0.0,0.5754516124725342
2613,2.0904,16,0.4283736050128937,0.0,0.0,0.4283736050128937
2614,2.0912,16,0.3696518540382385,0.0,0.0,0.3696518540382385
2615,2.092,16,0.5371866226196289,0.0,0.0,0.5371866226196289
2616,2.0928,16,0.11024197936058044,0.0,0.0,0.11024197936058044
2617,2.0936,16,0.2520736753940582,0.0,0.0,0.2520736753940582
2618,2.0944,16,0.11363406479358673,0.0,0.0,0.11363406479358673
2619,2.0952,16,0.35655075311660767,0.0,0.0,0.35655075311660767
2620,2.096,16,0.10485421866178513,0.0,0.0,0.10485421866178513
2621,2.0968,16,0.1840323656797409,0.0,0.0,0.1840323656797409
2622,2.0976,16,0.26776430010795593,0.0,0.0,0.26776430010795593
2623,2.0984,16,0.514615535736084,0.0,0.0,0.514615535736084
2624,2.0992,16,0.11970910429954529,0.0,0.0,0.11970910429954529
2625,2.1,16,0.3064952492713928,0.0,0.0,0.3064952492713928
2626,2.1008,16,0.13094261288642883,0.0,0.0,0.13094261288642883
2627,2.1016,16,0.13342556357383728,0.0,0.0,0.13342556357383728
2628,2.1024,16,0.24736249446868896,0.0,0.0,0.24736249446868896
2629,2.1032,16,0.27450692653656006,0.0,0.0,0.27450692653656006
2630,2.104,16,0.20160707831382751,0.0,0.0,0.20160707831382751
2631,2.1048,16,0.2332569658756256,0.0,0.0,0.2332569658756256
2632,2.1056,16,0.1419367492198944,0.0,0.0,0.1419367492198944
2633,2.1064,16,0.45557671785354614,0.0,0.0,0.45557671785354614
2634,2.1072,16,0.3085159957408905,0.0,0.0,0.3085159957408905
2635,2.108,16,0.4419911205768585,0.0,0.0,0.4419911205768585
2636,2.1088,16,0.24857459962368011,0.0,0.0,0.24857459962368011
2637,2.1096,16,0.3063303232192993,0.0,0.0,0.3063303232192993
2638,2.1104,16,0.1509629637002945,0.0,0.0,0.1509629637002945
2639,2.1112,16,0.1952635645866394,0.0,0.0,0.1952635645866394
2640,2.112,16,0.42701128125190735,0.0,0.0,0.42701128125190735
2641,2.1128,16,0.2981257438659668,0.0,0.0,0.2981257438659668
2642,2.1136,16,0.26059263944625854,0.0,0.0,0.26059263944625854
2643,2.1144,16,0.07692969590425491,0.0,0.0,0.07692969590425491
2644,2.1152,16,0.23441290855407715,0.0,0.0,0.23441290855407715
2645,2.116,16,0.39484381675720215,0.0,0.0,0.39484381675720215
2646,2.1168,16,0.19840458035469055,0.0,0.0,0.19840458035469055
2647,2.1176,16,0.5782028436660767,0.0,0.0,0.5782028436660767
2648,2.1184,16,0.13381394743919373,0.0,0.0,0.13381394743919373
2649,2.1192,16,0.25109410285949707,0.0,0.0,0.25109410285949707
2650,2.12,16,0.3998788595199585,0.0,0.0,0.3998788595199585
2651,2.1208,16,0.20180118083953857,0.0,0.0,0.20180118083953857
2652,2.1216,16,0.42077574133872986,0.0,0.0,0.42077574133872986
2653,2.1224,16,0.42574676871299744,0.0,0.0,0.42574676871299744
2654,2.1232,16,0.1375991702079773,0.0,0.0,0.1375991702079773
2655,2.124,16,0.531024158000946,0.0,0.0,0.531024158000946
2656,2.1248,16,0.29269659519195557,0.0,0.0,0.29269659519195557
2657,2.1256,16,0.4005608558654785,0.0,0.0,0.4005608558654785
2658,2.1264,16,0.28092849254608154,0.0,0.0,0.28092849254608154
2659,2.1272,16,0.24947664141654968,0.0,0.0,0.24947664141654968
2660,2.128,16,0.31392908096313477,0.0,0.0,0.31392908096313477
2661,2.1288,16,0.35085129737854004,0.0,0.0,0.35085129737854004
2662,2.1296,16,0.20728467404842377,0.0,0.0,0.20728467404842377
2663,2.1304,16,0.5663672685623169,0.0,0.0,0.5663672685623169
2664,2.1312,16,0.08850488066673279,0.0,0.0,0.08850488066673279
2665,2.132,16,0.19273990392684937,0.0,0.0,0.19273990392684937
2666,2.1328,16,0.32448703050613403,0.0,0.0,0.32448703050613403
2667,2.1336,16,0.21339264512062073,0.0,0.0,0.21339264512062073
2668,2.1344,16,0.31160852313041687,0.0,0.0,0.31160852313041687
2669,2.1352,16,0.3059568405151367,0.0,0.0,0.3059568405151367
2670,2.136,16,0.17467409372329712,0.0,0.0,0.17467409372329712
2671,2.1368,16,0.37957191467285156,0.0,0.0,0.37957191467285156
2672,2.1376,16,0.1714869737625122,0.0,0.0,0.1714869737625122
2673,2.1384,16,0.18527856469154358,0.0,0.0,0.18527856469154358
2674,2.1391999999999998,16,0.1579337865114212,0.0,0.0,0.1579337865114212
2675,2.14,16,0.36091458797454834,0.0,0.0,0.36091458797454834
2676,2.1408,16,0.06993290036916733,0.0,0.0,0.06993290036916733
2677,2.1416,16,0.3555796146392822,0.0,0.0,0.3555796146392822
2678,2.1424,16,0.20181000232696533,0.0,0.0,0.20181000232696533
2679,2.1432,16,0.7241300344467163,0.0,0.0,0.7241300344467163
2680,2.144,16,0.15392185747623444,0.0,0.0,0.15392185747623444
2681,2.1448,16,0.3126063346862793,0.0,0.0,0.3126063346862793
2682,2.1456,16,0.4455331861972809,0.0,0.0,0.4455331861972809
2683,2.1464,16,0.3272046744823456,0.0,0.0,0.3272046744823456
2684,2.1471999999999998,16,0.1579974889755249,0.0,0.0,0.1579974889755249
2685,2.148,16,0.15885379910469055,0.0,0.0,0.15885379910469055
2686,2.1488,16,0.36823537945747375,0.0,0.0,0.36823537945747375
2687,2.1496,16,0.18668490648269653,0.0,0.0,0.18668490648269653
2688,2.1504,16,0.07180671393871307,0.0,0.0,0.07180671393871307
2689,2.1512000000000002,16,0.23026734590530396,0.0,0.0,0.23026734590530396
2690,2.152,16,0.2156158983707428,0.0,0.0,0.2156158983707428
2691,2.1528,16,0.1747954934835434,0.0,0.0,0.1747954934835434
2692,2.1536,16,0.1635029911994934,0.0,0.0,0.1635029911994934
2693,2.1544,16,0.24084067344665527,0.0,0.0,0.24084067344665527
2694,2.1552,16,0.18911492824554443,0.0,0.0,0.18911492824554443
2695,2.156,16,0.30474454164505005,0.0,0.0,0.30474454164505005
2696,2.1568,16,0.2349023073911667,0.0,0.0,0.2349023073911667
2697,2.1576,16,0.1922394335269928,0.0,0.0,0.1922394335269928
2698,2.1584,16,0.244797945022583,0.0,0.0,0.244797945022583
2699,2.1592000000000002,16,0.32321569323539734,0.0,0.0,0.32321569323539734
2700,2.16,16,0.4262802004814148,0.0,0.0,0.4262802004814148
2701,2.1608,16,0.7020760178565979,0.0,0.0,0.7020760178565979
2702,2.1616,16,0.4519147276878357,0.0,0.0,0.4519147276878357
2703,2.1624,16,0.7609822154045105,0.0,0.0,0.7609822154045105
2704,2.1632,16,0.31412988901138306,0.0,0.0,0.31412988901138306
2705,2.164,16,0.31326591968536377,0.0,0.0,0.31326591968536377
2706,2.1648,16,0.05633248761296272,0.0,0.0,0.05633248761296272
2707,2.1656,16,0.3941406309604645,0.0,0.0,0.3941406309604645
2708,2.1664,16,0.5188025236129761,0.0,0.0,0.5188025236129761
2709,2.1672,16,0.28565213084220886,0.0,0.0,0.28565213084220886
2710,2.168,16,0.23258811235427856,0.0,0.0,0.23258811235427856
2711,2.1688,16,0.07150617241859436,0.0,0.0,0.07150617241859436
2712,2.1696,16,0.1289946734905243,0.0,0.0,0.1289946734905243
2713,2.1704,16,0.34065359830856323,0.0,0.0,0.34065359830856323
2714,2.1712,16,0.20421472191810608,0.0,0.0,0.20421472191810608
2715,2.172,16,0.349107563495636,0.0,0.0,0.349107563495636
2716,2.1728,16,0.40495675802230835,0.0,0.0,0.40495675802230835
2717,2.1736,16,0.481863796710968,0.0,0.0,0.481863796710968
2718,2.1744,16,0.31239330768585205,0.0,0.0,0.31239330768585205
2719,2.1752,16,0.24740904569625854,0.0,0.0,0.24740904569625854
2720,2.176,16,0.5742583274841309,0.0,0.0,0.5742583274841309
2721,2.1768,16,0.506101131439209,0.0,0.0,0.506101131439209
2722,2.1776,16,0.19090434908866882,0.0,0.0,0.19090434908866882
2723,2.1784,16,0.554072380065918,0.0,0.0,0.554072380065918
2724,2.1792,16,0.37428879737854004,0.0,0.0,0.37428879737854004
2725,2.18,16,0.09642605483531952,0.0,0.0,0.09642605483531952
2726,2.1808,16,0.16731560230255127,0.0,0.0,0.16731560230255127
2727,2.1816,16,0.503157377243042,0.0,0.0,0.503157377243042
2728,2.1824,16,0.34558072686195374,0.0,0.0,0.34558072686195374
2729,2.1832,16,0.15342509746551514,0.0,0.0,0.15342509746551514
2730,2.184,16,0.5510094165802002,0.0,0.0,0.5510094165802002
2731,2.1848,16,0.11794514209032059,0.0,0.0,0.11794514209032059
2732,2.1856,16,0.20242708921432495,0.0,0.0,0.20242708921432495
2733,2.1864,16,0.3970191478729248,0.0,0.0,0.3970191478729248
2734,2.1872,16,0.13770557940006256,0.0,0.0,0.13770557940006256
2735,2.188,16,0.42322981357574463,0.0,0.0,0.42322981357574463
2736,2.1888,16,0.3628319501876831,0.0,0.0,0.3628319501876831
2737,2.1896,16,0.07843804359436035,0.0,0.0,0.07843804359436035
2738,2.1904,16,0.08824501931667328,0.0,0.0,0.08824501931667328
2739,2.1912,16,0.4028199315071106,0.0,0.0,0.4028199315071106
2740,2.192,16,0.28908759355545044,0.0,0.0,0.28908759355545044
2741,2.1928,16,0.2102040946483612,0.0,0.0,0.2102040946483612
2742,2.1936,16,0.45313578844070435,0.0,0.0,0.45313578844070435
2743,2.1944,16,0.6494771838188171,0.0,0.0,0.6494771838188171
2744,2.1952,16,0.08283165097236633,0.0,0.0,0.08283165097236633
2745,2.196,16,0.17958149313926697,0.0,0.0,0.17958149313926697
2746,2.1968,16,0.09510557353496552,0.0,0.0,0.09510557353496552
2747,2.1976,16,0.3272019922733307,0.0,0.0,0.3272019922733307
2748,2.1984,16,0.2603466212749481,0.0,0.0,0.2603466212749481
2749,2.1992,16,0.18064552545547485,0.0,0.0,0.18064552545547485
2750,2.2,16,0.23069967329502106,0.0,0.0,0.23069967329502106
2751,2.2008,16,0.3045961856842041,0.0,0.0,0.3045961856842041
2752,2.2016,16,0.21273936331272125,0.0,0.0,0.21273936331272125
2753,2.2024,16,0.09595628827810287,0.0,0.0,0.09595628827810287
2754,2.2032,16,0.3814322054386139,0.0,0.0,0.3814322054386139
2755,2.204,16,0.17832113802433014,0.0,0.0,0.17832113802433014
2756,2.2048,16,0.09437572956085205,0.0,0.0,0.09437572956085205
2757,2.2056,16,0.10864058136940002,0.0,0.0,0.10864058136940002
2758,2.2064,16,0.1727808713912964,0.0,0.0,0.1727808713912964
2759,2.2072,16,0.22406499087810516,0.0,0.0,0.22406499087810516
2760,2.208,16,0.5350282788276672,0.0,0.0,0.5350282788276672
2761,2.2088,16,0.09454058110713959,0.0,0.0,0.09454058110713959
2762,2.2096,16,0.3587414622306824,0.0,0.0,0.3587414622306824
2763,2.2104,16,0.39470386505126953,0.0,0.0,0.39470386505126953
2764,2.2112,16,0.47467517852783203,0.0,0.0,0.47467517852783203
2765,2.212,16,0.3171507716178894,0.0,0.0,0.3171507716178894
2766,2.2128,16,0.338662713766098,0.0,0.0,0.338662713766098
2767,2.2136,16,0.5481488108634949,0.0,0.0,0.5481488108634949
2768,2.2144,16,0.26096874475479126,0.0,0.0,0.26096874475479126
2769,2.2152,16,0.3625872731208801,0.0,0.0,0.3625872731208801
2770,2.216,16,0.2809903025627136,0.0,0.0,0.2809903025627136
2771,2.2168,16,0.6190130114555359,0.0,0.0,0.6190130114555359
2772,2.2176,16,0.17050082981586456,0.0,0.0,0.17050082981586456
2773,2.2184,16,0.2928396761417389,0.0,0.0,0.2928396761417389
2774,2.2192,16,0.5248976945877075,0.0,0.0,0.5248976945877075
2775,2.22,16,0.08470059186220169,0.0,0.0,0.08470059186220169
2776,2.2208,16,0.18810400366783142,0.0,0.0,0.18810400366783142
2777,2.2216,16,0.07783257961273193,0.0,0.0,0.07783257961273193
2778,2.2224,16,0.42512303590774536,0.0,0.0,0.42512303590774536
2779,2.2232,16,0.49703699350357056,0.0,0.0,0.49703699350357056
2780,2.224,16,0.16628848016262054,0.0,0.0,0.16628848016262054
2781,2.2248,16,0.2473018914461136,0.0,0.0,0.2473018914461136
2782,2.2256,16,0.2607635259628296,0.0,0.0,0.2607635259628296
2783,2.2264,16,0.2717626392841339,0.0,0.0,0.2717626392841339
2784,2.2272,16,0.7240742444992065,0.0,0.0,0.7240742444992065
2785,2.228,16,0.3416195511817932,0.0,0.0,0.3416195511817932
2786,2.2288,16,0.38162899017333984,0.0,0.0,0.38162899017333984
2787,2.2296,16,0.2673580050468445,0.0,0.0,0.2673580050468445
2788,2.2304,16,0.16331449151039124,0.0,0.0,0.16331449151039124
2789,2.2312,16,0.6404153108596802,0.0,0.0,0.6404153108596802
2790,2.232,16,0.5859203338623047,0.0,0.0,0.5859203338623047
2791,2.2328,16,0.5318920612335205,0.0,0.0,0.5318920612335205
2792,2.2336,16,0.05011345446109772,0.0,0.0,0.05011345446109772
2793,2.2344,16,0.5935770273208618,0.0,0.0,0.5935770273208618
2794,2.2352,16,0.12146981805562973,0.0,0.0,0.12146981805562973
2795,2.2359999999999998,16,0.23756447434425354,0.0,0.0,0.23756447434425354
2796,2.2368,16,0.45997005701065063,0.0,0.0,0.45997005701065063
2797,2.2376,16,0.13330087065696716,0.0,0.0,0.13330087065696716
2798,2.2384,16,0.37349933385849,0.0,0.0,0.37349933385849
2799,2.2392,16,0.4546562433242798,0.0,0.0,0.4546562433242798
2800,2.24,16,0.2975679039955139,0.0,0.0,0.2975679039955139
2801,2.2408,16,0.6767760515213013,0.0,0.0,0.6767760515213013
2802,2.2416,16,0.2376665472984314,0.0,0.0,0.2376665472984314
2803,2.2424,16,0.06554272770881653,0.0,0.0,0.06554272770881653
2804,2.2432,16,0.1385607123374939,0.0,0.0,0.1385607123374939
2805,2.2439999999999998,16,0.45639798045158386,0.0,0.0,0.45639798045158386
2806,2.2448,16,0.21204517781734467,0.0,0.0,0.21204517781734467
2807,2.2456,16,0.24939298629760742,0.0,0.0,0.24939298629760742
2808,2.2464,16,0.36873313784599304,0.0,0.0,0.36873313784599304
2809,2.2472,16,0.16284796595573425,0.0,0.0,0.16284796595573425
2810,2.248,16,0.13159608840942383,0.0,0.0,0.13159608840942383
2811,2.2488,16,0.188308984041214,0.0,0.0,0.188308984041214
2812,2.2496,16,0.49611932039260864,0.0,0.0,0.49611932039260864
2813,2.2504,16,0.8237920999526978,0.0,0.0,0.8237920999526978
2814,2.2512,16,0.4248945713043213,0.0,0.0,0.4248945713043213
2815,2.252,16,0.3655564486980438,0.0,0.0,0.3655564486980438
2816,2.2528,16,0.7089782953262329,0.0,0.0,0.7089782953262329
2817,2.2536,16,0.22063776850700378,0.0,0.0,0.22063776850700378
2818,2.2544,16,0.40455782413482666,0.0,0.0,0.40455782413482666
2819,2.2552,16,0.13291341066360474,0.0,0.0,0.13291341066360474
2820,2.2560000000000002,16,0.5567483901977539,0.0,0.0,0.5567483901977539
2821,2.2568,16,0.29173600673675537,0.0,0.0,0.29173600673675537
2822,2.2576,16,0.32781538367271423,0.0,0.0,0.32781538367271423
2823,2.2584,16,0.09542391449213028,0.0,0.0,0.09542391449213028
2824,2.2592,16,0.35142529010772705,0.0,0.0,0.35142529010772705
2825,2.26,16,0.2942120432853699,0.0,0.0,0.2942120432853699
2826,2.2608,16,0.3714749217033386,0.0,0.0,0.3714749217033386
2827,2.2616,16,0.3750861883163452,0.0,0.0,0.3750861883163452
2828,2.2624,16,0.13439662754535675,0.0,0.0,0.13439662754535675
2829,2.2632,16,0.22518648207187653,0.0,0.0,0.22518648207187653
2830,2.2640000000000002,16,0.14261916279792786,0.0,0.0,0.14261916279792786
2831,2.2648,16,0.1472867727279663,0.0,0.0,0.1472867727279663
2832,2.2656,16,0.13668937981128693,0.0,0.0,0.13668937981128693
2833,2.2664,16,0.2582251727581024,0.0,0.0,0.2582251727581024
2834,2.2672,16,0.19279120862483978,0.0,0.0,0.19279120862483978
2835,2.268,16,0.1848713457584381,0.0,0.0,0.1848713457584381
2836,2.2688,16,0.25220295786857605,0.0,0.0,0.25220295786857605
2837,2.2696,16,0.3669494390487671,0.0,0.0,0.3669494390487671
2838,2.2704,16,0.2660812735557556,0.0,0.0,0.2660812735557556
2839,2.2712,16,0.22573232650756836,0.0,0.0,0.22573232650756836
2840,2.2720000000000002,16,0.20420104265213013,0.0,0.0,0.20420104265213013
2841,2.2728,16,0.3375053107738495,0.0,0.0,0.3375053107738495
2842,2.2736,16,0.1667024791240692,0.0,0.0,0.1667024791240692
2843,2.2744,16,0.2852697968482971,0.0,0.0,0.2852697968482971
2844,2.2752,16,0.3656809628009796,0.0,0.0,0.3656809628009796
2845,2.276,16,0.25370970368385315,0.0,0.0,0.25370970368385315
2846,2.2768,16,0.2031402587890625,0.0,0.0,0.2031402587890625
2847,2.2776,16,0.3024252653121948,0.0,0.0,0.3024252653121948
2848,2.2784,16,0.2471291720867157,0.0,0.0,0.2471291720867157
2849,2.2792,16,0.5557936429977417,0.0,0.0,0.5557936429977417
2850,2.2800000000000002,16,0.6582236289978027,0.0,0.0,0.6582236289978027
2851,2.2808,16,0.20359918475151062,0.0,0.0,0.20359918475151062
2852,2.2816,16,0.2637202739715576,0.0,0.0,0.2637202739715576
2853,2.2824,16,0.13561701774597168,0.0,0.0,0.13561701774597168
2854,2.2832,16,0.31167593598365784,0.0,0.0,0.31167593598365784
2855,2.284,16,0.2223919928073883,0.0,0.0,0.2223919928073883
2856,2.2848,16,0.4173792898654938,0.0,0.0,0.4173792898654938
2857,2.2856,16,0.07900822162628174,0.0,0.0,0.07900822162628174
2858,2.2864,16,0.1358555555343628,0.0,0.0,0.1358555555343628
2859,2.2872,16,0.3784653842449188,0.0,0.0,0.3784653842449188
2860,2.288,16,0.3675774037837982,0.0,0.0,0.3675774037837982
2861,2.2888,16,0.39752593636512756,0.0,0.0,0.39752593636512756
2862,2.2896,16,0.23690974712371826,0.0,0.0,0.23690974712371826
2863,2.2904,16,0.19290894269943237,0.0,0.0,0.19290894269943237
2864,2.2912,16,0.2634190320968628,0.0,0.0,0.2634190320968628
2865,2.292,16,0.31474435329437256,0.0,0.0,0.31474435329437256
2866,2.2928,16,0.2761472165584564,0.0,0.0,0.2761472165584564
2867,2.2936,16,0.17312562465667725,0.0,0.0,0.17312562465667725
2868,2.2944,16,0.07345888763666153,0.0,0.0,0.07345888763666153
2869,2.2952,16,0.14164100587368011,0.0,0.0,0.14164100587368011
2870,2.296,16,0.1217350959777832,0.0,0.0,0.1217350959777832
2871,2.2968,16,0.2504635155200958,0.0,0.0,0.2504635155200958
2872,2.2976,16,0.31746047735214233,0.0,0.0,0.31746047735214233
2873,2.2984,16,0.2661229372024536,0.0,0.0,0.2661229372024536
2874,2.2992,16,0.27304935455322266,0.0,0.0,0.27304935455322266
2875,2.3,16,0.41540080308914185,0.0,0.0,0.41540080308914185
2876,2.3008,16,0.40552839636802673,0.0,0.0,0.40552839636802673
2877,2.3016,16,0.29243654012680054,0.0,0.0,0.29243654012680054
2878,2.3024,16,0.28469952940940857,0.0,0.0,0.28469952940940857
2879,2.3032,16,0.06341829895973206,0.0,0.0,0.06341829895973206
2880,2.304,16,0.42636215686798096,0.0,0.0,0.42636215686798096
2881,2.3048,16,0.3556177318096161,0.0,0.0,0.3556177318096161
2882,2.3056,16,0.2314591407775879,0.0,0.0,0.2314591407775879
2883,2.3064,16,0.45772525668144226,0.0,0.0,0.45772525668144226
2884,2.3072,16,0.227439746260643,0.0,0.0,0.227439746260643
2885,2.308,16,0.07162615656852722,0.0,0.0,0.07162615656852722
2886,2.3088,16,0.2883477210998535,0.0,0.0,0.2883477210998535
2887,2.3096,16,0.24229291081428528,0.0,0.0,0.24229291081428528
2888,2.3104,16,0.37337782979011536,0.0,0.0,0.37337782979011536
2889,2.3112,16,0.6008329391479492,0.0,0.0,0.6008329391479492
2890,2.312,16,0.438942551612854,0.0,0.0,0.438942551612854
2891,2.3128,16,0.267819344997406,0.0,0.0,0.267819344997406
2892,2.3136,16,0.20757566392421722,0.0,0.0,0.20757566392421722
2893,2.3144,16,0.24426931142807007,0.0,0.0,0.24426931142807007
2894,2.3152,16,0.2083773910999298,0.0,0.0,0.2083773910999298
2895,2.316,16,0.11268488317728043,0.0,0.0,0.11268488317728043
2896,2.3168,16,0.19961203634738922,0.0,0.0,0.19961203634738922
2897,2.3176,16,1.0117954015731812,0.0,0.0,1.0117954015731812
2898,2.3184,16,0.18254919350147247,0.0,0.0,0.18254919350147247
2899,2.3192,16,0.07705853879451752,0.0,0.0,0.07705853879451752
2900,2.32,16,0.06748194992542267,0.0,0.0,0.06748194992542267
2901,2.3208,16,0.20539195835590363,0.0,0.0,0.20539195835590363
2902,2.3216,16,0.2519817352294922,0.0,0.0,0.2519817352294922
2903,2.3224,16,0.626632571220398,0.0,0.0,0.626632571220398
2904,2.3232,16,0.547751247882843,0.0,0.0,0.547751247882843
2905,2.324,16,0.3659724295139313,0.0,0.0,0.3659724295139313
2906,2.3247999999999998,16,0.44482648372650146,0.0,0.0,0.44482648372650146
2907,2.3256,16,0.05884293466806412,0.0,0.0,0.05884293466806412
2908,2.3264,16,0.25745889544487,0.0,0.0,0.25745889544487
2909,2.3272,16,0.4235774874687195,0.0,0.0,0.4235774874687195
2910,2.328,16,0.4058917760848999,0.0,0.0,0.4058917760848999
2911,2.3288,16,0.4072992205619812,0.0,0.0,0.4072992205619812
2912,2.3296,16,0.301038920879364,0.0,0.0,0.301038920879364
2913,2.3304,16,0.35293182730674744,0.0,0.0,0.35293182730674744
2914,2.3312,16,0.31807464361190796,0.0,0.0,0.31807464361190796
2915,2.332,16,0.48054078221321106,0.0,0.0,0.48054078221321106
2916,2.3327999999999998,16,0.2332744300365448,0.0,0.0,0.2332744300365448
2917,2.3336,16,0.15209965407848358,0.0,0.0,0.15209965407848358
2918,2.3344,16,0.28251394629478455,0.0,0.0,0.28251394629478455
2919,2.3352,16,0.45117589831352234,0.0,0.0,0.45117589831352234
2920,2.336,16,0.4298205077648163,0.0,0.0,0.4298205077648163
2921,2.3368,16,0.2538897395133972,0.0,0.0,0.2538897395133972
2922,2.3376,16,0.10687633603811264,0.0,0.0,0.10687633603811264
2923,2.3384,16,0.28081634640693665,0.0,0.0,0.28081634640693665
2924,2.3392,16,0.30307537317276,0.0,0.0,0.30307537317276
2925,2.34,16,0.3017084002494812,0.0,0.0,0.3017084002494812
2926,2.3407999999999998,16,0.23324273526668549,0.0,0.0,0.23324273526668549
2927,2.3416,16,0.27313971519470215,0.0,0.0,0.27313971519470215
2928,2.3424,16,0.3417918384075165,0.0,0.0,0.3417918384075165
2929,2.3432,16,0.17974454164505005,0.0,0.0,0.17974454164505005
2930,2.344,16,0.2399703860282898,0.0,0.0,0.2399703860282898
2931,2.3448,16,0.08895163238048553,0.0,0.0,0.08895163238048553
2932,2.3456,16,0.25048115849494934,0.0,0.0,0.25048115849494934
2933,2.3464,16,0.13607388734817505,0.0,0.0,0.13607388734817505
2934,2.3472,16,0.3850000500679016,0.0,0.0,0.3850000500679016
2935,2.348,16,0.11202503740787506,0.0,0.0,0.11202503740787506
2936,2.3487999999999998,16,0.21348607540130615,0.0,0.0,0.21348607540130615
2937,2.3496,16,0.43303725123405457,0.0,0.0,0.43303725123405457
2938,2.3504,16,0.20946907997131348,0.0,0.0,0.20946907997131348
2939,2.3512,16,0.31217145919799805,0.0,0.0,0.31217145919799805
2940,2.352,16,0.3677782714366913,0.0,0.0,0.3677782714366913
2941,2.3528000000000002,16,0.4167426824569702,0.0,0.0,0.4167426824569702
2942,2.3536,16,0.30547869205474854,0.0,0.0,0.30547869205474854
2943,2.3544,16,0.32772454619407654,0.0,0.0,0.32772454619407654
2944,2.3552,16,0.23395414650440216,0.0,0.0,0.23395414650440216
2945,2.356,16,0.3053987920284271,0.0,0.0,0.3053987920284271
2946,2.3568,16,0.3897845149040222,0.0,0.0,0.3897845149040222
2947,2.3576,16,0.46951502561569214,0.0,0.0,0.46951502561569214
2948,2.3584,16,0.31555938720703125,0.0,0.0,0.31555938720703125
2949,2.3592,16,0.18280060589313507,0.0,0.0,0.18280060589313507
2950,2.36,16,0.5762834548950195,0.0,0.0,0.5762834548950195
2951,2.3608000000000002,16,0.40277647972106934,0.0,0.0,0.40277647972106934
2952,2.3616,16,0.1514623761177063,0.0,0.0,0.1514623761177063
2953,2.3624,16,0.3631540536880493,0.0,0.0,0.3631540536880493
2954,2.3632,16,0.3003808259963989,0.0,0.0,0.3003808259963989
2955,2.364,16,0.2643900513648987,0.0,0.0,0.2643900513648987
2956,2.3648,16,0.3222736418247223,0.0,0.0,0.3222736418247223
2957,2.3656,16,0.08856040239334106,0.0,0.0,0.08856040239334106
2958,2.3664,16,0.4637013077735901,0.0,0.0,0.4637013077735901
2959,2.3672,16,0.09619161486625671,0.0,0.0,0.09619161486625671
2960,2.368,16,0.18427668511867523,0.0,0.0,0.18427668511867523
2961,2.3688000000000002,16,0.92817223072052,0.0,0.0,0.92817223072052
2962,2.3696,16,0.7254380583763123,0.0,0.0,0.7254380583763123
2963,2.3704,16,0.42490968108177185,0.0,0.0,0.42490968108177185
2964,2.3712,16,0.13966399431228638,0.0,0.0,0.13966399431228638
2965,2.372,16,0.05718229338526726,0.0,0.0,0.05718229338526726
2966,2.3728,16,0.15542149543762207,0.0,0.0,0.15542149543762207
2967,2.3736,16,0.1139022558927536,0.0,0.0,0.1139022558927536
2968,2.3744,16,0.17537012696266174,0.0,0.0,0.17537012696266174
2969,2.3752,16,0.19829954206943512,0.0,0.0,0.19829954206943512
2970,2.376,16,0.2364000678062439,0.0,0.0,0.2364000678062439
2971,2.3768000000000002,16,0.4090147614479065,0.0,0.0,0.4090147614479065
2972,2.3776,16,0.14481711387634277,0.0,0.0,0.14481711387634277
2973,2.3784,16,0.075181744992733,0.0,0.0,0.075181744992733
2974,2.3792,16,0.2324424386024475,0.0,0.0,0.2324424386024475
2975,2.38,16,0.2528616189956665,0.0,0.0,0.2528616189956665
2976,2.3808,16,0.6242413520812988,0.0,0.0,0.6242413520812988
2977,2.3816,16,0.36821264028549194,0.0,0.0,0.36821264028549194
2978,2.3824,16,0.19778761267662048,0.0,0.0,0.19778761267662048
2979,2.3832,16,0.18934988975524902,0.0,0.0,0.18934988975524902
2980,2.384,16,0.14249613881111145,0.0,0.0,0.14249613881111145
2981,2.3848,16,0.18885041773319244,0.0,0.0,0.18885041773319244
2982,2.3856,16,0.381472110748291,0.0,0.0,0.381472110748291
2983,2.3864,16,0.3113380968570709,0.0,0.0,0.3113380968570709
2984,2.3872,16,0.1531490683555603,0.0,0.0,0.1531490683555603
2985,2.388,16,0.12700337171554565,0.0,0.0,0.12700337171554565
2986,2.3888,16,0.5186066031455994,0.0,0.0,0.5186066031455994
2987,2.3896,16,0.2193441390991211,0.0,0.0,0.2193441390991211
2988,2.3904,16,0.2851944863796234,0.0,0.0,0.2851944863796234
2989,2.3912,16,0.3505597412586212,0.0,0.0,0.3505597412586212
2990,2.392,16,0.35689976811408997,0.0,0.0,0.35689976811408997
2991,2.3928,16,0.17586258053779602,0.0,0.0,0.17586258053779602
2992,2.3936,16,0.2737122178077698,0.0,0.0,0.2737122178077698
2993,2.3944,16,0.5555722713470459,0.0,0.0,0.5555722713470459
2994,2.3952,16,0.22267328202724457,0.0,0.0,0.22267328202724457
2995,2.396,16,0.22448286414146423,0.0,0.0,0.22448286414146423
2996,2.3968,16,0.14689874649047852,0.0,0.0,0.14689874649047852
2997,2.3976,16,0.240525484085083,0.0,0.0,0.240525484085083
2998,2.3984,16,0.4885038137435913,0.0,0.0,0.4885038137435913
2999,2.3992,16,0.32368922233581543,0.0,0.0,0.32368922233581543
3000,2.4,16,0.305920273065567,0.0,0.0,0.305920273065567
3001,2.4008,16,0.13331492245197296,0.0,0.0,0.13331492245197296
3002,2.4016,16,0.4510945677757263,0.0,0.0,0.4510945677757263
3003,2.4024,16,0.14264866709709167,0.0,0.0,0.14264866709709167
3004,2.4032,16,0.1559881865978241,0.0,0.0,0.1559881865978241
3005,2.404,16,0.4338628649711609,0.0,0.0,0.4338628649711609
3006,2.4048,16,0.24942006170749664,0.0,0.0,0.24942006170749664
3007,2.4056,16,0.3683357238769531,0.0,0.0,0.3683357238769531
3008,2.4064,16,0.37673184275627136,0.0,0.0,0.37673184275627136
3009,2.4072,16,0.11939549446105957,0.0,0.0,0.11939549446105957
3010,2.408,16,0.24565032124519348,0.0,0.0,0.24565032124519348
3011,2.4088,16,0.11606566607952118,0.0,0.0,0.11606566607952118
3012,2.4096,16,0.5020738244056702,0.0,0.0,0.5020738244056702
3013,2.4104,16,0.3967755436897278,0.0,0.0,0.3967755436897278
3014,2.4112,16,0.1890568733215332,0.0,0.0,0.1890568733215332
3015,2.412,16,0.3748652935028076,0.0,0.0,0.3748652935028076
3016,2.4128,16,0.1328316330909729,0.0,0.0,0.1328316330909729
3017,2.4136,16,0.3066638708114624,0.0,0.0,0.3066638708114624
3018,2.4144,16,0.5846033096313477,0.0,0.0,0.5846033096313477
3019,2.4152,16,0.5460917949676514,0.0,0.0,0.5460917949676514
3020,2.416,16,0.20570164918899536,0.0,0.0,0.20570164918899536
3021,2.4168,16,0.3388248085975647,0.0,0.0,0.3388248085975647
3022,2.4176,16,0.2240443378686905,0.0,0.0,0.2240443378686905
3023,2.4184,16,0.2612159252166748,0.0,0.0,0.2612159252166748
3024,2.4192,16,0.27180302143096924,0.0,0.0,0.27180302143096924
3025,2.42,16,0.09980788081884384,0.0,0.0,0.09980788081884384
3026,2.4208,16,0.49553364515304565,0.0,0.0,0.49553364515304565
3027,2.4215999999999998,16,0.2334641069173813,0.0,0.0,0.2334641069173813
3028,2.4224,16,0.4219527542591095,0.0,0.0,0.4219527542591095
3029,2.4232,16,0.11305871605873108,0.0,0.0,0.11305871605873108
3030,2.424,16,0.188649520277977,0.0,0.0,0.188649520277977
3031,2.4248,16,0.276837557554245,0.0,0.0,0.276837557554245
3032,2.4256,16,0.07884173095226288,0.0,0.0,0.07884173095226288
3033,2.4264,16,0.6166738271713257,0.0,0.0,0.6166738271713257
3034,2.4272,16,0.12013249099254608,0.0,0.0,0.12013249099254608
3035,2.428,16,0.4362764060497284,0.0,0.0,0.4362764060497284
3036,2.4288,16,0.22029200196266174,0.0,0.0,0.22029200196266174
3037,2.4295999999999998,16,0.33121442794799805,0.0,0.0,0.33121442794799805
3038,2.4304,16,0.5147477388381958,0.0,0.0,0.5147477388381958
3039,2.4312,16,0.3705247938632965,0.0,0.0,0.3705247938632965
3040,2.432,16,0.37194907665252686,0.0,0.0,0.37194907665252686
3041,2.4328,16,0.16448691487312317,0.0,0.0,0.16448691487312317
3042,2.4336,16,0.23771485686302185,0.0,0.0,0.23771485686302185
3043,2.4344,16,0.25083640217781067,0.0,0.0,0.25083640217781067
3044,2.4352,16,0.0925007089972496,0.0,0.0,0.0925007089972496
3045,2.436,16,0.4628317654132843,0.0,0.0,0.4628317654132843
3046,2.4368,16,0.48495131731033325,0.0,0.0,0.48495131731033325
3047,2.4375999999999998,16,0.4781839847564697,0.0,0.0,0.4781839847564697
3048,2.4384,16,0.18784983456134796,0.0,0.0,0.18784983456134796
3049,2.4392,16,0.47848522663116455,0.0,0.0,0.47848522663116455
3050,2.44,16,0.06479040533304214,0.0,0.0,0.06479040533304214
3051,2.4408,16,0.22626134753227234,0.0,0.0,0.22626134753227234
3052,2.4416,16,0.11236435920000076,0.0,0.0,0.11236435920000076
3053,2.4424,16,0.17328143119812012,0.0,0.0,0.17328143119812012
3054,2.4432,16,0.09195682406425476,0.0,0.0,0.09195682406425476
3055,2.444,16,0.3710925281047821,0.0,0.0,0.3710925281047821
3056,2.4448,16,0.1286981701850891,0.0,0.0,0.1286981701850891
3057,2.4455999999999998,16,0.29667308926582336,0.0,0.0,0.29667308926582336
3058,2.4464,16,0.47003626823425293,0.0,0.0,0.47003626823425293
3059,2.4472,16,0.390728235244751,0.0,0.0,0.390728235244751
3060,2.448,16,0.25286003947257996,0.0,0.0,0.25286003947257996
3061,2.4488,16,0.27477726340293884,0.0,0.0,0.27477726340293884
3062,2.4496,16,0.47434473037719727,0.0,0.0,0.47434473037719727
3063,2.4504,16,0.41621699929237366,0.0,0.0,0.41621699929237366
3064,2.4512,16,0.30581191182136536,0.0,0.0,0.30581191182136536
3065,2.452,16,0.44090333580970764,0.0,0.0,0.44090333580970764
3066,2.4528,16,0.503915548324585,0.0,0.0,0.503915548324585
3067,2.4536,16,0.1700434684753418,0.0,0.0,0.1700434684753418
3068,2.4544,16,0.1218542829155922,0.0,0.0,0.1218542829155922
3069,2.4552,16,0.3104434311389923,0.0,0.0,0.3104434311389923
3070,2.456,16,0.6810119152069092,0.0,0.0,0.6810119152069092
3071,2.4568,16,0.33640751242637634,0.0,0.0,0.33640751242637634
3072,2.4576000000000002,16,0.18612435460090637,0.0,0.0,0.18612435460090637
3073,2.4584,16,0.19231662154197693,0.0,0.0,0.19231662154197693
3074,2.4592,16,0.5404947400093079,0.0,0.0,0.5404947400093079
3075,2.46,16,0.3237581253051758,0.0,0.0,0.3237581253051758
3076,2.4608,16,0.4766852855682373,0.0,0.0,0.4766852855682373
3077,2.4616,16,0.1496497094631195,0.0,0.0,0.1496497094631195
3078,2.4624,16,0.6193082332611084,0.0,0.0,0.6193082332611084
3079,2.4632,16,0.532711386680603,0.0,0.0,0.532711386680603
3080,2.464,16,0.20047926902770996,0.0,0.0,0.20047926902770996
3081,2.4648,16,0.3278903365135193,0.0,0.0,0.3278903365135193
3082,2.4656000000000002,16,0.3336113691329956,0.0,0.0,0.3336113691329956
3083,2.4664,16,0.6197436451911926,0.0,0.0,0.6197436451911926
3084,2.4672,16,0.12764641642570496,0.0,0.0,0.12764641642570496
3085,2.468,16,0.19595569372177124,0.0,0.0,0.19595569372177124
3086,2.4688,16,0.11512441188097,0.0,0.0,0.11512441188097
3087,2.4696,16,0.3317473828792572,0.0,0.0,0.3317473828792572
3088,2.4704,16,0.20522084832191467,0.0,0.0,0.20522084832191467
3089,2.4712,16,0.49284982681274414,0.0,0.0,0.49284982681274414
3090,2.472,16,0.15209555625915527,0.0,0.0,0.15209555625915527
3091,2.4728,16,0.5160255432128906,0.0,0.0,0.5160255432128906
3092,2.4736000000000002,16,0.22846098244190216,0.0,0.0,0.22846098244190216
3093,2.4744,16,0.2944552004337311,0.0,0.0,0.2944552004337311
3094,2.4752,16,0.3048665523529053,0.0,0.0,0.3048665523529053
3095,2.476,16,0.07021797448396683,0.0,0.0,0.07021797448396683
3096,2.4768,16,0.22936952114105225,0.0,0.0,0.22936952114105225
3097,2.4776,16,0.1727554202079773,0.0,0.0,0.1727554202079773
3098,2.4784,16,0.34581291675567627,0.0,0.0,0.34581291675567627
3099,2.4792,16,0.1870843768119812,0.0,0.0,0.1870843768119812
3100,2.48,16,0.2442377209663391,0.0,0.0,0.2442377209663391
3101,2.4808,16,0.11004315316677094,0.0,0.0,0.11004315316677094
3102,2.4816,16,0.08054298162460327,0.0,0.0,0.08054298162460327
3103,2.4824,16,0.12362020462751389,0.0,0.0,0.12362020462751389
3104,2.4832,16,0.1948963850736618,0.0,0.0,0.1948963850736618
3105,2.484,16,0.3979173004627228,0.0,0.0,0.3979173004627228
3106,2.4848,16,0.12228161841630936,0.0,0.0,0.12228161841630936
3107,2.4856,16,0.23379094898700714,0.0,0.0,0.23379094898700714
3108,2.4864,16,0.2894156873226166,0.0,0.0,0.2894156873226166
3109,2.4872,16,0.06182678043842316,0.0,0.0,0.06182678043842316
3110,2.488,16,0.10384530574083328,0.0,0.0,0.10384530574083328
3111,2.4888,16,0.18419595062732697,0.0,0.0,0.18419595062732697
3112,2.4896,16,0.42000812292099,0.0,0.0,0.42000812292099
3113,2.4904,16,0.2596612572669983,0.0,0.0,0.2596612572669983
3114,2.4912,16,0.40737393498420715,0.0,0.0,0.40737393498420715
3115,2.492,16,0.40814295411109924,0.0,0.0,0.40814295411109924
3116,2.4928,16,0.31033962965011597,0.0,0.0,0.31033962965011597
3117,2.4936,16,0.2455611228942871,0.0,0.0,0.2455611228942871
3118,2.4944,16,0.39703041315078735,0.0,0.0,0.39703041315078735
3119,2.4952,16,0.4992603659629822,0.0,0.0,0.4992603659629822
3120,2.496,16,0.37351754307746887,0.0,0.0,0.37351754307746887
3121,2.4968,16,0.27278685569763184,0.0,0.0,0.27278685569763184
3122,2.4976,16,0.18799585103988647,0.0,0.0,0.18799585103988647
3123,2.4984,16,0.40338122844696045,0.0,0.0,0.40338122844696045
3124,2.4992,16,0.19297242164611816,0.0,0.0,0.19297242164611816
3125,2.5,16,0.1199055165052414,0.0,0.0,0.1199055165052414
3126,2.5008,16,0.12810948491096497,0.0,0.0,0.12810948491096497
3127,2.5016,16,0.16711317002773285,0.0,0.0,0.16711317002773285
3128,2.5023999999999997,16,0.23293893039226532,0.0,0.0,0.23293893039226532
3129,2.5032,16,0.19779661297798157,0.0,0.0,0.19779661297798157
3130,2.504,16,0.11909066885709763,0.0,0.0,0.11909066885709763
3131,2.5048,16,0.3830680251121521,0.0,0.0,0.3830680251121521
3132,2.5056000000000003,16,0.2507467269897461,0.0,0.0,0.2507467269897461
3133,2.5064,16,0.26594361662864685,0.0,0.0,0.26594361662864685
3134,2.5072,16,0.545551598072052,0.0,0.0,0.545551598072052
3135,2.508,16,0.43794357776641846,0.0,0.0,0.43794357776641846
3136,2.5088,16,0.3781784176826477,0.0,0.0,0.3781784176826477
3137,2.5096,16,0.07754256576299667,0.0,0.0,0.07754256576299667
3138,2.5103999999999997,16,0.5712288618087769,0.0,0.0,0.5712288618087769
3139,2.5112,16,0.4808941185474396,0.0,0.0,0.4808941185474396
3140,2.512,16,0.43179985880851746,0.0,0.0,0.43179985880851746
3141,2.5128,16,0.24370507895946503,0.0,0.0,0.24370507895946503
3142,2.5136,16,0.08310162276029587,0.0,0.0,0.08310162276029587
3143,2.5144,16,0.14531081914901733,0.0,0.0,0.14531081914901733
3144,2.5152,16,0.24261878430843353,0.0,0.0,0.24261878430843353
3145,2.516,16,0.17527885735034943,0.0,0.0,0.17527885735034943
3146,2.5168,16,0.03468473255634308,0.0,0.0,0.03468473255634308
3147,2.5176,16,0.20095126330852509,0.0,0.0,0.20095126330852509
3148,2.5183999999999997,16,0.5286528468132019,0.0,0.0,0.5286528468132019
3149,2.5192,16,0.12211181968450546,0.0,0.0,0.12211181968450546
3150,2.52,16,0.15884892642498016,0.0,0.0,0.15884892642498016
3151,2.5208,16,0.0994187742471695,0.0,0.0,0.0994187742471695
3152,2.5216,16,0.32330551743507385,0.0,0.0,0.32330551743507385
3153,2.5224,16,0.5799858570098877,0.0,0.0,0.5799858570098877
3154,2.5232,16,0.6248531341552734,0.0,0.0,0.6248531341552734
3155,2.524,16,0.20586282014846802,0.0,0.0,0.20586282014846802
3156,2.5248,16,0.21239475905895233,0.0,0.0,0.21239475905895233
3157,2.5256,16,0.29056626558303833,0.0,0.0,0.29056626558303833
3158,2.5263999999999998,16,0.10737411677837372,0.0,0.0,0.10737411677837372
3159,2.5272,16,0.3004953861236572,0.0,0.0,0.3004953861236572
3160,2.528,16,0.37289443612098694,0.0,0.0,0.37289443612098694
3161,2.5288,16,0.2022155225276947,0.0,0.0,0.2022155225276947
3162,2.5296,16,0.37571585178375244,0.0,0.0,0.37571585178375244
3163,2.5304,16,0.10303425788879395,0.0,0.0,0.10303425788879395
3164,2.5312,16,0.06779573857784271,0.0,0.0,0.06779573857784271
3165,2.532,16,0.3001045882701874,0.0,0.0,0.3001045882701874
3166,2.5328,16,0.1506529599428177,0.0,0.0,0.1506529599428177
3167,2.5336,16,0.25702881813049316,0.0,0.0,0.25702881813049316
3168,2.5343999999999998,16,0.28396961092948914,0.0,0.0,0.28396961092948914
3169,2.5352,16,0.2550506889820099,0.0,0.0,0.2550506889820099
3170,2.536,16,0.3694116771221161,0.0,0.0,0.3694116771221161
3171,2.5368,16,0.30058225989341736,0.0,0.0,0.30058225989341736
3172,2.5376,16,0.2023162543773651,0.0,0.0,0.2023162543773651
3173,2.5384,16,0.24972675740718842,0.0,0.0,0.24972675740718842
3174,2.5392,16,0.09083251655101776,0.0,0.0,0.09083251655101776
3175,2.54,16,0.17232964932918549,0.0,0.0,0.17232964932918549
3176,2.5408,16,0.35125675797462463,0.0,0.0,0.35125675797462463
3177,2.5416,16,0.7724332809448242,0.0,0.0,0.7724332809448242
3178,2.5423999999999998,16,0.2781616151332855,0.0,0.0,0.2781616151332855
3179,2.5432,16,0.1775008887052536,0.0,0.0,0.1775008887052536
3180,2.544,16,0.1996462345123291,0.0,0.0,0.1996462345123291
3181,2.5448,16,0.30395323038101196,0.0,0.0,0.30395323038101196
3182,2.5456,16,0.3680903911590576,0.0,0.0,0.3680903911590576
3183,2.5464,16,0.09094931930303574,0.0,0.0,0.09094931930303574
3184,2.5472,16,0.1457761824131012,0.0,0.0,0.1457761824131012
3185,2.548,16,0.2579306662082672,0.0,0.0,0.2579306662082672
3186,2.5488,16,0.08031311631202698,0.0,0.0,0.08031311631202698
3187,2.5496,16,0.1778264194726944,0.0,0.0,0.1778264194726944
3188,2.5504,16,0.14474651217460632,0.0,0.0,0.14474651217460632
3189,2.5512,16,0.4450392723083496,0.0,0.0,0.4450392723083496
3190,2.552,16,0.305100679397583,0.0,0.0,0.305100679397583
3191,2.5528,16,0.17446395754814148,0.0,0.0,0.17446395754814148
3192,2.5536,16,0.2137497067451477,0.0,0.0,0.2137497067451477
3193,2.5544000000000002,16,0.1428820639848709,0.0,0.0,0.1428820639848709
3194,2.5552,16,0.17865771055221558,0.0,0.0,0.17865771055221558
3195,2.556,16,0.3483865261077881,0.0,0.0,0.3483865261077881
3196,2.5568,16,0.6213356256484985,0.0,0.0,0.6213356256484985
3197,2.5576,16,0.05954596772789955,0.0,0.0,0.05954596772789955
3198,2.5584,16,0.24138882756233215,0.0,0.0,0.24138882756233215
3199,2.5592,16,0.6523339152336121,0.0,0.0,0.6523339152336121
3200,2.56,16,0.0923415794968605,0.0,0.0,0.0923415794968605
3201,2.5608,16,0.516478419303894,0.0,0.0,0.516478419303894
3202,2.5616,16,0.22448746860027313,0.0,0.0,0.22448746860027313
3203,2.5624000000000002,16,0.4267340302467346,0.0,0.0,0.4267340302467346
3204,2.5632,16,0.3256905674934387,0.0,0.0,0.3256905674934387
3205,2.564,16,0.15391850471496582,0.0,0.0,0.15391850471496582
3206,2.5648,16,0.5699834823608398,0.0,0.0,0.5699834823608398
3207,2.5656,16,0.2402447909116745,0.0,0.0,0.2402447909116745
3208,2.5664,16,0.35376548767089844,0.0,0.0,0.35376548767089844
3209,2.5672,16,0.19657756388187408,0.0,0.0,0.19657756388187408
3210,2.568,16,0.2968192994594574,0.0,0.0,0.2968192994594574
3211,2.5688,16,0.263275682926178,0.0,0.0,0.263275682926178
3212,2.5696,16,0.31160372495651245,0.0,0.0,0.31160372495651245
3213,2.5704000000000002,16,0.11775729060173035,0.0,0.0,0.11775729060173035
3214,2.5712,16,0.5026547312736511,0.0,0.0,0.5026547312736511
3215,2.572,16,0.10470221936702728,0.0,0.0,0.10470221936702728
3216,2.5728,16,0.07938244938850403,0.0,0.0,0.07938244938850403
3217,2.5736,16,0.07701162993907928,0.0,0.0,0.07701162993907928
3218,2.5744,16,0.5711594223976135,0.0,0.0,0.5711594223976135
3219,2.5752,16,0.31333690881729126,0.0,0.0,0.31333690881729126
3220,2.576,16,0.5120559930801392,0.0,0.0,0.5120559930801392
3221,2.5768,16,0.3992527723312378,0.0,0.0,0.3992527723312378
3222,2.5776,16,0.35636430978775024,0.0,0.0,0.35636430978775024
3223,2.5784000000000002,16,0.12409599125385284,0.0,0.0,0.12409599125385284
3224,2.5792,16,0.23104475438594818,0.0,0.0,0.23104475438594818
3225,2.58,16,0.37317246198654175,0.0,0.0,0.37317246198654175
3226,2.5808,16,0.43141287565231323,0.0,0.0,0.43141287565231323
3227,2.5816,16,0.16086412966251373,0.0,0.0,0.16086412966251373
3228,2.5824,16,0.2772678732872009,0.0,0.0,0.2772678732872009
3229,2.5832,16,0.758796215057373,0.0,0.0,0.758796215057373
3230,2.584,16,0.20080773532390594,0.0,0.0,0.20080773532390594
3231,2.5848,16,0.16056911647319794,0.0,0.0,0.16056911647319794
3232,2.5856,16,0.20389991998672485,0.0,0.0,0.20389991998672485
3233,2.5864000000000003,16,0.5426158308982849,0.0,0.0,0.5426158308982849
3234,2.5872,16,0.1645188331604004,0.0,0.0,0.1645188331604004
3235,2.588,16,0.5409365892410278,0.0,0.0,0.5409365892410278
3236,2.5888,16,0.22160674631595612,0.0,0.0,0.22160674631595612
3237,2.5896,16,0.11532197892665863,0.0,0.0,0.11532197892665863
3238,2.5904,16,0.23955801129341125,0.0,0.0,0.23955801129341125
3239,2.5911999999999997,16,0.25190281867980957,0.0,0.0,0.25190281867980957
3240,2.592,16,0.1509781777858734,0.0,0.0,0.1509781777858734
3241,2.5928,16,0.4420292377471924,0.0,0.0,0.4420292377471924
3242,2.5936,16,0.3996381163597107,0.0,0.0,0.3996381163597107
3243,2.5944000000000003,16,0.11322765052318573,0.0,0.0,0.11322765052318573
3244,2.5952,16,0.3332257568836212,0.0,0.0,0.3332257568836212
3245,2.596,16,0.5142502784729004,0.0,0.0,0.5142502784729004
3246,2.5968,16,0.11082583665847778,0.0,0.0,0.11082583665847778
3247,2.5976,16,0.30235812067985535,0.0,0.0,0.30235812067985535
3248,2.5984,16,0.21709701418876648,0.0,0.0,0.21709701418876648
3249,2.5991999999999997,16,0.2300051748752594,0.0,0.0,0.2300051748752594
3250,2.6,16,0.38563305139541626,0.0,0.0,0.38563305139541626
3251,2.6008,16,0.509682834148407,0.0,0.0,0.509682834148407
3252,2.6016,16,0.6697665452957153,0.0,0.0,0.6697665452957153
3253,2.6024000000000003,16,0.1924755871295929,0.0,0.0,0.1924755871295929
3254,2.6032,16,0.3096695840358734,0.0,0.0,0.3096695840358734
3255,2.604,16,0.07381957769393921,0.0,0.0,0.07381957769393921
3256,2.6048,16,0.21637412905693054,0.0,0.0,0.21637412905693054
3257,2.6056,16,0.33250656723976135,0.0,0.0,0.33250656723976135
3258,2.6064,16,0.2362857162952423,0.0,0.0,0.2362857162952423
3259,2.6071999999999997,16,0.24263185262680054,0.0,0.0,0.24263185262680054
3260,2.608,16,0.19502271711826324,0.0,0.0,0.19502271711826324
3261,2.6088,16,0.3671688437461853,0.0,0.0,0.3671688437461853
3262,2.6096,16,0.7744561433792114,0.0,0.0,0.7744561433792114
3263,2.6104000000000003,16,0.24442458152770996,0.0,0.0,0.24442458152770996
3264,2.6112,16,0.3976554274559021,0.0,0.0,0.3976554274559021
3265,2.612,16,0.14719687402248383,0.0,0.0,0.14719687402248383
3266,2.6128,16,0.3760211765766144,0.0,0.0,0.3760211765766144
3267,2.6136,16,0.27562031149864197,0.0,0.0,0.27562031149864197
3268,2.6144,16,0.29024258255958557,0.0,0.0,0.29024258255958557
3269,2.6151999999999997,16,0.5177835822105408,0.0,0.0,0.5177835822105408
3270,2.616,16,0.2761189341545105,0.0,0.0,0.2761189341545105
3271,2.6168,16,0.25097522139549255,0.0,0.0,0.25097522139549255
3272,2.6176,16,0.15525931119918823,0.0,0.0,0.15525931119918823
3273,2.6184,16,0.3274993896484375,0.0,0.0,0.3274993896484375
3274,2.6192,16,0.22912615537643433,0.0,0.0,0.22912615537643433
3275,2.62,16,0.24479836225509644,0.0,0.0,0.24479836225509644
3276,2.6208,16,0.7917042970657349,0.0,0.0,0.7917042970657349
3277,2.6216,16,0.21340331435203552,0.0,0.0,0.21340331435203552
3278,2.6224,16,0.1419588327407837,0.0,0.0,0.1419588327407837
3279,2.6231999999999998,16,0.6544007062911987,0.0,0.0,0.6544007062911987
3280,2.624,16,0.22945564985275269,0.0,0.0,0.22945564985275269
3281,2.6248,16,0.19712188839912415,0.0,0.0,0.19712188839912415
3282,2.6256,16,0.050503961741924286,0.0,0.0,0.050503961741924286
3283,2.6264,16,0.5144519805908203,0.0,0.0,0.5144519805908203
3284,2.6272,16,0.04838559031486511,0.0,0.0,0.04838559031486511
3285,2.628,16,0.3284059762954712,0.0,0.0,0.3284059762954712
3286,2.6288,16,0.0969308614730835,0.0,0.0,0.0969308614730835
3287,2.6296,16,0.14402955770492554,0.0,0.0,0.14402955770492554
3288,2.6304,16,0.33876529335975647,0.0,0.0,0.33876529335975647
3289,2.6311999999999998,16,0.050980158150196075,0.0,0.0,0.050980158150196075
3290,2.632,16,0.12874725461006165,0.0,0.0,0.12874725461006165
3291,2.6328,16,0.42864447832107544,0.0,0.0,0.42864447832107544
3292,2.6336,16,0.22016334533691406,0.0,0.0,0.22016334533691406
3293,2.6344,16,0.39157506823539734,0.0,0.0,0.39157506823539734
3294,2.6352,16,0.04778604209423065,0.0,0.0,0.04778604209423065
3295,2.636,16,0.2851429581642151,0.0,0.0,0.2851429581642151
3296,2.6368,16,0.49219512939453125,0.0,0.0,0.49219512939453125
3297,2.6376,16,0.23893749713897705,0.0,0.0,0.23893749713897705
3298,2.6384,16,0.3873060941696167,0.0,0.0,0.3873060941696167
3299,2.6391999999999998,16,0.1966523975133896,0.0,0.0,0.1966523975133896
3300,2.64,16,0.24747434258460999,0.0,0.0,0.24747434258460999
3301,2.6408,16,0.3691644072532654,0.0,0.0,0.3691644072532654
3302,2.6416,16,0.18847836554050446,0.0,0.0,0.18847836554050446
3303,2.6424,16,0.3147689700126648,0.0,0.0,0.3147689700126648
3304,2.6432,16,0.18601945042610168,0.0,0.0,0.18601945042610168
3305,2.644,16,0.2123686671257019,0.0,0.0,0.2123686671257019
3306,2.6448,16,0.2338663637638092,0.0,0.0,0.2338663637638092
3307,2.6456,16,0.3190835118293762,0.0,0.0,0.3190835118293762
3308,2.6464,16,0.11078762263059616,0.0,0.0,0.11078762263059616
3309,2.6471999999999998,16,0.45858490467071533,0.0,0.0,0.45858490467071533
3310,2.648,16,0.6080418825149536,0.0,0.0,0.6080418825149536
3311,2.6488,16,0.06840445101261139,0.0,0.0,0.06840445101261139
3312,2.6496,16,0.38901180028915405,0.0,0.0,0.38901180028915405
3313,2.6504,16,0.14350350201129913,0.0,0.0,0.14350350201129913
3314,2.6512000000000002,16,0.167258158326149,0.0,0.0,0.167258158326149
3315,2.652,16,0.46852555871009827,0.0,0.0,0.46852555871009827
3316,2.6528,16,0.17779232561588287,0.0,0.0,0.17779232561588287
3317,2.6536,16,0.16170164942741394,0.0,0.0,0.16170164942741394
3318,2.6544,16,0.3226364850997925,0.0,0.0,0.3226364850997925
3319,2.6552,16,0.7082900404930115,0.0,0.0,0.7082900404930115
3320,2.656,16,0.10890819132328033,0.0,0.0,0.10890819132328033
3321,2.6568,16,0.19804295897483826,0.0,0.0,0.19804295897483826
3322,2.6576,16,0.1642938107252121,0.0,0.0,0.1642938107252121
3323,2.6584,16,0.4179195463657379,0.0,0.0,0.4179195463657379
3324,2.6592000000000002,16,0.2653077244758606,0.0,0.0,0.2653077244758606
3325,2.66,16,0.49301278591156006,0.0,0.0,0.49301278591156006
3326,2.6608,16,0.39335012435913086,0.0,0.0,0.39335012435913086
3327,2.6616,16,0.283988356590271,0.0,0.0,0.283988356590271
3328,2.6624,16,0.2727915048599243,0.0,0.0,0.2727915048599243
3329,2.6632,16,0.1800650805234909,0.0,0.0,0.1800650805234909
3330,2.664,16,0.2277795374393463,0.0,0.0,0.2277795374393463
3331,2.6648,16,0.2110784649848938,0.0,0.0,0.2110784649848938
3332,2.6656,16,0.09120483696460724,0.0,0.0,0.09120483696460724
3333,2.6664,16,0.6688188314437866,0.0,0.0,0.6688188314437866
3334,2.6672000000000002,16,0.21045932173728943,0.0,0.0,0.21045932173728943
3335,2.668,16,0.04517525061964989,0.0,0.0,0.04517525061964989
3336,2.6688,16,0.5797288417816162,0.0,0.0,0.5797288417816162
3337,2.6696,16,0.40101033449172974,0.0,0.0,0.40101033449172974
3338,2.6704,16,0.2798939347267151,0.0,0.0,0.2798939347267151
3339,2.6712,16,0.13156548142433167,0.0,0.0,0.13156548142433167
3340,2.672,16,0.1436750292778015,0.0,0.0,0.1436750292778015
3341,2.6728,16,0.3361225426197052,0.0,0.0,0.3361225426197052
3342,2.6736,16,0.11140283942222595,0.0,0.0,0.11140283942222595
3343,2.6744,16,0.8129065632820129,0.0,0.0,0.8129065632820129
3344,2.6752000000000002,16,0.6234285831451416,0.0,0.0,0.6234285831451416
3345,2.676,16,0.07073027640581131,0.0,0.0,0.07073027640581131
3346,2.6768,16,0.36928218603134155,0.0,0.0,0.36928218603134155
3347,2.6776,16,0.4430529773235321,0.0,0.0,0.4430529773235321
3348,2.6784,16,0.20099234580993652,0.0,0.0,0.20099234580993652
3349,2.6792,16,0.03874926641583443,0.0,0.0,0.03874926641583443
3350,2.68,16,0.5743628740310669,0.0,0.0,0.5743628740310669
3351,2.6808,16,0.4216020107269287,0.0,0.0,0.4216020107269287
3352,2.6816,16,0.40877196192741394,0.0,0.0,0.40877196192741394
3353,2.6824,16,0.31194692850112915,0.0,0.0,0.31194692850112915
3354,2.6832000000000003,16,0.14004579186439514,0.0,0.0,0.14004579186439514
3355,2.684,16,0.1969304382801056,0.0,0.0,0.1969304382801056
3356,2.6848,16,0.22034409642219543,0.0,0.0,0.22034409642219543
3357,2.6856,16,0.37569698691368103,0.0,0.0,0.37569698691368103
3358,2.6864,16,0.22089260816574097,0.0,0.0,0.22089260816574097
3359,2.6872,16,0.15906083583831787,0.0,0.0,0.15906083583831787
3360,2.6879999999999997,16,0.10766857862472534,0.0,0.0,0.10766857862472534
3361,2.6888,16,0.1058359369635582,0.0,0.0,0.1058359369635582
3362,2.6896,16,0.4760552644729614,0.0,0.0,0.4760552644729614
3363,2.6904,16,0.441934734582901,0.0,0.0,0.441934734582901
3364,2.6912000000000003,16,0.08711553364992142,0.0,0.0,0.08711553364992142
3365,2.692,16,0.06653159856796265,0.0,0.0,0.06653159856796265
3366,2.6928,16,0.24144208431243896,0.0,0.0,0.24144208431243896
3367,2.6936,16,0.21969592571258545,0.0,0.0,0.21969592571258545
3368,2.6944,16,0.5133159160614014,0.0,0.0,0.5133159160614014
3369,2.6952,16,0.2978435754776001,0.0,0.0,0.2978435754776001
3370,2.6959999999999997,16,0.3802090585231781,0.0,0.0,0.3802090585231781
3371,2.6968,16,0.25086942315101624,0.0,0.0,0.25086942315101624
3372,2.6976,16,0.2435779720544815,0.0,0.0,0.2435779720544815
3373,2.6984,16,0.23753204941749573,0.0,0.0,0.23753204941749573
3374,2.6992000000000003,16,0.26658400893211365,0.0,0.0,0.26658400893211365
3375,2.7,16,0.6815516948699951,0.0,0.0,0.6815516948699951
3376,2.7008,16,0.7002163529396057,0.0,0.0,0.7002163529396057
3377,2.7016,16,0.08651141077280045,0.0,0.0,0.08651141077280045
3378,2.7024,16,0.19423982501029968,0.0,0.0,0.19423982501029968
3379,2.7032,16,0.6308333277702332,0.0,0.0,0.6308333277702332
3380,2.7039999999999997,16,0.10975238680839539,0.0,0.0,0.10975238680839539
3381,2.7048,16,0.4189358353614807,0.0,0.0,0.4189358353614807
3382,2.7056,16,0.20495297014713287,0.0,0.0,0.20495297014713287
3383,2.7064,16,0.3207044005393982,0.0,0.0,0.3207044005393982
3384,2.7072000000000003,16,0.2571818232536316,0.0,0.0,0.2571818232536316
3385,2.708,16,0.3836025595664978,0.0,0.0,0.3836025595664978
3386,2.7088,16,0.14644135534763336,0.0,0.0,0.14644135534763336
3387,2.7096,16,0.2767808139324188,0.0,0.0,0.2767808139324188
3388,2.7104,16,0.1888335645198822,0.0,0.0,0.1888335645198822
3389,2.7112,16,0.4108949303627014,0.0,0.0,0.4108949303627014
3390,2.7119999999999997,16,0.3290015757083893,0.0,0.0,0.3290015757083893
3391,2.7128,16,0.44161510467529297,0.0,0.0,0.44161510467529297
3392,2.7136,16,0.22655783593654633,0.0,0.0,0.22655783593654633
3393,2.7144,16,0.17368796467781067,0.0,0.0,0.17368796467781067
3394,2.7152,16,0.12155581265687943,0.0,0.0,0.12155581265687943
3395,2.716,16,0.20488902926445007,0.0,0.0,0.20488902926445007
3396,2.7168,16,0.3676716387271881,0.0,0.0,0.3676716387271881
3397,2.7176,16,0.3756304979324341,0.0,0.0,0.3756304979324341
3398,2.7184,16,0.22699891030788422,0.0,0.0,0.22699891030788422
3399,2.7192,16,0.3955824375152588,0.0,0.0,0.3955824375152588
3400,2.7199999999999998,16,0.12063279747962952,0.0,0.0,0.12063279747962952
3401,2.7208,16,0.1655144989490509,0.0,0.0,0.1655144989490509
3402,2.7216,16,0.6306038498878479,0.0,0.0,0.6306038498878479
3403,2.7224,16,0.588036060333252,0.0,0.0,0.588036060333252
3404,2.7232,16,0.4124375879764557,0.0,0.0,0.4124375879764557
3405,2.724,16,0.0464467853307724,0.0,0.0,0.0464467853307724
3406,2.7248,16,0.26145756244659424,0.0,0.0,0.26145756244659424
3407,2.7256,16,0.36142903566360474,0.0,0.0,0.36142903566360474
3408,2.7264,16,0.4436892867088318,0.0,0.0,0.4436892867088318
3409,2.7272,16,0.20241644978523254,0.0,0.0,0.20241644978523254
3410,2.7279999999999998,16,0.3670957088470459,0.0,0.0,0.3670957088470459
3411,2.7288,16,0.20934388041496277,0.0,0.0,0.20934388041496277
3412,2.7296,16,0.12385216355323792,0.0,0.0,0.12385216355323792
3413,2.7304,16,0.33739393949508667,0.0,0.0,0.33739393949508667
3414,2.7312,16,0.23617509007453918,0.0,0.0,0.23617509007453918
3415,2.732,16,0.1478554755449295,0.0,0.0,0.1478554755449295
3416,2.7328,16,0.2587325870990753,0.0,0.0,0.2587325870990753
3417,2.7336,16,0.24075649678707123,0.0,0.0,0.24075649678707123
3418,2.7344,16,0.16753658652305603,0.0,0.0,0.16753658652305603
3419,2.7352,16,0.1774824857711792,0.0,0.0,0.1774824857711792
3420,2.7359999999999998,16,0.20161843299865723,0.0,0.0,0.20161843299865723
3421,2.7368,16,0.08743004500865936,0.0,0.0,0.08743004500865936
3422,2.7376,16,0.35783883929252625,0.0,0.0,0.35783883929252625
3423,2.7384,16,0.11730167269706726,0.0,0.0,0.11730167269706726
3424,2.7392,16,0.257453590631485,0.0,0.0,0.257453590631485
3425,2.74,16,0.15931284427642822,0.0,0.0,0.15931284427642822
3426,2.7408,16,0.19126734137535095,0.0,0.0,0.19126734137535095
3427,2.7416,16,0.36468571424484253,0.0,0.0,0.36468571424484253
3428,2.7424,16,0.09333823621273041,0.0,0.0,0.09333823621273041
3429,2.7432,16,0.10682649910449982,0.0,0.0,0.10682649910449982
3430,2.7439999999999998,16,0.2634539008140564,0.0,0.0,0.2634539008140564
3431,2.7448,16,0.3285600543022156,0.0,0.0,0.3285600543022156
3432,2.7456,16,0.16485877335071564,0.0,0.0,0.16485877335071564
3433,2.7464,16,0.26401078701019287,0.0,0.0,0.26401078701019287
3434,2.7472,16,0.27688413858413696,0.0,0.0,0.27688413858413696
3435,2.748,16,0.6336596012115479,0.0,0.0,0.6336596012115479
3436,2.7488,16,0.2027376890182495,0.0,0.0,0.2027376890182495
3437,2.7496,16,0.29013603925704956,0.0,0.0,0.29013603925704956
3438,2.7504,16,0.12812301516532898,0.0,0.0,0.12812301516532898
3439,2.7512,16,0.40722888708114624,0.0,0.0,0.40722888708114624
3440,2.752,16,0.5369784832000732,0.0,0.0,0.5369784832000732
3441,2.7528,16,0.29010990262031555,0.0,0.0,0.29010990262031555
3442,2.7536,16,0.133427232503891,0.0,0.0,0.133427232503891
3443,2.7544,16,0.2025938183069229,0.0,0.0,0.2025938183069229
3444,2.7552,16,0.41317203640937805,0.0,0.0,0.41317203640937805
3445,2.7560000000000002,16,0.2539981007575989,0.0,0.0,0.2539981007575989
3446,2.7568,16,0.25560447573661804,0.0,0.0,0.25560447573661804
3447,2.7576,16,0.1185370460152626,0.0,0.0,0.1185370460152626
3448,2.7584,16,0.2796090245246887,0.0,0.0,0.2796090245246887
3449,2.7592,16,0.53319251537323,0.0,0.0,0.53319251537323
3450,2.76,16,0.962672233581543,0.0,0.0,0.962672233581543
3451,2.7608,16,0.3833313584327698,0.0,0.0,0.3833313584327698
3452,2.7616,16,0.47585657238960266,0.0,0.0,0.47585657238960266
3453,2.7624,16,0.3402842581272125,0.0,0.0,0.3402842581272125
3454,2.7632,16,0.17353105545043945,0.0,0.0,0.17353105545043945
3455,2.7640000000000002,16,0.38567984104156494,0.0,0.0,0.38567984104156494
3456,2.7648,16,0.10836505889892578,0.0,0.0,0.10836505889892578
3457,2.7656,16,0.20672035217285156,0.0,0.0,0.20672035217285156
3458,2.7664,16,0.3879648745059967,0.0,0.0,0.3879648745059967
3459,2.7672,16,0.1453322172164917,0.0,0.0,0.1453322172164917
3460,2.768,16,0.2702435255050659,0.0,0.0,0.2702435255050659
3461,2.7688,16,0.23666958510875702,0.0,0.0,0.23666958510875702
3462,2.7696,16,0.12392032891511917,0.0,0.0,0.12392032891511917
3463,2.7704,16,0.2324979305267334,0.0,0.0,0.2324979305267334
3464,2.7712,16,0.2294900119304657,0.0,0.0,0.2294900119304657
3465,2.7720000000000002,16,0.19395482540130615,0.0,0.0,0.19395482540130615
3466,2.7728,16,0.5158171653747559,0.0,0.0,0.5158171653747559
3467,2.7736,16,0.1246454268693924,0.0,0.0,0.1246454268693924
3468,2.7744,16,0.35496845841407776,0.0,0.0,0.35496845841407776
3469,2.7752,16,0.09947621077299118,0.0,0.0,0.09947621077299118
3470,2.776,16,0.3666048049926758,0.0,0.0,0.3666048049926758
3471,2.7768,16,0.3481086492538452,0.0,0.0,0.3481086492538452
3472,2.7776,16,0.15968650579452515,0.0,0.0,0.15968650579452515
3473,2.7784,16,0.06110294908285141,0.0,0.0,0.06110294908285141
3474,2.7792,16,0.3021477162837982,0.0,0.0,0.3021477162837982
3475,2.7800000000000002,16,0.3509919047355652,0.0,0.0,0.3509919047355652
3476,2.7808,16,0.2921311855316162,0.0,0.0,0.2921311855316162
3477,2.7816,16,0.6162477731704712,0.0,0.0,0.6162477731704712
3478,2.7824,16,0.12275123596191406,0.0,0.0,0.12275123596191406
3479,2.7832,16,0.11521705240011215,0.0,0.0,0.11521705240011215
3480,2.784,16,0.41371873021125793,0.0,0.0,0.41371873021125793
3481,2.7848,16,0.3760444223880768,0.0,0.0,0.3760444223880768
3482,2.7856,16,0.2858966588973999,0.0,0.0,0.2858966588973999
3483,2.7864,16,0.19505321979522705,0.0,0.0,0.19505321979522705
3484,2.7872,16,0.351157009601593,0.0,0.0,0.351157009601593
3485,2.7880000000000003,16,0.14650973677635193,0.0,0.0,0.14650973677635193
3486,2.7888,16,0.3083946406841278,0.0,0.0,0.3083946406841278
3487,2.7896,16,0.18940341472625732,0.0,0.0,0.18940341472625732
3488,2.7904,16,0.40125003457069397,0.0,0.0,0.40125003457069397
3489,2.7912,16,0.3847353756427765,0.0,0.0,0.3847353756427765
3490,2.792,16,0.2744981646537781,0.0,0.0,0.2744981646537781
3491,2.7927999999999997,16,0.2033126950263977,0.0,0.0,0.2033126950263977
3492,2.7936,16,0.3861542344093323,0.0,0.0,0.3861542344093323
3493,2.7944,16,0.4074837565422058,0.0,0.0,0.4074837565422058
3494,2.7952,16,0.39734727144241333,0.0,0.0,0.39734727144241333
3495,2.7960000000000003,16,0.18088467419147491,0.0,0.0,0.18088467419147491
3496,2.7968,16,0.22779913246631622,0.0,0.0,0.22779913246631622
3497,2.7976,16,0.10561079531908035,0.0,0.0,0.10561079531908035
3498,2.7984,16,0.6914550065994263,0.0,0.0,0.6914550065994263
3499,2.7992,16,0.3275306820869446,0.0,0.0,0.3275306820869446
3500,2.8,16,0.08649502694606781,0.0,0.0,0.08649502694606781
3501,2.8007999999999997,16,0.041321445256471634,0.0,0.0,0.041321445256471634
3502,2.8016,16,0.1934489905834198,0.0,0.0,0.1934489905834198
3503,2.8024,16,0.058837033808231354,0.0,0.0,0.058837033808231354
3504,2.8032,16,0.2729673683643341,0.0,0.0,0.2729673683643341
3505,2.8040000000000003,16,0.26445674896240234,0.0,0.0,0.26445674896240234
3506,2.8048,16,0.2352125346660614,0.0,0.0,0.2352125346660614
3507,2.8056,16,0.3548641800880432,0.0,0.0,0.3548641800880432
3508,2.8064,16,0.3304324150085449,0.0,0.0,0.3304324150085449
3509,2.8072,16,0.30695730447769165,0.0,0.0,0.30695730447769165
3510,2.808,16,0.33283913135528564,0.0,0.0,0.33283913135528564
3511,2.8087999999999997,16,0.5182229280471802,0.0,0.0,0.5182229280471802
3512,2.8096,16,0.621909499168396,0.0,0.0,0.621909499168396
3513,2.8104,16,0.6207976341247559,0.0,0.0,0.6207976341247559
3514,2.8112,16,0.23287808895111084,0.0,0.0,0.23287808895111084
3515,2.8120000000000003,16,0.22799690067768097,0.0,0.0,0.22799690067768097
3516,2.8128,16,0.22711977362632751,0.0,0.0,0.22711977362632751
3517,2.8136,16,0.09546589851379395,0.0,0.0,0.09546589851379395
3518,2.8144,16,0.11926256865262985,0.0,0.0,0.11926256865262985
3519,2.8152,16,0.19786183536052704,0.0,0.0,0.19786183536052704
3520,2.816,16,0.046715058386325836,0.0,0.0,0.046715058386325836
3521,2.8167999999999997,16,0.18560245633125305,0.0,0.0,0.18560245633125305
3522,2.8176,16,0.14859724044799805,0.0,0.0,0.14859724044799805
3523,2.8184,16,0.25272494554519653,0.0,0.0,0.25272494554519653
3524,2.8192,16,0.2957164943218231,0.0,0.0,0.2957164943218231
3525,2.82,16,0.30649715662002563,0.0,0.0,0.30649715662002563
3526,2.8208,16,0.33834806084632874,0.0,0.0,0.33834806084632874
3527,2.8216,16,0.2534662187099457,0.0,0.0,0.2534662187099457
3528,2.8224,16,0.1878909021615982,0.0,0.0,0.1878909021615982
3529,2.8232,16,0.07151730358600616,0.0,0.0,0.07151730358600616
3530,2.824,16,0.09943887591362,0.0,0.0,0.09943887591362
3531,2.8247999999999998,16,0.30299824476242065,0.0,0.0,0.30299824476242065
3532,2.8256,16,0.1527775377035141,0.0,0.0,0.1527775377035141
3533,2.8264,16,0.37070271372795105,0.0,0.0,0.37070271372795105
3534,2.8272,16,0.3237738311290741,0.0,0.0,0.3237738311290741
3535,2.828,16,0.1606382578611374,0.0,0.0,0.1606382578611374
3536,2.8288,16,0.2819947600364685,0.0,0.0,0.2819947600364685
3537,2.8296,16,0.4202563166618347,0.0,0.0,0.4202563166618347
3538,2.8304,16,0.1651521772146225,0.0,0.0,0.1651521772146225
3539,2.8312,16,0.3047832250595093,0.0,0.0,0.3047832250595093
3540,2.832,16,0.20933280885219574,0.0,0.0,0.20933280885219574
3541,2.8327999999999998,16,0.0988146960735321,0.0,0.0,0.0988146960735321
3542,2.8336,16,0.0924597755074501,0.0,0.0,0.0924597755074501
3543,2.8344,16,0.14809978008270264,0.0,0.0,0.14809978008270264
3544,2.8352,16,0.09310021996498108,0.0,0.0,0.09310021996498108
3545,2.836,16,0.5762792229652405,0.0,0.0,0.5762792229652405
3546,2.8368,16,0.30399054288864136,0.0,0.0,0.30399054288864136
3547,2.8376,16,0.36328235268592834,0.0,0.0,0.36328235268592834
3548,2.8384,16,0.3514973521232605,0.0,0.0,0.3514973521232605
3549,2.8392,16,0.4232546091079712,0.0,0.0,0.4232546091079712
3550,2.84,16,0.2910529375076294,0.0,0.0,0.2910529375076294
3551,2.8407999999999998,16,0.34583187103271484,0.0,0.0,0.34583187103271484
3552,2.8416,16,0.3120737373828888,0.0,0.0,0.3120737373828888
3553,2.8424,16,0.5552335977554321,0.0,0.0,0.5552335977554321
3554,2.8432,16,0.15557672083377838,0.0,0.0,0.15557672083377838
3555,2.844,16,0.8914850950241089,0.0,0.0,0.8914850950241089
3556,2.8448,16,0.5425270795822144,0.0,0.0,0.5425270795822144
3557,2.8456,16,0.41443386673927307,0.0,0.0,0.41443386673927307
3558,2.8464,16,0.19786399602890015,0.0,0.0,0.19786399602890015
3559,2.8472,16,0.2852441370487213,0.0,0.0,0.2852441370487213
3560,2.848,16,0.12262652814388275,0.0,0.0,0.12262652814388275
3561,2.8487999999999998,16,0.25174665451049805,0.0,0.0,0.25174665451049805
3562,2.8496,16,0.2344464808702469,0.0,0.0,0.2344464808702469
3563,2.8504,16,0.38650333881378174,0.0,0.0,0.38650333881378174
3564,2.8512,16,0.6570197343826294,0.0,0.0,0.6570197343826294
3565,2.852,16,0.37241044640541077,0.0,0.0,0.37241044640541077
3566,2.8528000000000002,16,0.08847404271364212,0.0,0.0,0.08847404271364212
3567,2.8536,16,0.25065070390701294,0.0,0.0,0.25065070390701294
3568,2.8544,16,0.44256919622421265,0.0,0.0,0.44256919622421265
3569,2.8552,16,0.5907788872718811,0.0,0.0,0.5907788872718811
3570,2.856,16,0.23950889706611633,0.0,0.0,0.23950889706611633
3571,2.8568,16,0.16518758237361908,0.0,0.0,0.16518758237361908
3572,2.8576,16,0.31820055842399597,0.0,0.0,0.31820055842399597
3573,2.8584,16,0.3573651909828186,0.0,0.0,0.3573651909828186
3574,2.8592,16,0.038770124316215515,0.0,0.0,0.038770124316215515
3575,2.86,16,0.37303224205970764,0.0,0.0,0.37303224205970764
3576,2.8608000000000002,16,0.09021200239658356,0.0,0.0,0.09021200239658356
3577,2.8616,16,0.36402565240859985,0.0,0.0,0.36402565240859985
3578,2.8624,16,0.18503861129283905,0.0,0.0,0.18503861129283905
3579,2.8632,16,0.20237717032432556,0.0,0.0,0.20237717032432556
3580,2.864,16,0.4286287724971771,0.0,0.0,0.4286287724971771
3581,2.8648,16,0.2731334865093231,0.0,0.0,0.2731334865093231
3582,2.8656,16,0.2347462922334671,0.0,0.0,0.2347462922334671
3583,2.8664,16,0.16572101414203644,0.0,0.0,0.16572101414203644
3584,2.8672,16,0.2247050255537033,0.0,0.0,0.2247050255537033
3585,2.868,16,0.05943748727440834,0.0,0.0,0.05943748727440834
3586,2.8688000000000002,16,0.25767260789871216,0.0,0.0,0.25767260789871216
3587,2.8696,16,0.360058456659317,0.0,0.0,0.360058456659317
3588,2.8704,16,0.11393794417381287,0.0,0.0,0.11393794417381287
3589,2.8712,16,0.19377273321151733,0.0,0.0,0.19377273321151733
3590,2.872,16,0.4104773700237274,0.0,0.0,0.4104773700237274
3591,2.8728,16,0.3867608308792114,0.0,0.0,0.3867608308792114
3592,2.8736,16,0.2938651740550995,0.0,0.0,0.2938651740550995
3593,2.8744,16,0.2524840235710144,0.0,0.0,0.2524840235710144
3594,2.8752,16,0.08096016943454742,0.0,0.0,0.08096016943454742
3595,2.876,16,0.32621505856513977,0.0,0.0,0.32621505856513977
3596,2.8768000000000002,16,0.47075319290161133,0.0,0.0,0.47075319290161133
3597,2.8776,16,0.36007511615753174,0.0,0.0,0.36007511615753174
3598,2.8784,16,0.5289493203163147,0.0,0.0,0.5289493203163147
3599,2.8792,16,0.3787814974784851,0.0,0.0,0.3787814974784851
3600,2.88,16,0.11476695537567139,0.0,0.0,0.11476695537567139
3601,2.8808,16,0.3224964141845703,0.0,0.0,0.3224964141845703
3602,2.8816,16,0.3413565754890442,0.0,0.0,0.3413565754890442
3603,2.8824,16,0.2297993302345276,0.0,0.0,0.2297993302345276
3604,2.8832,16,0.6384405493736267,0.0,0.0,0.6384405493736267
3605,2.884,16,0.062013424932956696,0.0,0.0,0.062013424932956696
3606,2.8848000000000003,16,0.41353142261505127,0.0,0.0,0.41353142261505127
3607,2.8856,16,0.455517441034317,0.0,0.0,0.455517441034317
3608,2.8864,16,0.2149600088596344,0.0,0.0,0.2149600088596344
3609,2.8872,16,0.3901262879371643,0.0,0.0,0.3901262879371643
3610,2.888,16,0.46049627661705017,0.0,0.0,0.46049627661705017
3611,2.8888,16,0.3623858690261841,0.0,0.0,0.3623858690261841
3612,2.8895999999999997,16,0.4847353398799896,0.0,0.0,0.4847353398799896
3613,2.8904,16,0.4856621325016022,0.0,0.0,0.4856621325016022
3614,2.8912,16,0.2998514175415039,0.0,0.0,0.2998514175415039
3615,2.892,16,0.2815471291542053,0.0,0.0,0.2815471291542053
3616,2.8928000000000003,16,0.16064342856407166,0.0,0.0,0.16064342856407166
3617,2.8936,16,0.3915070593357086,0.0,0.0,0.3915070593357086
3618,2.8944,16,0.28942957520484924,0.0,0.0,0.28942957520484924
3619,2.8952,16,0.41612017154693604,0.0,0.0,0.41612017154693604
3620,2.896,16,0.4810473322868347,0.0,0.0,0.4810473322868347
3621,2.8968,16,0.14814352989196777,0.0,0.0,0.14814352989196777
3622,2.8975999999999997,16,0.32119956612586975,0.0,0.0,0.32119956612586975
3623,2.8984,16,0.15468856692314148,0.0,0.0,0.15468856692314148
3624,2.8992,16,0.3633197546005249,0.0,0.0,0.3633197546005249
3625,2.9,16,0.26545965671539307,0.0,0.0,0.26545965671539307
3626,2.9008000000000003,16,0.10860219597816467,0.0,0.0,0.10860219597816467
3627,2.9016,16,0.11974948644638062,0.0,0.0,0.11974948644638062
3628,2.9024,16,0.4311272203922272,0.0,0.0,0.4311272203922272
3629,2.9032,16,0.15554554760456085,0.0,0.0,0.15554554760456085
3630,2.904,16,0.3540307283401489,0.0,0.0,0.3540307283401489
3631,2.9048,16,0.5253235101699829,0.0,0.0,0.5253235101699829
3632,2.9055999999999997,16,0.2055942863225937,0.0,0.0,0.2055942863225937
3633,2.9064,16,0.16059133410453796,0.0,0.0,0.16059133410453796
3634,2.9072,16,0.33613499999046326,0.0,0.0,0.33613499999046326
3635,2.908,16,0.19387559592723846,0.0,0.0,0.19387559592723846
3636,2.9088000000000003,16,0.6382629871368408,0.0,0.0,0.6382629871368408
3637,2.9096,16,0.1910821795463562,0.0,0.0,0.1910821795463562
3638,2.9104,16,0.2968994975090027,0.0,0.0,0.2968994975090027
3639,2.9112,16,0.19093060493469238,0.0,0.0,0.19093060493469238
3640,2.912,16,0.37628602981567383,0.0,0.0,0.37628602981567383
3641,2.9128,16,0.17388814687728882,0.0,0.0,0.17388814687728882
3642,2.9135999999999997,16,0.13135084509849548,0.0,0.0,0.13135084509849548
3643,2.9144,16,0.47069835662841797,0.0,0.0,0.47069835662841797
3644,2.9152,16,0.10023121535778046,0.0,0.0,0.10023121535778046
3645,2.916,16,0.19644075632095337,0.0,0.0,0.19644075632095337
3646,2.9168,16,0.5052877068519592,0.0,0.0,0.5052877068519592
3647,2.9176,16,0.2040056735277176,0.0,0.0,0.2040056735277176
3648,2.9184,16,0.16045616567134857,0.0,0.0,0.16045616567134857
3649,2.9192,16,0.3299117982387543,0.0,0.0,0.3299117982387543
3650,2.92,16,0.388496994972229,0.0,0.0,0.388496994972229
3651,2.9208,16,0.25445136427879333,0.0,0.0,0.25445136427879333
3652,2.9215999999999998,16,0.2329494059085846,0.0,0.0,0.2329494059085846
3653,2.9224,16,0.20227983593940735,0.0,0.0,0.20227983593940735
3654,2.9232,16,0.19009071588516235,0.0,0.0,0.19009071588516235
3655,2.924,16,0.23725289106369019,0.0,0.0,0.23725289106369019
3656,2.9248,16,0.10377072542905807,0.0,0.0,0.10377072542905807
3657,2.9256,16,0.19173726439476013,0.0,0.0,0.19173726439476013
3658,2.9264,16,0.22715887427330017,0.0,0.0,0.22715887427330017
3659,2.9272,16,0.34280434250831604,0.0,0.0,0.34280434250831604
3660,2.928,16,0.6067544221878052,0.0,0.0,0.6067544221878052
3661,2.9288,16,0.5120661854743958,0.0,0.0,0.5120661854743958
3662,2.9295999999999998,16,0.27268320322036743,0.0,0.0,0.27268320322036743
3663,2.9304,16,0.4352632164955139,0.0,0.0,0.4352632164955139
3664,2.9312,16,0.1243172287940979,0.0,0.0,0.1243172287940979
3665,2.932,16,0.39306336641311646,0.0,0.0,0.39306336641311646
3666,2.9328,16,0.4571644365787506,0.0,0.0,0.4571644365787506
3667,2.9336,16,0.3962497413158417,0.0,0.0,0.3962497413158417
3668,2.9344,16,0.3125358521938324,0.0,0.0,0.3125358521938324
3669,2.9352,16,0.10704374313354492,0.0,0.0,0.10704374313354492
3670,2.936,16,0.2720727324485779,0.0,0.0,0.2720727324485779
3671,2.9368,16,0.12481845170259476,0.0,0.0,0.12481845170259476
3672,2.9375999999999998,16,0.17787042260169983,0.0,0.0,0.17787042260169983
3673,2.9384,16,0.2367812991142273,0.0,0.0,0.2367812991142273
3674,2.9392,16,0.24138140678405762,0.0,0.0,0.24138140678405762
3675,2.94,16,0.09738454222679138,0.0,0.0,0.09738454222679138
3676,2.9408,16,0.36628904938697815,0.0,0.0,0.36628904938697815
3677,2.9416,16,0.1281382441520691,0.0,0.0,0.1281382441520691
3678,2.9424,16,0.2418721467256546,0.0,0.0,0.2418721467256546
3679,2.9432,16,0.3403841257095337,0.0,0.0,0.3403841257095337
3680,2.944,16,0.13768194615840912,0.0,0.0,0.13768194615840912
3681,2.9448,16,0.08315800130367279,0.0,0.0,0.08315800130367279
3682,2.9455999999999998,16,0.08406033366918564,0.0,0.0,0.08406033366918564
3683,2.9464,16,0.26169806718826294,0.0,0.0,0.26169806718826294
3684,2.9472,16,0.3655489683151245,0.0,0.0,0.3655489683151245
3685,2.948,16,0.27153295278549194,0.0,0.0,0.27153295278549194
3686,2.9488,16,0.17818522453308105,0.0,0.0,0.17818522453308105
3687,2.9496,16,0.33357828855514526,0.0,0.0,0.33357828855514526
3688,2.9504,16,0.5970807075500488,0.0,0.0,0.5970807075500488
3689,2.9512,16,0.1138359010219574,0.0,0.0,0.1138359010219574
3690,2.952,16,0.2290671318769455,0.0,0.0,0.2290671318769455
3691,2.9528,16,0.2235272228717804,0.0,0.0,0.2235272228717804
3692,2.9536,16,0.38175755739212036,0.0,0.0,0.38175755739212036
3693,2.9544,16,0.21297429502010345,0.0,0.0,0.21297429502010345
3694,2.9552,16,0.09445962309837341,0.0,0.0,0.09445962309837341
3695,2.956,16,0.09229876101016998,0.0,0.0,0.09229876101016998
3696,2.9568,16,0.2799968123435974,0.0,0.0,0.2799968123435974
3697,2.9576000000000002,16,0.12829715013504028,0.0,0.0,0.12829715013504028
3698,2.9584,16,0.23932619392871857,0.0,0.0,0.23932619392871857
3699,2.9592,16,0.34951502084732056,0.0,0.0,0.34951502084732056
3700,2.96,16,0.12791778147220612,0.0,0.0,0.12791778147220612
3701,2.9608,16,0.3769988417625427,0.0,0.0,0.3769988417625427
3702,2.9616,16,0.35355329513549805,0.0,0.0,0.35355329513549805
3703,2.9624,16,0.13156598806381226,0.0,0.0,0.13156598806381226
3704,2.9632,16,0.1765979826450348,0.0,0.0,0.1765979826450348
3705,2.964,16,0.11728830635547638,0.0,0.0,0.11728830635547638
3706,2.9648,16,0.40959474444389343,0.0,0.0,0.40959474444389343
3707,2.9656000000000002,16,0.2698613107204437,0.0,0.0,0.2698613107204437
3708,2.9664,16,0.4039558172225952,0.0,0.0,0.4039558172225952
3709,2.9672,16,0.24255938827991486,0.0,0.0,0.24255938827991486
3710,2.968,16,0.3926515579223633,0.0,0.0,0.3926515579223633
3711,2.9688,16,0.14175081253051758,0.0,0.0,0.14175081253051758
3712,2.9696,16,0.15231218934059143,0.0,0.0,0.15231218934059143
3713,2.9704,16,0.1741301566362381,0.0,0.0,0.1741301566362381
3714,2.9712,16,0.2737666964530945,0.0,0.0,0.2737666964530945
3715,2.972,16,0.2976245880126953,0.0,0.0,0.2976245880126953
3716,2.9728,16,0.2996857762336731,0.0,0.0,0.2996857762336731
3717,2.9736000000000002,16,0.14917321503162384,0.0,0.0,0.14917321503162384
3718,2.9744,16,0.48127681016921997,0.0,0.0,0.48127681016921997
3719,2.9752,16,0.23061662912368774,0.0,0.0,0.23061662912368774
3720,2.976,16,0.28518351912498474,0.0,0.0,0.28518351912498474
3721,2.9768,16,0.15228725969791412,0.0,0.0,0.15228725969791412
3722,2.9776,16,0.2908410131931305,0.0,0.0,0.2908410131931305
3723,2.9784,16,0.3265015482902527,0.0,0.0,0.3265015482902527
3724,2.9792,16,0.24422907829284668,0.0,0.0,0.24422907829284668
3725,2.98,16,0.6186577677726746,0.0,0.0,0.6186577677726746
3726,2.9808,16,0.14900723099708557,0.0,0.0,0.14900723099708557
3727,2.9816000000000003,16,0.35010746121406555,0.0,0.0,0.35010746121406555
3728,2.9824,16,0.13282881677150726,0.0,0.0,0.13282881677150726
3729,2.9832,16,0.2739490270614624,0.0,0.0,0.2739490270614624
3730,2.984,16,0.4131368100643158,0.0,0.0,0.4131368100643158
3731,2.9848,16,0.11574065685272217,0.0,0.0,0.11574065685272217
3732,2.9856,16,0.1472533941268921,0.0,0.0,0.1472533941268921
3733,2.9864,16,0.4973730146884918,0.0,0.0,0.4973730146884918
3734,2.9872,16,0.4871038794517517,0.0,0.0,0.4871038794517517
3735,2.988,16,0.2171071469783783,0.0,0.0,0.2171071469783783
3736,2.9888,16,0.33229702711105347,0.0,0.0,0.33229702711105347
3737,2.9896000000000003,16,0.17809396982192993,0.0,0.0,0.17809396982192993
3738,2.9904,16,0.21674633026123047,0.0,0.0,0.21674633026123047
3739,2.9912,16,0.3946446180343628,0.0,0.0,0.3946446180343628
3740,2.992,16,0.1619691252708435,0.0,0.0,0.1619691252708435
3741,2.9928,16,0.3392350673675537,0.0,0.0,0.3392350673675537
3742,2.9936,16,0.1513296663761139,0.0,0.0,0.1513296663761139
3743,2.9943999999999997,16,0.31313443183898926,0.0,0.0,0.31313443183898926
3744,2.9952,16,0.5118203163146973,0.0,0.0,0.5118203163146973
3745,2.996,16,0.07261655479669571,0.0,0.0,0.07261655479669571
3746,2.9968,16,0.1248350590467453,0.0,0.0,0.1248350590467453
3747,2.9976000000000003,16,0.2171904593706131,0.0,0.0,0.2171904593706131
3748,2.9984,16,0.4001760482788086,0.0,0.0,0.4001760482788086
3749,2.9992,16,0.2011672407388687,0.0,0.0,0.2011672407388687
