id,sentiment
12311_10,0.9871788
8348_2,0.012722708
5828_4,0.77390057
7186_2,0.0335895
12128_7,0.891811
2913_8,0.9840936
4396_1,0.025371313
395_2,0.40171716
10616_1,0.013742321
9074_9,0.96405166
9252_3,0.06512755
9896_9,0.9666631
574_4,0.2146914
11182_8,0.95292586
11656_4,0.041462272
2322_4,0.9329437
8703_1,0.026155619
7483_1,0.16184944
6007_10,0.97737074
12424_4,0.02865267
4672_1,0.011687259
10841_3,0.013121271
8954_7,0.5696133
7392_1,0.07696084
10288_8,0.96814114
5343_4,0.01065251
4950_1,0.010169657
9257_4,0.08269735
8689_3,0.5316957
4480_2,0.6019446
9286_10,0.88161486
12245_10,0.98242307
7529_7,0.9763105
4_4,0.022457054
5299_2,0.019124037
12077_8,0.98201376
10701_2,0.01798621
11579_1,0.009708476
10993_1,0.011419616
8913_1,0.02017732
1350_3,0.050705362
3804_2,0.012624948
5025_3,0.13296424
5170_8,0.9683812
8225_8,0.9688562
6427_7,0.9656413
3165_3,0.107437484
7902_9,0.97887486
8208_3,0.016914913
3577_8,0.94208187
4865_1,0.01048909
9063_3,0.01883313
1106_1,0.03308598
1117_9,0.9832145
1050_4,0.82275945
10755_9,0.8749346
2729_8,0.9334308
10072_10,0.9190633
2904_7,0.9591543
4584_2,0.34444344
189_4,0.13799646
6302_4,0.09170697
8138_9,0.714628
1262_1,0.01243165
2199_10,0.9829547
6551_7,0.19193278
8082_7,0.6579781
4897_8,0.9826909
7360_1,0.031858858
11012_10,0.8701566
12046_1,0.02931223
2331_2,0.02931223
8961_9,0.9813107
751_7,0.08151975
9884_10,0.7602949
10016_8,0.9678993
8023_10,0.94966936
2628_1,0.010818449
5832_1,0.078642376
7302_1,0.01507263
4501_3,0.08035747
1121_7,0.77390057
8334_3,0.94815457
9789_10,0.2285006
4230_10,0.96267307
824_4,0.4841362
6803_9,0.6897238
3086_7,0.9764905
1135_8,0.98228765
10136_1,0.013532149
11129_3,0.011777842
2072_8,0.21933751
9501_7,0.97324073
319_10,0.55777
1693_7,0.9801293
10886_1,0.011869121
9406_8,0.9869795
10376_10,0.9585377
9902_1,0.013428254
9938_8,0.1561049
7080_9,0.85919183
11944_8,0.42009395
5249_1,0.010818449
9599_2,0.031618766
9620_1,0.012920473
11244_1,0.02145073
6841_10,0.9825575
10050_4,0.9053223
10512_9,0.98215127
11327_3,0.0111580305
10681_8,0.6444489
808_3,0.019271135
546_7,0.9839708
10765_1,0.03704717
7189_9,0.96323055
6005_9,0.9722044
11915_9,0.9795114
5740_10,0.983343
7097_10,0.8272706
9573_10,0.9623913
5084_4,0.013636835
12332_7,0.7049733
8154_1,0.0112445615
5610_1,0.013532149
5323_9,0.78464925
11034_8,0.6855286
3977_2,0.23616374
12380_7,0.2666436
1737_8,0.92788786
6030_9,0.83004373
5918_7,0.9511422
7061_9,0.9780517
266_8,0.97887486
1375_10,0.9207897
8648_3,0.7588682
10146_10,0.9623913
4578_10,0.91789335
4685_8,0.9273633
11843_9,0.929951
5467_10,0.9879462
10140_10,0.9863631
7721_8,0.94853723
11208_10,0.11240509
1063_10,0.9492946
8260_10,0.038178276
3182_9,0.9700135
2797_8,0.9522199
7613_2,0.2590751
11624_4,0.011597362
4847_10,0.9843364
10684_7,0.97838473
6312_1,0.013428254
4925_3,0.015784562
4125_1,0.01065251
2394_10,0.98657167
12105_10,0.987375
7812_1,0.0112445615
1061_8,0.9606575
9343_3,0.017045317
7696_10,0.9851576
9355_10,0.9875683
782_9,0.9750122
9882_10,0.98657167
10642_10,0.9845754
7410_2,0.0140636265
9591_4,0.03308598
11902_3,0.33090347
3495_7,0.08479541
6733_1,0.01048909
4552_1,0.012241275
6722_1,0.36886027
188_10,0.9863631
5099_10,0.02350945
10313_1,0.014172365
6756_9,0.88038635
6622_2,0.012920473
4807_10,0.9883128
7173_3,0.018264279
11321_8,0.9802808
7909_9,0.80131465
8012_7,0.15203224
8615_4,0.022457054
8117_10,0.9507779
1892_10,0.8221891
4617_1,0.013742321
1893_8,0.94458723
5435_1,0.01883313
162_3,0.010328153
6516_10,0.97821885
11588_7,0.9826909
2006_1,0.01065251
1594_4,0.4748747
1472_1,0.01065251
3647_1,0.47877255
174_7,0.2432827
5539_7,0.9005298
3384_10,0.987375
3811_4,0.15559098
4079_8,0.96458924
1179_7,0.77932185
3069_9,0.97838473
3769_8,0.9695556
9247_10,0.98159516
10434_1,0.012053779
1147_10,0.98667485
5344_7,0.9465967
8073_10,0.9860443
7833_3,0.009859855
8370_1,0.010986943
9007_8,0.2501793
6624_7,0.28616926
6683_3,0.0111580305
12275_7,0.9802808
11927_8,0.98102194
1560_10,0.9843364
1325_9,0.41513598
3548_8,0.6855286
607_1,0.01065251
6702_7,0.04672496
5702_3,0.013636835
11345_8,0.97737074
3428_4,0.61970145
7209_9,0.98421544
8425_8,0.93991333
3087_1,0.021615336
1119_8,0.97324073
5715_3,0.0153063545
8645_1,0.013742321
2149_3,0.011961098
10403_10,0.8969756
5628_1,0.010818449
5570_10,0.98421544
1613_3,0.032836955
1454_4,0.5822535
5094_3,0.014281935
7982_1,0.048496004
6894_2,0.019271135
6554_1,0.012241275
4721_3,0.024053553
6904_4,0.018546565
893_8,0.98481095
4605_4,0.25795195
11516_7,0.45616752
11718_7,0.9738444
5956_1,0.010169657
7455_9,0.96210754
6396_4,0.920218
1223_8,0.97887486
8556_1,0.021125194
6108_8,0.5997196
11690_1,0.030675802
3778_9,0.9563089
3627_4,0.12808825
8256_4,0.21933751
533_1,0.010986943
5235_4,0.010013569
621_2,0.016403032
5365_1,0.8255897
8180_3,0.016914913
7396_7,0.5129366
9776_10,0.9856076
8175_10,0.9700135
3128_1,0.01395571
4606_1,0.031858858
6158_2,0.01065251
3281_10,0.16451646
4723_4,0.045352582
11994_3,0.031858858
7701_1,0.014392335
103_3,0.01883313
8908_10,0.97737074
8876_1,0.009859855
7519_9,0.92468774
12456_8,0.891811
9514_8,0.9394706
8680_8,0.70740473
12402_10,0.8474635
362_2,0.02145073
9825_7,0.97112906
2913_3,0.7000752
7164_8,0.7570767
11177_7,0.97324073
5707_10,0.987375
8103_10,0.9766692
6289_1,0.017176708
11754_1,0.019419348
11640_10,0.9780517
9933_7,0.6171666
185_10,0.9802808
242_10,0.98228765
9369_8,0.95976204
7453_10,0.97821885
7514_7,0.6806664
10860_2,0.013428254
8663_8,0.019870715
9108_1,0.01065251
7941_1,0.01566365
10116_1,0.01048909
9841_4,0.54474086
4512_9,0.983597
4853_2,0.57493186
2664_4,0.40315557
9966_10,0.9073123
5167_2,0.011961098
3894_2,0.04208773
3929_8,0.9722044
7165_10,0.95430803
5451_8,0.4695203
2947_4,0.0894546
4611_10,0.95150405
5807_1,0.013325147
9464_8,0.97134733
3124_10,0.97997653
2705_4,0.107437484
12187_8,0.983343
12319_10,0.98228765
9874_3,0.648021
3406_4,0.8267118
2327_10,0.98228765
605_10,0.9230392
8080_4,0.5290201
3074_10,0.9686196
2499_3,0.32082132
1013_1,0.26284185
11535_1,0.011961098
4118_7,0.9092645
10492_8,0.97702265
2129_4,0.060975183
9814_10,0.9738444
10671_9,0.9722044
5980_10,0.98657167
2755_2,0.03594832
5461_2,0.07369626
11979_1,0.02517884
8810_1,0.012821214
852_7,0.947381
10961_4,0.0705596
7436_4,0.02211659
11281_3,0.23722236
4208_3,0.019419348
8213_10,0.9429286
9851_2,0.17384852
4713_7,0.9761292
9528_1,0.9697854
3595_10,0.9863631
5785_3,0.0226292
10370_3,0.009708476
1980_3,0.8479678
8800_4,0.91550726
4437_3,0.028220987
28_3,0.013742321
12171_1,0.58563447
9359_3,0.049589027
3831_9,0.96323055
10962_7,0.6992544
1500_9,0.10447732
11470_10,0.9695556
11843_3,0.019419348
11200_4,0.6356749
1067_1,0.03308598
3333_1,0.15869518
4487_4,0.32723817
6428_1,0.012241275
575_7,0.52013075
10904_9,0.8272706
11821_2,0.57397693
11605_1,0.017176708
1111_7,0.72990495
10295_1,0.036493763
1146_4,0.011869121
2405_9,0.35532737
11081_10,0.9425068
2201_10,0.98242307
4844_1,0.032836955
11007_8,0.9837225
6535_7,0.97482115
2653_4,0.016914913
8245_10,0.96485513
9951_8,0.9744348
6133_8,0.9678993
10006_2,0.010169657
7350_1,0.011331754
4509_9,0.9804314
948_1,0.013020489
3987_1,0.0111580305
2947_10,0.96641046
6041_3,0.5119606
2946_1,0.01065251
11967_4,0.04369106
1185_10,0.94165415
10323_2,0.6293191
11706_2,0.009708476
3663_1,0.01384861
5602_10,0.9861514
4870_10,0.97702265
1994_1,0.13028543
10807_7,0.96741027
6871_3,0.86385167
1175_2,0.033336822
10919_7,0.9766692
8127_10,0.98087597
12497_4,0.7711549
3274_1,0.8098782
2568_3,0.013020489
840_2,0.023689471
5626_10,0.9883128
7561_10,0.9851576
4600_3,0.035144847
3324_9,0.9353465
8899_7,0.9795114
5592_8,0.41057903
12483_4,0.0153063545
7874_1,0.010328153
5878_10,0.97887486
4303_9,0.88363826
9421_1,0.02211659
10269_4,0.0145035805
10615_2,0.8624676
2634_10,0.97737074
7522_1,0.010818449
9289_10,0.87914675
4636_10,0.9763105
1241_7,0.83548355
9458_9,0.52000886
11690_10,0.9683812
7176_4,0.37605008
6212_10,0.97324073
6319_1,0.024987794
5229_3,0.03704717
466_9,0.9838472
8693_2,0.011777842
2952_10,0.971564
1128_1,0.011687259
3975_10,0.9736447
11365_10,0.97090924
2074_9,0.95976204
9768_10,0.98481095
4895_1,0.01214717
5726_10,0.9437636
9993_10,0.947381
11319_2,0.2782568
10561_2,0.8050198
5455_8,0.34975478
10684_3,0.15052764
3652_3,0.017309094
7825_1,0.01627746
8806_1,0.0123361
275_10,0.888372
2246_1,0.0111580305
11968_2,0.21933751
2528_1,0.068537496
8491_8,0.97684664
13_1,0.08632348
4530_8,0.96432143
5207_3,0.26170814
11648_10,0.93991333
8260_1,0.011331754
10730_10,0.98242307
10402_3,0.1732882
8077_1,0.010986943
8598_8,0.090092994
2809_3,0.013325147
12490_10,0.938124
1447_9,0.967163
1605_3,0.011961098
2311_4,0.012241275
3235_9,0.98201376
5725_10,0.9834705
9025_10,0.97838473
6049_9,0.81286734
4803_10,0.98469365
191_9,0.9859364
420_3,0.23510839
5238_2,0.030214587
1280_9,0.98102194
9408_4,0.40192252
819_1,0.018978037
1656_4,0.020332353
9964_3,0.6041654
10404_4,0.10230471
12369_10,0.9863631
6423_1,0.01384861
9942_8,0.8238959
1519_1,0.0570714
100_10,0.97539
3216_10,0.9840936
3909_10,0.8454327
5034_7,0.9722044
14_8,0.9492946
5891_3,0.012624948
8496_10,0.98677725
7429_1,0.02517884
9457_1,0.020023443
9602_8,0.8962514
4198_1,0.010169657
154_2,0.025371313
5070_2,0.011687259
4207_8,0.55724305
7758_8,0.98087597
4439_9,0.9825575
12042_1,0.011687259
7244_1,0.01048909
6854_1,0.015189049
11932_10,0.81873685
4151_10,0.7937462
7265_1,0.057918087
10272_7,0.8688268
4256_4,0.05033063
1225_7,0.96814114
956_10,0.979354
6389_2,0.015906392
1365_4,0.028870907
4752_7,0.5083
276_10,0.9871788
8766_9,0.91367656
11225_10,0.98159516
6920_1,0.010328153
11536_1,0.011508149
1923_9,0.9757624
11460_10,0.7472472
10054_7,0.7704648
10845_1,0.01065251
10231_4,0.9241418
9430_8,0.9546474
3226_2,0.016657041
4298_3,0.017712297
10635_4,0.013742321
10567_4,0.04922211
5460_10,0.98657167
7310_7,0.9026096
10330_2,0.010169657
5151_9,0.4424558
11_3,0.01812472
1448_8,0.30280328
10130_8,0.92892635
2199_3,0.013325147
1761_10,0.96765566
2782_1,0.010169657
7618_10,0.9839708
85_10,0.98242307
5730_3,0.13799646
3641_1,0.014957086
8190_9,0.9834705
9533_10,0.9875683
9508_1,0.011331754
237_8,0.9566342
3981_7,0.9546474
7194_9,0.87147486
10584_8,0.91550726
248_2,0.01048909
8358_4,0.01214717
1218_1,0.021615336
4191_10,0.08509905
3090_8,0.22000709
11923_2,0.017442483
1640_8,0.95695716
9972_3,0.115560874
11818_4,0.64712954
4350_10,0.9429286
877_10,0.47852883
10017_8,0.96267307
7975_10,0.98677725
8436_1,0.7379143
6024_7,0.8092759
3112_1,0.026759284
951_10,0.9785493
1622_1,0.012821214
191_3,0.20689406
5669_1,0.012624948
1891_4,0.037326884
12173_9,0.9184803
7887_7,0.59572774
3256_10,0.83169055
5419_1,0.014172365
7635_1,0.0140636265
8297_2,0.063714996
7137_8,0.43002766
7562_3,0.22270015
9944_1,0.013121271
4288_1,0.011508149
8087_1,0.98173577
4771_10,0.97997653
10482_10,0.9092645
5324_10,0.98481095
3080_1,0.013428254
10923_7,0.86293024
1753_7,0.98549646
317_10,0.88523525
12474_8,0.53291136
773_8,0.9807288
388_1,0.024053553
12141_2,0.01461567
5667_1,0.7465088
1071_9,0.971564
2897_10,0.94122344
9481_4,0.04369106
12025_1,0.011869121
8879_7,0.8969756
5683_1,0.011331754
7026_1,0.01065251
2439_1,0.2220247
3631_7,0.7898827
1650_9,0.7892337
5378_7,0.98242307
9745_1,0.011869121
11563_8,0.9026096
299_8,0.96741027
9471_2,0.013742321
1866_1,0.023870835
2639_4,0.01883313
5122_1,0.090092994
12341_7,0.31954592
2936_8,0.97821885
8647_10,0.96378
4255_9,0.96691406
7262_8,0.111627996
8413_10,0.60434055
10080_1,0.012722708
3973_1,0.7892337
8752_9,0.9860443
4018_2,0.010986943
7669_1,0.012241275
10421_4,0.08449275
7854_8,0.97719735
162_8,0.5978427
11614_9,0.8548847
11343_8,0.87705624
1708_7,0.25645936
7115_4,0.26435834
10498_10,0.9603612
2944_8,0.98571813
10474_3,0.47025004
1263_1,0.014172365
1693_4,0.3868793
9600_9,0.013532149
11173_2,0.0973904
3961_2,0.13161905
8011_1,0.05033063
7386_8,0.4709799
8787_8,0.9730365
12349_9,0.9284088
1776_4,0.011331754
5885_4,0.95565146
220_4,0.8413048
5547_8,0.983597
2853_1,0.013532149
2157_2,0.068537496
11667_2,0.01627746
194_7,0.9830851
1633_1,0.013532149
6897_2,0.02865267
11568_2,0.29992473
9219_1,0.01395571
477_8,0.97838473
8980_3,0.12463858
4612_10,0.9871788
8030_10,0.98549646
1846_8,0.9869795
2786_8,0.98657167
2634_1,0.015906392
3110_8,0.967163
11587_8,0.3473157
11262_8,0.9791955
5680_7,0.96295285
4583_4,0.029535338
1451_1,0.011597362
4244_4,0.9686196
6176_4,0.011331754
8851_10,0.91367656
908_9,0.979354
7494_9,0.22067817
8061_3,0.018689308
789_1,0.011419616
2374_7,0.891811
11225_3,0.025957355
4467_4,0.009559399
8516_10,0.80131465
4121_10,0.93721074
10267_7,0.7704648
6040_8,0.9449947
8338_7,0.97997653
2903_7,0.9829547
6662_9,0.9853843
5333_10,0.9825575
7470_4,0.010013569
8813_1,0.05223086
4514_3,0.3544331
9584_7,0.8433798
11706_8,0.971564
11538_8,0.035144847
4210_1,0.011597362
8984_1,0.010818449
3431_4,0.036493763
4973_10,0.9462003
12260_1,0.01784874
4267_10,0.9750122
9906_9,0.98646784
670_7,0.82275945
6270_3,0.01048909
5164_4,0.01243165
9741_2,0.15456735
3761_8,0.95976204
2651_2,0.5936093
7448_10,0.96378
7184_9,0.967163
1313_9,0.9830851
10654_8,0.97966766
7151_1,0.0111580305
2320_10,0.8392076
12033_7,0.677474
6429_1,0.011508149
1420_4,0.97838473
3002_7,0.9130583
1299_1,0.01507263
7897_9,0.9219218
1529_4,0.01048909
9760_2,0.09073549
11318_1,0.03904829
2217_3,0.07978202
11641_2,0.010818449
7238_10,0.9777139
7710_8,0.96485513
12011_8,0.9801293
4495_7,0.6641048
11144_4,0.8984106
5625_2,0.023870835
2926_7,0.09602549
8538_8,0.79755676
8875_10,0.98571813
10881_10,0.87450653
1662_7,0.93991333
4560_9,0.83815056
6714_4,0.013742321
9059_10,0.9813107
6631_10,0.85729086
8520_1,0.012527932
918_4,0.5571226
3102_10,0.8050198
3611_2,0.010986943
8434_10,0.9840936
681_7,0.9807288
7386_4,0.011777842
7566_9,0.5555106
10110_10,0.9813107
10486_10,0.67832696
1492_3,0.13523209
11823_1,0.018689308
2331_9,0.8824279
2200_2,0.013222822
9547_1,0.46526602
785_2,0.010169657
5101_4,0.8509647
5657_10,0.7004852
6902_7,0.94417685
1490_9,0.71582144
7148_9,0.96814114
7387_8,0.22541662
8277_9,0.9700135
6912_7,0.97903574
170_2,0.05921025
7702_10,0.9849274
4393_3,0.01566365
2608_3,0.80069196
4931_8,0.9329437
10589_10,0.93195957
8623_4,0.0153063545
6057_2,0.012053779
2704_9,0.98527133
1790_2,0.6751224
12370_1,0.012241275
159_1,0.011777842
343_9,0.9403531
2128_9,0.98549646
11181_8,0.9073123
11775_10,0.9600627
3514_10,0.97068775
6993_2,0.011331754
2866_9,0.9766692
1000_9,0.95150405
11772_7,0.66823107
3355_9,0.5698227
8519_8,0.619241
7879_3,0.15203224
4332_10,0.8665848
5403_1,0.009559399
1514_7,0.7061904
7904_1,0.017712297
10550_2,0.089136936
11442_10,0.97903574
2821_3,0.117572136
5766_1,0.010328153
8061_9,0.9837225
2166_1,0.0140636265
6206_1,0.01627746
11124_2,0.028007522
7625_10,0.7070003
90_9,0.7620701
7959_10,0.971779
7029_10,0.937669
779_8,0.9877587
1101_4,0.6808786
11189_4,0.37754068
9790_4,0.014728613
10861_1,0.0269635
5902_2,0.012053779
9545_10,0.039937317
3730_1,0.009559399
4951_9,0.9437636
3295_1,0.01812472
9495_2,0.022457054
2876_1,0.01627746
2796_1,0.07004896
10338_3,0.02211659
10913_7,0.18010665
4685_2,0.01566365
11586_1,0.01566365
4904_7,0.39864054
7110_7,0.92523
2086_4,0.0987726
7372_7,0.5068355
135_9,0.9759464
7038_3,0.6089429
1119_2,0.01812472
5057_8,0.87450653
3479_10,0.9840936
6489_8,0.9861514
4910_8,0.98159516
5979_10,0.9777139
11304_1,0.01757688
2102_9,0.9838472
8048_1,0.014842417
12153_7,0.13660839
4832_8,0.9546474
3079_9,0.9811669
8254_2,0.011687259
7981_7,0.6322757
611_1,0.8484707
307_10,0.42790464
8861_3,0.088504665
4635_4,0.3911733
6197_7,0.49707034
6739_3,0.020023443
8588_9,0.9728308
8461_7,0.22000709
10089_1,0.81227237
2609_7,0.12940274
1418_3,0.014172365
2661_10,0.48316067
1253_9,0.9079672
8815_9,0.96691406
9867_8,0.94699025
2155_1,0.0145035805
12259_4,0.03846619
11224_3,0.0145035805
4781_1,0.014172365
4354_9,0.9871788
9629_9,0.9813107
3629_9,0.98187524
6445_10,0.9869795
9526_10,0.9863631
5138_2,0.27125168
349_10,0.28736767
2099_7,0.56787676
4411_1,0.2509128
8127_3,0.011687259
5225_8,0.9492946
7970_3,0.013636835
5688_7,0.9284088
12099_3,0.1766716
6020_4,0.8238959
3892_8,0.97903574
2098_8,0.9869795
4851_7,0.979354
10967_10,0.9582261
6230_4,0.016657041
2211_2,0.76383626
11978_10,0.96485513
8802_1,0.009708476
11010_3,0.020023443
10083_2,0.26855758
5588_10,0.055412795
958_10,0.98481095
6771_4,0.53471124
6767_9,0.28338456
7302_10,0.97344345
5324_3,0.030675802
7737_10,0.98215127
8603_10,0.023153413
3029_7,0.96485513
8640_2,0.014281935
2139_1,0.009559399
6305_10,0.98481095
6884_7,0.9791955
5534_8,0.8933094
7619_8,0.98549646
10057_8,0.96267307
972_7,0.98421544
6245_8,0.8407826
6627_7,0.97737074
3621_10,0.21272226
2290_4,0.9407897
24_4,0.15869518
5689_1,0.01214717
6497_4,0.19620943
12405_4,0.96267307
11720_7,0.9840936
10088_1,0.010986943
9258_9,0.9802808
354_4,0.96210754
4770_10,0.9850429
1035_3,0.029090757
739_1,0.013222822
6267_7,0.9853843
1562_8,0.971779
1438_1,0.01784874
281_8,0.9863631
1818_1,0.33111975
3943_3,0.033336822
8116_4,0.1338675
6984_1,0.010986943
5330_4,0.009859855
8821_8,0.95150405
10484_10,0.98445636
1886_4,0.18417984
7943_2,0.18594718
6438_7,0.9582261
8931_10,0.97482115
10538_10,0.7295198
534_10,0.9849274
7329_2,0.02145073
6614_2,0.012920473
710_10,0.98527133
3120_4,0.14706452
9046_1,0.016403032
5638_2,0.011869121
2455_4,0.18535662
2652_3,0.012241275
11006_4,0.02931223
5065_3,0.019870715
9805_10,0.98173577
7092_8,0.96323055
1735_10,0.9730365
3609_1,0.011777842
1201_10,0.9805807
11024_9,0.983343
3807_10,0.92683524
4483_10,0.9693242
4510_7,0.97482115
8037_1,0.018404892
1760_1,0.016914913
133_8,0.9403531
9039_8,0.9798227
8462_4,0.93721074
2468_10,0.9801293
7684_3,0.011777842
10350_9,0.95531917
1199_10,0.9791955
8560_1,0.012722708
6405_3,0.0140636265
1295_1,0.016403032
6420_1,0.015543648
12183_9,0.9777139
11619_1,0.012920473
1415_9,0.9546474
9414_1,0.010818449
7640_4,0.20882356
9211_9,0.96323055
557_9,0.9813107
4501_9,0.98228765
8711_10,0.21141681
2402_1,0.31489265
4586_10,0.73753643
176_3,0.022802636
3545_1,0.024237636
8932_1,0.019124037
5829_10,0.9693242
3409_10,0.9875683
3636_3,0.6077796
12048_7,0.9861514
10468_10,0.98087597
11546_10,0.96210754
9444_10,0.9807288
6275_1,0.5812437
152_4,0.6401861
4767_9,0.7538293
6751_1,0.010169657
10245_4,0.60626537
5407_8,0.89256257
1923_1,0.03875619
515_9,0.950411
9988_1,0.7779754
5928_8,0.9829547
10163_4,0.8499712
7969_10,0.97821885
1494_4,0.87914675
11211_10,0.9879462
1957_1,0.0111580305
8484_7,0.9213576
848_2,0.012241275
5177_1,0.60206157
10667_10,0.5934915
3075_1,0.022802636
9443_10,0.98242307
1572_8,0.9678993
11285_8,0.90397453
3125_1,0.26473838
9265_9,0.9843364
4072_1,0.016403032
6390_2,0.050705362
6496_4,0.76803803
8766_2,0.016152835
7787_10,0.98677725
5897_10,0.9863631
9027_1,0.037326884
1538_2,0.014728613
1220_3,0.01065251
8600_3,0.23091976
11432_2,0.26817408
1424_4,0.23196201
7344_10,0.98657167
10842_1,0.021287354
10332_10,0.98549646
4340_4,0.034358688
4868_4,0.18242551
11216_9,0.91367656
12027_10,0.9329437
6785_7,0.95531917
8773_8,0.9719925
8119_4,0.7826625
10138_10,0.9546474
7197_2,0.0111580305
1536_3,0.6617043
9981_7,0.96909106
4753_1,0.12678517
2795_7,0.03963884
6672_4,0.03704717
10805_7,0.6220002
5866_1,0.012241275
570_1,0.01065251
11965_8,0.938576
3288_1,0.29665425
8135_1,0.031618766
10094_9,0.9825575
5845_10,0.9853843
3570_8,0.8736466
1240_1,0.018404892
231_1,0.0226292
10628_9,0.9539661
3536_1,0.031858858
1852_10,0.97887486
8202_7,0.9759464
5907_7,0.68510735
1759_10,0.7264256
4492_10,0.6992544
4844_7,0.8624676
3189_10,0.9425068
3403_10,0.98445636
5874_2,0.009559399
7809_10,0.96432143
3632_9,0.9425068
11767_2,0.9588471
9925_3,0.33458945
4218_1,0.032836955
12036_7,0.28897023
8973_2,0.01048909
2464_10,0.9500415
4094_1,0.0140636265
10592_1,0.02096424
10648_9,0.98571813
3887_10,0.9539661
9092_8,0.94165415
10666_10,0.9843364
8389_10,0.920218
5281_10,0.9875683
6946_1,0.009708476
1132_1,0.015906392
10052_4,0.039342504
768_10,0.9813107
5432_3,0.009708476
7424_3,0.010986943
2366_2,0.015424551
2865_3,0.0335895
7806_2,0.049589027
8878_3,0.26322046
6298_7,0.97887486
4517_4,0.024237636
12018_10,0.9807288
3662_1,0.011869121
11393_10,0.9161096
2071_10,0.9802808
8217_8,0.947381
6568_2,0.012722708
3840_10,0.9826909
1666_3,0.045015533
2360_7,0.8524448
5778_4,0.7000752
5341_4,0.74945414
4044_2,0.010013569
2503_3,0.34908882
4095_10,0.78099674
2092_2,0.013532149
2707_3,0.01784874
573_10,0.97482115
6441_7,0.9230392
7565_3,0.010013569
9499_7,0.891811
657_10,0.9859364
8840_10,0.9207897
1407_4,0.63770795
12453_2,0.027585285
8273_9,0.9863631
8366_7,0.9284088
10643_9,0.76977324
9998_1,0.028007522
1385_1,0.014172365
1354_4,0.029090757
4674_7,0.9462003
3515_4,0.48145384
10426_8,0.70416015
10226_3,0.04672496
10391_4,0.5024414
9968_1,0.01065251
2893_3,0.013325147
2546_9,0.9309621
37_1,0.010013569
1757_10,0.98215127
1569_8,0.9764905
1466_3,0.010328153
7783_1,0.0140636265
9506_10,0.97997653
10835_3,0.011687259
2917_9,0.9757624
2495_7,0.979354
1686_10,0.9871788
2414_7,0.045692034
5318_8,0.98677725
8858_8,0.7013041
8112_1,0.02297737
6532_2,0.01395571
2526_10,0.97324073
11089_7,0.97482115
4297_8,0.97966766
3179_9,0.98657167
5832_10,0.983343
10539_8,0.86613256
9226_10,0.8933094
9878_1,0.677474
7940_10,0.98481095
7195_10,0.9678993
2979_1,0.31954592
3597_10,0.9863631
2931_8,0.18832396
8571_10,0.79692537
12148_1,0.009708476
4047_2,0.010013569
6164_10,0.9856076
2214_8,0.9849274
5903_1,0.84645087
7931_9,0.93991333
1205_3,0.15974104
5983_10,0.98228765
10424_7,0.9142907
11032_7,0.8204695
1303_10,0.8244619
10390_1,0.034358688
8349_2,0.021287354
3605_8,0.98102194
12273_1,0.0112445615
60_1,0.013428254
3879_9,0.92523
12431_4,0.42524716
4499_2,0.015906392
5786_10,0.07585818
5521_4,0.5095203
793_8,0.8620035
7948_3,0.022457054
9022_2,0.010013569
11071_1,0.03384404
4991_3,0.89478946
8226_1,0.013121271
8762_3,0.04208773
6918_4,0.50268555
844_10,0.48108813
11503_8,0.93581736
7406_8,0.97068775
7743_1,0.037892424
514_3,0.016529558
10927_9,0.9801293
3731_7,0.9801293
8870_4,0.60498255
11099_10,0.98571813
8456_10,0.6522414
10944_7,0.20817894
7168_3,0.014172365
3378_10,0.9791955
8203_3,0.032836955
5676_1,0.015543648
5061_9,0.98282325
6238_8,0.9635062
1136_8,0.30860683
6234_3,0.020332353
9510_3,0.9465967
9632_7,0.17838266
4357_1,0.21866938
1176_9,0.9825575
10821_8,0.9861514
4143_4,0.91117966
5074_8,0.1727293
11673_1,0.0094125895
11072_2,0.011331754
1816_4,0.6489114
3974_7,0.74945414
796_4,0.9719925
8540_2,0.04813677
10959_8,0.9780517
4576_10,0.97702265
7030_1,0.058776557
3340_10,0.9785493
3223_3,0.013742321
3030_1,0.03461884
4194_1,0.011961098
11322_1,0.01798621
1785_1,0.014392335
7109_2,0.012241275
4120_1,0.026556572
3024_7,0.97702265
589_2,0.010818449
2480_10,0.75851065
4878_1,0.7130322
571_1,0.8198933
12156_8,0.9046505
7547_9,0.9651191
6577_10,0.98677725
7101_3,0.4181919
1731_3,0.078078166
10424_1,0.017309094
9056_10,0.98469365
11959_3,0.67555064
6952_4,0.013325147
8709_10,0.9224824
4716_10,0.9777139
2393_10,0.9837225
4007_7,0.6614857
1196_2,0.5986056
8483_1,0.020332353
1840_3,0.08299415
6108_1,0.016657041
4621_8,0.8587186
11332_4,0.94891727
8800_10,0.95565146
886_7,0.9850429
6495_8,0.14128141
6193_10,0.92523
10297_1,0.06804042
4233_1,0.01883313
3121_10,0.9757624
1681_10,0.9761292
5789_1,0.016403032
6446_10,0.983343
479_9,0.9845754
6401_1,0.044348583
7602_1,0.01395571
10792_1,0.011869121
11436_9,0.9850429
6944_1,0.049589027
6275_9,0.015543648
7314_10,0.987375
8887_9,0.94539934
1835_8,0.97997653
8403_7,0.98187524
2090_1,0.12085323
12310_1,0.063714996
9795_9,0.9802808
4260_1,0.012053779
3214_4,0.020488555
10974_8,0.9761292
3374_10,0.4860876
2251_2,0.011331754
2325_7,0.9059898
28_9,0.9728308
1758_2,0.019419348
1222_8,0.87873113
1229_4,0.01566365
9791_2,0.8610715
3433_4,0.012053779
10847_10,0.9875683
5020_2,0.009859855
9652_3,0.013121271
1739_10,0.9585377
10441_4,0.2739627
9002_7,0.87997437
4304_8,0.6918097
290_9,0.97754294
1339_8,0.9263037
10899_1,0.042403832
8723_8,0.9394706
12487_7,0.6077796
10384_7,0.7718435
4673_4,0.014957086
11679_1,0.009708476
3938_2,0.020804489
2253_10,0.9859364
198_7,0.9884919
3346_3,0.046378206
11543_3,0.014172365
8463_1,0.013428254
1297_2,0.009708476
4689_1,0.01048909
4681_1,0.011508149
961_8,0.97344345
9865_2,0.28180075
770_3,0.016529558
10495_2,0.25054586
6302_8,0.83867973
6232_4,0.01784874
10098_1,0.0123361
8905_2,0.010169657
8853_10,0.8933094
6081_10,0.9875683
12_4,0.023153413
1291_7,0.6855286
1679_1,0.20307463
996_7,0.586878
3343_10,0.9750122
6083_10,0.9875683
98_9,0.91117966
962_4,0.69637144
4857_8,0.8543993
12394_7,0.8098782
1321_10,0.9763105
8994_10,0.9811669
7788_1,0.01048909
9708_8,0.30735803
9523_1,0.013222822
11785_4,0.011777842
5440_1,0.02178117
1091_7,0.9224824
11584_10,0.36048904
5369_3,0.88161486
3165_10,0.7244806
3686_10,0.97719735
7069_10,0.20817894
427_3,0.01566365
895_8,0.89256257
4565_8,0.9339146
5139_9,0.9744348
5027_1,0.0460339
503_9,0.9500415
7630_1,0.011687259
8552_1,0.1561049
4322_3,0.022802636
3492_3,0.9750122
5301_4,0.009708476
752_4,0.012241275
4307_2,0.010986943
4901_10,0.98228765
233_2,0.044680875
10789_8,0.9563089
270_8,0.9863631
11442_1,0.011869121
3688_7,0.93674946
9928_7,0.8679338
6563_8,0.8879841
3437_7,0.48950347
10495_8,0.9807288
8775_10,0.98173577
12172_3,0.018689308
10085_10,0.97997653
8394_9,0.9465967
2607_10,0.9623913
6645_10,0.9798227
301_10,0.9868787
2153_10,0.9859364
1967_3,0.015543648
9604_10,0.8899121
10665_10,0.6222298
5409_1,0.0111580305
6707_10,0.98242307
3847_7,0.7839885
9261_10,0.9830851
3772_1,0.011869121
8950_1,0.011869121
6591_2,0.02865267
2765_9,0.87234735
4166_10,0.9563089
11418_3,0.06705628
7137_3,0.0123361
3710_2,0.012053779
1153_4,0.2986959
4155_8,0.21667379
9221_10,0.9588471
8917_10,0.9744348
6066_4,0.40192252
5366_10,0.9877587
2520_9,0.9795114
11677_2,0.015784562
4032_2,0.01461567
4041_2,0.017309094
474_4,0.012920473
6392_2,0.017442483
6545_10,0.9740426
5009_10,0.88875884
3060_10,0.77662295
11033_10,0.9869795
297_10,0.95695716
9099_1,0.011869121
10496_10,0.7772999
5619_3,0.8665848
4226_1,0.023153413
10483_8,0.98677725
1966_9,0.9623913
4024_2,0.011687259
6448_9,0.98677725
4252_1,0.014172365
250_10,0.9830851
10753_3,0.014728613
1005_7,0.6621414
4415_9,0.8984106
240_4,0.2708658
108_10,0.8433798
1393_1,0.47146657
4236_2,0.574902
9208_2,0.9161096
7156_10,0.94853723
6490_1,0.013020489
3518_3,0.01048909
10308_1,0.010328153
8706_2,0.0140636265
8674_10,0.9730365
8240_10,0.9801293
11890_10,0.9324533
976_3,0.017309094
5025_8,0.98445636
10206_8,0.9755769
11921_3,0.03410043
8344_7,0.76977324
295_8,0.06418265
2121_1,0.019271135
6978_8,0.97520185
707_3,0.9263037
751_1,0.010013569
1931_10,0.9875683
7197_10,0.8844391
11032_3,0.013222822
416_10,0.55802596
1384_2,0.053009775
4114_2,0.031858858
9450_10,0.9814534
6877_7,0.9241418
5092_9,0.9839708
3402_9,0.78858316
9517_10,0.98677725
8566_2,0.074231364
4493_1,0.024987794
842_1,0.18952107
4926_1,0.2285006
3398_9,0.9795114
8857_10,0.68215036
3696_9,0.9549844
1952_1,0.01507263
5516_3,0.038178276
3297_10,0.9462003
8396_2,0.016657041
1928_4,0.02017732
7216_10,0.97344345
1648_3,0.015543648
9312_8,0.35064372
4392_2,0.020488555
4740_9,0.4131219
2985_4,0.010169657
6407_10,0.97112906
4015_1,0.018264279
911_10,0.98657167
7898_1,0.012920473
5241_10,0.9688562
4955_4,0.7126323
4199_1,0.025565214
8319_4,0.96432143
6340_1,0.1592174
2003_1,0.0140636265
11213_3,0.89912134
5109_4,0.011508149
9400_1,0.01243165
10719_7,0.9588471
6848_8,0.97737074
11398_1,0.017045317
2606_7,0.92892635
5646_1,0.68846846
4103_10,0.4610471
8906_9,0.9724148
6997_10,0.9348725
9990_1,0.20118472
6573_1,0.018546565
8530_10,0.5680864
8382_9,0.95695716
4207_2,0.24184734
8794_10,0.950411
917_9,0.5273165
10739_9,0.937669
4286_1,0.012241275
1763_1,0.014957086
5173_10,0.97090924
1764_1,0.016029146
3614_3,0.87321484
3880_10,0.94699025
4059_1,0.010986943
8786_8,0.08449275
9553_2,0.22067817
10599_8,0.02145073
1048_4,0.83761996
8136_7,0.42202815
8715_8,0.97838473
7667_7,0.7268136
5647_2,0.009559399
6267_1,0.01784874
12444_10,0.72095805
7390_10,0.9591543
7260_7,0.9695556
6170_10,0.98102194
2181_2,0.01507263
6196_7,0.97788346
12058_9,0.630685
8915_7,0.702938
6816_10,0.97702265
730_9,0.98445636
5808_10,0.9686196
6256_2,0.0111580305
5157_4,0.8037906
7970_10,0.97838473
6991_7,0.96267307
7112_4,0.03594832
12136_4,0.39478415
1554_8,0.96124375
8289_4,0.60206157
12452_8,0.9079672
6181_8,0.81167597
6237_8,0.9860443
9724_10,0.9566342
7991_1,0.0111580305
8185_4,0.02350945
12162_1,0.01507263
8330_9,0.9522199
84_3,0.012053779
4879_4,0.011961098
1173_7,0.9785493
11095_2,0.014728613
9934_8,0.9546474
10791_9,0.9600627
5260_10,0.9603612
3123_3,0.098079324
7500_1,0.024053553
9472_8,0.94539934
6349_9,0.97684664
8706_8,0.9697854
12385_4,0.34444344
12409_4,0.029986506
809_10,0.9859364
11380_2,0.01812472
4975_8,0.9730365
5069_3,0.06804042
8132_7,0.98582757
5628_10,0.9863631
12329_8,0.6020031
8217_3,0.01678549
251_2,0.7465088
2901_7,0.97023994
4588_1,0.0153063545
2647_10,0.8891444
6020_9,0.98571813
7171_3,0.20244318
5880_10,0.9832145
4842_9,0.9780517
10657_10,0.9736447
11858_7,0.9787127
4656_4,0.017309094
9293_10,0.79755676
10702_10,0.9856076
6277_10,0.94165415
7223_10,0.10087862
11150_8,0.929951
4768_9,0.967163
5703_8,0.9849274
9249_9,0.95945925
12051_10,0.9832145
5740_4,0.02865267
4882_3,0.17724052
11575_10,0.8198933
385_1,0.06512755
1569_3,0.012920473
7449_1,0.012624948
1977_4,0.011687259
6134_7,0.94776917
2384_8,0.9849274
2437_10,0.9722044
643_7,0.3094409
7334_10,0.9859364
12228_9,0.98527133
8579_2,0.016914913
4093_4,0.013532149
233_8,0.9683812
11852_7,0.9273633
11027_4,0.15456735
5409_7,0.93581736
9332_10,0.96095175
6530_9,0.8929365
7815_1,0.012053779
8317_10,0.9500415
5382_9,0.9826909
3183_3,0.40292057
4997_8,0.016657041
11553_7,0.9546474
718_3,0.010169657
7128_9,0.9678993
11977_1,0.011331754
10820_3,0.09534946
3539_9,0.96124375
2386_1,0.011869121
9837_4,0.2180027
2941_1,0.019719128
6669_1,0.018404892
10927_1,0.015784562
57_10,0.9869795
12252_2,0.044348583
8926_3,0.7264256
3044_2,0.78464925
9758_10,0.98102194
4584_10,0.5613651
1467_1,0.011419616
7846_9,0.6184348
1982_8,0.38792217
5705_1,0.01395571
9754_7,0.9764905
9594_1,0.010818449
7405_10,0.9832145
8469_2,0.5700621
3713_10,0.9877587
3381_10,0.8255897
1913_10,0.122103855
9423_8,0.9184803
115_9,0.6614857
9784_10,0.7244806
1148_4,0.01757688
2911_10,0.96124375
11328_9,0.98677725
5087_1,0.012053779
3983_10,0.9353465
5216_1,0.01507263
7961_10,0.94417685
10134_7,0.96124375
9379_2,0.016529558
4715_1,0.01048909
6501_10,0.9826909
4146_4,0.011331754
12159_1,0.3261641
11661_10,0.051082738
7995_2,0.04208773
693_9,0.9724148
1411_10,0.97482115
7091_7,0.9804314
2576_1,0.021125194
8207_1,0.010169657
10877_10,0.9834705
5444_10,0.97112906
9409_1,0.01107216
10020_1,0.013325147
2349_8,0.97719735
4942_10,0.983597
2839_1,0.014392335
9419_1,0.011508149
10661_1,0.29421496
5659_10,0.9549844
639_7,0.81815636
5946_7,0.30777395
7231_7,0.97046465
4220_4,0.14903529
3698_4,0.33328617
1060_2,0.26894143
2398_3,0.01048909
11073_3,0.14706452
8336_2,0.011331754
5975_3,0.7711549
4727_1,0.018546565
1596_8,0.97262347
5471_2,0.023153413
11204_10,0.32380763
8810_10,0.7412996
11125_3,0.074231364
9607_10,0.91550726
6517_3,0.012920473
10232_1,0.07316472
7708_10,0.9697854
1753_1,0.028870907
10946_7,0.94122344
668_4,0.07316472
3794_4,0.9740426
6867_1,0.44676623
9428_7,0.9697854
12366_9,0.987375
12056_9,0.93991333
901_1,0.0111580305
7714_8,0.94891727
6389_8,0.7994423
4148_7,0.9507779
5062_1,0.01757688
6835_1,0.22678365
2901_3,0.121268876
4724_10,0.98481095
764_2,0.014172365
6729_1,0.01048909
8284_4,0.015543648
11928_1,0.19375686
386_1,0.009708476
35_9,0.9830851
4458_4,0.3568948
9627_2,0.10374863
8112_9,0.96124375
6026_8,0.9563089
12188_3,0.037326884
3477_3,0.04304285
12242_8,0.5740963
11594_4,0.74539834
11360_10,0.98657167
10299_1,0.012527932
3829_10,0.908618
8324_2,0.012053779
1285_9,0.9549844
11370_10,0.9849274
8051_4,0.61901075
4420_10,0.98445636
3843_7,0.9549844
10520_2,0.0715912
12146_8,0.983597
1502_10,0.938124
6227_4,0.013222822
3191_10,0.9353465
4569_2,0.012527932
7647_8,0.17497346
6372_9,0.971564
2105_2,0.31552505
4180_1,0.06754669
11212_10,0.9850429
1811_9,0.9863631
2868_3,0.011869121
3773_3,0.011331754
8386_1,0.021287354
1072_8,0.9314625
10588_1,0.69945973
8858_1,0.061875988
10831_1,0.016152835
11926_8,0.9764905
11521_10,0.9859364
4037_10,0.9875683
5119_7,0.8413048
11438_9,0.95759624
8275_2,0.0111580305
4879_8,0.9787127
4520_10,0.9829547
2510_7,0.7988153
510_2,0.024237636
1283_1,0.012527932
3733_8,0.93045825
7708_1,0.011597362
12219_1,0.013428254
11654_4,0.30569732
3229_7,0.9046505
3579_8,0.89552265
1534_4,0.041462272
7498_10,0.9856076
11392_10,0.78530854
2949_1,0.0226292
407_7,0.6770471
12388_3,0.028436033
7779_3,0.03594832
12409_10,0.9724148
199_8,0.97754294
9330_1,0.020804489
6196_2,0.80685264
1576_2,0.011597362
12123_4,0.102664
871_1,0.111627996
867_9,0.93195957
12186_1,0.012722708
11357_1,0.010328153
9327_4,0.014281935
3092_8,0.60159355
6097_1,0.037892424
4170_4,0.01214717
3724_3,0.076407686
4219_1,0.47816333
12233_10,0.97903574
12050_9,0.9043131
124_10,0.97719735
9521_9,0.9697854
7991_10,0.97539
12284_1,0.021948254
8452_10,0.9830851
986_3,0.010986943
8504_8,0.80131465
9427_7,0.98242307
2359_3,0.25795195
7026_10,0.98159516
8726_8,0.94853723
4971_1,0.010328153
2990_1,0.018689308
5285_2,0.199308
9953_10,0.5068355
2170_8,0.950411
10963_8,0.9572778
9176_8,0.98201376
9639_7,0.9761292
1781_1,0.010818449
1293_10,0.9695556
10225_10,0.983597
3821_1,0.270095
1206_10,0.97737074
5513_1,0.030908957
12475_2,0.07696084
11508_9,0.9838472
6358_4,0.62406445
9646_1,0.010169657
7957_9,0.8749346
5183_9,0.92683524
8322_10,0.97324073
4171_1,0.8365546
6498_2,0.46502304
11893_1,0.051082738
8209_10,0.98173577
4866_3,0.03594832
1077_3,0.050705362
10916_7,0.8092759
6027_4,0.02350945
9308_7,0.9724148
7130_1,0.014957086
3326_4,0.0145035805
6680_3,0.29138398
1707_8,0.43890542
5106_1,0.01065251
1408_10,0.98527133
6773_8,0.9834705
940_3,0.020804489
10890_10,0.97838473
3678_10,0.97482115
6871_9,0.908618
10196_8,0.96210754
12369_1,0.011687259
4070_10,0.9837225
11755_7,0.98159516
9095_3,0.014281935
10863_1,0.0153063545
7109_7,0.97719735
1844_3,0.01798621
8228_2,0.010986943
9631_4,0.010328153
3920_4,0.024237636
19_1,0.012053779
3929_2,0.013222822
1506_2,0.028007522
6877_3,0.65445316
12154_7,0.08694165
6572_3,0.012053779
1557_2,0.017442483
11836_7,0.088820286
9380_9,0.883236
11725_4,0.07585818
6317_9,0.98282325
5022_1,0.33155245
132_1,0.012241275
9303_8,0.078078166
4739_10,0.9167081
11228_10,0.9875683
7913_1,0.34334174
1304_3,0.012722708
2725_10,0.9324533
8484_2,0.012527932
1866_9,0.98657167
12446_9,0.9582261
11406_1,0.014728613
7056_4,0.61820436
8615_10,0.9012275
12284_10,0.95150405
3279_9,0.9871788
9243_1,0.060975183
11_8,0.24798743
427_10,0.9329437
5446_7,0.8311431
846_7,0.0460339
2545_4,0.6406359
8635_10,0.9850429
4410_8,0.9832145
875_10,0.95759624
392_2,0.009859855
8819_3,0.017176708
12202_1,0.021287354
1370_4,0.98549646
340_2,0.013325147
179_1,0.012821214
11332_8,0.97966766
10396_4,0.01395571
8321_1,0.010986943
6384_3,0.117572136
5951_9,0.93721074
8137_1,0.009708476
12009_10,0.971779
2103_8,0.93439513
11153_2,0.01243165
4945_10,0.91550726
3193_3,0.13028543
921_9,0.9763105
10446_10,0.18300885
9961_9,0.9850429
11420_4,0.6872103
6954_2,0.016657041
8430_2,0.39466748
6749_3,0.83169055
5997_7,0.73829186
7611_7,0.4885274
6292_8,0.97788346
11314_1,0.018264279
5143_2,0.059646945
9517_2,0.011687259
8259_2,0.01048909
5114_8,0.9832145
3574_9,0.97482115
11464_3,0.034358688
11457_10,0.97262347
2496_3,0.9219218
6795_1,0.10484337
1904_2,0.017712297
11524_2,0.010986943
8223_1,0.013532149
5566_3,0.013742321
3550_7,0.36795136
6059_10,0.97539
4580_10,0.67875296
177_1,0.011687259
8790_8,0.9032942
7784_1,0.0153063545
11892_1,0.19682619
6235_10,0.031618766
6493_4,0.030908957
764_8,0.98173577
4052_7,0.11516223
1663_1,0.013222822
10437_1,0.068537496
1009_3,0.02479816
11664_4,0.078078166
8909_10,0.9092645
9200_3,0.9728308
7919_9,0.9813107
8603_1,0.12378871
6976_2,0.39140594
4261_1,0.026355354
6636_1,0.019719128
10707_9,0.9859364
1155_7,0.9869795
7050_4,0.2407746
1360_3,0.013636835
8176_7,0.9766692
3301_8,0.7364006
6684_3,0.010818449
2742_3,0.016657041
7159_4,0.024423089
8944_3,0.01048909
2077_4,0.017442483
7145_10,0.971779
6216_7,0.97112906
8606_9,0.9839708
10608_10,0.95362175
8441_4,0.069541745
1782_8,0.97262347
10939_8,0.9462003
2702_7,0.9877587
9210_1,0.0111580305
9075_8,0.98549646
3412_3,0.21766995
2859_8,0.96295285
6326_4,0.06754669
94_2,0.028436033
3691_10,0.97702265
2679_9,0.9190633
1568_4,0.01784874
3540_9,0.94966936
3710_10,0.9851576
5691_1,0.022457054
9699_10,0.858244
9207_4,0.13660839
286_1,0.7037531
10891_1,0.011508149
6177_8,0.9845754
9817_2,0.011331754
8871_9,0.3562227
290_1,0.009559399
8388_9,0.96485513
9195_7,0.97262347
1164_9,0.9656413
2332_8,0.684264
5406_7,0.8031738
2476_3,0.011869121
11381_3,0.020488555
6518_10,0.929951
3474_1,0.032589745
603_8,0.9826909
5448_4,0.01065251
3624_8,0.9839708
11569_1,0.013636835
9353_8,0.98102194
3119_2,0.26020145
382_4,0.051082738
8569_8,0.8080672
2312_10,0.9813107
7531_1,0.010986943
7150_4,0.52147114
5496_8,0.9839708
1979_1,0.028007522
4158_2,0.012053779
4790_7,0.8062431
11971_1,0.14366761
197_10,0.9740426
3453_8,0.97090924
915_4,0.7033458
6991_2,0.05834584
7524_9,0.96405166
7474_4,0.63590103
284_2,0.016029146
12483_7,0.9394706
1141_10,0.81405276
7739_1,0.014728613
6488_3,0.03567855
3117_1,0.02931223
6224_8,0.32982332
9737_4,0.022457054
2399_10,0.9763105
1044_8,0.9839708
1153_8,0.94776917
11664_9,0.9840936
10015_4,0.8976953
7622_1,0.042722195
8743_10,0.9851576
356_3,0.036220055
838_7,0.6142783
4922_10,0.9838472
3623_10,0.9724148
9424_1,0.014281935
8473_4,0.86293024
9996_10,0.987375
11242_2,0.844409
11889_10,0.9837225
11131_10,0.9839708
386_10,0.97068775
6534_8,0.9843364
11420_7,0.023330767
3119_9,0.98549646
2708_2,0.034880888
2817_10,0.89442116
9425_7,0.9851576
11019_2,0.5925487
1747_1,0.02178117
4493_9,0.5475548
4728_1,0.012241275
6856_2,0.013020489
10273_1,0.019719128
4822_8,0.7631309
10475_10,0.9059898
2678_3,0.023330767
9979_8,0.9738444
8090_1,0.017045317
10022_4,0.024987794
5137_1,0.014392335
6787_10,0.98657167
4027_9,0.9875683
208_10,0.7745834
569_7,0.98187524
761_10,0.97684664
2603_9,0.41750893
11692_9,0.85195273
4374_2,0.02576056
5581_10,0.89552265
10601_1,0.8305941
637_3,0.011508149
10238_2,0.77424216
6717_1,0.0111580305
9145_10,0.95430803
1047_4,0.9591543
6173_1,0.015543648
985_10,0.9656413
4964_1,0.012053779
7104_1,0.010328153
6293_3,0.8327813
9060_3,0.3710227
1894_4,0.21933751
4650_10,0.9801293
12475_8,0.80131465
7563_9,0.9877587
10996_9,0.98201376
8315_4,0.0226292
710_3,0.01461567
3856_7,0.97023994
10613_8,0.97462875
12141_9,0.8778961
4666_1,0.010169657
292_3,0.3115316
3316_7,0.9559813
10482_4,0.016029146
9703_1,0.14414886
6905_9,0.9829547
9138_10,0.97068775
10417_2,0.94891727
7977_1,0.01214717
9350_8,0.4604102
4514_10,0.98549646
3964_4,0.8679338
6014_4,0.9407897
10198_2,0.046378206
9059_1,0.021287354
11254_10,0.9807288
2032_7,0.97719735
6895_7,0.65599746
6921_2,0.46235168
9174_8,0.983343
367_8,0.8705973
11410_7,0.054198727
9387_7,0.69802076
2227_10,0.9591543
334_2,0.01243165
334_9,0.9507779
10893_8,0.96814114
9414_10,0.59596294
9725_1,0.010013569
10779_9,0.84645087
8654_8,0.8134608
9032_7,0.9811669
9775_4,0.929951
7687_1,0.12721826
12206_4,0.016529558
7720_8,0.9839708
6774_9,0.9518632
12469_1,0.018404892
7249_2,0.03308598
5146_3,0.026155619
8629_7,0.8056322
5292_3,0.97684664
8937_7,0.96458924
9221_4,0.74316794
3203_8,0.9804314
6964_2,0.7479843
6120_8,0.858244
6962_9,0.9651191
4139_1,0.012527932
3957_4,0.06052939
9305_3,0.5122046
6863_1,0.032589745
2164_4,0.55012405
12378_7,0.023689471
10834_10,0.9883128
633_10,0.9566342
10071_8,0.77390057
8167_1,0.011687259
4232_9,0.9678993
6710_8,0.45035937
6055_1,0.01784874
8169_8,0.95150405
10291_9,0.9500415
8149_10,0.971779
2499_10,0.9241418
4370_2,0.012821214
4031_1,0.009708476
11372_3,0.051462766
9619_1,0.76524264
8822_4,0.1561049
7096_10,0.9798227
7009_10,0.9805807
2442_10,0.9859364
442_10,0.9764905
4783_1,0.38329497
11837_9,0.947381
5214_8,0.983343
134_8,0.8413048
10948_1,0.014728613
3011_7,0.9683812
4339_4,0.7345006
9638_3,0.5767208
7186_7,0.97090924
7702_2,0.01048909
6586_8,0.9832145
2420_8,0.9807288
1911_8,0.9053223
4707_4,0.17553806
3954_10,0.920218
12071_3,0.18892181
10010_9,0.9826909
8844_2,0.049958523
12312_1,0.09704755
4874_1,0.028870907
7270_7,0.96641046
3497_1,0.009708476
9928_3,0.4130036
11109_1,0.012920473
9016_8,0.844409
1125_10,0.97462875
9695_8,0.6271523
5756_9,0.014842417
11452_2,0.013532149
8488_4,0.027585285
9825_2,0.016529558
7054_7,0.8692713
4359_10,0.9695556
11411_8,0.6658453
9618_8,0.9539661
12226_4,0.4081588
7752_10,0.9757624
9274_3,0.8558512
12069_10,0.9859364
4591_2,0.023689471
6065_8,0.95362175
2344_10,0.95430803
10299_10,0.98421544
8934_9,0.9807288
5041_8,0.9811669
3885_7,0.8250265
3994_8,0.98571813
11907_9,0.96458924
10181_10,0.858244
2714_9,0.8204695
1571_8,0.92523
6621_4,0.02479816
1062_2,0.79310596
379_10,0.95565146
62_8,0.7538293
1926_8,0.9449947
3428_7,0.9686196
2175_8,0.97754294
2006_10,0.98102194
8633_7,0.57910293
12158_2,0.0123361
11572_8,0.98469365
8859_10,0.9764905
10919_2,0.022457054
4131_3,0.81227237
6893_1,0.03875619
9217_1,0.009859855
1893_2,0.097734325
1719_2,0.01065251
5107_4,0.017442483
2284_3,0.015189049
1430_10,0.98228765
5207_10,0.94891727
2800_8,0.9777139
7550_1,0.7538293
9035_9,0.7581527
11548_10,0.9879462
6037_4,0.56789166
518_4,0.26702574
12237_2,0.011687259
10266_7,0.9572778
12032_1,0.021125194
2494_4,0.014842417
8062_3,0.88563144
4665_1,0.019419348
6082_8,0.98582757
7225_4,0.037326884
9080_1,0.04885778
9606_4,0.029535338
494_2,0.013222822
6274_10,0.9845754
4170_9,0.8413048
9218_10,0.9492946
10377_8,0.9623913
10597_10,0.9759464
958_4,0.026355354
9958_4,0.742048
129_9,0.98282325
2804_9,0.9804314
8935_1,0.0123361
12229_3,0.011687259
5048_4,0.25982568
6509_4,0.015189049
1812_8,0.9603612
5695_1,0.15002882
2021_10,0.9750122
9892_2,0.2590751
9239_10,0.9507779
5398_2,0.06052939
4458_7,0.31658053
11730_8,0.9566342
9853_1,0.013742321
2258_10,0.97719735
9345_10,0.9813107
64_3,0.20118472
10423_9,0.97462875
2220_9,0.8449215
192_10,0.98657167
12143_9,0.97324073
2113_7,0.9829547
5294_10,0.98657167
7025_9,0.98282325
6300_3,0.01784874
8043_2,0.0123361
6628_1,0.2739627
12138_3,0.7725307
1333_7,0.7233095
10515_3,0.012722708
11949_9,0.979354
2854_1,0.016529558
142_8,0.94699025
3706_1,0.011508149
6149_10,0.8031738
8429_3,0.0570714
6151_10,0.983597
4861_8,0.6356749
8764_9,0.7988153
540_1,0.01812472
10693_1,0.015424551
2346_4,0.39840645
1532_4,0.019870715
1099_2,0.14270912
3818_10,0.5301149
2617_10,0.6721165
1709_1,0.012527932
4649_10,0.9830851
4085_10,0.9795114
4478_9,0.9750122
1032_10,0.9825575
3642_7,0.023870835
5656_8,0.94539934
11916_3,0.02178117
6672_10,0.78858316
4225_7,0.56124485
996_3,0.017045317
7421_10,0.880797
9431_7,0.882022
11121_9,0.94853723
5054_8,0.95150405
9187_8,0.87705624
9096_7,0.7070003
10318_8,0.936285
5348_2,0.13939638
6666_8,0.95791227
6648_9,0.50097656
1405_10,0.98087597
8981_4,0.9688562
10248_9,0.8392076
4101_8,0.98469365
3076_4,0.82615143
1598_1,0.016529558
8430_10,0.94539934
9999_1,0.20118472
805_1,0.011508149
7821_7,0.9785493
10849_10,0.9875683
8400_7,0.97068775
4807_4,0.02178117
8353_4,0.55493784
10445_10,0.37079483
7058_2,0.02178117
9715_2,0.048496004
10934_3,0.0123361
8215_10,0.96909106
7268_10,0.9750122
5521_8,0.49365267
8565_1,0.029535338
8197_3,0.013742321
12004_9,0.7866228
10257_3,0.12085323
6260_2,0.012527932
10481_9,0.9879462
7598_2,0.011331754
8106_10,0.9695556
8049_3,0.052618954
7124_2,0.03594832
3858_1,0.01065251
1445_9,0.6744794
6346_1,0.0111580305
678_7,0.16885696
10247_1,0.43338186
1287_8,0.93674946
11873_1,0.009708476
7198_1,0.01243165
3237_7,0.26511872
2029_8,0.9798227
26_10,0.98242307
9153_1,0.013222822
12004_2,0.074231364
4105_10,0.987375
1168_10,0.9092645
5312_4,0.1066906
2907_1,0.032836955
7247_9,0.9394706
107_10,0.97838473
412_2,0.64422506
2078_4,0.8365546
7997_9,0.054198727
12397_10,0.92892635
10052_7,0.98469365
6559_7,0.41374546
12143_4,0.044680875
3496_7,0.9053223
3569_10,0.92944044
9270_10,0.063714996
2811_3,0.63860995
9673_7,0.011687259
325_1,0.032836955
11741_3,0.013532149
10562_7,0.92788786
5687_9,0.96909106
4601_4,0.010013569
5698_8,0.023330767
11257_4,0.15662017
4391_1,0.0111580305
4703_10,0.9859364
12191_3,0.019271135
113_8,0.9805807
9831_1,0.21272226
7388_7,0.938124
1661_10,0.9814534
3703_2,0.011869121
6077_2,0.7318259
935_4,0.09434342
7617_7,0.98282325
7387_3,0.52463824
7889_7,0.7468782
803_3,0.0094125895
9557_9,0.9861514
4299_10,0.9693242
6785_3,0.86385167
5185_7,0.9804314
9590_1,0.908618
10811_9,0.9883128
34_1,0.26894143
12221_2,0.011508149
6436_10,0.9840936
8299_2,0.032100707
7242_9,0.9801293
3247_10,0.033336822
8466_3,0.016657041
5784_9,0.8484707
794_7,0.979354
4986_3,0.010986943
7786_7,0.79565805
9324_10,0.9588471
2095_9,0.97737074
10798_1,0.0094125895
4193_1,0.017442483
12063_10,0.9840936
3976_7,0.9224824
8657_1,0.017442483
2850_4,0.25275275
4522_7,0.96691406
6028_1,0.6295469
6000_4,0.042722195
8712_1,0.1289633
3969_8,0.9615338
4245_4,0.0335895
3873_7,0.77864933
68_9,0.9877587
890_9,0.79182106
5922_1,0.0111580305
2582_2,0.01757688
5704_4,0.013428254
9307_8,0.8524448
4114_8,0.95695716
5540_7,0.93439513
157_10,0.96909106
748_1,0.016657041
7045_1,0.012053779
9526_3,0.1229438
6519_2,0.01048909
11254_4,0.010328153
9498_1,0.011687259
7192_8,0.92944044
2388_1,0.045015533
12002_8,0.97046465
8394_1,0.05623634
10656_8,0.9780517
7261_9,0.9736447
10434_8,0.8044059
139_9,0.83169055
4538_1,0.0123361
4038_2,0.017309094
12228_4,0.5589891
3619_8,0.987375
10411_3,0.07477005
7278_1,0.017045317
2304_3,0.01883313
5636_3,0.7394224
8833_9,0.9843364
504_1,0.04115289
12313_1,0.010818449
11161_1,0.012241275
72_4,0.2295352
4976_1,0.011687259
10018_8,0.17953056
12142_8,0.938576
4821_8,0.81873685
9058_2,0.014281935
6347_1,0.011687259
3346_8,0.9462003
1481_10,0.97324073
10178_1,0.015784562
2851_8,0.9588471
12095_3,0.010818449
11978_3,0.38954654
7172_9,0.98527133
8450_1,0.012053779
7464_1,0.24364243
12327_1,0.9026096
5622_4,0.091382116
9170_3,0.012821214
10955_10,0.93439513
6161_2,0.023689471
11222_10,0.98421544
3844_7,0.97754294
11443_3,0.060975183
4004_7,0.32167304
11015_10,0.9804314
3860_1,0.046378206
11600_2,0.048496004
6849_8,0.9755769
1966_1,0.01507263
4828_8,0.85729086
675_8,0.44903025
9068_7,0.5479479
5924_8,0.9888419
10733_10,0.8539127
8369_7,0.9740426
5213_4,0.8110782
2558_4,0.12721826
47_10,0.9840936
2601_10,0.05223086
7360_9,0.9563089
1289_1,0.08509905
9875_4,0.24689631
2449_1,0.027795624
10020_8,0.9856076
6761_3,0.85729086
7544_10,0.9843364
4380_3,0.015543648
3946_10,0.93991333
6968_10,0.9324533
3006_2,0.024053553
11942_1,0.010328153
2715_9,0.97788346
6065_4,0.77662295
6866_1,0.21733752
6620_10,0.9730365
3177_1,0.0153063545
4051_10,0.38052872
880_3,0.0140636265
6504_1,0.04304285
12193_3,0.010818449
8570_3,0.011331754
8025_1,0.010328153
12316_1,0.012241275
10842_10,0.987375
2066_10,0.966156
4416_10,0.9623913
5327_1,0.019870715
3500_1,0.039342504
4072_7,0.96691406
5833_7,0.4902356
2989_8,0.97887486
1905_8,0.64779824
5421_1,0.0123361
1479_8,0.94853723
5092_1,0.0123361
4840_1,0.0715912
54_10,0.9840936
9203_9,0.13161905
3949_2,0.01048909
3615_1,0.010013569
8748_10,0.93045825
108_2,0.021287354
2280_4,0.8891444
6454_3,0.45762146
4071_1,0.011687259
2022_9,0.9802808
2600_1,0.011687259
2482_10,0.7711549
7347_9,0.98187524
7190_4,0.34466398
7174_7,0.84594244
5823_3,0.8504686
8051_10,0.34864518
7503_2,0.017176708
2341_1,0.012241275
516_9,0.8899121
8309_4,0.018546565
10789_4,0.04813677
11286_1,0.0111580305
4770_1,0.12592277
7262_4,0.95531917
11636_9,0.3944342
2340_1,0.0153063545
3407_3,0.0111580305
2922_9,0.983597
9708_2,0.014281935
2362_3,0.01883313
3729_8,0.96765566
2265_9,0.9853843
1439_1,0.013742321
8020_2,0.014842417
5581_2,0.80685264
6503_1,0.032836955
10101_9,0.5571226
7853_8,0.9839708
6229_1,0.017712297
1351_7,0.9032942
2764_10,0.6918097
4617_10,0.30074558
1265_2,0.011331754
11424_4,0.9284088
219_8,0.9738444
2241_10,0.9697854
8400_2,0.34687307
4399_1,0.010986943
9110_4,0.8238959
294_1,0.036493763
4646_4,0.0226292
8267_3,0.31806135
8829_4,0.7606507
3174_7,0.97754294
6557_4,0.019870715
8286_4,0.87578696
2611_8,0.717408
3422_4,0.8489722
4632_4,0.5855752
6448_4,0.0153063545
11485_3,0.49865726
8526_7,0.78530854
10172_9,0.883236
5043_2,0.3645513
7865_1,0.013742321
6343_8,0.9791955
9225_9,0.97068775
2764_4,0.0269635
8446_10,0.31912136
3329_9,0.9838472
9142_8,0.95150405
9567_1,0.01395571
7933_8,0.94165415
5655_10,0.38606882
12076_10,0.9834705
6455_7,0.98215127
7202_10,0.9830851
7747_10,0.9845754
9072_10,0.8494724
11374_10,0.97821885
3032_9,0.94891727
3065_10,0.96295285
1216_10,0.88563144
732_8,0.7078088
7586_4,0.33328617
12012_10,0.92944044
5280_4,0.014957086
2687_4,0.26588047
7659_3,0.015543648
2813_4,0.031143833
6992_9,0.19193278
5468_10,0.97539
10035_1,0.013020489
10283_10,0.9695556
5439_8,0.8933094
8930_2,0.07585818
8681_7,0.5314526
8521_1,0.015784562
4213_1,0.21337716
9751_1,0.010328153
935_10,0.979354
5082_1,0.0111580305
1802_1,0.014842417
11455_10,0.9603612
1794_9,0.8872046
3708_10,0.98469365
6174_8,0.13432105
2210_8,0.061875988
6259_7,0.7592254
12471_8,0.95430803
3260_10,0.9623913
4717_1,0.023689471
8673_2,0.014281935
6362_3,0.13568954
7986_1,0.019419348
10555_3,0.69637144
10468_2,0.021125194
5354_10,0.9851576
5760_2,0.03410043
1380_2,0.28497383
12054_9,0.9832145
3794_10,0.6345433
7842_1,0.011961098
2236_7,0.97737074
8449_1,0.010169657
9993_2,0.012821214
6947_1,0.0123361
11369_10,0.9511422
8186_4,0.3580163
7017_2,0.96405166
725_8,0.93195957
9298_8,0.8449215
1695_7,0.9678993
7762_1,0.013742321
3466_10,0.7217432
1794_4,0.010328153
3804_10,0.94122344
7642_3,0.013121271
9538_10,0.030675802
10107_2,0.012527932
4755_8,0.8548847
9679_1,0.01065251
11300_1,0.014281935
8747_3,0.6419837
4145_1,0.010013569
8066_7,0.9190633
6306_10,0.95362175
6021_10,0.92523
4860_10,0.97838473
4608_2,0.011869121
2380_1,0.023689471
9709_8,0.96182173
8057_4,0.83867973
8624_1,0.010328153
6117_10,0.96909106
3641_9,0.7725307
8710_3,0.04672496
9158_10,0.9615338
1129_2,0.015424551
8320_4,0.16026603
10219_4,0.06804042
6625_1,0.0570714
1988_1,0.6254381
5032_1,0.25982568
1042_7,0.8413048
1895_4,0.013636835
10057_1,0.011508149
9898_10,0.98215127
3809_2,0.010986943
7994_2,0.11436852
2751_4,0.046378206
3102_1,0.014392335
12393_7,0.19132768
4521_7,0.74279505
11169_8,0.97903574
7227_4,0.93439513
4956_9,0.51781476
7592_9,0.9390248
656_7,0.9348725
11534_3,0.009559399
774_8,0.9845754
7756_1,0.013020489
2720_8,0.87831426
11227_10,0.9859364
10462_3,0.59960234
4041_10,0.96538115
7327_1,0.017712297
4056_8,0.98657167
11684_10,0.97754294
5544_8,0.97046465
3799_8,0.96814114
3593_10,0.9532751
4602_4,0.5658986
2123_2,0.01048909
9773_10,0.9883128
10956_4,0.7745834
5139_3,0.07211221
8804_10,0.9826909
1784_2,0.02178117
11022_1,0.011777842
9366_1,0.013020489
12113_7,0.95695716
2375_7,0.5462541
3911_10,0.96124375
10834_2,0.010818449
9319_1,0.012241275
3923_3,0.2146914
4630_10,0.9839708
2625_10,0.97737074
10159_7,0.95945925
2339_1,0.25164768
8577_3,0.012241275
4062_7,0.97068775
6677_2,0.012053779
7818_8,0.98571813
4939_2,0.037326884
6937_4,0.39210406
1286_1,0.032589745
878_2,0.011331754
2357_7,0.9845754
3397_3,0.8976953
11214_10,0.64131004
8045_1,0.011331754
2943_1,0.26511872
1518_10,0.91964257
2792_9,0.98421544
6437_7,0.6804541
8734_7,0.98187524
6165_2,0.074231364
11956_2,0.01065251
7021_1,0.14953136
3369_1,0.7244806
5829_2,0.010986943
11742_9,0.96405166
11370_1,0.05379964
1502_1,0.109705776
9933_1,0.016529558
4619_10,0.98159516
6842_1,0.73411953
2770_10,0.72990495
2343_4,0.023870835
3071_8,0.9850429
3046_8,0.7690802
8354_4,0.02297737
5632_10,0.9785493
3901_4,0.031143833
6950_10,0.97838473
2431_9,0.9334308
10614_9,0.9851576
41_4,0.78464925
5039_3,0.44764137
2827_1,0.015543648
2860_8,0.98187524
6868_9,0.971779
4597_3,0.8044059
8795_10,0.98242307
11941_7,0.966156
12442_1,0.027376488
9736_7,0.967163
1102_9,0.86431044
4291_7,0.9830851
4523_1,0.016529558
5349_1,0.014172365
3363_7,0.2934045
11393_3,0.01507263
1647_1,0.019568678
6143_4,0.6800292
1863_1,0.012053779
10099_9,0.9433476
4163_8,0.95150405
9357_8,0.98173577
10941_10,0.98087597
6883_10,0.93045825
11090_4,0.7509182
3480_1,0.025371313
10795_1,0.87321484
5865_1,0.024423089
2484_8,0.5817784
3023_4,0.0123361
2818_2,0.013532149
719_7,0.49951172
5297_4,0.06052939
12194_10,0.979354
2929_8,0.9759464
7911_2,0.06608538
10619_9,0.9079672
5192_9,0.9802808
2170_1,0.714628
4659_10,0.62050664
8536_7,0.950411
11119_1,0.01678549
7887_3,0.95257413
11742_1,0.07978202
5867_7,0.7676898
7538_7,0.8840393
1834_9,0.9853843
6499_8,0.019870715
2073_10,0.09947021
3881_10,0.97068775
802_7,0.51561993
1733_1,0.010013569
11527_1,0.015784562
4316_2,0.011687259
9812_1,0.051462766
8911_10,0.8736466
7687_10,0.98549646
4240_10,0.9795114
1778_1,0.010818449
11822_1,0.014281935
7820_1,0.010986943
235_4,0.6535693
8373_7,0.9518632
92_1,0.015424551
716_10,0.9263037
4028_7,0.97997653
5533_7,0.7806625
2605_9,0.98527133
6665_1,0.01678549
178_10,0.98527133
9886_2,0.39653546
11779_10,0.692642
5124_4,0.011961098
1956_2,0.020332353
2933_1,0.17553806
8737_1,0.015543648
8755_9,0.9863631
5032_8,0.97887486
9246_10,0.9861514
9610_1,0.015424551
7011_2,0.018978037
1602_1,0.45665208
3367_1,0.011869121
2756_8,0.8933094
12042_9,0.95565146
2641_3,0.021615336
9202_10,0.98469365
1953_2,0.7287483
5303_1,0.011331754
975_7,0.97539
2447_4,0.5750511
294_8,0.85536855
11643_7,0.9465967
8743_1,0.04885778
2661_4,0.013222822
8638_10,0.96741027
4793_10,0.9273633
7461_8,0.9511422
830_4,0.036769465
5770_7,0.54537654
1989_1,0.012821214
5514_3,0.01048909
5842_3,0.02479816
11813_1,0.032344334
7811_10,0.9563089
7707_4,0.025565214
1205_10,0.98421544
10326_10,0.8062431
4881_9,0.85729086
8244_10,0.979354
7647_1,0.01883313
4376_10,0.98201376
6744_2,0.023870835
6769_7,0.9507779
494_10,0.9761292
6188_4,0.24725968
5859_1,0.010818449
6801_3,0.014957086
10990_8,0.98571813
6057_8,0.8529355
3017_1,0.19193278
7617_1,0.48462397
8340_7,0.15354918
746_7,0.6658453
9290_10,0.5824317
1525_10,0.9829547
11044_7,0.98469365
9367_10,0.9801293
5705_10,0.9802808
11375_10,0.9856076
11320_1,0.01214717
754_9,0.8727817
7040_10,0.9845754
10740_4,0.01798621
8839_10,0.88161486
11614_4,0.055412795
10867_9,0.98421544
12406_10,0.97719735
12081_10,0.9814534
8763_10,0.9759464
4103_1,0.012053779
5600_1,0.015189049
5345_2,0.017176708
10679_8,0.883236
11709_1,0.031858858
6872_4,0.009125638
9096_3,0.6770471
3417_9,0.9615338
5154_3,0.85633236
6071_10,0.7523766
5685_9,0.9807288
7937_10,0.98228765
3628_1,0.011331754
7374_2,0.01243165
1862_8,0.02297737
6602_1,0.011331754
1401_10,0.9124362
12157_3,0.03846619
5636_8,0.97702265
2049_10,0.98159516
9402_8,0.97324073
12455_10,0.9736447
11062_2,0.014957086
9163_10,0.6226888
2879_7,0.6160123
2840_9,0.97344345
9893_8,0.9764905
11857_1,0.1334152
7776_10,0.97754294
10365_7,0.8844391
6186_7,0.87234735
7071_1,0.010818449
5132_1,0.010986943
8971_4,0.62165576
3415_1,0.016152835
3622_1,0.02211659
7446_10,0.9813107
4644_9,0.032589745
3923_10,0.9207897
3503_8,0.9757624
8685_7,0.20561504
1683_2,0.051082738
3417_4,0.07751766
10443_3,0.15002882
4620_3,0.8749346
5658_1,0.07921033
4185_1,0.0153063545
3727_10,0.93674946
5334_1,0.01065251
7113_7,0.32231262
8713_1,0.0111580305
2865_7,0.5939037
2956_4,0.023689471
2455_8,0.9830851
97_7,0.642881
6789_10,0.9859364
8639_8,0.94776917
1563_8,0.81286734
3169_9,0.98667485
7627_10,0.8484707
1649_10,0.9801293
2287_10,0.98187524
9479_1,0.01065251
7705_1,0.01243165
10803_2,0.06008665
6076_9,0.98187524
4263_3,0.03567855
4726_10,0.9802808
11738_9,0.9795114
9250_9,0.9744348
2638_1,0.0145035805
11357_7,0.5424997
12135_3,0.018978037
7296_10,0.9798227
10674_7,0.97046465
7674_9,0.98677725
5575_1,0.009859855
8120_7,0.9813107
1617_1,0.01507263
7090_3,0.03461884
3793_4,0.18832396
2658_10,0.88875884
9942_3,0.63522243
9520_9,0.97754294
10638_1,0.019568678
9066_10,0.9832145
3408_4,0.016657041
7526_1,0.09534946
10821_3,0.012527932
5887_10,0.9615338
12470_3,0.016029146
4033_8,0.722527
1949_10,0.9666631
9859_4,0.14414886
11183_9,0.9856076
8533_4,0.11676401
10236_10,0.30074558
6111_3,0.54094285
5475_8,0.97539
3342_3,0.098079324
8335_1,0.9353465
4812_9,0.98215127
2306_4,0.92468774
4596_7,0.023330767
10431_2,0.099120855
5077_9,0.967163
1301_9,0.9728308
8979_9,0.97966766
4226_9,0.9832145
5544_3,0.02096424
7954_2,0.01214717
3935_4,0.1561049
7076_4,0.0963651
10208_10,0.9825575
3737_3,0.22337706
1689_8,0.7879312
6585_9,0.9837225
6096_3,0.35577488
11052_4,0.065604836
7783_10,0.9390248
5157_10,0.7759446
5465_10,0.98242307
11361_10,0.94699025
7560_3,0.77321637
9781_4,0.02479816
11681_10,0.9728308
6127_7,0.28180075
1799_9,0.9656413
10849_2,0.27435136
4274_7,0.52841175
15_10,0.78464925
11338_1,0.017712297
5750_2,0.021948254
9335_8,0.94699025
8359_7,0.742048
9527_7,0.9860443
1336_1,0.01461567
9893_3,0.026355354
11229_9,0.9798227
5948_9,0.9582261
9733_4,0.08632348
6377_8,0.9804314
1427_10,0.96691406
9023_3,0.015543648
2151_2,0.01048909
1744_1,0.0460339
6367_10,0.9724148
9143_8,0.7490872
6176_8,0.9838472
11388_10,0.9635062
1493_10,0.6237207
6615_1,0.009559399
4654_2,0.015424551
599_9,0.9683812
7256_10,0.9795114
11993_1,0.48706344
992_7,0.9843364
8871_2,0.0145035805
11483_1,0.012241275
3322_1,0.97090924
9827_4,0.9167081
8063_3,0.013532149
7397_3,0.52695143
3040_4,0.013636835
11682_2,0.0153063545
8738_10,0.98228765
9905_4,0.012527932
6437_1,0.04054074
4319_9,0.9860443
5353_4,0.741674
12207_9,0.655336
6166_7,0.97719735
12243_4,0.10484337
1219_1,0.010818449
10292_10,0.9838472
10132_10,0.9832145
6898_10,0.97821885
8469_8,0.9722044
10393_1,0.7501869
7509_1,0.4938968
9468_9,0.91550726
9002_1,0.030444348
891_9,0.92944044
5156_4,0.43641186
2321_1,0.011961098
11859_8,0.95257413
12262_7,0.69802076
6198_4,0.5616957
5699_1,0.018546565
4252_10,0.023870835
10618_10,0.9861514
3226_10,0.9879462
7227_7,0.7783125
11047_7,0.9814534
9569_7,0.91490096
8933_4,0.8499712
4513_8,0.9678993
1271_9,0.971564
6327_2,0.013020489
10012_9,0.9766692
10090_3,0.39525092
8564_1,0.09602549
10905_8,0.9825575
6828_2,0.012527932
1730_1,0.0111580305
3404_3,0.019419348
12428_1,0.013428254
5180_1,0.06656919
10554_9,0.8338664
527_2,0.5994851
10296_8,0.9838472
543_4,0.79310596
10235_3,0.58936185
3743_4,0.15559098
8792_3,0.13117322
3597_1,0.02096424
12320_1,0.0335895
11672_8,0.9869795
7237_4,0.7659437
3726_7,0.5109846
6643_2,0.03138043
2743_10,0.9830851
10184_9,0.9851576
1929_1,0.23196201
666_7,0.24653335
4548_4,0.013020489
4153_4,0.011869121
7356_4,0.11676401
8843_10,0.9615338
7552_8,0.97754294
6494_8,0.96210754
3547_7,0.908618
810_1,0.4183404
7672_9,0.80131465
4945_3,0.015906392
12427_8,0.7306744
749_7,0.95430803
10706_10,0.9875683
10969_1,0.019124037
340_9,0.9073123
2154_8,0.9890131
3715_1,0.01065251
2388_10,0.9807288
5905_2,0.8193158
3774_10,0.94776917
3070_1,0.028007522
4789_10,0.96691406
1509_2,0.009859855
2350_8,0.9825575
11137_1,0.01214717
10987_1,0.015543648
5815_1,0.8740772
7272_10,0.98571813
4651_10,0.9801293
4184_1,0.040237945
9636_10,0.9623913
8592_10,0.50756776
3068_3,0.33003917
8899_4,0.016029146
10018_1,0.013222822
5821_10,0.9840936
3232_4,0.24725968
10795_10,0.9425068
7461_3,0.0111580305
10874_7,0.55012405
9672_10,0.97966766
1908_10,0.93674946
4014_9,0.098079324
10488_3,0.010169657
2501_7,0.9635062
12339_3,0.31027627
2698_10,0.92683524
1674_1,0.6872103
10366_8,0.01566365
12059_10,0.9861514
8285_4,0.01065251
4120_8,0.880797
4238_7,0.9588471
10516_1,0.010818449
2478_9,0.83973396
7807_2,0.04922211
10704_1,0.012722708
791_4,0.030675802
2514_4,0.9390248
3095_10,0.9284088
1770_10,0.9859364
11115_2,0.77864933
10797_1,0.5431056
11347_1,0.010986943
7077_10,0.98087597
403_1,0.009859855
5852_7,0.18010665
8451_8,0.9518632
7013_1,0.010818449
10346_9,0.98951083
3055_7,0.92944044
4687_1,0.047074176
8467_10,0.9736447
11363_10,0.9826909
277_9,0.98228765
1715_2,0.5834704
9249_1,0.011331754
1895_10,0.3115316
5505_3,0.017176708
1323_9,0.9859364
4200_10,0.8365546
682_4,0.0335895
12020_4,0.1431877
5824_10,0.9518632
4475_10,0.9861514
891_1,0.048496004
2713_8,0.97423947
2084_9,0.10631887
1535_3,0.5165954
7862_8,0.9830851
8055_9,0.93195957
6604_7,0.96378
7714_1,0.050705362
5606_7,0.8749346
7277_10,0.9875683
3197_1,0.03138043
406_7,0.78199726
6948_9,0.9798227
4196_8,0.05582314
1723_10,0.88523525
11625_4,0.4290705
1259_1,0.012821214
5283_10,0.98445636
8407_4,0.07004896
5561_8,0.9449947
7653_3,0.011508149
8646_1,0.012527932
8053_8,0.8204695
1879_7,0.7306744
1645_2,0.43416137
12222_7,0.107812636
3966_1,0.2739627
4754_1,0.011869121
8920_9,0.9394706
11920_9,0.9791955
4747_2,0.018264279
2108_8,0.63250273
9017_7,0.98102194
994_7,0.92944044
11155_10,0.96909106
6249_9,0.9309621
5926_9,0.98677725
12486_1,0.7631309
4918_8,0.92944044
1357_9,0.95362175
6051_2,0.01812472
4589_10,0.083890386
12401_4,0.027795624
4083_8,0.9273633
10373_10,0.9688562
7467_8,0.94122344
2220_1,0.013742321
6882_7,0.9394706
10551_10,0.98527133
4043_10,0.9837225
11078_8,0.9309621
4280_9,0.97997653
8594_10,0.9881309
10652_9,0.9869795
2206_10,0.9875683
9014_2,0.018264279
10215_4,0.012527932
3549_2,0.010986943
10445_1,0.009268014
10819_9,0.97112906
10691_1,0.014957086
3855_10,0.98282325
7809_2,0.21667379
3022_7,0.8940517
694_8,0.9563089
13_9,0.9826909
10972_10,0.98228765
9187_1,0.013325147
12354_3,0.6804541
4793_1,0.013532149
10696_1,0.35824078
12446_1,0.009708476
1488_10,0.98102194
904_10,0.01214717
11057_1,0.01384861
2132_8,0.7745834
1406_10,0.9832145
11366_3,0.030675802
9957_4,0.2407746
12096_1,0.011869121
3827_3,0.027376488
11686_2,0.010328153
4387_9,0.9829547
9955_9,0.05921025
12103_10,0.98549646
11506_10,0.9814534
793_1,0.86703575
8001_1,0.011331754
8823_4,0.030444348
1787_7,0.97539
5484_10,0.97023994
3557_9,0.94417685
615_8,0.9736447
410_2,0.022286188
5800_2,0.012920473
3143_4,0.09170697
11359_2,0.01784874
7016_10,0.98549646
3711_2,0.013742321
8580_10,0.46150213
5615_9,0.9600627
9202_2,0.015189049
4776_2,0.019719128
8436_10,0.98481095
2097_8,0.9740426
6935_4,0.9572778
2656_1,0.11279541
11446_7,0.94417685
5392_4,0.021615336
6451_9,0.9814534
11054_8,0.9755769
8677_8,0.67661995
8761_3,0.9012275
9297_1,0.010013569
12480_2,0.012722708
11736_9,0.8727817
4156_8,0.7833262
1955_10,0.97997653
12350_1,0.09401018
5439_1,0.013636835
1342_10,0.9588471
7271_1,0.014281935
1868_4,0.29502678
4497_9,0.9795114
1729_10,0.98173577
4593_8,0.72095805
11296_7,0.95759624
9573_4,0.17217186
11678_2,0.022286188
6790_9,0.9683812
12298_2,0.016403032
9839_3,0.61578125
1348_1,0.015906392
7004_8,0.93045825
10414_10,0.983597
3826_3,0.016914913
9313_4,0.92944044
10543_3,0.012821214
6909_9,0.96405166
11377_10,0.9863631
2591_9,0.92359227
11355_2,0.010986943
9274_8,0.909907
4521_4,0.8976953
12208_9,0.97539
4948_2,0.015906392
3732_1,0.011331754
12096_10,0.9879462
7135_3,0.4368923
10310_8,0.9814534
1959_1,0.011869121
10383_1,0.011869121
106_9,0.9719925
7085_7,0.9780517
11070_8,0.98201376
6850_10,0.9807288
12476_4,0.31573597
1917_10,0.98527133
1341_3,0.049589027
4062_1,0.020645931
5594_4,0.04369106
11963_1,0.045692034
2777_9,0.9757624
9871_7,0.6220002
949_8,0.14608724
7436_10,0.97423947
738_10,0.67875296
4893_1,0.012241275
6100_10,0.91367656
10219_9,0.8080672
4004_2,0.024237636
5945_10,0.97134733
10183_9,0.98187524
3465_10,0.987375
4408_1,0.011331754
5810_7,0.7356416
188_3,0.04401865
7835_1,0.28101084
1648_9,0.71143085
7971_8,0.97719735
11809_1,0.014957086
5352_10,0.7424217
1476_8,0.98173577
602_10,0.9744348
9669_2,0.12721826
93_9,0.9849274
10787_10,0.81757444
10958_8,0.9566342
6608_1,0.016657041
7058_10,0.9763105
4401_10,0.6466834
9315_8,0.6451199
9670_3,0.122103855
10537_3,0.011687259
1033_2,0.019419348
12085_10,0.9036349
9373_7,0.95695716
8302_2,0.015543648
10138_2,0.02178117
6814_10,0.97997653
9778_1,0.010986943
5149_7,0.97462875
6191_3,0.89478946
7466_3,0.26932558
10051_2,0.020332353
5262_2,0.045015533
2906_1,0.012722708
8625_9,0.9213576
2118_4,0.71183175
11547_3,0.10557884
11384_7,0.9825575
123_10,0.98242307
11115_7,0.9700135
9348_10,0.9863631
568_9,0.4294294
7731_9,0.9804314
6548_8,0.91730267
9235_4,0.028220987
430_10,0.97539
10790_1,0.01243165
10691_10,0.8050198
2324_9,0.9845754
11031_1,0.1710612
5465_4,0.56019247
5545_4,0.036220055
5546_10,0.971779
9010_2,0.014728613
7205_10,0.9763105
7580_10,0.9757624
2052_3,0.01065251
6284_7,0.97997653
12001_3,0.012722708
3458_9,0.98469365
9013_2,0.017309094
5839_4,0.056652423
10809_10,0.98173577
3077_2,0.036769465
11373_3,0.21866938
7083_9,0.98571813
10846_10,0.98657167
11815_10,0.9863631
4730_1,0.16026603
3320_7,0.39530924
4782_10,0.9623913
3410_3,0.0627892
5142_10,0.9730365
3947_1,0.024423089
3016_8,0.105210535
12114_4,0.32552055
11039_8,0.96210754
5902_7,0.9658996
5351_8,0.8984106
1654_10,0.9559813
5731_4,0.10484337
10985_9,0.97520185
8724_1,0.030908957
9854_3,0.01798621
2054_1,0.01627746
11385_4,0.880797
5919_4,0.0123361
9898_1,0.024609927
11874_8,0.7994423
4496_3,0.2786492
5231_1,0.021125194
10070_3,0.010818449
2345_8,0.96095175
9311_10,0.9658996
1036_10,0.9801293
6603_4,0.015906392
2138_9,0.81699115
10546_10,0.9837225
3217_10,0.98102194
12188_10,0.9869795
5986_2,0.7538293
352_10,0.9811669
8557_3,0.013222822
10453_10,0.9804314
4397_4,0.024237636
673_2,0.26855758
10305_10,0.9830851
11985_1,0.01214717
3457_1,0.1766716
500_1,0.01065251
10637_9,0.8701566
8144_10,0.98934746
8485_1,0.011869121
1632_7,0.8824279
2404_8,0.98571813
11489_10,0.9869795
7590_1,0.009859855
12460_2,0.024053553
11729_10,0.81873685
2796_7,0.97887486
8015_2,0.01065251
8258_4,0.0111580305
2272_3,0.53607005
7178_10,0.98087597
8476_8,0.9859364
3411_4,0.05921025
8319_10,0.97462875
11799_10,0.983597
8585_4,0.9764905
4640_10,0.9761292
12199_1,0.010328153
8380_7,0.86431044
8712_10,0.9814534
12482_9,0.97788346
4813_1,0.010818449
119_9,0.90397453
7850_10,0.8749346
5536_1,0.21933751
10576_1,0.017309094
2803_1,0.01384861
11788_4,0.011687259
6681_3,0.29138398
2503_10,0.9840936
88_3,0.13072868
7389_4,0.31405056
8793_9,0.97090924
4911_7,0.95695716
6495_4,0.029760094
10670_1,0.027376488
2203_10,0.9834705
7588_10,0.94208187
7095_7,0.9546474
6748_8,0.62498045
10348_1,0.015189049
2568_8,0.2220247
10292_2,0.21206881
1112_3,0.02350945
5322_7,0.614394
4291_4,0.012920473
1212_7,0.36500388
7963_10,0.89029425
6156_1,0.08151975
713_1,0.023870835
11606_8,0.98571813
10975_10,0.98481095
4638_10,0.9837225
800_8,0.9683812
1389_3,0.022802636
10045_1,0.013428254
3529_1,0.4661165
1921_2,0.16995624
4824_8,0.9390248
10688_10,0.9719925
84_10,0.9869795
225_3,0.031143833
9756_10,0.98159516
7601_8,0.5051268
6342_3,0.022802636
7711_1,0.011508149
12133_7,0.9798227
8026_3,0.19498022
4551_10,0.9859364
545_4,0.023330767
343_1,0.9046505
10788_4,0.97737074
8711_2,0.04401865
5493_10,0.9724148
9358_1,0.717408
2185_3,0.014172365
9720_2,0.009859855
4481_8,0.96378
6528_2,0.01883313
11928_8,0.9190633
6591_7,0.97737074
10876_1,0.7641884
11253_10,0.4858436
2190_3,0.6791787
4281_3,0.01048909
7971_3,0.025371313
11649_2,0.0111580305
5199_3,0.18300885
12258_3,0.80131465
5922_8,0.98571813
11136_1,0.011331754
7941_10,0.97482115
1412_7,0.9859364
11053_3,0.9678993
5586_10,0.96485513
5762_9,0.96095175
8328_3,0.06656919
10354_4,0.3094409
3563_8,0.9722044
8246_2,0.037326884
7740_10,0.95292586
4972_1,0.013428254
832_4,0.0269635
11386_10,0.9755769
1273_3,0.0570714
5085_2,0.04885778
11414_4,0.8146434
885_8,0.90397453
3943_10,0.7306744
898_9,0.8080672
8168_10,0.9825575
9779_10,0.96182173
830_7,0.97262347
77_10,0.9807288
648_8,0.96641046
10629_10,0.908618
89_10,0.9869795
11955_9,0.983597
7883_9,0.96182173
243_4,0.16344546
5148_2,0.0111580305
1056_3,0.9851576
5206_10,0.9755769
8777_10,0.9273633
2969_2,0.009708476
6729_8,0.9761292
11860_1,0.8824279
6307_4,0.77390057
11589_1,0.027795624
8016_1,0.0123361
3461_8,0.98215127
8767_1,0.010169657
7692_10,0.9766692
12281_8,0.74316794
7763_1,0.035144847
5301_9,0.79182106
5112_10,0.9830851
10757_10,0.95292586
1066_8,0.86431044
5413_10,0.98677725
2733_3,0.0145035805
8534_10,0.92788786
5915_8,0.9678993
10566_3,0.029535338
10900_7,0.3473157
3120_10,0.9787127
4394_1,0.013428254
3090_1,0.0123361
4379_10,0.9840936
5259_7,0.024609927
10792_8,0.6261242
2599_1,0.01065251
1912_2,0.010169657
2517_1,0.95150405
2946_8,0.9830851
3020_8,0.97788346
1850_4,0.20497774
9463_2,0.011508149
1721_10,0.9863631
7952_7,0.97737074
1806_9,0.98102194
11403_9,0.38191092
2013_7,0.8705973
5556_10,0.9838472
1746_3,0.023870835
11125_7,0.98282325
9270_4,0.5063473
7343_10,0.9863631
12465_10,0.9785493
8550_9,0.95976204
6213_8,0.34709436
10861_10,0.983343
4109_7,0.90665317
8652_1,0.011331754
11546_1,0.022802636
9133_7,0.5192776
5964_3,0.012053779
1575_1,0.38121957
1337_4,0.12678517
7610_1,0.010328153
49_10,0.9869795
6505_2,0.01812472
7177_10,0.14560063
5947_7,0.62337685
1723_3,0.023870835
9055_7,0.9309621
7972_1,0.021948254
5340_8,0.79310596
6938_8,0.4117464
12400_8,0.9728308
552_9,0.97482115
11844_9,0.9738444
1080_1,0.0111580305
3078_10,0.9777139
8713_9,0.9853843
7300_1,0.04813677
12464_1,0.02517884
3812_10,0.2285006
3313_4,0.21601154
6880_4,0.08269735
5478_9,0.87234735
10951_7,0.9518632
3327_8,0.83867973
6332_10,0.77662295
4385_8,0.971779
2387_10,0.9837225
5756_3,0.04177388
4020_7,0.8891444
6190_8,0.9802808
517_8,0.72758853
9018_3,0.44326904
9449_10,0.9851576
10715_3,0.01065251
8195_8,0.8558512
9605_10,0.9073123
4309_9,0.86293024
1783_4,0.010818449
1658_10,0.95976204
1403_7,0.4300875
4268_1,0.011961098
4822_1,0.012527932
717_4,0.026759284
7768_10,0.9861514
7803_2,0.01627746
7190_8,0.97482115
11035_1,0.009268014
6288_10,0.9019207
10690_1,0.013222822
714_10,0.98159516
9210_10,0.9832145
12462_1,0.013020489
9325_1,0.010986943
8370_8,0.98677725
10583_1,0.14706452
4016_10,0.9853843
6465_4,0.18653922
1512_9,0.83548355
4769_8,0.98571813
11160_7,0.97324073
2175_1,0.011777842
12261_7,0.9832145
685_8,0.96095175
9208_10,0.39767522
6296_1,0.010013569
8210_4,0.025957355
11237_4,0.027585285
8139_10,0.9832145
6996_3,0.037326884
5168_1,0.016657041
5528_3,0.3702254
6635_1,0.29992473
1670_8,0.98282325
7099_4,0.02145073
2239_1,0.94776917
7313_4,0.07921033
3304_2,0.0111580305
10505_1,0.009559399
9681_10,0.95976204
7569_4,0.36093944
9926_4,0.3479801
8339_8,0.9802808
8553_10,0.9700135
387_1,0.051082738
4715_9,0.95531917
11447_1,0.018404892
7425_1,0.49865726
10514_1,0.011687259
6979_10,0.9863631
3104_1,0.01678549
6833_4,0.6370308
5931_3,0.01214717
12103_2,0.01883313
9413_1,0.012241275
2730_7,0.18417984
7293_10,0.9826909
8479_9,0.9840936
9099_7,0.31742626
2061_4,0.04885778
4680_7,0.98173577
4067_1,0.86838096
4663_2,0.010986943
3069_1,0.011508149
8739_7,0.9805807
8279_2,0.5537164
11078_1,0.13161905
7917_1,0.010169657
7636_8,0.97068775
5071_8,0.6808786
1720_10,0.97423947
885_3,0.048496004
734_1,0.015784562
6309_9,0.9458012
4346_3,0.014281935
4087_10,0.9850429
678_1,0.010328153
8348_8,0.97520185
3572_2,0.22405545
10285_1,0.40421346
11126_4,0.42202815
8071_2,0.018689308
8150_10,0.95759624
4652_4,0.6913932
3674_8,0.90087914
1046_9,0.9736447
1986_8,0.98159516
2516_1,0.58748466
11758_1,0.14366761
4747_8,0.9124362
10426_4,0.018546565
4331_1,0.01384861
9146_3,0.03461884
312_10,0.9167081
4160_9,0.9813107
5277_3,0.013222822
4896_7,0.7509182
4327_9,0.52195853
4136_3,0.35577488
2324_2,0.44842628
10407_10,0.7745834
5081_10,0.98657167
2892_2,0.4921881
367_3,0.036493763
6523_3,0.0111580305
9037_7,0.7541916
8790_1,0.014172365
1839_8,0.9826909
4149_3,0.010328153
7950_3,0.010169657
1686_2,0.014842417
7855_1,0.009859855
2844_10,0.97112906
4006_1,0.19012183
1077_10,0.98228765
9294_3,0.66104823
8866_1,0.016403032
8414_3,0.07585818
11736_3,0.31447145
11683_9,0.8370879
6399_10,0.6638869
4876_2,0.010013569
8818_10,0.98282325
8874_3,0.05921025
2595_7,0.7446563
9287_1,0.28101084
11446_3,0.0269635
10016_3,0.562537
10381_8,0.97539
2222_1,0.8879841
10875_7,0.96691406
5708_8,0.92359227
2727_9,0.9507779
823_1,0.016403032
3616_2,0.014392335
10522_1,0.011869121
5340_3,0.5324859
4218_9,0.96124375
6551_4,0.93045825
4506_7,0.9658996
487_3,0.04115289
3215_2,0.015784562
3884_10,0.98677725
8163_1,0.01065251
4878_9,0.16559312
10428_10,0.9787127
6394_10,0.97719735
5318_2,0.013020489
4829_3,0.38583738
9175_8,0.97684664
10213_7,0.04813677
1484_10,0.9888419
9646_10,0.9802808
755_1,0.009559399
4988_1,0.47804147
10640_3,0.03846619
2780_4,0.0094125895
5867_2,0.010013569
9212_10,0.80069196
8554_4,0.025957355
4703_3,0.5380731
8779_8,0.8891444
953_10,0.8962514
10349_8,0.9511422
3280_10,0.9851576
3646_8,0.9834705
6054_1,0.014957086
4894_3,0.93045825
11235_10,0.93195957
513_8,0.9390248
4166_1,0.01757688
742_8,0.7892337
7671_10,0.9850429
2835_4,0.97754294
8556_10,0.98657167
4764_7,0.9429286
1626_3,0.010818449
6883_4,0.0111580305
1014_4,0.05033063
9419_10,0.87621135
7918_8,0.86293024
8912_2,0.3753057
7996_3,0.25982568
5045_2,0.08819005
9612_2,0.88038635
1658_2,0.020645931
4373_2,0.010328153
11771_7,0.6148566
5458_4,0.019870715
10492_1,0.014728613
5551_8,0.98228765
811_1,0.014842417
12209_9,0.8025555
1514_1,0.025957355
6684_9,0.983597
4604_7,0.9763105
3350_1,0.014957086
3336_7,0.96741027
9645_4,0.036493763
1664_9,0.91117966
5109_8,0.98102194
9294_8,0.6943027
7439_3,0.0145035805
9098_10,0.9219218
10353_2,0.39233688
2356_4,0.019271135
884_1,0.81405276
704_2,0.020023443
9429_4,0.8749346
11563_1,0.03308598
10345_7,0.98187524
12301_4,0.051082738
1021_7,0.3702254
6353_1,0.42796445
2608_7,0.9651191
10508_1,0.028870907
263_1,0.013428254
10127_10,0.98571813
11517_4,0.4695203
4758_4,0.05184547
2210_4,0.27512974
12396_1,0.0111580305
9405_7,0.9130583
5945_2,0.55217755
1931_3,0.53643435
3972_9,0.9059898
7949_3,0.7516481
1958_10,0.9851576
5834_7,0.79182106
11040_1,0.022802636
9453_1,0.010013569
5841_10,0.96432143
1144_10,0.98571813
5678_2,0.016403032
11361_3,0.01065251
5999_1,0.01214717
11810_4,0.92359227
10502_1,0.019419348
11821_10,0.9462003
8270_10,0.966156
4627_4,0.92683524
5588_2,0.15713686
4877_1,0.011869121
2289_8,0.31320962
2582_10,0.983343
8749_1,0.18594718
1653_1,0.016029146
7060_3,0.2295352
4299_1,0.015543648
7198_10,0.9407897
5597_9,0.9798227
11592_10,0.9884919
1516_1,0.014957086
1428_10,0.96210754
9349_7,0.9635062
4182_10,0.6237207
522_10,0.9492946
1942_9,0.9837225
2570_8,0.98187524
1188_2,0.04672496
7454_10,0.9869795
6859_8,0.9845754
4278_9,0.9740426
3538_8,0.8333246
6499_1,0.031618766
7715_1,0.018546565
5847_1,0.04115289
2109_10,0.9700135
7570_2,0.021125194
3725_1,0.01048909
8736_2,0.80746067
2007_10,0.98657167
9738_10,0.92683524
2763_7,0.92523
9081_2,0.4951173
6647_10,0.9843364
11207_1,0.039937317
5182_3,0.01065251
2171_10,0.858244
9091_1,0.85919183
3970_3,0.06008665
7432_9,0.9026096
2169_2,0.009859855
720_1,0.04922211
866_2,0.009859855
567_3,0.96741027
11812_8,0.95695716
11195_9,0.95791227
5877_10,0.9738444
5526_9,0.9761292
792_8,0.979354
8673_9,0.97821885
5163_1,0.01048909
4722_8,0.9780517
11423_8,0.9046505
3239_8,0.9764905
2235_4,0.79246426
5799_3,0.0094125895
8592_2,0.03846619
5229_10,0.94699025
9285_10,0.971779
6092_1,0.39560106
8940_10,0.4736572
12220_8,0.016029146
4417_10,0.98445636
10462_10,0.96485513
3241_9,0.8056322
8744_10,0.9845754
1016_3,0.9073123
7382_10,0.97966766
8458_8,0.9511422
629_4,0.30569732
1971_3,0.3568948
4471_4,0.054198727
7890_2,0.022457054
10164_4,0.91117966
2176_8,0.77864933
2500_2,0.16885696
1155_2,0.01384861
7102_8,0.97838473
3618_10,0.9832145
4940_3,0.010986943
10263_3,0.01757688
12495_10,0.7379143
7170_9,0.9845754
7322_3,0.3023911
2938_10,0.25349125
8128_8,0.9804314
4900_1,0.010328153
5672_7,0.6022955
3387_10,0.9761292
806_1,0.013325147
7385_2,0.010013569
3043_4,0.08509905
6845_10,0.76977324
979_3,0.79182106
6853_3,0.016657041
4871_4,0.012920473
12172_8,0.7405498
4105_2,0.01214717
3171_4,0.11047115
8686_10,0.98173577
10187_1,0.011961098
5305_7,0.8524448
1728_10,0.97966766
11284_4,0.8449215
443_2,0.014842417
8542_9,0.9875683
7634_2,0.33895183
2598_1,0.024423089
124_2,0.38572168
10145_8,0.9686196
63_1,0.010169657
5522_3,0.52244586
1264_9,0.97966766
12181_10,0.9700135
6508_1,0.01461567
2146_3,0.024237636
5449_4,0.121268876
2660_9,0.9859364
6594_4,0.013222822
6285_8,0.76100606
12200_10,0.83004373
6710_1,0.10484337
10399_10,0.86703575
6703_1,0.01048909
5795_8,0.97112906
3427_4,0.010013569
11306_10,0.9750122
6641_3,0.039937317
9364_9,0.6281794
6963_8,0.15354918
6896_10,0.93581736
10154_10,0.91730267
4690_10,0.9826909
8125_8,0.9757624
4978_1,0.019419348
4999_3,0.01214717
8921_8,0.8656789
6089_3,0.012527932
12279_9,0.6304574
1209_7,0.9263037
2083_7,0.6897238
10162_10,0.9861514
1266_4,0.5822535
10892_8,0.78199726
4864_4,0.01384861
10743_7,0.47000673
6427_1,0.010169657
8633_1,0.014392335
6158_10,0.9600627
4952_3,0.011331754
7508_10,0.97903574
637_9,0.8449215
6734_2,0.77424216
10685_1,0.017712297
6269_4,0.029535338
9073_8,0.89912134
9551_2,0.011777842
5499_2,0.01395571
3573_4,0.027795624
12089_1,0.01627746
3962_1,0.07004896
2169_7,0.4965821
959_8,0.91367656
10514_9,0.66909647
4430_7,0.7134316
10802_1,0.20946968
280_10,0.97023994
8041_3,0.012053779
9040_9,0.97903574
10653_1,0.28022227
10783_7,0.89912134
4711_1,0.013428254
1523_4,0.6934729
3903_1,0.014281935
4216_8,0.38271806
10108_1,0.030444348
4098_4,0.011331754
9433_7,0.90397453
11013_10,0.9736447
3968_10,0.7531037
7916_3,0.01784874
5859_9,0.9324533
11194_7,0.38237208
9376_3,0.041462272
1808_4,0.43036428
12029_3,0.07004896
5854_4,0.026759284
6573_9,0.97788346
6747_8,0.9623913
4366_1,0.011419616
5868_7,0.9805807
7712_3,0.025957355
11617_1,0.013428254
5362_10,0.95976204
1950_1,0.010328153
9724_1,0.016029146
7537_8,0.97068775
6950_1,0.017045317
6035_8,0.9825575
11191_4,0.04177388
4759_9,0.9802808
1228_7,0.0705596
10380_1,0.3023911
271_7,0.94815457
7826_9,0.94458723
4336_2,0.38549033
4209_2,0.017045317
4898_7,0.36139008
2987_1,0.016914913
9976_4,0.020332353
7521_10,0.950411
5680_2,0.010986943
4310_10,0.8962514
4484_10,0.96124375
5748_9,0.9795114
6798_3,0.02865267
9598_10,0.9591543
4834_2,0.010328153
2505_10,0.9838472
1984_8,0.7772999
476_1,0.55929005
11578_1,0.02576056
2223_3,0.5012207
8215_3,0.46587342
3108_1,0.016914913
4371_1,0.014172365
12399_4,0.742048
4913_1,0.011331754
8431_8,0.25386098
3445_10,0.9845754
8268_10,0.98421544
4271_10,0.98527133
2136_3,0.06233104
2479_1,0.117572136
11798_2,0.01461567
2893_10,0.9832145
7754_3,0.01507263
7568_10,0.9724148
6221_8,0.9843364
1687_10,0.9859364
4744_1,0.01048909
3730_10,0.82782817
7543_10,0.8349459
4449_1,0.0123361
2802_8,0.9814534
2834_2,0.010013569
11243_2,0.025371313
6638_10,0.8727817
3299_1,0.01395571
1378_10,0.98242307
1867_9,0.9838472
3371_1,0.01384861
1340_10,0.9658996
1810_10,0.91117966
11773_10,0.9130583
2111_1,0.05582314
2234_4,0.9230392
4958_7,0.93581736
3514_1,0.011508149
8488_9,0.16776335
1650_4,0.013428254
6538_3,0.019419348
9930_9,0.9600627
10594_1,0.009268014
6248_8,0.9241418
1384_9,0.950411
11526_3,0.33198547
9847_10,0.9832145
8994_1,0.010818449
11595_1,0.015189049
9840_7,0.929951
1027_9,0.96814114
11691_2,0.07211221
1154_10,0.7559974
4599_4,0.12085323
2126_1,0.013222822
10719_3,0.020023443
11925_2,0.011331754
1938_2,0.013121271
7233_7,0.7348813
1747_8,0.98087597
4994_8,0.96691406
10696_10,0.9390248
7348_10,0.971564
9121_8,0.6354487
902_10,0.92523
8046_1,0.013325147
3604_7,0.8596637
4886_8,0.97702265
2821_10,0.98187524
10180_8,0.96765566
11376_10,0.84286314
11195_2,0.031618766
5625_9,0.9879462
9284_9,0.98187524
6747_1,0.5398324
3910_9,0.120025635
11412_7,0.9407897
2456_10,0.9795114
6105_10,0.908618
5732_10,0.9795114
1960_9,0.5563393
6363_7,0.9257686
9596_10,0.86748546
8605_3,0.39840645
174_2,0.012241275
8251_1,0.02517884
8567_10,0.94853723
7007_3,0.03308598
2418_8,0.9814534
12030_8,0.9353465
7626_7,0.82275945
6070_3,0.01883313
802_1,0.0140636265
10801_10,0.87578696
8559_1,0.01384861
2495_2,0.8407826
10777_9,0.9805807
2958_7,0.97023994
3701_10,0.967163
2754_9,0.9750122
1210_1,0.011331754
7830_10,0.97719735
4523_9,0.94776917
12408_4,0.06608538
5748_1,0.0269635
3982_2,0.018689308
9658_8,0.97788346
73_10,0.9314625
3952_1,0.019124037
4064_8,0.936285
9835_4,0.74871993
12463_1,0.024053553
905_10,0.9777139
5634_8,0.97719735
800_3,0.01757688
11576_10,0.98866826
8546_4,0.016403032
8456_1,0.015906392
163_1,0.012053779
7616_3,0.010986943
17_3,0.19375686
620_2,0.010013569
4250_4,0.0946777
4403_1,0.012053779
7107_3,0.52962834
9691_9,0.8349459
4069_8,0.92523
3747_7,0.97737074
7930_10,0.9875683
1088_3,0.034358688
3683_1,0.0140636265
11138_1,0.018689308
1825_10,0.98582757
9888_3,0.040237945
8079_10,0.96095175
1508_2,0.01065251
2471_4,0.018404892
5238_7,0.9777139
4947_9,0.7017131
1791_10,0.33220208
5824_4,0.024053553
10408_2,0.053009775
6053_8,0.9814534
6811_4,0.01048909
6398_4,0.085403666
137_7,0.96641046
3920_9,0.9026096
8179_2,0.016914913
10602_8,0.06608538
10509_8,0.9658996
7346_3,0.048496004
2663_1,0.04208773
1342_2,0.29502678
5714_4,0.014957086
9669_10,0.89552265
6038_3,0.42000473
11957_10,0.31489265
750_2,0.009708476
12386_10,0.029090757
7178_1,0.01757688
8070_8,0.5080559
8993_1,0.010013569
1178_4,0.708616
10457_8,0.98549646
5287_1,0.011869121
3098_8,0.82104415
3505_8,0.98228765
10271_1,0.8509647
4354_3,0.019271135
4817_1,0.028220987
11313_1,0.0715912
9023_10,0.7574357
8404_1,0.026759284
11847_1,0.010169657
5374_9,0.95362175
1009_8,0.9805807
4197_1,0.012053779
10803_9,0.95976204
6609_9,0.9740426
519_1,0.010986943
7675_3,0.023330767
10204_10,0.9651191
10565_1,0.11636176
1641_1,0.025371313
11170_10,0.9845754
451_2,0.030675802
4526_7,0.88563144
5639_9,0.97719735
5642_1,0.012821214
9159_3,0.840259
11173_10,0.30860683
10772_10,0.57680273
11172_10,0.9849274
10213_4,0.5362522
11256_9,0.9845754
5863_1,0.009859855
5125_1,0.044680875
5624_10,0.97737074
10355_10,0.44480592
6623_1,0.014392335
3674_1,0.012053779
540_8,0.36093944
5202_10,0.81227237
9644_10,0.9780517
4780_1,0.04304285
2002_9,0.02297737
7228_10,0.9838472
4036_2,0.011508149
9925_9,0.8824279
1137_10,0.97719735
5679_1,0.011687259
9162_2,0.011869121
2849_3,0.049589027
3546_4,0.015784562
7164_1,0.014392335
1749_10,0.6617043
11988_2,0.019124037
365_10,0.9719925
7340_10,0.97539
1543_3,0.027376488
6008_2,0.3808741
2230_4,0.18359362
10105_3,0.013325147
5443_1,0.013532149
5024_1,0.012053779
5630_8,0.967163
7603_10,0.9845754
12205_10,0.9059898
5910_7,0.97997653
7006_8,0.9585377
3287_10,0.9433476
3136_1,0.024987794
6547_4,0.26435834
9329_1,0.01065251
1679_10,0.9849274
1659_7,0.936285
2015_1,0.013428254
5236_1,0.01395571
2201_2,0.02297737
6026_3,0.5400144
12093_8,0.9849274
11394_10,0.032344334
9512_1,0.009708476
8401_3,0.06008665
5239_8,0.9603612
5018_10,0.9744348
38_8,0.9843364
2968_7,0.8940517
5359_3,0.0794957
10419_4,0.29583988
1551_4,0.13117322
11346_1,0.9353465
809_1,0.01214717
9823_4,0.89912134
10125_8,0.983597
8819_10,0.98549646
9038_4,0.13117322
1968_1,0.015543648
6642_2,0.013742321
9015_10,0.9861514
12198_2,0.01566365
2758_9,0.96641046
9206_3,0.02145073
4370_7,0.9348725
1985_2,0.020332353
3031_7,0.9539661
10172_1,0.014281935
4527_1,0.009708476
5458_9,0.98549646
6534_1,0.011869121
4347_1,0.01048909
11152_10,0.9059898
9238_3,0.065604836
6161_8,0.9840936
2299_1,0.17161581
1133_1,0.60346454
11774_3,0.10484337
1095_2,0.04115289
11311_10,0.95976204
1126_1,0.011869121
2385_9,0.98228765
10710_10,0.983597
10106_1,0.0094125895
3363_1,0.0335895
11480_10,0.9777139
5183_1,0.013428254
7100_7,0.66257817
752_10,0.94891727
11958_8,0.746139
2518_1,0.6779006
4744_9,0.79182106
53_7,0.42901066
12289_1,0.025371313
9239_4,0.46320137
8758_10,0.9606575
9050_9,0.97482115
10390_7,0.9849274
11780_8,0.37319028
9518_1,0.013020489
3442_1,0.010986943
6316_9,0.97023994
2826_9,0.966156
5908_10,0.9859364
3720_7,0.9801293
8481_1,0.015906392
1188_10,0.9875683
2784_10,0.8976953
12352_3,0.94165415
1771_10,0.8152325
5255_1,0.9532751
328_4,0.83867973
313_10,0.936285
10530_1,0.012722708
4866_7,0.97023994
8936_1,0.015906392
10029_10,0.96765566
12383_10,0.38098922
1922_1,0.020332353
3012_7,0.95565146
11593_3,0.028007522
8661_1,0.06325053
10457_1,0.012624948
8074_4,0.9859364
11993_10,0.9032942
6_7,0.9688562
2542_9,0.97539
11454_3,0.02017732
6776_4,0.950411
9466_1,0.11838509
11100_4,0.0111580305
6429_10,0.7676898
11218_3,0.9801293
8310_1,0.013222822
7432_4,0.010986943
10115_1,0.03384404
11127_7,0.97344345
3306_2,0.020804489
6998_7,0.014172365
12166_2,0.02931223
7792_10,0.9807288
9250_1,0.010013569
3351_7,0.96405166
3350_8,0.9688562
2393_3,0.09947021
5473_3,0.66017234
73_4,0.03963884
1504_1,0.009708476
10317_10,0.929951
5795_1,0.014957086
1511_9,0.30694237
2537_2,0.018546565
8010_4,0.01048909
1616_3,0.0226292
4332_2,0.04054074
8499_1,0.047425874
1636_8,0.94891727
7752_3,0.01566365
5848_7,0.8479678
5370_2,0.024053553
10600_10,0.96741027
5501_3,0.01395571
9948_7,0.93439513
10683_4,0.034358688
10013_4,0.061875988
11704_2,0.013325147
431_9,0.98201376
11855_10,0.85776806
2671_7,0.7779754
5831_2,0.036769465
7920_10,0.9871788
276_1,0.08663207
6245_2,0.7134316
89_3,0.01566365
7871_1,0.011687259
1707_1,0.07369626
6640_1,0.0111580305
723_10,0.9740426
11391_1,0.06512755
3534_3,0.011777842
10449_10,0.98087597
180_10,0.9879462
5128_1,0.036493763
471_10,0.98571813
2341_10,0.97520185
3204_7,0.9759464
1818_10,0.98087597
4489_10,0.7053793
12034_10,0.84234506
11264_10,0.9845754
8077_7,0.017176708
12206_10,0.908618
11549_3,0.2739627
8993_10,0.9563089
1937_4,0.0140636265
7778_3,0.039937317
9714_9,0.6649755
7219_4,0.01384861
6518_4,0.011869121
8421_10,0.9814534
10563_2,0.02576056
2527_9,0.9826909
11147_10,0.98677725
832_7,0.83815056
8972_7,0.6579781
2311_9,0.97090924
6794_1,0.011508149
1769_10,0.987375
11130_1,0.02178117
8331_3,0.026155619
5564_10,0.7490872
2594_10,0.82161736
11037_1,0.012722708
6679_9,0.9606575
419_4,0.20244318
2635_10,0.9465967
4436_4,0.5503657
10972_1,0.022457054
708_3,0.58776563
9113_1,0.014842417
1438_9,0.98527133
2048_4,0.009559399
4488_10,0.7306744
7889_3,0.63635314
11498_9,0.9869795
8780_1,0.45786384
2036_7,0.891055
1861_1,0.018404892
581_4,0.029535338
9253_10,0.9722044
977_4,0.7201715
5693_7,0.9588471
6515_9,0.98571813
9378_1,0.38549033
6695_2,0.024609927
8507_1,0.29583988
829_2,0.012821214
11023_8,0.9861514
70_1,0.05623634
3669_8,0.89256257
10033_8,0.9566342
9158_4,0.015424551
817_1,0.012527932
4679_1,0.012624948
8133_4,0.07316472
3531_1,0.20817894
10742_1,0.013020489
5579_3,0.25720495
9041_1,0.015906392
4938_1,0.014172365
4246_9,0.10123348
4275_9,0.11636176
6819_3,0.010169657
6327_7,0.6318215
6101_10,0.64422506
11852_2,0.013121271
10252_10,0.98228765
4348_8,0.6893056
5328_4,0.06512755
11964_9,0.98215127
8634_1,0.012241275
3702_8,0.983597
1677_2,0.01214717
5907_1,0.010328153
8432_10,0.9736447
3570_3,0.8238959
9624_10,0.9546474
11466_4,0.5726033
9062_10,0.9840936
12336_1,0.012920473
3476_1,0.015784562
7033_2,0.021615336
2660_3,0.13251455
741_1,0.01048909
11490_1,0.01678549
6580_7,0.9130583
1807_3,0.014392335
4785_1,0.014728613
6319_10,0.8489722
4437_8,0.98549646
3533_10,0.95257413
12119_3,0.013325147
151_8,0.9804314
7829_7,0.07751766
5497_1,0.010818449
7477_10,0.9814534
5879_10,0.96182173
8068_10,0.9546474
7989_3,0.94417685
8480_10,0.9802808
10352_10,0.9804314
120_2,0.010818449
10135_3,0.022286188
8091_1,0.02297737
8505_8,0.9012275
3282_1,0.17161581
11570_10,0.9813107
11052_8,0.9334308
5549_10,0.9840936
3891_8,0.96432143
3537_9,0.91117966
8503_3,0.3106944
3995_4,0.7826625
10979_3,0.014172365
11681_1,0.025371313
536_7,0.95362175
11739_8,0.9787127
6951_10,0.9834705
6210_2,0.013636835
1449_4,0.8568123
11860_10,0.908618
11149_8,0.9843364
4021_7,0.9348725
5104_3,0.019870715
2989_3,0.012624948
10112_10,0.9891816
6718_1,0.011687259
7654_4,0.16559312
9481_10,0.9851576
7984_2,0.009708476
1348_8,0.9785493
11079_8,0.83973396
9554_10,0.87578696
8617_8,0.97821885
315_8,0.9805807
6085_8,0.98571813
1823_9,0.9861514
3208_10,0.983343
924_4,0.7833262
6479_10,0.9600627
7017_10,0.9161096
8595_4,0.56690663
4532_10,0.9850429
5145_4,0.31827325
2358_7,0.6779006
11151_4,0.01798621
10238_7,0.9755769
564_9,0.13799646
4054_10,0.9859364
8852_9,0.983597
10137_10,0.9759464
7014_3,0.014392335
1533_4,0.01812472
8257_2,0.4223557
8719_8,0.94815457
5041_1,0.027585285
1469_9,0.950411
11726_3,0.27786472
2002_1,0.010328153
12293_3,0.04115289
3672_1,0.05033063
11110_10,0.9826909
3931_1,0.81047887
6972_1,0.10557884
10186_1,0.011869121
9265_3,0.0140636265
7412_3,0.21011725
5427_2,0.012527932
5006_4,0.1431877
3199_1,0.010818449
6256_8,0.10374863
418_9,0.96538115
8834_9,0.97520185
5093_10,0.9834705
3190_2,0.012241275
12360_4,0.010169657
9477_1,0.01507263
6085_1,0.01065251
7773_10,0.9859364
255_4,0.0627892
1661_1,0.010169657
1627_10,0.98215127
9204_2,0.21141681
3704_8,0.06512755
11898_9,0.983343
1137_1,0.047780063
101_9,0.746139
1142_1,0.013325147
5314_8,0.97997653
10932_4,0.010013569
9639_2,0.071073666
12125_7,0.98159516
10998_1,0.011777842
5186_7,0.9458012
10340_1,0.26473838
7419_8,0.9257686
6929_3,0.028870907
7238_4,0.017712297
10869_7,0.5911333
4106_1,0.012527932
6589_2,0.8365546
9619_7,0.7892337
7116_4,0.81405276
8889_1,0.01048909
3901_9,0.97966766
7052_7,0.14706452
6439_1,0.016914913
5309_1,0.022286188
4515_3,0.1999321
3029_4,0.011687259
10310_1,0.01214717
12350_10,0.97423947
532_8,0.21206881
11145_8,0.983597
75_10,0.9850429
6137_3,0.011508149
1637_2,0.16238004
12327_10,0.9871788
2177_7,0.9744348
1879_1,0.08181272
8745_2,0.009559399
3099_8,0.8267118
7354_4,0.010818449
10103_1,0.009859855
3296_10,0.97482115
8494_9,0.9802808
3423_4,0.8152325
7609_8,0.277473
4265_10,0.9591543
1872_7,0.971564
10987_10,0.97838473
2849_7,0.9693242
628_1,0.011331754
1391_1,0.020804489
7456_1,0.010986943
12150_1,0.021948254
7718_9,0.983597
5787_3,0.29502678
12162_8,0.7185944
11670_7,0.7000752
1784_8,0.40975213
7483_8,0.9755769
9564_9,0.63590103
10832_9,0.9738444
12230_1,0.01243165
2291_8,0.9804314
8416_3,0.017712297
9486_10,0.97520185
8153_10,0.9834705
5164_10,0.97262347
6347_8,0.97134733
7773_2,0.0226292
12215_1,0.0111580305
10039_8,0.9814534
9803_9,0.98549646
1589_1,0.03875619
1615_9,0.9658996
119_3,0.011961098
623_8,0.9700135
10427_1,0.014281935
11697_4,0.4813319
6168_2,0.014392335
2658_3,0.01214717
1841_4,0.023870835
10572_1,0.009859855
6964_8,0.10484337
5172_1,0.016403032
989_7,0.80069196
159_10,0.9850429
5240_1,0.02931223
11777_1,0.010328153
8350_3,0.11676401
2565_1,0.011331754
7694_10,0.9744348
7759_1,0.015906392
3003_4,0.080936715
7128_2,0.010328153
8147_4,0.05582314
6595_9,0.9861514
8949_3,0.14706452
9848_4,0.022457054
7496_8,0.920218
11857_10,0.9757624
3237_1,0.0111580305
5404_1,0.015189049
10699_8,0.65885663
6138_4,0.025565214
909_4,0.87831426
11833_10,0.98087597
11817_10,0.9845754
171_2,0.037892424
2517_7,0.41117
10307_7,0.6770471
370_2,0.021287354
5995_8,0.9785493
4612_1,0.027376488
6561_8,0.97719735
7454_1,0.010169657
2951_2,0.010169657
8860_1,0.01784874
411_3,0.053009775
664_3,0.01048909
4345_10,0.91181
4452_1,0.46879065
2833_2,0.009859855
10374_3,0.87663436
9322_1,0.3038351
9923_3,0.0123361
8687_3,0.7523766
7567_9,0.597373
137_3,0.010986943
7872_1,0.014842417
6968_4,0.05033063
1540_10,0.9757624
9157_10,0.9263037
4102_10,0.98159516
6645_1,0.0145035805
7630_10,0.8272706
3958_9,0.21272226
11437_9,0.9032942
6982_1,0.012920473
4870_2,0.01627746
3545_7,0.97324073
204_1,0.009859855
6844_10,0.0705596
4736_1,0.010986943
9120_9,0.9658996
1608_1,0.02576056
1251_10,0.9859364
12315_10,0.9740426
11754_10,0.9863631
2399_3,0.69471705
11499_8,0.97262347
3870_10,0.9492946
5503_10,0.9507779
4045_10,0.947381
3063_1,0.17050801
10914_7,0.6623598
8509_10,0.97539
5872_1,0.031143833
5729_4,0.02576056
10865_2,0.013742321
10218_4,0.015784562
2096_4,0.07751766
11344_1,0.017045317
10623_2,0.01757688
11241_10,0.87536144
7254_2,0.5594104
7892_1,0.011331754
3472_8,0.7552762
11637_4,0.11279541
11853_9,0.9433476
1096_7,0.9730365
8508_3,0.023153413
9400_10,0.98173577
1128_10,0.23970512
5989_10,0.9802808
8021_1,0.010328153
7860_10,0.97887486
1131_10,0.94699025
5589_1,0.61207783
5662_8,0.9588471
2161_7,0.7866228
323_10,0.9492946
2431_1,0.018978037
10147_7,0.92788786
2956_7,0.9686196
12005_3,0.22541662
477_2,0.19375686
202_9,0.9890131
5710_10,0.98657167
2262_7,0.9791955
7103_8,0.95257413
10237_3,0.29299974
12151_1,0.028436033
7485_2,0.020023443
2438_10,0.9750122
4069_2,0.010328153
5593_2,0.011869121
11163_1,0.25720495
6754_10,0.9798227
9147_2,0.016029146
9614_10,0.97997653
4427_7,0.7390459
1382_1,0.0123361
11132_7,0.96814114
6371_3,0.17781086
11221_4,0.036220055
10071_2,0.060975183
4936_2,0.011508149
1797_3,0.14270912
6692_4,0.063714996
5816_1,0.029535338
6163_2,0.025371313
2042_8,0.9539661
856_3,0.20946968
1233_10,0.9875683
9537_10,0.9838472
9504_9,0.9130583
788_10,0.98242307
3399_8,0.9750122
7142_4,0.012053779
10371_4,0.49572763
760_7,0.9615338
3614_10,0.9863631
3314_1,0.032836955
3447_10,0.87321484
12240_10,0.0627892
10083_10,0.97788346
9936_10,0.94699025
7651_10,0.98571813
1470_1,0.047425874
2703_7,0.84389514
5637_10,0.9722044
6102_1,0.02096424
8991_8,0.43662205
9606_10,0.8987666
10568_4,0.080936715
7126_10,0.81047887
4203_10,0.97684664
4486_2,0.016914913
3408_9,0.91490096
2867_8,0.97539
7338_8,0.97737074
8065_4,0.018689308
2510_3,0.01812472
2110_7,0.6048658
4097_4,0.36568317
7484_8,0.6031724
5789_10,0.9309621
8070_2,0.010818449
867_2,0.21272226
1364_3,0.18010665
10654_2,0.01048909
12417_4,0.8620035
10470_10,0.9832145
6544_10,0.011961098
8904_8,0.19132768
10282_2,0.02865267
497_9,0.9761292
2659_10,0.9588471
9609_7,0.7405498
3010_3,0.9257686
9134_1,0.013742321
8990_1,0.013222822
6960_4,0.8322367
9566_9,0.23440664
7923_4,0.0145035805
4542_10,0.9582261
7185_3,0.011508149
1918_10,0.9722044
2316_8,0.9458012
5846_10,0.9798227
1023_10,0.86748546
7141_7,0.94966936
3724_10,0.9738444
3617_2,0.017309094
7095_1,0.011869121
12201_10,0.97684664
10309_2,0.7345006
5584_8,0.97423947
2063_10,0.8272706
10874_1,0.024053553
4084_2,0.011687259
2765_1,0.016914913
11390_3,0.27904198
4676_1,0.01784874
2130_7,0.054600604
12032_7,0.10194652
9671_3,0.009268014
816_7,0.95531917
11320_8,0.6354487
1458_8,0.97838473
1938_7,0.7988153
2861_8,0.7405498
5768_9,0.9606575
5049_9,0.9606575
8083_1,0.60206157
4825_1,0.016914913
1740_9,0.98201376
3034_10,0.30486888
9977_7,0.9184803
8459_10,0.9807288
1103_10,0.107812636
3783_10,0.94776917
754_2,0.024237636
5580_10,0.9766692
3472_2,0.010013569
2640_3,0.83548355
5400_2,0.19375686
5881_10,0.9871788
10970_4,0.48999158
8842_1,0.012722708
5336_8,0.88161486
1398_1,0.021948254
12310_10,0.9871788
6012_8,0.47804147
1508_7,0.16613355
2981_8,0.883236
576_8,0.9813107
9683_7,0.14953136
10336_1,0.011508149
3345_3,0.017712297
7683_7,0.97046465
6366_9,0.9449947
6741_9,0.98481095
11396_2,0.06754669
4964_10,0.9736447
12285_10,0.98481095
11018_9,0.96323055
3902_9,0.8962514
4147_8,0.78133065
1748_10,0.937669
10084_3,0.40339062
3265_7,0.7879312
6160_1,0.04054074
2984_10,0.9813107
1305_1,0.012053779
9075_4,0.88875884
11710_7,0.93195957
2443_10,0.98445636
938_10,0.9761292
1392_7,0.85729086
10406_8,0.9224824
4302_7,0.92944044
2836_8,0.8976953
2365_3,0.010986943
98_1,0.6006569
8325_10,0.9869795
300_9,0.98549646
7667_1,0.9766692
4313_10,0.7806625
12450_3,0.23370637
8582_1,0.33633104
11325_9,0.08509905
8482_1,0.01395571
7304_8,0.9832145
9439_1,0.009125638
2656_10,0.95565146
4306_3,0.063714996
10079_1,0.013020489
11172_1,0.06052939
6095_9,0.9869795
5698_1,0.031858858
35_1,0.30819023
6043_3,0.01507263
2261_1,0.011508149
4784_10,0.9079672
10936_7,0.6599533
5316_10,0.9787127
8361_8,0.9511422
10373_2,0.515376
500_10,0.94539934
371_4,0.35108855
3434_4,0.019419348
3654_2,0.01048909
11280_2,0.9230392
6542_9,0.91490096
10313_10,0.9807288
7267_1,0.01798621
11897_3,0.07751766
7321_2,0.010986943
1516_7,0.9407897
1640_1,0.023870835
9456_10,0.9566342
2769_10,0.78199726
6280_7,0.9807288
12399_10,0.98571813
6206_7,0.93581736
8836_4,0.30569732
5254_9,0.9802808
10903_1,0.03461884
3966_10,0.908618
4048_10,0.9795114
1528_9,0.9850429
6219_10,0.9843364
8280_4,0.02096424
7974_10,0.96485513
6956_8,0.937669
5975_10,0.983343
6759_10,0.95759624
963_2,0.56025267
12158_10,0.9623913
148_1,0.22405545
8831_1,0.88875884
11556_9,0.8587186
9038_10,0.9167081
4421_10,0.983597
5236_8,0.9804314
3753_10,0.4216411
9334_3,0.08449275
2444_4,0.015906392
2890_3,0.012624948
9132_9,0.97520185
11413_10,0.9795114
3424_4,0.7676898
1258_3,0.020488555
5277_10,0.98282325
706_10,0.98228765
3527_10,0.9738444
4081_9,0.77662295
3895_2,0.7185944
11528_2,0.021125194
7285_9,0.9829547
12339_7,0.45786384
729_1,0.0226292
6291_1,0.017045317
12296_9,0.8587186
5913_10,0.98571813
7770_10,0.98421544
9546_2,0.14366761
2383_4,0.5415301
6802_7,0.987375
5445_2,0.0930168
687_3,0.011961098
9982_8,0.9695556
11830_10,0.9407897
4271_1,0.011508149
7279_10,0.97482115
1599_7,0.12940274
10880_10,0.9830851
2838_10,0.9785493
4234_9,0.9740426
7674_2,0.12765263
6156_8,0.9845754
11657_4,0.11676401
11738_2,0.0153063545
11962_8,0.9572778
10966_8,0.6599533
6421_1,0.009859855
1476_3,0.0145035805
7022_8,0.98549646
11500_8,0.97966766
6263_2,0.018264279
8989_9,0.9559813
2395_9,0.9656413
9311_1,0.61624324
6386_4,0.013428254
91_4,0.04054074
3759_3,0.015906392
11766_2,0.929951
11290_7,0.3106944
5627_3,0.0705596
3278_1,0.015543648
9682_9,0.8305941
11894_1,0.011508149
10387_9,0.98159516
884_8,0.9811669
8408_2,0.16451646
5772_2,0.61889565
11422_1,0.109705776
9709_1,0.11636176
701_8,0.8940517
2721_8,0.9566342
4875_3,0.024609927
6356_1,0.010169657
7446_3,0.01395571
2440_4,0.02096424
9732_1,0.024609927
9109_10,0.9606575
7578_2,0.32167304
11017_8,0.17610411
12498_1,0.010986943
4942_2,0.056652423
4939_10,0.9832145
8451_4,0.4253367
6274_1,0.01048909
11635_4,0.013020489
8931_1,0.015543648
109_4,0.9518632
11744_7,0.94417685
5351_4,0.68763
1120_9,0.98282325
10494_2,0.01678549
5317_10,0.9757624
6139_2,0.89552265
12322_8,0.9603612
11239_3,0.016152835
4815_7,0.62623847
11979_10,0.16995624
254_10,0.9801293
10286_3,0.01384861
6457_10,0.9861514
4662_8,0.9826909
6298_4,0.04369106
2704_4,0.6215409
11313_10,0.9263037
187_10,0.9859364
1166_1,0.017309094
12126_3,0.011687259
1813_9,0.9700135
6282_10,0.97719735
10525_7,0.967163
8887_1,0.12085323
11605_7,0.017045317
6533_1,0.010013569
1210_8,0.96691406
11904_8,0.742048
10659_10,0.98527133
7004_4,0.013222822
10260_10,0.9656413
11997_7,0.37490508
7850_4,0.9213576
2085_3,0.07921033
11839_1,0.01048909
419_9,0.9763105
4157_10,0.9284088
8253_8,0.9763105
11268_2,0.012821214
12119_10,0.96458924
10259_10,0.054198727
978_1,0.27048022
6848_4,0.17161581
9368_4,0.011869121
7863_9,0.9563089
4157_3,0.020332353
4184_10,0.88483775
2888_1,0.01048909
8073_4,0.23091976
1755_1,0.64220816
7688_2,0.9324533
5966_7,0.9814534
10673_9,0.9826909
4110_7,0.08449275
699_9,0.9838472
9240_2,0.015906392
3651_10,0.98173577
3933_7,0.8134608
2960_7,0.966156
10664_1,0.01214717
358_9,0.9241418
11200_10,0.97788346
4471_8,0.9853843
11661_2,0.03875619
12304_1,0.2146914
2442_4,0.9403531
7134_9,0.971779
4214_2,0.012722708
4869_8,0.9339146
6372_1,0.1384618
10236_4,0.05033063
12189_1,0.013532149
9715_8,0.97520185
5751_10,0.92892635
166_7,0.24871664
11889_2,0.016152835
5098_1,0.11279541
8126_7,0.9755769
9302_7,0.38914022
10430_10,0.9869795
445_9,0.97262347
4550_10,0.97090924
10995_10,0.9856076
7154_1,0.028007522
3983_3,0.9263037
1446_9,0.971564
865_10,0.9549844
3012_1,0.01461567
3562_3,0.0269635
2551_1,0.020804489
6440_1,0.029760094
10241_10,0.9871788
1542_7,0.23440664
1405_2,0.011508149
11835_10,0.9861514
4023_3,0.18952107
1287_1,0.011597362
11059_2,0.014281935
2583_8,0.8705973
1550_2,0.23091976
11382_3,0.0145035805
5567_10,0.9829547
11033_1,0.010328153
5543_1,0.010328153
8631_10,0.8267118
10871_1,0.010818449
6955_9,0.9738444
6254_4,0.34048522
2179_4,0.25386098
7559_8,0.983597
12431_8,0.7981868
279_10,0.95362175
2127_8,0.98527133
3803_10,0.702938
12200_1,0.01243165
3480_9,0.9026096
5156_8,0.96378
1718_2,0.010986943
12145_9,0.96267307
1560_4,0.6268098
11646_1,0.013325147
10378_4,0.19012183
8281_3,0.014842417
10393_9,0.71977776
1402_4,0.03904829
3958_4,0.013428254
3676_1,0.011508149
3709_1,0.010328153
10668_7,0.9804314
11972_1,0.019124037
4842_1,0.03138043
1889_8,0.71977776
3990_1,0.03308598
6467_7,0.092687786
5928_4,0.29583988
4639_10,0.65013415
4748_8,0.9814534
5417_10,0.9730365
2351_4,0.7501869
4365_1,0.0123361
3591_2,0.02096424
5914_10,0.9802808
8099_2,0.011961098
5510_1,0.011331754
314_10,0.9263037
8544_10,0.9766692
3799_1,0.014392335
5650_2,0.065604836
1646_7,0.5445289
11586_9,0.9798227
2389_9,0.98549646
908_3,0.022286188
654_9,0.9834705
6323_9,0.947381
3014_7,0.85195273
11312_9,0.15559098
5457_3,0.010818449
6071_3,0.011687259
12459_1,0.011869121
8639_4,0.0145035805
3600_8,0.92788786
9052_3,0.4242927
528_1,0.011331754
7692_1,0.059646945
6885_3,0.012722708
11395_4,0.7756048
11763_1,0.052618954
3631_1,0.016152835
4296_3,0.01883313
4810_3,0.03875619
6660_2,0.010169657
850_7,0.97719735
6731_10,0.97903574
12129_1,0.013325147
11525_7,0.967163
5782_10,0.8152325
4613_2,0.011508149
4460_8,0.9777139
2992_10,0.97737074
570_9,0.98173577
5908_4,0.4153731
4677_4,0.036493763
5791_10,0.96095175
5718_10,0.98571813
12453_10,0.37456188
8364_8,0.9730365
7761_10,0.93674946
3459_1,0.029535338
9169_1,0.01566365
12022_2,0.4104018
10869_1,0.02865267
4997_1,0.010328153
2430_8,0.05921025
5011_4,0.011777842
3011_1,0.01757688
8425_3,0.24835184
6517_8,0.98215127
9300_9,0.9811669
840_8,0.6654106
2662_10,0.9839708
2724_1,0.01048909
5654_10,0.4201237
5574_10,0.97702265
5606_3,0.016657041
7717_8,0.9005298
11202_10,0.97903574
6889_10,0.97997653
3712_10,0.9875683
3042_3,0.012821214
7858_8,0.44197404
4902_8,0.9801293
11885_1,0.015189049
7582_1,0.01065251
8450_7,0.920218
9368_9,0.8539127
7616_8,0.97838473
4443_3,0.13706976
2344_1,0.010328153
11861_9,0.8879841
7738_8,0.97539
327_10,0.983597
8175_4,0.017712297
10189_10,0.98677725
8691_1,0.025565214
12236_2,0.013742321
7341_3,0.51561993
3261_1,0.011869121
8809_4,0.010169657
3735_3,0.017045317
9339_8,0.9005298
8242_4,0.053009775
6787_4,0.06608538
4379_4,0.078642376
5967_4,0.7025301
5568_8,0.91181
4579_4,0.14080817
7066_1,0.014281935
12323_1,0.012920473
2673_9,0.70089483
2639_7,0.9572778
8323_10,0.93195957
246_10,0.9603612
653_1,0.037326884
2407_1,0.011331754
2795_1,0.011961098
11793_4,0.055005286
2848_4,0.2925953
6040_4,0.015906392
9388_2,0.13568954
909_10,0.9686196
2567_2,0.79502225
4473_8,0.46198756
4451_3,0.56838584
10296_1,0.121268876
5111_7,0.22609939
8281_9,0.9838472
4957_8,0.64690644
8249_1,0.7279754
1572_3,0.78133065
5718_2,0.047074176
5959_3,0.01757688
3013_9,0.9546474
3544_1,0.009859855
11250_10,0.98215127
5162_9,0.9425068
8872_9,0.93721074
11122_8,0.9863631
991_4,0.0123361
6322_9,0.9394706
7065_8,0.9840936
9704_7,0.107812636
4317_9,0.18653922
11622_10,0.9877587
10725_7,0.8283842
6549_1,0.011777842
9062_3,0.1229438
10253_7,0.81873685
4035_9,0.97903574
5437_1,0.7866228
1779_1,0.010818449
8740_2,0.010169657
10175_7,0.8795612
5331_4,0.010986943
9506_3,0.34004676
11199_4,0.01812472
9948_2,0.09203287
252_9,0.9462003
1094_3,0.33372033
9145_3,0.02576056
506_8,0.9142907
7126_1,0.014728613
3317_1,0.010986943
11439_4,0.03567855
6583_1,0.013325147
2805_8,0.9832145
1841_10,0.9840936
2698_3,0.014842417
6956_4,0.124213
7664_8,0.87450653
97_1,0.20817894
4588_9,0.61808914
5220_1,0.01048909
45_2,0.013222822
5812_4,0.73028994
6625_8,0.57012194
2816_9,0.5165954
11463_1,0.02096424
158_9,0.96378
6633_1,0.01243165
1184_10,0.741674
3967_1,0.20497774
6653_7,0.78464925
6093_1,0.012722708
2932_7,0.016152835
1522_1,0.01065251
2529_1,0.014728613
1475_1,0.0715912
2027_8,0.9700135
1854_1,0.02017732
6269_10,0.92892635
2184_7,0.19806418
4923_3,0.14706452
10827_9,0.98677725
10885_10,0.97788346
3281_1,0.019870715
1468_7,0.9026096
104_1,0.025565214
3898_3,0.31362993
10973_7,0.96295285
8900_7,0.97684664
10735_1,0.012624948
4992_1,0.01395571
368_8,0.983343
6709_4,0.010986943
10453_1,0.011331754
139_4,0.755637
12079_1,0.01048909
7001_4,0.02350945
10533_3,0.8529355
2307_8,0.9814534
7241_9,0.97684664
7717_3,0.012920473
6223_2,0.02211659
9500_2,0.010986943
669_10,0.6658453
1596_3,0.098079324
3576_7,0.86748546
8263_8,0.9851576
6832_4,0.020488555
5158_9,0.9750122
5899_10,0.9795114
5794_4,0.3959514
8854_10,0.93439513
11036_7,0.17384852
8803_3,0.8824279
5733_4,0.025565214
5268_10,0.983597
12297_2,0.014728613
6862_1,0.029090757
5515_3,0.01243165
3382_10,0.98571813
6738_2,0.01065251
3832_1,0.011331754
10210_7,0.9719925
12080_3,0.67017674
7748_2,0.05223086
4788_1,0.9683812
182_10,0.9839708
4478_4,0.011331754
6544_1,0.013222822
2705_7,0.79246426
10334_1,0.009859855
10374_10,0.79438496
2031_1,0.014728613
4671_7,0.983343
6231_9,0.60077405
9077_3,0.011597362
6381_1,0.022802636
216_2,0.05921025
9956_4,0.7122322
10882_9,0.18535662
6192_10,0.025957355
10442_8,0.9591543
3199_10,0.98215127
7649_3,0.42465058
1793_9,0.9791955
7987_1,0.12721826
1678_1,0.0627892
8176_4,0.032344334
4674_2,0.055412795
5751_3,0.929951
6904_9,0.98228765
8869_1,0.063714996
6844_2,0.015543648
8744_2,0.011869121
5430_3,0.8933094
1556_9,0.91181
10830_9,0.9879462
5642_8,0.97046465
3337_1,0.014728613
5339_1,0.011687259
9198_1,0.012821214
5759_10,0.051462766
10632_9,0.7025301
2067_9,0.91730267
3442_10,0.9012275
3341_4,0.4069651
9055_4,0.26246357
5793_8,0.9429286
896_8,0.8407826
1804_2,0.011687259
1134_8,0.95257413
5532_8,0.9695556
2453_9,0.98173577
8113_2,0.0123361
12046_10,0.98173577
11873_8,0.6222298
4525_8,0.96124375
10377_2,0.018689308
2008_1,0.009859855
10288_1,0.015784562
1083_7,0.71701187
2415_2,0.25386098
6688_9,0.983343
4448_9,0.9230392
9407_10,0.938124
3976_4,0.9348725
3930_8,0.938124
3950_10,0.85729086
5645_3,0.040845715
6064_9,0.9861514
8064_1,0.02479816
3643_1,0.12940274
10321_1,0.0123361
5858_1,0.31426096
8535_9,0.30819023
3643_7,0.2247353
10041_1,0.09602549
11014_10,0.7620701
11776_4,0.044348583
8227_7,0.96295285
11445_8,0.9161096
8756_10,0.9019207
9328_10,0.98527133
11734_10,0.9825575
10118_1,0.015784562
9690_2,0.9032942
7713_8,0.9845754
545_7,0.8656789
10603_8,0.7595823
5925_9,0.9130583
3105_1,0.011869121
10134_4,0.115560874
6354_2,0.10017222
9866_2,0.024423089
7553_10,0.9814534
11324_2,0.7248703
10532_1,0.025957355
439_1,0.009559399
11265_10,0.98527133
6568_8,0.9845754
9218_3,0.19012183
1939_2,0.0269635
4215_7,0.92892635
9968_10,0.98481095
12022_10,0.84695786
897_8,0.36886027
7129_8,0.9606575
7414_4,0.09501305
8118_9,0.97482115
6179_4,0.05379964
10124_8,0.98481095
7379_7,0.8499712
1075_9,0.98282325
2594_3,0.013222822
11482_4,0.77321637
7675_10,0.9167081
3127_8,0.7892337
7440_10,0.97788346
10215_10,0.46854746
5098_10,0.9875683
10534_2,0.011869121
12364_7,0.57892436
5191_1,0.010169657
4179_9,0.77662295
1433_3,0.014728613
12177_8,0.96909106
9519_8,0.9837225
5781_7,0.9740426
10031_8,0.9142907
2631_4,0.011869121
195_4,0.020645931
11432_7,0.90397453
3952_10,0.9839708
5805_2,0.010328153
5555_10,0.987375
7161_4,0.03461884
1399_1,0.022802636
8332_3,0.012722708
2132_2,0.6943027
12031_1,0.047425874
8480_1,0.012821214
11103_4,0.06608538
12124_3,0.026556572
12072_9,0.9724148
9371_9,0.25795195
2144_4,0.016029146
5668_10,0.98469365
11790_10,0.9449947
6933_7,0.86838096
4932_10,0.979354
216_10,0.67661995
5862_7,0.78530854
11669_3,0.011961098
7488_4,0.11318691
6402_10,0.979354
3244_9,0.97090924
5108_7,0.92683524
10854_1,0.009559399
3404_10,0.9825575
4282_7,0.011331754
483_10,0.6491339
2110_4,0.58673006
6199_8,0.9230392
7942_10,0.9871788
314_2,0.01214717
6395_3,0.015784562
274_1,0.010169657
3421_2,0.07531231
4100_1,0.01065251
9232_1,0.01384861
7152_10,0.98549646
10721_7,0.98481095
3565_3,0.018404892
4223_1,0.021125194
3543_10,0.97702265
1256_7,0.88038635
6567_2,0.01384861
10658_9,0.98201376
1381_1,0.01798621
2591_1,0.0111580305
4775_2,0.6410854
1743_8,0.85536855
3004_1,0.14903529
11712_7,0.702938
2966_2,0.012920473
3139_1,0.012241275
989_4,0.020488555
2141_1,0.014957086
8224_1,0.034880888
10222_8,0.7545535
6540_1,0.05623634
7427_10,0.9871788
5519_1,0.92468774
945_2,0.016152835
3996_3,0.03567855
10202_9,0.9791955
1328_9,0.9791955
11425_2,0.031143833
1252_4,0.2786492
10086_1,0.38375676
3946_3,0.013325147
11834_8,0.9791955
10710_1,0.0269635
1858_8,0.7988153
1532_10,0.8433798
7082_10,0.53236437
9813_10,0.98282325
38_1,0.012241275
271_4,0.1334152
7184_1,0.022286188
11866_10,0.8454327
5983_1,0.01048909
5026_10,0.9791955
9030_1,0.01384861
11133_1,0.010986943
10130_2,0.010328153
8357_2,0.31912136
9824_1,0.13477592
7264_4,0.105210535
12449_2,0.018689308
1735_1,0.15713686
618_7,0.95362175
6421_7,0.5892437
6294_4,0.029090757
2174_2,0.028870907
5985_2,0.012920473
7121_10,0.2163425
7912_7,0.94853723
5015_1,0.10158945
6476_2,0.013222822
9954_8,0.97423947
10122_10,0.98527133
9334_9,0.46526602
11751_3,0.02211659
11607_7,0.9840936
11310_10,0.97324073
300_1,0.045015533
6520_4,0.05184547
6735_10,0.9875683
10008_8,0.94853723
7817_7,0.58918464
3634_10,0.9859364
5927_2,0.024237636
3414_3,0.011508149
12266_1,0.11838509
11276_7,0.5837967
5478_3,0.021615336
6992_1,0.031858858
8039_8,0.891055
11491_4,0.5924308
7823_7,0.9832145
8662_9,0.9658996
9921_2,0.016029146
2058_9,0.9840936
3321_9,0.97754294
8634_7,0.5971969
2161_4,0.70821255
3441_9,0.96378
10096_1,0.01065251
774_4,0.6627965
12086_9,0.9563089
1968_8,0.82161736
3269_1,0.011331754
2988_10,0.96458924
853_1,0.057493284
5303_10,0.9868787
11628_10,0.98173577
7772_2,0.01461567
2712_1,0.021948254
7362_4,0.011869121
3681_2,0.01507263
2066_1,0.010986943
7089_3,0.9651191
7393_10,0.6874202
7284_1,0.01678549
12199_7,0.7240906
3512_1,0.121268876
4349_2,0.025565214
11825_1,0.01395571
8351_3,0.0140636265
467_3,0.028870907
2523_10,0.8697146
12078_8,0.9755769
1418_10,0.9728308
6552_10,0.9804314
10070_10,0.9785493
10031_2,0.029535338
7179_2,0.010818449
4533_1,0.011961098
11788_10,0.98677725
833_3,0.6329566
9777_1,0.03384404
6930_7,0.018546565
2310_10,0.98187524
2924_8,0.94776917
7252_10,0.97821885
10216_10,0.95695716
104_10,0.8474635
4283_4,0.019419348
6351_4,0.013428254
1272_4,0.013222822
11226_9,0.89478946
3342_10,0.16238004
3326_9,0.96432143
3541_8,0.9849274
8142_10,0.9329437
6491_10,0.95976204
2125_10,0.9869795
7008_10,0.9863631
5347_9,0.97462875
8420_9,0.9500415
10767_3,0.02297737
12094_1,0.013121271
11904_1,0.01065251
2635_1,0.026355354
4074_10,0.97966766
2470_1,0.57091826
5888_3,0.02211659
9164_4,0.6677979
11312_1,0.010818449
2588_3,0.045352582
9177_1,0.017712297
10361_9,0.9780517
9216_10,0.97262347
5754_3,0.61693585
12314_10,0.98282325
9044_3,0.078078166
5677_2,0.014281935
6664_4,0.021287354
2308_3,0.017712297
7377_3,0.44830552
9149_8,0.97821885
5244_3,0.019124037
10656_3,0.11636176
10885_1,0.012722708
4296_9,0.57403666
1770_2,0.01883313
4940_10,0.9807288
3984_10,0.9606575
2976_10,0.96741027
2767_1,0.013428254
11848_2,0.013222822
3096_10,0.7527403
9792_3,0.042722195
9785_10,0.015784562
10264_8,0.91181
12277_7,0.85145944
8110_8,0.8305941
10396_8,0.9697854
3233_2,0.12592277
1903_1,0.1576549
4743_10,0.87914675
1417_9,0.9462003
2662_1,0.016914913
11231_4,0.6893056
9747_10,0.9407897
27_4,0.0140636265
3310_2,0.026155619
3212_10,0.9802808
5608_3,0.012722708
1241_4,0.030214587
5543_7,0.87191176
7945_9,0.9693242
3705_7,0.93991333
1598_10,0.03846619
4273_10,0.9755769
5985_9,0.6959583
531_2,0.9124362
6744_7,0.38179561
10270_1,0.01214717
11199_9,0.9623913
9755_4,0.9462003
12080_10,0.983597
5600_10,0.9804314
12216_10,0.9437636
10783_4,0.94458723
3307_1,0.013222822
10954_7,0.027795624
9959_4,0.013020489
10223_10,0.98421544
12130_1,0.9813107
11939_7,0.0335895
12318_10,0.9859364
6204_10,0.9462003
2927_9,0.15869518
2779_10,0.98159516
3661_1,0.027376488
9068_3,0.011331754
1970_2,0.94122344
7539_10,0.97702265
9241_3,0.01065251
9350_3,0.030444348
7885_8,0.9863631
1078_9,0.9353465
6062_2,0.03875619
1215_10,0.891055
1561_3,0.010169657
2159_1,0.024423089
8637_10,0.987375
8375_4,0.47475296
2864_1,0.0570714
186_9,0.97821885
1669_9,0.9802808
6936_9,0.77932185
7541_3,0.27279878
1515_7,0.9161096
5039_7,0.6719013
9269_1,0.038178276
4965_10,0.9859364
10028_3,0.19744444
3547_4,0.044348583
6070_10,0.98102194
11334_7,0.98159516
4980_7,0.79755676
5063_2,0.024987794
11637_8,0.3874006
310_1,0.02178117
9847_1,0.011961098
4433_9,0.97887486
4535_1,0.022457054
11209_10,0.94776917
242_3,0.027795624
6150_7,0.62108135
7499_2,0.010818449
10073_7,0.024237636
7352_3,0.01065251
6616_2,0.02479816
2148_1,0.013532149
322_1,0.124213
638_1,0.011508149
3236_10,0.9656413
11913_7,0.9693242
7188_4,0.013325147
3999_2,0.01048909
1397_1,0.06705628
11768_8,0.9802808
10301_2,0.17050801
7486_10,0.9559813
7915_2,0.011687259
103_10,0.9875683
2249_1,0.37433314
11559_9,0.9863631
11374_4,0.0715912
7639_3,0.065604836
11922_3,0.26549944
6068_10,0.9869795
7681_3,0.8344069
3097_1,0.026759284
10233_3,0.022457054
9111_1,0.019124037
7240_2,0.011687259
10394_9,0.85342485
792_2,0.9207897
440_1,0.011508149
11141_1,0.014281935
7488_7,0.89912134
2731_4,0.0570714
11632_10,0.16451646
7577_3,0.7898827
12047_8,0.9750122
7055_8,0.98481095
394_9,0.95759624
777_2,0.011419616
6460_8,0.93195957
10412_2,0.012527932
9910_8,0.7122322
826_8,0.98087597
7381_1,0.010986943
1700_8,0.79117644
1131_2,0.026155619
6796_10,0.95695716
7084_8,0.9736447
5735_1,0.019870715
6290_7,0.9736447
10506_8,0.9334308
2276_8,0.94458723
6221_1,0.9724148
1404_4,0.29138398
1440_1,0.027585285
8199_9,0.9871788
1145_2,0.018264279
5546_4,0.07316472
816_3,0.8844391
10535_10,0.9843364
2_3,0.012053779
6735_1,0.010986943
2684_4,0.010986943
1765_10,0.9693242
4346_7,0.8086723
1157_9,0.03410043
4216_1,0.011508149
3937_8,0.98102194
11140_10,0.98102194
1635_1,0.014172365
4457_10,0.80193585
7250_8,0.9826909
3801_7,0.013532149
7892_10,0.9053223
11022_8,0.9814534
5856_7,0.32082132
345_7,0.02576056
10809_3,0.5826098
9474_4,0.01214717
5775_10,0.98677725
2845_3,0.013325147
1383_10,0.2921912
9171_7,0.9184803
10866_9,0.10052487
12161_8,0.8868131
9118_1,0.01384861
9122_8,0.9811669
5142_1,0.01048909
2798_9,0.95945925
2260_8,0.9851576
11677_10,0.9588471
2788_1,0.012053779
8896_8,0.96432143
7685_10,0.9829547
760_1,0.023870835
7811_4,0.046378206
1964_8,0.95292586
5059_10,0.8221891
4568_1,0.012527932
7475_1,0.07263671
11400_3,0.07211221
6082_3,0.01214717
7961_4,0.50781184
7502_8,0.8962514
11351_10,0.98657167
9851_8,0.68215036
1172_1,0.01048909
1815_10,0.9802808
6218_8,0.7268136
9628_9,0.9766692
2312_3,0.01883313
5014_10,0.98102194
7845_8,0.96182173
4468_9,0.966156
2247_10,0.97539
4408_10,0.9719925
2957_2,0.027585285
4716_1,0.013532149
9909_1,0.01243165
8611_1,0.010986943
5055_10,0.9559813
5828_10,0.9730365
1147_1,0.01395571
11716_10,0.25386098
5289_8,0.9875683
5566_10,0.87536144
3389_2,0.014281935
6169_4,0.0111580305
12019_10,0.95976204
4136_7,0.4468568
2421_3,0.02479816
607_10,0.9849274
4084_8,0.9658996
7333_1,0.0094125895
8208_7,0.967163
2971_10,0.97423947
7508_1,0.014392335
988_8,0.9861514
1124_8,0.97344345
3658_10,0.9859364
5155_7,0.97462875
11362_2,0.7295198
8776_10,0.9761292
7294_10,0.8705973
10853_8,0.97423947
871_10,0.98677725
11513_1,0.06512755
5605_10,0.7409249
1235_8,0.31997073
623_2,0.09534946
1271_2,0.7799929
7590_7,0.7037531
5075_4,0.056652423
6175_4,0.2146914
10629_1,0.01048909
1474_7,0.5852789
9077_9,0.9263037
11630_7,0.47195333
11060_2,0.011331754
664_9,0.9688562
4778_10,0.98571813
3535_1,0.012722708
1130_1,0.0111580305
10718_1,0.009859855
3334_1,0.011687259
7133_2,0.19436781
12073_1,0.01757688
7877_10,0.9766692
12286_10,0.88161486
8675_4,0.035144847
8968_7,0.124213
8118_1,0.016152835
12109_10,0.9839708
6476_8,0.98571813
12248_2,0.026355354
9444_1,0.0145035805
9932_10,0.90665317
6863_9,0.98469365
7810_1,0.3562227
5463_1,0.011869121
8385_10,0.888372
5560_3,0.011961098
12391_2,0.24292332
3644_9,0.38306418
1225_1,0.01384861
375_1,0.012920473
11515_7,0.95292586
3812_1,0.01065251
10747_1,0.016529558
8059_8,0.85776806
633_1,0.01461567
9189_10,0.97462875
11404_8,0.7806625
11871_8,0.8494724
2883_8,0.98481095
9048_4,0.3094409
1066_1,0.018689308
630_3,0.30735803
61_9,0.98549646
9264_10,0.9843364
5132_9,0.9871788
5796_9,0.966156
11232_2,0.010986943
327_1,0.0111580305
9787_8,0.98242307
7780_2,0.014281935
2533_2,0.010986943
7349_10,0.9666631
2593_1,0.9309621
4672_8,0.9850429
11191_10,0.84645087
1301_1,0.010169657
10632_4,0.01065251
10750_1,0.022286188
2621_2,0.9257686
12045_4,0.32852945
4276_10,0.9879462
9960_2,0.016152835
3307_8,0.8221891
3007_10,0.8031738
7204_9,0.95976204
3988_7,0.43014735
4129_8,0.983597
2071_1,0.016914913
7310_3,0.95565146
855_9,0.9719925
5380_1,0.011687259
5067_2,0.02211659
6320_2,0.037892424
1019_3,0.023330767
8216_2,0.024423089
3814_7,0.81873685
7888_4,0.9522199
3419_2,0.014392335
3039_8,0.9861514
12039_4,0.2146914
1191_7,0.9813107
2361_1,0.032344334
8291_10,0.9849274
4954_3,0.109705776
12430_1,0.14463145
7634_7,0.34953275
11902_10,0.9750122
1603_10,0.04813677
9395_8,0.058776557
9384_2,0.01048909
11687_1,0.013121271
4148_3,0.15559098
171_7,0.97134733
11814_4,0.26170814
8124_3,0.6374823
11387_1,0.011961098
3249_9,0.97838473
3591_10,0.9678993
10171_8,0.29502678
1100_9,0.8338664
7144_4,0.9801293
8060_9,0.96182173
11063_10,0.9859364
3481_2,0.010328153
7413_4,0.036493763
11121_2,0.31447145
4700_2,0.13117322
1566_4,0.15052764
11731_3,0.04401865
7346_10,0.9600627
7890_10,0.2821962
11704_10,0.9012275
4635_10,0.23581158
2369_8,0.284576
9655_10,0.98549646
2115_2,0.01048909
6408_7,0.076407686
10470_1,0.028220987
11512_8,0.9813107
11523_7,0.9811669
10379_3,0.014842417
9164_9,0.9591543
3150_1,0.049958523
2880_3,0.09170697
1608_7,0.9500415
2406_9,0.9738444
260_10,0.97702265
10658_3,0.05223086
10609_1,0.029986506
6861_7,0.7314424
10058_2,0.7833262
11618_10,0.91490096
3727_4,0.029535338
1924_10,0.91490096
7471_1,0.02865267
1856_7,0.76838577
10132_3,0.19806418
4010_2,0.012624948
11752_2,0.0973904
11122_2,0.010818449
11065_1,0.023870835
1211_1,0.01048909
8973_7,0.19868536
1888_9,0.9559813
8521_8,0.024423089
6671_4,0.17217186
4241_3,0.45495644
10925_4,0.012241275
4030_2,0.010986943
9410_1,0.0111580305
10004_2,0.013121271
599_1,0.012722708
8656_1,0.0111580305
10087_7,0.88483775
5118_10,0.97966766
9780_4,0.01048909
586_2,0.02517884
6464_4,0.012722708
7482_1,0.01065251
11075_8,0.9433476
11984_1,0.019419348
6808_9,0.9853843
6178_10,0.8086723
12196_7,0.5294896
7771_10,0.9869795
10801_1,0.018978037
1243_2,0.041462272
4028_2,0.01065251
700_4,0.57209533
758_10,0.9802808
5393_8,0.97134733
3552_4,0.9582261
3440_10,0.9879462
12357_7,0.8568123
10850_2,0.047425874
5083_10,0.6804541
790_10,0.6918097
302_3,0.013121271
11160_3,0.0987726
1170_1,0.014957086
6341_3,0.024053553
289_1,0.42474002
3075_7,0.9309621
12016_7,0.94458723
5998_3,0.010986943
5295_1,0.010169657
9712_2,0.02350945
9689_10,0.70659554
9441_1,0.0111580305
7426_10,0.98677725
612_9,0.97068775
4331_8,0.6619229
1016_7,0.22609939
4463_7,0.33220208
9520_1,0.06233104
1557_10,0.9142907
6277_1,0.01048909
2279_3,0.019419348
11591_10,0.98549646
3503_1,0.0145035805
9814_1,0.017712297
11342_4,0.06142404
5133_1,0.016152835
11189_10,0.96814114
2343_8,0.96641046
2234_7,0.9666631
926_4,0.11279541
9829_2,0.01214717
3338_7,0.9124362
4272_9,0.9829547
4826_1,0.029760094
10529_3,0.016152835
12398_1,0.14128141
6965_10,0.89478946
10737_9,0.9722044
9356_1,0.017176708
2087_3,0.012053779
5802_4,0.53849787
6514_8,0.9840936
11607_4,0.25795195
9117_4,0.14953136
2011_10,0.93721074
11952_4,0.47999117
8753_4,0.98527133
5338_8,0.9686196
10799_3,0.06754669
6388_3,0.029760094
4667_1,0.056652423
11302_9,0.9683812
6587_4,0.74539834
6822_8,0.97112906
9725_10,0.9871788
7237_10,0.93721074
7710_1,0.010169657
6090_1,0.01048909
9864_4,0.6710396
9759_1,0.017442483
8926_10,0.10374863
2454_1,0.05623634
4364_1,0.036493763
10672_1,0.010986943
7703_4,0.012053779
7289_1,0.013742321
6370_2,0.72990495
8898_7,0.9740426
245_8,0.9700135
7786_2,0.035144847
12092_8,0.888372
12495_3,0.017309094
2762_2,0.011961098
11009_1,0.009708476
7735_1,0.23231015
5377_8,0.91490096
6074_3,0.010986943
2133_1,0.014842417
2291_1,0.011869121
767_1,0.029986506
2677_3,0.014392335
5801_2,0.01798621
11416_7,0.97262347
7083_3,0.1999321
7268_1,0.013742321
8613_1,0.0153063545
446_10,0.9825575
6513_7,0.36727026
11229_4,0.48023492
11155_4,0.088820286
10298_9,0.8701566
1521_8,0.9766692
5682_1,0.5280467
11575_3,0.0226292
10144_1,0.020804489
5819_10,0.96458924
7287_4,0.020332353
11507_10,0.97262347
10458_7,0.94699025
5935_1,0.01214717
4126_1,0.010818449
3777_10,0.78199726
1720_3,0.012053779
11112_2,0.0123361
6222_9,0.98549646
8019_1,0.045692034
10067_4,0.53801244
5991_9,0.9492946
10203_10,0.97821885
2485_1,0.01784874
5910_2,0.020804489
3940_9,0.98549646
9140_10,0.6949242
9558_10,0.9623913
4582_7,0.5965507
3323_1,0.012241275
5038_4,0.016403032
12405_10,0.9759464
11620_4,0.011961098
8774_7,0.16559312
10164_9,0.82615143
4112_3,0.35644665
629_7,0.01883313
2732_7,0.68299675
4356_3,0.60708094
514_9,0.98421544
168_1,0.01065251
7157_1,0.049958523
11193_7,0.77662295
12163_1,0.019568678
259_2,0.0123361
9977_1,0.011331754
5169_10,0.98228765
7439_10,0.9826909
10261_1,0.03594832
6623_7,0.92683524
2834_9,0.97462875
2930_10,0.937669
3232_10,0.9829547
533_10,0.98549646
6006_4,0.010986943
9029_4,0.020804489
7738_4,0.6018276
52_4,0.011869121
374_4,0.22507578
4502_1,0.06233104
10309_8,0.7606507
7541_8,0.60882664
1874_1,0.34665185
6884_1,0.0153063545
7285_1,0.024053553
3385_2,0.027376488
7078_2,0.028220987
10788_10,0.97684664
6361_7,0.66366893
5761_10,0.92788786
8946_1,0.0460339
393_1,0.045015533
458_4,0.16505408
7435_10,0.98421544
10816_2,0.016914913
1606_10,0.98242307
1742_3,0.056652423
7167_8,0.7394224
1249_9,0.96765566
473_9,0.9863631
3475_9,0.92892635
2316_3,0.014172365
3739_2,0.010013569
4746_9,0.92788786
9924_8,0.81405276
2202_8,0.98159516
11531_1,0.034358688
11138_7,0.98242307
3402_1,0.0111580305
4547_10,0.983597
2786_2,0.88483775
1570_8,0.891055
3095_3,0.020804489
4745_1,0.036220055
165_4,0.0715912
1578_4,0.011331754
495_10,0.9719925
12414_1,0.09842542
1383_1,0.027585285
10438_3,0.01243165
812_3,0.022286188
9588_9,0.89368117
7785_10,0.98201376
11169_4,0.0335895
7476_10,0.882022
8196_1,0.011331754
6526_7,0.8407826
1695_3,0.023330767
11077_10,0.90665317
7642_7,0.6897238
7618_3,0.8499712
353_10,0.98215127
210_9,0.51257056
9455_10,0.9740426
520_2,0.016657041
7615_10,0.98228765
7475_9,0.9780517
6894_7,0.9805807
8622_2,0.0145035805
11149_3,0.022802636
6154_3,0.019271135
2514_7,0.67405045
4359_1,0.07004896
8797_4,0.011687259
10023_8,0.26855758
1212_4,0.55970377
9985_1,0.017309094
4182_1,0.013428254
10662_10,0.9539661
3907_7,0.98282325
11342_10,0.98866826
1483_3,0.01384861
10510_7,0.9585377
8522_2,0.011869121
6049_4,0.014392335
2687_9,0.9736447
9766_7,0.7213508
6792_1,0.011687259
5990_10,0.98677725
11699_2,0.028220987
3446_4,0.0460339
10448_7,0.78596646
5629_1,0.012241275
2831_1,0.010328153
4351_10,0.9843364
2547_1,0.029090757
2778_2,0.025565214
7307_10,0.74871993
11148_3,0.015189049
907_3,0.012722708
2184_1,0.010328153
2030_8,0.97423947
11051_4,0.16721867
9150_4,0.2881683
12418_7,0.9184803
10724_10,0.96095175
8876_8,0.979354
1620_7,0.87831426
12423_9,0.7509182
3642_1,0.08269735
10214_10,0.9403531
4575_3,0.6097566
2692_7,0.8110782
3919_1,0.018546565
11971_8,0.01757688
11676_10,0.7025301
8047_1,0.014281935
4009_8,0.9032942
7929_9,0.79182106
2432_10,0.98657167
8933_8,0.98173577
1375_1,0.2786492
1861_7,0.98087597
10897_10,0.9845754
2828_10,0.01048909
4568_10,0.987375
1535_7,0.68299675
7282_8,0.90397453
12365_10,0.96458924
6682_3,0.8474635
1393_8,0.63770795
7270_1,0.013325147
1680_10,0.96295285
8207_8,0.983597
8612_2,0.012722708
5640_9,0.8879841
96_10,0.9859364
12093_2,0.08210663
2068_9,0.97838473
9799_10,0.8778961
8730_1,0.010169657
1000_3,0.947381
742_2,0.7666432
10432_10,0.9829547
9425_2,0.011961098
11636_3,0.020804489
6564_2,0.01065251
5706_9,0.9805807
8594_3,0.011777842
9488_9,0.79755676
12283_8,0.97821885
6579_3,0.013222822
6738_10,0.9777139
9007_2,0.02096424
2723_8,0.96323055
5115_3,0.7322091
9469_10,0.9230392
1444_1,0.010986943
5688_1,0.01883313
12390_4,0.3681785
1681_1,0.015906392
9048_7,0.8233284
10207_3,0.022457054
3817_9,0.9437636
2200_10,0.97702265
4250_8,0.87663436
12213_10,0.98469365
11602_4,0.7033458
4507_4,0.02479816
3817_1,0.009859855
9394_1,0.08632348
9129_1,0.021615336
3675_7,0.94122344
1670_4,0.52415115
1151_1,0.2821962
8818_4,0.6641048
4810_7,0.9600627
4979_1,0.017712297
80_4,0.08449275
5506_9,0.11838509
7451_10,0.8692713
4539_10,0.95292586
6914_10,0.95430803
2807_10,0.98173577
10229_10,0.96432143
10908_8,0.23899394
7709_9,0.95257413
10872_9,0.98159516
8487_1,0.010328153
1140_9,0.9572778
558_10,0.9750122
9935_8,0.7879312
1084_8,0.9738444
6185_9,0.909907
9278_7,0.40544873
3756_7,0.92892635
4308_1,0.010986943
121_8,0.96909106
11072_8,0.96814114
9420_7,0.9124362
3955_1,0.011869121
9591_10,0.25683197
11176_1,0.014728613
11882_2,0.011687259
12458_10,0.79755676
303_10,0.9877587
3779_8,0.9425068
1805_4,0.11716748
12054_2,0.011331754
1990_4,0.011419616
7331_1,0.013121271
6243_8,0.8056322
7201_1,0.011869121
6230_7,0.7595823
11252_3,0.011508149
8379_8,0.65555656
11890_1,0.5306014
6977_1,0.0145035805
5481_1,0.019568678
6013_7,0.55998194
11638_4,0.77662295
3302_1,0.18713269
4837_4,0.89256257
737_1,0.02479816
6128_3,0.01798621
3749_4,0.11797801
580_3,0.019271135
11031_10,0.9863631
6644_1,0.01107216
8517_1,0.019568678
4883_3,0.011508149
4273_4,0.017442483
404_1,0.010169657
12108_10,0.9861514
10005_8,0.78133065
7140_4,0.67832696
258_8,0.81815636
6746_7,0.936285
7189_2,0.31489265
11626_4,0.2295352
10785_10,0.94891727
11007_1,0.012821214
8987_7,0.8868131
275_1,0.011331754
2554_10,0.9572778
2682_1,0.010986943
3797_1,0.011331754
7383_1,0.01384861
9816_9,0.8255897
11057_8,0.8899121
11901_3,0.041462272
11501_3,0.019271135
11999_2,0.16776335
740_3,0.0111580305
3109_8,0.95565146
2773_8,0.9832145
5725_4,0.012053779
4423_3,0.068537496
4035_2,0.0145035805
6550_7,0.78858316
711_4,0.54933846
10773_4,0.18832396
11202_1,0.012527932
1054_2,0.014281935
2207_10,0.9791955
9809_4,0.12506539
11349_10,0.9761292
5195_4,0.31806135
6881_4,0.48096618
7537_3,0.4518102
99_3,0.22067817
6589_9,0.98549646
11781_10,0.94815457
4337_3,0.022286188
4928_10,0.98173577
6310_1,0.016914913
11867_8,0.14366761
9462_2,0.105948284
12224_9,0.06903793
1195_3,0.009125638
11324_10,0.98481095
11272_4,0.023330767
2461_7,0.8778961
4034_7,0.9780517
2340_10,0.93439513
9827_9,0.96765566
4660_4,0.06418265
2448_1,0.01065251
7485_7,0.2146914
7003_10,0.95150405
6204_1,0.12940274
1920_10,0.95565146
6824_1,0.20370752
6668_10,0.98657167
7359_1,0.014281935
2753_4,0.8311431
7320_10,0.971779
3661_10,0.9861514
1059_1,0.024423089
5067_10,0.97090924
5724_3,0.011508149
11265_2,0.022802636
11331_1,0.013222822
5398_10,0.96124375
9328_2,0.009708476
100_4,0.81873685
6118_10,0.97684664
320_3,0.013325147
4395_10,0.98242307
7256_4,0.26322046
3949_10,0.9777139
7097_1,0.9807288
6971_2,0.019124037
9855_2,0.027169231
457_8,0.979354
9929_7,0.937669
9574_10,0.98173577
12261_4,0.36026397
5228_9,0.9869795
11684_2,0.010169657
7913_9,0.983597
9595_3,0.02350945
10501_10,0.9539661
10610_7,0.84695786
8573_7,0.82782817
1823_2,0.06052939
12070_4,0.17724052
6995_8,0.9566342
4929_1,0.010328153
2555_4,0.083890386
6583_7,0.9830851
2490_1,0.011508149
8203_7,0.8697146
7861_3,0.016029146
2548_2,0.7394224
12291_7,0.96405166
756_1,0.017045317
9275_7,0.8906752
9234_9,0.9843364
10598_10,0.98215127
8252_8,0.1666754
3585_2,0.010986943
11561_1,0.009859855
690_10,0.844409
7203_10,0.9738444
11141_10,0.9804314
5583_10,0.9811669
7341_10,0.98173577
10623_8,0.98242307
868_4,0.010986943
778_9,0.98527133
4653_10,0.79182106
7450_4,0.98102194
8836_8,0.95945925
226_9,0.0705596
464_10,0.98445636
2850_9,0.9750122
10242_8,0.8587186
2403_10,0.9863631
3397_10,0.97966766
1003_4,0.8601343
10940_10,0.9284088
3349_10,0.9859364
5909_1,0.017309094
12021_8,0.97134733
5019_1,0.5641585
1809_7,0.9838472
4435_10,0.9840936
10029_1,0.012920473
8234_2,0.24944724
3760_1,0.014172365
10952_10,0.9850429
1487_9,0.9798227
46_10,0.9843364
4917_4,0.014842417
2000_9,0.98571813
10974_2,0.31447145
11275_8,0.908618
1816_10,0.9845754
4848_3,0.0460339
11730_3,0.36184096
1903_10,0.95759624
12331_9,0.79502225
10360_9,0.97068775
9243_10,0.9686196
10115_8,0.9861514
11417_3,0.012053779
6259_4,0.19132768
316_10,0.97023994
1100_4,0.88759494
7919_2,0.038178276
1871_2,0.014842417
12488_8,0.95976204
10239_9,0.81405276
7832_2,0.011508149
8808_1,0.011331754
7241_2,0.010986943
4412_2,0.013428254
807_10,0.9683812
9728_8,0.62909126
5665_2,0.015784562
491_2,0.011508149
7938_1,0.017712297
3513_8,0.9678993
8942_1,0.011961098
11520_7,0.98228765
11478_3,0.9403531
5627_10,0.14223188
3462_2,0.0824015
5161_10,0.98421544
6545_2,0.011331754
6513_4,0.9073123
3032_1,0.011508149
7403_2,0.037608635
11878_3,0.011508149
11348_8,0.9875683
4979_7,0.909907
7131_1,0.011687259
3972_3,0.029760094
2925_2,0.3539863
5346_3,0.014957086
10709_3,0.054198727
10999_2,0.028007522
5974_10,0.96741027
9008_10,0.98087597
1324_10,0.9834705
10454_8,0.35064372
8336_8,0.16398025
5869_10,0.82782817
9922_3,0.010986943
2081_2,0.037608635
5811_7,0.9693242
1619_10,0.92788786
5461_7,0.97539
9152_2,0.011777842
9071_8,0.9798227
4688_10,0.9688562
8956_10,0.98571813
1883_4,0.01566365
5707_1,0.009859855
7529_3,0.17838266
83_1,0.016657041
10440_1,0.009859855
3673_1,0.009859855
6983_4,0.01627746
2546_4,0.80131465
6698_3,0.039342504
10689_3,0.023689471
9986_10,0.9651191
5614_10,0.23196201
10094_4,0.258326
12468_10,0.98677725
3828_10,0.97068775
10524_2,0.013222822
2016_2,0.06325053
7583_4,0.01065251
4795_8,0.9695556
7564_3,0.028436033
1366_3,0.03461884
508_4,0.016029146
9509_3,0.0460339
1587_3,0.009859855
12376_4,0.05379964
2525_8,0.7468782
2877_2,0.26817408
9485_9,0.96210754
12023_8,0.98159516
11544_10,0.9744348
198_3,0.013020489
4390_1,0.010169657
993_8,0.42703825
7965_9,0.69388795
8865_1,0.009859855
6638_1,0.01798621
141_8,0.9615338
136_2,0.016152835
3004_10,0.9811669
3457_9,0.9666631
11488_1,0.015784562
644_2,0.011869121
8387_9,0.7000752
5026_3,0.7599387
8936_7,0.81640637
453_4,0.79117644
8547_3,0.017176708
10542_4,0.01757688
5231_9,0.89256257
9592_10,0.950411
8591_7,0.97482115
6686_10,0.983343
7246_10,0.98173577
2194_4,0.014281935
11533_9,0.9843364
6109_10,0.89256257
9092_3,0.016914913
11223_8,0.983343
10829_9,0.9861514
9857_3,0.018404892
2223_10,0.04401865
8052_10,0.2230384
11604_3,0.040845715
4448_1,0.908618
5394_8,0.49316448
10168_9,0.95695716
11943_4,0.3526475
7311_8,0.9600627
1362_9,0.8110782
9165_8,0.9759464
12294_10,0.85729086
6086_9,0.98657167
608_8,0.98657167
4592_10,0.08035747
708_10,0.96405166
6548_4,0.96323055
7552_4,0.6934729
9263_8,0.96432143
5393_1,0.011508149
220_10,0.7498207
10640_7,0.98421544
4086_10,0.8221891
11026_3,0.01678549
12466_10,0.9839708
905_3,0.012722708
92_8,0.8413048
11362_10,0.9807288
5030_8,0.9814534
2909_7,0.44601205
8402_7,0.9722044
4046_10,0.97754294
4065_9,0.95695716
6460_4,0.8418256
11108_1,0.12168575
1139_1,0.011869121
2457_3,0.06903793
2675_7,0.1999321
9360_1,0.012722708
5750_8,0.9843364
7125_2,0.97324073
6637_8,0.9730365
3290_7,0.95430803
3979_8,0.95759624
2100_1,0.010986943
10836_1,0.010818449
10904_3,0.03875619
5226_7,0.9161096
22_8,0.9339146
2726_10,0.92788786
11405_8,0.98087597
11204_2,0.080936715
6201_9,0.89256257
1653_10,0.97903574
9500_7,0.9722044
12104_7,0.9804314
1499_3,0.1710612
1415_1,0.0094125895
11285_2,0.8962514
4481_1,0.82615143
10249_8,0.9849274
2391_9,0.98421544
2186_3,0.19193278
56_10,0.9839708
127_10,0.98159516
5509_9,0.051082738
9855_9,0.02350945
7522_10,0.98159516
11751_9,0.9780517
3330_3,0.16776335
4055_8,0.98215127
3694_3,0.33458945
6911_4,0.046378206
9677_10,0.983343
9706_1,0.028007522
426_4,0.011869121
2995_2,0.07751766
7914_8,0.9230392
11344_9,0.82782817
680_8,0.88759494
2094_3,0.31658053
2009_9,0.98657167
7309_7,0.9559813
138_1,0.01065251
2689_9,0.97719735
6050_2,0.014728613
8987_2,0.039937317
2053_8,0.9764905
12245_4,0.24472386
12020_10,0.80685264
10364_10,0.9851576
11581_1,0.01048909
12079_10,0.3203959
6537_1,0.026556572
2739_10,0.94853723
8719_1,0.05033063
9436_1,0.01566365
5029_3,0.027169231
8321_10,0.7799929
7135_9,0.9813107
9512_10,0.880797
6397_7,0.37868884
9457_9,0.94458723
7740_2,0.012821214
10591_2,0.013532149
9856_4,0.012053779
2456_1,0.5574238
10543_7,0.9167081
544_4,0.9433476
3679_10,0.96124375
9042_1,0.030675802
5368_8,0.950411
8276_3,0.069541745
1984_2,0.01048909
4205_7,0.71977776
5765_7,0.967163
5202_1,0.036220055
4127_4,0.95565146
12316_9,0.9843364
657_1,0.011777842
12205_2,0.042403832
3426_10,0.983343
5616_10,0.95531917
11644_3,0.020023443
795_10,0.9757624
12416_2,0.014842417
115_3,0.0111580305
55_10,0.96295285
11187_10,0.89912134
9072_4,0.89478946
875_4,0.4921881
4196_1,0.036769465
293_10,0.048496004
5564_1,0.01395571
6811_8,0.8449215
9135_3,0.032344334
9964_8,0.8620035
981_9,0.036493763
8506_10,0.9425068
4459_9,0.93439513
7609_1,0.013325147
6246_10,0.8824279
5989_4,0.29787827
11839_10,0.98215127
9186_2,0.07211221
3411_10,0.950411
8677_1,0.049958523
9125_4,0.5755134
2166_8,0.909907
11827_4,0.0946777
2574_2,0.31362993
4789_4,0.7166154
1093_4,0.010818449
8195_1,0.024423089
11011_10,0.9012275
3944_9,0.9334308
10606_10,0.87321484
5029_7,0.0946777
9496_8,0.9224824
9256_8,0.97520185
5640_3,0.12592277
8164_8,0.7592254
10413_3,0.13892843
4838_2,0.01678549
12265_9,0.9678993
6222_1,0.01048909
883_8,0.95565146
395_8,0.71780384
1182_7,0.9606575
8701_7,0.8933094
8863_4,0.010169657
10943_3,0.013121271
10692_10,0.9437636
11872_7,0.97754294
4729_9,0.85729086
920_10,0.96814114
9352_4,0.016914913
10095_9,0.95362175
8986_2,0.11124121
7061_2,0.018978037
2746_1,0.013222822
10359_8,0.69097626
6826_7,0.011687259
7075_3,0.34775856
8237_10,0.98102194
9103_10,0.42190903
6538_9,0.6564381
3085_4,0.8499712
10759_9,0.6311397
12249_2,0.047074176
6774_4,0.17553806
3564_2,0.110855594
144_2,0.011961098
12112_3,0.014281935
8166_10,0.96432143
10817_8,0.98173577
7462_10,0.98242307
7626_2,0.0145035805
8221_2,0.0715912
2528_10,0.08663207
6765_3,0.011508149
1267_8,0.98102194
8257_10,0.95362175
11501_8,0.9840936
11196_10,0.9840936
10006_7,0.90665317
2104_2,0.013325147
9067_8,0.102664
4760_4,0.4736572
4372_7,0.9213576
3441_2,0.012920473
10439_3,0.092687786
6604_1,0.027376488
10689_10,0.9805807
11289_4,0.022802636
2051_7,0.95565146
42_10,0.9859364
1567_7,0.0963651
4890_9,0.94539934
2583_1,0.015424551
5376_2,0.013742321
2539_10,0.96485513
390_4,0.020645931
11509_1,0.028870907
7481_8,0.8539127
10840_2,0.009859855
9433_1,0.9755769
7774_10,0.98677725
2654_7,0.036220055
9582_7,0.7248703
1780_3,0.11279541
4032_8,0.5818675
3130_9,0.9849274
1920_3,0.016403032
5056_7,0.7898827
4537_10,0.9805807
2505_1,0.011331754
3942_2,0.018404892
483_2,0.06656919
2771_3,0.009559399
4872_8,0.9539661
7897_1,0.010986943
12039_8,0.979354
11008_4,0.53692
4090_7,0.9241418
3051_4,0.034880888
5700_1,0.011508149
3498_10,0.9532751
5676_7,0.89912134
5565_1,0.0123361
9347_10,0.90665317
4178_1,0.141756
6303_4,0.025957355
1579_7,0.48681948
5783_9,0.15713686
4001_8,0.9730365
11698_2,0.010818449
7029_3,0.012624948
268_3,0.011331754
7098_1,0.9845754
6608_9,0.9875683
1123_1,0.013325147
7523_10,0.7538293
10647_3,0.012624948
12232_8,0.98445636
8103_4,0.79310596
7336_7,0.96124375
7049_8,0.9329437
9694_3,0.55145293
5894_3,0.0715912
10981_4,0.03704717
10104_10,0.98215127
5752_7,0.9522199
2622_2,0.010328153
11529_2,0.01065251
5040_1,0.020332353
1870_8,0.9736447
7368_3,0.037892424
843_1,0.717408
4972_8,0.9309621
4615_9,0.9853843
8191_10,0.97719735
6940_10,0.48364845
4924_4,0.33241874
10392_2,0.010013569
3339_7,0.76977324
3594_10,0.9869795
10354_7,0.27279878
6594_10,0.97482115
11311_1,0.013121271
4409_10,0.98173577
1669_4,0.73866904
7819_1,0.01065251
6704_1,0.01048909
667_10,0.63204867
6444_1,0.09170697
1223_3,0.014728613
10089_9,0.9801293
6699_1,0.010818449
814_7,0.692642
2363_10,0.9615338
1697_2,0.0226292
6345_4,0.01384861
10109_1,0.04208773
4563_7,0.81699115
1924_1,0.051082738
11416_2,0.014842417
539_7,0.9053223
5937_9,0.9840936
1912_8,0.8958876
4135_3,0.039342504
4141_7,0.66562796
7217_2,0.051082738
5538_3,0.07004896
2657_10,0.9814534
6279_4,0.0570714
7706_1,0.19559409
10409_10,0.70416015
6780_1,0.011331754
6251_10,0.9785493
12227_1,0.02096424
1146_10,0.9863631
10977_9,0.97702265
3857_1,0.011331754
7622_8,0.65445316
2548_7,0.8000679
8602_9,0.938576
8885_8,0.93581736
472_4,0.74871993
11700_9,0.9766692
10268_3,0.011687259
7569_10,0.98242307
475_1,0.016529558
4719_1,0.026759284
8851_3,0.0111580305
6320_10,0.92944044
4290_7,0.33545968
7936_10,0.97838473
4616_1,0.015189049
3616_7,0.9651191
4849_3,0.60369825
3689_7,0.98571813
11224_7,0.9500415
8893_7,0.25645936
11126_7,0.9875683
4816_8,0.97112906
5895_3,0.030908957
9373_1,0.013222822
2445_3,0.37593552
556_1,0.0111580305
11855_1,0.936285
11346_8,0.9814534
8621_8,0.96909106
10259_3,0.01384861
2354_3,0.031143833
8477_10,0.971779
11408_7,0.3950175
8490_1,0.12765263
175_8,0.8152325
3376_1,0.015543648
3888_7,0.9744348
11655_2,0.66104823
9630_10,0.9334308
8121_1,0.01065251
10758_4,0.016403032
1979_10,0.9600627
9702_8,0.79692537
1064_1,0.11436852
850_4,0.022286188
1624_1,0.3930355
5885_10,0.9837225
8246_8,0.6934729
4073_7,0.98102194
5116_2,0.81405276
5379_2,0.012624948
75_1,0.028436033
5895_10,0.9073123
10651_9,0.9724148
1776_7,0.9724148
8500_1,0.010328153
11026_9,0.95945925
12195_1,0.01384861
1832_7,0.9839708
11424_8,0.97134733
1744_8,0.9825575
9699_1,0.011331754
11840_10,0.9588471
8955_1,0.10484337
1571_4,0.014281935
6434_9,0.97737074
7214_10,0.94966936
153_4,0.62772304
3914_1,0.33895183
5005_8,0.86060363
8283_4,0.019419348
8846_1,0.010818449
3708_1,0.41362515
5123_10,0.98571813
2868_7,0.9686196
6395_10,0.9834705
5788_4,0.1334152
2380_8,0.9458012
462_7,0.9744348
11697_7,0.9740426
3577_3,0.0140636265
5569_4,0.7745834
348_1,0.011687259
9194_10,0.9849274
1001_4,0.024609927
6869_4,0.357119
7182_1,0.45544085
2089_4,0.03704717
3496_1,0.7641884
938_1,0.01065251
10325_9,0.38421878
786_10,0.97702265
4562_9,0.97903574
2566_9,0.98549646
10732_3,0.02178117
7621_1,0.024053553
11747_10,0.9859364
11271_4,0.06608538
9057_10,0.9843364
12374_3,0.025371313
9130_9,0.89478946
9735_3,0.011508149
4305_7,0.967163
10477_9,0.97903574
5498_9,0.9805807
4452_8,0.9805807
7993_1,0.01395571
3245_9,0.98549646
11289_10,0.30404168
2678_10,0.9811669
6836_1,0.012053779
10936_3,0.030675802
6870_4,0.015906392
10109_10,0.6502452
9907_7,0.38398775
4801_2,0.53525025
3684_10,0.979354
12305_9,0.9837225
530_10,0.95430803
10977_2,0.010328153
9819_10,0.9437636
5057_1,0.03594832
8703_10,0.979354
8997_2,0.07751766
5766_7,0.8056322
9436_8,0.92892635
39_9,0.9871788
6052_4,0.013020489
9748_9,0.97344345
8395_1,0.009559399
688_7,0.021287354
4688_3,0.03904829
6287_3,0.011331754
1945_8,0.65068924
11830_2,0.45048028
4042_2,0.010169657
10160_3,0.02145073
2069_4,0.67854
11039_1,0.01566365
6675_3,0.15713686
9189_2,0.030675802
3683_10,0.9761292
5536_10,0.9656413
11089_1,0.01798621
9064_7,0.9559813
2079_1,0.013020489
648_3,0.021287354
12300_10,0.9802808
5755_8,0.6721165
3460_1,0.010328153
151_2,0.012053779
6990_4,0.028870907
11356_10,0.96741027
3062_2,0.013636835
4310_1,0.015784562
9393_9,0.8418256
5886_1,0.019568678
7359_10,0.9766692
3210_1,0.010328153
4689_10,0.9585377
11111_10,0.9856076
1413_3,0.019124037
2502_8,0.9845754
10737_2,0.044680875
6525_10,0.95791227
4416_4,0.011597362
1705_4,0.04401865
1485_10,0.8812066
4406_9,0.86613256
3365_8,0.9802808
6825_9,0.9853843
9214_1,0.35331663
8171_1,0.12378871
12138_7,0.8494724
2421_8,0.971564
7727_4,0.012527932
8236_8,0.86613256
4802_8,0.9591543
5429_2,0.071073666
6584_1,0.88523525
5429_8,0.97684664
2124_8,0.9814534
11670_3,0.011869121
7527_1,0.012053779
11193_3,0.02178117
3647_10,0.9804314
2084_3,0.6729768
8481_10,0.97821885
2458_8,0.95531917
8705_1,0.13799646
4919_4,0.5571226
1621_1,0.010169657
6059_1,0.010818449
4132_1,0.39560106
10953_9,0.43506122
6692_8,0.98421544
3604_3,0.011508149
6432_1,0.013020489
10932_8,0.9829547
7248_3,0.86748546
3837_4,0.01678549
8770_8,0.9695556
12067_7,0.70212173
7351_1,0.011777842
11556_1,0.92788786
8220_1,0.021948254
8008_4,0.015424551
6500_1,0.015189049
8303_4,0.23300752
6765_10,0.97539
4701_3,0.31489265
8956_1,0.012241275
11443_8,0.971564
7119_7,0.9738444
11761_2,0.039342504
9921_9,0.7592254
2275_9,0.98677725
8849_2,0.011331754
2791_3,0.026155619
9105_10,0.97262347
1991_7,0.96691406
41_9,0.98657167
9259_1,0.26817408
3785_3,0.37937838
12335_3,0.013428254
7020_1,0.014392335
9490_4,0.74871993
11296_1,0.010818449
7641_2,0.083890386
8163_7,0.9462003
7342_10,0.97046465
766_8,0.9811669
5399_1,0.013020489
1565_7,0.9284088
12_9,0.9851576
11574_10,0.9849274
8194_8,0.93581736
6110_10,0.34422296
8108_1,0.014281935
3852_4,0.021948254
11474_2,0.013636835
11554_10,0.85729086
1798_3,0.011331754
11814_10,0.98469365
5072_9,0.8539127
4389_10,0.97997653
8148_10,0.983597
5840_2,0.14080817
1972_7,0.92944044
10169_3,0.012821214
8651_1,0.0111580305
6399_3,0.013742321
8965_1,0.027376488
8853_1,0.109705776
2841_9,0.9814534
6658_1,0.054198727
11515_1,0.012527932
4474_1,0.06325053
8221_10,0.9678993
12204_10,0.9785493
10671_1,0.011331754
7335_3,0.014842417
4050_3,0.7981868
9465_8,0.97262347
11620_8,0.91117966
11998_8,0.9861514
11188_2,0.012920473
6656_1,0.009559399
3416_4,0.05623634
11558_9,0.77932185
2752_4,0.0627892
10330_9,0.9740426
9323_7,0.98677725
12232_4,0.55992556
5699_7,0.97539
1020_2,0.03308598
1161_1,0.027169231
10187_10,0.97482115
4585_10,0.5115946
7570_10,0.93045825
9752_1,0.06656919
4956_1,0.016403032
1355_2,0.023330767
10456_1,0.010328153
8757_10,0.9273633
2286_3,0.0111580305
1297_7,0.09534946
5326_8,0.9849274
11535_10,0.9849274
4783_10,0.9449947
4292_2,0.0140636265
2856_1,0.014842417
450_10,0.9744348
9611_1,0.5435902
2403_1,0.02576056
2037_7,0.87663436
9580_1,0.03410043
1694_7,0.9719925
11385_10,0.9838472
493_1,0.010013569
9013_10,0.9798227
11235_3,0.3044551
10793_3,0.016152835
2197_10,0.8110782
1887_2,0.010818449
6617_7,0.9785493
12028_1,0.0111580305
5413_1,0.45338288
1134_1,0.013636835
1290_2,0.26549944
12241_8,0.41383243
965_3,0.6453435
2044_10,0.9738444
7782_10,0.95695716
6087_4,0.95565146
3600_2,0.06656919
1588_3,0.3918713
10421_8,0.5717666
3390_10,0.9353465
6531_1,0.015424551
9792_10,0.9105454
3755_9,0.9814534
11471_7,0.089136936
10427_10,0.98571813
4011_3,0.013121271
8784_7,0.51208264
10714_9,0.98549646
6031_9,0.9750122
8130_10,0.98087597
4772_9,0.96124375
6599_7,0.9546474
11335_2,0.02017732
6412_1,0.012241275
998_7,0.9585377
9542_10,0.98087597
1490_3,0.009708476
4142_10,0.97423947
8371_10,0.98677725
5457_8,0.9829547
5001_8,0.97462875
150_9,0.98173577
8487_10,0.9787127
10024_3,0.012624948
3687_8,0.9026096
6171_10,0.98646784
5462_8,0.97997653
1372_4,0.021125194
7361_8,0.7833262
1030_9,0.947381
3341_8,0.06052939
7677_2,0.015784562
6584_7,0.98173577
2372_10,0.5001221
5898_9,0.9845754
7370_7,0.8338664
3018_9,0.9856076
4899_9,0.87450653
2385_4,0.25238404
8433_9,0.9736447
1989_8,0.071073666
10401_7,0.03875619
5668_1,0.018978037
11516_3,0.05834584
12419_1,0.03308598
5402_7,0.21011725
10537_9,0.98527133
117_10,0.97090924
6756_4,0.30652705
4051_3,0.033336822
9687_10,0.89143354
11011_2,0.015906392
8460_8,0.98469365
5155_3,0.0145035805
2473_2,0.01757688
4074_1,0.01214717
4730_10,0.9860443
5310_2,0.02479816
6630_10,0.9693242
4363_1,0.010169657
1022_3,0.5577851
8247_10,0.7676898
7437_10,0.983597
3846_7,0.983343
7298_1,0.017176708
11955_4,0.020488555
9448_10,0.9073123
142_1,0.019124037
2260_3,0.01065251
9012_4,0.07369626
5321_9,0.22678365
527_10,0.9837225
2898_3,0.01507263
12302_9,0.98677725
1463_4,0.7217432
5278_1,0.010013569
6450_1,0.01243165
9704_1,0.017176708
2673_2,0.013121271
10175_2,0.01757688
8006_2,0.22405545
9492_4,0.19132768
4595_3,0.41022828
9499_2,0.011687259
7869_1,0.010169657
4047_10,0.9871788
4962_7,0.79565805
4052_2,0.010818449
1423_10,0.92892635
7376_2,0.01566365
1067_9,0.9801293
3289_1,0.027585285
5780_9,0.01784874
2965_2,0.023689471
4127_10,0.98571813
10156_3,0.019271135
11164_1,0.013742321
1422_10,0.92892635
9470_4,0.26435834
7733_3,0.36506045
3814_3,0.022457054
9900_1,0.009859855
5363_3,0.014172365
2878_7,0.78727776
11647_2,0.10484337
1729_1,0.013121271
2263_1,0.032836955
11707_2,0.023153413
10722_7,0.9798227
6321_9,0.38214144
7339_10,0.9869795
8003_9,0.9492946
11009_10,0.9603612
9458_1,0.020023443
10359_1,0.010328153
5530_3,0.012527932
3377_9,0.9825575
2256_9,0.98087597
9036_1,0.009268014
7621_7,0.5281684
9992_4,0.16721867
1004_10,0.9697854
6339_3,0.01461567
5554_10,0.8449215
10128_10,0.983343
4540_10,0.97887486
1410_7,0.9656413
7072_1,0.01784874
4324_4,0.012053779
9611_7,0.16830944
7571_10,0.9863631
11337_1,0.02178117
1169_1,0.023870835
10881_4,0.01678549
8782_4,0.016657041
5357_10,0.9724148
9318_7,0.6466834
9071_3,0.96267307
485_4,0.011687259
3164_2,0.68257374
1343_10,0.98228765
571_10,0.9875683
6749_10,0.9814534
1945_4,0.01883313
8132_3,0.91789335
12380_4,0.01757688
11183_4,0.38827005
10526_10,0.91730267
7234_10,0.9591543
3054_7,0.5614102
5217_1,0.009708476
7106_8,0.96405166
11043_10,0.98677725
8447_2,0.7752647
9744_10,0.9697854
10638_9,0.7711549
8778_10,0.7248703
3666_9,0.86522406
4223_10,0.97903574
1642_2,0.17553806
10541_8,0.8349459
8067_1,0.019271135
11116_10,0.936285
8701_1,0.024053553
6422_8,0.96909106
9168_1,0.01395571
4130_1,0.01048909
8492_1,0.013325147
6430_3,0.015784562
9306_8,0.6800292
10487_7,0.96405166
6687_1,0.8774768
11869_1,0.014392335
9224_10,0.9777139
1625_9,0.98102194
8651_7,0.7189892
3702_4,0.029760094
4470_7,0.021948254
31_4,0.021948254
11316_10,0.9869795
5961_8,0.70821255
4428_2,0.01798621
2540_4,0.010013569
4855_2,0.7483523
9997_2,0.015906392
12214_2,0.019719128
12383_2,0.01812472
12344_4,0.42217705
8147_10,0.9845754
2019_10,0.9830851
8161_3,0.029986506
7312_10,0.53254664
9310_8,0.95257413
11966_1,0.0094125895
8962_1,0.015906392
5661_4,0.02211659
5765_4,0.022457054
10934_8,0.97997653
5801_9,0.87147486
190_2,0.059646945
880_8,0.79438496
10677_10,0.88602656
10520_10,0.9845754
6697_7,0.6202767
11582_1,0.0140636265
1986_1,0.009859855
6021_4,0.013428254
7220_8,0.33090347
5870_1,0.010169657
1459_7,0.96538115
1733_8,0.9795114
7060_9,0.97423947
5249_9,0.9850429
8845_9,0.97887486
10133_8,0.7559974
3041_9,0.98527133
11504_1,0.021948254
6261_8,0.97966766
2942_10,0.9871788
5522_10,0.80685264
4260_8,0.920218
1600_2,0.029986506
1698_10,0.98159516
5823_10,0.81286734
2413_9,0.69678426
7316_9,0.89552265
5963_2,0.036493763
9960_10,0.9728308
6014_9,0.89442116
2357_4,0.009859855
9788_10,0.1576549
8100_2,0.017045317
4099_9,0.888372
10894_2,0.06233104
7940_1,0.015543648
3605_4,0.6073721
11270_3,0.013222822
2306_8,0.9449947
3825_10,0.98159516
161_7,0.91181
12121_9,0.9600627
7916_10,0.91550726
10598_4,0.17050801
3484_10,0.983597
8967_1,0.015189049
4005_2,0.01243165
10355_4,0.67640615
5215_10,0.81757444
943_3,0.015906392
11786_10,0.9840936
5938_2,0.012624948
998_2,0.010328153
4333_4,0.026355354
6606_9,0.95257413
5251_2,0.025957355
4152_4,0.4538669
3148_2,0.7745834
3344_7,0.64467263
9832_3,0.70212173
2689_3,0.17953056
3400_10,0.95565146
4000_4,0.19132768
3934_3,0.9053223
9014_9,0.17441027
2339_9,0.98527133
8833_1,0.053009775
10197_8,0.94165415
8811_1,0.024423089
1805_7,0.9606575
2238_7,0.9559813
2487_9,0.47000673
1737_1,0.01384861
4085_2,0.012920473
5665_10,0.950411
9721_4,0.01784874
10577_9,0.9719925
8892_7,0.54334795
4503_10,0.98187524
9348_3,0.0269635
10382_10,0.95565146
8339_3,0.018978037
5199_10,0.98481095
1897_1,0.016657041
3578_9,0.9805807
9192_7,0.950411
12154_2,0.019568678
5089_2,0.009559399
8988_7,0.73829186
10170_8,0.8984106
6690_8,0.9813107
2549_2,0.029760094
6546_3,0.023153413
5283_2,0.010986943
8131_9,0.9719925
4745_8,0.97134733
7251_1,0.03963884
1829_8,0.98677725
11922_9,0.9802808
10322_1,0.01507263
3163_4,0.014281935
11849_9,0.9838472
11809_10,0.9433476
1275_3,0.07531231
11694_4,0.049589027
12112_8,0.09947021
11212_4,0.9130583
5124_10,0.82949203
5362_2,0.014842417
2680_9,0.98527133
11181_4,0.7839885
4345_1,0.036220055
8916_7,0.56420356
10042_8,0.9840936
10324_8,0.95430803
4425_3,0.9348725
9133_3,0.692226
11028_10,0.987375
1941_7,0.89478946
10142_3,0.23265867
4572_1,0.011508149
10512_1,0.009559399
7180_7,0.89368117
3948_1,0.01384861
1238_4,0.0433658
5269_9,0.4144174
12346_8,0.1480472
11481_4,0.9811669
1943_3,0.010013569
4742_1,0.032100707
2433_1,0.0111580305
4422_3,0.015189049
342_1,0.011777842
736_8,0.94815457
3036_10,0.027169231
9336_7,0.8727817
9205_1,0.011331754
9923_8,0.6619229
8875_2,0.012624948
2023_7,0.41288522
4102_1,0.19012183
11345_1,0.012624948
6736_9,0.9877587
7839_8,0.98421544
8572_10,0.880797
7211_1,0.024609927
6666_2,0.010986943
1978_7,0.98173577
3156_1,0.02145073
3333_7,0.5722746
3720_4,0.78199726
1450_3,0.88161486
8563_10,0.79502225
9087_9,0.9722044
6843_10,0.9851576
3485_7,0.5817784
4259_10,0.987375
10186_10,0.9787127
3312_3,0.10856642
7624_4,0.94699025
7930_3,0.029090757
8407_10,0.96378
1771_4,0.2946207
11919_4,0.01214717
425_2,0.014392335
11795_2,0.011869121
6767_1,0.01065251
2996_9,0.96485513
990_1,0.030908957
3757_3,0.6918097
2981_2,0.01798621
10277_2,0.010013569
662_9,0.44818473
5311_3,0.026556572
3796_10,0.73753643
3846_1,0.56040305
5651_2,0.011961098
6649_3,0.011961098
10779_2,0.107812636
4548_10,0.94966936
7275_10,0.96432143
1605_9,0.947381
3580_4,0.16398025
5712_2,0.010986943
5287_10,0.96323055
3230_9,0.92944044
7936_1,0.0123361
9983_3,0.01065251
9959_7,0.98215127
5739_4,0.07211221
4308_10,0.8778961
4854_8,0.708616
8620_7,0.8305941
7923_9,0.9559813
11686_10,0.967163
8253_1,0.06008665
11030_4,0.8749346
3995_9,0.9804314
10763_9,0.98282325
6780_8,0.87914675
10895_1,0.010169657
11778_1,0.83815056
8512_10,0.6738359
1061_1,0.010818449
10584_3,0.012053779
212_4,0.0111580305
1908_2,0.017045317
10958_1,0.052618954
980_7,0.9492946
2686_10,0.9429286
2088_1,0.068537496
6075_1,0.014842417
9782_10,0.9429286
9180_3,0.23370637
2478_3,0.010818449
1634_2,0.012527932
6810_8,0.9600627
2562_10,0.9142907
3841_7,0.63635314
5387_1,0.018689308
9047_7,0.84695786
4962_4,0.024053553
8597_8,0.6727618
1515_1,0.0111580305
1974_1,0.023870835
9935_3,0.9213576
2404_4,0.30611202
8638_1,0.009708476
8720_1,0.016403032
11411_2,0.015906392
7676_3,0.48169765
11756_9,0.987375
4195_1,0.013428254
11787_10,0.9785493
11838_1,0.013532149
11748_1,0.0145035805
7309_3,0.8311431
502_4,0.38766134
1239_10,0.8524448
8925_4,0.08449275
4242_1,0.012527932
2112_2,0.009859855
6359_8,0.9755769
8034_9,0.9839708
807_3,0.19375686
7852_4,0.2885691
8014_10,0.91550726
4823_8,0.79246426
8448_10,0.70659554
3564_8,0.61068565
858_4,0.96295285
8529_7,0.5722746
6515_3,0.011508149
2646_10,0.9755769
4278_1,0.052618954
5641_7,0.844409
5382_4,0.015906392
3300_8,0.9449947
4849_9,0.9566342
12013_1,0.045352582
107_4,0.75635755
10046_10,0.7745834
9141_10,0.98481095
10297_10,0.98187524
634_10,0.7898827
438_2,0.010328153
11794_8,0.96765566
3937_4,0.04304285
3602_4,0.014728613
11851_1,0.014172365
8690_7,0.9801293
2697_2,0.01214717
805_10,0.9763105
7572_1,0.009559399
10553_1,0.01107216
5246_2,0.014392335
2064_8,0.9032942
11856_1,0.047780063
9026_7,0.920218
4449_7,0.6500231
8579_10,0.9861514
8503_7,0.76977324
5734_1,0.76559335
11507_1,0.01507263
7956_10,0.96295285
11245_2,0.011777842
6142_2,0.02350945
10657_1,0.03594832
7992_1,0.024237636
11347_9,0.59337366
5278_8,0.9511422
6362_10,0.022802636
10214_2,0.5343695
9184_7,0.82949203
2666_10,0.98228765
7527_7,0.97838473
2001_1,0.14414886
12000_4,0.3280987
10302_3,0.12252322
7160_10,0.93439513
2757_10,0.9863631
3792_3,0.6757646
6199_1,0.011331754
10467_3,0.012920473
531_10,0.9829547
8193_9,0.97112906
248_7,0.9839708
187_1,0.012920473
5193_8,0.46125945
5138_8,0.9761292
8467_1,0.64422506
11029_8,0.9656413
667_4,0.16830944
3714_1,0.0123361
8102_4,0.8548847
9195_4,0.010169657
1432_3,0.18300885
9095_10,0.7592254
11510_2,0.015424551
5644_1,0.8539127
2556_8,0.9324533
11887_2,0.48084435
5374_1,0.3306873
5356_3,0.26971015
10209_1,0.024237636
2001_8,0.69388795
6088_1,0.6293191
6140_4,0.908618
11494_4,0.08329193
11631_7,0.77662295
4818_1,0.01507263
10914_1,0.011331754
4472_8,0.97997653
8735_9,0.97737074
11190_1,0.028007522
462_4,0.16238004
6566_4,0.011869121
4598_4,0.5905431
11566_1,0.019870715
2560_3,0.20118472
11969_4,0.028007522
8765_1,0.0111580305
9957_10,0.7201715
5210_10,0.96095175
5007_10,0.97887486
10290_10,0.9840936
10319_1,0.08570928
1848_2,0.01461567
1319_3,0.018978037
11248_10,0.987375
379_1,0.030675802
3469_10,0.98215127
437_2,0.013020489
3648_1,0.3263788
8834_1,0.011331754
3316_1,0.010328153
9563_2,0.19012183
4500_9,0.96210754
6226_3,0.5658386
5653_3,0.0145035805
5415_2,0.010328153
6725_4,0.011869121
9462_10,0.97754294
3471_3,0.39222047
7259_2,0.088820286
8181_3,0.015424551
10749_1,0.02211659
12283_1,0.02096424
402_1,0.009859855
8024_10,0.9651191
11114_1,0.010818449
461_1,0.02517884
10025_2,0.010818449
3358_4,0.5783291
2022_1,0.01507263
12493_7,0.97737074
4131_9,0.98201376
9852_4,0.011869121
7122_1,0.015906392
1994_10,0.96124375
10723_9,0.73753643
3900_8,0.9829547
7741_10,0.9802808
4287_9,0.9394706
10195_10,0.9780517
10941_3,0.01384861
1615_1,0.012053779
12337_3,0.013742321
2259_2,0.012722708
6179_10,0.9879462
138_8,0.9105454
6482_3,0.22067817
10362_4,0.010013569
1341_10,0.98657167
8299_8,0.91117966
7839_2,0.017309094
6659_7,0.8283842
7143_10,0.987375
12445_1,0.010818449
3796_3,0.019271135
4180_10,0.97344345
7775_10,0.9559813
8946_9,0.89029425
1936_7,0.9600627
8387_1,0.01214717
10092_8,0.7588682
5729_10,0.9142907
1399_7,0.9079672
4011_8,0.98215127
7868_8,0.983343
3546_8,0.6893056
8643_9,0.9582261
6033_1,0.01566365
428_10,0.97788346
3385_10,0.98549646
3073_2,0.010818449
4169_8,0.97112906
8191_3,0.67168593
211_3,0.016529558
297_2,0.018546565
4286_8,0.7244806
535_10,0.9871788
4851_4,0.20307463
9707_1,0.01757688
9740_10,0.9353465
5410_1,0.011331754
1436_1,0.030908957
3766_10,0.94417685
2483_9,0.97788346
1937_10,0.9802808
2939_3,0.575588
3372_1,0.010328153
7825_10,0.81815636
7780_10,0.98677725
7656_10,0.9829547
4850_7,0.9881309
5083_4,0.01395571
10429_1,0.027169231
8009_2,0.022286188
10879_4,0.026759284
7328_1,0.045015533
10055_1,0.015906392
11715_7,0.9465967
1547_1,0.011331754
7665_9,0.1592174
6061_10,0.9458012
10800_1,0.012624948
10234_3,0.013325147
11334_2,0.05623634
3106_1,0.017176708
12173_3,0.0153063545
2076_10,0.98159516
4414_7,0.8596637
7679_9,0.9161096
2010_1,0.009708476
9460_9,0.95945925
11261_4,0.0433658
7500_10,0.5853382
9503_4,0.026556572
5937_4,0.52965873
87_10,0.9843364
2968_1,0.01566365
6728_9,0.8146434
9954_4,0.019568678
5875_8,0.94417685
12429_10,0.9390248
11247_10,0.77864933
8879_4,0.9777139
2999_1,0.016657041
11448_8,0.47256178
3629_1,0.010818449
1302_1,0.019419348
10851_1,0.03594832
9533_4,0.010818449
4078_2,0.009708476
7813_3,0.028220987
11284_10,0.8933094
3509_8,0.9429286
11198_3,0.027795624
9197_9,0.91367656
3603_3,0.95362175
6472_7,0.9883128
2410_2,0.061875988
10240_10,0.8283842
6507_4,0.27512974
1511_2,0.06008665
5475_2,0.013636835
5728_1,0.01065251
5294_1,0.02145073
12024_10,0.9719925
2355_1,0.7994423
4088_9,0.9759464
2580_10,0.97046465
9423_1,0.01214717
6836_7,0.98187524
11806_1,0.013532149
8412_1,0.1789559
770_10,0.8548847
1029_10,0.41994527
11288_4,0.7314424
690_3,0.7033458
1925_9,0.98571813
2116_10,0.9353465
8597_2,0.10447732
8734_4,0.020332353
5549_3,0.016657041
5447_7,0.9092645
2519_4,0.14080817
11323_7,0.9403531
9338_1,0.010013569
3299_10,0.98445636
10585_8,0.52634275
3945_7,0.011961098
813_1,0.030908957
1300_9,0.91730267
5849_7,0.7545535
5535_8,0.87997437
3612_2,0.010013569
11064_2,0.018404892
376_10,0.3616155
8504_2,0.0111580305
8198_1,0.0111580305
6485_1,0.01243165
9011_3,0.014728613
6766_1,0.7509182
7282_3,0.34334174
1450_10,0.052618954
10644_8,0.8679338
5424_2,0.81047887
86_3,0.03963884
1221_1,0.012821214
2309_3,0.01757688
5190_4,0.036220055
11498_1,0.47645786
11959_10,0.97046465
10465_10,0.94815457
3922_4,0.9572778
9710_9,0.7181993
2014_1,0.040237945
3791_9,0.7676898
3548_4,0.02297737
6001_3,0.012722708
11920_4,0.05623634
10152_9,0.9851576
10305_1,0.9105454
10626_1,0.015784562
3057_3,0.7826625
5387_8,0.014281935
8138_2,0.027795624
11134_1,0.021615336
8341_2,0.030908957
6687_9,0.98159516
671_3,0.58619714
1156_2,0.01048909
11841_9,0.9724148
7193_9,0.9830851
2257_10,0.983597
5261_3,0.25795195
10475_2,0.01507263
11175_2,0.03963884
8122_9,0.9566342
6266_7,0.98282325
4340_9,0.96765566
331_4,0.6808786
854_7,0.979354
6800_10,0.9884919
982_8,0.97821885
5916_7,0.4666025
5871_2,0.042403832
4106_9,0.98469365
8506_1,0.10052487
4610_9,0.9838472
5086_4,0.074231364
453_9,0.9032942
4611_3,0.014172365
3764_4,0.059646945
7644_4,0.016403032
4037_2,0.014172365
1595_10,0.9763105
7792_3,0.03846619
10068_3,0.031858858
7199_10,0.94539934
2050_3,0.012821214
2460_7,0.9124362
9299_1,0.049589027
6297_4,0.016914913
7797_10,0.81873685
11272_8,0.9686196
7808_9,0.9403531
5806_3,0.010818449
4573_10,0.06705628
3935_7,0.89478946
3502_1,0.014842417
5744_10,0.1384618
10548_10,0.9843364
3746_7,0.6727618
3851_10,0.9849274
2648_2,0.037608635
11397_3,0.012053779
1024_4,0.60358137
4034_2,0.010169657
7010_10,0.7314424
10429_9,0.983343
8086_1,0.011597362
6463_4,0.30362853
3540_3,0.29299974
7608_8,0.91117966
5123_4,0.938576
8139_4,0.5521171
2535_10,0.20307463
4187_1,0.03461884
1711_4,0.017045317
6197_4,0.054600604
4953_7,0.9566342
578_9,0.9348725
4244_10,0.8656789
3893_8,0.97112906
4903_7,0.9314625
9850_8,0.9834705
11450_3,0.012241275
4926_8,0.9755769
804_1,0.22507578
5933_7,0.92944044
4407_1,0.027376488
7951_7,0.9539661
9759_10,0.98228765
3936_8,0.96295285
6998_1,0.12678517
8967_7,0.9795114
5061_4,0.13568954
7787_3,0.24580847
8320_10,0.9875683
967_7,0.2560871
11996_7,0.14080817
4233_8,0.9184803
2494_8,0.909907
6804_8,0.9777139
1452_3,0.8370879
10327_7,0.81815636
1510_1,0.01065251
7223_4,0.29178742
2280_10,0.95257413
4092_9,0.9853843
11305_1,0.010013569
10599_1,0.013532149
9545_4,0.714628
6423_8,0.96323055
12314_1,0.015189049
8470_1,0.013121271
8957_8,0.9241418
1725_9,0.9757624
11127_1,0.31806135
6570_8,0.95565146
10477_1,0.017442483
5503_4,0.40771657
12251_8,0.9559813
3474_10,0.983343
7269_1,0.010818449
997_3,0.074231364
10781_10,0.94122344
6598_10,0.97112906
9225_1,0.018404892
20_9,0.9738444
9671_9,0.9124362
8627_3,0.04369106
12404_4,0.96323055
1110_7,0.9859364
6979_1,0.019870715
9082_1,0.7606507
3626_7,0.8969756
4856_4,0.7004852
11510_9,0.9766692
7024_10,0.987375
1501_9,0.2386389
4185_9,0.083890386
8671_9,0.97324073
2225_10,0.908618
199_4,0.92468774
6027_9,0.97462875
359_4,0.06705628
4065_3,0.0140636265
12333_7,0.1334152
1963_10,0.97482115
9106_1,0.018404892
10478_1,0.0269635
10859_9,0.9825575
357_1,0.01243165
6982_10,0.97068775
460_8,0.9805807
9266_2,0.015543648
351_10,0.9839708
9562_10,0.95759624
9784_3,0.08269735
5949_7,0.9829547
6489_1,0.79438496
1607_9,0.94208187
4482_10,0.9804314
8816_8,0.11436852
2427_1,0.37593552
4838_9,0.9837225
10961_9,0.67661995
6708_10,0.971779
1045_9,0.9241418
3607_3,0.027376488
4325_9,0.9859364
4779_1,0.010818449
4624_9,0.95150405
4564_10,0.6930576
7132_9,0.9695556
506_2,0.01243165
5939_1,0.011687259
3219_10,0.9834705
8620_4,0.70212173
2049_1,0.0111580305
3367_9,0.74502754
7408_9,0.9566342
8850_2,0.01384861
870_4,0.13477592
8056_8,0.04813677
11367_10,0.9863631
6160_10,0.9838472
6712_8,0.50219727
5267_8,0.97068775
1191_1,0.01048909
1513_3,0.047074176
4741_10,0.3989332
9807_2,0.021615336
6926_10,0.94539934
6382_10,0.98527133
6636_8,0.7866228
6592_10,0.9207897
11308_10,0.97423947
10853_3,0.026155619
1774_7,0.6855286
8259_10,0.9851576
8649_8,0.9263037
10739_2,0.013532149
9843_7,0.16885696
5984_10,0.9840936
8658_1,0.02096424
10386_1,0.046378206
3271_4,0.5787458
6167_1,0.009859855
529_1,0.012053779
5696_2,0.123365626
1601_10,0.91181
10744_8,0.8749346
6121_9,0.20882356
2598_10,0.9837225
9209_10,0.98173577
3831_1,0.016029146
7171_9,0.9832145
1850_10,0.9755769
8728_7,0.9683812
7698_7,0.983343
5954_10,0.9832145
7104_7,0.03461884
5617_2,0.08977329
3896_1,0.013121271
4355_1,0.032836955
4212_7,0.8568123
622_1,0.015906392
3368_8,0.73028994
2870_1,0.020804489
12107_9,0.9859364
8016_8,0.9807288
8752_4,0.8962514
10653_10,0.96814114
7245_10,0.9853843
9742_9,0.9780517
7637_4,0.9678993
11903_10,0.92892635
9818_3,0.024987794
373_2,0.014172365
110_10,0.98527133
2450_10,0.9859364
9009_3,0.01048909
9132_2,0.025371313
11076_1,0.026759284
4285_4,0.013636835
109_8,0.024609927
2585_8,0.97719735
7781_1,0.16026603
1359_10,0.8098782
9773_3,0.068537496
10328_10,0.9856076
12063_1,0.4223855
12061_1,0.011508149
555_7,0.96765566
2288_4,0.011331754
1259_10,0.7291342
12098_1,0.012053779
6493_9,0.97997653
324_3,0.031858858
7834_8,0.0111580305
8918_7,0.9184803
10736_9,0.9429286
5272_3,0.28577045
4302_1,0.021287354
646_1,0.86476797
10868_9,0.9719925
9654_8,0.86748546
10790_10,0.9761292
10589_3,0.016657041
6364_10,0.9458012
8477_1,0.013325147
6938_2,0.9019207
9420_3,0.021948254
1527_10,0.9826909
5769_1,0.014392335
1655_9,0.97903574
3917_10,0.9738444
8666_4,0.041462272
11820_2,0.4181919
11633_8,0.7465088
6136_4,0.0111580305
10293_1,0.011687259
1084_1,0.01384861
12287_9,0.9826909
11297_1,0.031143833
6913_1,0.0123361
11371_10,0.93721074
9937_4,0.7295198
11341_10,0.93991333
5233_9,0.98421544
4358_10,0.9881309
10735_10,0.9834705
5234_1,0.012527932
7523_1,0.013742321
5758_3,0.014728613
11916_10,0.97821885
10276_8,0.97719735
5950_4,0.16613355
10329_10,0.9840936
8419_1,0.012722708
3343_4,0.009559399
3640_3,0.013742321
10160_7,0.7690802
1181_10,0.98159516
9181_1,0.0269635
5778_7,0.8322367
3659_9,0.23757592
4695_10,0.9826909
25_10,0.9744348
6127_2,0.01757688
1343_2,0.7017131
1110_4,0.016914913
12166_10,0.9532751
1853_8,0.92788786
6651_1,0.013636835
4927_1,0.01566365
10933_3,0.28378138
6911_9,0.9798227
467_9,0.8370879
2267_4,0.05379964
9005_3,0.0153063545
10493_1,0.013222822
8159_7,0.98282325
10039_1,0.10052487
5147_1,0.49514782
12176_10,0.7701192
9299_9,0.95759624
2824_10,0.947381
7695_1,0.0111580305
8870_9,0.9829547
4063_8,0.2905781
396_2,0.013742321
9016_3,0.016029146
10148_10,0.9856076
2028_8,0.9683812
3738_7,0.9092645
11365_1,0.01461567
9987_9,0.9861514
4050_10,0.9826909
8028_9,0.7866228
10161_7,0.8110782
5997_3,0.19436781
7771_1,0.6435533
765_9,0.9840936
6558_1,0.011331754
9148_9,0.9697854
10100_10,0.9845754
11870_3,0.11436852
143_4,0.04885778
5865_10,0.9606575
2364_10,0.71102977
4695_2,0.0111580305
3150_10,0.98159516
4181_10,0.9606575
8121_8,0.9763105
3263_10,0.9700135
9178_8,0.98228765
11323_2,0.86748546
8922_10,0.97520185
7884_3,0.25720495
6474_1,0.018404892
9697_8,0.8828326
9184_1,0.015906392
9483_9,0.95976204
5353_10,0.9830851
5978_2,0.020645931
7162_4,0.94891727
12175_3,0.011869121
8229_8,0.929951
8618_2,0.010169657
854_1,0.010818449
1379_10,0.32939172
10833_9,0.94208187
2244_4,0.18832396
8145_3,0.01784874
9069_3,0.029090757
691_7,0.9314625
421_1,0.02931223
951_1,0.87663436
4966_4,0.4547143
9116_10,0.9766692
7903_10,0.97539
3684_3,0.61970145
9435_1,0.028436033
4998_1,0.01065251
9698_1,0.010013569
209_10,0.8656789
10314_9,0.89912134
6677_8,0.96323055
3044_7,0.98228765
1322_1,0.009859855
3185_1,0.02178117
6619_1,0.01384861
3765_7,0.01678549
3348_9,0.76803803
11833_4,0.4094569
2250_1,0.012053779
7760_10,0.9511422
8619_8,0.98549646
5790_9,0.9635062
9197_1,0.015189049
4350_2,0.013532149
11545_10,0.98087597
12448_10,0.947381
7160_2,0.01757688
5966_4,0.8558512
5284_10,0.98527133
5276_8,0.01461567
7498_1,0.020488555
10729_9,0.95150405
1827_3,0.009859855
3111_1,0.010328153
8298_8,0.88759494
12447_7,0.7401744
8035_3,0.7287483
1203_7,0.8484707
7620_1,0.018404892
2375_4,0.011331754
4026_2,0.024609927
1925_1,0.0140636265
3658_1,0.011597362
114_10,0.94122344
3386_2,0.027376488
377_9,0.6855286
8855_10,0.93991333
10476_10,0.9840936
9073_4,0.02145073
3255_2,0.014957086
2918_9,0.880797
5221_7,0.9546474
7546_1,0.010986943
8080_7,0.34048522
7434_10,0.37410444
1772_1,0.011419616
2690_9,0.5389832
7133_9,0.9695556
9947_9,0.94776917
11865_1,0.012920473
6346_10,0.96323055
2945_3,0.012624948
3625_8,0.9686196
694_4,0.12168575
6795_10,0.96765566
9353_4,0.34532604
12345_10,0.8062431
5316_2,0.024053553
12204_2,0.05033063
2186_10,0.9688562
5568_1,0.21272226
11080_1,0.013428254
228_1,0.013121271
7795_1,0.014281935
4886_3,0.40615514
11547_9,0.97821885
7494_2,0.030908957
5466_2,0.017176708
3655_8,0.971564
4790_1,0.011331754
12370_10,0.89478946
546_3,0.46471938
11818_8,0.98657167
9426_7,0.83761996
1524_3,0.2934045
6486_3,0.0111580305
5288_3,0.01757688
6797_3,0.009708476
8130_4,0.45704585
4064_1,0.0145035805
4832_1,0.010328153
7232_1,0.01784874
7279_3,0.017176708
8356_3,0.43952933
3556_4,0.24798743
4097_7,0.96323055
7801_1,0.5829066
8393_1,0.01757688
5847_7,0.96814114
4470_4,0.013222822
6922_3,0.015424551
1094_7,0.83169055
10740_10,0.9843364
4933_8,0.9623913
7794_10,0.9869795
7218_1,0.8305941
12470_7,0.81757444
2980_7,0.9863631
10896_4,0.10631887
8652_8,0.8221891
3638_4,0.72056496
9497_3,0.25982568
9266_8,0.9851576
7392_9,0.031618766
10_7,0.8370879
2466_7,0.5431056
1612_2,0.43038675
10262_7,0.37261933
2193_4,0.0570714
179_10,0.9879462
6025_4,0.15456735
7633_7,0.76629364
9716_1,0.01048909
9487_10,0.9785493
9800_9,0.9834705
6424_8,0.5491571
835_4,0.01461567
11351_4,0.21601154
5508_2,0.2666436
12395_1,0.15052764
11986_7,0.9190633
9947_3,0.9219218
11529_8,0.94966936
93_1,0.06052939
9914_8,0.4608348
7953_9,0.9213576
9418_2,0.012527932
9089_8,0.88363826
10337_10,0.9834705
4440_1,0.01627746
890_1,0.011687259
6965_3,0.59231293
6540_7,0.971779
7693_10,0.054198727
6470_2,0.024423089
9262_3,0.034358688
1901_10,0.012920473
5107_10,0.96691406
6013_3,0.7735587
9295_3,0.22884513
3450_9,0.95430803
820_9,0.664758
3207_10,0.9780517
2620_9,0.7435406
9175_1,0.013222822
3058_3,0.03410043
4648_2,0.4351813
2012_9,0.9390248
8131_1,0.02297737
4808_4,0.0705596
9182_7,0.97788346
6829_3,0.028007522
10736_3,0.01214717
12347_10,0.64556694
9973_9,0.979354
5320_4,0.6419837
4462_2,0.54540676
2573_10,0.055412795
5580_1,0.010818449
11771_1,0.17217186
10782_2,0.88161486
7719_3,0.5450436
1897_10,0.8969756
8797_8,0.97737074
5464_10,0.97788346
6480_1,0.012920473
10346_4,0.010818449
9386_7,0.9309621
1027_4,0.92892635
11905_10,0.9825575
7804_10,0.96378
1491_1,0.017309094
6521_1,0.013428254
11835_1,0.011331754
9661_3,0.012624948
9476_7,0.858244
1398_8,0.78464925
7373_2,0.021125194
10278_7,0.987375
1422_4,0.105210535
2823_1,0.014842417
2691_3,0.020804489
5825_4,0.032836955
4113_1,0.02145073
10081_10,0.9329437
6700_1,0.011331754
4482_3,0.9693242
652_8,0.95150405
5364_3,0.022457054
2853_7,0.8484707
4328_10,0.79117644
2636_7,0.97903574
10850_10,0.9877587
12059_1,0.011331754
4135_8,0.53570575
6311_2,0.010169657
12379_3,0.013742321
7288_4,0.023870835
1463_9,0.9314625
2112_7,0.9730365
3942_8,0.8864204
7693_1,0.5963156
2451_10,0.9563089
11441_10,0.91367656
11331_8,0.39618498
7233_2,0.024053553
649_2,0.95695716
6388_10,0.9829547
3861_10,0.9462003
4188_10,0.9219218
10556_10,0.98228765
5855_4,0.06754669
7153_2,0.01048909
9710_2,0.0460339
7607_10,0.9802808
4534_7,0.013325147
11074_1,0.01065251
9650_7,0.9738444
10921_4,0.015424551
6121_1,0.50268555
10458_1,0.73411953
9602_1,0.010818449
9693_3,0.23722236
9188_3,0.9073123
6333_9,0.87663436
8905_10,0.9863631
1335_7,0.96095175
11513_10,0.9429286
6925_10,0.9832145
10928_10,0.98571813
12454_1,0.012624948
6286_10,0.9130583
5163_10,0.98215127
10200_7,0.96691406
3501_10,0.9566342
6574_3,0.37136456
5169_1,0.3098584
2640_8,0.9801293
7117_10,0.98228765
3569_3,0.08210663
9810_10,0.6575384
2080_2,0.02017732
3437_2,0.021615336
7503_8,0.98228765
3753_3,0.79565805
10868_1,0.010818449
12385_10,0.092359796
11870_8,0.9511422
6694_9,0.9759464
11824_10,0.98677725
1750_4,0.7352616
572_10,0.042403832
970_4,0.7098244
12211_10,0.08449275
6972_7,0.98159516
1554_1,0.66061044
8868_7,0.82949203
501_1,0.018264279
2023_1,0.01065251
4272_3,0.014842417
2536_10,0.55157375
2819_7,0.042722195
1810_1,0.010986943
11364_3,0.4707366
6086_1,0.010818449
1901_3,0.010328153
2847_3,0.0226292
6224_1,0.014728613
4305_1,0.011687259
3685_3,0.16291203
6292_2,0.020332353
10626_8,0.9546474
10721_4,0.046378206
8086_9,0.983597
7886_8,0.89912134
6601_2,0.29138398
3806_8,0.19682619
2611_1,0.015543648
1696_10,0.5609743
3823_10,0.6206216
6917_4,0.011961098
9469_4,0.12252322
9498_9,0.97788346
11046_1,0.016657041
6519_9,0.96378
10676_8,0.7570767
3139_9,0.98159516
1098_9,0.9861514
2588_8,0.015543648
9924_1,0.011508149
2131_3,0.011961098
236_3,0.01812472
5390_2,0.015189049
11292_10,0.7892337
4149_8,0.96765566
610_1,0.06754669
10184_1,0.048496004
9123_3,0.63973606
3220_3,0.02297737
9124_2,0.015424551
9103_1,0.031618766
2896_10,0.98242307
8478_1,0.012527932
11845_2,0.025957355
3646_1,0.54031754
12254_7,0.9429286
857_7,0.9804314
592_3,0.49346963
1276_9,0.96641046
5096_10,0.9795114
10725_1,0.01065251
8426_4,0.20434189
10244_2,0.012527932
4786_9,0.25386098
8358_7,0.49902344
5266_7,0.98173577
3581_10,0.9832145
12349_1,0.08694165
3429_4,0.60859406
9807_9,0.9757624
6631_2,0.012624948
4981_1,0.01566365
273_1,0.38029853
733_7,0.9437636
4982_3,0.035144847
2347_10,0.97788346
6263_10,0.97482115
3699_9,0.96124375
2270_8,0.9875683
8095_10,0.880797
3347_8,0.9606575
4161_4,0.7826625
3331_3,0.011961098
6845_3,0.013325147
9272_4,0.080936715
997_7,0.8479678
1798_10,0.9801293
4262_10,0.2520157
4868_7,0.9539661
7487_1,0.018689308
8262_10,0.9780517
12397_1,0.010986943
4786_4,0.10894506
3240_9,0.92944044
10992_10,0.98625773
8209_1,0.015906392
6089_10,0.98481095
9735_7,0.86522406
2554_4,0.6406359
8995_10,0.98159516
5732_4,0.027169231
1088_8,0.96432143
12345_4,0.929951
9364_4,0.52999324
12348_1,0.06008665
3311_2,0.013020489
6707_4,0.23934935
7048_7,0.97090924
9736_4,0.9566342
2975_10,0.97423947
982_4,0.010328153
3227_4,0.10447732
5185_1,0.10557884
2131_8,0.97344345
6941_8,0.9339146
11936_8,0.13706976
2383_8,0.83761996
3057_9,0.9860443
8058_1,0.013742321
4622_8,0.501709
2208_10,0.9449947
12144_8,0.8624676
2737_10,0.9861514
3550_3,0.056652423
2789_8,0.9856076
11757_9,0.98866826
10676_4,0.9273633
2855_2,0.010328153
2740_3,0.010818449
8609_7,0.891055
2147_4,0.07211221
8093_2,0.011961098
10335_1,0.1187934
1098_4,0.02479816
6255_10,0.28061637
7276_1,0.2666436
11301_10,0.98677725
1334_3,0.016914913
8983_9,0.9798227
1694_1,0.01627746
9658_1,0.01798621
8438_8,0.5951397
536_3,0.01048909
7074_10,0.9859364
1992_2,0.029986506
5040_8,0.6136418
753_2,0.016529558
7967_4,0.028220987
3763_2,0.31573597
3953_2,0.04177388
3351_4,0.23686911
1704_8,0.9763105
6817_10,0.9877587
11914_4,0.15869518
12071_10,0.98173577
6969_4,0.37164956
11992_1,0.012821214
11532_4,0.82782817
5253_9,0.9830851
5596_9,0.9861514
6560_1,0.017442483
8082_1,0.010169657
864_2,0.013222822
5929_8,0.0226292
10217_4,0.0123361
11277_4,0.7994423
10701_10,0.7106283
1245_8,0.98187524
10024_9,0.8134608
3344_1,0.26473838
12006_10,0.9339146
1031_1,0.013636835
665_10,0.91490096
10460_1,0.033336822
7038_9,0.7676898
7843_8,0.97344345
5095_9,0.9582261
11426_3,0.026556572
265_9,0.9813107
7163_4,0.052618954
77_2,0.026155619
4709_10,0.98445636
11151_9,0.5576327
2269_1,0.2498131
820_1,0.013428254
1451_7,0.031858858
281_1,0.34466398
6598_1,0.014842417
4341_1,0.025565214
9560_3,0.01627746
4698_1,0.04177388
7408_3,0.39828944
11729_4,0.015189049
11489_3,0.021287354
9711_1,0.013428254
9994_10,0.97788346
586_8,0.983343
8047_10,0.77321637
4531_7,0.67082393
1293_1,0.010986943
7581_3,0.016529558
5129_4,0.5867596
1748_1,0.03704717
8155_1,0.009859855
8827_7,0.02479816
6616_8,0.9736447
1040_9,0.9167081
10942_1,0.015424551
5306_1,0.011508149
8168_1,0.03963884
291_9,0.9826909
383_9,0.9801293
11908_9,0.6673645
7898_10,0.91550726
4043_2,0.020645931
3376_8,0.692642
3067_7,0.8449215
11496_8,0.9719925
9885_2,0.24256429
3554_10,0.97539
2986_3,0.5012207
1332_7,0.1561049
5585_8,0.97482115
5981_3,0.009559399
1556_1,0.010986943
8523_10,0.9603612
11792_1,0.009559399
7610_10,0.9813107
12114_9,0.9678993
8589_1,0.009859855
3898_8,0.98469365
5101_10,0.9861514
9607_1,0.15052764
6673_8,0.971564
7662_1,0.01065251
2241_1,0.1289633
6674_2,0.009859855
7797_1,0.0145035805
6400_2,0.021948254
628_8,0.7962924
4898_4,0.14706452
11592_2,0.05623634
1311_2,0.011331754
5494_3,0.3555511
7067_10,0.9825575
11267_10,0.98657167
6797_10,0.98242307
9987_1,0.011687259
9740_3,0.016914913
6743_1,0.03704717
5302_1,0.01048909
8464_8,0.6045157
7846_4,0.54649615
5990_1,0.009708476
10889_2,0.019870715
11406_8,0.9585377
9093_4,0.01627746
8501_1,0.010328153
8431_4,0.027169231
8076_1,0.015784562
6831_8,0.8344069
984_8,0.98282325
369_1,0.01784874
9668_10,0.967163
2972_10,0.98481095
5611_1,0.01883313
659_1,0.009559399
6360_7,0.66082937
7628_7,0.020645931
5311_9,0.9005298
2005_10,0.97023994
5396_1,0.0433658
1308_3,0.015543648
4737_3,0.10856642
8042_1,0.01048909
11585_3,0.011869121
1182_2,0.10706346
2581_9,0.9830851
10496_1,0.011508149
3561_7,0.6940954
8272_1,0.01384861
6571_4,0.7264256
3125_7,0.6139312
9120_3,0.79502225
12220_1,0.011869121
5783_3,0.025565214
105_8,0.9635062
11885_9,0.9449947
11317_1,0.15304215
7999_7,0.7364006
5800_7,0.9207897
2811_8,0.8484707
7381_9,0.65445316
9828_7,0.6614857
7849_4,0.9458012
8174_4,0.01107216
9320_1,0.011508149
5747_7,0.9184803
11097_3,0.01214717
6472_2,0.011331754
1200_10,0.9832145
10125_4,0.022802636
5422_10,0.9549844
9889_9,0.98677725
7370_2,0.020645931
696_4,0.07921033
8609_4,0.24762337
11850_7,0.28417853
889_7,0.94966936
8695_2,0.023153413
4944_1,0.0123361
6899_8,0.97719735
3388_10,0.97754294
1051_1,0.02096424
431_2,0.013636835
2353_1,0.4256052
5131_3,0.01384861
482_9,0.97482115
1283_10,0.96641046
10884_1,0.01883313
221_9,0.8587186
8688_3,0.01883313
9891_10,0.98549646
705_10,0.9849274
5604_1,0.010328153
4960_3,0.01566365
12439_1,0.03461884
8897_1,0.01065251
3549_8,0.9722044
7301_7,0.056652423
8183_3,0.891811
7751_10,0.88161486
9084_9,0.9465967
3048_1,0.092687786
8443_1,0.008985428
3373_3,0.01065251
3867_4,0.38156515
604_3,0.012821214
2162_1,0.011331754
4367_9,0.9740426
10255_10,0.9840936
1909_9,0.9433476
1446_3,0.021287354
1247_1,0.01757688
2703_1,0.01048909
921_1,0.015189049
156_9,0.88363826
7516_4,0.12168575
6155_4,0.24653335
8991_3,0.25982568
3813_3,0.44730943
551_4,0.054198727
12326_1,0.012920473
5102_3,0.94458723
10901_3,0.009559399
1517_1,0.010986943
8762_10,0.9838472
1282_10,0.9871788
2531_9,0.7033458
7764_8,0.97788346
2906_8,0.9757624
6730_7,0.75851065
7749_9,0.983597
7765_3,0.26855758
12412_7,0.55665565
582_4,0.03594832
5792_1,0.024609927
2174_7,0.87621135
7605_10,0.98201376
2721_1,0.011331754
2151_10,0.9859364
8152_1,0.011687259
6488_7,0.21337716
9446_8,0.8305941
10617_8,0.8509647
12455_2,0.7889086
7377_10,0.96182173
11891_2,0.23510839
4319_4,0.015424551
1050_9,0.9309621
9109_2,0.02517884
10500_1,0.011508149
11749_7,0.883236
12250_2,0.18126322
1193_2,0.012722708
8313_8,0.87191176
8918_4,0.01214717
7122_10,0.9755769
6210_8,0.9449947
10050_8,0.9849274
4921_10,0.983343
1857_7,0.91964257
9718_10,0.98201376
2482_1,0.01065251
2624_1,0.02017732
3284_2,0.01243165
11435_3,0.7090191
10971_7,0.9572778
2606_4,0.85195273
7540_9,0.9859364
10929_4,0.9813107
8566_8,0.11476479
4693_1,0.012624948
1281_2,0.026759284
267_1,0.010328153
2133_10,0.86153823
6762_8,0.971564
1043_9,0.96267307
2812_4,0.10194652
6981_4,0.01395571
4038_9,0.937669
4256_10,0.74539834
8206_1,0.010169657
2060_2,0.21141681
7372_1,0.01812472
732_3,0.035144847
5367_7,0.9518632
9765_10,0.98481095
8843_4,0.012624948
9723_10,0.9722044
11966_8,0.77662295
5087_8,0.4821853
9379_9,0.9623913
9615_2,0.011687259
991_7,0.9635062
4461_4,0.01395571
5857_1,0.012821214
2358_3,0.057493284
5247_10,0.7994423
12430_8,0.6279512
5943_4,0.13028543
11917_10,0.9840936
4144_4,0.9695556
3128_7,0.9213576
5152_10,0.9791955
8028_1,0.045692034
788_1,0.014957086
9552_2,0.4743877
12051_4,0.013532149
701_4,0.67832696
5738_7,0.01214717
5953_1,0.01048909
3694_10,0.9740426
12371_10,0.9840936
650_10,0.983597
3772_8,0.6710396
3919_9,0.92892635
12420_10,0.9026096
6164_1,0.011508149
12202_10,0.9826909
4142_3,0.016152835
285_4,0.022457054
9190_4,0.0433658
9297_10,0.96485513
2857_1,0.011869121
5576_10,0.9736447
7603_1,0.010986943
1987_10,0.8333246
6978_1,0.010818449
2390_3,0.011869121
662_4,0.01395571
7957_1,0.8454327
3009_2,0.024237636
9574_1,0.012527932
703_2,0.017176708
11871_4,0.02350945
8056_2,0.08977329
11468_2,0.01678549
7549_10,0.97023994
4506_1,0.44010827
160_1,0.02517884
2400_1,0.058776557
146_8,0.8509647
1174_7,0.9801293
1623_2,0.1592174
2909_1,0.017309094
9284_3,0.016529558
753_7,0.6022955
456_1,0.031858858
329_1,0.012624948
1996_10,0.9843364
7468_10,0.8198933
11219_3,0.18010665
5749_8,0.979354
1563_2,0.026355354
9713_8,0.017176708
12467_2,0.010986943
5686_2,0.011961098
6424_2,0.012624948
11137_10,0.98549646
5613_7,0.9224824
2113_2,0.01065251
8623_8,0.9124362
2086_10,0.9863631
6846_8,0.9813107
3230_2,0.01812472
4973_4,0.05033063
2935_2,0.027795624
12176_1,0.016029146
6272_9,0.11436852
728_10,0.9339146
9843_2,0.017045317
4897_2,0.013742321
12121_3,0.011508149
11934_4,0.27590945
1453_2,0.019870715
9676_9,0.9656413
3072_10,0.9744348
6667_2,0.97023994
8932_9,0.9814534
9452_10,0.89218736
953_2,0.13028543
3268_3,0.02145073
6276_1,0.0111580305
2522_3,0.013428254
2630_10,0.98571813
2031_10,0.95695716
3754_10,0.57060057
10791_1,0.010986943
7755_3,0.037892424
11180_10,0.98677725
8020_9,0.9492946
3767_4,0.9785493
3519_10,0.96814114
8180_9,0.9465967
11639_4,0.03875619
7540_2,0.011331754
4746_1,0.1576549
4027_1,0.11279541
952_1,0.20307463
4070_1,0.57230455
8346_1,0.7745834
1499_9,0.85729086
1601_4,0.010013569
1698_1,0.05834584
3055_3,0.09170697
7744_1,0.028007522
3183_8,0.9813107
9482_1,0.0226292
3712_4,0.12721826
9260_4,0.96378
10042_1,0.032836955
3873_3,0.0894546
11273_10,0.56334794
2918_1,0.6526843
1292_3,0.012821214
1837_2,0.22746934
4650_4,0.019419348
8686_4,0.0570714
11307_8,0.30735803
10044_2,0.017045317
12035_1,0.026759284
2259_9,0.95976204
6582_1,0.89552265
10194_1,0.0153063545
7932_10,0.23545979
8064_8,0.9606575
5017_4,0.7314424
6456_9,0.97997653
10768_8,0.9850429
9479_10,0.97046465
9734_4,0.034358688
2245_1,0.0145035805
7275_3,0.01798621
1193_10,0.98469365
3883_4,0.0627892
5456_3,0.57478267
10014_2,0.047780063
8045_9,0.9079672
9093_7,0.9309621
9971_1,0.013742321
1052_3,0.9437636
10952_1,0.014172365
3449_7,0.94776917
2488_1,0.2782568
8422_3,0.3829488
1541_10,0.9750122
11863_1,0.011687259
10102_2,0.1789559
3838_9,0.97324073
8538_3,0.05834584
12432_1,0.010328153
6339_10,0.9838472
1860_10,0.97838473
11402_1,0.013121271
10770_2,0.017712297
8046_8,0.97702265
2748_3,0.35465655
361_9,0.9465967
8427_10,0.9832145
11792_10,0.9719925
10331_9,0.97838473
3506_1,0.011508149
7374_7,0.98242307
5658_9,0.9761292
7170_2,0.2285006
6144_1,0.02096424
5035_7,0.9829547
4566_3,0.027795624
9544_1,0.010986943
1959_9,0.107812636
2390_9,0.98571813
4960_9,0.9829547
3425_2,0.009859855
4000_10,0.9859364
12418_3,0.48840538
9771_10,0.983597
621_7,0.547706
3510_1,0.009708476
6893_7,0.6021786
3680_9,0.95791227
3118_9,0.9600627
5433_7,0.83601975
8381_9,0.91964257
10205_10,0.9825575
1437_1,0.015906392
5675_2,0.02017732
1597_7,0.9658996
1549_1,0.013428254
11391_10,0.96641046
12101_8,0.98187524
9356_8,0.9603612
10128_1,0.035144847
11249_4,0.0460339
12441_2,0.014392335
7486_2,0.019124037
4905_9,0.96095175
5441_1,0.034358688
2613_10,0.96538115
10351_3,0.01784874
10459_10,0.9861514
2565_8,0.9730365
1338_1,0.014842417
823_7,0.96538115
8924_7,0.9750122
1382_10,0.34687307
4150_7,0.044680875
6004_8,0.7962924
2508_10,0.8828326
10935_8,0.97903574
692_7,0.96378
7778_10,0.9829547
2016_10,0.9700135
1042_3,0.030214587
7823_1,0.0226292
149_1,0.037326884
5551_3,0.3259495
366_8,0.971564
3483_10,0.9851576
278_1,0.0111580305
9951_4,0.08819005
2731_10,0.9859364
4403_10,0.98582757
5307_1,0.039937317
8185_9,0.98934746
11059_8,0.9522199
10273_10,0.9666631
5336_4,0.012722708
5147_7,0.41698954
1525_1,0.011869121
8507_7,0.9777139
8501_10,0.9780517
2424_2,0.30074558
8959_9,0.98527133
11318_8,0.97997653
1270_8,0.96909106
1655_1,0.013532149
10161_1,0.01065251
8531_10,0.31320962
9144_4,0.6581979
1201_2,0.028436033
11822_10,0.9801293
11486_3,0.01812472
8038_10,0.9849274
1981_2,0.1999321
11901_10,0.9871788
5441_9,0.98087597
11709_9,0.97821885
9333_8,0.9761292
7881_3,0.24544656
2815_9,0.44848666
3251_3,0.014392335
1792_3,0.0153063545
8625_2,0.01461567
4221_3,0.16885696
2742_10,0.98187524
11118_4,0.7405498
11613_3,0.029760094
6104_1,0.03138043
3046_1,0.011777842
8729_4,0.03704717
1827_10,0.9766692
762_7,0.7325918
8855_2,0.011508149
7573_3,0.01461567
8616_4,0.22270015
4830_7,0.93581736
6646_1,0.7394224
8746_4,0.3306873
1875_7,0.79692537
1221_10,0.98469365
11842_2,0.009859855
3002_1,0.24472386
5776_1,0.042403832
5479_10,0.9700135
6034_4,0.011687259
10984_1,0.6992544
12043_2,0.011687259
4961_8,0.9813107
9601_10,0.13939638
2216_4,0.016657041
1189_10,0.98215127
8461_4,0.0269635
2575_10,0.983343
3782_1,0.01566365
8927_8,0.95695716
7006_4,0.013532149
6103_7,0.7279754
3218_10,0.9840936
797_10,0.95945925
76_4,0.5304798
9497_7,0.7348813
9637_1,0.03963884
1070_10,0.9845754
9732_10,0.017712297
8144_3,0.028007522
6247_10,0.11436852
10230_7,0.9834705
10731_3,0.012920473
740_8,0.58684844
2145_8,0.9755769
834_8,0.91367656
6621_10,0.979354
1749_4,0.051462766
5730_10,0.97821885
11167_4,0.06656919
1106_9,0.9546474
8152_10,0.947381
11968_8,0.5829066
7728_9,0.9728308
237_1,0.011331754
10754_1,0.013428254
1055_10,0.9861514
65_7,0.9563089
4092_3,0.015189049
3337_7,0.97719735
3163_8,0.06754669
7645_1,0.009859855
10883_1,0.0111580305
4597_7,0.82275945
11850_1,0.016914913
1025_10,0.98201376
11908_2,0.010986943
7838_4,0.8951567
7725_7,0.9750122
8146_9,0.9838472
3741_8,0.9879462
323_2,0.0145035805
8244_3,0.02178117
4593_1,0.016152835
6902_1,0.012241275
1791_1,0.018978037
11490_10,0.7892337
4200_1,0.018689308
1611_2,0.024423089
3215_10,0.98657167
5864_10,0.014842417
3776_1,0.24580847
6356_9,0.9829547
9139_10,0.8037906
5115_10,0.9750122
3064_10,0.98282325
149_9,0.97423947
2873_3,0.013636835
3790_1,0.080936715
3136_9,0.9591543
1696_3,0.84695786
4961_2,0.7898827
11918_10,0.98677725
3663_10,0.9863631
8115_3,0.81167597
3690_8,0.5183024
11431_1,0.011331754
3830_10,0.81047887
11896_10,0.9837225
8753_10,0.97788346
10121_1,0.41822162
1142_7,0.983343
7188_7,0.9572778
7044_1,0.011777842
11750_4,0.010818449
7688_10,0.98159516
12292_10,0.98571813
5533_1,0.57475287
4147_4,0.017712297
8515_2,0.01461567
10756_3,0.05340333
11899_10,0.9807288
11867_2,0.01883313
7814_8,0.9736447
1855_10,0.9881309
10357_2,0.01461567
5218_1,0.321247
6641_9,0.84695786
5777_10,0.6254381
11982_1,0.0111580305
10980_10,0.9801293
8585_8,0.87191176
941_2,0.014728613
1697_7,0.840259
9872_8,0.9829547
2377_4,0.032589745
2033_8,0.9092645
5864_1,0.013222822
4295_7,0.98282325
2610_1,0.009559399
1730_10,0.59819484
11095_8,0.9787127
1699_8,0.83761996
344_9,0.9832145
7136_3,0.012722708
2402_10,0.9005298
472_10,0.8976953
170_7,0.9241418
7019_1,0.063714996
11798_10,0.98549646
7549_2,0.010169657
8414_10,0.8710367
573_3,0.30569732
6678_1,0.9059898
10002_3,0.3429015
3905_3,0.6564381
1849_4,0.036220055
7959_2,0.2498131
597_4,0.069541745
2719_8,0.938576
10519_1,0.009708476
6112_1,0.013020489
1322_9,0.9658996
12415_8,0.9825575
6727_1,0.021125194
12393_1,0.013222822
8545_9,0.98481095
528_7,0.9403531
12267_8,0.9825575
5842_10,0.9273633
8471_2,0.48121005
3912_9,0.15052764
4831_8,0.98173577
5767_3,0.011777842
10631_9,0.9766692
8069_8,0.9791955
190_9,0.9853843
12343_7,0.5754688
645_1,0.011331754
10326_1,0.011687259
11271_9,0.7866228
11808_8,0.9829547
3200_2,0.015424551
4518_2,0.01065251
8307_2,0.053009775
2057_10,0.9757624
3705_1,0.014392335
11581_7,0.97112906
11777_9,0.7631309
1367_3,0.24220563
12248_9,0.9826909
2994_8,0.9656413
5170_1,0.014392335
8781_7,0.9588471
9137_1,0.013325147
9970_4,0.6203916
3412_7,0.7789858
9399_1,0.009708476
7917_8,0.7545535
1157_1,0.36229205
12489_10,0.97702265
5365_8,0.9736447
9295_10,0.8951567
11505_1,0.011869121
8647_4,0.01384861
6609_2,0.31447145
6859_1,0.40603742
2436_10,0.9334308
4255_4,0.20497774
12347_1,0.24400252
4237_4,0.014392335
11687_10,0.9807288
2964_7,0.8146434
2836_4,0.0123361
1944_4,0.9207897
3218_1,0.013428254
2752_10,0.9883128
9994_3,0.018978037
11566_8,0.9850429
5741_10,0.9814534
7127_10,0.8868131
11864_2,0.01798621
5159_9,0.97903574
658_3,0.1877276
10177_3,0.6680145
4843_1,0.011331754
1441_1,0.664758
2741_2,0.016914913
6045_3,0.016152835
7020_8,0.9826909
2120_1,0.01566365
2336_1,0.01065251
10167_9,0.78596646
10251_3,0.036220055
9335_4,0.07211221
6670_3,0.16776335
9937_7,0.04369106
3258_7,0.96124375
3234_7,0.97684664
3601_1,0.015543648
5635_9,0.8828326
11427_7,0.9678993
3349_4,0.0123361
1334_10,0.9437636
10474_10,0.987375
2361_10,0.9785493
1471_2,0.02017732
10705_10,0.9566342
10559_7,0.7498207
3070_10,0.9850429
10087_1,0.014842417
1952_7,0.82275945
682_9,0.6867903
6576_10,0.98657167
956_3,0.019419348
3960_1,0.12765263
62_2,0.0145035805
3200_8,0.98677725
2127_1,0.010013569
6878_9,0.9861514
1600_10,0.97966766
11995_7,0.28298813
5239_2,0.11476479
6018_7,0.983343
9185_1,0.2814056
4707_7,0.7201715
12407_10,0.9801293
5831_10,0.9859364
2264_7,0.9329437
7226_8,0.7033458
6337_7,0.8933094
5047_3,0.74871993
228_10,0.9802808
4230_1,0.019271135
4058_8,0.98228765
5634_4,0.009708476
11680_1,0.011419616
1320_9,0.9807288
12461_8,0.97754294
10076_10,0.97423947
9170_8,0.9688562
4519_10,0.9801293
5906_2,0.07978202
2065_8,0.937669
8453_10,0.9826909
262_1,0.015189049
454_10,0.98228765
11532_8,0.98228765
8169_2,0.9522199
6873_8,0.9207897
10061_4,0.055412795
11565_4,0.04115289
258_1,0.33458945
5896_1,0.0145035805
4395_1,0.010013569
3774_1,0.036769465
12340_8,0.026355354
7497_8,0.98102194
4321_2,0.44066387
6258_2,0.01048909
3950_1,0.01065251
9998_8,0.98657167
3524_8,0.9787127
2003_10,0.96182173
10366_3,0.11397346
2602_10,0.98421544
8684_8,0.9755769
12268_9,0.9700135
4846_8,0.76838577
5969_1,0.03963884
173_4,0.010986943
2790_10,0.9860443
2637_1,0.016529558
10239_1,0.014957086
5120_9,0.98527133
3802_10,0.9572778
6897_7,0.33220208
8478_9,0.9532751
2441_4,0.028870907
4827_1,0.09170697
4326_1,0.01566365
252_3,0.012527932
7201_8,0.23057307
801_2,0.79755676
10008_4,0.06903793
6740_10,0.9832145
674_3,0.40339062
6341_9,0.979354
1882_7,0.87191176
10843_10,0.98159516
1593_4,0.03541073
3592_1,0.54910046
4658_4,0.8250265
2564_2,0.012722708
7229_9,0.92788786
4186_1,0.011331754
10227_3,0.025371313
4580_3,0.049958523
10367_3,0.091058284
10034_9,0.91550726
6834_10,0.9869795
11326_9,0.9334308
4683_1,0.057918087
5596_1,0.012722708
4238_3,0.011687259
11881_10,0.9309621
11910_2,0.031143833
934_1,0.013636835
3660_8,0.9869795
365_1,0.010818449
3677_9,0.9837225
6522_10,0.8062431
3167_10,0.92523
6104_10,0.9224824
2584_2,0.5107405
4264_8,0.9549844
5648_9,0.97903574
1863_9,0.96909106
7464_10,0.98201376
7643_8,0.91181
7030_10,0.98677725
2768_2,0.01065251
3845_1,0.012053779
11590_10,0.96814114
8578_3,0.17953056
8733_9,0.8037906
4099_1,0.016152835
5810_1,0.01627746
442_3,0.21141681
1374_9,0.93721074
7704_10,0.021125194
4526_1,0.01065251
2978_8,0.98549646
3096_1,0.0123361
1589_9,0.98173577
11197_7,0.9801293
6751_8,0.98159516
10043_10,0.9763105
4045_2,0.009859855
7706_8,0.79438496
1876_10,0.9518632
4224_9,0.9777139
10833_1,0.027795624
11549_10,0.7981868
7081_8,0.98242307
6410_8,0.9511422
10609_9,0.9791955
9910_1,0.011597362
4474_7,0.79117644
9775_9,0.98187524
9245_10,0.9834705
11514_8,0.9840936
3182_4,0.6712551
3127_3,0.046378206
7311_1,0.013636835
4266_10,0.9826909
12410_10,0.971564
7548_1,0.0570714
10446_2,0.11476479
4854_2,0.16995624
1152_8,0.9859364
11660_4,0.40721554
3452_2,0.013325147
2401_7,0.84645087
11703_7,0.91117966
4053_2,0.01065251
4882_9,0.97482115
8050_7,0.91789335
9053_4,0.07585818
12313_10,0.9883128
12085_1,0.01566365
2130_2,0.011508149
8499_10,0.8976953
9230_3,0.032100707
2697_10,0.9863631
7682_3,0.03410043
1473_7,0.42883128
3124_4,0.009559399
10694_10,0.98087597
11541_9,0.86060363
7033_10,0.97737074
305_10,0.882022
12164_8,0.92523
7594_2,0.21733752
2101_3,0.022457054
9579_2,0.024609927
1482_4,0.6984323
4362_1,0.011869121
1263_9,0.98173577
2543_9,0.9838472
8642_1,0.01757688
229_1,0.020332353
12045_10,0.96691406
810_9,0.98469365
5188_7,0.92683524
2690_1,0.01812472
922_3,0.0140636265
10957_10,0.98571813
9275_3,0.011331754
7289_10,0.98242307
1809_2,0.01566365
11846_1,0.92944044
5888_10,0.98657167
1506_7,0.79692537
6255_1,0.009859855
4995_7,0.9073123
2423_1,0.011508149
4030_8,0.82104415
4839_7,0.97112906
364_1,0.16995624
3510_9,0.9838472
2092_10,0.983343
600_1,0.013325147
5490_9,0.9850429
9442_8,0.14657521
5330_8,0.73753643
10858_10,0.9697854
2746_8,0.9511422
848_9,0.94966936
6713_1,0.9572778
8274_10,0.98282325
2507_1,0.01627746
4558_1,0.012821214
957_2,0.013532149
11667_8,0.9026096
2374_2,0.01214717
8156_1,0.054198727
1080_8,0.8872046
11274_8,0.9079672
12467_10,0.9875683
5941_1,0.91367656
6205_1,0.015784562
4517_9,0.966156
102_4,0.28378138
6022_8,0.9744348
10054_3,0.032100707
3907_3,0.012722708
5232_8,0.21403357
10064_2,0.92683524
6529_1,0.107812636
11003_1,0.0094125895
9151_7,0.9763105
6612_8,0.93674946
12189_10,0.9339146
6510_2,0.080936715
3129_7,0.692226
7864_2,0.019124037
11603_3,0.49609384
10741_9,0.9829547
2235_7,0.8489722
2125_2,0.09434342
2050_10,0.9807288
8397_1,0.013325147
5275_1,0.2708658
7755_10,0.98549646
12065_4,0.8146434
269_8,0.9465967
1933_2,0.6725468
9182_3,0.35936415
3153_10,0.92944044
3922_7,0.9719925
2674_3,0.012241275
7407_4,0.020645931
737_7,0.12549345
5223_1,0.12549345
10937_1,0.029535338
9026_4,0.059646945
1564_8,0.98187524
1724_10,0.9785493
1224_3,0.54116637
8536_4,0.010986943
11215_8,0.3229529
3063_10,0.98677725
9559_9,0.17781086
5165_2,0.054600604
9396_1,0.31489265
6404_1,0.010818449
6019_1,0.8025555
7249_8,0.6664968
1765_1,0.01065251
7685_4,0.57701874
8196_10,0.9869795
11749_1,0.036493763
1257_10,0.8305941
3488_8,0.96378
8605_8,0.9813107
6697_4,0.09434342
11540_1,0.014392335
6262_4,0.0930168
1998_8,0.929951
3019_1,0.0111580305
1087_2,0.019568678
8356_8,0.83815056
10036_10,0.97539
10547_10,0.9738444
2562_1,0.017309094
5096_3,0.036769465
12128_1,0.013636835
2574_10,0.9764905
10144_8,0.9736447
3678_1,0.011597362
2579_2,0.300335
6695_7,0.1766716
1465_7,0.9837225
11846_9,0.93581736
1219_9,0.98549646
4936_9,0.9883128
12382_4,0.31784958
8807_1,0.017442483
7700_1,0.092687786
4209_8,0.9850429
10178_10,0.95257413
9835_8,0.87234735
161_3,0.015424551
670_3,0.48999158
7158_10,0.947381
9502_4,0.017176708
9880_1,0.017712297
39_3,0.4707366
11161_9,0.6102212
12026_9,0.9850429
4439_3,0.0153063545
8303_10,0.94122344
408_7,0.880797
1065_9,0.6307987
5188_2,0.011687259
929_10,0.97903574
4765_7,0.979354
2117_4,0.02145073
6653_4,0.013532149
2342_1,0.016657041
8445_1,0.01243165
1708_1,0.017176708
7995_10,0.844409
1104_4,0.13072868
3847_1,0.01883313
7276_10,0.98159516
11269_7,0.7472472
3158_1,0.31700325
11061_1,0.01048909
851_7,0.9161096
8214_2,0.021287354
9174_1,0.016152835
7040_3,0.2885691
4082_4,0.14080817
3553_8,0.9353465
6733_10,0.9623913
4910_3,0.9559813
10149_1,0.010328153
5609_4,0.019568678
4174_3,0.032100707
9213_1,0.029760094
2881_9,0.97344345
1408_3,0.29543313
10832_1,0.5798763
7216_3,0.28577045
9905_10,0.9877587
9050_3,0.04054074
3789_4,0.016403032
6490_8,0.6623598
7649_7,0.95257413
6901_8,0.87621135
11597_9,0.97539
3259_1,0.011961098
5936_3,0.199308
1214_2,0.16291203
2840_1,0.01507263
1956_10,0.9777139
2392_2,0.011597362
239_9,0.9840936
6860_8,0.11596072
1716_9,0.98445636
9595_10,0.28577045
1630_1,0.016403032
11293_3,0.028436033
8288_10,0.97482115
6618_7,0.96432143
12378_1,0.01395571
11560_1,0.010328153
12124_8,0.96210754
486_10,0.17838266
6654_3,0.05223086
6915_10,0.4855997
8773_1,0.8255897
10211_4,0.81873685
5769_9,0.936285
10038_4,0.012624948
3737_9,0.98087597
11512_1,0.030444348
8025_7,0.9666631
397_7,0.9224824
10670_9,0.94815457
11648_4,0.04401865
10361_1,0.011687259
12439_8,0.983597
9958_8,0.5400144
8659_1,0.023689471
12400_1,0.015784562
10680_7,0.46283722
2435_10,0.83761996
5506_4,0.010986943
9025_3,0.25128007
5749_4,0.01395571
5090_1,0.013222822
2688_9,0.93991333
8397_10,0.97737074
8610_8,0.93991333
9398_10,0.98242307
5144_10,0.98159516
10797_10,0.9546474
9623_2,0.41321075
3269_8,0.9623913
5480_7,0.908618
43_1,0.013532149
4156_1,0.046378206
1629_1,0.032836955
6536_10,0.9787127
8384_1,0.013428254
2820_10,0.9825575
7976_3,0.010169657
3745_10,0.80685264
11258_8,0.80193585
7908_7,0.7577944
9166_7,0.7509182
8976_8,0.94165415
3692_1,0.011869121
4937_4,0.10338596
11935_9,0.97482115
7722_7,0.9591543
8757_4,0.013532149
1218_10,0.94776917
3620_8,0.037608635
9017_4,0.0111580305
8300_3,0.018264279
11325_4,0.061875988
1093_8,0.98421544
166_4,0.055005286
6088_10,0.9877587
2149_10,0.9879462
4884_9,0.8322367
9786_1,0.0570714
4258_3,0.06233104
9890_1,0.0153063545
8911_1,0.12721826
11618_3,0.020804489
4510_1,0.013325147
3173_4,0.064653486
10418_1,0.078078166
8954_1,0.011508149
723_2,0.04922211
1164_1,0.01395571
11404_4,0.02178117
5737_3,0.13799646
10073_3,0.017712297
1900_8,0.01757688
9532_10,0.96741027
839_4,0.51848525
4562_1,0.2180027
3963_3,0.030675802
5220_10,0.040237945
663_9,0.9688562
10156_8,0.9678993
3759_7,0.029535338
5153_4,0.61855006
7580_3,0.01384861
12403_10,0.9606575
4893_8,0.9500415
892_8,0.9263037
79_2,0.010013569
10716_8,0.9832145
11452_7,0.48316067
1214_7,0.08449275
8901_10,0.8489722
12221_10,0.9837225
2055_9,0.37113664
5911_3,0.014842417
10866_3,0.013742321
10063_1,0.0140636265
10563_9,0.8688268
11931_8,0.14903529
1180_1,0.010328153
8194_1,0.012527932
7837_4,0.9761292
1876_1,0.02145073
9203_1,0.013222822
10091_1,0.011419616
2434_9,0.77149934
7908_1,0.07696084
8591_4,0.9184803
4222_7,0.85633236
11430_4,0.89912134
757_1,0.018264279
6442_8,0.07369626
10056_8,0.8311431
3179_2,0.017176708
3130_3,0.5
11921_7,0.9805807
4139_9,0.98677725
195_10,0.94165415
6286_1,0.01757688
5701_2,0.024987794
7470_8,0.9802808
9205_9,0.7905303
10683_8,0.429549
672_4,0.8548847
604_10,0.98677725
7757_10,0.9861514
5228_4,0.547585
3998_10,0.86748546
7444_4,0.87663436
9684_10,0.95257413
8455_7,0.9728308
3989_8,0.9826909
1115_3,0.056652423
6469_4,0.028220987
4524_8,0.7501869
3103_7,0.34422296
3108_8,0.96323055
2219_10,0.98187524
10269_8,0.5813774
838_4,0.5413482
5367_1,0.017442483
9110_10,0.9492946
5736_1,0.013222822
5100_4,0.3015677
3399_4,0.055412795
7575_9,0.9719925
7954_9,0.9859364
870_7,0.9805807
3811_9,0.21011725
8011_9,0.9511422
8172_10,0.9863631
3209_4,0.010986943
7380_10,0.7676898
10210_3,0.023330767
8162_9,0.9744348
10784_9,0.9719925
482_1,0.015189049
1452_9,0.92683524
2686_4,0.032836955
543_8,0.92468774
495_2,0.0111580305
2887_9,0.9693242
11780_1,0.02931223
9742_2,0.01883313
1762_1,0.01243165
5264_9,0.9777139
7958_4,0.7567173
6010_10,0.9871788
1284_9,0.94776917
10420_3,0.012821214
7736_7,0.85633236
1178_10,0.9859364
529_10,0.98571813
4063_4,0.032344334
10480_8,0.97423947
2412_2,0.11596072
5206_3,0.04401865
11963_9,0.24653335
663_1,0.015906392
352_4,0.03904829
7504_3,0.8524448
8678_1,0.022457054
2330_2,0.97423947
12282_1,0.016657041
6485_10,0.05379964
9306_1,0.01065251
7468_4,0.02145073
12207_1,0.014842417
6701_7,0.063714996
9861_7,0.59449244
6318_7,0.79182106
11612_1,0.01065251
4800_10,0.09947021
5360_3,0.04054074
4977_4,0.10818895
1678_9,0.9079672
5017_8,0.38306418
3087_9,0.89256257
1915_8,0.15817435
574_10,0.9764905
6062_8,0.9863631
2860_4,0.8255897
1800_4,0.012527932
1928_9,0.97482115
9890_10,0.98657167
12159_8,0.84286314
649_7,0.7394224
8708_1,0.03704717
8181_10,0.9791955
3495_1,0.014172365
11612_10,0.9059898
6919_10,0.9656413
12217_9,0.9142907
9276_4,0.07751766
3520_9,0.97539
6492_4,0.79182106
3900_2,0.43602157
12298_9,0.77932185
12394_1,0.022457054
4873_8,0.10017222
4797_1,0.68573904
3197_9,0.9777139
2474_10,0.96323055
4042_10,0.98421544
10641_1,0.018404892
10882_2,0.018404892
4803_4,0.12678517
7459_10,0.937669
1828_1,0.011508149
1718_10,0.9837225
9603_1,0.01461567
940_7,0.58165956
3074_4,0.30218512
8802_10,0.9859364
7180_4,0.01627746
5250_1,0.015784562
2734_7,0.9807288
2354_8,0.97134733
6805_1,0.06608538
11156_4,0.010328153
2734_3,0.78727776
12216_1,0.012821214
660_8,0.97754294
8978_10,0.9744348
6272_1,0.015906392
8294_4,0.010818449
11956_8,0.9429286
3265_1,0.0140636265
705_2,0.4921881
9058_9,0.96741027
3582_3,0.13939638
6985_1,0.010818449
5611_9,0.9224824
9491_3,0.9429286
9945_3,0.010328153
1840_10,0.98657167
12280_3,0.028870907
1932_10,0.98549646
8682_10,0.98242307
5418_9,0.888372
3354_9,0.87705624
8078_3,0.06903793
7747_1,0.034880888
2669_7,0.95759624
9180_7,0.88038635
1320_1,0.017712297
7742_8,0.97737074
6232_9,0.61508787
3459_9,0.98657167
1008_2,0.054600604
7987_8,0.87831426
5078_7,0.8705973
10660_10,0.95257413
10325_2,0.01395571
4951_3,0.03461884
10502_7,0.58894825
7548_9,0.34908882
2870_10,0.8267118
8136_4,0.9591543
9870_8,0.06705628
7588_4,0.04922211
7845_2,0.0111580305
10334_7,0.94122344
4860_1,0.015543648
4855_9,0.8665848
1337_10,0.96485513
6403_3,0.5129366
9447_10,0.98549646
4724_3,0.47268346
10895_10,0.9843364
2171_4,0.03461884
5361_9,0.9695556
11056_2,0.027169231
9772_10,0.9838472
5719_8,0.9780517
3050_7,0.33938962
4406_1,0.2635994
9833_4,0.45786384
1217_2,0.13939638
2632_1,0.01048909
3250_1,0.7905303
5130_9,0.8984106
3526_7,0.67832696
2793_3,0.019568678
10708_3,0.01678549
6415_8,0.9603612
11258_2,0.03904829
11451_1,0.11961367
7724_2,0.037892424
4276_4,0.010818449
6058_1,0.012920473
4086_1,0.3023911
3670_8,0.81286734
7125_8,0.9805807
9377_8,0.7898827
763_2,0.02479816
7882_8,0.8392076
757_9,0.8587186
389_1,0.18594718
9102_10,0.98481095
9384_7,0.030675802
5684_8,0.92892635
12090_4,0.23581158
12002_4,0.01384861
5443_7,0.9686196
8782_9,0.45120555
9878_9,0.98657167
9640_1,0.065604836
999_3,0.032589745
6249_3,0.9273633
1656_7,0.96765566
6649_10,0.91550726
4630_1,0.10230471
11300_8,0.73335636
5894_10,0.63431686
3198_1,0.018546565
7924_2,0.3479801
6318_1,0.05223086
8075_2,0.5535053
10005_2,0.54540676
6431_8,0.983597
635_2,0.7150262
1803_3,0.014728613
5721_4,0.012624948
1116_7,0.9845754
1456_4,0.23091976
51_10,0.98571813
7155_9,0.96182173
929_2,0.010986943
12269_1,0.011419616
10597_1,0.036493763
9005_7,0.18713269
10467_9,0.9861514
2251_9,0.96641046
1977_9,0.98215127
8539_8,0.018546565
2416_1,0.017045317
8508_9,0.50756776
10401_1,0.015906392
12217_2,0.08570928
5484_1,0.012920473
3833_10,0.97684664
465_4,0.14903529
7591_7,0.88483775
11485_9,0.9766692
3728_1,0.009708476
5538_8,0.95430803
10751_4,0.037326884
8883_8,0.96909106
6581_1,0.065604836
5476_1,0.01065251
4338_9,0.9802808
10343_1,0.021287354
2914_10,0.98549646
6103_1,0.83004373
7691_1,0.01461567
3444_3,0.01678549
2397_8,0.9850429
8255_8,0.9764905
1660_1,0.05834584
10154_2,0.98215127
2138_3,0.013636835
9614_3,0.014392335
2682_10,0.9683812
1813_3,0.0145035805
10581_3,0.01566365
3733_4,0.016403032
5210_4,0.016529558
11961_8,0.9802808
7928_4,0.011331754
12156_4,0.35042137
11025_4,0.04177388
11233_10,0.98582757
473_1,0.07263671
6648_2,0.018978037
2451_1,0.012821214
7679_2,0.012821214
2954_9,0.98549646
9652_10,0.979354
724_3,0.51305854
7592_4,0.012624948
7669_9,0.9851576
3816_1,0.009859855
1401_4,0.63250273
8551_2,0.39676917
7901_8,0.9825575
10552_4,0.010169657
330_10,0.98159516
232_4,0.01048909
12351_8,0.97997653
12451_10,0.983597
5884_9,0.96741027
603_4,0.012241275
3415_7,0.7049733
8727_1,0.025957355
10099_4,0.74576885
7989_10,0.9798227
2329_2,0.054198727
5774_1,0.01107216
8201_3,0.92944044
3491_1,0.012821214
12210_10,0.25683197
7604_8,0.58023316
1676_10,0.9829547
6477_9,0.9832145
2521_10,0.98677725
9140_2,0.071073666
2463_4,0.02297737
587_8,0.92683524
7120_10,0.4135956
7734_10,0.97997653
7322_10,0.7244806
3803_2,0.0094125895
2417_4,0.0269635
7757_4,0.014957086
478_9,0.91117966
12269_9,0.9791955
10472_3,0.027169231
2858_9,0.9801293
414_9,0.027169231
2552_4,0.0145035805
11615_8,0.9766692
201_2,0.0111580305
5624_3,0.1187934
5080_8,0.8062431
4507_10,0.3473157
1527_3,0.43794367
6282_1,0.120438814
3911_1,0.012821214
4616_9,0.9802808
9562_4,0.93721074
9975_8,0.9697854
7584_10,0.9759464
1121_1,0.017309094
382_10,0.8879841
11309_1,0.04304285
5424_10,0.983597
8697_8,0.8962514
12420_2,0.031618766
5052_10,0.9871788
1037_1,0.016657041
346_7,0.01627746
2285_8,0.9686196
10867_1,0.01065251
4335_9,0.882022
9088_7,0.68215036
11037_8,0.4274266
1993_4,0.021287354
11469_3,0.013636835
1834_2,0.010328153
10723_4,0.025565214
5377_3,0.120025635
1812_1,0.023153413
2760_8,0.9826909
12062_10,0.078642376
1847_1,0.010013569
1280_3,0.891811
2106_8,0.96124375
5414_1,0.07263671
4930_10,0.9861514
5024_9,0.97903574
5295_9,0.9801293
5427_10,0.93721074
10526_2,0.012821214
5517_2,0.86339164
3971_8,0.48316067
12260_7,0.5669479
3676_10,0.98242307
4132_7,0.98527133
6721_8,0.8749346
2381_7,0.8984106
818_1,0.02211659
6503_7,0.85633236
12068_7,0.891811
8847_1,0.010013569
10698_8,0.96538115
2347_3,0.012053779
9337_10,0.89912134
9070_4,0.80131465
7962_10,0.9834705
12183_4,0.03410043
12410_3,0.8504686
7988_9,0.199308
8980_8,0.88602656
8568_4,0.11476479
8374_7,0.96765566
3561_4,0.8433798
692_4,0.844409
4259_1,0.26894143
1627_1,0.014957086
7064_9,0.9813107
5410_7,0.9353465
10003_3,0.63590103
12068_3,0.013020489
8048_7,0.70659554
2590_1,0.012053779
3464_2,0.97903574
8423_10,0.07004896
5036_4,0.31489265
10030_3,0.61323655
5500_9,0.98282325
10129_10,0.9458012
1549_10,0.6077214
6463_10,0.98677725
1026_2,0.8080672
6681_10,0.717408
11004_1,0.0111580305
6191_10,0.979354
9253_4,0.9738444
3193_10,0.98657167
7563_1,0.01065251
3104_7,0.86613256
6369_9,0.9142907
606_1,0.017442483
6069_10,0.98481095
6966_7,0.83761996
8945_4,0.031143833
4920_1,0.013742321
7358_10,0.9801293
9665_10,0.98549646
5005_1,0.051082738
12324_2,0.011331754
1878_1,0.031143833
5917_2,0.06512755
11912_7,0.9761292
11692_1,0.026355354
11505_10,0.9871788
5416_8,0.97821885
12072_1,0.017712297
4436_10,0.9666631
11762_1,0.01214717
5805_10,0.98571813
9464_1,0.011777842
9412_2,0.013636835
11262_4,0.92359227
853_7,0.97324073
7087_4,0.1766716
1896_10,0.87450653
9749_4,0.7581527
7431_2,0.315947
10253_3,0.014392335
10675_4,0.9403531
4275_4,0.642881
5399_8,0.979354
9388_10,0.5298716
7019_10,0.9814534
10223_2,0.012624948
10216_1,0.07696084
2097_3,0.015189049
4243_3,0.04208773
8672_1,0.014172365
1260_3,0.01048909
1734_10,0.86153823
2955_9,0.98677725
12033_1,0.01065251
8243_3,0.023153413
8741_2,0.82104415
6481_7,0.9651191
7053_1,0.016403032
1624_8,0.9830851
2900_1,0.01384861
4328_1,0.013532149
11732_7,0.97046465
746_1,0.020332353
6004_3,0.015784562
6162_2,0.20055768
9375_4,0.15152934
10924_4,0.5168393
6304_4,0.017176708
10035_10,0.97887486
8867_2,0.01384861
9781_10,0.97702265
8902_8,0.77321637
1006_8,0.01384861
7230_1,0.013636835
8788_9,0.9582261
2079_10,0.9868787
11987_3,0.011508149
2724_7,0.7745834
8534_2,0.013020489
7052_1,0.022286188
4390_8,0.83815056
520_10,0.9142907
3936_3,0.5304798
5160_3,0.06754669
10519_8,0.8504686
8906_1,0.01566365
8750_4,0.7252596
8606_3,0.9511422
12038_2,0.6533481
2939_8,0.97754294
5721_10,0.9623913
6798_8,0.971779
11820_10,0.97112906
6435_10,0.013325147
404_8,0.9656413
6066_9,0.9309621
7921_3,0.013636835
5468_3,0.73866904
7034_10,0.98527133
4309_3,0.33198547
8201_7,0.97887486
3656_10,0.983597
8786_4,0.5892437
10564_3,0.01627746
7401_4,0.012722708
1163_1,0.68257374
9915_10,0.9861514
11080_10,0.4843801
4710_10,0.98657167
131_1,0.24944724
6387_3,0.08977329
3906_1,0.01048909
2075_1,0.013532149
11663_10,0.9832145
6149_3,0.012624948
6703_8,0.9845754
2440_8,0.9839708
10500_7,0.6048658
7349_1,0.08694165
10695_1,0.09947021
6905_1,0.01507263
4902_4,0.54371136
5298_9,0.96323055
6701_4,0.13117322
1344_10,0.97903574
284_10,0.6772606
9114_10,0.98201376
12102_10,0.97684664
11448_2,0.01757688
1053_10,0.9830851
8341_10,0.9263037
433_1,0.0153063545
9534_4,0.030675802
6471_2,0.120025635
8971_10,0.9871788
433_8,0.9730365
298_10,0.9518632
5965_1,0.01065251
10408_10,0.9532751
9112_3,0.0145035805
6726_9,0.9850429
1048_8,0.9207897
11046_9,0.300335
4808_7,0.9686196
7027_9,0.98527133
12435_8,0.9849274
5480_1,0.042403832
8823_8,0.97966766
554_9,0.9839708
7167_2,0.01048909
10762_3,0.023689471
9036_8,0.91117966
12185_4,0.8962514
7763_10,0.98677725
10271_8,0.9390248
1159_8,0.9805807
11063_1,0.013636835
12479_4,0.013532149
11179_4,0.1999321
1736_1,0.010328153
4840_7,0.97046465
8233_2,0.84695786
1082_9,0.9142907
8378_7,0.8238959
7777_9,0.98549646
1883_9,0.9167081
7350_10,0.9695556
704_8,0.9026096
6554_8,0.92892635
1750_10,0.8976953
4969_2,0.011331754
10339_8,0.88161486
1902_4,0.3548801
5578_1,0.012624948
5502_1,0.011331754
7250_2,0.012920473
8856_4,0.01243165
10840_9,0.98187524
9730_10,0.9105454
11146_2,0.012624948
5988_3,0.010328153
9734_8,0.9830851
12338_8,0.5706753
9813_1,0.02517884
8928_2,0.7412996
5431_2,0.011687259
9467_9,0.9744348
4933_4,0.07369626
11280_10,0.31489265
10279_9,0.7221353
7024_1,0.012920473
9115_3,0.091382116
5701_10,0.9861514
9539_1,0.017442483
7655_7,0.9863631
4518_10,0.9656413
3039_4,0.6959583
8654_3,0.042403832
8893_4,0.7545535
3598_9,0.971779
6443_1,0.028007522
3843_1,0.042722195
3848_9,0.98187524
3149_1,0.01384861
2152_1,0.013636835
11564_1,0.011508149
4391_8,0.9465967
950_10,0.9757624
10531_10,0.97997653
904_3,0.012624948
5293_9,0.9843364
2173_1,0.026155619
5992_2,0.011869121
782_3,0.14270912
1295_8,0.97887486
9659_1,0.010013569
2214_3,0.017045317
10772_3,0.17953056
7515_9,0.277473
7294_2,0.028007522
7761_1,0.044680875
9027_9,0.85919183
6595_1,0.01107216
11003_8,0.81227237
601_10,0.9738444
2991_8,0.70089483
10937_8,0.7439129
7545_1,0.014957086
9747_1,0.020804489
7653_7,0.96691406
6886_1,0.031858858
8054_8,0.79692537
7299_9,0.9843364
2289_3,0.9059898
6569_1,0.009708476
10909_2,0.030444348
4022_7,0.8610715
5407_1,0.01048909
10211_8,0.566783
9194_1,0.11961367
8113_8,0.5068355
12010_1,0.0111580305
7373_7,0.91789335
3535_10,0.98228765
5265_10,0.9686196
7032_1,0.018978037
3391_10,0.983597
969_9,0.97462875
450_2,0.8025555
12296_3,0.4723184
10855_10,0.9695556
2741_10,0.9736447
12403_1,0.018404892
6118_4,0.02576056
9001_1,0.029760094
172_4,0.020488555
4405_7,0.7291342
8923_8,0.98159516
5396_10,0.94458723
7183_1,0.022802636
3261_7,0.98087597
7445_10,0.98481095
11412_2,0.016029146
4765_3,0.39292994
5248_9,0.938124
3172_2,0.04401865
10813_4,0.30777395
8054_1,0.0140636265
5535_1,0.0111580305
1306_8,0.9807288
135_3,0.49047962
10646_10,0.9241418
9906_1,0.026759284
8156_10,0.98215127
2806_1,0.028870907
9501_4,0.010013569
1882_3,0.02350945
11895_4,0.010013569
5420_10,0.950411
11791_10,0.9801293
3798_2,0.009559399
3282_8,0.938124
1278_1,0.023689471
1011_4,0.17610411
5263_9,0.9005298
11301_1,0.056652423
1946_7,0.9804314
3246_10,0.94776917
4130_8,0.9462003
4172_10,0.7037531
2619_2,0.010013569
5197_4,0.19072402
6060_9,0.9807288
7430_1,0.011597362
3511_10,0.93439513
6970_1,0.0460339
931_4,0.19253936
12374_10,0.9834705
10217_7,0.6577583
964_7,0.91730267
4859_1,0.013428254
5525_1,0.090092994
11471_1,0.11596072
5030_4,0.026759284
12177_2,0.011777842
8892_2,0.012920473
1073_4,0.13568954
7406_1,0.011687259
6345_9,0.95759624
7395_7,0.023689471
9952_7,0.9623913
5851_4,0.025957355
6880_7,0.7364006
642_9,0.9825575
6271_9,0.9492946
10983_1,0.01757688
5602_1,0.010986943
3834_1,0.012527932
6961_3,0.9403531
10102_8,0.9678993
6988_1,0.012053779
5803_9,0.9600627
6009_1,0.01048909
10294_2,0.012821214
9811_10,0.30362853
11298_8,0.14755519
4625_10,0.9881309
11263_3,0.01065251
11502_3,0.017045317
9690_10,0.5769612
4453_10,0.983343
9741_10,0.96641046
12191_9,0.7017131
8019_8,0.98102194
2298_4,0.01627746
1489_4,0.14511536
4228_7,0.9492946
10905_1,0.015543648
5103_10,0.98481095
5641_1,0.01395571
11567_1,0.011687259
4040_10,0.9829547
4777_10,0.98677725
9612_10,0.9877587
3830_1,0.01627746
8781_2,0.009859855
9415_3,0.98527133
9171_3,0.011508149
478_3,0.061875988
10979_8,0.9761292
7073_4,0.047074176
5419_10,0.8976953
8505_3,0.016152835
7559_1,0.7070003
3827_9,0.19193278
9242_1,0.1789559
3133_10,0.9688562
9051_4,0.8233284
8604_10,0.9840936
4811_8,0.9688562
10697_10,0.97737074
6142_10,0.9635062
6740_1,0.047780063
7806_8,0.8962514
8326_4,0.46077412
12425_3,0.014728613
11113_1,0.009708476
8096_1,0.034880888
512_8,0.97887486
11144_7,0.88602656
2073_4,0.015424551
6966_4,0.39652088
12122_3,0.8548847
429_10,0.89552265
10294_9,0.9826909
9955_3,0.8086723
10878_10,0.95531917
9365_1,0.010013569
7317_8,0.9026096
2863_8,0.14414886
11935_3,0.031143833
2180_2,0.091058284
267_10,0.9801293
72_8,0.29178742
936_9,0.95791227
2363_4,0.014392335
11722_9,0.979354
1353_7,0.69760895
3883_7,0.8305941
9475_8,0.9755769
2328_2,0.0112445615
11982_9,0.9719925
10413_8,0.7509182
1277_2,0.39466748
6299_4,0.038178276
7536_9,0.98187524
8368_2,0.71701187
634_1,0.012624948
10095_3,0.9079672
8821_4,0.19620943
5669_10,0.98571813
4600_8,0.7446563
10859_1,0.009859855
140_9,0.8000679
153_8,0.96691406
8013_9,0.36026397
12389_1,0.8092759
8443_7,0.9826909
12290_10,0.87914675
12152_10,0.8031738
6442_3,0.23581158
7557_4,0.57296175
3699_4,0.8665848
6461_2,0.7345006
8641_10,0.98201376
10771_1,0.016152835
10539_2,0.017045317
10406_1,0.01812472
9617_4,0.08694165
9403_10,0.98527133
3015_1,0.0715912
181_10,0.9869795
2879_4,0.028436033
1758_8,0.96295285
9992_10,0.9830851
10769_7,0.53266823
5616_3,0.016914913
721_4,0.6099889
3035_1,0.014392335
7877_4,0.011508149
5554_4,0.010986943
1475_7,0.93581736
1538_7,0.9462003
3499_10,0.113579586
8815_4,0.85145944
5817_8,0.10302443
4179_1,0.09842542
3719_10,0.97754294
2538_2,0.08694165
4873_3,0.85776806
7283_9,0.95362175
1997_4,0.31912136
11036_4,0.030214587
4123_4,0.60591567
3520_3,0.012920473
10320_1,0.0111580305
10185_10,0.9832145
10193_1,0.11008788
2506_7,0.9845754
9868_10,0.97520185
5603_2,0.01065251
8392_3,0.0145035805
5322_4,0.011869121
12117_10,0.9861514
2411_8,0.6913932
9393_4,0.016529558
5968_8,0.97462875
6860_1,0.102664
12144_4,0.7937462
2706_10,0.9777139
5655_1,0.07921033
2555_8,0.6796041
6091_9,0.96432143
712_9,0.9791955
9445_10,0.9801293
1777_10,0.73866904
490_8,0.85729086
318_10,0.82949203
10143_9,0.7833262
3608_8,0.983597
686_4,0.85633236
12147_1,0.008847355
6782_10,0.92523
5560_10,0.9849274
11621_8,0.9825575
11909_10,0.9678993
11938_9,0.9755769
1877_1,0.01214717
1298_1,0.014957086
11154_3,0.01214717
10898_7,0.79565805
9980_8,0.9830851
9719_10,0.9429286
516_1,0.015906392
2541_1,0.013532149
23_10,0.96405166
3517_1,0.01627746
10839_9,0.9859364
11461_9,0.929951
10150_2,0.012527932
10664_9,0.98657167
6750_10,0.9651191
11165_4,0.9046505
3463_4,0.042403832
287_1,0.014957086
5582_1,0.23828422
1136_1,0.010169657
10316_1,0.01065251
1684_8,0.9012275
3556_9,0.27512974
11680_9,0.97423947
10775_10,0.78727776
5558_2,0.012241275
6203_10,0.9603612
4057_4,0.7725307
9010_8,0.98421544
1033_9,0.96741027
12116_9,0.9744348
8401_10,0.98201376
9863_4,0.048496004
2777_1,0.010169657
5797_3,0.21866938
9929_3,0.012624948
4177_1,0.013742321
2205_8,0.9780517
2839_8,0.9830851
7161_10,0.9740426
11724_4,0.72095805
10369_9,0.9830851
8702_2,0.01065251
1028_10,0.9791955
7226_4,0.04922211
8799_3,0.017442483
1573_8,0.97966766
12041_7,0.9785493
6207_7,0.8062431
399_8,0.8679338
1034_2,0.017712297
1610_4,0.4137788
596_10,0.9603612
6474_7,0.98866826
4464_3,0.06325053
10637_2,0.028007522
3272_10,0.9798227
10194_7,0.7523766
11906_3,0.020645931
3666_3,0.04115289
6148_4,0.023689471
4595_8,0.045692034
6146_1,0.015424551
7512_10,0.94122344
12333_1,0.010328153
3490_4,0.7483523
8495_1,0.012722708
955_4,0.017045317
10582_10,0.357119
9477_8,0.9563089
7132_3,0.026556572
5214_1,0.020332353
8258_10,0.9257686
10387_1,0.017176708
268_10,0.8333246
8153_2,0.011508149
7353_3,0.010818449
7847_10,0.9719925
12028_10,0.98571813
2998_8,0.17161581
2641_8,0.9750122
11923_8,0.95531917
12322_1,0.013742321
11816_3,0.2501793
7111_3,0.011961098
8107_10,0.6658453
8835_8,0.17441027
10142_10,0.9750122
4445_3,0.014172365
976_8,0.91730267
1996_4,0.33133605
11496_3,0.09704755
1644_4,0.014281935
8573_3,0.15002882
10835_9,0.86060363
11531_8,0.98173577
5802_8,0.6435533
2501_3,0.01798621
530_2,0.013020489
1051_10,0.9829547
6629_1,0.028007522
10350_1,0.78464925
2943_10,0.9843364
7661_1,0.011869121
8359_3,0.020488555
10218_7,0.9518632
10548_1,0.024609927
906_7,0.71102977
2708_9,0.9744348
12478_4,0.10302443
10222_1,0.019419348
3560_2,0.010986943
3371_9,0.920218
10009_3,0.013020489
3142_3,0.4345213
3876_9,0.9324533
6662_2,0.011508149
4691_1,0.02479816
2491_4,0.30404168
12485_4,0.6522414
1716_3,0.024423089
10767_10,0.7620701
4083_2,0.06233104
7656_3,0.32252598
2532_8,0.9500415
11243_8,0.96432143
11878_9,0.98242307
3627_8,0.30569732
9049_10,0.08632348
2950_4,0.4926763
4553_8,0.9839708
10414_1,0.013742321
4281_7,0.9219218
7905_4,0.9688562
10800_8,0.9161096
1562_4,0.04885778
7604_4,0.024609927
5752_2,0.27357438
9465_1,0.011687259
2701_4,0.19559409
12432_7,0.2220247
7583_9,0.9724148
4003_10,0.9079672
11082_2,0.03541073
7650_3,0.011331754
2215_7,0.93721074
6597_9,0.96538115
12268_1,0.017442483
8650_7,0.9780517
8311_2,0.0123361
10764_10,0.9798227
5462_2,0.014392335
10303_9,0.96538115
12132_4,0.45580414
11786_2,0.08601587
6248_2,0.02145073
5570_2,0.2786492
8367_4,0.37983838
2416_7,0.94815457
4073_1,0.044348583
4642_2,0.04401865
580_10,0.9834705
3328_4,0.024609927
9524_9,0.9850429
11980_2,0.92788786
7812_9,0.9546474
3567_7,0.98102194
9592_2,0.012053779
8421_1,0.02211659
2618_1,0.030908957
2367_3,0.012527932
10613_1,0.01065251
7657_2,0.105948284
10992_4,0.047780063
10663_4,0.5732716
9589_4,0.34334174
5184_8,0.8976953
7352_7,0.9615338
6483_4,0.016914913
914_10,0.9875683
1239_4,0.1710612
4465_4,0.89143354
82_10,0.86431044
3696_4,0.048496004
1507_8,0.76383626
12211_3,0.012527932
4003_3,0.022286188
3738_3,0.041462272
12089_10,0.98549646
593_1,0.011508149
7555_3,0.014842417
9897_9,0.9883128
299_1,0.16026603
2774_3,0.08694165
4723_8,0.98242307
1636_2,0.07211221
3383_8,0.9825575
5360_10,0.9863631
11542_10,0.98527133
1964_1,0.010328153
10323_10,0.51805854
5166_1,0.011508149
12371_1,0.01048909
7426_1,0.024987794
11832_4,0.70659554
684_9,0.96124375
519_7,0.059646945
1712_8,0.94417685
5973_9,0.9856076
2820_3,0.010169657
5023_7,0.9826909
2625_1,0.01214717
2699_9,0.967163
7123_1,0.01384861
7327_10,0.9838472
944_8,0.95292586
9757_10,0.9843364
12491_9,0.98087597
12301_10,0.98421544
421_9,0.9728308
6655_2,0.36568317
610_9,0.9284088
3020_1,0.01566365
1797_10,0.98421544
1248_3,0.037608635
2524_10,0.98527133
10596_3,0.14463145
9326_3,0.013121271
9346_2,0.011508149
3890_8,0.9813107
7836_9,0.9814534
12388_7,0.9142907
3205_2,0.02017732
1547_9,0.9837225
2706_1,0.01395571
391_10,0.9804314
1544_10,0.9837225
7861_8,0.9429286
1448_2,0.078642376
6451_3,0.01461567
12187_3,0.113579586
11702_4,0.73753643
5947_1,0.0153063545
1282_3,0.01461567
7492_2,0.010986943
7724_7,0.9500415
1564_1,0.937669
4425_9,0.9785493
9416_9,0.9700135
10826_10,0.9813107
4402_10,0.96814114
9332_3,0.011961098
5856_1,0.013121271
2784_2,0.012527932
3216_1,0.7439129
8057_9,0.9804314
526_10,0.9046505
4376_1,0.060975183
9513_9,0.91550726
9972_9,0.6757646
339_1,0.011508149
11898_1,0.013020489
9282_4,0.019719128
2303_4,0.01395571
10199_1,0.012624948
11660_10,0.9449947
714_4,0.28497383
9283_9,0.80685264
2972_2,0.4882834
9060_7,0.9830851
3562_8,0.722527
11064_8,0.9724148
4190_10,0.29017562
12472_10,0.98677725
2942_1,0.01048909
9560_9,0.79246426
2692_4,0.019719128
12057_1,0.011508149
11197_2,0.86522406
5827_4,0.9777139
4752_1,0.011508149
8114_3,0.024237636
5643_7,0.96378
9127_2,0.020332353
10540_10,0.6054492
7342_2,0.01678549
4651_4,0.32852945
8798_1,0.012527932
5973_3,0.23370637
8314_2,0.01214717
7856_1,0.07696084
1255_4,0.03594832
9615_8,0.8984106
7261_4,0.40759864
9700_9,0.6348829
5938_10,0.9804314
970_7,0.453988
7715_8,0.97754294
4643_2,0.026155619
7069_1,0.011508149
8600_10,0.983597
10275_3,0.03308598
9519_1,0.012053779
8861_10,0.7711549
8558_4,0.010818449
7495_4,0.52354217
4727_10,0.06705628
9647_8,0.87234735
7192_3,0.482673
8772_8,0.9838472
1198_4,0.02145073
4249_7,0.7745834
6816_2,0.03461884
10243_9,0.9826909
8365_1,0.047425874
2529_10,0.5718862
2538_10,0.9787127
5946_1,0.0094125895
6716_8,0.87705624
2633_7,0.9658996
10513_1,0.009708476
4847_1,0.013742321
2552_10,0.9730365
7166_9,0.97887486
398_8,0.96765566
6925_4,0.02017732
9873_9,0.76454014
3598_4,0.23686911
5996_3,0.23545979
4024_10,0.9853843
3184_10,0.979354
3801_2,0.01384861
1722_10,0.9861514
9344_1,0.02211659
2874_2,0.014957086
2914_4,0.01757688
9643_3,0.016403032
1756_10,0.9859364
2781_1,0.08035747
3559_1,0.0094125895
6250_1,0.22337706
10960_9,0.94417685
565_8,0.9546474
8749_9,0.9334308
11273_4,0.014172365
6933_4,0.26855758
7295_1,0.013020489
12267_1,0.020645931
9844_4,0.016657041
1949_3,0.099120855
10048_1,0.017045317
7242_2,0.04208773
1722_2,0.011508149
9869_1,0.6757646
609_1,0.020488555
9383_7,0.0460339
6593_4,0.28061637
3284_10,0.94539934
6190_1,0.8494724
8305_10,0.9458012
20_1,0.017176708
10037_1,0.09534946
1751_10,0.97423947
6821_7,0.9686196
4780_10,0.97068775
1290_10,0.97887486
10777_2,0.01678549
3450_1,0.04672496
747_3,0.013121271
9262_10,0.97134733
7206_10,0.9851576
3700_4,0.15253651
2953_4,0.87191176
6828_8,0.9757624
10831_7,0.9814534
5014_1,0.014172365
11679_10,0.97344345
3476_9,0.95976204
12052_8,0.88363826
8635_3,0.8198933
6475_10,0.97539
8531_2,0.022286188
9018_7,0.9518632
1492_9,0.95759624
10993_10,0.98242307
1896_2,0.009125638
8241_1,0.04885778
3568_8,0.5856937
9424_9,0.74576885
3791_1,0.010818449
2117_10,0.987375
4679_8,0.971779
1217_7,0.90665317
7969_3,0.1384618
2271_10,0.9843364
5772_9,0.8701566
1347_8,0.9861514
11800_1,0.013532149
8820_10,0.9728308
10014_7,0.3231665
9864_8,0.8774768
6926_4,0.46320137
1842_10,0.9837225
756_7,0.09534946
7657_10,0.9843364
12416_7,0.9324533
833_7,0.86476797
8746_10,0.98421544
6374_10,0.80131465
24_10,0.9500415
5133_10,0.95362175
2937_1,0.024053553
9845_8,0.9666631
6236_7,0.02017732
8525_7,0.45277792
10398_10,0.64400125
6555_7,0.8056322
5873_3,0.41525447
12235_8,0.95695716
8972_2,0.28298813
6313_1,0.010169657
3277_1,0.9124362
9661_10,0.96378
11759_4,0.023870835
7960_2,0.8146434
2710_7,0.937669
3152_1,0.012053779
3186_8,0.9780517
6180_2,0.013428254
3303_1,0.06142404
250_1,0.013532149
8902_1,0.013636835
7964_9,0.9875683
78_1,0.015784562
9162_9,0.6872103
11868_8,0.97737074
8522_8,0.2220247
8517_8,0.7527403
12341_4,0.026155619
3300_1,0.03138043
2961_10,0.9851576
11309_10,0.9814534
381_10,0.9884919
6537_10,0.97788346
4623_10,0.97737074
12425_10,0.9798227
817_7,0.8080672
1853_3,0.2881683
3586_10,0.9826909
6148_9,0.9838472
5020_10,0.9850429
6486_10,0.929951
560_8,0.98667485
11210_3,0.8484707
4714_1,0.009859855
7175_7,0.891055
10289_9,0.9591543
2497_2,0.52092284
6359_3,0.87997437
4905_3,0.010986943
4701_10,0.9875683
292_10,0.93195957
4010_9,0.82161736
1591_2,0.9591543
619_10,0.7061904
8563_1,0.011508149
488_4,0.019124037
3148_10,0.9879462
2046_4,0.044680875
11560_8,0.65290564
8694_7,0.9805807
11041_10,0.9738444
6159_8,0.97887486
10205_1,0.016403032
7840_9,0.93581736
3298_10,0.9840936
2854_7,0.8080672
3521_8,0.97462875
8317_2,0.0111580305
10564_7,0.93991333
7951_3,0.7364006
9834_8,0.9492946
4809_9,0.9744348
4675_1,0.013636835
9493_10,0.9324533
7841_4,0.94699025
8076_10,0.04885778
3242_8,0.8868131
11666_3,0.01678549
9341_2,0.86153823
10384_1,0.0145035805
1558_9,0.98201376
9790_10,0.82161736
12149_2,0.019419348
11533_4,0.014392335
4438_3,0.34820172
11177_4,0.018264279
8657_7,0.9740426
4485_4,0.909907
1313_3,0.01461567
7383_10,0.9839708
11875_8,0.9615338
9838_7,0.93991333
33_3,0.011508149
5747_1,0.017309094
1420_8,0.9838472
7292_9,0.9073123
5218_7,0.7599387
3359_9,0.9073123
10947_8,0.6719013
219_1,0.020332353
6374_3,0.009859855
9686_10,0.30321574
6757_10,0.98242307
1003_8,0.96182173
9313_9,0.9348725
6175_10,0.9787127
5391_7,0.97821885
1085_1,0.010013569
9054_1,0.4346413
8543_10,0.98282325
686_8,0.9563089
6959_3,0.017045317
11014_4,0.07751766
9204_8,0.9838472
9029_7,0.9572778
10441_9,0.97821885
5245_10,0.98549646
1480_7,0.017712297
6426_3,0.82615143
1700_1,0.018264279
2783_10,0.98677725
6152_8,0.97887486
12282_10,0.9656413
2948_4,0.013742321
11974_2,0.010328153
5944_7,0.8244619
9370_8,0.5794599
711_10,0.36704338
6169_8,0.98549646
12329_1,0.01757688
4904_1,0.02576056
2070_3,0.017309094
25_3,0.024237636
1819_4,0.018978037
8642_10,0.37983838
11504_10,0.9407897
10193_7,0.90665317
8917_4,0.010169657
9380_2,0.0226292
10048_8,0.98087597
7288_9,0.9719925
8128_4,0.22337706
7800_3,0.011687259
5852_1,0.014728613
8027_1,0.017309094
10317_1,0.014172365
10280_8,0.6770471
3959_10,0.9871788
6115_10,0.96267307
6078_8,0.9615338
12273_9,0.9845754
1497_10,0.49365267
2969_9,0.983597
2577_1,0.010328153
4519_1,0.026556572
8596_4,0.018404892
254_3,0.3562227
7005_8,0.9807288
5426_10,0.967163
965_9,0.61947125
2044_4,0.3328523
9006_3,0.014728613
11462_10,0.76629364
4990_7,0.013636835
163_7,0.8479678
3134_3,0.0705596
2922_4,0.15253651
5777_1,0.015424551
6340_7,0.87450653
7896_1,0.01048909
2321_8,0.92359227
2187_1,0.87663436
1831_9,0.98087597
9321_10,0.9805807
9970_10,0.98159516
2978_4,0.018546565
7491_3,0.01048909
2491_10,0.929951
749_1,0.015906392
4751_2,0.02350945
3276_1,0.011687259
10889_9,0.9804314
5887_1,0.012527932
8806_9,0.97887486
8569_2,0.01065251
3209_10,0.98549646
7139_10,0.9845754
5052_3,0.012722708
5773_3,0.016029146
1663_9,0.8524448
3575_7,0.9105454
12017_1,0.029090757
12460_8,0.971564
7925_2,0.011687259
1643_10,0.967163
4537_1,0.021287354
10651_3,0.01214717
12075_10,0.9832145
4823_1,0.04054074
5392_7,0.97539
5436_9,0.9688562
3088_8,0.93439513
6607_9,0.9722044
7648_1,0.012527932
1073_8,0.9764905
4587_8,0.09203287
9463_10,0.96485513
11962_1,0.018264279
8718_4,0.1561049
7781_10,0.98481095
11495_2,0.013742321
2772_4,0.04115289
4029_1,0.012920473
2080_10,0.9825575
6250_9,0.97903574
2985_9,0.15405756
2935_7,0.8504686
7900_1,0.012624948
2433_8,0.98159516
12366_1,0.0140636265
10910_2,0.014392335
5265_3,0.012722708
9603_10,0.15354918
11989_3,0.0226292
2929_4,0.7602949
1796_1,0.01214717
10659_2,0.8543993
4978_9,0.9092645
11823_8,0.98469365
1732_8,0.95945925
1103_4,0.34620968
8958_1,0.02865267
8607_4,0.091058284
5820_9,0.9825575
8885_3,0.014172365
3718_10,0.9588471
3822_1,0.03410043
9886_10,0.9869795
9806_10,0.92683524
10009_10,0.97112906
5979_2,0.012241275
11937_3,0.04115289
4776_8,0.9825575
9009_7,0.8727817
8094_7,0.9105454
828_3,0.051462766
3318_1,0.02931223
3558_4,0.5851011
7967_8,0.98173577
5275_7,0.9161096
5130_1,0.010986943
1327_9,0.9462003
11526_8,0.8895288
32_10,0.9879462
10697_1,0.009708476
9966_1,0.01065251
3132_1,0.26971015
967_2,0.010986943
6483_10,0.938576
698_10,0.971564
7848_2,0.05921025
9349_1,0.080936715
10532_9,0.9860443
11819_2,0.26971015
6812_1,0.01048909
5401_1,0.013222822
3528_1,0.009708476
12239_1,0.01214717
1479_4,0.013121271
2732_4,0.17953056
6806_10,0.987375
2119_9,0.9834705
8565_9,0.053009775
1914_8,0.89478946
4835_1,0.011869121
1029_2,0.011869121
9228_4,0.12940274
2391_2,0.0145035805
9674_9,0.98421544
9404_9,0.7017131
5987_1,0.049958523
9237_8,0.9738444
9879_2,0.08329193
1370_10,0.7465088
10662_1,0.2865684
6937_7,0.2520157
6355_9,0.97788346
3784_4,0.69678426
9136_10,0.7905303
9557_4,0.030214587
12013_7,0.9807288
1114_4,0.27125168
6890_10,0.9834705
3238_8,0.96323055
1790_10,0.908618
4277_8,0.9826909
2257_4,0.080936715
7677_10,0.94165415
1618_4,0.27202454
7314_1,0.01243165
10332_1,0.019124037
7746_2,0.9591543
9303_3,0.012624948
12321_9,0.9856076
10341_2,0.009859855
7745_9,0.98421544
11104_7,0.971564
10855_1,0.017309094
10300_1,0.011508149
2037_2,0.012527932
7754_9,0.8933094
9503_10,0.9686196
396_7,0.94815457
583_2,0.01048909
4469_3,0.541227
11038_1,0.11596072
2285_4,0.016152835
5069_8,0.684475
8736_8,0.9813107
9486_3,0.07921033
11669_10,0.3580163
8598_1,0.012722708
1344_3,0.014392335
11789_3,0.18184364
9605_2,0.03461884
10122_2,0.013222822
3752_10,0.98201376
3864_4,0.025371313
10505_7,0.7745834
3822_8,0.9802808
8146_4,0.044680875
11114_8,0.14511536
7847_2,0.044680875
10300_10,0.9591543
7021_10,0.98657167
8_9,0.051082738
7199_2,0.014957086
9392_9,0.61947125
8234_7,0.908618
12328_7,0.50524884
9918_9,0.62234455
10066_7,0.4613808
5482_2,0.040845715
6914_4,0.04672496
4665_7,0.2786492
613_4,0.5565201
577_8,0.97702265
12490_4,0.950411
8637_3,0.019870715
11815_4,0.08035747
9490_10,0.9840936
4388_3,0.010328153
11778_10,0.86339164
4988_10,0.9832145
6590_3,0.8679338
4761_7,0.7866228
8828_4,0.034358688
10382_3,0.011508149
3321_1,0.97462875
2550_10,0.98102194
12104_1,0.08694165
6431_1,0.028007522
8829_8,0.7446563
858_7,0.9207897
197_1,0.08694165
3599_7,0.7701192
10808_2,0.89256257
12050_4,0.95150405
6348_1,0.01214717
11051_8,0.7541916
11216_4,0.8449215
8360_3,0.1480472
9570_2,0.0335895
8040_4,0.2062538
3664_8,0.9826909
10003_8,0.98549646
3763_7,0.30819023
9692_9,0.08035747
4503_1,0.009859855
10985_2,0.15974104
121_4,0.8899121
5651_10,0.94417685
9416_3,0.0111580305
9128_8,0.89218736
8955_8,0.93045825
8787_4,0.09041373
1622_9,0.9585377
762_3,0.011508149
6915_2,0.0145035805
8998_4,0.019870715
8200_10,0.97719735
1878_8,0.94776917
5969_10,0.9730365
8000_3,0.3376402
8161_10,0.98481095
9805_4,0.024237636
3815_10,0.97134733
3783_3,0.6177433
4924_10,0.96485513
7952_1,0.04054074
4060_8,0.11240509
775_1,0.012821214
696_10,0.98087597
8751_10,0.65201986
6073_10,0.9801293
9982_1,0.18184364
3706_10,0.82615143
5996_8,0.909907
3107_10,0.967163
8913_8,0.9658996
8982_9,0.95945925
8938_3,0.7244806
3008_3,0.042722195
3787_2,0.024609927
6146_9,0.6703925
5664_1,0.015189049
2408_3,0.08570928
6153_2,0.015424551
7023_7,0.936285
2571_3,0.012527932
6808_4,0.02350945
6425_9,0.9849274
11139_4,0.122103855
320_7,0.2590751
3098_1,0.01627746
5369_10,0.67854
480_3,0.6354487
7884_9,0.9623913
5247_1,0.01784874
3192_2,0.015189049
12127_1,0.009559399
1237_7,0.98242307
612_3,0.6738359
6016_7,0.70212173
10490_1,0.0111580305
5180_8,0.8558512
3122_4,0.4069651
2845_8,0.8489722
9000_8,0.9730365
448_2,0.068537496
1207_10,0.9807288
11989_8,0.93045825
11102_9,0.98282325
1761_1,0.060975183
9815_3,0.24184734
12023_1,0.01395571
9901_10,0.9861514
11740_2,0.7468782
4702_10,0.938124
4885_3,0.17553806
0_2,0.05623634
2273_2,0.013532149
11340_8,0.97112906
12012_4,0.6924341
10534_10,0.8844391
8424_2,0.01048909
8716_3,0.015784562
7154_10,0.98173577
5001_1,0.0460339
6511_3,0.01384861
3308_7,0.93721074
2720_2,0.013636835
1183_10,0.9785493
12387_2,0.012241275
6580_2,0.048496004
4431_9,0.98571813
11828_7,0.89256257
6737_10,0.9801293
7505_4,0.015784562
4798_2,0.11476479
4773_1,0.021948254
6719_3,0.012053779
6475_3,0.14608724
11733_3,0.01461567
9360_7,0.59854686
5571_1,0.011687259
10316_10,0.1561049
5068_3,0.032836955
11188_8,0.021615336
7291_3,0.013222822
6233_3,0.044348583
11710_1,0.45507753
3780_7,0.7592254
3210_10,0.9863631
2885_3,0.029090757
2912_4,0.12252322
3320_4,0.0145035805
11275_4,0.14755519
8406_1,0.02517884
8275_10,0.6417592
4862_9,0.9826909
11817_2,0.03461884
302_10,0.7937462
11341_1,0.13523209
4626_1,0.010169657
1030_2,0.01678549
4799_8,0.96538115
4845_1,0.011508149
3458_1,0.010986943
9535_9,0.98421544
6553_10,0.9566342
486_4,0.3306873
11162_7,0.9825575
7689_7,0.35197902
12058_1,0.01048909
3740_1,0.01395571
11656_8,0.300335
9795_1,0.010013569
1947_1,0.013636835
1468_1,0.024423089
4158_10,0.97482115
5876_1,0.04115289
12084_4,0.76629364
5434_7,0.89478946
7984_9,0.7799929
2217_8,0.9334308
2300_4,0.012053779
8707_7,0.70089483
3345_10,0.98102194
7375_8,0.7248703
1150_2,0.72603726
8557_10,0.9780517
5590_8,0.9207897
5270_1,0.018978037
10339_4,0.13939638
6789_3,0.14706452
4289_1,0.061875988
693_4,0.064653486
326_1,0.88161486
9786_8,0.74502754
6610_10,0.9843364
11350_9,0.23970512
10907_1,0.019870715
3285_8,0.9693242
10964_4,0.015543648
5411_1,0.024609927
6188_10,0.11920291
7110_3,0.01243165
7355_8,0.8062431
12116_1,0.72603726
1187_1,0.011869121
12167_7,0.9059898
5530_9,0.7181993
2829_10,0.6573185
9549_4,0.009268014
8805_10,0.97324073
10265_3,0.5173271
5227_3,0.01883313
8693_10,0.9825575
6331_10,0.98549646
9079_4,0.05340333
7200_1,0.1289633
9322_10,0.9850429
2899_4,0.014392335
6478_10,0.98228765
4659_1,0.03567855
6755_1,0.010328153
10385_10,0.9861514
11861_1,0.009859855
5483_10,0.9830851
4012_10,0.9764905
7146_9,0.9879462
3782_9,0.8929365
12181_4,0.026355354
10663_10,0.83973396
4712_1,0.014842417
11071_10,0.9207897
11171_3,0.011687259
9043_10,0.97754294
9912_10,0.9582261
7306_9,0.9105454
12382_9,0.9759464
11654_9,0.98549646
8848_1,0.011869121
4076_3,0.01214717
8248_3,0.53108776
10011_1,0.018264279
11769_1,0.11201596
4164_9,0.9884919
1831_1,0.012624948
4164_1,0.010328153
318_3,0.3517563
7221_10,0.9683812
10912_8,0.9825575
1321_4,0.937669
7712_7,0.580352
2680_4,0.010818449
8374_1,0.01065251
995_7,0.9802808
2009_1,0.01065251
3905_9,0.94815457
3348_3,0.014281935
6466_1,0.01048909
11900_10,0.983597
1634_7,0.9105454
8245_4,0.19314738
8561_1,0.017309094
2072_2,0.009708476
12060_10,0.5409239
8178_3,0.03567855
8778_1,0.06754669
10489_8,0.96909106
10118_8,0.18068421
3470_8,0.98549646
8014_4,0.7229184
582_10,0.98549646
8984_8,0.98242307
9085_8,0.9213576
8894_2,0.0269635
3762_2,0.2877678
3815_2,0.01566365
5903_9,0.9241418
8907_10,0.97702265
6140_7,0.9329437
9279_4,0.7783125
2948_9,0.97423947
10588_10,0.936285
8239_1,0.0111580305
6986_2,0.01065251
5308_3,0.010818449
11984_8,0.024423089
9984_4,0.9142907
11803_8,0.98481095
2925_10,0.97702265
11396_10,0.9744348
8998_7,0.49865726
4511_7,0.98677725
5780_2,0.056652423
9838_4,0.029090757
422_10,0.9309621
11389_10,0.8558512
8511_3,0.8727817
2089_10,0.98657167
5818_3,0.57701874
566_9,0.9161096
452_10,0.9859364
4451_9,0.967163
6105_1,0.08035747
2158_10,0.024609927
10395_2,0.90397453
11291_3,0.014172365
2408_8,0.9840936
3698_9,0.8976953
6060_2,0.01065251
9509_10,0.9695556
7136_10,0.96405166
5557_10,0.9798227
7155_2,0.01065251
11421_10,0.9787127
3620_4,0.22918999
2176_4,0.45483536
8970_1,0.6817268
11186_10,0.9853843
9604_3,0.023870835
6047_10,0.96641046
4487_9,0.96405166
11880_3,0.025565214
2650_2,0.23161423
5279_1,0.5577324
9289_1,0.026759284
11673_10,0.97539
6890_2,0.07531231
2668_10,0.56901467
942_1,0.010013569
264_1,0.019419348
10157_1,0.73829186
791_10,0.9814534
11434_9,0.7233095
5630_2,0.58154076
9392_1,0.65423226
12471_3,0.7962924
8593_9,0.61693585
10333_10,0.98228765
9146_8,0.9518632
5404_7,0.4385222
7662_9,0.97754294
11068_1,0.01048909
4460_2,0.25460163
5002_10,0.96210754
9269_9,0.9805807
1639_10,0.9837225
9045_1,0.021287354
9944_8,0.078078166
4091_4,0.0140636265
6889_4,0.014392335
71_9,0.987375
10173_8,0.98102194
2513_8,0.9462003
7507_1,0.10374863
1235_2,0.1510278
3325_1,0.0460339
4146_7,0.012722708
7286_8,0.7759446
4096_1,0.012053779
3897_7,0.9546474
11240_10,0.9700135
4109_1,0.010169657
9566_4,0.013428254
2038_8,0.983343
6985_7,0.9073123
6967_9,0.9791955
11020_10,0.97754294
3291_1,0.012053779
9763_3,0.09401018
1943_7,0.9329437
7599_7,0.67362124
8158_8,0.9623913
4140_3,0.01243165
11840_2,0.0123361
9675_1,0.0335895
10878_1,0.011331754
10760_1,0.012821214
260_1,0.013325147
8188_10,0.9798227
3260_1,0.01065251
6172_9,0.8969756
10021_3,0.71582144
7784_10,0.96909106
4066_1,0.035144847
12325_10,0.9390248
9894_8,0.98187524
1242_1,0.02178117
2059_1,0.0145035805
10686_7,0.9334308
8110_2,0.015189049
8398_7,0.79310596
6096_9,0.8710367
9422_3,0.6693127
2919_4,0.91550726
10248_1,0.60346454
7480_1,0.02350945
3248_8,0.97788346
10264_2,0.010818449
7401_10,0.4432389
10528_1,0.02576056
7623_8,0.5452857
3968_2,0.010013569
10918_4,0.047074176
5146_7,0.9766692
12466_4,0.012053779
10395_10,0.059646945
3862_8,0.98215127
2247_1,0.01566365
2979_9,0.98527133
3271_9,0.979354
5225_1,0.01065251
5662_1,0.2639787
12087_3,0.6714706
10765_10,0.98571813
1256_4,0.012527932
2057_1,0.010986943
2610_7,0.8344069
2065_2,0.013325147
4410_3,0.014281935
6847_10,0.9849274
1927_1,0.84695786
4201_9,0.9458012
2578_8,0.9830851
74_10,0.98242307
8324_10,0.98571813
4762_8,0.34598866
10612_3,0.045352582
11353_10,0.9403531
10709_8,0.9546474
3978_7,0.9750122
954_4,0.01461567
2493_10,0.6804541
8293_7,0.7962924
9454_1,0.014392335
8982_1,0.014842417
5201_3,0.9219218
9758_1,0.011331754
5999_8,0.9046505
11000_1,0.012053779
647_1,0.12808825
7345_9,0.98625773
5105_3,0.9019207
9488_4,0.0153063545
11810_10,0.97966766
5343_8,0.87191176
1671_7,0.93721074
6414_2,0.2821962
3749_8,0.7879312
2310_2,0.010328153
8460_2,0.01048909
12305_1,0.025957355
11672_1,0.011869121
11726_10,0.9686196
11659_2,0.07369626
8684_2,0.01812472
6546_10,0.91490096
1980_8,0.8906752
3113_10,0.67168593
8440_1,0.031858858
7473_7,0.97754294
726_7,0.9500415
11165_10,0.9859364
9830_2,0.08269735
6409_10,0.96210754
11455_3,0.019124037
993_3,0.02576056
3186_1,0.02178117
11631_4,0.048496004
3225_1,0.0111580305
4442_1,0.016152835
6775_9,0.90665317
230_7,0.3617282
5971_4,0.19498022
763_10,0.9884919
9943_10,0.9834705
10098_9,0.8984106
7219_10,0.9600627
6348_8,0.96295285
5774_10,0.9263037
1842_4,0.012053779
3544_8,0.97344345
5661_10,0.9603612
8698_1,0.01798621
7576_1,0.0226292
584_3,0.5428633
9963_8,0.54062074
11653_8,0.9843364
4269_1,0.013121271
728_1,0.013020489
7118_2,0.01065251
6305_4,0.9324533
5970_4,0.01757688
4729_1,0.013325147
7638_10,0.82275945
2709_10,0.9744348
1461_7,0.87578696
5302_10,0.9736447
3589_10,0.9881309
3897_4,0.021287354
9883_1,0.08694165
9903_4,0.0111580305
9789_1,0.013636835
2971_4,0.021615336
5015_7,0.98527133
9215_1,0.013428254
8553_2,0.25128007
5671_3,0.21733752
748_7,0.51409537
8222_10,0.97462875
9336_3,0.746139
1585_1,0.16291203
10634_8,0.97262347
4549_8,0.98549646
7014_10,0.97788346
2412_10,0.93045825
5779_10,0.9522199
11949_4,0.41641095
6879_8,0.5636782
4432_2,0.06804042
5825_10,0.7676898
10422_9,0.77662295
4575_10,0.8267118
11520_1,0.40438983
6612_1,0.010328153
4206_7,0.7620701
1611_10,0.88563144
8170_10,0.9766692
96_1,0.0111580305
715_10,0.97887486
10032_8,0.95292586
2585_1,0.064653486
7477_3,0.3616155
2778_10,0.9861514
6807_1,0.979354
6378_1,0.62165576
1752_10,0.9728308
2305_8,0.9241418
7423_3,0.014392335
496_9,0.9666631
10829_1,0.009708476
7012_9,0.6276089
7701_7,0.9738444
6858_8,0.98445636
2723_4,0.3280987
5720_1,0.31890923
1531_9,0.53776973
3052_8,0.9059898
2728_7,0.97344345
2275_4,0.018404892
11211_1,0.5877065
4603_3,0.029986506
2273_9,0.9861514
11662_2,0.029535338
4887_3,0.013325147
8155_9,0.96765566
2373_4,0.17953056
1754_1,0.26971015
12247_9,0.91117966
10327_1,0.0226292
8968_3,0.016029146
370_8,0.8587186
559_10,0.9761292
8273_3,0.01461567
8125_2,0.021615336
8666_9,0.7581527
4827_7,0.49340862
9737_10,0.9766692
5604_8,0.09670579
8331_10,0.98201376
886_2,0.01065251
4413_7,0.79692537
4116_7,0.98527133
3675_1,0.54822004
496_3,0.087252244
8837_4,0.62291825
3099_2,0.029986506
5518_4,0.057918087
6953_9,0.9740426
1240_9,0.95759624
8614_1,0.0570714
1628_8,0.8891444
1673_3,0.015906392
10806_8,0.97887486
780_9,0.9683812
6957_8,0.92523
10903_8,0.96432143
9908_7,0.07316472
4696_9,0.87191176
3816_7,0.9465967
489_9,0.98527133
2254_1,0.01812472
122_8,0.03594832
3171_8,0.94208187
54_3,0.64623696
8826_4,0.42721745
7686_1,0.010013569
10875_3,0.010169657
4858_10,0.86522406
1268_8,0.065604836
3497_10,0.96485513
6527_1,0.018978037
1345_9,0.97702265
10092_4,0.01048909
11571_9,0.89029425
2899_10,0.9795114
5381_10,0.9764905
8722_1,0.012722708
10521_10,0.9678993
296_9,0.96267307
6184_1,0.017176708
6657_10,0.9834705
5972_9,0.93674946
8599_7,0.078642376
6125_1,0.029535338
5834_2,0.7898827
12479_9,0.89478946
3253_2,0.2594502
4986_9,0.9859364
6439_7,0.9651191
9659_8,0.98469365
3375_3,0.015543648
3155_10,0.86385167
3478_9,0.6872103
6251_1,0.013121271
6281_1,0.010169657
4669_8,0.76838577
2843_2,0.010818449
8137_8,0.97684664
9390_10,0.971779
11401_3,0.009859855
1455_4,0.012821214
8418_9,0.9871788
7064_4,0.23440664
7467_4,0.032589745
12492_10,0.9890131
1969_4,0.035144847
5388_8,0.94815457
3287_2,0.01461567
3493_1,0.076407686
11682_8,0.9623913
7860_3,0.107437484
5507_4,0.013532149
11741_10,0.9859364
8041_8,0.9851576
3525_7,0.9390248
12256_9,0.96182173
1559_10,0.9861514
5477_9,0.9603612
736_2,0.016657041
29_10,0.9861514
12257_7,0.97903574
11184_3,0.01395571
5323_4,0.10706346
11315_3,0.38444984
1400_4,0.74871993
7978_3,0.22918999
6543_10,0.67683357
2120_10,0.9695556
3033_10,0.97684664
4096_7,0.94891727
10945_1,0.9032942
10726_7,0.9804314
10568_10,0.983597
8966_8,0.9740426
12274_4,0.0123361
10560_4,0.013020489
12352_8,0.4251278
5860_1,0.011687259
11828_1,0.01048909
10752_7,0.80131465
6501_4,0.011597362
561_1,0.010818449
6796_1,0.012241275
2626_4,0.09170697
9089_3,0.0145035805
10921_10,0.98481095
6969_10,0.9284088
1039_1,0.01678549
9561_2,0.011508149
2651_10,0.9462003
8929_7,0.9832145
6434_2,0.43596154
3954_1,0.010986943
12408_10,0.9079672
9230_8,0.9869795
6626_1,0.16721867
1913_2,0.021948254
9277_10,0.98242307
8177_8,0.9728308
7174_2,0.11797801
10000_7,0.96485513
849_1,0.009708476
9768_1,0.020488555
2852_7,0.3210341
7872_10,0.9433476
7331_7,0.971779
9716_8,0.8349459
5672_1,0.86522406
11305_7,0.8656789
4750_2,0.017309094
3606_7,0.98282325
10329_1,0.01065251
4407_8,0.9764905
4298_8,0.98242307
1526_3,0.7523766
1177_8,0.79692537
8366_3,0.031858858
1848_9,0.979354
9689_1,0.01507263
4883_7,0.46544823
10485_10,0.97997653
10851_9,0.655336
1550_7,0.9693242
5088_7,0.6872103
7420_7,0.96641046
8306_4,0.4951173
7474_9,0.9693242
5297_10,0.987375
9105_1,0.01048909
4806_8,0.94539934
11659_10,0.96814114
5491_4,0.78858316
4175_1,0.018978037
8726_1,0.009559399
9049_4,0.01243165
3266_10,0.9780517
1396_1,0.11676401
8364_4,0.8620035
3945_2,0.01065251
196_4,0.04672496
279_1,0.010169657
12203_2,0.01507263
8613_8,0.9462003
3839_10,0.98657167
2780_7,0.06754669
10493_10,0.98282325
6866_9,0.97719735
4044_10,0.97997653
2435_1,0.022802636
1976_4,0.7711549
8649_3,0.01048909
7299_1,0.010013569
6018_2,0.0140636265
9729_8,0.98421544
3154_10,0.8370879
950_1,0.15354918
1409_4,0.065604836
5175_10,0.983343
9722_4,0.37559196
4077_2,0.03904829
7067_1,0.0153063545
10984_10,0.9837225
7117_1,0.078642376
2121_10,0.98571813
1386_10,0.9651191
12236_10,0.967163
11844_1,0.011777842
8085_9,0.91490096
333_3,0.2220247
6522_3,0.7620701
249_7,0.9585377
1199_1,0.009708476
499_8,0.9780517
10033_1,0.018978037
7699_9,0.8504686
4829_7,0.8305941
665_1,0.010328153
6743_8,0.9449947
10153_10,0.77662295
4757_2,0.071073666
6942_10,0.98282325
3895_7,0.95695716
11128_1,0.05379964
4404_3,0.11516223
10811_1,0.010818449
1165_7,0.75851065
10907_8,0.9798227
1859_10,0.97737074
5836_10,0.6573185
10158_2,0.042403832
899_3,0.021125194
8631_1,0.92359227
7153_8,0.83973396
847_2,0.0963651
4418_10,0.98445636
12320_10,0.9403531
11242_8,0.45568302
7046_7,0.92944044
1819_10,0.9724148
1651_10,0.79310596
8280_10,0.98527133
2062_9,0.98173577
4781_8,0.9850429
10314_1,0.29138398
1934_1,0.019124037
12230_7,0.94417685
6689_9,0.98677725
987_4,0.058776557
9881_2,0.19620943
4571_7,0.98173577
569_4,0.013428254
11392_3,0.41691533
10716_2,0.012053779
7643_3,0.14903529
7429_8,0.97788346
11315_7,0.028007522
3097_9,0.4139509
10398_1,0.027376488
6299_8,0.9019207
5951_2,0.013532149
8930_8,0.98625773
1852_4,0.0140636265
2857_7,0.9532751
4544_9,0.72990495
9492_10,0.056652423
1947_8,0.7244806
9178_2,0.015189049
6290_3,0.010986943
6313_8,0.98201376
6975_8,0.9740426
12258_10,0.9518632
3970_10,0.9837225
8096_7,0.9606575
10872_3,0.010818449
3660_1,0.05184547
7958_10,0.97887486
652_1,0.013020489
10331_1,0.010986943
2368_4,0.048496004
12367_1,0.0094125895
12125_3,0.08819005
5785_8,0.69637144
5213_10,0.9465967
6334_8,0.97737074
8005_4,0.7033458
8405_7,0.8413048
4629_2,0.02479816
9342_8,0.9284088
11634_3,0.3706809
2878_2,0.027376488
6195_1,0.1510278
6994_8,0.98228765
12170_3,0.12168575
7384_1,0.01107216
1047_8,0.93439513
669_2,0.01798621
2976_1,0.019719128
4718_1,0.19806418
1203_1,0.01566365
9113_10,0.9766692
2928_1,0.023870835
10734_8,0.8705973
6469_7,0.98201376
2896_3,0.23126681
12061_8,0.979354
240_9,0.98159516
8580_1,0.28338456
1961_1,0.7244806
6145_1,0.011331754
11028_4,0.8025555
7664_1,0.024609927
3022_1,0.08601587
7893_8,0.76699245
1149_8,0.98657167
8301_8,0.896614
8210_10,0.8906752
9949_8,0.6738359
2961_4,0.20055768
9796_10,0.9750122
4397_7,0.9850429
2936_3,0.94815457
11382_10,0.9879462
11671_1,0.012722708
10864_1,0.011331754
11253_4,0.013121271
4692_3,0.013742321
11905_2,0.83973396
12066_1,0.79117644
789_8,0.96182173
7700_8,0.9073123
7697_7,0.7789858
8628_4,0.16451646
5719_2,0.110855594
4761_2,0.017045317
8777_1,0.012624948
3525_1,0.13753249
11990_4,0.083890386
432_10,0.9840936
4115_3,0.5554691
10888_10,0.9838472
6995_2,0.05033063
11910_10,0.54698014
8895_1,0.012821214
12149_10,0.909907
11782_8,0.06705628
12139_7,0.8433798
380_2,0.21011725
5242_10,0.97112906
3542_9,0.8333246
6821_1,0.589517
6931_1,0.06325053
5958_9,0.950411
5332_2,0.015424551
2630_2,0.011508149
6387_7,0.9012275
7899_8,0.3429015
11017_3,0.29971972
11800_10,0.9838472
10926_10,0.9802808
9866_10,0.20561504
3203_2,0.027585285
11276_4,0.0153063545
8342_2,0.55724305
6167_10,0.71383077
36_3,0.01065251
3340_1,0.0111580305
3997_9,0.9829547
2627_10,0.987375
4204_1,0.010986943
1018_4,0.4973145
10951_1,0.01243165
5315_4,0.9814534
6301_7,0.97423947
12038_10,0.97997653
3164_10,0.9582261
10989_8,0.98549646
2449_9,0.9787127
4375_1,0.02865267
7037_3,0.65290564
33_7,0.97821885
7457_10,0.95292586
2082_3,0.16184944
1316_10,0.98677725
9097_3,0.033336822
5804_10,0.9838472
9411_1,0.011869121
118_10,0.9518632
560_3,0.05834584
8914_9,0.8272706
2745_4,0.87914675
2607_1,0.010986943
4405_4,0.10631887
10451_1,0.012722708
1887_7,0.9736447
725_2,0.01678549
5118_4,0.029535338
9536_1,0.010169657
127_3,0.18952107
2833_8,0.98215127
131_7,0.8413048
7789_10,0.9563089
6294_7,0.9826909
3872_4,0.02517884
5454_7,0.9437636
11162_1,0.0094125895
1685_1,0.012053779
8352_2,0.014172365
5003_1,0.036220055
262_9,0.9738444
8233_8,0.9449947
1814_10,0.9845754
1967_10,0.28378138
7545_10,0.037608635
12386_2,0.020804489
9531_9,0.93581736
3013_1,0.011869121
6835_10,0.97520185
1279_3,0.16026603
2411_1,0.016403032
9537_1,0.009268014
3446_10,0.98677725
656_4,0.02145073
7085_1,0.010986943
8355_1,0.045692034
1869_3,0.18300885
2317_2,0.01048909
11228_4,0.016403032
3987_8,0.983343
509_3,0.01214717
5168_8,0.9744348
9267_10,0.9877587
912_10,0.9724148
10275_9,0.95945925
2855_10,0.9032942
6079_4,0.56571865
2728_1,0.012241275
9895_4,0.0894546
8230_7,0.9805807
5152_4,0.8000679
4137_8,0.9863631
919_10,0.97737074
1481_1,0.03308598
2468_1,0.010013569
383_1,0.009859855
11552_4,0.018264279
856_7,0.9053223
9047_1,0.032344334
2300_9,0.97023994
1346_7,0.9688562
6316_4,0.9348725
7983_10,0.9757624
9685_10,0.4287117
2745_10,0.41361406
8149_1,0.036493763
9478_1,0.0111580305
3126_3,0.017712297
11629_10,0.98159516
5858_8,0.96691406
200_8,0.9763105
7721_4,0.39105704
12334_8,0.95565146
9582_4,0.045352582
5696_9,0.8872046
3823_3,0.2062538
11571_4,0.5652312
1349_9,0.98201376
4306_7,0.95531917
6924_1,0.42155182
10639_10,0.30280328
5674_1,0.08299415
11321_1,0.01065251
771_4,0.047074176
3519_1,0.01566365
2378_2,0.11124121
5677_10,0.9850429
2807_4,0.30777395
10165_9,0.9719925
6940_1,0.014172365
11015_3,0.59760785
1055_3,0.04054074
11055_9,0.97423947
8173_1,0.9105454
10743_1,0.016029146
11927_3,0.06608538
8785_4,0.94122344
10995_1,0.0140636265
11899_1,0.009708476
10078_10,0.9585377
11831_8,0.7221353
8182_1,0.659734
9664_2,0.01243165
12229_9,0.98469365
6076_2,0.011869121
8529_2,0.029090757
4686_1,0.049589027
8174_9,0.9845754
7395_4,0.22270015
1803_10,0.9875683
2508_1,0.0111580305
452_2,0.010328153
8830_4,0.22000709
3240_4,0.8031738
578_2,0.01048909
3093_2,0.69678426
9543_1,0.010169657
9065_4,0.1727293
534_4,0.63725656
9762_2,0.0153063545
3037_1,0.019719128
4632_7,0.8338664
5064_8,0.93991333
9962_10,0.98549646
9340_10,0.87873113
5881_1,0.01395571
4642_10,0.9843364
5293_4,0.8267118
6721_1,0.029986506
9869_7,0.89552265
7070_10,0.97462875
12486_9,0.9766692
4943_9,0.9546474
7939_10,0.67168593
5786_3,0.21601154
10357_7,0.4020399
7147_10,0.98445636
8627_10,0.9724148
3370_1,0.7772999
4117_10,0.9838472
8178_7,0.97821885
968_8,0.9859364
5931_8,0.6645403
6459_2,0.0145035805
2480_3,0.0433658
5511_10,0.4458311
7554_2,0.014842417
9276_8,0.9814534
140_2,0.08035747
2776_10,0.9843364
3690_1,0.7892337
6369_2,0.064653486
7438_10,0.9719925
872_9,0.65951484
2389_2,0.01784874
2882_3,0.43560138
10404_9,0.9507779
5790_4,0.029535338
2382_7,0.98677725
7798_1,0.014957086
272_1,0.036493763
298_1,0.021948254
11414_7,0.9241418
9255_4,0.0226292
5914_4,0.040845715
2974_7,0.9700135
6739_7,0.96124375
1229_7,0.8840393
2268_10,0.9777139
2352_7,0.97068775
9329_10,0.97702265
11380_10,0.9750122
215_4,0.013742321
9915_2,0.01048909
541_1,0.07263671
10975_2,0.01507263
6946_9,0.728362
3286_7,0.9785493
7482_10,0.9813107
48_4,0.6791787
10046_4,0.7779754
6295_1,0.0123361
6417_4,0.016152835
2401_4,0.029535338
8608_1,0.81582016
3500_8,0.1877276
11903_3,0.012053779
4012_2,0.09568694
11415_4,0.5676969
5835_4,0.013636835
9039_4,0.08756384
6526_1,0.017712297
6379_8,0.92788786
6136_10,0.9830851
6094_4,0.032100707
11608_9,0.7272012
3745_3,0.72758853
10694_1,0.07477005
3222_10,0.9755769
3394_4,0.011508149
7790_10,0.938124
2982_10,0.98549646
12253_3,0.9693242
5900_1,0.70069003
3398_4,0.6402986
10038_7,0.54507387
1520_8,0.94417685
11756_2,0.021125194
6228_1,0.055005286
6226_7,0.94891727
4377_10,0.9787127
9730_1,0.010986943
11088_4,0.02211659
7867_10,0.9678993
5072_1,0.03567855
7935_3,0.5136685
4536_3,0.13072868
6989_2,0.018546565
8101_8,0.97838473
3364_7,0.55579686
7862_1,0.013325147
8562_2,0.36863297
9783_9,0.95695716
7272_1,0.015784562
1025_3,0.01627746
9432_7,0.7962924
4153_8,0.9875683
8528_1,0.01048909
8427_4,0.55805606
5417_1,0.029986506
6575_1,0.26020145
10041_8,0.8727817
7589_4,0.15203224
10391_9,0.98215127
1400_7,0.8050198
9428_2,0.02517884
7106_3,0.01243165
5695_10,0.98421544
6430_10,0.98481095
11722_4,0.01784874
11328_1,0.009268014
9020_3,0.5734172
183_10,0.9807288
6674_10,0.97719735
5495_10,0.9241418
2237_7,0.888372
11943_7,0.971779
5872_10,0.938124
5043_9,0.9744348
3869_1,0.051082738
5113_4,0.5106185
4671_3,0.018689308
9220_4,0.05921025
7330_1,0.0094125895
5344_3,0.074231364
11965_1,0.04177388
7620_9,0.94539934
7044_10,0.9764905
6296_10,0.8962514
8204_1,0.015189049
7661_9,0.882022
11708_2,0.36681652
2415_7,0.9433476
7840_4,0.083890386
2628_10,0.9863631
4633_3,0.117572136
7320_2,0.009859855
11755_1,0.2501793
2589_2,0.026759284
5044_10,0.9849274
5189_1,0.009859855
7926_7,0.8736466
2454_10,0.979354
3368_1,0.009859855
12223_7,0.9549844
7348_1,0.013222822
12007_8,0.96095175
5501_7,0.8895288
4025_8,0.9832145
6447_10,0.8568123
5438_3,0.48498988
7910_10,0.95531917
377_1,0.0123361
409_8,0.98215127
2150_9,0.97262347
11986_2,0.091382116
2544_2,0.938576
5141_10,0.983343
8305_3,0.9184803
8329_10,0.9845754
2333_8,0.16940589
5171_4,0.010818449
5412_10,0.96765566
1081_10,0.97482115
10773_7,0.9832145
1969_10,0.59819484
8276_10,0.98657167
1244_1,0.010986943
7113_2,0.045015533
9535_2,0.29098085
4627_7,0.97684664
10757_4,0.6971968
10091_10,0.9314625
5211_10,0.017176708
7510_7,0.87997437
11674_10,0.97754294
5299_8,0.98242307
3515_8,0.97838473
10143_3,0.58516043
2274_10,0.97997653
2372_3,0.50488263
3116_8,0.98677725
7340_3,0.01243165
1394_9,0.97068775
2047_9,0.9563089
8587_2,0.7244806
11579_10,0.26549944
942_10,0.9839708
9355_4,0.1766716
8812_10,0.9859364
4732_2,0.0123361
3180_10,0.98102194
310_9,0.8969756
3980_8,0.9736447
6923_2,0.039937317
2424_9,0.7394224
1092_4,0.01395571
9238_7,0.97719735
2382_2,0.009559399
3579_1,0.025565214
6801_8,0.9582261
3768_8,0.8050198
11717_10,0.98201376
10001_9,0.979354
355_10,0.9807288
8896_1,0.02865267
9772_1,0.012821214
7624_10,0.22988081
1102_3,0.009708476
10949_9,0.97737074
1269_10,0.9678993
11768_4,0.018264279
5555_4,0.9073123
2233_9,0.8840393
6567_8,0.87234735
12130_8,0.9838472
8587_7,0.987375
10973_1,0.022457054
3863_10,0.97520185
9220_8,0.2893717
7579_10,0.98657167
4411_10,0.08509905
2093_8,0.78727776
10883_10,0.98102194
3583_3,0.011508149
1396_8,0.94776917
1930_3,0.03875619
8779_1,0.022802636
12478_9,0.979354
176_9,0.9394706
11733_10,0.94853723
11368_1,0.009559399
4077_8,0.9425068
11056_7,0.96909106
5567_3,0.034880888
8549_3,0.08756384
9743_1,0.07477005
6916_9,0.97324073
6147_1,0.9073123
7820_7,0.9656413
1352_7,0.9744348
5337_10,0.9802808
12285_3,0.0123361
8992_2,0.01243165
4644_2,0.01566365
9793_10,0.9837225
2359_10,0.70942193
2137_9,0.9843364
10559_3,0.016403032
2679_3,0.02096424
10010_2,0.04177388
11987_10,0.6008912
8824_10,0.98527133
11418_7,0.97821885
2423_9,0.9678993
1576_7,0.26170814
7947_4,0.023153413
1714_10,0.95945925
6006_8,0.9843364
939_8,0.92944044
3755_4,0.032589745
3213_3,0.061875988
164_2,0.014957086
1123_10,0.92788786
7397_7,0.2666436
822_1,0.010013569
5631_2,0.7728737
10464_10,0.93439513
11397_10,0.9728308
10679_3,0.05223086
8205_1,0.01065251
6947_10,0.79502225
2000_1,0.011961098
4075_7,0.97134733
1388_8,0.86339164
446_1,0.011508149
1063_2,0.011869121
6030_3,0.107437484
5613_2,0.016029146
8759_3,0.8524448
12169_1,0.010818449
5111_4,0.10017222
2891_4,0.25238404
827_1,0.02096424
6229_8,0.5249427
2212_4,0.9518632
4788_9,0.9130583
8859_1,0.017309094
9798_10,0.97134733
9763_9,0.6846858
3889_7,0.91550726
3275_8,0.9539661
5106_10,0.7725307
7576_10,0.9840936
9405_3,0.31362993
7108_1,0.013428254
9794_10,0.97821885
2653_10,0.74871993
10545_10,0.937669
12306_10,0.9738444
4696_2,0.01214717
7982_10,0.9869795
11066_3,0.68130285
10034_1,0.013020489
6035_3,0.021948254
9518_9,0.9522199
1266_8,0.979354
11336_9,0.9814534
4159_10,0.9883128
9375_8,0.96909106
5204_1,0.01461567
3360_10,0.97482115
5659_1,0.042403832
8839_4,0.53254664
4529_7,0.98215127
3283_2,0.14903529
5376_7,0.8749346
5379_8,0.9683812
5266_4,0.0111580305
7463_9,0.971779
3595_1,0.012053779
3141_10,0.9219218
9986_2,0.43758315
4279_1,0.03410043
1427_4,0.4154694
8357_10,0.9585377
715_4,0.5144003
8482_9,0.9688562
3091_10,0.94165415
5735_7,0.633637
3100_4,0.011687259
11447_8,0.86385167
4577_1,0.014281935
10287_10,0.9736447
3384_3,0.013020489
3820_9,0.85342485
8883_3,0.0111580305
11279_10,0.63770795
3093_8,0.96210754
10465_3,0.013636835
4423_10,0.983343
601_3,0.47000673
1902_10,0.98445636
1509_8,0.7759446
3019_9,0.967163
11994_9,0.96210754
4246_2,0.089136936
842_10,0.97702265
4917_8,0.9339146
68_1,0.068537496
6613_2,0.06142404
7230_10,0.8338664
6183_4,0.011687259
338_10,0.8098782
6182_8,0.983597
2409_1,0.49121186
9965_8,0.97344345
1336_10,0.7725307
4456_2,0.029090757
12437_8,0.9837225
8437_10,0.96485513
409_4,0.01384861
2303_10,0.7759446
2144_9,0.46563044
2302_8,0.97539
385_9,0.8198933
3617_8,0.96124375
5450_7,0.46356568
6882_4,0.008847355
2980_4,0.04369106
9828_4,0.017309094
10745_8,0.9429286
3478_1,0.7106283
2167_2,0.018546565
5562_2,0.012053779
8771_7,0.026155619
8372_10,0.98187524
10749_8,0.71582144
7394_10,0.23651622
3711_7,0.983343
5375_1,0.09501305
7881_7,0.9353465
7023_2,0.019719128
206_10,0.9850429
4760_9,0.966156
12026_1,0.010986943
12182_10,0.7634837
1821_8,0.98657167
10828_1,0.012053779
2446_10,0.7613611
5327_10,0.85729086
5727_3,0.010328153
11460_4,0.35053256
6484_10,0.9678993
3555_4,0.708616
10641_8,0.9511422
650_3,0.61901075
1467_10,0.9837225
7651_3,0.024987794
11459_4,0.46769643
9255_10,0.96909106
7888_10,0.9825575
4118_2,0.013121271
2540_9,0.8494724
2152_7,0.87621135
2614_10,0.95531917
2892_10,0.9791955
3878_1,0.01243165
273_10,0.9780517
5565_10,0.7595823
444_10,0.9859364
11062_10,0.9750122
5184_1,0.013428254
12140_3,0.011777842
3254_8,0.3451053
11537_7,0.15974104
7606_10,0.97423947
6120_2,0.019870715
7416_10,0.98159516
10759_3,0.24944724
12255_9,0.97023994
1114_10,0.97821885
6827_8,0.844409
10246_2,0.05379964
204_9,0.983343
5816_10,0.947381
2693_9,0.97719735
2578_2,0.13706976
4958_3,0.36116472
7873_10,0.98445636
8795_2,0.030908957
1431_3,0.010818449
11635_7,0.19012183
1327_3,0.011331754
10813_7,0.84389514
9764_4,0.39361808
5861_8,0.6688803
8995_3,0.020023443
2243_1,0.02517884
11708_7,0.98201376
1998_2,0.0140636265
11887_8,0.9839708
4836_10,0.86431044
1603_4,0.049589027
9860_4,0.09203287
1728_1,0.061875988
12108_1,0.012624948
9756_4,0.9700135
1325_3,0.031618766
5174_1,0.8198933
9917_2,0.013428254
6101_1,0.01784874
2010_10,0.9859364
1132_8,0.967163
8516_1,0.013325147
3563_1,0.0153063545
2362_10,0.9348725
10971_1,0.010986943
8672_9,0.92944044
2863_2,0.012241275
2750_1,0.11716748
8599_4,0.08122775
12115_7,0.5291569
4921_2,0.009708476
2975_2,0.01678549
4245_8,0.9834705
10778_10,0.97482115
7816_7,0.96765566
9131_1,0.9005298
5541_3,0.016403032
7956_1,0.019124037
780_3,0.26779097
1052_10,0.82161736
6842_8,0.983343
8279_10,0.987375
9653_3,0.4463137
3025_1,0.012241275
1174_1,0.04885778
1039_10,0.97754294
4609_10,0.9757624
2150_1,0.013428254
6289_7,0.9588471
2963_2,0.0140636265
8801_1,0.1384618
5196_7,0.9761292
5723_2,0.03138043
10530_10,0.9839708
9473_1,0.0627892
3355_3,0.0111580305
5388_3,0.83548355
12102_2,0.01678549
11038_10,0.7735587
9672_1,0.01395571
6875_8,0.5708697
4754_8,0.9697854
6814_3,0.014728613
8937_3,0.05921025
7077_4,0.36795136
1782_1,0.012624948
631_4,0.22746934
7876_1,0.047425874
74_4,0.023153413
2846_9,0.17610411
4190_1,0.06512755
7843_4,0.9339146
7528_7,0.7252596
2396_8,0.9811669
790_1,0.01627746
2020_7,0.9678993
2526_1,0.013121271
8104_8,0.96765566
12372_2,0.016914913
417_1,0.33155245
1318_2,0.011508149
4530_1,0.013742321
2370_4,0.94208187
1886_10,0.98481095
9386_1,0.010818449
7863_1,0.019271135
3864_10,0.98215127
6559_2,0.0145035805
7855_7,0.9834705
1672_1,0.016529558
8453_2,0.5167174
8373_3,0.010328153
9770_10,0.9875683
12009_1,0.012053779
2770_3,0.01812472
4618_7,0.9801293
9797_10,0.98242307
6605_1,0.0963651
10176_1,0.55054694
8949_10,0.98187524
5401_7,0.60288024
3295_7,0.9840936
4791_1,0.021287354
4016_1,0.041462272
4314_10,0.42835295
2903_1,0.014172365
3835_9,0.68257374
7532_1,0.009859855
729_10,0.9263037
5753_1,0.8940517
11976_2,0.013428254
3027_1,0.15713686
9721_9,0.9740426
11295_3,0.069541745
3241_1,0.013428254
5389_9,0.97023994
9889_1,0.8198933
3522_4,0.011869121
10865_8,0.983343
1015_8,0.9585377
5048_10,0.9871788
2671_2,0.0705596
2841_4,0.16398025
4928_1,0.2386389
10499_1,0.115560874
9409_10,0.9719925
974_10,0.244363
11582_7,0.9559813
9988_10,0.98571813
3463_8,0.8449215
5194_1,0.81757444
3377_4,0.035144847
4352_1,0.01883313
10862_1,0.010328153
1545_7,0.4921881
9801_10,0.950411
1905_2,0.016914913
12276_9,0.98228765
7544_1,0.0111580305
10056_1,0.045692034
3623_1,0.013742321
4013_7,0.96691406
1294_4,0.023330767
10285_9,0.98228765
7793_10,0.98173577
3809_9,0.9390248
4586_3,0.009708476
7511_1,0.48108813
10873_4,0.0111580305
4888_8,0.5785672
4349_10,0.86431044
1531_3,0.014172365
8884_3,0.038178276
7336_3,0.5781505
9688_10,0.95976204
7208_1,0.012241275
4355_8,0.97788346
6098_2,0.010169657
9106_10,0.7181993
6422_1,0.013121271
2054_9,0.79502225
550_8,0.83973396
402_8,0.95257413
11832_10,0.98469365
10256_10,0.9853843
6131_1,0.010013569
11907_4,0.09401018
4459_4,0.6171666
8555_7,0.9582261
5079_2,0.012053779
10304_2,0.012821214
10489_1,0.013428254
566_3,0.107437484
1999_1,0.010328153
590_1,0.024609927
11159_1,0.030214587
10612_9,0.9105454
10810_2,0.31954592
11658_4,0.11676401
1950_9,0.92468774
8977_4,0.15002882
9040_1,0.04885778
2891_10,0.9549844
2966_10,0.9805807
8665_4,0.050705362
6600_1,0.011508149
9308_1,0.39040318
7870_10,0.9877587
10511_1,0.048496004
7235_8,0.6130049
132_9,0.98657167
1575_8,0.96691406
3328_8,0.8828326
3273_1,0.010328153
9475_4,0.9334308
10938_7,0.21933751
8143_7,0.8868131
9003_10,0.9683812
9854_10,0.98657167
9932_2,0.011687259
1017_7,0.7994423
4386_9,0.96909106
1105_3,0.23581158
7315_7,0.13660839
37_9,0.98282325
8409_10,0.97702265
12118_1,0.06705628
1665_8,0.98445636
10284_1,0.010986943
8922_3,0.3753057
2524_2,0.020023443
11205_2,0.01048909
4676_8,0.97754294
10479_4,0.8872046
9849_8,0.33600417
4841_3,0.61219376
9153_9,0.9845754
9279_8,0.98571813
11008_10,0.97090924
614_10,0.9832145
167_2,0.011419616
2041_1,0.01461567
6509_8,0.96378
9832_7,0.77864933
5939_7,0.15052764
3267_3,0.011961098
3555_9,0.9032942
1668_7,0.23970512
11048_1,0.012920473
1856_3,0.06325053
4426_10,0.98657167
8457_3,0.27708158
6603_10,0.9465967
4738_1,0.015189049
11762_8,0.937669
2078_10,0.983343
6754_1,0.01065251
11721_2,0.092687786
11558_3,0.6083614
973_10,0.6920179
814_4,0.01627746
2102_3,0.01065251
11394_4,0.6955449
312_4,0.024609927
2994_1,0.0460339
5649_7,0.7360213
7281_8,0.6522414
2756_4,0.016403032
2137_1,0.012920473
8696_2,0.014728613
1158_3,0.33895183
4531_1,0.016914913
10047_10,0.9859364
683_7,0.6304574
8645_10,0.79755676
889_3,0.09401018
4202_2,0.011777842
3859_10,0.9839708
5038_8,0.9798227
6906_9,0.9623913
4154_8,0.9826909
9548_1,0.0111580305
4434_9,0.9807288
9235_9,0.92359227
2368_8,0.95150405
8391_2,0.014392335
1391_7,0.9462003
4317_1,0.010986943
8345_4,0.39287537
8610_1,0.016029146
2888_10,0.95791227
5597_3,0.018546565
4900_7,0.42752367
3016_2,0.011508149
1057_2,0.76699245
5143_8,0.9425068
6932_2,0.030444348
7879_10,0.97344345
9300_3,0.011331754
12142_2,0.14128141
3426_3,0.18535662
7977_7,0.7552762
1573_3,0.909907
336_10,0.9859364
4248_10,0.6331834
9693_7,0.016657041
7753_4,0.39088267
2290_10,0.9465967
9156_8,0.8479678
5526_4,0.019719128
3896_8,0.89256257
8520_7,0.88875884
3566_4,0.70212173
6386_7,0.97462875
4201_1,0.9877587
372_9,0.9861514
6768_8,0.7468782
9177_8,0.96210754
1079_1,0.57415605
934_10,0.9804314
11918_2,0.031858858
4867_4,0.014728613
12449_8,0.97684664
7907_10,0.9881309
4508_3,0.016529558
1075_2,0.015906392
11466_8,0.8250265
10935_2,0.6834195
4826_9,0.9026096
4814_7,0.971564
8676_4,0.6627965
1058_1,0.009708476
7831_2,0.009859855
1150_9,0.9814534
5395_1,0.015424551
5435_7,0.9437636
1745_1,0.012920473
11278_4,0.013742321
8629_1,0.24617073
3145_9,0.97997653
8108_10,0.9073123
6377_1,0.024237636
10298_1,0.030908957
12265_1,0.19132768
11930_8,0.2295352
2511_10,0.98571813
7955_1,0.01048909
2335_9,0.9666631
3194_10,0.9875683
6724_10,0.9492946
9406_1,0.6746938
11369_1,0.014281935
1972_4,0.021615336
6900_8,0.9744348
7813_7,0.9730365
785_7,0.7025301
6368_3,0.027169231
2163_1,0.0111580305
11487_8,0.98187524
4292_7,0.9666631
7451_4,0.016403032
11465_2,0.04369106
7641_8,0.9830851
8250_8,0.9167081
4490_1,0.027585285
10452_1,0.14755519
7442_3,0.019419348
3027_9,0.98445636
235_7,0.98173577
3750_7,0.947381
8700_1,0.011331754
3584_10,0.97702265
7217_7,0.80746067
7769_10,0.9869795
10149_9,0.3768524
7607_2,0.013532149
7749_1,0.011331754
12067_1,0.029760094
388_10,0.96741027
6596_1,0.013121271
10242_2,0.068537496
3853_1,0.015189049
5726_4,0.031618766
9031_9,0.21733752
1543_7,0.90397453
1442_8,0.97520185
6336_10,0.95695716
5929_4,0.87663436
3378_3,0.81167597
183_4,0.22541662
3518_9,0.98228765
5870_8,0.9861514
5053_4,0.010169657
7330_7,0.95791227
9553_9,0.90397453
9552_10,0.9755769
8515_10,0.018978037
1666_9,0.8705973
6661_3,0.7078088
8721_1,0.011508149
1368_1,0.2635994
5076_9,0.7337381
12353_2,0.30569732
1099_7,0.97539
8669_9,0.6322757
2564_8,0.8872046
4369_10,0.9811669
11951_4,0.013428254
11384_3,0.024237636
7459_3,0.8267118
6776_9,0.98173577
6673_3,0.022457054
2500_8,0.96538115
8739_3,0.0111580305
3828_1,0.064653486
7945_2,0.33567742
7934_10,0.97997653
4571_1,0.039342504
11689_7,0.9719925
3681_10,0.9785493
5110_4,0.026355354
5953_8,0.79755676
10906_4,0.011331754
3424_8,0.91964257
6492_7,0.97423947
10450_1,0.011508149
4856_8,0.07978202
12019_1,0.015784562
1390_8,0.966156
6452_4,0.2180027
4916_4,0.017176708
3979_3,0.037608635
6023_3,0.011687259
5762_1,0.011961098
4176_9,0.98173577
7194_2,0.069541745
3143_7,0.25460163
954_8,0.9518632
5291_1,0.14223188
2258_1,0.21337716
5412_1,0.010818449
4088_3,0.047425874
4312_1,0.011869121
517_1,0.012241275
5601_1,0.01214717
288_1,0.11676401
234_3,0.19620943
6665_8,0.9838472
6957_3,0.010986943
4454_2,0.04672496
3270_8,0.97719735
4500_3,0.69388795
7551_1,0.01065251
9033_4,0.66974485
2619_10,0.636805
10093_10,0.9585377
5483_2,0.7337381
8383_1,0.0123361
11683_1,0.10230471
10649_1,0.22884513
181_3,0.8044059
3668_2,0.025957355
3769_1,0.010818449
11519_3,0.66366893
5716_10,0.9802808
10918_8,0.8736466
3103_1,0.013020489
7210_10,0.9764905
2515_8,0.9761292
8424_9,0.58082765
1404_10,0.9837225
3158_10,0.92359227
4996_2,0.01048909
5493_3,0.016914913
8540_9,0.9546474
8960_8,0.93195957
11274_3,0.03875619
11067_10,0.98173577
3335_2,0.018689308
6578_4,0.01048909
916_10,0.9807288
3844_1,0.0111580305
7108_8,0.85633236
565_2,0.5809465
11622_3,0.019870715
10700_1,0.01243165
10483_1,0.36783782
8951_9,0.96814114
6326_8,0.98173577
3035_8,0.9829547
2292_10,0.9658996
11013_4,0.0226292
10618_1,0.10818895
11544_1,0.012722708
7550_10,0.6535693
289_8,0.9814534
6571_10,0.9829547
6056_10,0.60871035
10814_1,0.009708476
9377_1,0.011687259
1577_8,0.32917604
9268_9,0.9877587
10116_10,0.9851576
7411_10,0.9759464
12279_4,0.87191176
3575_1,0.010986943
8105_8,0.938576
6092_10,0.9730365
12406_1,0.013636835
1117_2,0.009559399
12358_7,0.67832696
4469_9,0.97887486
7055_2,0.012624948
10412_8,0.9798227
12155_10,0.4924322
11222_3,0.012527932
9622_9,0.92944044
8992_8,0.97462875
5305_3,0.047780063
8111_10,0.9849274
3436_1,0.01243165
2748_8,0.9805807
6527_10,0.9777139
672_8,0.9695556
8172_4,0.34246156
5513_10,0.8092759
741_7,0.7268136
8886_7,0.9791955
6939_1,0.012053779
12235_1,0.011331754
10607_1,0.011687259
4708_10,0.7988153
9034_10,0.987375
6600_10,0.9695556
2934_1,0.0140636265
12168_10,0.9859364
9362_9,0.80685264
9627_8,0.9871788
9547_8,0.8596637
4108_2,0.009559399
10293_9,0.24762337
10105_8,0.93439513
11864_7,0.9651191
2843_7,0.037892424
836_9,0.2782568
6201_1,0.010328153
8192_4,0.9167081
2596_1,0.012241275
6847_3,0.89143354
8794_1,0.11596072
7281_4,0.013325147
9678_2,0.019870715
10950_3,0.016403032
5845_4,0.23057307
6187_10,0.9623913
4684_9,0.6311397
10852_1,0.65201986
11542_3,0.02350945
5385_1,0.48145384
9597_3,0.17441027
8975_3,0.87705624
10766_3,0.8031738
4236_8,0.6893056
118_1,0.009859855
7278_7,0.9683812
11069_7,0.98087597
1002_3,0.85729086
4210_7,0.9801293
8514_10,0.9184803
9676_1,0.39021438
11826_10,0.8688268
8216_8,0.94891727
575_4,0.05582314
3867_8,0.5924308
321_10,0.98215127
1654_1,0.023330767
973_4,0.02211659
8796_3,0.012624948
145_1,0.012527932
2649_2,0.0226292
2432_2,0.38214144
5713_10,0.96405166
6851_1,0.7256486
3523_7,0.87997437
9862_9,0.9566342
8888_9,0.2146914
12343_1,0.01384861
2298_9,0.9839708
7129_1,0.01214717
12163_7,0.51391244
1090_1,0.012053779
8249_7,0.9802808
3716_7,0.8418256
8095_4,0.014281935
9739_8,0.97539
7041_1,0.023689471
7673_10,0.98187524
210_4,0.065604836
283_8,0.9511422
12361_9,0.9825575
9254_10,0.9839708
5598_1,0.010986943
128_10,0.98469365
11557_7,0.8305941
10232_10,0.83815056
10747_7,0.9750122
9984_9,0.9814534
9618_1,0.03461884
7976_10,0.8749346
5788_10,0.94966936
7378_4,0.4372077
2047_3,0.031143833
10053_10,0.97324073
8399_4,0.028220987
7925_10,0.983597
6830_9,0.9124362
2530_9,0.9167081
9521_1,0.029760094
784_10,0.9871788
10417_7,0.983343
2198_9,0.98201376
8219_8,0.9407897
6896_4,0.21967211
5341_7,0.98549646
2386_9,0.9563089
2323_8,0.7053793
9028_2,0.050705362
6983_7,0.97090924
9885_7,0.94208187
11720_1,0.045352582
8409_3,0.037892424
5797_7,0.9777139
7729_9,0.98625773
10591_10,0.9829547
9593_9,0.97821885
6364_4,0.011961098
7215_3,0.023330767
3653_2,0.013222822
4533_8,0.7446563
10899_8,0.9207897
8312_10,0.93439513
9543_10,0.9843364
5608_8,0.76559335
1432_10,0.49548355
5562_9,0.9811669
12171_9,0.7318259
4428_10,0.98677725
2062_2,0.05623634
8468_8,0.97090924
827_8,0.94966936
11539_3,0.012920473
4215_3,0.01065251
11310_3,0.40195554
4525_1,0.010169657
2093_1,0.01048909
11238_4,0.32434237
5523_8,0.97068775
9848_9,0.9829547
10000_4,0.01243165
10304_7,0.97821885
511_3,0.099820666
1807_7,0.78530854
9080_7,0.08756384
1808_9,0.9635062
6283_8,0.9130583
5913_1,0.011597362
685_1,0.50463855
9505_8,0.16559312
7152_1,0.014281935
11292_1,0.011687259
8334_10,0.97520185
11476_1,0.013742321
3431_10,0.61578125
4019_1,0.036220055
7292_3,0.019568678
1990_7,0.891811
1574_1,0.019870715
5516_8,0.9651191
4687_10,0.87450653
11493_2,0.010328153
771_9,0.98102194
8864_1,0.020488555
3001_7,0.95945925
423_2,0.015424551
5062_7,0.439597
5198_1,0.0153063545
7303_1,0.013742321
7433_2,0.01384861
3085_7,0.97520185
3293_9,0.9853843
12426_7,0.8204695
5775_3,0.04177388
7358_1,0.01065251
3851_2,0.014281935
4785_10,0.7552762
9650_4,0.014281935
553_9,0.9863631
401_10,0.9795114
11522_8,0.96458924
5222_7,0.9693242
5042_7,0.8000679
2638_7,0.18010665
11883_10,0.9829547
11476_10,0.9407897
4999_10,0.9861514
10360_1,0.06233104
3443_9,0.9875683
1138_1,0.04177388
1898_10,0.967163
6069_3,0.040237945
12101_2,0.010013569
1953_10,0.6077796
8679_10,0.9859364
10348_10,0.98215127
2208_3,0.05184547
3886_8,0.9798227
3734_2,0.746139
1330_10,0.93721074
4639_3,0.013325147
6837_7,0.8795612
6520_8,0.98201376
653_10,0.858244
5373_1,0.6638869
8074_10,0.9722044
3906_8,0.8146434
9264_1,0.013532149
2160_2,0.2881683
624_3,0.91550726
3899_1,0.013428254
2181_7,0.01384861
7932_4,0.8727817
8278_1,0.4105864
7162_9,0.9693242
185_4,0.01883313
1997_8,0.81286734
7295_9,0.017045317
1083_3,0.014172365
4678_2,0.07978202
4859_10,0.5918412
9091_8,0.9825575
397_3,0.011331754
11157_9,0.57654196
11261_10,0.96765566
10828_9,0.98571813
2452_7,0.9518632
10268_7,0.89256257
10306_1,0.014957086
18_8,0.98646784
7998_10,0.9511422
8574_10,0.9750122
2953_10,0.9850429
8996_9,0.9871788
7389_9,0.9863631
202_4,0.04401865
5612_4,0.73866904
9916_8,0.06418265
7606_1,0.013428254
1585_8,0.41184986
11803_2,0.0570714
236_10,0.9190633
7827_4,0.28616926
5423_2,0.2180027
3625_1,0.027585285
9887_9,0.9875683
3429_8,0.97719735
372_2,0.013222822
1228_4,0.036220055
7891_10,0.92523
4387_1,0.011331754
6067_1,0.27279878
7822_1,0.041462272
10898_2,0.01048909
512_2,0.009559399
647_9,0.5256732
5361_4,0.011961098
8583_4,0.013742321
2858_2,0.78530854
4920_10,0.9830851
6857_2,0.040845715
925_2,0.010986943
2959_3,0.5723643
11481_10,0.057493284
10824_1,0.07585818
1577_4,0.025371313
2231_7,0.8933094
11545_3,0.15304215
1539_2,0.016657041
9657_4,0.20561504
10362_7,0.9241418
11131_2,0.011508149
9833_7,0.97520185
8495_10,0.98102194
11781_2,0.06903793
1056_8,0.9390248
9402_1,0.013325147
6212_1,0.0111580305
3151_1,0.014392335
5921_3,0.31531414
2198_4,0.0335895
269_2,0.33524203
11464_8,0.97462875
30_4,0.030444348
5300_1,0.0111580305
2277_3,0.01384861
10410_10,0.9600627
5233_1,0.6302299
4336_10,0.742048
3084_10,0.93991333
2908_8,0.98087597
2814_4,0.48681948
8347_10,0.98469365
2319_1,0.01395571
16_1,0.01678549
821_10,0.9850429
2793_10,0.8370879
9909_9,0.9549844
6934_3,0.4736572
9138_1,0.015906392
702_1,0.012527932
3886_3,0.012241275
8311_8,0.971564
9199_1,0.015906392
1254_10,0.98421544
6590_7,0.7004852
3040_8,0.987375
849_7,0.97887486
7555_10,0.9859364
9668_3,0.6270382
10942_7,0.66366893
11343_2,0.055005286
7906_10,0.9780517
11671_10,0.38867602
126_4,0.7620701
9623_8,0.98445636
2872_3,0.01048909
11895_10,0.9813107
3245_1,0.02517884
6145_8,0.9606575
1022_10,0.8976953
6261_1,0.04922211
6888_3,0.9539661
12443_1,0.009859855
7433_10,0.97997653
6512_7,0.15713686
4161_9,0.9869795
6745_7,0.84594244
1993_10,0.8349459
6325_3,0.023153413
12484_9,0.8272706
2204_10,0.9825575
8065_7,0.9207897
1705_7,0.6586371
9370_1,0.018404892
6150_1,0.010986943
3587_10,0.9850429
1906_1,0.017442483
5706_4,0.9390248
3854_9,0.97482115
9655_3,0.01243165
6736_2,0.013121271
2096_9,0.9046505
2846_2,0.2934045
11849_1,0.012527932
5224_1,0.011331754
2987_8,0.8984106
11058_8,0.8250265
2917_3,0.018689308
459_9,0.9462003
9418_7,0.96909106
5803_2,0.07978202
6742_10,0.9863631
2268_4,0.03308598
6832_7,0.947381
4834_7,0.9807288
9532_1,0.42244506
8197_8,0.9850429
7728_1,0.027169231
1958_2,0.03846619
5380_8,0.91964257
4896_2,0.02350945
9529_2,0.018264279
3322_7,0.97539
7629_4,0.07696084
9962_4,0.32209936
9277_4,0.0123361
1071_2,0.011331754
8266_2,0.017442483
6812_8,0.95565146
3196_7,0.35242462
3430_2,0.020645931
6052_10,0.9719925
221_3,0.013325147
3244_1,0.016657041
4846_1,0.023870835
2876_7,0.2786492
4247_4,0.01048909
11608_1,0.013636835
564_4,0.59801877
1978_2,0.43776345
4089_10,0.88563144
1633_8,0.98481095
8983_4,0.651133
10909_7,0.9429286
8135_8,0.22507578
12238_1,0.015424551
9564_3,0.013636835
10174_9,0.9738444
1690_9,0.9736447
4756_8,0.95150405
10718_10,0.98677725
3489_7,0.48633155
2124_1,0.010986943
3842_3,0.010818449
2700_4,0.047780063
5960_8,0.96210754
6193_1,0.3616155
6719_7,0.91367656
7922_8,0.9184803
12132_8,0.8134608
10169_8,0.9826909
1486_4,0.06903793
8455_1,0.21141681
10019_1,0.01243165
7028_10,0.96641046
787_9,0.9759464
2414_4,0.012241275
7182_7,0.5813625
5548_9,0.97684664
3963_7,0.60626537
1584_7,0.84594244
6825_3,0.057918087
6588_3,0.020488555
10573_3,0.19682619
6693_10,0.97046465
5541_7,0.9722044
12053_9,0.93581736
3662_9,0.98215127
6829_10,0.98625773
285_10,0.9829547
1270_4,0.2216875
4320_10,0.09670579
1333_3,0.01395571
6618_1,0.92788786
10119_1,0.01243165
2886_1,0.01812472
8811_7,0.96124375
11087_9,0.9766692
3436_8,0.93439513
10479_10,0.9700135
8365_9,0.9802808
12140_8,0.9722044
6981_7,0.9449947
10447_2,0.01214717
10352_1,0.011961098
943_8,0.96432143
513_1,0.01384861
11192_1,0.28022227
587_3,0.5070796
3420_10,0.7483523
10030_7,0.7570767
3026_10,0.9462003
3145_1,0.36296922
2230_9,0.23616374
5193_1,0.011331754
11337_8,0.98159516
3601_9,0.9829547
3628_10,0.98445636
4952_10,0.96485513
1775_10,0.9730365
8141_4,0.021125194
572_3,0.05223086
6732_3,0.034880888
4274_4,0.16505408
5892_3,0.25349125
7035_10,0.9879462
5354_4,0.6872103
4264_4,0.04369106
8151_9,0.98087597
376_2,0.03138043
5352_1,0.044348583
1365_8,0.97112906
8272_10,0.9851576
6942_4,0.05834584
9067_4,0.7806625
11428_1,0.014842417
7308_3,0.7538293
8349_10,0.9830851
11336_4,0.96458924
551_9,0.98469365
4721_10,0.9861514
4862_1,0.04813677
5469_4,0.048496004
3834_10,0.9859364
4717_10,0.98657167
4202_9,0.94208187
5335_4,0.86748546
7587_8,0.94853723
10827_4,0.031143833
3432_1,0.01048909
6110_4,0.7397986
5618_7,0.7345006
11808_1,0.013532149
9293_4,0.7676898
2163_8,0.8940517
4802_1,0.04054074
5476_7,0.9845754
9991_1,0.01507263
2681_10,0.96538115
11728_2,0.89478946
1466_8,0.96405166
4853_7,0.97134733
3668_9,0.9785493
5334_7,0.97134733
12017_8,0.97023994
2046_9,0.979354
2652_7,0.95257413
2250_8,0.88523525
2253_1,0.01678549
9733_10,0.36409897
3_4,0.7752647
6129_8,0.8305941
6858_3,0.029760094
371_8,0.49804685
1111_3,0.12168575
12330_1,0.017309094
3219_1,0.013428254
11372_9,0.9795114
1434_4,0.52268946
8232_7,0.7405498
7883_1,0.012624948
9151_2,0.032836955
10574_3,0.033336822
9376_8,0.9780517
7737_1,0.2594502
7410_8,0.74945414
10488_7,0.8092759
5906_10,0.98187524
5308_10,0.9859364
11266_2,0.022802636
7627_1,0.01243165
218_3,0.013532149
9031_2,0.009859855
3427_10,0.98571813
8532_3,0.012241275
6588_9,0.96323055
9744_1,0.014281935
3061_1,0.012241275
11668_9,0.9798227
9331_1,0.012624948
238_9,0.9724148
10593_8,0.83169055
4441_9,0.9801293
3717_3,0.011331754
5618_4,0.099120855
4353_10,0.9826909
1268_2,0.0930168
5178_3,0.11596072
2991_1,0.16995624
9976_9,0.9834705
7891_1,0.013020489
445_3,0.3263788
11158_7,0.94417685
10328_1,0.011508149
9137_9,0.9686196
7399_2,0.013222822
1187_7,0.93674946
10642_1,0.06142404
3939_3,0.031618766
5310_9,0.9869795
2087_9,0.9861514
57_4,0.01243165
4645_10,0.95565146
1734_4,0.04369106
8924_1,0.01065251
4418_3,0.013428254
9403_1,0.0111580305
12065_10,0.9861514
6763_3,0.59796005
3882_8,0.7759446
7286_3,0.013325147
9259_9,0.9688562
5134_3,0.01461567
10166_4,0.83601975
8362_3,0.26020145
9701_4,0.73335636
4227_7,0.96182173
8483_10,0.98549646
6002_3,0.011961098
5815_9,0.98667485
9385_10,0.89733595
11047_1,0.014172365
6306_1,0.02297737
9141_2,0.011508149
4594_1,0.02096424
10471_4,0.011869121
48_9,0.98421544
8133_8,0.9761292
8493_1,0.36184096
3425_8,0.8092759
5731_9,0.9813107
4373_10,0.92944044
4366_10,0.5853975
6123_10,0.1576549
1430_3,0.010328153
508_7,0.5965507
11600_10,0.971564
11767_8,0.9802808
1597_1,0.009559399
7257_8,0.98187524
244_2,0.01395571
116_4,0.3246635
7856_10,0.9814534
7640_9,0.95430803
10956_8,0.9795114
11002_3,0.74576885
11666_10,0.9813107
7683_4,0.017309094
10846_4,0.028436033
1317_2,0.01048909
5_7,0.76171577
8526_2,0.012624948
1526_7,0.7367796
3144_9,0.98677725
241_7,0.9804314
8953_1,0.014281935
5919_8,0.9658996
7983_4,0.027585285
5222_2,0.013020489
1662_1,0.017712297
5830_10,0.9257686
859_1,0.021948254
10761_8,0.030675802
12037_7,0.9738444
2629_10,0.9861514
1019_10,0.9795114
11270_10,0.35868993
620_8,0.8539127
6718_10,0.9207897
1402_8,0.7325918
6804_1,0.01065251
11743_1,0.024609927
3117_10,0.97737074
7441_9,0.95759624
4553_2,0.015543648
5182_10,0.9859364
81_9,0.83169055
8343_10,0.9492946
2030_1,0.0111580305
7866_7,0.97344345
11132_1,0.019124037
879_3,0.019568678
6547_10,0.9785493
11166_4,0.014392335
7427_1,0.015189049
5848_4,0.55223787
10734_2,0.015784562
11263_10,0.9813107
9761_7,0.102664
7582_10,0.9849274
3849_1,0.014392335
8242_10,0.6872103
309_10,0.9224824
5492_1,0.024423089
4294_2,0.55661047
7222_7,0.8705973
3365_1,0.0111580305
11084_7,0.950411
50_10,0.9877587
3234_1,0.7505527
10155_7,0.01883313
1181_1,0.0111580305
1505_3,0.012527932
11926_1,0.009268014
12174_3,0.13296424
4589_4,0.014957086
12421_8,0.98421544
1079_8,0.96765566
4852_8,0.94208187
11753_8,0.97788346
11257_10,0.96323055
8270_1,0.011331754
7690_3,0.38664764
12354_8,0.12463858
11419_8,0.95791227
7587_4,0.9224824
818_9,0.52000886
10431_10,0.98677725
12056_4,0.858244
7595_10,0.9840936
2601_1,0.017442483
10022_10,0.9869795
4124_1,0.080936715
11573_10,0.98657167
9868_1,0.009708476
7093_1,0.06142404
4993_3,0.013532149
3192_8,0.9688562
8269_10,0.9843364
5767_10,0.937669
8440_7,0.28338456
1038_10,0.9207897
525_9,0.98215127
689_3,0.015424551
10989_1,0.011331754
6166_4,0.074231364
6452_10,0.98549646
3217_1,0.02211659
11629_4,0.030214587
4338_1,0.010986943
2822_1,0.0140636265
11252_7,0.21933751
11097_9,0.98187524
7124_10,0.9795114
261_3,0.024237636
7828_10,0.9722044
9030_7,0.7641884
9723_2,0.017442483
6924_9,0.9811669
11945_4,0.11279541
11811_2,0.011331754
3115_8,0.9801293
4381_9,0.5785077
676_1,0.38375676
8002_9,0.93721074
9209_3,0.69388795
1677_10,0.9736447
7094_7,0.9273633
12193_8,0.95150405
1227_7,0.69014156
9186_10,0.94208187
6117_1,0.011961098
8621_2,0.9458012
9729_1,0.010013569
12239_7,0.648021
2465_2,0.055412795
4360_10,0.9761292
10538_1,0.010986943
3439_4,0.60077405
256_10,0.9606575
7114_1,0.04304285
3206_3,0.3094409
229_10,0.5446803
7501_3,0.03384404
3639_1,0.63522243
9751_9,0.987375
8277_3,0.018404892
5276_4,0.030908957
1804_8,0.9871788
8497_1,0.012624948
7742_1,0.013325147
9755_7,0.79692537
8429_8,0.9591543
769_3,0.02178117
7452_10,0.920218
1004_4,0.018689308
6393_10,0.9462003
7457_1,0.014392335
8182_10,0.9863631
11589_9,0.983597
4718_8,0.39776295
5315_10,0.86060363
9927_3,0.013121271
6391_1,0.010818449
532_3,0.3280987
10544_10,0.9780517
3576_4,0.046378206
5420_4,0.13799646
7140_10,0.97754294
11018_4,0.01214717
7443_8,0.98445636
7399_9,0.9759464
12129_10,0.9329437
6876_3,0.8272706
9227_1,0.7360213
4983_1,0.015906392
2502_1,0.1576549
2584_9,0.983343
5637_2,0.024987794
6497_10,0.9851576
8464_2,0.016029146
2070_10,0.4435402
4574_3,0.010328153
1642_10,0.97134733
356_9,0.97423947
8052_4,0.9651191
2457_10,0.9850429
6322_4,0.0140636265
2218_10,0.9738444
10669_7,0.9719925
5296_2,0.03138043
1118_1,0.03904829
8588_1,0.020804489
12348_10,0.95759624
7990_9,0.9658996
819_7,0.45568302
10552_7,0.6899327
9126_4,0.14854057
11190_9,0.68299675
6696_2,0.0145035805
4906_10,0.9843364
6809_4,0.54049945
10032_1,0.6943027
2694_10,0.9837225
6411_8,0.97821885
11967_9,0.48547775
10190_1,0.011961098
316_1,0.011508149
5644_9,0.31447145
12083_10,0.9840936
9280_3,0.06754669
11735_2,0.097734325
5219_1,0.011869121
6810_3,0.01461567
7817_2,0.011331754
6753_9,0.0460339
16_8,0.5545609
3908_1,0.022286188
11502_10,0.98102194
523_1,0.011419616
11213_10,0.9813107
5058_8,0.7981868
3290_1,0.016152835
2954_4,0.63736945
7148_1,0.29665425
4455_7,0.70659554
1873_7,0.9740426
4796_2,0.01048909
6317_3,0.8349459
11153_10,0.97702265
3319_1,0.012624948
1247_9,0.9863631
9119_1,0.0111580305
7904_10,0.9871788
4892_1,0.01048909
4608_8,0.82161736
4756_4,0.046378206
230_1,0.10818895
6730_1,0.012920473
6639_8,0.5306622
1726_1,0.051082738
4540_2,0.015189049
1898_1,0.012241275
877_1,0.02017732
10416_9,0.9837225
1359_2,0.6971968
8886_1,0.026556572
553_1,0.014728613
5252_10,0.98527133
8808_9,0.8489722
8792_10,0.9559813
11723_10,0.98657167
6977_9,0.7779754
5050_2,0.015784562
6413_8,0.97482115
9880_8,0.9572778
5827_10,0.9861514
5271_10,0.9724148
12231_2,0.10932483
9913_1,0.01784874
3058_10,0.8221891
1278_10,0.94458723
4923_9,0.9766692
4662_1,0.017712297
10857_2,0.7435406
5033_7,0.91789335
7681_10,0.97719735
8916_3,0.23581158
10603_3,0.049958523
8940_3,0.6660625
2381_1,0.39688605
9188_8,0.97262347
5290_8,0.9449947
6746_1,0.43901065
1001_10,0.96641046
1190_1,0.012241275
1858_1,0.0140636265
5645_10,0.7898827
3021_9,0.94776917
9801_2,0.8688268
2498_4,0.044348583
7972_10,0.9825575
1200_1,0.012821214
9626_4,0.80193585
11750_10,0.9324533
9571_10,0.9744348
11593_10,0.9871788
4432_10,0.9804314
10324_1,0.04813677
9123_10,0.95565146
10155_1,0.011331754
12237_10,0.9780517
2828_2,0.024237636
6375_4,0.017712297
8264_10,0.98102194
6131_7,0.98159516
2950_10,0.9851576
3584_1,0.0123361
3077_9,0.9805807
8867_10,0.9791955
4189_9,0.97262347
2297_9,0.90397453
3607_8,0.9807288
339_10,0.9802808
6450_10,0.98571813
8537_9,0.92683524
5663_10,0.9777139
7179_10,0.97887486
1929_10,0.95791227
7363_10,0.9429286
7073_10,0.9838472
8472_10,0.9825575
2397_4,0.01627746
5710_3,0.01627746
12429_1,0.010328153
4841_9,0.8370879
5819_2,0.025957355
7112_8,0.87578696
1087_10,0.9465967
10766_8,0.91490096
10675_8,0.7098244
11953_3,0.014172365
1927_9,0.7193836
10455_9,0.50878817
451_8,0.89368117
10796_8,0.8098782
5288_7,0.987375
4368_2,0.010169657
10456_10,0.9273633
9981_1,0.01395571
11403_1,0.04054074
5219_7,0.90665317
11929_4,0.20244318
5481_10,0.97887486
3829_4,0.021615336
11367_4,0.25423113
8154_10,0.9826909
2754_2,0.010986943
2299_10,0.98657167
8868_1,0.018689308
4566_10,0.9724148
6688_1,0.019568678
2666_4,0.03138043
11892_10,0.9877587
2667_10,0.44679642
9244_9,0.9785493
12498_7,0.5816002
3493_9,0.88038635
7565_10,0.9339146
2916_7,0.97539
12473_8,0.8338664
3142_9,0.9811669
3289_10,0.98677725
11159_10,0.9791955
8428_2,0.019271135
4152_8,0.85195273
10754_8,0.8610715
11718_1,0.01065251
5408_1,0.013428254
5686_8,0.9263037
7479_8,0.97520185
5160_10,0.755637
3138_1,0.016529558
10343_9,0.97966766
9524_3,0.5885344
7794_1,0.0111580305
5433_1,0.08756384
3380_8,0.9603612
7222_3,0.012821214
1751_4,0.9700135
3914_10,0.39922592
8022_3,0.028007522
3975_4,0.02865267
8177_1,0.013325147
5670_1,0.028007522
203_10,0.9879462
4315_2,0.024237636
8296_8,0.61912596
971_10,0.9764905
12018_1,0.03308598
3714_9,0.97966766
4342_2,0.01678549
4965_3,0.021948254
5126_8,0.96378
10686_3,0.42488173
7290_10,0.9861514
8474_8,0.9863631
7633_2,0.6791787
2226_10,0.7213508
1436_9,0.54116637
813_10,0.9795114
11865_7,0.9079672
4937_9,0.98571813
4613_9,0.023153413
8129_9,0.96095175
2376_4,0.31784958
6861_1,0.012241275
9104_2,0.82893884
10590_3,0.031858858
11021_4,0.023689471
9480_10,0.93439513
12212_10,0.937669
11766_7,0.9811669
5356_7,0.95976204
9572_7,0.9761292
3264_8,0.9766692
11794_1,0.011869121
11739_2,0.57701874
731_8,0.96741027
6278_9,0.97462875
625_10,0.95292586
7252_2,0.020488555
5171_10,0.9869795
9149_3,0.021287354
10780_3,0.01461567
1568_9,0.97737074
7291_9,0.9837225
2288_8,0.97482115
3126_9,0.8349459
3352_7,0.9785493
9455_1,0.010169657
1709_7,0.7512834
9309_2,0.011331754
994_3,0.01065251
4173_10,0.7538293
113_3,0.01243165
10472_10,0.9219218
7193_1,0.010328153
9978_3,0.017176708
783_8,0.97821885
7585_10,0.9875683
2135_9,0.20497774
10887_10,0.98481095
4075_2,0.01395571
10521_2,0.13892843
844_1,0.36556992
6691_3,0.025957355
3879_4,0.01812472
3511_1,0.05623634
332_1,0.59419805
7398_4,0.012920473
1845_1,0.02297737
3890_3,0.024053553
3781_9,0.9759464
3723_1,0.019419348
2908_1,0.010328153
7625_3,0.02576056
6310_10,0.967163
9432_4,0.97754294
1820_10,0.9814534
6809_8,0.987375
9911_1,0.014172365
12001_8,0.8933094
7266_7,0.96765566
263_10,0.97684664
2109_3,0.050705362
7293_4,0.51391244
8874_8,0.9105454
2143_4,0.9329437
4307_9,0.97838473
4176_1,0.010328153
8369_3,0.093678
12317_1,0.014392335
1687_4,0.01048909
12082_1,0.012722708
3396_10,0.9666631
9129_9,0.96267307
10090_10,0.983343
11841_1,0.120025635
12447_4,0.011961098
11624_10,0.9843364
8624_10,0.4772496
9290_1,0.12378871
1108_8,0.04208773
4300_10,0.9826909
2553_4,0.5978427
10550_8,0.022802636
8884_10,0.032836955
6760_2,0.016914913
1177_3,0.64131004
9939_2,0.93439513
2100_7,0.9802808
9677_1,0.015543648
2511_4,0.012053779
4115_8,0.9700135
437_9,0.84695786
6698_10,0.9839708
11049_9,0.96267307
10168_4,0.068537496
8071_8,0.8824279
12474_4,0.967163
3775_10,0.9826909
7478_10,0.96814114
4312_8,0.03704717
3105_7,0.9724148
640_9,0.9433476
6891_1,0.01384861
1849_10,0.9869795
8528_7,0.8370879
9032_4,0.64467263
11743_9,0.98677725
2813_10,0.92523
846_2,0.25683197
3695_4,0.79755676
5972_3,0.012053779
4831_1,0.011869121
11826_1,0.012722708
7684_10,0.9811669
7042_8,0.9804314
10247_10,0.9761292
6766_8,0.5958454
2091_2,0.07316472
5108_2,0.016914913
10644_1,0.21206881
5955_2,0.19498022
9451_10,0.9850429
11518_10,0.53497696
3871_1,0.1666754
5013_1,0.01048909
5056_4,0.10017222
3688_1,0.010986943
2325_2,0.0269635
6330_4,0.010328153
8783_1,0.018546565
3848_3,0.014728613
5901_10,0.94815457
10947_3,0.014842417
4590_10,0.9700135
4337_10,0.2613309
11029_3,0.03541073
10980_3,0.19193278
165_7,0.6791787
474_8,0.98087597
3175_8,0.97754294
11764_1,0.044348583
2164_7,0.9492946
8891_8,0.9693242
8294_9,0.95292586
6602_7,0.051462766
8187_8,0.32252598
2609_2,0.0111580305
6506_8,0.98625773
2207_1,0.01883313
2467_9,0.98201376
7440_1,0.0627892
6417_8,0.3548801
12278_7,0.9500415
4495_3,0.5778527
8223_10,0.96182173
3659_4,0.016914913
1120_3,0.013636835
9713_3,0.1999321
808_10,0.9826909
11164_10,0.9845754
3536_10,0.80685264
10930_1,0.022802636
6868_4,0.028220987
2248_1,0.024987794
3624_4,0.5795194
1442_1,0.011961098
10167_4,0.02145073
10645_10,0.79438496
4414_1,0.36026397
6409_2,0.010013569
10486_1,0.01048909
2983_7,0.98481095
4985_4,0.09434342
3566_9,0.97539
8340_4,0.65201986
10246_9,0.9437636
7380_1,0.8152325
12381_3,0.25054586
11723_4,0.03875619
7478_1,0.020023443
900_9,0.97462875
3364_2,0.020332353
6570_1,0.012920473
9309_8,0.9465967
6044_1,0.01395571
9261_2,0.010013569
5690_8,0.90665317
5326_2,0.009859855
11179_10,0.98173577
8908_1,0.009559399
10224_9,0.9759464
7318_10,0.9825575
11098_8,0.58682996
10120_1,0.01384861
4561_2,0.81699115
4409_3,0.23300752
4301_9,0.011508149
9254_3,0.03384404
10717_9,0.91550726
10619_2,0.30652705
5924_1,0.040845715
11657_10,0.98469365
6373_4,0.022457054
10469_10,0.92944044
5531_9,0.11797801
1089_10,0.9588471
5082_10,0.98087597
4267_1,0.013428254
3006_10,0.40590867
9318_3,0.0111580305
11877_1,0.01048909
7274_1,0.4483659
12450_7,0.9722044
148_9,0.7559974
10353_10,0.015906392
1368_8,0.5108625
9408_7,0.87450653
5739_7,0.7541916
7036_10,0.98242307
11554_2,0.02931223
4601_9,0.98087597
10376_3,0.15662017
2486_8,0.92359227
5745_4,0.045015533
873_3,0.01507263
7009_1,0.011508149
542_7,0.9785493
12008_8,0.9869795
8040_8,0.93195957
4048_2,0.010169657
4895_10,0.97887486
11789_9,0.9845754
5084_7,0.92788786
9207_10,0.98215127
923_4,0.017442483
106_3,0.7272012
1125_1,0.0153063545
839_10,0.8418256
5285_10,0.9837225
7444_7,0.6897238
1566_8,0.8255897
3285_1,0.010169657
6203_2,0.011331754
11147_3,0.2865684
11152_3,0.010169657
3335_9,0.9582261
6689_1,0.009708476
6557_7,0.9693242
3362_10,0.9437636
101_3,0.17050801
10692_4,0.01048909
4462_7,0.96765566
265_1,0.010818449
1369_3,0.02931223
9112_10,0.9012275
7870_1,0.012821214
6102_10,0.97090924
3973_10,0.9603612
8232_1,0.023870835
3177_10,0.8407826
11598_10,0.020804489
882_2,0.44444424
5660_10,0.9750122
1685_10,0.97966766
2064_1,0.011508149
2296_9,0.9273633
3648_10,0.8596637
5486_4,0.020488555
2496_8,0.98201376
9579_10,0.78727776
10776_10,0.9777139
5889_10,0.8984106
8292_1,0.012527932
10547_3,0.010986943
10415_7,0.95945925
10741_1,0.011869121
10196_1,0.018404892
12155_2,0.011777842
2224_3,0.06705628
10356_7,0.06008665
7202_1,0.009708476
11973_10,0.9777139
1792_8,0.94891727
7894_9,0.98282325
11413_1,0.026556572
10596_10,0.9802808
2462_2,0.41810283
9451_1,0.01065251
2895_1,0.028220987
2513_4,0.23970512
11950_7,0.8037906
10566_9,0.91117966
2209_4,0.8221891
9292_4,0.12984344
5575_8,0.98421544
1688_4,0.020332353
440_8,0.97838473
6324_10,0.97821885
8296_2,0.026155619
9460_1,0.026155619
3992_8,0.9845754
11425_10,0.96691406
147_4,0.8349459
2897_4,0.34400257
6214_4,0.06656919
11157_4,0.029090757
4204_8,0.97903574
7255_2,0.40008992
8435_1,0.80746067
11354_2,0.01627746
2136_9,0.9606575
295_1,0.7248703
335_10,0.97997653
8791_4,0.036493763
2817_1,0.011777842
1629_8,0.8504686
6826_3,0.06804042
5550_8,0.987375
3572_10,0.9787127
4543_10,0.840259
2789_1,0.01243165
12288_7,0.97423947
9769_9,0.966156
1257_1,0.030444348
6180_10,0.9635062
8881_8,0.96691406
7075_10,0.9780517
10254_1,0.017045317
12214_10,0.7162186
829_10,0.98159516
5633_8,0.74945414
6202_7,0.010986943
4843_10,0.9805807
7564_8,0.983597
3539_4,0.87450653
9634_9,0.9458012
7578_9,0.9850429
6642_9,0.97821885
3438_8,0.6295469
11407_4,0.2587004
9891_1,0.010328153
3875_4,0.029535338
6447_2,0.020804489
5027_8,0.983343
11415_7,0.9693242
7762_9,0.016657041
7263_10,0.97838473
6556_1,0.06754669
5491_10,0.98187524
3418_8,0.8255897
4137_1,0.037892424
5519_7,0.97539
3435_9,0.95150405
10199_10,0.92468774
5212_4,0.9019207
11891_10,0.9875683
4989_7,0.633637
2883_3,0.6448963
9154_2,0.8740772
8384_10,0.9600627
4082_10,0.9834705
4334_2,0.019124037
5652_10,0.95362175
4544_2,0.10631887
4987_8,0.96378
9648_3,0.015906392
10755_4,0.8596637
4386_1,0.013742321
4619_4,0.0627892
5860_7,0.86339164
11492_1,0.014957086
2126_9,0.9763105
8355_7,0.9079672
6560_10,0.9678993
4026_9,0.9849274
4019_7,0.661267
455_10,0.9840936
6637_1,0.86385167
7490_3,0.123365626
10533_10,0.9651191
7417_7,0.26284185
3392_2,0.012241275
460_1,0.057493284
5364_10,0.9861514
234_7,0.98421544
709_4,0.17050801
2753_9,0.9697854
9434_10,0.9651191
2835_7,0.9683812
6849_1,0.012722708
11186_3,0.0140636265
10902_8,0.9635062
2617_2,0.010986943
7423_9,0.8037906
4699_1,0.13072868
12312_10,0.9805807
6185_4,0.141756
3742_3,0.013532149
1314_8,0.96458924
7985_1,0.9500415
3669_4,0.057918087
2791_8,0.96538115
2295_8,0.95565146
12111_1,0.022457054
11827_10,0.8365546
10191_1,0.091382116
5264_2,0.34775856
11002_8,0.97344345
12423_2,0.012053779
3551_7,0.9059898
10804_3,0.8110782
3670_4,0.24508502
8408_10,0.98228765
1307_10,0.9736447
10906_10,0.85342485
4039_2,0.01065251
1010_9,0.9802808
8764_1,0.027585285
10894_10,0.9826909
1249_1,0.010169657
1844_9,0.98445636
3252_9,0.9314625
12272_1,0.029986506
5599_10,0.9804314
6265_8,0.9869795
4497_4,0.87191176
3925_2,0.015424551
7935_9,0.9588471
12146_1,0.010169657
2345_3,0.4604102
11171_10,0.9843364
6726_1,0.012527932
11129_9,0.81757444
616_10,0.95430803
11349_3,0.010169657
2485_10,0.9755769
3212_4,0.36613634
5578_10,0.9879462
2252_9,0.979354
11643_3,0.011961098
12081_4,0.012053779
4104_10,0.92523
4504_7,0.9518632
6354_10,0.9840936
12118_8,0.9656413
9680_10,0.8705973
7173_10,0.9863631
1965_3,0.01065251
2674_7,0.8193158
1425_1,0.09170697
4017_8,0.9875683
3835_2,0.96295285
1335_4,0.044680875
627_1,0.01243165
8330_3,0.7233095
8907_1,0.011508149
11801_10,0.97903574
3231_1,0.01243165
860_4,0.014172365
2902_8,0.979354
11550_4,0.68763
4944_10,0.97539
10190_10,0.6710396
4090_3,0.01065251
3863_1,0.04177388
3904_9,0.987375
917_4,0.016529558
5540_2,0.011508149
9183_7,0.97423947
2570_4,0.029986506
11868_1,0.01812472
7438_3,0.38029853
10484_2,0.023153413
1988_8,0.97324073
46_2,0.5118386
6624_4,0.0145035805
4666_7,0.6451199
11479_4,0.020332353
308_1,0.022286188
5400_9,0.8969756
5258_1,0.020645931
432_3,0.010986943
7245_1,0.013742321
7082_1,0.013742321
9698_10,0.5961393
1085_9,0.8940517
9999_10,0.9802808
4235_7,0.9615338
11603_10,0.95257413
4457_3,0.024987794
5022_8,0.9678993
12278_3,0.040845715
12076_2,0.02145073
7239_4,0.10411242
4691_10,0.9861514
9820_2,0.016657041
5932_1,0.651133
10265_9,0.97090924
9247_2,0.010328153
4581_3,0.6295469
11060_7,0.96691406
10349_2,0.011687259
9821_3,0.07369626
3375_7,0.5648938
5515_10,0.87873113
3921_8,0.9407897
6671_8,0.9606575
7051_7,0.9549844
743_7,0.91117966
8230_3,0.099120855
11203_2,0.028220987
11616_1,0.019124037
8033_9,0.97090924
1472_10,0.89912134
1932_3,0.2549725
6827_2,0.01065251
6912_4,0.018264279
12024_1,0.012821214
10625_1,0.013428254
9528_10,0.9826909
6663_3,0.029535338
10727_1,0.30280328
6646_10,0.97903574
7632_7,0.93195957
8518_2,0.011331754
6398_9,0.98201376
488_8,0.9843364
4133_1,0.012722708
4128_10,0.9764905
5883_10,0.98549646
10240_1,0.011331754
8791_8,0.9834705
10917_8,0.9697854
9097_10,0.98421544
8438_1,0.01065251
7536_1,0.8193158
7542_3,0.047074176
3928_7,0.27048022
12477_2,0.047425874
9157_3,0.01214717
2694_2,0.93045825
3632_3,0.02350945
7169_10,0.96095175
6931_7,0.8305941
11474_10,0.9802808
2252_1,0.011869121
1261_7,0.05340333
523_9,0.6654106
12233_2,0.01065251
4731_9,0.9563089
12376_10,0.6874202
11834_4,0.23899394
7063_9,0.34334174
5289_1,0.09434342
9632_3,0.02017732
11086_1,0.010818449
8224_10,0.98571813
8013_3,0.70089483
8003_3,0.0111580305
2281_8,0.9046505
4643_7,0.97344345
7942_3,0.013428254
11067_2,0.015543648
5577_1,0.0153063545
5796_1,0.0123361
11514_1,0.060975183
1867_1,0.011508149
4804_2,0.015424551
4547_1,0.012053779
6391_7,0.929951
6260_9,0.9890131
5355_10,0.73028994
12358_4,0.83004373
860_7,0.9811669
3768_1,0.8899121
8742_3,0.63204867
10786_4,0.015189049
5337_3,0.26246357
11260_10,0.9273633
7364_1,0.027795624
4434_2,0.011687259
10604_8,0.9651191
9587_7,0.31700325
738_1,0.4880394
3757_8,0.9755769
6970_10,0.983597
6194_1,0.03308598
4559_10,0.6573185
2334_3,0.013325147
10636_3,0.01678549
4192_1,0.012624948
1579_4,0.5394685
7168_10,0.9853843
3789_9,0.9213576
5617_7,0.9859364
5757_8,0.929951
1431_7,0.028220987
6130_4,0.7505527
12092_3,0.022457054
7918_3,0.0715912
5386_10,0.85536855
2794_9,0.8701566
2394_2,0.012053779
10690_7,0.9759464
6406_4,0.2821962
12288_2,0.015784562
7405_4,0.5039062
6153_10,0.011508149
5577_9,0.9851576
1462_1,0.015906392
7732_9,0.6693127
9046_10,0.9807288
11086_8,0.91550726
1426_7,0.81699115
12174_10,0.92683524
5537_1,0.010013569
11746_1,0.012053779
12203_10,0.98215127
11585_7,0.97462875
9765_1,0.010986943
6295_8,0.96741027
3991_4,0.031143833
11134_10,0.9861514
12379_7,0.5129366
7316_2,0.407805
6955_4,0.03704717
8092_7,0.93195957
9788_1,0.015784562
9494_1,0.01065251
721_10,0.9334308
1250_9,0.9861514
3204_2,0.047780063
6539_9,0.8705973
7944_1,0.009708476
8632_8,0.950411
2787_10,0.9837225
11497_1,0.042403832
8577_9,0.9838472
2717_8,0.9465967
3251_8,0.98102194
11714_7,0.9683812
3868_7,0.9780517
7394_1,0.16559312
481_7,0.84286314
5237_2,0.083890386
11148_9,0.9744348
11946_7,0.98187524
7301_1,0.01214717
384_9,0.7799929
8535_2,0.012821214
8067_8,0.9736447
8452_2,0.31552505
7361_1,0.0145035805
4017_3,0.045352582
6304_9,0.98087597
7326_10,0.9861514
399_1,0.012053779
9003_1,0.011508149
11314_8,0.012527932
4909_10,0.9830851
10463_10,0.98657167
7355_2,0.028436033
3553_2,0.77149934
4404_10,0.9825575
9304_1,0.030214587
7903_1,0.011597362
4429_3,0.057493284
6287_7,0.91964257
10461_1,0.009859855
668_10,0.18242551
7560_10,0.9785493
2785_1,0.01507263
2801_10,0.98102194
4318_9,0.95430803
244_9,0.9837225
12435_2,0.013532149
2788_9,0.987375
2537_7,0.03410043
928_1,0.01065251
3312_7,0.97090924
12147_10,0.9879462
5414_9,0.7994423
9871_1,0.011961098
1308_8,0.97966766
7668_1,0.013636835
5571_10,0.9230392
2052_10,0.98242307
7089_9,0.9683812
6411_2,0.012241275
8514_1,0.02096424
5921_10,0.9829547
3264_1,0.012527932
319_1,0.63476974
3433_10,0.98173577
1610_8,0.9838472
8002_3,0.010328153
8099_9,0.15507847
5418_1,0.01812472
6247_3,0.1576549
5153_8,0.45102423
12201_1,0.024609927
8900_1,0.037608635
10908_2,0.027376488
598_1,0.23440664
10590_9,0.87997437
6706_10,0.9403531
12299_9,0.9766692
2159_7,0.4087487
186_1,0.022802636
3008_8,0.97134733
831_7,0.938576
2717_3,0.011508149
5174_10,0.98549646
3088_3,0.023870835
6262_8,0.9700135
12303_1,0.017045317
9904_8,0.9879462
10097_10,0.9795114
6242_8,0.94815457
9653_10,0.9780517
12499_1,0.016529558
894_1,0.25982568
8935_7,0.9724148
3184_2,0.02178117
2226_4,0.27435136
592_10,0.9839708
2173_8,0.9875683
10967_2,0.014172365
3332_3,0.8056322
1074_2,0.019124037
2396_4,0.014172365
2627_4,0.11279541
5982_9,0.9879462
1386_1,0.037892424
7325_4,0.8504686
112_2,0.16026603
8856_10,0.9511422
1948_1,0.016403032
5791_4,0.4987793
1007_9,0.98481095
3758_3,0.01214717
6455_2,0.013222822
6464_9,0.9875683
5403_10,0.98481095
7076_10,0.9843364
6123_3,0.109705776
2832_7,0.98228765
9287_10,0.9856076
3665_10,0.97090924
4488_4,0.27279878
5861_1,0.011331754
2222_10,0.92683524
9608_1,0.0123361
6225_4,0.01883313
5643_3,0.012527932
8720_7,0.7090191
4955_7,0.9798227
6839_1,0.03594832
7396_1,0.010818449
6234_8,0.5642185
10423_1,0.06608538
2158_1,0.009559399
6929_8,0.9511422
7593_3,0.87663436
636_1,0.012241275
2747_7,0.89912134
7398_10,0.95976204
6852_4,0.020332353
9938_3,0.010818449
3989_3,0.5966682
1104_9,0.16184944
5897_3,0.12852514
5254_3,0.01395571
4824_1,0.057918087
10945_8,0.8864204
11486_8,0.98215127
2542_1,0.012527932
1824_10,0.97903574
10181_2,0.013121271
2492_9,0.98228765
8111_1,0.01214717
5844_9,0.97754294
1369_7,0.014281935
10775_4,0.16026603
9617_9,0.54292387
4709_1,0.012920473
7043_2,0.15152934
5166_10,0.9795114
1604_8,0.9834705
8576_8,0.9804314
1916_7,0.48535576
10286_10,0.030214587
10241_1,0.011869121
12441_9,0.95430803
4529_1,0.013742321
1553_3,0.02865267
3985_4,0.39828944
5542_8,0.9666631
10857_9,0.96210754
7600_1,0.0153063545
12095_9,0.86431044
3134_10,0.9863631
9472_3,0.5
1058_10,0.9805807
7328_9,0.98228765
3865_3,0.022457054
7409_3,0.17441027
4795_1,0.012241275
11596_10,0.4668456
3758_8,0.33698532
5099_4,0.04177388
7707_10,0.98657167
1412_3,0.03567855
4720_10,0.9881309
978_7,0.96909106
6165_8,0.9738444
1307_1,0.01048909
2322_7,0.62337685
5328_10,0.27474037
11934_8,0.96124375
1940_3,0.5353414
6270_10,0.06233104
5262_8,0.9798227
4068_9,0.97821885
1208_3,0.95257413
10220_3,0.15456735
5091_1,0.028220987
2738_1,0.012053779
8909_3,0.028436033
932_2,0.96267307
863_10,0.86153823
454_1,0.027376488
10525_4,0.027585285
175_4,0.79182106
4551_1,0.019419348
5666_1,0.01048909
4324_10,0.98657167
8189_1,0.015784562
12064_10,0.8050198
8622_10,0.9724148
1115_9,0.5957866
9593_1,0.021615336
5579_10,0.98087597
3467_1,0.091382116
11409_1,0.009859855
8682_1,0.015906392
7866_1,0.25571522
6111_8,0.78199726
524_9,0.96691406
9837_7,0.929951
2215_1,0.015784562
6840_10,0.9658996
7384_8,0.983343
6353_7,0.9585377
8650_3,0.5916053
1890_10,0.97112906
10402_8,0.9719925
3770_4,0.018264279
3086_1,0.011508149
1487_3,0.011869121
2995_10,0.96458924
2356_7,0.97068775
5320_10,0.9407897
3235_1,0.010818449
6802_1,0.121268876
11329_9,0.7106283
1143_8,0.742048
5768_3,0.5861083
8004_1,0.016529558
5453_3,0.015784562
11288_10,0.15002882
3278_10,0.97821885
11856_7,0.88038635
12057_10,0.96909106
1825_4,0.013532149
3319_10,0.9840936
5956_7,0.9832145
4875_10,0.9522199
562_1,0.013636835
11359_8,0.8587186
12454_10,0.37456188
10621_2,0.04885778
10407_2,0.037608635
3532_2,0.016029146
10162_4,0.7520126
7084_4,0.6374823
167_10,0.9309621
3362_1,0.4589549
6370_10,0.95945925
2281_3,0.92944044
10454_1,0.010986943
12387_8,0.91730267
8375_8,0.89552265
9656_3,0.024609927
9387_1,0.01627746
4907_1,0.015906392
4697_9,0.9738444
4217_1,0.0123361
8860_10,0.39233688
7312_3,0.23545979
9326_10,0.98159516
3785_8,0.6913932
2255_1,0.029535338
9950_3,0.5068355
558_2,0.011331754
413_8,0.966156
7837_9,0.96124375
9192_1,0.011331754
7_1,0.01395571
9674_1,0.011331754
9771_4,0.016029146
3331_10,0.9142907
11444_8,0.4205401
3009_7,0.97966766
5584_1,0.0140636265
12044_10,0.98527133
5952_9,0.8740772
4989_2,0.0094125895
5722_3,0.009708476
6207_4,0.52999324
7646_1,0.010013569
1811_3,0.017309094
1197_3,0.029986506
709_9,0.987375
8554_9,0.9738444
1706_9,0.81757444
10060_10,0.98215127
6818_1,0.0894546
7255_9,0.947381
3790_7,0.971779
7833_9,0.18068421
7448_4,0.080936715
3456_1,0.018404892
3881_3,0.012821214
11049_1,0.013222822
1269_1,0.032836955
7803_10,0.9829547
1413_9,0.95976204
1289_8,0.98421544
3967_9,0.86060363
7533_10,0.9744348
5372_8,0.9130583
1518_1,0.025957355
10752_3,0.27590945
4863_3,0.013428254
699_1,0.009708476
11537_3,0.0460339
9241_7,0.97997653
876_3,0.7364006
11234_4,0.25349125
5942_4,0.11279541
1778_10,0.8665848
2631_9,0.7509182
7425_9,0.9829547
3410_10,0.9871788
9155_10,0.68299675
4396_10,0.9804314
8894_7,0.57600546
6034_10,0.0963651
12105_1,0.011331754
11645_7,0.9688562
1821_4,0.94776917
9028_7,0.9124362
4670_7,0.7627777
4720_3,0.011508149
10001_1,0.03594832
8363_2,0.0111580305
5681_9,0.9805807
8165_10,0.96378
11961_2,0.010818449
406_1,0.01048909
8313_1,0.011508149
11945_7,0.7892337
9454_9,0.7523766
9523_10,0.96814114
10516_10,0.9839708
6036_3,0.01507263
5046_1,0.01048909
9019_9,0.9257686
5471_10,0.98657167
11862_7,0.14903529
651_1,0.4332919
3131_9,0.9845754
9912_1,0.009859855
6231_2,0.17953056
5523_2,0.076407686
1817_1,0.019719128
8880_7,0.97997653
6080_4,0.01243165
9940_1,0.9863631
3409_4,0.61335236
3713_4,0.6437773
3447_3,0.14270912
3460_8,0.98657167
9397_10,0.8906752
5528_8,0.8349459
7658_10,0.987375
5893_10,0.983597
1646_1,0.0140636265
9620_7,0.34986585
66_3,0.9736447
1691_10,0.9263037
4311_7,0.9656413
12091_1,0.071073666
5391_1,0.009859855
576_4,0.03875619
4734_9,0.6684475
6008_10,0.95362175
8527_7,0.91730267
6048_10,0.18184364
5102_10,0.98527133
6794_10,0.98215127
3473_3,0.011331754
2025_9,0.9829547
9728_2,0.011331754
10704_10,0.9314625
9094_4,0.92944044
7838_9,0.98445636
5779_1,0.009125638
5342_4,0.27202454
9291_10,0.9839708
7028_2,0.019719128
1331_9,0.83973396
9913_8,0.9273633
10250_10,0.98481095
9227_8,0.8221891
6278_4,0.014281935
2302_1,0.76977324
7000_2,0.010818449
416_2,0.01627746
6846_1,0.011508149
3253_9,0.7552762
1712_1,0.009859855
9720_10,0.9738444
769_9,0.9795114
6635_10,0.75346667
1421_10,0.013742321
6803_1,0.01757688
4290_4,0.30673468
2465_7,0.28061637
70_8,0.9801293
5176_10,0.9861514
305_2,0.016152835
11094_3,0.028007522
1109_10,0.9761292
95_3,0.7833262
2378_10,0.98657167
3270_3,0.06608538
6999_4,0.79692537
7594_8,0.7106283
9549_10,0.98421544
8263_4,0.4020399
10379_9,0.971564
11187_1,0.5987815
2278_3,0.020645931
11180_4,0.31573597
745_10,0.9777139
9794_4,0.19253936
6565_1,0.011687259
9608_8,0.9390248
12222_1,0.010818449
9330_9,0.9500415
3611_9,0.9861514
1775_4,0.3706809
3635_1,0.047074176
3893_1,0.024609927
2802_1,0.052618954
2481_10,0.6097566
1540_3,0.6254381
2205_4,0.011869121
10970_7,0.96323055
8287_2,0.016657041
484_1,0.01627746
249_2,0.01678549
12073_10,0.9863631
1443_7,0.79565805
4985_7,0.6761924
12247_1,0.46089542
3170_3,0.017176708
2900_10,0.9787127
1930_9,0.98201376
12309_10,0.9666631
10720_8,0.97997653
5260_4,0.0715912
5212_8,0.98187524
3872_10,0.91730267
9705_1,0.01065251
10367_8,0.98173577
10063_10,0.9839708
9682_1,0.78530854
7356_8,0.9348725
6045_7,0.93581736
3181_10,0.97838473
7212_9,0.9353465
8801_9,0.9635062
2910_3,0.2594502
5031_7,0.9838472
1416_1,0.013325147
8903_10,0.9859364
10620_4,0.021287354
8957_1,0.01048909
3374_1,0.01507263
9196_1,0.01048909
5167_10,0.9585377
10900_1,0.06754669
5405_2,0.013121271
1546_1,0.12592277
12331_4,0.024053553
4733_9,0.9871788
6682_10,0.9837225
1356_8,0.97112906
2301_2,0.01757688
11565_7,0.7620701
8731_7,0.9309621
1638_10,0.9722044
7280_3,0.13296424
51_4,0.11047115
355_4,0.04922211
485_10,0.9875683
554_4,0.024609927
8059_3,0.010986943
3645_4,0.9462003
7332_7,0.9522199
10877_2,0.22405545
10837_1,0.009559399
6273_10,0.8479678
11773_2,0.028870907
744_1,0.06052939
9762_8,0.98571813
831_4,0.7295198
4450_3,0.010328153
5338_4,0.011687259
6741_2,0.13939638
5962_9,0.88875884
10363_3,0.16721867
9063_10,0.9859364
2739_1,0.013325147
5920_2,0.012053779
5200_9,0.8499712
6498_10,0.9851576
591_1,0.020804489
8010_9,0.98242307
369_8,0.71143085
9971_9,0.9830851
11735_8,0.9777139
11278_10,0.9046505
1464_9,0.9697854
3787_8,0.9780517
10097_2,0.24689631
3728_8,0.9724148
9996_2,0.14657521
8676_10,0.8705973
9718_4,0.014728613
9280_7,0.8736466
8343_4,0.09501305
3505_1,0.027376488
8863_10,0.9869795
5682_10,0.092359796
4704_2,0.95257413
11106_7,0.93721074
10541_2,0.37868884
6601_9,0.98242307
11387_10,0.9777139
8864_10,0.966156
7139_4,0.13028543
10068_8,0.8204695
2572_1,0.01812472
3819_10,0.96691406
11954_1,0.011508149
2525_4,0.2407746
12440_7,0.9348725
1489_10,0.9826909
12422_7,0.6838419
5463_10,0.9053223
5684_1,0.009268014
30_9,0.9830851
1255_8,0.98571813
3993_4,0.038178276
10386_7,0.21272226
10111_10,0.87234735
2915_9,0.027169231
4621_1,0.06418265
3671_9,0.9730365
1069_4,0.015543648
2060_10,0.8056322
3788_2,0.4238157
3_7,0.8812066
7722_1,0.011687259
9601_1,0.011331754
3294_3,0.020645931
4361_1,0.010013569
6626_7,0.87191176
5799_10,0.908618
332_10,0.9863631
4320_4,0.092359796
4545_9,0.80685264
6029_1,0.01784874
6329_1,0.111627996
5586_1,0.02178117
9401_1,0.032589745
7087_10,0.8454327
5200_1,0.013222822
9707_7,0.033336822
5006_10,0.664758
4702_4,0.85145944
11207_10,0.96124375
3593_1,0.01065251
3050_3,0.5191557
6036_7,0.03308598
2221_2,0.01065251
6895_1,0.036220055
5678_10,0.97482115
8395_10,0.9807288
8193_1,0.012053779
11689_4,0.06754669
10207_10,0.96124375
5028_4,0.013532149
26_3,0.16940589
11774_10,0.94853723
59_3,0.009708476
7339_4,0.04054074
2141_7,0.5637383
10647_10,0.9869795
7703_8,0.26473838
5904_10,0.96814114
11952_7,0.87147486
6355_1,0.012053779
7465_1,0.01627746
1244_9,0.98215127
5129_9,0.9728308
4015_10,0.9507779
435_1,0.013020489
8974_3,0.4929204
2294_2,0.019870715
5028_8,0.6013595
3850_1,0.013742321
3162_10,0.971564
7690_10,0.98201376
10957_1,0.8774768
8809_10,0.8840393
8509_2,0.08035747
2314_1,0.0111580305
2587_9,0.9802808
6823_8,0.98527133
9761_2,0.02350945
2699_4,0.8969756
10291_3,0.024237636
3015_7,0.96124375
10059_10,0.97520185
8018_1,0.029760094
9487_1,0.076407686
12074_4,0.028007522
2051_1,0.05379964
3997_1,0.012053779
9323_2,0.61173
10231_9,0.96538115
10129_2,0.015189049
1491_10,0.9838472
5601_10,0.8879841
6980_9,0.97903574
8952_1,0.011687259
12021_1,0.013428254
11719_1,0.01048909
4620_8,0.38838604
9819_4,0.8701566
1682_2,0.967163
5635_4,0.24798743
4634_10,0.9798227
8725_8,0.97838473
9919_9,0.8984106
5839_9,0.04401865
10643_1,0.023689471
4447_9,0.7371582
7614_7,0.5818378
441_4,0.121268876
1713_1,0.020804489
507_7,0.9807288
6592_1,0.32852945
6378_9,0.9807288
10206_4,0.566738
11627_8,0.24292332
11991_4,0.7570767
5759_3,0.012624948
2655_3,0.01048909
8628_7,0.9834705
12364_2,0.01214717
11107_7,0.87536144
3166_2,0.57618433
4168_1,0.02211659
10876_7,0.8940517
5609_10,0.9656413
600_8,0.97462875
7243_2,0.01048909
7300_9,0.97134733
9144_10,0.8872046
4539_3,0.9224824
8007_10,0.34334174
8486_1,0.013742321
6213_2,0.020488555
4742_10,0.9219218
1421_1,0.011419616
4061_9,0.89256257
10451_7,0.9511422
1062_8,0.92944044
12281_1,0.023330767
5994_3,0.0269635
10055_10,0.86431044
2602_1,0.14854057
11107_4,0.01678549
4007_3,0.42214724
10444_9,0.9780517
1635_7,0.17217186
12049_8,0.98469365
3988_3,0.74316794
12414_8,0.9600627
7074_1,0.0111580305
11854_7,0.9522199
2445_8,0.9838472
2187_9,0.87663436
11675_10,0.7025301
5648_1,0.022802636
1614_4,0.020488555
9395_2,0.010013569
5372_1,0.66039145
12082_10,0.9843364
12029_10,0.97068775
983_4,0.96538115
11356_3,0.017442483
4254_10,0.858244
6017_4,0.7371582
2330_10,0.79692537
1089_1,0.01395571
8017_3,0.028007522
5248_1,0.9257686
9041_8,0.967163
3855_1,0.051082738
10976_1,0.030214587
7926_4,0.17217186
7758_4,0.019568678
8081_7,0.76838577
9267_4,0.91490096
6381_9,0.79310596
6172_4,0.7229184
12411_8,0.93581736
5216_10,0.9603612
10999_8,0.89982784
2460_1,0.04177388
7815_7,0.883236
8586_7,0.9257686
21_1,0.020332353
2467_1,0.014392335
7979_8,0.97462875
3744_7,0.9241418
7205_1,0.010328153
6862_7,0.8596637
12031_10,0.9190633
12458_1,0.011869121
10410_1,0.011508149
2624_10,0.95565146
12083_1,0.41712305
47_2,0.018689308
676_7,0.95292586
5425_10,0.94966936
1899_2,0.011331754
9666_1,0.009859855
3151_10,0.98657167
1745_8,0.18713269
7646_8,0.6217706
10011_9,0.9869795
10061_10,0.98421544
6792_9,0.9838472
5150_3,0.028436033
593_10,0.93674946
6170_4,0.936285
2029_2,0.01461567
3026_4,0.07316472
1086_10,0.9719925
1594_8,0.98228765
227_1,0.011869121
5932_7,0.4909678
2681_1,0.2905781
4270_10,0.98481095
10065_1,0.034880888
6640_9,0.9623913
1160_10,0.9875683
3078_1,0.06418265
1546_7,0.9736447
12315_1,0.01065251
8699_1,0.0570714
11438_4,0.013325147
2034_7,0.25423113
7899_1,0.011869121
1006_3,0.0111580305
3732_7,0.29299974
11094_7,0.3263788
1477_4,0.12463858
8912_10,0.85776806
8140_4,0.559621
7542_9,0.9635062
2556_1,0.7314424
10075_10,0.9764905
12212_2,0.022286188
218_10,0.6048658
8385_1,0.011331754
5716_2,0.010328153
11655_10,0.908618
6235_1,0.011331754
2823_10,0.9219218
7094_2,0.56481874
465_10,0.98445636
4968_4,0.010169657
222_10,0.93045825
464_4,0.020332353
2593_10,0.86339164
11946_3,0.01243165
6083_1,0.011961098
8158_3,0.581719
2646_3,0.035144847
8282_4,0.07211221
12482_2,0.04177388
1020_7,0.31195062
7554_10,0.94165415
4492_2,0.01048909
4468_4,0.11636176
7365_8,0.9678993
9777_9,0.95695716
9505_3,0.43225807
10546_1,0.034880888
2179_7,0.91367656
9325_9,0.9805807
9042_10,0.971779
7631_2,0.011331754
1583_2,0.060975183
10449_2,0.08210663
8021_9,0.87191176
9282_9,0.983597
5261_9,0.89733595
9127_8,0.96765566
6408_2,0.041462272
7306_1,0.01798621
2955_4,0.013121271
6401_10,0.9142907
278_10,0.9875683
1954_8,0.4126485
2592_8,0.9407897
2040_10,0.9838472
4779_10,0.98677725
7274_8,0.9761292
8094_2,0.03410043
9359_9,0.89552265
10732_10,0.98421544
7824_7,0.97462875
493_7,0.41596606
2458_2,0.16776335
67_3,0.02517884
1495_1,0.013532149
2984_1,0.19132768
9979_4,0.10706346
2790_1,0.08819005
8948_1,0.01214717
4249_1,0.08694165
5994_10,0.98549646
5119_2,0.01384861
6539_2,0.013020489
12006_2,0.014392335
555_4,0.064653486
9508_9,0.692226
2282_2,0.01065251
4119_7,0.8879841
1224_8,0.98242307
492_10,0.938576
7062_9,0.7833262
6663_10,0.9804314
9410_8,0.9740426
6033_8,0.9834705
4704_9,0.9877587
1347_3,0.023689471
6920_7,0.9012275
7736_1,0.35287052
2884_3,0.059646945
1870_2,0.057493284
4058_3,0.014281935
3089_8,0.98242307
932_9,0.9813107
5666_10,0.9740426
5770_1,0.03846619
10982_10,0.97887486
5977_1,0.16721867
7678_2,0.8050198
7788_10,0.9830851
6328_1,0.11716748
5806_10,0.98571813
595_1,0.01507263
8235_7,0.97046465
10822_2,0.01065251
12353_7,0.6817268
5381_1,0.040845715
504_8,0.12085323
4876_10,0.95531917
5244_10,0.9845754
12010_8,0.95362175
7263_2,0.43950677
10315_10,0.98527133
9967_1,0.020332353
126_10,0.96095175
3861_1,0.032589745
10221_8,0.62406445
7844_3,0.938124
10976_8,0.95976204
9372_8,0.9353465
5633_2,0.021948254
3833_4,0.021287354
5256_8,0.971779
8840_1,0.010818449
2122_10,0.9825575
4607_4,0.01384861
12025_9,0.929951
10884_9,0.7776378
2473_10,0.055412795
12330_8,0.7390459
6997_3,0.02178117
4505_9,0.98242307
1302_8,0.97520185
4382_3,0.8365546
9645_8,0.9213576
4138_2,0.010169657
2419_1,0.02017732
3059_8,0.97719735
8239_9,0.9877587
105_3,0.02576056
1129_9,0.97788346
9065_10,0.9811669
3249_1,0.01065251
4864_8,0.7435406
11748_8,0.9814534
561_10,0.9853843
1261_1,0.02479816
10944_1,0.014281935
11503_1,0.659734
8089_9,0.83601975
3224_10,0.96909106
4550_3,0.89478946
8097_7,0.7988153
11042_1,0.018404892
4590_3,0.018689308
10838_8,0.9073123
5500_3,0.028220987
6779_10,0.6293191
7489_2,0.01048909
4145_8,0.96458924
2477_2,0.64735246
11428_7,0.6356749
5178_8,0.9666631
1604_1,0.0145035805
2269_7,0.9693242
683_2,0.2995148
12373_10,0.98481095
12362_10,0.98173577
1486_9,0.7806625
4922_1,0.010169657
5689_8,0.70212173
11287_9,0.6046324
4578_4,0.074231364
361_1,0.8596637
6750_4,0.7898827
10004_9,0.98549646
3649_9,0.9850429
12485_8,0.94815457
4867_10,0.9549844
10463_2,0.36206648
8449_9,0.97997653
10573_10,0.9877587
12488_3,0.017309094
1649_2,0.012053779
12064_1,0.8624676
4892_10,0.983343
8877_3,0.45253593
11816_9,0.983597
10235_10,0.9241418
8204_7,0.8349459
8608_10,0.9744348
475_10,0.9859364
10150_8,0.9766692
4661_10,0.20817894
434_8,0.936285
10121_10,0.9787127
438_9,0.97997653
2866_1,0.014728613
10667_2,0.45374593
9575_8,0.9750122
910_10,0.98549646
1631_7,0.95257413
10585_3,0.23196201
1060_8,0.9572778
8817_1,0.018264279
10511_10,0.98187524
11854_2,0.400046
4429_7,0.9719925
7462_4,0.011687259
7668_10,0.98481095
6258_8,0.9700135
12481_1,0.019419348
3948_7,0.83867973
624_10,0.94699025
6418_8,0.98215127
4211_7,0.9353465
10606_1,0.010818449
3052_1,0.010013569
12091_8,0.98445636
5559_10,0.91550726
6462_8,0.9798227
6215_1,0.018264279
10996_1,0.01678549
1139_10,0.7025301
11400_8,0.91964257
10075_3,0.05834584
9034_4,0.6109178
8963_7,0.9429286
622_10,0.98228765
4570_3,0.46830428
12242_2,0.01065251
10595_1,0.76942694
5524_1,0.08694165
10074_3,0.86385167
10761_4,0.2991052
5215_1,0.013325147
7480_8,0.5506074
3940_4,0.53424805
375_10,0.1431877
11998_3,0.24508502
11759_10,0.98421544
12180_7,0.0705596
9000_2,0.036769465
4251_3,0.15354918
7944_10,0.98228765
12444_1,0.6408606
7400_1,0.009859855
4122_8,0.9845754
8849_10,0.9811669
5656_4,0.43509877
4091_7,0.96210754
8699_10,0.97737074
8750_9,0.9518632
3813_10,0.9585377
1836_4,0.44661537
1644_9,0.967163
5764_10,0.92359227
1328_1,0.7520126
2332_2,0.34532604
1851_1,0.012920473
9281_2,0.030908957
9870_1,0.011687259
3201_1,0.017442483
9589_10,0.013428254
3137_1,0.012053779
10655_10,0.9805807
10722_1,0.011687259
10338_9,0.9795114
2561_4,0.79117644
8646_8,0.44504714
10077_7,0.97737074
2091_10,0.97754294
12110_7,0.8255897
8961_4,0.033336822
10497_1,0.012624948
3909_3,0.068537496
2535_3,0.8193158
8969_3,0.69678426
160_10,0.96405166
10280_4,0.02017732
5117_1,0.024237636
2371_4,0.011331754
12014_10,0.97788346
8665_8,0.9763105
5386_3,0.01461567
1284_1,0.010013569
6541_7,0.7465088
6919_4,0.014392335
7066_10,0.98481095
1189_3,0.012624948
247_8,0.9863631
4144_8,0.9777139
1788_10,0.9697854
3875_9,0.97068775
9484_2,0.028007522
6650_1,0.015906392
526_3,0.025565214
10810_8,0.66104823
3361_2,0.7287483
3721_1,0.10194652
8024_2,0.013020489
11882_10,0.519887
6015_1,0.012241275
10950_8,0.7595823
10595_10,0.938576
6215_8,0.83761996
7506_1,0.011687259
9448_2,0.010986943
10267_4,0.07263671
1890_4,0.7248703
11388_1,0.022802636
4033_2,0.013742321
10188_1,0.20118472
3685_10,0.9736447
2329_10,0.91789335
2672_10,0.9853843
3356_10,0.9053223
7505_9,0.96485513
8789_7,0.8244619
4655_1,0.012722708
7490_7,0.97997653
10703_9,0.45156837
2088_9,0.9766692
5114_3,0.01566365
3317_8,0.12678517
2826_2,0.87705624
8346_8,0.96182173
2036_1,0.011961098
11081_2,0.011687259
5313_7,0.3488669
266_4,0.017712297
7378_7,0.8543993
7420_2,0.64310515
9637_8,0.98087597
8788_2,0.05223086
4953_2,0.120025635
8212_9,0.9840936
10437_9,0.97462875
9397_1,0.014392335
4598_10,0.37754068
2772_10,0.89442116
83_10,0.98282325
6217_1,0.008985428
11725_10,0.9764905
4380_9,0.97788346
2974_1,0.013121271
12363_7,0.97821885
3246_1,0.015189049
6087_9,0.98677725
3419_9,0.98201376
6587_9,0.97887486
2450_1,0.012241275
2475_10,0.98201376
11551_7,0.96405166
7614_4,0.013742321
10136_10,0.96323055
5844_3,0.01065251
7473_1,0.009859855
6772_4,0.26894143
6253_1,0.010986943
4036_10,0.882022
11948_10,0.9563089
11435_9,0.9802808
6106_9,0.9738444
12271_1,0.45713672
12030_3,0.01627746
11640_3,0.039937317
5589_10,0.42978832
6352_1,0.94853723
2523_4,0.91730267
8198_8,0.9492946
7283_4,0.02517884
4330_3,0.86060363
7882_3,0.42226636
9815_8,0.97539
1714_1,0.010013569
3836_1,0.011687259
8618_7,0.4517497
1759_3,0.8774768
9317_2,0.011687259
6186_4,0.4135956
3779_1,0.011331754
10096_9,0.9851576
3277_7,0.97344345
6023_10,0.98677725
4863_7,0.23934935
11194_2,0.013222822
11227_2,0.009859855
11983_1,0.028220987
337_9,0.97520185
11441_3,0.01065251
6668_1,0.0140636265
4333_9,0.96641046
3773_8,0.76559335
5370_9,0.95976204
4959_10,0.21866938
9431_3,0.015784562
6834_3,0.026155619
9952_3,0.098079324
9810_1,0.052618954
697_4,0.79310596
4528_3,0.014172365
5817_1,0.009859855
9052_7,0.9124362
11494_8,0.9167081
4516_1,0.011331754
2810_9,0.9678993
1105_10,0.8976953
6873_2,0.016029146
8171_10,0.96691406
9568_10,0.9730365
879_10,0.94699025
8493_8,0.8749346
9437_10,0.9572778
3841_1,0.016403032
3852_7,0.7567173
7414_9,0.9046505
6048_1,0.010986943
2921_1,0.022457054
6752_1,0.012241275
7997_1,0.9492946
640_1,0.012624948
9576_3,0.23792991
4110_4,0.5124486
11407_7,0.9462003
410_10,0.98481095
11167_10,0.9863631
8383_10,0.8233284
392_7,0.97068775
1459_4,0.08694165
11929_10,0.9105454
12362_4,0.016403032
4046_2,0.015784562
2597_10,0.9403531
11246_4,0.021125194
8692_8,0.9805807
3986_9,0.9588471
391_1,0.039937317
2504_7,0.92523
11644_10,0.9830851
1788_1,0.028870907
5286_1,0.0111580305
3486_1,0.9853843
4486_7,0.2991052
4614_3,0.1338675
11360_4,0.01214717
2315_10,0.9850429
3637_10,0.8864204
6479_3,0.02576056
10306_8,0.9801293
2225_1,0.045015533
9688_3,0.016914913
8999_2,0.009708476
6793_1,0.014281935
1785_8,0.96458924
3902_1,0.0153063545
3805_1,0.013325147
6867_8,0.3777702
761_2,0.025371313
9493_4,0.02517884
4805_4,0.97539
583_8,0.9777139
9470_9,0.97719735
9859_8,0.97903574
6633_8,0.77321637
518_10,0.4032602
10730_1,0.023330767
1855_4,0.16830944
5191_8,0.8204695
9191_1,0.01627746
1113_3,0.7098244
2973_8,0.9759464
10712_1,0.015906392
7729_1,0.0153063545
2730_1,0.012053779
10170_1,0.016403032
8238_10,0.98677725
9495_10,0.9759464
11652_1,0.19193278
4911_2,0.009859855
7514_1,0.011331754
8164_2,0.20370752
10389_7,0.67405045
7557_10,0.64220816
852_4,0.12592277
1584_1,0.054198727
2387_2,0.0123361
6073_4,0.010986943
7047_10,0.9838472
6338_7,0.9213576
1741_4,0.064653486
3697_1,0.027376488
5444_2,0.018264279
10082_1,0.07696084
6135_4,0.19498022
9242_8,0.9124362
7864_8,0.9832145
3466_2,0.011869121
9852_9,0.98187524
12390_7,0.52171487
5189_9,0.98242307
6771_9,0.91117966
223_3,0.91550726
8322_4,0.022286188
4465_8,0.83815056
6597_2,0.01812472
3477_8,0.9863631
4736_8,0.67875296
4581_8,0.9804314
5898_3,0.012624948
12335_7,0.9546474
7321_7,0.9591543
128_4,0.15456735
9116_3,0.78464925
9152_8,0.98282325
3613_3,0.01627746
1095_8,0.9869795
225_10,0.97821885
12445_10,0.9314625
596_1,0.047074176
6693_1,0.020023443
7535_4,0.8092759
3135_4,0.12378871
7435_2,0.013121271
758_3,0.019419348
11838_10,0.9744348
8539_2,0.010169657
671_8,0.8795612
53_4,0.044680875
8718_10,0.98445636
10447_7,0.7314424
86_10,0.5114726
7042_1,0.010328153
5821_3,0.011687259
4604_4,0.017712297
7906_2,0.009859855
11449_2,0.02145073
6505_8,0.9843364
8160_3,0.29624692
1054_9,0.9834705
6300_7,0.9190633
10058_8,0.9826909
3990_10,0.9869795
9233_4,0.014392335
9314_2,0.11318691
4213_10,0.858244
3407_10,0.9843364
1982_1,0.05834584
9686_1,0.015784562
11246_10,0.35331663
617_4,0.96458924
12182_1,0.011331754
5687_1,0.03904829
1559_2,0.011508149
3596_7,0.95695716
4991_10,0.98159516
3315_8,0.96741027
1192_1,0.0111580305
1454_8,0.97903574
9836_3,0.24220563
8088_4,0.76100606
1651_2,0.01678549
4641_10,0.95531917
10624_1,0.017309094
2902_2,0.8418256
10435_7,0.96814114
11623_2,0.010986943
1609_1,0.011331754
2623_1,0.01048909
4444_8,0.97090924
12412_3,0.02479816
8496_1,0.01507263
4279_8,0.8656789
9053_10,0.7759446
11747_3,0.09073549
9754_4,0.83867973
1795_2,0.01395571
6017_10,0.9804314
8964_7,0.979354
1118_7,0.9719925
11564_7,0.9394706
9897_1,0.012527932
7731_1,0.010328153
7391_2,0.01048909
6670_7,0.93721074
8347_1,0.0111580305
5000_4,0.011331754
3513_1,0.010169657
9427_4,0.63204867
6840_1,0.023330767
9217_9,0.9845754
5545_8,0.97702265
9858_10,0.98282325
1909_2,0.010328153
8416_10,0.9826909
11079_3,0.01384861
4638_4,0.8392076
324_10,0.9693242
9126_10,0.98481095
9069_7,0.4841362
10555_10,0.97821885
9626_8,0.7106283
6629_10,0.9861514
8419_10,0.98677725
5437_8,0.01065251
2463_10,0.9802808
10540_1,0.17838266
10579_1,0.011508149
11517_8,0.84645087
5306_10,0.95292586
4996_9,0.97423947
8251_7,0.95430803
7382_1,0.01048909
4284_9,0.97754294
772_10,0.9802808
5394_1,0.012821214
10576_9,0.9658996
635_8,0.9795114
9315_2,0.015543648
9642_4,0.010328153
7225_10,0.97737074
1806_3,0.5767208
4484_1,0.4020399
4912_10,0.96641046
4837_10,0.96691406
11025_10,0.8899121
1419_10,0.98481095
8789_4,0.025565214
1507_1,0.02017732
6478_1,0.03308598
7774_1,0.010169657
7805_10,0.91789335
11142_10,0.858244
3832_10,0.574902
1830_3,0.012722708
2676_4,0.020645931
1595_1,0.01048909
8044_9,0.971564
8476_1,0.018978037
5190_8,0.95362175
4941_2,0.014172365
10114_8,0.98087597
11931_3,0.057918087
11970_10,0.45495644
5572_1,0.01048909
32_3,0.466238
10026_10,0.95292586
10554_2,0.016403032
6440_7,0.9829547
7636_1,0.01678549
7973_9,0.9863631
2920_10,0.9838472
9531_1,0.010013569
568_4,0.1384618
6091_3,0.81227237
5700_9,0.9546474
4934_7,0.9861514
5988_10,0.9875683
5162_1,0.04922211
1043_4,0.02096424
11574_2,0.8311431
2592_1,0.010169657
4881_3,0.6893056
447_10,0.9877587
6922_8,0.97719735
9314_10,0.9750122
10693_10,0.6808786
257_9,0.9755769
2090_10,0.13660839
7826_1,0.013020489
7851_4,0.02931223
1606_1,0.01812472
4446_1,0.029986506
10655_2,0.019271135
11116_2,0.022457054
1631_1,0.027376488
11696_10,0.9777139
2114_3,0.013222822
10728_8,0.9798227
8006_9,0.9736447
5963_10,0.8449215
2094_10,0.9804314
10113_1,0.0111580305
2832_4,0.17217186
9600_1,0.021125194
7776_1,0.015906392
567_9,0.9563089
4700_10,0.022286188
1143_1,0.011961098
7853_1,0.01627746
11178_1,0.05921025
7770_3,0.026155619
11696_2,0.029535338
6077_9,0.9832145
5952_1,0.011687259
507_1,0.013020489
11888_3,0.40568417
7857_3,0.019719128
1381_7,0.66017234
5080_2,0.0111580305
9831_10,0.78199726
7231_1,0.01798621
6012_3,0.010818449
6843_4,0.86385167
7120_1,0.013020489
9248_1,0.10411242
5313_4,0.19620943
8434_2,0.03461884
10224_2,0.023153413
7303_10,0.7905303
1796_8,0.2560871
9302_4,0.023153413
2232_4,0.068537496
5333_3,0.024423089
1340_3,0.014392335
5472_2,0.009559399
1768_3,0.016029146
3140_1,0.024237636
6264_3,0.034358688
6699_8,0.33589524
2085_7,0.7512834
5319_4,0.09534946
7561_4,0.7240906
992_1,0.01048909
193_4,0.010328153
19_10,0.98282325
6225_8,0.8509647
933_10,0.9834705
11245_10,0.9719925
6152_3,0.93195957
10163_7,0.9834705
9382_4,0.01678549
4655_8,0.9012275
5195_10,0.94699025
8989_4,0.55139256
5309_10,0.9805807
2183_2,0.010328153
7597_10,0.97838473
1272_8,0.9695556
10107_9,0.9843364
3067_1,0.011331754
390_10,0.98215127
5746_4,0.017309094
7145_4,0.19559409
1612_8,0.9572778
7968_4,0.684264
3793_9,0.97134733
2719_1,0.012722708
1645_10,0.9666631
9934_2,0.011508149
9288_4,0.045692034
937_4,0.16079244
10385_1,0.010013569
3726_1,0.010818449
2700_10,0.96741027
11824_1,0.02178117
4133_10,0.97462875
9873_2,0.010986943
8769_1,0.010818449
11806_10,0.98201376
903_4,0.07921033
727_3,0.41383243
2426_2,0.0111580305
8663_1,0.017309094
11163_8,0.9666631
1505_7,0.9026096
4758_10,0.98549646
2119_4,0.022802636
7351_8,0.966156
5638_10,0.9693242
11236_10,0.9761292
9351_3,0.07696084
8732_4,0.56985265
4771_1,0.45374593
4094_10,0.98549646
8314_7,0.31111282
5273_10,0.971779
1773_1,0.018689308
7415_1,0.011331754
677_1,0.014842417
5585_1,0.013222822
1523_10,0.7033458
6855_1,0.018264279
6634_9,0.9791955
3866_2,0.42202815
7165_3,0.0123361
7516_7,0.8872046
2239_8,0.9492946
1248_8,0.98469365
6839_8,0.9518632
2648_10,0.98282325
5246_9,0.6148566
9445_1,0.0123361
4323_4,0.3457677
4356_10,0.9829547
9447_4,0.9546474
4022_3,0.08632348
6239_3,0.012722708
447_4,0.54116637
6717_8,0.034880888
2470_9,0.9859364
4816_1,0.011508149
1682_10,0.78727776
67_10,0.9284088
724_10,0.97702265
7678_9,0.91367656
2889_4,0.2501793
7487_9,0.9801293
1411_4,0.14128141
7447_8,0.97134733
3856_1,0.020804489
4412_10,0.4765797
8939_2,0.010169657
3314_9,0.9184803
2776_1,0.09334688
7986_8,0.9832145
12084_10,0.98527133
9529_10,0.9863631
11599_7,0.6846858
11688_3,0.016029146
11559_1,0.025371313
5838_2,0.016529558
6397_4,0.97821885
3551_4,0.54728264
5646_10,0.97754294
7760_2,0.012821214
4983_7,0.9804314
3870_1,0.04922211
5621_9,0.8679338
8716_9,0.97262347
2017_10,0.94891727
579_10,0.97966766
2659_1,0.012624948
10364_2,0.0460339
837_8,0.73753643
226_4,0.06008665
4836_1,0.012821214
11389_3,0.34598866
5284_2,0.011869121
4277_4,0.5674741
3821_10,0.7627777
6593_8,0.82949203
5060_7,0.41724178
5121_8,0.98282325
3810_7,0.02931223
3941_8,0.36795136
12291_1,0.01627746
1082_1,0.4690338
931_9,0.79310596
10202_4,0.21337716
11004_9,0.9871788
5243_7,0.87536144
2861_1,0.46368706
11992_10,0.89143354
11358_9,0.9856076
3996_10,0.920218
12434_8,0.33393747
8310_7,0.9012275
3894_9,0.9838472
3021_1,0.011508149
1652_10,0.98087597
90_2,0.23265867
283_1,0.24689631
9809_8,0.9492946
2693_2,0.9046505
5717_1,0.011331754
6051_9,0.97134733
4542_1,0.013020489
5104_8,0.91964257
10139_10,0.22371607
6129_1,0.020332353
859_8,0.9329437
3107_1,0.010013569
2595_2,0.012241275
2676_10,0.40933886
3634_2,0.01395571
6953_1,0.0705596
4430_4,0.028870907
79_8,0.9730365
7318_2,0.013532149
863_4,0.01784874
6393_3,0.7013041
6910_3,0.3979384
4438_9,0.9863631
4242_9,0.8086723
5813_4,0.034358688
203_3,0.258326
7333_10,0.9838472
11658_8,0.98201376
11206_4,0.089136936
6208_7,0.98187524
7273_8,0.87831426
5518_10,0.93195957
7092_1,0.13072868
10508_7,0.9566342
1196_9,0.9780517
10037_7,0.9697854
6468_8,0.9798227
8502_4,0.5234204
1017_1,0.024609927
4_10,0.98571813
8439_1,0.01065251
7048_3,0.02479816
3238_1,0.024423089
11610_1,0.09041373
3468_10,0.9795114
184_3,0.019870715
12227_7,0.25349125
4872_3,0.07211221
11139_10,0.98445636
4316_7,0.051082738
3071_1,0.019719128
335_2,0.010818449
10847_1,0.0145035805
4646_10,0.938576
9382_10,0.9780517
6577_1,0.010986943
4549_1,0.01048909
2459_9,0.9838472
102_8,0.39396778
1581_1,0.011961098
2439_10,0.97754294
6988_9,0.141756
2024_1,0.010013569
12375_1,0.018689308
6084_4,0.8365546
6617_3,0.010013569
815_3,0.04177388
1857_1,0.023870835
7428_1,0.10411242
5943_8,0.96765566
11811_10,0.98657167
10844_1,0.013742321
1275_7,0.98228765
1910_1,0.014392335
3306_8,0.9658996
4735_1,0.009859855
10819_1,0.014172365
9571_2,0.024423089
1037_10,0.98242307
7177_4,0.25571522
5066_10,0.936285
4888_2,0.015543648
10646_2,0.022286188
7929_1,0.027585285
5181_1,0.015189049
1387_1,0.036769465
1304_8,0.9724148
2108_1,0.017176708
9875_10,0.98187524
10200_1,0.011687259
11665_9,0.9861514
6685_1,0.015543648
10234_9,0.97344345
6622_9,0.9656413
9703_7,0.9334308
7504_8,0.7762839
1267_3,0.2934045
902_3,0.05184547
10674_2,0.29992473
5237_10,0.97702265
5270_10,0.9549844
1701_7,0.6930576
3222_2,0.8086723
6116_10,0.39455083
11543_10,0.9407897
8189_7,0.10194652
8737_8,0.97966766
6856_7,0.13523209
2035_8,0.9500415
5011_10,0.9875683
6135_9,0.9840936
9172_1,0.011508149
5822_1,0.013742321
8816_3,0.030444348
1124_1,0.02350945
5422_4,0.84695786
3275_2,0.02931223
2076_2,0.012624948
5223_8,0.9795114
1814_3,0.10894506
6171_2,0.030214587
3228_1,0.01678549
3693_3,0.05582314
8891_2,0.0123361
1171_8,0.7745834
9496_1,0.46927705
8702_10,0.9390248
11287_4,0.01243165
2157_10,0.9859364
6058_8,0.9429286
4025_2,0.012527932
5097_8,0.9838472
2335_1,0.012722708
6945_1,0.0123361
2970_4,0.010328153
10473_10,0.98228765
10139_1,0.015906392
7680_10,0.9871788
10705_1,0.010986943
9883_10,0.9860443
2808_10,0.95292586
6543_2,0.01678549
3482_3,0.028220987
2547_7,0.44800362
8378_4,0.009708476
7746_10,0.9871788
5007_4,0.22000709
1623_8,0.9532751
10762_9,0.9839708
8604_1,0.06142404
868_7,0.64131004
7902_1,0.04208773
3644_1,0.27708158
330_1,0.010169657
2519_7,0.2414894
716_2,0.8840393
9908_1,0.021948254
1410_2,0.28022227
1154_4,0.021615336
589_10,0.9845754
10182_3,0.03594832
6872_8,0.97966766
7232_8,0.8864204
4339_8,0.9511422
6652_2,0.0111580305
8692_1,0.01784874
4585_2,0.9719925
5846_4,0.6513549
4401_1,0.012920473
4848_10,0.880797
1727_1,0.012053779
8038_2,0.21206881
2532_1,0.02096424
11010_9,0.8824279
4915_10,0.95257413
6047_4,0.01883313
10358_3,0.4743877
697_10,0.98201376
7648_7,0.9785493
5495_4,0.014728613
6611_2,0.012053779
12099_8,0.9871788
1109_1,0.06008665
6874_1,0.021948254
8072_4,0.5306318
11231_10,0.9801293
10871_7,0.9730365
9990_10,0.98173577
645_10,0.9875683
9345_1,0.16613355
5298_1,0.019271135
5971_10,0.037608635
5079_8,0.93581736
6022_3,0.014172365
4954_7,0.597373
5063_8,0.91789335
843_10,0.9761292
556_7,0.9079672
1498_1,0.014281935
9374_7,0.30694237
8728_1,0.30611202
8297_10,0.4131219
5760_10,0.0226292
7403_10,0.029090757
964_3,0.06008665
8842_9,0.97684664
11552_10,0.98571813
5592_2,0.01507263
3531_9,0.92468774
9383_3,0.26170814
6576_1,0.009859855
125_3,0.016914913
8382_2,0.017442483
3786_9,0.9686196
8636_9,0.8548847
12225_10,0.9314625
8958_8,0.9798227
5981_10,0.300335
9594_10,0.26932558
9802_3,0.013222822
4353_3,0.28537193
10567_8,0.98657167
3982_7,0.97719735
3292_7,0.5368593
1739_3,0.010986943
3356_3,0.47317037
5253_4,0.012241275
1186_10,0.8879841
12218_8,0.96909106
1361_9,0.9651191
11423_4,0.013222822
5649_1,0.009859855
11988_10,0.33458945
393_7,0.95695716
8081_2,0.107437484
10290_1,0.013020489
5548_1,0.080936715
2266_3,0.16885696
341_1,0.010986943
2081_10,0.9801293
6268_1,0.01784874
2267_9,0.9877587
82_3,0.011508149
11259_10,0.98469365
6760_7,0.86153823
6352_9,0.9623913
10733_3,0.4638085
7418_2,0.010169657
11562_8,0.96538115
8895_9,0.9795114
7911_7,0.039937317
4885_10,0.98481095
542_4,0.08632348
6099_7,0.9695556
5355_1,0.01384861
3969_1,0.025371313
11541_4,0.9623913
6413_1,0.012053779
3725_7,0.97023994
11757_1,0.07369626
7663_1,0.03138043
3161_3,0.5543197
9119_10,0.95945925
7726_3,0.7711549
1764_8,0.9805807
7211_7,0.96458924
8069_4,0.05340333
7119_2,0.50744575
1163_10,0.98421544
5836_2,0.010169657
1921_8,0.9697854
892_1,0.010013569
7629_8,0.97023994
5605_1,0.012920473
3955_10,0.98527133
5093_4,0.021287354
6366_4,0.021948254
11267_2,0.022802636
522_2,0.115560874
7659_10,0.9814534
11779_4,0.8204695
5226_1,0.65599746
8767_10,0.8844391
1315_4,0.014842417
8179_8,0.9825575
10270_10,0.92944044
8218_1,0.11636176
4363_10,0.98527133
9701_9,0.6043989
9774_10,0.9871788
8326_10,0.9804314
1529_10,0.93991333
9090_8,0.9839708
8596_7,0.7004852
3508_1,0.07751766
2272_8,0.98549646
1226_7,0.87873113
40_8,0.9757624
1159_1,0.07585818
11508_1,0.027795624
2869_8,0.9736447
4068_1,0.0111580305
7510_1,0.010328153
2967_3,0.011961098
8307_10,0.8933094
9920_8,0.97838473
9102_1,0.22644134
3586_4,0.6719013
2278_10,0.98527133
9459_9,0.9722044
3080_10,0.94853723
8960_1,0.009859855
11294_8,0.7806625
5241_1,0.0112445615
4515_10,0.9861514
5855_7,0.8311431
12107_2,0.010986943
6435_2,0.14706452
5813_10,0.9801293
12008_1,0.01384861
1613_10,0.9750122
9381_9,0.5669778
4467_10,0.9079672
1439_8,0.9549844
1021_2,0.01048909
2718_1,0.11636176
11439_8,0.37937838
10931_10,0.96295285
4326_10,0.97482115
6216_1,0.040845715
10369_4,0.014281935
1586_7,0.8679338
1310_2,0.013222822
293_1,0.012527932
5968_1,0.011331754
9338_10,0.9635062
418_4,0.01384861
4522_1,0.012920473
3925_8,0.91789335
9748_1,0.019124037
7142_8,0.97966766
8862_1,0.244363
10812_2,0.024423089
3262_7,0.9728308
11540_10,0.035144847
1236_2,0.12635334
10321_10,0.9635062
5782_1,0.009859855
11765_8,0.9348725
6365_7,0.2220247
6265_2,0.010818449
5426_1,0.020645931
5312_7,0.9219218
1786_3,0.020804489
10137_2,0.02017732
9816_3,0.0226292
11925_10,0.11008788
3041_3,0.040845715
6742_1,0.011597362
10786_7,0.9224824
10687_4,0.62658125
7057_7,0.011331754
7532_9,0.93439513
4162_8,0.98159516
9911_10,0.95362175
2369_3,0.16451646
2967_9,0.97539
9515_7,0.95257413
12035_9,0.9073123
9088_4,0.9257686
3037_8,0.84645087
1198_10,0.98527133
8186_8,0.81582016
3455_8,0.9843364
6676_3,0.8596637
4071_8,0.8311431
2244_7,0.94776917
1252_7,0.6719013
12178_3,0.01048909
5623_4,0.3415825
10938_1,0.010169657
2265_4,0.14903529
7442_7,0.014281935
7676_9,0.96323055
10666_1,0.029986506
9430_3,0.05582314
8329_2,0.023153413
11933_10,0.98421544
7868_1,0.015784562
6471_7,0.9814534
2191_1,0.01461567
3918_1,0.014281935
9767_10,0.98282325
11297_8,0.85195273
6763_8,0.971779
2621_9,0.6913932
4056_4,0.02517884
8584_4,0.011331754
4541_9,0.9830851
1474_4,0.22781274
3748_7,0.9591543
1314_1,0.011777842
6195_10,0.98571813
3485_1,0.010986943
5448_7,0.3106944
12392_10,0.89552265
5807_10,0.98549646
11783_4,0.9241418
5693_1,0.010818449
5031_3,0.016152835
9684_1,0.015784562
924_10,0.97423947
12254_3,0.024987794
277_1,0.10856642
4384_10,0.98445636
8288_4,0.04813677
3056_3,0.01048909
4683_9,0.9839708
907_7,0.82104415
6720_7,0.81640637
12192_1,0.019271135
11090_8,0.44818473
4682_7,0.97838473
11698_10,0.78530854
1530_1,0.03461884
3017_9,0.98527133
9702_1,0.0153063545
5761_3,0.04177388
9920_2,0.8474635
8250_1,0.8489722
11900_3,0.9563089
6128_10,0.025957355
8667_10,0.9549844
8304_3,0.05921025
1049_9,0.9877587
10262_4,0.092687786
7315_3,0.01883313
4935_10,0.97702265
2453_1,0.010818449
4820_10,0.9522199
3111_10,0.9546474
10351_8,0.95565146
146_1,0.011508149
6093_9,0.9863631
7215_10,0.97737074
6098_9,0.9764905
2873_10,0.9764905
2683_10,0.9462003
6886_9,0.91181
4992_8,0.8688268
1038_1,0.034880888
988_3,0.028436033
212_7,0.014842417
6838_1,0.012053779
4865_8,0.9764905
6908_9,0.98445636
8548_10,0.68637
2297_4,0.026759284
3455_4,0.65290564
5743_2,0.19744444
5820_1,0.5507811
4636_3,0.1877276
8184_4,0.019719128
7413_7,0.95695716
10750_7,0.9603612
10064_10,0.98228765
408_3,0.021948254
10388_10,0.9805807
8380_4,0.22678365
8904_2,0.53795177
10854_10,0.9329437
11511_10,0.81047887
259_10,0.971779
1580_1,0.011331754
11775_1,0.016029146
8674_1,0.013121271
9540_10,0.9877587
6177_4,0.01048909
11074_8,0.97997653
7191_7,0.891811
7496_1,0.011687259
4424_9,0.98215127
5733_9,0.9167081
2887_2,0.0111580305
239_2,0.010169657
10920_1,0.01757688
10342_9,0.98481095
12321_1,0.0123361
1833_3,0.015424551
5494_7,0.90665317
8687_8,0.97737074
1076_8,0.96432143
7638_3,0.28061637
1361_3,0.11596072
1884_4,0.025565214
2056_10,0.97112906
5_4,0.3845654
1034_10,0.19559409
4008_8,0.98527133
4239_4,0.089136936
7257_4,0.40851364
9541_8,0.98445636
5869_1,0.01048909
1326_4,0.013532149
936_2,0.014172365
10473_4,0.047074176
12413_2,0.012053779
5934_9,0.016914913
2419_7,0.89029425
49_4,0.36048904
2129_9,0.98201376
12356_1,0.0140636265
9268_2,0.012053779
7915_7,0.9606575
11405_3,0.047780063
7526_9,0.9549844
6639_2,0.013428254
7939_1,0.010169657
8934_1,0.046378206
2422_1,0.009859855
3885_4,0.3451053
1703_3,0.5253688
7530_9,0.97702265
5833_1,0.009859855
9858_4,0.07369626
12307_3,0.018264279
9341_10,0.97838473
4490_10,0.9686196
9292_10,0.9507779
7830_1,0.0111580305
5329_1,0.011869121
5205_10,0.77864933
2172_1,0.0123361
8857_4,0.01627746
7933_1,0.011687259
12277_4,0.68510735
9853_10,0.9348725
5927_8,0.9859364
4453_4,0.039937317
3034_1,0.0094125895
3469_1,0.045352582
12014_2,0.023689471
3802_3,0.15405756
10911_8,0.039342504
7519_1,0.01566365
4155_1,0.023870835
7873_1,0.009708476
7002_10,0.95791227
11597_1,0.01384861
9043_3,0.02517884
7623_3,0.93991333
6615_9,0.98481095
5982_1,0.06052939
492_1,0.011508149
7105_1,0.012527932
7072_8,0.9813107
7585_3,0.4135956
114_2,0.1431877
675_2,0.08329193
5141_1,0.091382116
11299_1,0.012053779
7008_4,0.037892424
4963_4,0.018978037
9363_8,0.88759494
12419_8,0.57242405
499_2,0.08570928
4741_1,0.010818449
3160_10,0.06754669
4605_7,0.7352616
7181_4,0.68215036
2620_3,0.012241275
7101_7,0.66257817
3358_8,0.85633236
11150_3,0.078078166
11555_3,0.088820286
11975_2,0.8349459
44_8,0.9766692
4699_10,0.9861514
6042_2,0.034880888
10368_3,0.4914559
2409_8,0.8840393
5933_1,0.023689471
7460_1,0.012722708
11653_3,0.98282325
1699_4,0.8056322
6189_4,0.012624948
12263_10,0.9832145
700_7,0.93439513
1974_9,0.9462003
4664_1,0.022286188
2083_3,0.032100707
3454_1,0.01048909
3196_4,0.92523
7920_2,0.0111580305
10257_10,0.9859364
12344_10,0.97134733
130_9,0.9807288
315_4,0.14223188
5923_10,0.9759464
1234_10,0.9603612
7402_2,0.0140636265
4634_1,0.091058284
2558_10,0.9724148
11220_10,0.20561504
7652_10,0.979354
1070_1,0.02350945
3018_1,0.5004883
6365_1,0.009559399
6081_4,0.38583738
1015_4,0.75635755
7071_10,0.71102977
4682_1,0.012920473
5242_1,0.5352199
5125_9,0.979354
11299_7,0.96405166
7445_1,0.010328153
8206_10,0.9798227
7878_7,0.9759464
11630_4,0.18417984
9391_8,0.557977
4755_2,0.01243165
36_8,0.98677725
617_9,0.9802808
987_7,0.91730267
1185_1,0.0111580305
11135_1,0.018546565
6457_2,0.010328153
8337_7,0.9830851
9931_9,0.94539934
6932_10,0.78199726
9504_3,0.3306873
2333_2,0.018264279
10397_10,0.96405166
6200_4,0.02096424
8004_10,0.94122344
10818_10,0.9840936
164_7,0.7233095
6945_9,0.9161096
2551_10,0.971779
10887_3,0.01048909
8942_8,0.98571813
6779_1,0.055005286
9818_10,0.9871788
11352_4,0.06418265
1035_9,0.98187524
9212_2,0.013020489
8530_3,0.5112286
7858_3,0.01784874
1777_4,0.7783125
6976_10,0.97539
9426_2,0.01784874
2154_1,0.029535338
7037_9,0.5363129
1501_1,0.036493763
12448_2,0.0094125895
1005_2,0.013742321
8031_1,0.07585818
8084_8,0.9736447
11933_3,0.012053779
3206_10,0.9850429
10197_2,0.017442483
8838_9,0.08977329
7720_1,0.012053779
9739_3,0.027376488
8312_4,0.012920473
3492_9,0.9635062
1133_8,0.97887486
3255_9,0.9284088
10625_8,0.68510735
12307_9,0.8449215
325_10,0.98421544
4393_10,0.95257413
8755_2,0.014392335
2645_4,0.13072868
10712_8,0.9005298
10358_7,0.7833262
10913_1,0.016152835
8406_7,0.9167081
12131_8,0.8198933
8306_7,0.9766692
8722_9,0.9863631
6363_3,0.0094125895
6876_10,0.9559813
10802_8,0.27048022
6078_2,0.040237945
4558_8,0.9678993
643_4,0.015543648
9956_10,0.81640637
7267_8,0.95759624
10491_7,0.96323055
5105_8,0.98549646
7213_10,0.9813107
8442_2,0.43170395
11035_10,0.8244619
9961_3,0.49804685
2616_1,0.012920473
7666_4,0.03567855
548_4,0.03704717
2425_10,0.98469365
4173_1,0.016914913
3558_10,0.85536855
4117_3,0.3964186
9803_3,0.017712297
1545_1,0.023689471
6564_7,0.9777139
1306_1,0.010328153
632_1,0.010986943
3132_8,0.9850429
5755_2,0.0123361
5282_1,0.022457054
5891_10,0.9871788
3961_7,0.9724148
4107_1,0.95430803
2370_8,0.6641048
1363_1,0.04115289
5359_9,0.98549646
759_10,0.97684664
727_8,0.9309621
1875_1,0.01065251
10586_1,0.011331754
4906_1,0.011331754
11685_4,0.01048909
1632_1,0.36795136
4913_10,0.9585377
11375_1,0.010818449
423_10,0.94417685
5957_9,0.77864933
9389_1,0.017442483
10450_7,0.8951567
4205_1,0.18068421
2983_1,0.014392335
7895_1,0.012920473
2761_4,0.01784874
3359_1,0.01065251
687_9,0.938124
8150_1,0.3479801
1647_10,0.9458012
10920_8,0.95150405
4813_8,0.93439513
4628_10,0.97838473
5738_4,0.063714996
11255_3,0.0570714
7801_10,0.97719735
3258_2,0.011869121
10513_7,0.13799646
9358_8,0.97423947
6864_2,0.011687259
3038_8,0.46450683
6928_1,0.908618
10277_10,0.9780517
9231_1,0.017309094
8098_7,0.98282325
11550_10,0.87914675
10233_7,0.9207897
180_3,0.5452857
538_8,0.938124
4977_9,0.96095175
11386_3,0.022802636
1045_3,0.020332353
61_1,0.258326
6907_8,0.909907
11368_10,0.96432143
10_3,0.019568678
7034_3,0.2587004
3051_10,0.97482115
362_9,0.95565146
8037_7,0.9738444
11408_4,0.036769465
8783_7,0.9814534
1755_10,0.9849274
3610_3,0.0433658
1376_3,0.018546565
4970_9,0.8110782
7802_9,0.97046465
4169_1,0.010013569
2063_4,0.9802808
2825_10,0.8692713
10758_10,0.9875683
10778_2,0.014281935
979_10,0.9759464
11700_4,0.9678993
7848_10,0.23792991
1294_7,0.9850429
4806_4,0.95565146
10159_4,0.010986943
3461_4,0.9511422
10312_1,0.0111580305
4297_1,0.011331754
5081_2,0.034880888
2156_1,0.07263671
8417_1,0.010986943
10182_10,0.98667485
11732_2,0.013636835
10078_3,0.012527932
4772_1,0.011961098
6187_4,0.02096424
4219_10,0.98102194
5208_8,0.8558512
4935_2,0.022457054
6528_10,0.98102194
4080_1,0.0153063545
6147_10,0.89442116
1352_2,0.14657521
5675_9,0.86748546
3024_4,0.01395571
6930_3,0.088504665
7005_1,0.016029146
380_9,0.947381
5923_3,0.07751766
1246_9,0.98201376
3081_8,0.979354
11913_3,0.03904829
4112_8,0.8558512
1440_8,0.8250265
12123_7,0.64690644
3731_1,0.01678549
420_10,0.97068775
5862_1,0.0094125895
10864_7,0.9780517
3484_1,0.010986943
9438_4,0.938124
7032_10,0.98866826
7670_2,0.0123361
5251_9,0.93045825
5296_7,0.9795114
9161_7,0.107812636
6446_4,0.46295857
11694_8,0.9124362
1674_9,0.9798227
8831_10,0.030214587
11813_10,0.98657167
3380_1,0.009708476
8653_10,0.98102194
10485_1,0.01214717
3771_9,0.9167081
5534_1,0.011687259
2_7,0.34908882
2334_9,0.98242307
8327_4,0.87234735
8552_9,0.9850429
9117_10,0.937669
11953_10,0.98228765
7015_4,0.10158945
9649_10,0.98228765
1701_1,0.015906392
1946_3,0.02145073
1536_10,0.9257686
6419_7,0.9656413
6619_10,0.9801293
3715_10,0.9877587
6001_9,0.98102194
4555_9,0.9339146
6367_4,0.011961098
8350_10,0.96095175
8376_7,0.9829547
8231_1,0.016657041
11595_9,0.9875683
10372_4,0.23440664
2711_8,0.9588471
407_4,0.015543648
10798_10,0.22236224
5358_1,0.013020489
158_1,0.010818449
6578_7,0.891811
217_8,0.86431044
4535_10,0.9863631
4887_10,0.6770471
5595_4,0.619759
1837_9,0.96814114
7723_1,0.012821214
1935_7,0.7189892
7357_4,0.01243165
3293_3,0.024987794
5176_1,0.013636835
10930_7,0.117572136
4618_1,0.60112536
15_2,0.014172365
4009_1,0.41329953
3854_1,0.01507263
2889_10,0.9845754
2737_1,0.91730267
9811_3,0.014842417
12016_2,0.088504665
8470_10,0.5386192
2965_7,0.20946968
6620_1,0.015424551
7447_3,0.011331754
1197_9,0.983597
9750_9,0.98087597
3001_1,0.029090757
8068_2,0.01757688
5660_1,0.013020489
5595_10,0.9801293
4377_4,0.06142404
7354_8,0.9079672
11858_1,0.011869121
7611_2,0.021615336
6855_7,0.1789559
11522_1,0.011687259
21_9,0.97046465
3423_9,0.98102194
2061_8,0.9834705
5594_10,0.97090924
6106_3,0.042722195
9222_1,0.92359227
2305_3,0.121268876
12493_4,0.2986959
8841_9,0.97754294
3824_8,0.83867973
703_8,0.74945414
1638_1,0.012624948
11339_4,0.01048909
10173_1,0.14080817
6481_2,0.44522804
9468_2,0.34775856
1830_9,0.9811669
9940_8,0.8906752
7768_1,0.011961098
414_2,0.037892424
9554_3,0.016029146
2894_4,0.01048909
2509_7,0.94853723
2430_2,0.069541745
10244_7,0.619241
2874_9,0.3863003
4615_4,0.89478946
9011_10,0.9843364
8977_9,0.9549844
6709_9,0.026759284
7963_3,0.05379964
7531_10,0.97134733
5058_3,0.57403666
2875_2,0.8601343
9191_8,0.015543648
2596_10,0.9787127
9660_8,0.97684664
3682_1,0.018404892
4189_1,0.01243165
739_10,0.9825575
836_4,0.0715912
2422_7,0.026556572
4318_1,0.011687259
1443_2,0.09670579
2782_8,0.9851576
10260_1,0.7017131
10624_10,0.9437636
3288_8,0.96210754
155_2,0.0111580305
4941_9,0.9511422
1449_8,0.95759624
10575_1,0.018689308
3568_4,0.94208187
261_9,0.98421544
10420_9,0.9839708
4008_1,0.41632196
4263_9,0.9603612
11924_4,0.4371626
11488_7,0.93195957
1599_1,0.13117322
11383_10,0.95362175
1800_9,0.6761924
9705_10,0.9324533
10044_8,0.89552265
471_3,0.3951925
3494_9,0.938576
11492_10,0.94966936
257_3,0.14560063
10745_1,0.016403032
7305_1,0.021615336
6239_8,0.9814534
3068_10,0.98228765
2862_1,0.014281935
11217_4,0.17953056
10650_9,0.98549646
3588_10,0.98469365
8345_10,0.5940803
9980_2,0.010328153
8901_1,0.09704755
5438_8,0.9722044
10879_10,0.9850429
9064_3,0.12506539
193_9,0.98173577
470_4,0.2739627
5128_7,0.93991333
10542_10,0.5661984
205_10,0.93674946
8091_7,0.9807288
11383_3,0.029760094
10274_2,0.013121271
7865_7,0.91117966
7525_1,0.9012275
2168_2,0.009268014
11082_8,0.8392076
1991_2,0.01384861
10524_10,0.97684664
4628_3,0.28537193
4269_7,0.97112906
7367_2,0.01214717
1390_1,0.0335895
7158_1,0.0946777
12442_10,0.4168115
8388_1,0.009268014
7980_7,0.88161486
3054_1,0.009859855
11143_2,0.03567855
2238_1,0.012821214
949_3,0.011508149
42_4,0.08570928
4093_7,0.9807288
3657_3,0.11279541
9812_10,0.9829547
6879_3,0.013532149
2189_8,0.92892635
11804_1,0.01627746
5280_10,0.9826909
411_8,0.6493563
5673_1,0.069541745
11633_2,0.011508149
10389_1,0.010169657
9516_10,0.92683524
12169_8,0.9807288
232_7,0.9798227
6061_4,0.012053779
6755_8,0.9759464
2880_10,0.92892635
4187_7,0.42556047
4175_7,0.97344345
11674_3,0.29380956
10397_1,0.012920473
4334_10,0.97702265
7654_10,0.9666631
1657_9,0.950411
2025_2,0.020023443
2276_4,0.0140636265
1957_10,0.8864204
11627_4,0.18417984
11799_4,0.083890386
10251_10,0.979354
1231_4,0.0111580305
8302_8,0.9546474
12342_7,0.16940589
8105_3,0.8558512
3892_4,0.012241275
8473_9,0.9849274
448_8,0.9851576
7317_2,0.01757688
2074_1,0.02350945
12249_7,0.9615338
5467_2,0.03384404
12109_1,0.027169231
11511_1,0.01214717
9476_3,0.93045825
1170_10,0.9736447
8970_9,0.57707834
12308_1,0.015424551
3101_8,0.96095175
3066_1,0.010013569
11519_7,0.099820666
5314_2,0.020332353
9160_4,0.07263671
6512_3,0.15507847
7836_4,0.07369626
11429_1,0.11397346
12043_9,0.98549646
270_1,0.012821214
821_1,0.014172365
4572_10,0.97719735
11437_1,0.014728613
4899_3,0.0226292
8226_9,0.9339146
5445_9,0.98242307
2459_2,0.15152934
12192_7,0.9755769
5459_9,0.9309621
7308_7,0.8062431
11308_1,0.012053779
4122_3,0.016914913
144_9,0.9683812
12145_4,0.013222822
8511_8,0.9683812
11319_7,0.6401861
9257_10,0.98201376
6737_3,0.010013569
9327_9,0.98677725
1246_1,0.010986943
11239_10,0.97520185
2915_1,0.012920473
6019_10,0.98657167
1151_9,0.98282325
11796_2,0.19682619
10400_9,0.8864204
9599_10,0.9582261
2283_3,0.011869121
5474_3,0.0153063545
2670_3,0.010818449
6_3,0.35947657
69_4,0.20307463
11234_10,0.8727817
6575_10,0.987375
9391_1,0.009708476
12053_1,0.010169657
1387_8,0.9500415
2649_9,0.9079672
9004_4,0.051082738
8723_1,0.030214587
11609_1,0.011331754
9585_2,0.05184547
2736_1,0.01507263
6607_2,0.01566365
11939_2,0.011961098
2024_8,0.98571813
1503_8,0.021948254
10177_10,0.9877587
10266_1,0.010328153
547_7,0.9511422
5272_10,0.8795612
5204_9,0.9658996
9369_2,0.06804042
6273_1,0.011687259
10825_7,0.9859364
644_8,0.68510735
347_1,0.023153413
12309_1,0.19375686
5502_10,0.91117966
7203_1,0.011508149
8714_2,0.040237945
713_8,0.9845754
10289_1,0.06804042
7666_8,0.031618766
6753_1,0.01461567
6350_1,0.010169657
11232_8,0.93581736
10551_1,0.0123361
5967_7,0.3457677
1049_3,0.04672496
11238_10,0.31447145
8043_9,0.98469365
8751_4,0.9522199
6514_2,0.02178117
1461_3,0.010818449
12137_8,0.97539
9884_1,0.010986943
4652_10,0.9801293
3169_4,0.0140636265
4138_8,0.98242307
6125_7,0.027585285
7298_8,0.94891727
4602_8,0.7379143
3523_1,0.09602549
10990_1,0.0111580305
9278_1,0.016914913
2614_3,0.024609927
4762_3,0.011961098
2557_9,0.9744348
9390_1,0.01065251
7144_10,0.9834705
6655_7,0.9224824
9806_3,0.03308598
986_10,0.96182173
9969_10,0.8962514
8915_1,0.12721826
3888_2,0.77424216
1963_1,0.01384861
10523_9,0.95791227
9995_2,0.28338456
4491_1,0.012527932
926_10,0.9875683
5679_7,0.63928574
5201_8,0.70740473
9785_3,0.018978037
337_1,0.010013569
4129_3,0.012527932
9231_8,0.4090732
2058_2,0.012624948
4801_10,0.97838473
2116_1,0.01566365
11539_10,0.9869795
200_4,0.032100707
8271_10,0.9869795
10088_8,0.055412795
10816_10,0.9795114
80_7,0.6354487
9331_7,0.9390248
3866_9,0.98657167
4534_3,0.5304798
8981_9,0.94853723
510_7,0.9766692
4980_1,0.017176708
3336_1,0.02931223
1934_7,0.633637
2815_4,0.9764905
6606_4,0.033336822
11802_1,0.16940589
6312_9,0.98481095
1914_2,0.022286188
1970_8,0.98657167
9791_10,0.9559813
3721_10,0.8086723
7947_10,0.9693242
8009_10,0.9507779
3370_7,0.029986506
8943_3,0.5832034
5873_10,0.96295285
7379_1,0.012722708
3585_10,0.9875683
6934_10,0.97702265
5841_1,0.17441027
1354_7,0.9744348
9215_10,0.96909106
2668_4,0.010169657
8441_8,0.8844391
5255_7,0.1710612
3649_1,0.015784562
1169_10,0.9861514
2366_7,0.9764905
4229_1,0.010986943
29_3,0.46757483
6109_2,0.024609927
11174_4,0.030675802
12477_7,0.02576056
11713_1,0.010818449
2231_2,0.25720495
7598_8,0.9787127
5095_3,0.01048909
3062_10,0.9092645
11451_7,0.97838473
7100_3,0.0111580305
11005_1,0.03963884
9902_8,0.9845754
8850_10,0.1334152
5542_2,0.7538293
9371_1,0.055412795
8042_7,0.9572778
1757_1,0.01507263
2256_1,0.014281935
9793_3,0.012241275
11791_2,0.045015533
4814_2,0.015189049
630_7,0.9257686
10622_10,0.9777139
5781_1,0.12168575
7422_10,0.98215127
10084_10,0.97838473
9550_9,0.96814114
11646_8,0.94966936
110_1,0.031618766
4811_1,0.013325147
9559_4,0.02145073
2755_10,0.9588471
698_1,0.0111580305
8437_1,0.80746067
1470_8,0.96267307
11449_8,0.047074176
8078_8,0.9801293
238_1,0.017442483
4950_10,0.98173577
10793_7,0.9693242
8497_10,0.9871788
9160_9,0.8610715
8472_1,0.018404892
1583_8,0.9425068
2923_3,0.018404892
9770_4,0.89982784
10706_2,0.3811044
4573_2,0.018264279
11176_10,0.96323055
616_1,0.011961098
4574_8,0.95362175
8465_10,0.96641046
4049_9,0.97966766
3707_3,0.055412795
4398_10,0.98445636
11727_1,0.02865267
7244_8,0.98469365
549_3,0.46053153
9461_1,0.6744794
6748_3,0.012722708
7093_10,0.97324073
9115_10,0.9738444
8284_9,0.98421544
469_8,0.8267118
1281_9,0.98481095
2816_3,0.38745853
11001_7,0.84389514
6987_2,0.019271135
5428_3,0.012920473
5992_10,0.9861514
2315_1,0.01461567
7329_7,0.97046465
3956_1,0.010986943
11453_1,0.08632348
726_1,0.013121271
10517_1,0.025565214
4494_8,0.95531917
11980_10,0.98469365
2926_1,0.13523209
1671_2,0.33458945
8291_4,0.013636835
948_8,0.43620172
8122_1,0.048496004
9343_10,0.9546474
6011_10,0.92468774
7156_4,0.056652423
9596_2,0.019568678
10583_10,0.9830851
3190_10,0.9814534
10841_10,0.98657167
6122_8,0.40998834
1315_10,0.9012275
3667_1,0.37880373
4225_2,0.010986943
11268_8,0.6215409
412_7,0.60696447
4891_10,0.971779
4791_10,0.9860443
4463_2,0.021125194
3173_7,0.7981868
2937_8,0.9394706
9438_10,0.97023994
9900_9,0.97046465
424_10,0.9651191
955_10,0.9585377
10060_3,0.023153413
6063_9,0.9877587
1960_1,0.009859855
1456_8,0.37433314
1859_2,0.013020489
1262_8,0.9801293
5325_4,0.08210663
5944_4,0.23970512
2805_4,0.2509128
11591_1,0.011331754
3257_1,0.124213
11444_3,0.012053779
5446_3,0.015906392
11801_1,0.7498207
8653_2,0.012241275
10939_1,0.015189049
10079_10,0.9492946
8188_1,0.01812472
3825_3,0.16885696
6659_2,0.10818895
9779_2,0.018264279
2852_2,0.10194652
11117_7,0.97719735
4367_3,0.31573597
7538_4,0.049958523
9183_3,0.020023443
1910_8,0.9263037
4563_4,0.02145073
7743_7,0.96741027
6770_1,0.010328153
10133_4,0.1229438
6279_8,0.94539934
7907_1,0.010986943
1458_2,0.016914913
12427_1,0.080936715
3221_10,0.7472472
1614_10,0.98481095
2761_10,0.35824078
5151_4,0.023153413
8803_8,0.9838472
10726_1,0.013428254
824_8,0.98187524
12377_10,0.23651622
3401_3,0.03704717
3603_7,0.6804541
3655_4,0.012527932
9963_3,0.6303436
4266_1,0.018546565
1176_4,0.03875619
959_4,0.115560874
4494_1,0.061875988
12381_10,0.95976204
4603_8,0.33895183
625_2,0.55925995
7597_3,0.53376204
594_9,0.66257817
10998_10,0.9458012
5122_10,0.9658996
9820_10,0.93439513
2428_1,0.014728613
10928_1,0.0123361
9083_2,0.8134608
8669_1,0.013428254
9159_9,0.86703575
4171_10,0.983343
7985_8,0.9012275
4181_1,0.0123361
4577_8,0.78858316
910_4,0.8449215
10673_4,0.1229438
1530_10,0.74502754
2436_4,0.9213576
3934_10,0.93721074
9273_1,0.027376488
3188_9,0.98228765
1826_4,0.010328153
4777_1,0.014728613
7449_10,0.9697854
490_2,0.8489722
1351_1,0.018546565
9172_7,0.909907
6211_8,0.950411
7114_8,0.9224824
1316_2,0.012722708
6531_10,0.97423947
4381_3,0.011777842
10347_1,0.047074176
5497_8,0.98173577
7041_10,0.95759624
4466_4,0.025371313
1690_1,0.018264279
912_1,0.01065251
10342_1,0.01065251
6323_4,0.010986943
3243_1,0.021125194
9143_1,0.0460339
7175_3,0.014392335
1962_7,0.27629983
11135_7,0.8474635
8524_1,0.023330767
10026_3,0.01566365
3031_4,0.9425068
1766_2,0.109705776
6042_10,0.7634837
3357_7,0.9623913
11065_10,0.9730365
11641_9,0.9759464
4389_2,0.013742321
10946_1,0.012241275
6385_10,0.96814114
5520_4,0.7424217
8036_8,0.9795114
4726_4,0.908618
1510_8,0.38514334
11016_8,0.98549646
893_1,0.07978202
655_3,0.0946777
12226_7,0.03410043
3878_10,0.9763105
8589_8,0.92359227
4108_10,0.8933094
8586_3,0.06233104
2326_9,0.98228765
155_8,0.3692014
11073_7,0.684264
1672_10,0.96485513
1715_8,0.8969756
10443_7,0.70942193
9673_1,0.020804489
10731_9,0.8272706
4427_3,0.84286314
422_3,0.018689308
7121_3,0.09401018
4415_4,0.8311431
11599_1,0.058776557
6015_9,0.85919183
3470_1,0.010818449
3951_10,0.98187524
2665_10,0.9795114
10295_10,0.9814534
3220_10,0.98677725
4748_1,0.019870715
189_9,0.9879462
3502_9,0.6417592
10561_9,0.9724148
5051_4,0.9324533
7644_7,0.96458924
559_4,0.7826625
3236_1,0.016152835
9985_9,0.9838472
3512_7,0.47294968
10318_1,0.01065251
3509_1,0.45828804
7686_10,0.97482115
8947_8,0.97887486
6783_10,0.97520185
9836_10,0.9881309
971_3,0.117572136
1127_1,0.01065251
8953_7,0.91550726
5763_10,0.9407897
9147_10,0.9433476
10688_1,0.010986943
2148_7,0.96432143
8997_10,0.9859364
3094_10,0.98549646
1152_3,0.09501305
1907_10,0.89805347
1845_10,0.98657167
6852_7,0.9785493
5573_10,0.98282325
8709_2,0.012527932
2882_10,0.97903574
11230_8,0.9314625
10124_3,0.77321637
12361_1,0.7509182
8117_4,0.544317
1192_10,0.91789335
1657_4,0.06903793
10319_8,0.9032942
10954_1,0.044348583
2048_10,0.66823107
5763_4,0.026759284
9491_10,0.9871788
4081_3,0.8233284
4877_9,0.31027627
10981_9,0.98228765
11440_1,0.01243165
7608_2,0.011508149
194_1,0.019568678
7116_7,0.5543272
2118_10,0.5161077
9997_10,0.98228765
3880_1,0.025371313
4197_10,0.9511422
1166_10,0.032836955
3504_8,0.95430803
3170_10,0.96432143
1477_8,0.92468774
881_8,0.98228765
10229_2,0.03541073
9515_1,0.01065251
6714_7,0.52883756
8570_8,0.11476479
6892_10,0.98242307
8710_10,0.98421544
9135_10,0.96814114
10924_10,0.96210754
5252_4,0.33458945
6581_10,0.98571813
8837_10,0.97887486
3820_1,0.010328153
9914_3,0.014281935
3141_1,0.011687259
7893_1,0.010013569
306_1,0.045692034
2527_3,0.017176708
8148_2,0.08819005
9778_10,0.85536855
10438_9,0.9814534
5230_4,0.66104823
1691_1,0.039342504
6124_10,0.67939144
5256_3,0.029760094
4294_7,0.87536144
10575_10,0.98215127
9610_9,0.9755769
563_10,0.8267118
6328_10,0.97997653
6903_2,0.010169657
6899_4,0.018264279
7166_4,0.8692713
2993_4,0.07531231
10771_8,0.96641046
11298_1,0.011508149
9101_2,0.2708658
7716_3,0.015784562
2722_1,0.15456735
5227_8,0.86613256
241_1,0.011687259
192_2,0.013428254
9006_10,0.9805807
5505_7,0.3555511
10822_8,0.9861514
1046_1,0.015543648
1865_3,0.031858858
11845_7,0.76838577
6675_7,0.9814534
6240_1,0.01048909
10392_8,0.9834705
3405_10,0.9861514
11919_10,0.9849274
2294_9,0.9859364
1097_3,0.8044059
6888_10,0.9875683
12373_1,0.18068421
11785_10,0.617282
11805_1,0.013325147
2328_9,0.8543993
2636_1,0.011331754
12359_7,0.9079672
7733_8,0.7725307
9877_1,0.62016165
12266_7,0.85633236
8274_1,0.021948254
11727_8,0.94891727
12389_8,0.947381
2464_4,0.8844391
4930_1,0.02931223
11304_9,0.9843364
2140_1,0.5729318
11168_9,0.88483775
1772_9,0.9764905
3857_8,0.98187524
4559_3,0.02350945
6986_8,0.02576056
9647_1,0.02096424
11714_1,0.029535338
5436_2,0.83761996
2736_9,0.97903574
4499_8,0.9839708
2701_10,0.98469365
11604_8,0.97702265
6133_1,0.11920291
4151_3,0.9603612
3978_3,0.012527932
1973_9,0.91181
11752_10,0.9785493
10192_10,0.88563144
8318_4,0.011331754
5685_1,0.011869121
8978_4,0.77321637
12289_10,0.7981868
5603_9,0.938124
5209_10,0.90665317
8360_7,0.032589745
5690_2,0.01461567
8463_10,0.08035747
5304_10,0.9850429
720_10,0.97262347
9301_3,0.08210663
1392_1,0.014957086
10893_4,0.4462534
1299_9,0.09401018
5552_2,0.0140636265
4348_4,0.18594718
12384_4,0.7337381
11947_2,0.13986564
1740_3,0.012527932
7869_10,0.28338456
5959_7,0.94539934
2301_8,0.98657167
5572_7,0.9740426
3716_1,0.22815649
8558_7,0.94891727
12210_1,0.040237945
3744_4,0.024237636
12487_2,0.047074176
5348_7,0.96295285
1065_1,0.011687259
1414_10,0.9764905
2672_4,0.02145073
1014_8,0.04115289
2248_10,0.9241418
2221_8,0.9615338
4576_1,0.012053779
10578_10,0.9849274
8525_2,0.38421878
5332_8,0.41258934
12007_2,0.024987794
1107_2,0.037892424
8295_10,0.9832145
10093_1,0.011961098
6441_1,0.010169657
10422_3,0.05033063
11034_3,0.01395571
3379_9,0.98173577
7512_1,0.01627746
12165_1,0.015784562
11634_10,0.8484707
4567_10,0.9492946
6971_8,0.95976204
2145_3,0.465509
5639_1,0.011508149
8049_7,0.9585377
7953_1,0.23091976
12440_4,0.011331754
9134_8,0.97023994
5720_10,0.983597
1851_10,0.9832145
3673_10,0.97462875
9037_3,0.19012183
8547_10,0.9829547
111_10,0.9224824
5279_9,0.98445636
2379_9,0.96295285
6000_10,0.6017106
990_7,0.3402659
1519_9,0.9092645
5987_7,0.8844391
2959_7,0.97684664
8898_2,0.032344334
5746_10,0.9861514
6268_8,0.08035747
5449_7,0.11047115
5561_1,0.013020489
11470_3,0.013325147
11837_1,0.15152934
6761_10,0.98571813
1590_1,0.057493284
927_10,0.9546474
1495_9,0.8333246
10529_7,0.929951
7704_2,0.039937317
10707_3,0.016029146
3862_1,0.022802636
3612_7,0.9877587
8212_2,0.009859855
10649_10,0.9830851
9767_1,0.017442483
4054_3,0.01214717
9783_3,0.01627746
3116_2,0.018689308
4631_10,0.98527133
7228_1,0.013222822
2744_8,0.8080672
6028_10,0.9695556
10812_9,0.91730267
417_10,0.8349459
11876_10,0.9860443
946_7,0.2666436
8265_10,0.9826909
6833_10,0.9811669
4150_4,0.034880888
899_9,0.97887486
223_10,0.9507779
7369_3,0.5345518
5075_8,0.2639787
6634_1,0.013121271
3486_8,0.94122344
11473_1,0.08210663
3276_10,0.97788346
3272_2,0.10374863
2727_3,0.04672496
4134_7,0.03704717
5744_3,0.7620701
8715_1,0.01798621
4812_1,0.013222822
6841_1,0.010986943
6822_1,0.89982784
3211_4,0.4909678
5489_2,0.013121271
1168_1,0.07263671
3056_9,0.9005298
4516_10,0.9843364
9542_1,0.010986943
4400_10,0.9856076
2766_10,0.98102194
6470_8,0.9425068
5434_1,0.01812472
1406_4,0.8327813
11479_8,0.9606575
9881_10,0.7962924
10276_1,0.013636835
2875_8,0.9105454
1254_2,0.38595313
8017_10,0.7240906
9694_10,0.30486888
9522_1,0.015906392
11379_2,0.03384404
7357_10,0.929951
6080_9,0.9511422
2039_10,0.98549646
7086_8,0.9780517
4757_10,0.98187524
2472_10,0.05340333
9442_1,0.0111580305
12438_10,0.9666631
747_8,0.72095805
6786_4,0.8092759
11942_8,0.85536855
8611_9,0.96210754
9240_8,0.9813107
7411_4,0.013636835
5196_4,0.013020489
5709_3,0.023330767
6758_3,0.012053779
1933_9,0.97903574
4464_8,0.97134733
11100_9,0.39902106
3636_10,0.9738444
12328_1,0.75851065
6783_4,0.17161581
11381_10,0.9860443
4509_3,0.022286188
4775_7,0.4027077
10633_8,0.8454327
9161_1,0.03410043
2277_8,0.9849274
7402_10,0.092359796
2713_1,0.012241275
1312_1,0.010328153
3633_1,0.88483775
8943_10,0.9801293
11734_3,0.18892181
12120_7,0.53849787
6285_1,0.33176893
9296_1,0.010328153
8696_9,0.9736447
7243_10,0.92359227
10135_8,0.060975183
6094_10,0.98677725
6962_4,0.017309094
3916_1,0.0094125895
3650_10,0.92892635
58_8,0.9877587
10858_1,0.032589745
11894_8,0.9635062
759_1,0.042722195
10311_1,0.38549033
1127_10,0.9425068
6723_7,0.86153823
4966_7,0.9241418
7196_4,0.5897164
6244_1,0.012241275
9510_10,0.9777139
3471_10,0.9591543
9840_2,0.045692034
11886_9,0.92683524
7880_10,0.97482115
6358_10,0.98102194
6280_2,0.031858858
2580_3,0.011869121
122_4,0.039937317
5713_2,0.01048909
7187_7,0.4420192
8601_8,0.9407897
52_10,0.98625773
2447_7,0.70416015
4828_4,0.010818449
5371_1,0.01461567
5066_1,0.019568678
12184_2,0.5165954
85_2,0.011508149
10067_7,0.94539934
3999_9,0.9849274
11623_10,0.9861514
10826_4,0.022802636
3780_1,0.026155619
10195_1,0.010328153
7875_4,0.013020489
8510_4,0.025957355
9916_2,0.014842417
10023_4,0.33111975
6870_8,0.9795114
4753_9,0.9549844
11120_7,0.94458723
2516_10,0.92523
1719_10,0.9837225
4426_4,0.54994273
7835_7,0.9394706
5148_7,0.048496004
2997_7,0.9433476
2211_7,0.79310596
626_4,0.81699115
779_1,0.7401744
9712_10,0.8221891
1504_9,0.96095175
8903_3,0.37857398
359_7,0.8086723
7465_7,0.9843364
10966_2,0.5655087
8227_2,0.25683197
10746_2,0.12808825
10356_1,0.10052487
12286_1,0.013325147
11128_7,0.95791227
12489_3,0.53254664
1264_1,0.0111580305
3871_10,0.9845754
9248_10,0.78099674
3094_4,0.16940589
7472_9,0.9390248
3537_2,0.12378871
9727_2,0.4329023
5453_8,0.9719925
2283_10,0.98445636
7533_2,0.011869121
6468_1,0.013020489
12274_9,0.98201376
10713_3,0.01461567
8518_7,0.7905303
1838_10,0.9861514
5304_1,0.056652423
4227_1,0.02576056
5342_9,0.9863631
1754_8,0.967163
4800_1,0.017176708
10717_3,0.026155619
1919_1,0.011869121
6851_7,0.48084435
322_8,0.35846534
3028_4,0.08210663
7463_2,0.014392335
7999_1,0.011508149
3036_1,0.0094125895
11154_7,0.9539661
10501_1,0.014172365
12272_8,0.9750122
1738_8,0.9801293
3242_1,0.012624948
6178_4,0.01243165
3405_4,0.93439513
4663_7,0.9658996
11348_1,0.009859855
7304_1,0.012821214
2962_1,0.014957086
11701_8,0.9755769
9354_9,0.9780517
9846_7,0.9522199
12496_10,0.8933094
5652_1,0.07921033
7371_9,0.9059898
10131_3,0.0140636265
9826_4,0.051082738
6141_10,0.9658996
7472_3,0.11676401
2622_8,0.68763
10281_9,0.98677725
8668_2,0.010328153
2348_9,0.7752647
12047_2,0.013121271
11373_10,0.97344345
4254_1,0.012241275
524_1,0.6208515
5808_1,0.053009775
515_1,0.010986943
6414_9,0.06325053
8938_8,0.9563089
12391_8,0.9750122
776_8,0.9853843
12197_7,0.9849274
4582_1,0.8933094
3638_10,0.98549646
6338_3,0.840259
1165_2,0.01812472
5574_1,0.012722708
7319_2,0.010328153
595_10,0.9869795
6694_1,0.019568678
12209_3,0.01214717
3268_10,0.96323055
12492_4,0.32874492
4738_10,0.6703925
947_3,0.8134608
7726_10,0.9697854
94_10,0.037326884
11760_1,0.5073237
10978_10,0.9869795
10072_1,0.010013569
2346_10,0.98549646
5008_9,0.98481095
5135_2,0.016152835
7979_3,0.97737074
10863_10,0.03410043
2862_9,0.908618
7562_9,0.98549646
8023_4,0.24944724
341_9,0.9869795
6321_4,0.27357438
9936_1,0.36897394
9581_10,0.9791955
3750_2,0.020645931
8298_2,0.054198727
5900_10,0.9839708
6308_1,0.018689308
1609_10,0.96641046
11054_1,0.009708476
7031_3,0.01384861
9507_9,0.9829547
3121_1,0.0111580305
7521_1,0.018404892
4830_1,0.018404892
6686_2,0.021615336
1618_10,0.0111580305
2190_10,0.98549646
6943_8,0.6645403
1385_7,0.98282325
544_8,0.9724148
3225_10,0.98215127
1044_3,0.10856642
11691_7,0.25386098
6124_3,0.08509905
7326_1,0.01243165
1471_10,0.92359227
5010_1,0.013222822
2695_9,0.89912134
1222_2,0.020023443
1012_8,0.031143833
5459_1,0.25275275
4734_1,0.009859855
3138_8,0.9813107
5674_7,0.8509647
6815_1,0.01065251
8285_10,0.98087597
5504_10,0.9566342
6800_4,0.014728613
5292_10,0.9856076
5121_1,0.01784874
9861_1,0.23022676
2645_10,0.9851576
9422_7,0.9635062
5144_1,0.011508149
3877_9,0.9795114
7822_8,0.98677725
3324_2,0.62245935
5559_3,0.20817894
9969_3,0.026759284
2296_2,0.017442483
10021_9,0.98228765
11111_1,0.010986943
1371_1,0.01048909
4321_9,0.013121271
9706_7,0.37593552
11782_1,0.019719128
141_1,0.41099265
3106_7,0.97324073
1817_10,0.9843364
4508_10,0.98173577
10922_3,0.014957086
2304_7,0.84594244
2229_4,0.38237208
4283_9,0.97737074
9087_2,0.6304574
6003_9,0.97482115
12126_8,0.9829547
6067_10,0.9834705
8714_9,0.98187524
11932_1,0.02211659
2293_8,0.98571813
6184_8,0.5885344
8448_2,0.032100707
8269_3,0.017045317
7495_7,0.92683524
8282_10,0.9801293
2351_7,0.91550726
11688_7,0.89912134
3805_8,0.9046505
5158_1,0.009859855
12476_8,0.9600627
8265_1,0.039342504
2194_10,0.98201376
3465_3,0.0111580305
5234_10,0.9856076
6903_10,0.59278446
8085_1,0.018546565
869_7,0.95695716
12034_1,0.014842417
6297_10,0.94208187
3194_1,0.01384861
8725_1,0.04813677
9563_10,0.9802808
11075_1,0.01065251
5734_10,0.97262347
5357_2,0.013428254
6453_10,0.98201376
3263_3,0.03904829
12360_7,0.97090924
6477_1,0.68846846
11863_8,0.95150405
8459_3,0.09203287
10594_10,0.6261242
2237_1,0.44296783
7511_7,0.7000752
3626_3,0.6349961
6288_2,0.011961098
125_7,0.920218
3318_7,0.92892635
5525_7,0.8267118
9695_1,0.020645931
5917_8,0.96405166
8486_7,0.93581736
6032_3,0.01384861
7759_9,0.97966766
3456_10,0.987375
1692_3,0.034358688
2107_3,0.015906392
11215_2,0.0715912
1309_7,0.97903574
6650_8,0.97754294
5722_9,0.98421544
4479_4,0.77081
347_7,0.9407897
9399_10,0.95759624
2475_1,0.02479816
8229_3,0.2814056
4869_2,0.018546565
9691_1,0.020804489
1227_3,0.5376483
360_3,0.03875619
10047_1,0.010818449
1607_3,0.021948254
797_1,0.06052939
9489_2,0.11240509
1742_7,0.8499712
10531_3,0.057918087
4947_1,0.012053779
10873_8,0.5988988
1429_7,0.94165415
10962_3,0.02576056
3305_4,0.04177388
12160_8,0.98087597
9236_1,0.14463145
3718_1,0.012920473
3434_8,0.9600627
10933_8,0.8322367
798_10,0.97737074
9879_9,0.86522406
6644_10,0.6744794
10978_1,0.010328153
7867_2,0.26588047
4369_2,0.010169657
1251_4,0.28259197
1500_2,0.018404892
7574_10,0.9845754
5470_1,0.009708476
2407_10,0.91117966
3451_3,0.03904829
9385_1,0.0987726
4078_8,0.28378138
3229_1,0.01065251
1786_8,0.94815457
5173_2,0.031143833
1211_8,0.7988153
4303_1,0.40438983
6011_3,0.0269635
4513_4,0.6513549
11745_9,0.9871788
9675_9,0.983343
11981_3,0.024423089
5977_10,0.5687751
5023_4,0.22270015
8704_9,0.9697854
8644_10,0.9585377
10557_3,0.010013569
6549_7,0.9190633
5557_3,0.015424551
6402_2,0.15507847
2642_4,0.06656919
11796_10,0.021948254
7102_1,0.01065251
7968_8,0.9757624
11764_7,0.6880493
9415_9,0.94776917
4817_8,0.96538115
1007_4,0.018689308
10943_9,0.9656413
7280_10,0.9766692
6068_2,0.05340333
845_10,0.53825516
8377_3,0.010013569
8445_9,0.929951
563_4,0.96182173
8761_9,0.98481095
1552_1,0.011687259
9630_1,0.010328153
6444_7,0.9449947
3188_1,0.011961098
2142_4,0.0111580305
2045_10,0.9832145
2477_10,0.9585377
2597_1,0.01214717
3137_8,0.9656413
1345_1,0.08977329
8498_7,0.9224824
6550_4,0.5881797
9583_9,0.9092645
7506_7,0.909907
9316_7,0.9394706
11473_10,0.983597
3003_10,0.98215127
8532_7,0.33415473
5654_1,0.023689471
822_10,0.86431044
1312_10,0.987375
9665_4,0.29421496
4442_10,0.9425068
11758_7,0.9839708
11185_1,0.063714996
11588_3,0.08756384
3366_10,0.9826909
7050_8,0.69966495
4778_4,0.11636176
1_3,0.015906392
2838_2,0.04401865
6910_8,0.5043944
3257_8,0.9804314
9111_7,0.9804314
6458_7,0.6619229
5622_8,0.9693242
12469_7,0.9814534
9670_10,0.9850429
8092_4,0.0140636265
1683_9,0.605799
6181_4,0.692642
8965_8,0.83973396
5186_1,0.012241275
1250_2,0.02517884
4705_10,0.9843364
10261_8,0.9839708
350_4,0.9722044
12302_3,0.010986943
776_1,0.7256486
7424_10,0.97903574
10383_8,0.98445636
360_9,0.967163
5798_10,0.9559813
10720_4,0.22067817
6009_8,0.7217432
2319_8,0.8152325
7053_10,0.7272012
11210_8,0.9807288
1985_10,0.9736447
6056_1,0.40756914
10315_1,0.0973904
9_4,0.020488555
6530_4,0.08694165
1367_10,0.2062538
4564_2,0.01395571
4343_10,0.44697747
654_3,0.25128007
4857_1,0.013532149
1377_10,0.9207897
8072_10,0.98087597
11433_7,0.97482115
6586_1,0.016152835
10255_1,0.85633236
350_10,0.9683812
6853_8,0.4545327
3693_10,0.9826909
2589_10,0.659734
895_1,0.021615336
6854_7,0.971564
1274_2,0.0269635
9179_8,0.9832145
10141_8,0.83601975
10727_9,0.98657167
1158_7,0.95976204
9949_3,0.19132768
7798_10,0.83548355
5964_7,0.54649615
11221_10,0.98445636
3053_3,0.20118472
8817_9,0.97754294
5850_2,0.03384404
9635_3,0.014957086
5000_10,0.9834705
10040_2,0.15002882
3065_1,0.0987726
2196_1,0.36534342
12428_7,0.9213576
8454_1,0.019568678
11456_10,0.971779
5918_4,0.01784874
10687_7,0.971564
10507_7,0.6076632
9051_8,0.9804314
6315_4,0.057493284
11266_10,0.9053223
5890_3,0.09602549
6257_8,0.79117644
2923_8,0.98242307
2952_1,0.023153413
7269_8,0.97838473
1116_1,0.016529558
11084_1,0.06142404
10287_1,0.015784562
5704_9,0.5051268
11218_8,0.97903574
12275_2,0.020645931
1414_4,0.031618766
7998_4,0.5503053
3286_1,0.033336822
2515_1,0.014957086
851_1,0.13117322
5181_10,0.9830851
5358_9,0.9693242
2677_10,0.9257686
34_8,0.9825575
9232_8,0.95791227
5835_10,0.94165415
10796_4,0.33676717
5553_8,0.9856076
666_4,0.7000752
9450_1,0.0123361
10820_8,0.9791955
7994_10,0.97112906
8948_9,0.9830851
3301_2,0.12765263
2801_1,0.01566365
4934_2,0.020645931
1539_10,0.9875683
10949_4,0.017045317
4394_10,0.98469365
4098_8,0.01395571
1617_7,0.25534365
9569_3,0.33698532
8593_1,0.01461567
3449_1,0.017176708
8372_1,0.011331754
815_7,0.8933094
348_7,0.3981724
7220_1,0.0715912
2633_1,0.03410043
1752_3,0.936285
3347_2,0.05921025
4967_7,0.9755769
10910_8,0.9830851
3147_1,0.36477757
7791_4,0.6057699
1588_7,0.7098244
8405_2,0.03904829
3826_10,0.9838472
3178_2,0.012053779
4420_4,0.4582275
246_2,0.3328523
8462_7,0.97046465
8264_3,0.33025518
2695_3,0.033336822
7258_4,0.29706192
5787_8,0.754915
11668_2,0.013121271
5529_4,0.9761292
8923_2,0.020804489
4784_1,0.012920473
7730_1,0.08122775
4455_4,0.017176708
6416_1,0.016403032
87_1,0.016914913
9548_8,0.9845754
1285_1,0.010169657
7695_10,0.938576
4364_10,0.9814534
9394_8,0.44770175
1253_1,0.011869121
2481_1,0.044680875
6790_1,0.011869121
9989_10,0.9805807
1483_8,0.9763105
8772_1,0.011687259
2993_10,0.7268136
1801_1,0.50695753
9434_1,0.014842417
7938_10,0.9853843
2262_1,0.0123361
5076_1,0.017442483
10994_2,0.013742321
4749_7,0.9433476
8309_8,0.9603612
7031_10,0.98527133
2711_3,0.16559312
8655_7,0.7325918
11329_4,0.97344345
9076_3,0.18832396
11647_10,0.83761996
7934_1,0.05834584
9114_1,0.01243165
6510_7,0.5859899
11487_1,0.013020489
2348_3,0.4102098
12325_1,0.013742321
6405_10,0.89143354
357_7,0.96323055
12253_10,0.67319167
4927_10,0.97966766
8636_1,0.011331754
11184_10,0.9826909
9974_3,0.4829168
6516_1,0.8976953
2167_9,0.88161486
10794_10,0.97719735
966_4,0.045015533
10040_10,0.9840936
5940_9,0.04369106
9181_8,0.7752647
2196_8,0.9850429
6361_4,0.016529558
4243_9,0.22575782
581_9,0.9850429
7195_1,0.010013569
2986_10,0.9755769
4344_1,0.01065251
7176_10,0.96295285
7857_10,0.7272012
6487_1,0.011331754
3692_10,0.9843364
12198_10,0.98201376
10569_7,0.97702265
9850_2,0.9492946
6415_1,0.024237636
6373_10,0.96741027
5103_1,0.124213
11048_8,0.9829547
2055_1,0.13939638
2920_1,0.011961098
8667_3,0.36477757
7059_3,0.21967211
3887_2,0.03541073
12356_10,0.3645513
5402_2,0.024053553
10274_8,0.19314738
11831_4,0.055412795
5375_7,0.692642
7875_7,0.8283842
2733_8,0.46374783
6420_8,0.9683812
2240_10,0.82104415
10627_9,0.94458723
7319_8,0.9309621
7782_1,0.01384861
857_1,0.016529558
351_4,0.9059898
9260_10,0.5684158
6891_10,0.98445636
8205_10,0.11397346
1179_3,0.018264279
9061_4,0.044680875
3571_9,0.9830851
11352_9,0.98677725
11770_10,0.98187524
10714_2,0.038178276
5397_3,0.10411242
2360_1,0.010818449
9459_4,0.72056496
7493_1,0.30611202
6799_10,0.9883128
2313_8,0.9757624
7602_10,0.9830851
1731_10,0.97997653
8502_10,0.7648916
5632_1,0.012053779
3723_10,0.9700135
6473_3,0.4927984
3596_3,0.011687259
8583_7,0.93581736
10902_1,0.014392335
1032_1,0.07585818
2931_1,0.011331754
9930_3,0.11596072
11825_10,0.97539
5384_10,0.8333246
2492_4,0.028436033
5008_4,0.1710612
7334_4,0.011687259
10082_8,0.69966495
1395_1,0.15713686
8140_7,0.23370637
2400_8,0.9883128
11462_2,0.20689406
6632_10,0.97112906
11499_3,0.91367656
5576_1,0.0226292
1172_7,0.98469365
3053_8,0.9658996
4119_1,0.014172365
8165_2,0.9079672
8333_8,0.8969756
2242_1,0.010818449
6132_1,0.03904829
12270_9,0.98481095
11456_4,0.49047962
6898_1,0.016029146
2512_2,0.024423089
7045_7,0.9241418
2808_4,0.009708476
6257_4,0.012241275
1971_7,0.92683524
10565_10,0.9549844
930_10,0.94122344
196_9,0.98625773
6535_1,0.021125194
5257_1,0.010986943
6759_4,0.016914913
5016_2,0.015543648
10959_1,0.7994423
4450_10,0.96124375
6678_10,0.9829547
11286_8,0.92683524
7200_8,0.987375
6660_7,0.9522199
12481_10,0.9883128
10278_4,0.20946968
6233_8,0.83761996
579_1,0.0112445615
8519_3,0.018978037
1220_10,0.979354
2342_10,0.9539661
1860_1,0.40645698
7273_3,0.45495644
4653_2,0.7498207
6878_4,0.22270015
502_7,0.97821885
2406_2,0.028870907
2021_1,0.010986943
874_8,0.9309621
4949_2,0.011961098
5054_3,0.030444348
689_7,0.9757624
9643_7,0.9795114
6445_3,0.09401018
2377_9,0.9224824
6107_8,0.47110158
10368_8,0.98421544
10444_1,0.010986943
5498_1,0.5028076
1018_7,0.9829547
2718_9,0.028870907
2418_2,0.05623634
7412_7,0.02178117
213_10,0.70456684
9417_2,0.010328153
1194_2,0.01812472
9366_8,0.9856076
4769_1,0.013636835
6667_9,0.9869795
9361_2,0.09568694
2182_8,0.8433798
10677_4,0.8146434
3931_10,0.73411953
120_9,0.97737074
10837_10,0.98215127
10830_1,0.009268014
3679_2,0.07531231
9094_9,0.94165415
7880_2,0.030908957
4969_9,0.9813107
3418_3,0.01507263
5490_4,0.071073666
264_10,0.97903574
1602_10,0.92892635
5019_9,0.37524846
12000_9,0.94165415
10794_4,0.01678549
2504_3,0.7559974
12340_4,0.051462766
7732_2,0.22067817
2028_1,0.010328153
3986_4,0.023870835
5100_10,0.96765566
2135_1,0.034358688
10227_7,0.43302217
4413_1,0.74316794
5205_2,0.01048909
45_9,0.9750122
12151_10,0.35108855
11055_1,0.01065251
2632_9,0.9549844
7047_3,0.0153063545
1915_1,0.009708476
9666_10,0.9869795
10027_1,0.02145073
11024_2,0.019719128
6482_7,0.8940517
8060_3,0.012241275
9876_8,0.93721074
3839_1,0.014281935
3682_9,0.9462003
5962_3,0.01566365
222_3,0.015189049
10460_10,0.9353465
8543_1,0.029986506
9443_1,0.017176708
10201_1,0.8824279
5046_9,0.9805807
5899_1,0.0894546
10140_1,0.0145035805
5009_1,0.06754669
4626_8,0.9744348
9033_10,0.97520185
3243_9,0.983343
6379_1,0.11636176
4949_8,0.97520185
6119_10,0.7337381
10336_7,0.966156
7344_1,0.018689308
3294_7,0.9697854
4385_2,0.021615336
2172_9,0.9834705
8295_3,0.012053779
1031_10,0.9787127
7577_10,0.98282325
6778_4,0.02178117
3154_2,0.023153413
9585_7,0.9785493
3445_2,0.011508149
7416_3,0.5926371
9780_10,0.987375
480_10,0.9763105
837_4,0.62772304
10166_8,0.9807288
3695_7,0.020804489
12417_9,0.8349459
3932_3,0.01065251
11790_3,0.027585285
6917_9,0.9811669
1975_4,0.9465967
11249_10,0.1289633
7366_7,0.9224824
4579_8,0.9759464
8415_10,0.9798227
2004_1,0.55603796
7599_3,0.01798621
12259_8,0.84695786
11005_7,0.94458723
11914_7,0.35331663
8498_1,0.009559399
944_2,0.0111580305
7183_10,0.9838472
4422_10,0.98445636
6791_10,0.96538115
9286_1,0.35197902
3325_10,0.9722044
5599_2,0.01048909
3064_1,0.02211659
209_4,0.0111580305
1904_10,0.9263037
10699_3,0.022286188
577_3,0.03567855
3157_1,0.09203287
1582_2,0.017309094
8044_2,0.02297737
11208_1,0.8484707
4708_3,0.1510278
10439_8,0.97838473
11083_7,0.33589524
8066_3,0.011961098
11327_8,0.9838472
9224_1,0.08977329
2165_8,0.97684664
9892_10,0.9802808
4402_1,0.010818449
11804_10,0.98481095
1296_8,0.92359227
10562_1,0.02145073
5003_10,0.97702265
10448_1,0.009708476
3274_7,0.98242307
6344_4,0.19498022
8129_4,0.01243165
9525_2,0.009559399
661_1,0.01065251
9398_3,0.01461567
3639_7,0.98677725
5527_7,0.73411953
7790_3,0.21206881
9550_1,0.24835184
2042_3,0.02096424
366_1,0.010169657
8446_3,0.96485513
7859_1,0.014392335
5587_3,0.0433658
10604_3,0.0094125895
5245_1,0.0111580305
804_8,0.9724148
9098_3,0.19314738
6240_10,0.9807288
3960_10,0.98228765
10536_8,0.9839708
8793_1,0.012722708
1586_1,0.0111580305
7131_9,0.936285
11338_9,0.9766692
1053_4,0.02017732
11170_4,0.012624948
6806_1,0.052618954
3741_4,0.06052939
1231_7,0.063714996
5499_8,0.96741027
12452_3,0.9651191
5331_9,0.9802808
3302_7,0.86476797
6214_8,0.98549646
6908_1,0.012920473
8510_8,0.0894546
10522_10,0.9879462
2844_2,0.020332353
11797_3,0.01678549
11237_10,0.9449947
6762_3,0.019870715
897_1,0.021125194
10312_9,0.9763105
10272_1,0.010986943
10814_9,0.92359227
4504_1,0.016529558
9389_9,0.81873685
9035_1,0.010013569
11306_1,0.0140636265
6309_4,0.71780384
5179_10,0.92523
6099_4,0.01461567
887_8,0.96124375
10220_10,0.98527133
286_10,0.94122344
5809_10,0.9623913
7725_3,0.14463145
9722_7,0.95430803
9104_7,0.8692713
7313_7,0.9814534
1706_1,0.023689471
11737_4,0.023330767
11203_10,0.97997653
7767_4,0.011331754
1822_1,0.022802636
5113_8,0.9695556
5456_9,0.87234735
6005_1,0.01757688
2026_2,0.011508149
1379_1,0.01784874
3048_10,0.9861514
5070_10,0.66104823
8985_1,0.117572136
1643_1,0.098079324
400_1,0.013121271
7546_10,0.93195957
3438_4,0.029535338
12136_8,0.24364243
6850_2,0.098079324
9054_8,0.97997653
1555_10,0.9871788
7103_1,0.039937317
6218_1,0.014392335
1619_3,0.01243165
5187_8,0.9518632
8575_2,0.0094125895
1593_10,0.9700135
3910_1,0.019124037
5743_10,0.96909106
3061_8,0.34246156
9633_8,0.97788346
2488_9,0.6111499
11711_4,0.012624948
11282_10,0.9563089
8919_10,0.98571813
6139_10,0.9798227
8032_1,0.040845715
4287_4,0.010986943
11044_1,0.058776557
11123_8,0.9845754
1828_9,0.97112906
4232_3,0.6406359
7258_9,0.9807288
1078_4,0.0123361
9967_10,0.94891727
4975_3,0.21733752
9974_8,0.63635314
424_2,0.010818449
7181_9,0.9787127
10703_3,0.89552265
3157_10,0.9830851
11096_10,0.9814534
2185_10,0.96378
2779_4,0.34953275
9342_1,0.01507263
3615_8,0.983597
6777_10,0.97462875
5440_8,0.9124362
706_1,0.37221992
5909_8,0.9744348
9578_3,0.019271135
3393_4,0.01395571
428_3,0.01678549
651_9,0.9863631
12433_8,0.8969756
8643_4,0.013325147
5826_10,0.983343
4060_1,0.013222822
3310_8,0.9686196
8941_3,0.920218
11493_7,0.96405166
7896_8,0.9161096
541_7,0.81699115
10614_1,0.0335895
3751_1,0.01384861
7851_8,0.9606575
5940_1,0.11716748
911_1,0.013428254
1233_1,0.012821214
4995_1,0.018264279
2771_9,0.96485513
5085_8,0.26971015
6521_8,0.979354
8106_3,0.01627746
2962_7,0.8940517
1621_9,0.98102194
4981_8,0.92892635
11884_2,0.016152835
6038_10,0.97324073
7118_10,0.9750122
10365_1,0.011687259
677_9,0.9813107
95_10,0.9849274
8211_3,0.5730812
11906_8,0.920218
3038_2,0.016152835
10503_1,0.013020489
11260_4,0.012920473
11333_3,0.012527932
6954_10,0.71102977
143_8,0.7588682
6458_3,0.0894546
8784_2,0.010013569
2604_1,0.01384861
4374_9,0.9273633
1323_3,0.040237945
2647_2,0.6693127
363_3,0.1510278
7556_1,0.258326
11101_4,0.7718435
8945_7,0.95759624
10630_4,0.013121271
11174_8,0.8656789
7927_3,0.011687259
8433_1,0.0140636265
8814_1,0.012053779
11746_8,0.98677725
2462_10,0.9755769
10036_1,0.01065251
10628_1,0.01678549
4782_1,0.0111580305
11244_8,0.80685264
4815_1,0.020804489
6974_7,0.983597
10180_1,0.010986943
3538_1,0.014172365
9319_9,0.97068775
3542_2,0.01507263
5583_1,0.009708476
215_8,0.9738444
6949_1,0.011687259
11401_10,0.95362175
3468_4,0.038178276
9478_7,0.34422296
12368_2,0.039342504
7534_4,0.03704717
9256_2,0.5911333
2192_10,0.9755769
10617_3,0.026155619
1464_1,0.010818449
969_4,0.30321574
702_7,0.5729916
470_10,0.9869795
2575_1,0.016914913
3059_2,0.01395571
7229_3,0.05582314
7437_3,0.01065251
2560_7,0.95695716
8444_4,0.010986943
1900_4,0.9736447
9057_4,0.7799929
10101_4,0.02145073
4914_2,0.01065251
11896_4,0.5681163
10430_1,0.016914913
786_3,0.01243165
9834_1,0.48974752
2040_1,0.01065251
1435_3,0.25275275
168_8,0.71701187
6504_9,0.9869795
3677_1,0.011961098
3652_10,0.9869795
9821_10,0.9780517
8695_8,0.9563089
5728_10,0.076407686
2856_8,0.9507779
11548_3,0.045015533
9435_7,0.9403531
7910_2,0.015784562
4658_7,0.18653922
10111_1,0.0111580305
12306_1,0.010986943
6380_9,0.908618
3507_10,0.9012275
11085_7,0.9273633
4268_8,0.9787127
1702_2,0.49975586
3045_9,0.9863631
3338_2,0.26020145
9288_8,0.97754294
1580_8,0.920218
11976_10,0.6992544
9216_1,0.021125194
2015_10,0.9850429
7665_2,0.01798621
10545_2,0.011331754
3819_4,0.80193585
8005_10,0.8656789
772_1,0.011687259
3882_3,0.012722708
9001_8,0.9780517
3000_1,0.011687259
3357_4,0.03461884
2559_4,0.35812852
2178_4,0.036769465
2249_9,0.9766692
9616_10,0.98421544
11797_9,0.96378
9061_10,0.9079672
10994_10,0.9840936
1076_3,0.010013569
10774_2,0.02211659
10983_10,0.979354
9271_10,0.9755769
3205_9,0.9700135
4987_4,0.7725307
10926_1,0.013325147
9150_8,0.94815457
614_2,0.01461567
12332_4,0.79246426
9100_2,0.07477005
10499_8,0.27357438
6143_9,0.95695716
4113_8,0.9142907
4705_4,0.014728613
3115_1,0.011687259
1041_2,0.14755519
11601_9,0.16344546
11045_8,0.9518632
10615_8,0.42799428
7631_7,0.8824279
11829_3,0.02178117
6941_1,0.049958523
112_10,0.9539661
4220_8,0.81757444
2812_10,0.971564
10221_2,0.0269635
1944_9,0.7648916
5866_8,0.9458012
11615_1,0.014392335
3066_10,0.9766692
5757_3,0.03846619
10569_1,0.0094125895
10633_3,0.0140636265
58_3,0.017712297
1126_10,0.9837225
4357_10,0.98625773
6768_4,0.81286734
11354_10,0.97344345
6412_10,0.9585377
7547_1,0.025957355
5198_10,0.9591543
5697_3,0.0123361
9757_3,0.010986943
8034_3,0.02517884
8612_8,0.91117966
8691_7,0.450722
6731_3,0.77149934
12190_1,0.04115289
3180_1,0.010986943
11068_10,0.98469365
3752_4,0.017712297
1995_3,0.5911923
5517_10,0.7472472
6532_9,0.9353465
4435_1,0.013532149
5527_4,0.014392335
5059_4,0.02178117
12044_4,0.7806625
3479_3,0.011687259
8399_8,0.94966936
8897_7,0.9787127
8342_9,0.96267307
7018_3,0.080936715
2497_7,0.9572778
10152_1,0.011961098
11583_4,0.12592277
3156_10,0.9257686
5259_4,0.13432105
2581_1,0.037326884
5224_7,0.883236
9024_3,0.055412795
8026_10,0.87873113
9588_3,0.031618766
11001_1,0.011597362
6432_9,0.98215127
8524_9,0.9851576
12457_3,0.0111580305
8426_8,0.98282325
11355_10,0.98527133
10337_1,0.011597362
11911_3,0.76100606
2655_10,0.7367796
4265_3,0.7390459
6542_3,0.6295469
9681_1,0.02517884
287_8,0.9656413
1864_1,0.012821214
7655_4,0.11318691
3613_7,0.97324073
11041_1,0.26246357
12070_8,0.56618345
10856_10,0.9850429
7365_4,0.020804489
10025_8,0.97112906
4693_10,0.9838472
9580_7,0.9813107
4669_2,0.07978202
274_9,0.98571813
1570_2,0.1334152
11040_8,0.98215127
2243_7,0.6022955
7043_10,0.77696157
3719_2,0.010328153
7635_7,0.088820286
2327_2,0.010169657
4229_9,0.8736466
4121_3,0.7360213
6064_1,0.08570928
364_10,0.840259
1161_10,0.9830851
463_1,0.01395571
9291_4,0.8193158
8827_1,0.12808825
2292_1,0.010328153
6935_9,0.8864204
9226_1,0.01395571
7612_4,0.1999321
8575_7,0.9572778
3475_1,0.04208773
1880_7,0.3448846
7265_7,0.98242307
8626_1,0.011869121
733_1,0.01507263
12100_10,0.9877587
1069_10,0.97684664
11364_10,0.9837225
5496_1,0.017045317
7253_1,0.011687259
3159_1,0.02931223
9131_10,0.96641046
413_4,0.94699025
10818_1,0.01048909
479_3,0.3306873
173_7,0.9105454
9522_10,0.9843364
333_10,0.9861514
2819_1,0.011331754
5723_8,0.9353465
99_10,0.98481095
7247_4,0.68257374
4711_9,0.9722044
8555_3,0.012241275
6330_10,0.9877587
8921_1,0.02517884
803_10,0.51561993
6219_1,0.010169657
10077_3,0.031858858
1274_7,0.98159516
2307_3,0.024237636
8114_8,0.9572778
1503_1,0.012722708
2004_10,0.569314
712_3,0.042722195
557_4,0.61808914
9651_8,0.9763105
11701_4,0.065604836
6325_9,0.5165954
1684_1,0.011508149
1435_10,0.97737074
5754_10,0.97702265
12098_10,0.89947516
3707_10,0.9780517
2521_1,0.017045317
1793_1,0.012527932
2725_3,0.23405632
5051_8,0.983597
2691_7,0.9600627
4111_10,0.9851576
3239_3,0.012053779
8124_8,0.9757624
4990_4,0.011687259
9565_9,0.98571813
6657_3,0.044348583
5882_4,0.014281935
8571_1,0.8025555
6815_10,0.9850429
487_10,0.94966936
11567_9,0.9766692
10631_1,0.0112445615
7070_2,0.011508149
8708_10,0.9546474
1889_4,0.321247
1838_3,0.29017562
6383_3,0.025565214
4735_9,0.50024414
11430_7,0.86703575
11590_1,0.010013569
11023_3,0.023870835
10870_8,0.9724148
6734_10,0.920218
10174_1,0.011597362
7905_10,0.9826909
9555_4,0.4769451
6303_9,0.9837225
1426_1,0.011508149
5482_8,0.9329437
7605_2,0.010818449
10249_1,0.019870715
2466_1,0.61404693
4055_1,0.012624948
9839_8,0.89256257
3953_9,0.98481095
6563_4,0.0627892
10776_4,0.012920473
7596_2,0.0111580305
10490_9,0.9850429
3800_1,0.01243165
10669_1,0.15869518
6276_8,0.5336405
3110_1,0.01784874
12434_1,0.09704755
10189_1,0.013325147
10639_4,0.017309094
7734_1,0.13432105
8763_4,0.11047115
2702_1,0.02211659
10179_1,0.014842417
2317_7,0.9433476
4677_8,0.94539934
11805_7,0.8940517
1339_2,0.05921025
9919_4,0.7512834
1425_8,0.81405276
3926_7,0.46453717
12395_10,0.9697854
6284_4,0.06418265
11069_1,0.17050801
4998_10,0.9814534
8055_2,0.012624948
9179_3,0.017442483
11577_10,0.61808914
1480_1,0.013121271
4561_10,0.9832145
4698_10,0.9871788
9312_1,0.013742321
6561_4,0.4855997
8353_10,0.9863631
11580_3,0.012053779
10536_2,0.40544873
957_10,0.95531917
1768_8,0.97344345
12197_1,0.01384861
11459_10,0.8879841
2271_3,0.35936415
6973_1,0.015784562
4199_8,0.91550726
6582_8,0.9190633
5843_1,0.027169231
4140_9,0.938124
11105_3,0.01395571
2395_3,0.011687259
10715_9,0.97966766
6611_7,0.98657167
2043_7,0.8828326
2884_9,0.81640637
4946_8,0.24835184
9642_7,0.98173577
5211_1,0.04115289
10661_9,0.9856076
4368_10,0.39548436
12086_4,0.04115289
6465_8,0.7520126
4706_1,0.0153063545
4694_10,0.80131465
12150_10,0.98549646
208_3,0.013325147
2587_3,0.022286188
2804_3,0.85195273
2837_3,0.090092994
11070_1,0.01798621
11909_4,0.28897023
9945_10,0.92468774
9281_9,0.5383765
8458_2,0.015784562
9882_2,0.013428254
172_7,0.9615338
7632_2,0.01566365
12246_9,0.96432143
3889_1,0.011687259
11140_4,0.028220987
5240_9,0.9837225
7965_4,0.6838419
3387_3,0.0111580305
10817_4,0.01065251
3332_10,0.6500231
1156_9,0.79502225
6585_1,0.0111580305
7931_3,0.016029146
8268_4,0.011687259
6443_10,0.8665848
373_10,0.97462875
5912_4,0.06512755
11475_7,0.8413048
10738_4,0.14953136
11175_10,0.9309621
9008_2,0.08819005
2218_3,0.011869121
585_10,0.9744348
3448_2,0.22067817
3860_8,0.6111499
8335_7,0.90665317
1907_1,0.03308598
9169_9,0.9522199
10375_8,0.9843364
10432_4,0.027585285
11399_1,0.8454327
3430_7,0.971564
2859_4,0.31362993
3899_10,0.98173577
9648_8,0.9591543
9233_8,0.97788346
10574_10,0.971564
3489_4,0.25128007
8115_8,0.97023994
11495_8,0.96691406
6885_7,0.7574357
1534_10,0.068537496
11721_9,0.9651191
11610_10,0.742048
2712_8,0.9572778
3140_10,0.9585377
4880_10,0.9780517
1592_10,0.9883128
425_10,0.9507779
5798_1,0.011597362
2212_8,0.98421544
2685_3,0.0111580305
9625_2,0.024053553
8492_7,0.9603612
4932_3,0.5410451
1704_3,0.4543511
301_4,0.04369106
2599_10,0.12765263
2364_4,0.031143833
2323_3,0.023870835
1885_8,0.8906752
1232_1,0.029760094
12055_1,0.0111580305
2894_10,0.98657167
5347_3,0.891055
1799_4,0.7606507
7460_9,0.89029425
8798_10,0.9832145
2134_4,0.66519314
2964_2,0.8509647
345_3,0.025957355
2670_8,0.741674
10282_10,0.9832145
5587_8,0.9263037
6115_2,0.012920473
6974_1,0.5331544
8500_10,0.91367656
5073_8,0.7641884
5291_8,0.9843364
11728_7,0.55531466
3207_4,0.01048909
2553_8,0.9795114
10896_10,0.9787127
9321_2,0.0930168
1484_4,0.016029146
2106_2,0.7134316
5487_4,0.011687259
4835_10,0.040845715
1023_3,0.029090757
11524_10,0.97324073
10672_7,0.87621135
9769_3,0.013325147
590_7,0.9764905
11530_3,0.011687259
349_2,0.15817435
2165_4,0.014728613
1574_9,0.87147486
2792_1,0.011508149
980_2,0.014728613
5745_7,0.9429286
4323_7,0.92944044
11569_7,0.89912134
3637_1,0.04401865
4511_1,0.15974104
8404_10,0.9549844
8947_4,0.90665317
12317_10,0.9686196
3927_4,0.029986506
461_8,0.98087597
11651_2,0.009559399
7697_4,0.014842417
7799_10,0.920218
2111_8,0.97462875
9745_7,0.9877587
4419_4,0.069541745
9337_4,0.42922
3908_10,0.9566342
9211_3,0.012053779
489_1,0.047425874
9229_8,0.15869518
381_1,0.017712297
1355_7,0.89552265
12100_1,0.037892424
6126_4,0.10818895
8315_8,0.9863631
7513_10,0.94699025
5547_1,0.2230384
8050_1,0.015424551
7332_1,0.16291203
9044_8,0.9804314
8491_1,0.5434691
1919_8,0.9888419
4076_7,0.8344069
9251_2,0.041462272
7325_10,0.98549646
177_8,0.8086723
8104_4,0.03461884
919_4,0.065604836
9417_8,0.9805807
9440_9,0.96295285
11105_9,0.971564
7670_10,0.9219218
7404_8,0.8539127
5120_2,0.014281935
10153_1,0.012624948
1763_10,0.9755769
9316_4,0.33654907
6396_8,0.9603612
8865_10,0.98571813
4552_8,0.024053553
874_4,0.015189049
6690_2,0.057918087
11970_3,0.42715773
1202_4,0.088504665
6024_1,0.0123361
10117_9,0.97112906
9511_1,0.020804489
2314_10,0.9588471
6053_3,0.018264279
10165_2,0.49975586
8410_2,0.10894506
1457_1,0.051462766
9651_3,0.014281935
537_2,0.023330767
7191_3,0.75635755
10258_8,0.9230392
4774_8,0.4743877
3560_8,0.9184803
5960_1,0.016403032
881_4,0.03384404
2420_1,0.010986943
4959_4,0.013532149
7138_1,0.01461567
9317_10,0.937669
5454_4,0.012527932
7450_9,0.9105454
9679_10,0.7134316
10988_3,0.018264279
2932_3,0.21733752
10110_1,0.011869121
9165_2,0.012920473
11712_2,0.012053779
8979_1,0.014957086
12426_3,0.03461884
1630_7,0.7142296
11990_10,0.78727776
5395_10,0.98657167
896_1,0.020332353
11463_9,0.95695716
7096_1,0.015424551
6198_10,0.9433476
8141_10,0.9837225
2650_10,0.9465967
12337_9,0.96182173
1995_10,0.7937462
6349_1,0.010818449
12270_2,0.01065251
12494_2,0.05184547
7081_4,0.57648236
3010_7,0.0433658
2924_2,0.015543648
3185_10,0.87914675
1377_2,0.8327813
4858_3,0.14080817
4351_3,0.017712297
6865_2,0.010986943
9527_3,0.20561504
6223_7,0.98481095
11598_4,0.43323198
10605_1,0.01214717
4609_2,0.011687259
3736_7,0.9837225
5615_1,0.014172365
11109_7,0.31700325
3924_3,0.19375686
7452_1,0.81227237
4288_8,0.29138398
8825_2,0.01812472
3168_7,0.97887486
6407_1,0.01048909
7016_3,0.02297737
129_1,0.010169657
9808_3,0.011777842
5620_10,0.97539
6404_10,0.95257413
10781_1,0.17050801
2446_1,0.24220563
2191_10,0.9046505
10848_1,0.01065251
11201_10,0.8864204
6818_9,0.9860443
4607_7,0.86838096
2410_7,0.9785493
9656_9,0.98549646
7841_7,0.59819484
11422_7,0.60159355
7376_8,0.10856642
10804_8,0.96641046
11793_7,0.967163
509_7,0.91181
12459_10,0.9863631
354_10,0.83548355
2740_10,0.966156
1469_1,0.047425874
9219_10,0.9053223
7248_7,0.7676898
5620_1,0.010169657
12160_1,0.15713686
6037_10,0.7217432
8338_1,0.032100707
1954_1,0.4589549
6996_9,0.93581736
9888_8,0.9763105
5470_7,0.97482115
11915_4,0.8344069
7057_4,0.07696084
10320_10,0.87321484
4447_3,0.02178117
9711_9,0.96909106
5077_3,0.012624948
10912_4,0.8050198
3224_3,0.39864054
9946_7,0.7641884
10650_4,0.29746994
9613_1,0.048496004
4909_3,0.013428254
5607_8,0.84286314
3315_1,0.0153063545
9271_1,0.05379964
4248_4,0.029535338
5849_4,0.67319167
3944_1,0.01243165
3580_10,0.9856076
4592_1,0.011869121
6375_10,0.98571813
5955_9,0.9804314
11613_7,0.93721074
8278_10,0.9500415
11339_9,0.9805807
6813_2,0.28259197
3747_3,0.010013569
5916_1,0.010986943
3298_1,0.012722708
11303_1,0.023330767
5758_7,0.7240906
11652_9,0.98571813
8748_2,0.1766716
11092_2,0.012722708
8729_8,0.97134733
6332_4,0.23300752
3700_10,0.9856076
10507_2,0.009859855
2287_4,0.013428254
10549_10,0.9845754
3005_10,0.9871788
5657_1,0.013742321
873_8,0.9546474
2274_1,0.018546565
3208_4,0.10052487
2663_10,0.97702265
8134_7,0.019419348
7443_1,0.5418937
7507_8,0.9591543
1423_1,0.013325147
4014_1,0.011508149
9662_1,0.009268014
2512_9,0.9860443
8415_2,0.028870907
7672_3,0.24653335
5925_1,0.01048909
2654_2,0.010328153
1780_10,0.5767804
8813_9,0.98215127
9378_7,0.9688562
12120_3,0.045692034
8985_7,0.983343
5771_3,0.01065251
7305_10,0.9859364
8681_4,0.46295857
7415_10,0.9656413
9346_8,0.9791955
9750_3,0.014172365
9083_9,0.9863631
12255_2,0.014392335
5035_1,0.01627746
12384_10,0.4432389
8381_4,0.115560874
825_1,0.0111580305
2034_1,0.026355354
439_10,0.9805807
5753_10,0.8349459
10370_10,0.9780517
3395_2,0.013020489
8101_2,0.011777842
7885_1,0.30404168
3266_2,0.28417853
4623_4,0.015906392
8123_9,0.9518632
1787_1,0.01384861
4001_4,0.45707613
3530_2,0.011331754
684_1,0.010986943
744_10,0.7725307
8439_7,0.9763105
8678_9,0.95531917
11851_8,0.93991333
1237_2,0.10194652
4557_3,0.010169657
1847_10,0.98549646
4002_1,0.011331754
1620_1,0.24762337
549_10,0.9850429
4984_4,0.7799929
4673_8,0.78596646
1373_1,0.0140636265
6927_1,0.87450653
9201_2,0.031858858
4293_7,0.9736447
826_3,0.065604836
6337_1,0.027376488
9978_9,0.9693242
11379_10,0.9826909
3874_1,0.64957863
9943_1,0.011331754
7236_4,0.22236224
7816_1,0.013325147
3849_8,0.98549646
1167_10,0.9651191
9667_3,0.33393747
2506_1,0.01395571
1372_10,0.3376402
6788_9,0.9763105
4792_2,0.015543648
7909_2,0.016403032
2213_2,0.009559399
434_1,0.015906392
9245_1,0.030214587
5822_10,0.9591543
5406_1,0.33111975
2011_1,0.016657041
6805_10,0.9861514
2557_2,0.010013569
4343_1,0.06608538
1493_4,0.020645931
947_8,0.029986506
9494_7,0.7552762
10228_10,0.21076632
707_10,0.98481095
2018_10,0.94891727
11093_10,0.9804314
11113_10,0.98469365
11596_1,0.011508149
7453_1,0.017712297
9045_8,0.9807288
12264_7,0.97903574
7271_9,0.9425068
4560_1,0.025957355
11223_1,0.059646945
3939_7,0.9686196
2714_2,0.04208773
1940_9,0.36886027
3640_10,0.9861514
1724_1,0.016657041
5383_3,0.028007522
7323_10,0.8976953
7345_4,0.01065251
775_9,0.98481095
11995_1,0.010818449
400_10,0.9829547
10279_4,0.012821214
673_8,0.07369626
4168_10,0.64712954
11761_7,0.9757624
491_9,0.96691406
11472_1,0.01065251
10045_7,0.97702265
9449_4,0.10230471
12496_3,0.010818449
12422_1,0.017176708
8159_4,0.014281935
8668_8,0.16132024
7572_10,0.9863631
6696_9,0.8727817
64_10,0.9801293
2715_1,0.9059898
9333_4,0.20244318
3722_10,0.9863631
5692_8,0.9606575
10074_7,0.8449215
1717_3,0.5285334
825_8,0.98159516
7796_10,0.9798227
5550_3,0.0123361
6114_10,0.078078166
4440_8,0.88759494
9616_4,0.02350945
12090_8,0.9881309
10728_1,0.5863341
4419_10,0.98445636
282_1,0.50598115
4825_9,0.94208187
91_10,0.98657167
10399_2,0.01065251
6773_4,0.123365626
1364_10,0.98087597
2806_9,0.9635062
4520_2,0.013636835
8211_9,0.95945925
3594_2,0.023330767
11353_4,0.27904198
307_1,0.0111580305
10963_4,0.020488555
4023_7,0.9390248
11450_10,0.7401744
3567_4,0.9046505
4751_7,0.9757624
9798_2,0.015906392
1864_8,0.9861514
3168_2,0.040237945
6506_2,0.27357438
12484_2,0.34820172
11999_8,0.24544656
3571_3,0.013428254
147_10,0.9591543
6691_9,0.9787127
11295_8,0.8984106
9344_10,0.98657167
9513_2,0.011869121
11066_7,0.9161096
4330_8,0.9532751
5194_10,0.81286734
11676_1,0.020023443
4587_1,0.01065251
11964_4,0.8529355
12456_1,0.012241275
6054_10,0.90295243
2140_7,0.2407746
1388_1,0.04401865
10681_2,0.011869121
4614_8,0.9869795
2604_7,0.68236214
4234_1,0.09334688
4261_8,0.8050198
4907_8,0.95292586
4134_4,0.032100707
4125_8,0.97482115
3795_9,0.98469365
1356_4,0.010986943
10711_2,0.40586078
4728_7,0.9458012
8254_8,0.9334308
10769_2,0.1576549
7185_8,0.9764905
2842_9,0.7606507
4565_1,0.08449275
3030_9,0.96095175
2997_1,0.021948254
1311_9,0.05340333
12499_10,0.64332926
9830_10,0.98242307
1774_4,0.028436033
6676_10,0.98187524
6502_9,0.87663436
1521_1,0.7538293
4253_1,0.018404892
2775_2,0.010013569
7324_4,0.013121271
1207_4,0.02350945
9903_7,0.97903574
3195_2,0.06705628
9213_10,0.98481095
7751_1,0.02297737
1616_8,0.97903574
1482_10,0.97684664
6772_7,0.9394706
2008_10,0.98102194
6799_4,0.16079244
5004_9,0.98102194
3487_2,0.014281935
10892_4,0.11240509
10839_4,0.013121271
922_8,0.9763105
4163_1,0.0153063545
10738_8,0.9309621
10678_7,0.9830851
5892_10,0.9219218
6202_1,0.02178117
5792_10,0.9795114
12161_4,0.78133065
1097_9,0.9724148
2930_3,0.018546565
4087_3,0.016914913
11875_3,0.019271135
11770_4,0.01678549
847_7,0.52171487
10620_9,0.9588471
1455_10,0.9785493
12294_1,0.010013569
5653_10,0.9425068
1874_9,0.6630147
10487_3,0.053009775
22_3,0.027169231
2760_1,0.012527932
9822_7,0.022457054
1068_10,0.97482115
11117_1,0.009559399
10409_2,0.97702265
1877_7,0.027795624
7347_1,0.020023443
4231_1,0.030675802
1122_1,0.13432105
933_3,0.3761647
11883_4,0.18184364
8386_10,0.9757624
12297_7,0.8305941
11847_8,0.983343
5511_1,0.30528295
9587_2,0.3577919
10027_8,0.7295198
7210_4,0.030214587
2490_9,0.09534946
4889_10,0.97702265
8192_9,0.9834705
12133_1,0.017309094
2098_1,0.7409249
2941_9,0.9850429
5742_3,0.010986943
10645_4,0.010013569
1162_10,0.93439513
4383_10,0.9724148
5325_8,0.95759624
1324_1,0.039937317
1374_1,0.013121271
116_10,0.9522199
2898_10,0.89368117
8799_10,0.9869795
6654_10,0.9859364
8630_1,0.0123361
3452_7,0.9566342
3609_8,0.8710367
4740_1,0.010169657
8368_10,0.9839708
11960_7,0.52755994
3583_10,0.8558512
1581_8,0.027585285
1378_1,0.6311397
968_2,0.0140636265
4524_1,0.011331754
5036_8,0.9666631
12287_3,0.02096424
9236_10,0.5749915
5447_3,0.07585818
11016_1,0.2986959
1935_3,0.014957086
5300_7,0.9875683
7775_2,0.9572778
4398_3,0.011419616
5692_2,0.010169657
3517_8,0.9588471
6007_1,0.012241275
10127_2,0.011777842
6614_10,0.9785493
2767_10,0.966156
3187_2,0.014728613
6473_10,0.92944044
12263_1,0.010013569
10838_2,0.011687259
7367_9,0.89029425
8873_10,0.9492946
6016_1,0.023330767
10363_7,0.7490872
3541_2,0.0111580305
6416_10,0.967163
4538_10,0.97887486
56_3,0.33676717
7946_8,0.97112906
6003_4,0.23581158
974_4,0.02865267
11651_9,0.98549646
10283_1,0.05184547
12334_2,0.011331754
972_1,0.9032942
1513_8,0.7181993
6141_3,0.0153063545
4195_7,0.9546474
10176_9,0.9845754
1918_2,0.013222822
12117_1,0.011687259
7567_1,0.0705596
2949_10,0.98201376
11937_9,0.9766692
8513_2,0.50024414
3913_8,0.23475733
1310_8,0.83601975
10461_10,0.98469365
3309_8,0.9213576
862_9,0.97737074
4040_2,0.014172365
78_8,0.9546474
3491_7,0.02576056
10862_9,0.9877587
4763_7,0.9130583
7421_1,0.05921025
5350_1,0.020645931
11491_10,0.97539
9975_4,0.02479816
10123_10,0.9825575
11573_1,0.009708476
2337_9,0.9839708
251_8,0.9840936
1942_1,0.019419348
2940_7,0.8740772
4342_7,0.30197924
11250_2,0.10230471
4224_1,0.01395571
10106_10,0.98549646
7764_2,0.013428254
937_10,0.9787127
3112_10,0.9829547
9922_8,0.8044059
3259_7,0.9462003
7828_1,0.01048909
4031_7,0.8494724
1277_7,0.9167081
3162_2,0.708616
7_9,0.983343
1832_4,0.8407826
10997_1,0.08359068
10572_10,0.98657167
12194_1,0.011331754
4648_10,0.8433798
7207_9,0.8037906
11000_7,0.9224824
4943_2,0.010013569
10601_10,0.98527133
4731_1,0.014172365
9272_8,0.027795624
11551_1,0.0145035805
9074_3,0.5452857
2486_3,0.38144997
618_1,0.017045317
8683_8,0.9759464
2618_10,0.840259
8471_9,0.97023994
6394_4,0.01214717
6456_2,0.60603225
3195_8,0.9615338
4188_1,0.01395571
3985_10,0.9759464
7099_10,0.9462003
1558_2,0.011508149
2877_8,0.60130095
3928_1,0.011687259
7206_3,0.011508149
8088_10,0.9853843
8167_10,0.9879462
8590_8,0.9845754
6973_7,0.31278968
4974_7,0.97684664
10151_1,0.010986943
5268_4,0.02931223
5258_7,0.9666631
1478_8,0.8844391
5094_10,0.9390248
10126_4,0.15456735
9357_2,0.016152835
7750_3,0.37845907
11628_3,0.258326
9124_7,0.92359227
1802_7,0.9830851
4820_4,0.020023443
10019_8,0.91789335
154_9,0.98421544
5049_4,0.012053779
4372_1,0.010986943
7807_10,0.9761292
5127_10,0.97887486
11480_2,0.028220987
10145_1,0.0140636265
7090_10,0.9787127
1288_1,0.61895317
11316_2,0.0153063545
8428_9,0.54716164
1843_9,0.8548847
1916_1,0.01812472
2657_2,0.012241275
10504_1,0.010818449
11621_3,0.013121271
10148_1,0.020804489
3339_4,0.14706452
8202_2,0.015543648
7796_1,0.013532149
4625_2,0.11124121
11859_4,0.29098085
8261_1,0.010986943
4670_3,0.6311397
8412_10,0.9623913
1010_1,0.02576056
436_10,0.983597
9351_7,0.45943987
3767_8,0.6874202
4794_1,0.010328153
8447_10,0.48096618
6182_2,0.0111580305
8754_3,0.083890386
2709_3,0.013325147
5882_9,0.9843364
6916_3,0.31320962
11886_1,0.06325053
123_4,0.9623913
2827_9,0.89552265
11440_8,0.9869795
4100_8,0.554885
11645_1,0.019124037
7949_10,0.98228765
2017_1,0.011687259
3451_7,0.98201376
10986_10,0.9738444
1541_2,0.9403531
12336_7,0.6662797
9787_1,0.014728613
5282_10,0.98866826
9568_4,0.9390248
8222_1,0.012821214
5415_9,0.9761292
8485_8,0.79502225
6449_1,0.01627746
466_1,0.02178117
11997_1,0.63250273
6144_10,0.9845754
3309_4,0.014842417
8655_1,0.015189049
10141_1,0.80685264
7469_10,0.98228765
4445_10,0.8489722
6651_7,0.9761292
6711_7,0.3361131
3329_4,0.6331834
8000_10,0.8727817
2279_8,0.52201945
5012_7,0.97462875
2437_3,0.1510278
505_9,0.9394706
9070_10,0.9079672
1234_3,0.017045317
4880_1,0.011777842
3981_4,0.83973396
134_1,0.013742321
3211_10,0.97966766
2559_10,0.98187524
4512_3,0.012241275
5957_1,0.012821214
11626_9,0.98677725
915_10,0.96378
5569_10,0.92788786
12396_9,0.9728308
6494_2,0.011687259
3262_1,0.011777842
3916_10,0.9059898
787_1,0.04054074
11092_9,0.91789335
2818_10,0.97966766
5271_2,0.23196201
4057_7,0.8940517
5042_1,0.032589745
1204_1,0.01798621
3651_2,0.016029146
11763_8,0.9656413
7766_10,0.97344345
3498_1,0.012624948
11578_10,0.97684664
3691_1,0.015906392
11947_10,0.9324533
11475_2,0.02865267
8568_9,0.96323055
8247_2,0.020488555
9544_7,0.92359227
9753_8,0.2814056
6824_7,0.8701566
2799_1,0.039342504
10459_1,0.010169657
1894_10,0.24508502
9726_7,0.9046505
10923_1,0.012624948
7946_3,0.01678549
7509_10,0.9791955
3273_9,0.880797
2716_3,0.5114726
4622_1,0.011508149
1204_8,0.9837225
71_4,0.36863297
6508_9,0.9724148
7819_10,0.9859364
695_10,0.38908216
10844_10,0.98571813
2413_1,0.8080672
8768_1,0.009268014
4536_10,0.987375
2576_9,0.9697854
4473_2,0.5168393
65_2,0.11838509
6114_2,0.22270015
7458_1,0.024423089
10815_2,0.029090757
8344_1,0.0460339
1975_9,0.9314625
1659_1,0.011777842
11030_10,0.9860443
5405_7,0.86339164
2539_3,0.01461567
6565_8,0.57367843
1826_10,0.9787127
2577_8,0.9549844
6032_7,0.76838577
3146_9,0.9840936
798_1,0.011687259
63_10,0.9686196
11819_10,0.93045825
2905_7,0.95150405
2716_10,0.98173577
1717_10,0.98087597
1036_3,0.2814056
11583_10,0.9877587
962_9,0.97966766
10203_2,0.02517884
12225_1,0.01384861
10322_9,0.8868131
7601_2,0.8484707
1675_4,0.81757444
8235_3,0.014957086
680_2,0.27048022
5208_3,0.010328153
10678_2,0.91181
6072_10,0.9856076
1216_1,0.012722708
11434_1,0.011961098
12480_8,0.9845754
8844_10,0.9766692
10506_1,0.009859855
9766_3,0.79246426
7804_4,0.62452257
44_4,0.01065251
11226_1,0.01757688
11378_2,0.033336822
7805_1,0.03541073
4692_10,0.22884513
2928_9,0.7531037
8785_10,0.98582757
3083_8,0.858244
626_10,0.983597
9228_10,0.9635062
66_10,0.6827853
3824_3,0.9615338
7115_8,0.8338664
11893_10,0.98571813
1628_1,0.018264279
2236_4,0.019870715
2032_1,0.010328153
6613_10,0.9559813
1582_8,0.03384404
304_2,0.010169657
2441_10,0.9859364
12437_1,0.01243165
9822_1,0.0705596
10481_3,0.11008788
9193_10,0.617628
3233_9,0.9829547
7430_8,0.98571813
10049_1,0.01048909
6384_10,0.9830851
3993_9,0.97966766
4545_2,0.034880888
11500_4,0.883236
12127_10,0.9807288
7277_2,0.023330767
8927_3,0.057493284
5970_9,0.77662295
12115_4,0.015189049
6132_10,0.9845754
4178_9,0.96323055
11453_7,0.71383077
6569_9,0.97023994
3924_7,0.2247353
6425_1,0.0094125895
1141_1,0.01757688
3366_2,0.03846619
6700_7,0.97324073
7948_8,0.065604836
2750_8,0.97887486
11326_1,0.022286188
231_8,0.9840936
8941_8,0.9755769
8304_7,0.8110782
12179_2,0.027585285
3808_1,0.010986943
2710_1,0.013636835
4833_1,0.010986943
10405_7,0.9787127
449_9,0.98527133
7259_10,0.908618
8513_10,0.979354
801_8,0.9829547
11322_8,0.8697146
8417_9,0.9871788
7059_8,0.6012671
681_3,0.01812472
3135_9,0.9559813
7172_3,0.01798621
11061_10,0.9840936
9555_9,0.97462875
1331_1,0.013428254
9155_3,0.010328153
8765_8,0.9257686
4714_8,0.9837225
7593_9,0.97134733
7769_1,0.01757688
5016_8,0.79117644
11917_2,0.0111580305
3311_8,0.6286354
6784_4,0.0433658
6685_7,0.8499712
1232_8,0.98282325
765_2,0.088820286
6159_2,0.017442483
12037_3,0.014392335
60_8,0.9843364
6138_10,0.9830851
4759_4,0.014842417
631_10,0.9802808
5993_10,0.98667485
2751_10,0.9813107
7234_1,0.02145073
7966_3,0.019419348
296_4,0.05223086
8252_4,0.0627892
10333_1,0.012624948
5950_10,0.8479678
2735_9,0.9851576
900_1,0.016657041
2350_3,0.6581979
1457_10,0.06233104
10226_10,0.65885663
9198_7,0.947381
1072_2,0.069541745
8332_10,0.9572778
6264_8,0.9875683
1092_9,0.7322091
11888_10,0.9142907
11702_8,0.91789335
8704_1,0.03567855
11458_10,0.9353465
8218_9,0.9334308
3739_8,0.9492946
4787_3,0.49414092
12097_10,0.9755769
7894_1,0.028870907
11601_2,0.012722708
4417_1,0.23970512
11108_10,0.9869795
5673_8,0.9500415
481_2,0.014842417
6892_2,0.030675802
5203_1,0.7360213
18_1,0.7185944
5488_8,0.94966936
750_7,0.4604102
1478_4,0.018978037
11340_2,0.01784874
8735_3,0.03410043
7404_3,0.6719013
5681_2,0.08632348
5863_10,0.84695786
602_1,0.010328153
9474_7,0.92892635
12075_3,0.09203287
1148_8,0.8244619
2192_4,0.053009775
1394_1,0.010818449
2643_3,0.27512974
8214_7,0.8098782
6728_1,0.023870835
5397_8,0.8349459
7056_7,0.9700135
2669_3,0.0140636265
10713_10,0.98228765
1349_4,0.010986943
3254_1,0.011687259
9717_10,0.9073123
11358_4,0.010169657
12262_1,0.009708476
1332_1,0.010986943
6116_2,0.010169657
6324_3,0.03875619
10808_8,0.9539661
11632_4,0.11516223
2881_3,0.023870835
3524_1,0.0094125895
10503_8,0.79502225
11525_1,0.010986943
9973_4,0.014728613
9804_1,0.01395571
1865_8,0.9130583
8001_9,0.97539
5776_8,0.08299415
11848_10,0.983597
4809_3,0.0627892
841_9,0.967163
227_10,0.86703575
1833_9,0.987375
9471_10,0.9826909
960_3,0.011331754
10763_1,0.013742321
1330_1,0.013532149
326_9,0.9830851
3392_10,0.91789335
5883_2,0.0094125895
12168_1,0.012624948
7525_10,0.95945925
10578_1,0.08509905
9173_3,0.011869121
7214_2,0.06008665
7163_10,0.97462875
5177_8,0.93721074
3372_7,0.909907
6041_8,0.98242307
1590_10,0.979354
31_10,0.8494724
2533_8,0.9730365
7927_10,0.98173577
5037_2,0.019568678
6046_2,0.43599156
2099_3,0.014392335
133_1,0.08756384
205_2,0.014957086
374_9,0.93721074
8944_10,0.9697854
799_4,0.6575384
8832_9,0.9219218
3836_10,0.979354
2940_1,0.3402659
946_1,0.81047887
9310_1,0.01678549
5853_8,0.6706083
10852_9,0.98201376
4061_4,0.8044059
10301_10,0.96538115
11104_3,0.019870715
9339_3,0.62314755
537_10,0.98571813
8661_7,0.7962924
9381_4,0.13614832
12473_3,0.014842417
5140_8,0.9843364
4624_4,0.010328153
9156_3,0.24798743
5980_2,0.014842417
5920_7,0.9838472
4013_1,0.01757688
11879_2,0.09670579
1317_10,0.9839708
4647_10,0.9695556
2550_1,0.009559399
641_8,0.6304574
10069_10,0.9744348
12215_10,0.6296607
6293_10,0.9869795
1416_7,0.575588
8561_9,0.9465967
1981_10,0.9092645
1667_2,0.7538293
9680_1,0.01065251
888_1,0.013222822
2202_4,0.013532149
8835_2,0.01566365
9340_3,0.8238959
8742_10,0.66562796
1892_2,0.011687259
11940_10,0.9532751
5976_2,0.011687259
5430_8,0.97737074
9125_9,0.7185944
5217_8,0.96378
5257_10,0.8433798
5487_8,0.6846858
10815_8,0.908618
12438_1,0.023153413
11433_3,0.10302443
11570_1,0.83815056
11880_10,0.96741027
1983_3,0.5907202
2916_1,0.011961098
8119_10,0.9859364
10960_2,0.0433658
2798_2,0.011869121
2797_1,0.014957086
9931_4,0.01627746
6244_10,0.9273633
8361_2,0.01065251
7098_10,0.96691406
9107_10,0.98527133
9860_10,0.79310596
10252_1,0.013636835
12015_8,0.8895288
2696_4,0.6340903
9301_8,0.983597
799_7,0.98549646
9411_7,0.8596637
4172_1,0.012527932
8008_10,0.9845754
11436_1,0.013532149
3464_10,0.96378
5826_3,0.017176708
5460_4,0.014728613
8920_3,0.39169315
1465_3,0.4668456
7571_1,0.063714996
3416_10,0.98173577
11088_7,0.9585377
7007_10,0.98421544
11317_7,0.9693242
11639_7,0.6943027
1871_10,0.9843364
1551_7,0.8984106
4089_4,0.01048909
8145_9,0.9757624
1243_7,0.93045825
9082_8,0.95976204
11807_8,0.94417685
6154_10,0.98159516
2082_8,0.9811669
9142_4,0.61138195
6126_8,0.7866228
9774_1,0.011331754
5137_10,0.96095175
11085_1,0.010986943
4541_1,0.018264279
10478_10,0.9871788
8479_3,0.014392335
11220_1,0.014957086
0_10,0.96378
5235_8,0.98215127
457_2,0.013428254
6784_7,0.9832145
11527_10,0.9807288
5935_7,0.8840393
3697_10,0.98201376
8318_10,0.9877587
6770_8,0.54849213
11760_7,0.93674946
10344_9,0.9840936
12363_4,0.45974308
2233_2,0.017176708
12184_10,0.9761292
4668_8,0.717408
2293_4,0.011508149
5886_8,0.98549646
8403_4,0.34246156
2493_3,0.045352582
7224_2,0.012920473
7753_10,0.92523
476_9,0.9546474
3760_7,0.2869679
8371_1,0.012241275
2541_10,0.94122344
12052_2,0.01798621
2320_1,0.012241275
5598_8,0.9046505
12342_1,0.014281935
7391_9,0.81815636
2615_1,0.012241275
11251_4,0.4949953
9946_2,0.016529558
10571_10,0.98421544
3984_1,0.01065251
4633_10,0.9801293
548_10,0.9871788
1732_1,0.010169657
3559_7,0.9511422
10212_7,0.36342093
8950_7,0.97023994
8157_10,0.98102194
5986_9,0.9859364
10263_7,0.78530854
2168_10,0.9740426
4424_4,0.034880888
6944_10,0.7166154
11467_7,0.98159516
3630_8,0.9046505
2405_1,0.010169657
7517_1,0.020488555
8116_10,0.91490096
5368_4,0.10856642
2045_1,0.011869121
11303_8,0.9859364
11077_2,0.12678517
6314_10,0.9623913
12137_4,0.065604836
12180_1,0.01065251
6403_10,0.8499712
2019_1,0.010986943
7921_7,0.52208036
3977_10,0.87234735
11277_9,0.83815056
8398_1,0.011331754
1429_3,0.012527932
9628_4,0.02096424
2472_3,0.30074558
5811_4,0.015784562
11663_3,0.011869121
3153_1,0.016914913
11881_2,0.012821214
767_7,0.62994534
12243_10,0.9832145
10969_8,0.96295285
8689_10,0.91789335
1854_10,0.98527133
12392_4,0.01384861
6627_2,0.01065251
6819_10,0.98571813
1587_9,0.7898827
6999_10,0.8499712
9128_1,0.2247353
7141_1,0.07531231
4485_8,0.9606575
7368_7,0.5868188
7698_4,0.9518632
8376_3,0.2666436
1862_1,0.014172365
11217_9,0.9339146
5179_4,0.8479678
6524_3,0.49975586
11877_10,0.9859364
6055_10,0.983597
9372_1,0.017309094
8029_1,0.02297737
9546_10,0.89982784
5514_10,0.9511422
8869_8,0.93581736
8290_10,0.9688562
11619_9,0.6013595
5949_4,0.611614
10146_1,0.8984106
11776_10,0.6951311
2146_9,0.40568417
6461_10,0.9697854
10480_4,0.021615336
9021_10,0.936285
11802_10,0.98469365
9139_2,0.091382116
5590_4,0.18713269
5631_9,0.7552762
6333_3,0.35281476
10455_1,0.013121271
10394_1,0.010986943
8814_8,0.98228765
11264_3,0.040237945
2255_9,0.9830851
3915_8,0.030908957
3386_10,0.9826909
5531_2,0.01784874
1676_4,0.023153413
7711_8,0.9837225
7871_9,0.9403531
11101_8,0.95292586
11562_1,0.01065251
11609_10,0.93581736
9556_1,0.025371313
7149_3,0.95976204
11807_3,0.54177254
12106_10,0.98677725
4763_1,0.52390754
2007_3,0.29017562
8454_8,0.9730365
4656_10,0.8509647
717_8,0.60882664
3501_4,0.055412795
6562_4,0.5532941
3926_1,0.03541073
7497_1,0.014728613
4257_9,0.9273633
4111_1,0.010328153
9865_10,0.94815457
8323_4,0.102664
2228_4,0.30569732
1180_7,0.9777139
6315_8,0.9861514
12271_10,0.8098782
4567_2,0.90397453
8745_8,0.95565146
4994_1,0.009708476
2842_4,0.05834584
674_9,0.95362175
4431_3,0.53607005
2534_4,0.5112286
378_9,0.9606575
6039_9,0.91550726
9551_7,0.95257413
1273_7,0.20561504
4222_4,0.05379964
7469_1,0.010818449
8733_3,0.86703575
9324_4,0.042722195
8888_4,0.19744444
2872_9,0.97090924
2123_8,0.9814534
4982_7,0.95695716
10668_1,0.04885778
2014_7,0.96641046
4211_3,0.14953136
1202_9,0.97482115
5450_4,0.02297737
2484_1,0.86748546
2427_8,0.9791955
405_3,0.009859855
1_10,0.9845754
4498_4,0.93721074
50_3,0.017712297
10113_9,0.9863631
8919_3,0.11047115
1338_7,0.7142296
9817_8,0.9403531
10824_7,0.6575384
12165_8,0.5563996
11975_8,0.28977346
8537_1,0.05033063
4443_9,0.966156
207_3,0.010328153
4247_8,0.6627965
11333_9,0.9863631
6357_2,0.032589745
4477_1,0.068537496
8774_1,0.17724052
10049_8,0.9394706
9621_2,0.02145073
5428_10,0.98571813
11693_3,0.06512755
8731_4,0.4325427
11209_1,0.24580847
10581_10,0.010986943
4289_10,0.971779
511_7,0.89478946
7832_8,0.27318642
2567_9,0.77662295
4931_1,0.01461567
8770_2,0.010818449
8999_9,0.983597
9918_1,0.016657041
2254_7,0.9462003
4095_1,0.04885778
8601_2,0.080936715
10347_10,0.97344345
2911_4,0.42539635
12157_7,0.9801293
5154_10,0.98469365
27_9,0.9814534
2586_9,0.8984106
6344_9,0.97821885
1888_4,0.0111580305
6630_1,0.013532149
3202_10,0.9791955
1517_9,0.97068775
584_10,0.9869795
2683_4,0.19682619
1721_1,0.020645931
4371_7,0.7256486
4697_3,0.85633236
2977_10,0.039937317
1835_3,0.15713686
9872_1,0.21601154
4794_9,0.8864204
5345_10,0.6846858
1230_10,0.9813107
2438_2,0.01107216
5709_9,0.9787127
8007_1,0.013428254
7236_10,0.7779754
7978_10,0.9184803
10608_1,0.025371313
10968_1,0.009859855
3650_1,0.01757688
7966_8,0.96458924
8435_9,0.9861514
6095_3,0.039342504
12457_8,0.950411
611_10,0.9755769
7589_7,0.9559813
4378_4,0.06142404
9019_3,0.016029146
794_1,0.014281935
5112_4,0.015424551
8698_7,0.94853723
2729_1,0.010986943
9090_1,0.01048909
9641_8,0.9863631
5065_7,0.7505527
3147_10,0.97737074
3971_4,0.23510839
7000_8,0.9012275
6716_1,0.011508149
11482_7,0.23440664
9263_4,0.67939144
7901_1,0.020023443
8213_2,0.011687259
1113_8,0.98102194
1013_7,0.98527133
2195_9,0.9744348
1371_8,0.90397453
7239_7,0.6838419
11376_1,0.010818449
3506_9,0.96432143
3413_2,0.011687259
8641_1,0.009559399
11587_2,0.049958523
7639_7,0.47110158
8100_8,0.9606575
8151_2,0.012722708
10464_2,0.013020489
2043_3,0.05033063
4454_8,0.79755676
6562_8,0.98087597
8549_8,0.742048
1209_3,0.017442483
2566_4,0.10052487
5871_10,0.9804314
6459_7,0.98215127
11006_8,0.8110782
3313_8,0.9492946
5290_2,0.014392335
9687_1,0.01883313
4165_10,0.9563089
11120_4,0.2143623
3379_2,0.5314526
5814_1,0.76242405
3414_7,0.98102194
7750_7,0.8413048
9727_7,0.9465967
3850_9,0.98087597
5954_2,0.14511536
9685_1,0.013020489
9307_3,0.08035747
8727_9,0.9791955
9746_1,0.021287354
9365_8,0.9875683
3361_10,0.97262347
4554_3,0.016029146
8952_9,0.9861514
4301_1,0.010013569
10764_4,0.31362993
2738_10,0.8272706
3554_1,0.013532149
5724_8,0.43554136
8804_4,0.16451646
468_8,0.98445636
10527_10,0.97887486
5117_7,0.98421544
3390_4,0.7201715
5875_3,0.04177388
10380_7,0.9777139
887_2,0.97462875
2707_8,0.76629364
11371_3,0.3816804
535_4,0.010818449
10700_10,0.8499712
3047_10,0.97821885
5930_3,0.105948284
6044_10,0.9744348
8679_4,0.29502678
2261_10,0.9849274
9577_10,0.9813107
1999_7,0.9757624
6010_3,0.02017732
861_4,0.4951173
4360_2,0.016029146
5373_7,0.08210663
10760_8,0.9207897
12436_10,0.9700135
5149_3,0.1732882
7091_4,0.013742321
5135_9,0.82615143
5552_8,0.8025555
1713_9,0.98571813
11445_4,0.5455884
11146_7,0.9697854
5286_9,0.98527133
10518_1,0.012527932
1122_8,0.9759464
7680_1,0.14033625
11042_8,0.87191176
6336_1,0.014392335
11784_10,0.5841526
8759_10,0.98481095
4362_10,0.98228765
4483_2,0.010169657
7501_8,0.9869795
3516_2,0.010169657
3965_10,0.91789335
4066_8,0.7599387
7802_2,0.06804042
1074_7,0.7078088
4555_3,0.013532149
11477_1,0.015189049
5712_10,0.9658996
1175_8,0.97112906
6283_4,0.022457054
11717_1,0.017176708
8029_8,0.9761292
5794_8,0.95759624
8717_2,0.010013569
10682_10,0.9465967
4610_1,0.032344334
4908_9,0.93045825
8325_2,0.031618766
11330_4,0.044680875
5717_10,0.06804042
11421_3,0.4604102
4725_2,0.01566365
2284_9,0.87536144
12433_1,0.011869121
10799_10,0.68130285
3213_10,0.96641046
10997_10,0.9755769
3482_9,0.98549646
430_4,0.08787644
6524_9,0.9728308
2270_1,0.20055768
6410_4,0.06008665
224_10,0.026155619
10915_8,0.9845754
8882_3,0.606848
3578_3,0.012241275
7696_1,0.3265935
7307_1,0.024423089
10043_1,0.3911733
6380_4,0.1480472
3109_2,0.011331754
398_4,0.55103016
10498_1,0.012722708
3565_8,0.98657167
7844_9,0.95362175
5879_3,0.92683524
5004_1,0.012624948
9347_2,0.06325053
2213_8,0.96323055
3654_8,0.9850429
642_2,0.010328153
9412_8,0.950411
7418_10,0.96641046
2012_1,0.019719128
308_9,0.971779
11695_8,0.9656413
7369_10,0.891055
7363_3,0.029760094
7834_3,0.0973904
7705_10,0.9761292
4554_8,0.97966766
4773_7,0.97324073
11944_2,0.9348725
12303_10,0.8418256
272_10,0.92683524
11678_10,0.9511422
8157_1,0.3475371
1360_7,0.61555016
1702_7,0.8879841
7409_8,0.983343
3865_8,0.95150405
8266_10,0.9826909
3543_3,0.1289633
8542_4,0.016152835
2188_4,0.013020489
7928_10,0.71383077
8271_1,0.01384861
2667_3,0.020023443
136_9,0.92468774
2365_8,0.37364724
9516_1,0.034880888
6205_9,0.9877587
12411_1,0.019568678
10549_2,0.5955219
2114_10,0.9830851
8379_3,0.10894506
1555_2,0.01065251
7010_4,0.4065674
10425_1,0.01461567
2970_10,0.98159516
1976_8,0.967163
4894_8,0.3479801
995_1,0.016403032
12087_10,0.97719735
5002_1,0.014281935
10204_2,0.4164999
7689_2,0.011508149
8685_4,0.79565805
4183_1,0.01384861
7719_7,0.70212173
6350_8,0.98469365
6163_8,0.947381
11247_4,0.4804787
8962_8,0.90665317
7849_9,0.9801293
4177_9,0.9124362
4680_1,0.9686196
10965_8,0.9532751
3534_10,0.9845754
9782_4,0.30694237
9525_9,0.9856076
3743_10,0.83548355
1688_10,0.96909106
4400_4,0.8152325
1660_8,0.38780627
8241_9,0.9859364
1238_8,0.7725307
1081_3,0.011331754
6151_2,0.011331754
6025_8,0.40556642
661_9,0.9019207
5670_8,0.98582757
6122_1,0.4951173
1767_10,0.9834705
5629_10,0.9849274
8256_10,0.8899121
8572_4,0.011687259
11580_7,0.9032942
525_3,0.21272226
2128_3,0.8267118
10254_8,0.9539661
3082_2,0.024423089
7127_1,0.011508149
9927_7,0.05033063
5694_9,0.9518632
8063_10,0.95292586
10768_1,0.023870835
7375_1,0.074231364
6220_10,0.979354
4477_10,0.98445636
1350_8,0.9851576
9354_4,0.97997653
9015_2,0.9339146
719_1,0.01784874
10544_3,0.0894546
4496_10,0.947381
3912_1,0.36116472
10120_10,0.9433476
6958_2,0.0140636265
10964_7,0.7752647
4974_1,0.31827325
5591_9,0.97997653
2295_3,0.17953056
17_8,0.9850429
10442_2,0.70212173
3043_10,0.9666631
5243_1,0.0123361
5145_8,0.9843364
5727_7,0.87621135
3406_10,0.98527133
3552_7,0.9348725
1512_1,0.014392335
9214_9,0.9850429
3060_3,0.2865684
9086_3,0.45731848
10428_1,0.03875619
11198_10,0.82275945
1743_4,0.035144847
7795_10,0.9339146
9863_10,0.86703575
182_3,0.21900325
9644_4,0.46635947
10744_2,0.012527932
3393_10,0.98087597
3657_8,0.9832145
10435_1,0.01065251
9206_10,0.98571813
4005_10,0.9566342
5901_3,0.81227237
498_10,0.971779
9583_2,0.018404892
2336_10,0.9863631
6107_1,0.14903529
7079_7,0.97903574
2769_4,0.3094409
4787_8,0.9837225
11123_1,0.010169657
6466_10,0.9883128
6311_9,0.9591543
1236_7,0.9730365
3635_9,0.9884919
1230_2,0.010986943
8721_7,0.95150405
7878_3,0.030908957
11731_7,0.63860995
8732_8,0.98187524
8083_8,0.9658996
3146_1,0.031143833
11395_10,0.97134733
2998_2,0.0094125895
3766_4,0.052618954
353_3,0.012722708
8688_7,0.9005298
6137_10,0.9722044
11950_3,0.063714996
5663_1,0.013532149
1108_3,0.013742321
10425_10,0.9615338
913_10,0.9462003
7852_8,0.8311431
14_1,0.01461567
12062_1,0.012527932
1162_1,0.01214717
8648_10,0.75851065
10605_10,0.9787127
1091_1,0.09947021
7723_8,0.5097644
5474_8,0.9814534
8308_1,0.011331754
9586_8,0.37113664
5317_4,0.02576056
11283_8,0.031618766
9575_3,0.020645931
8846_9,0.7520126
8756_1,0.018689308
7973_4,0.39420095
9845_3,0.012241275
11335_9,0.9840936
456_8,0.94891727
378_1,0.013742321
9176_1,0.01395571
6371_10,0.91964257
3152_10,0.94966936
7441_4,0.011508149
10123_4,0.017309094
6777_1,0.14033625
7479_1,0.02517884
5563_1,0.01048909
9076_7,0.9697854
11744_1,0.022457054
1040_4,0.01048909
920_1,0.011597362
3599_4,0.01384861
9629_3,0.85536855
12346_1,0.24400252
4237_8,0.7581527
6596_10,0.8872046
11576_1,0.01243165
1140_1,0.01395571
2945_8,0.27512974
7518_9,0.53679854
3435_1,0.011961098
8219_3,0.04672496
6758_10,0.98677725
484_8,0.97754294
10012_1,0.01243165
718_10,0.97754294
12293_7,0.9546474
6241_3,0.06233104
10635_10,0.7981868
2563_1,0.01214717
7682_10,0.97737074
4993_7,0.97462875
12153_4,0.10052487
8559_7,0.48072246
9700_4,0.68763
660_2,0.16344546
11457_4,0.013325147
7146_1,0.09704755
3771_2,0.23792991
8333_3,0.23722236
11740_7,0.9207897
7035_2,0.14657521
7054_1,0.012527932
12292_4,0.02145073
8881_4,0.43038675
7264_8,0.9849274
11168_1,0.0153063545
1145_9,0.9869795
781_9,0.9785493
5694_4,0.031143833
2637_10,0.971779
5812_8,0.575916
6335_10,0.9724148
10491_3,0.01243165
4684_2,0.011508149
3810_2,0.016529558
12264_3,0.021615336
8018_10,0.89552265
12185_10,0.79692537
3959_3,0.6370308
9829_7,0.9850429
4694_4,0.5657786
3884_1,0.020645931
8027_10,0.98159516
743_2,0.011331754
7036_1,0.022286188
3081_1,0.018546565
4606_10,0.67661995
503_2,0.22337706
6989_10,0.9795114
10059_1,0.020023443
1380_9,0.8749346
3247_1,0.076407686
6308_8,0.9825575
1592_2,0.01243165
3167_1,0.0140636265
6357_10,0.97838473
7107_7,0.9073123
5335_8,0.9802808
11948_2,0.012722708
10805_4,0.3015677
638_7,0.9585377
4311_2,0.021125194
11795_8,0.9429286
8031_9,0.9826909
11930_2,0.8272706
7886_3,0.7181993
7253_10,0.9678993
10955_3,0.6178585
10680_2,0.027169231
8754_10,0.7806625
9556_8,0.9697854
3076_10,0.7725307
1544_3,0.122103855
2726_3,0.33567742
8545_3,0.010169657
3175_3,0.010986943
2864_9,0.22884513
547_4,0.036493763
2831_9,0.97684664
5321_4,0.1561049
4675_8,0.97966766
11787_4,0.011508149
2837_10,0.96124375
7730_8,0.9763105
2309_10,0.971564
9078_7,0.987375
8160_10,0.95531917
7824_1,0.009859855
9926_8,0.31997073
3507_1,0.531027
5878_3,0.1732882
6708_4,0.30860683
1096_3,0.019870715
4556_8,0.92788786
3667_10,0.45950055
9565_3,0.1666754
4737_9,0.94776917
12134_1,0.16398025
9413_7,0.97684664
1002_9,0.95150405
4889_4,0.94891727
3453_1,0.040237945
2763_2,0.013742321
8248_8,0.85342485
1881_1,0.18594718
3528_10,0.88363826
3630_1,0.79182106
11390_10,0.9863631
3991_8,0.6654106
7650_8,0.7102265
4527_8,0.9722044
10307_2,0.86060363
8872_4,0.01678549
1741_10,0.9697854
12170_9,0.9623913
11196_4,0.4192764
5524_10,0.7162186
1926_3,0.03461884
1279_8,0.8044059
1444_8,0.79438496
8975_8,0.9142907
7157_10,0.9859364
11973_2,0.010013569
7022_1,0.8976953
6939_10,0.19072402
6732_9,0.24041776
3689_1,0.044680875
10228_1,0.013428254
6314_3,0.044348583
4285_8,0.5095203
10086_10,0.8333246
9899_1,0.01384861
7556_10,0.17217186
12299_3,0.029535338
11872_3,0.708616
4257_1,0.06705628
3028_7,0.04813677
2545_10,0.9871788
8036_4,0.37501958
5948_2,0.014842417
12113_1,0.021125194
1738_4,0.22644134
9808_10,0.5884162
2629_4,0.6077796
12003_9,0.55807114
6725_8,0.77932185
5383_8,0.891055
12097_1,0.017045317
11402_9,0.9757624
3877_3,0.029090757
3765_4,0.33415473
11431_7,0.9871788
7419_3,0.060975183
9844_8,0.47560534
9753_1,0.01384861
12377_1,0.9532751
2775_10,0.7233095
11106_1,0.014957086
10015_8,0.86522406
9473_9,0.98159516
3633_9,0.98159516
9022_8,0.96538115
608_1,0.011869121
10724_1,0.010328153
1059_10,0.9719925
8413_3,0.014957086
2013_1,0.04177388
2814_10,0.95362175
9166_4,0.5904546
6566_7,0.52299404
9352_10,0.70416015
8123_1,0.014172365
10825_3,0.011419616
3735_8,0.94458723
7595_2,0.009859855
4946_1,0.083890386
8327_9,0.9688562
5140_2,0.02931223
10986_1,0.010818449
7385_8,0.090092994
3722_1,0.011869121
9799_2,0.11838509
1288_8,0.90665317
8089_1,0.099820666
11279_4,0.8031738
4845_10,0.9853843
8354_8,0.9839708
1373_10,0.018978037
5431_7,0.79502225
1245_2,0.01065251
11429_7,0.97821885
11606_4,0.10017222
4192_10,0.027795624
3443_1,0.014172365
4957_2,0.8000679
4971_8,0.95430803
913_1,0.037608635
10311_10,0.9840936
10558_9,0.9839708
304_10,0.9719925
7499_9,0.9843364
6529_10,0.97520185
2069_10,0.9798227
1366_10,0.97324073
10303_3,0.021615336
4476_8,0.98187524
8032_10,0.9507779
8392_8,0.6504673
10158_9,0.9801293
10886_7,0.92359227
1789_2,0.01214717
3113_1,0.0140636265
7713_1,0.010328153
2685_10,0.9825575
9760_10,0.9851576
12401_10,0.98087597
2489_10,0.9700135
6382_1,0.015906392
2352_2,0.012920473
9440_1,0.011508149
10695_10,0.9603612
7297_8,0.6448963
11703_4,0.12085323
4733_1,0.04304285
1769_4,0.38052872
12219_7,0.91550726
1725_1,0.01812472
1711_8,0.037892424
7466_8,0.9522199
6987_10,0.96814114
12351_1,0.010328153
4929_10,0.98527133
10281_4,0.016914913
11555_7,0.87621135
2075_9,0.86748546
755_10,0.81815636
11705_8,0.93991333
1434_10,0.9795114
6189_7,0.6318215
3645_7,0.8025555
2963_9,0.983597
3487_9,0.9826909
6368_7,0.70821255
2240_1,0.02211659
10126_9,0.9722044
5366_1,0.24544656
8058_10,0.9284088
10746_8,0.9219218
4852_3,0.016403032
5371_7,0.7725307
303_2,0.70456684
7169_4,0.35131106
4284_3,0.16940589
7539_2,0.013428254
11410_1,0.33155245
4710_2,0.063714996
7660_1,0.7749242
10378_8,0.7412996
10580_10,0.97838473
4295_1,0.01883313
4433_1,0.05582314
6959_9,0.9826909
6769_4,0.023870835
11996_1,0.010013569
10341_7,0.19132768
2337_1,0.01395571
11119_8,0.9801293
4228_2,0.14560063
3680_1,0.020488555
11256_1,0.012527932
1884_7,0.97821885
4750_8,0.96405166
4890_3,0.97997653
7159_10,0.9845754
10622_1,0.012527932
11753_1,0.14854057
8352_10,0.97903574
2188_9,0.9851576
6913_9,0.8524448
9193_1,0.0094125895
9572_4,0.017176708
5136_2,0.029090757
4799_2,0.01065251
5045_8,0.9635062
9538_1,0.010818449
1565_4,0.26095408
12134_7,0.9334308
1437_8,0.90397453
5319_9,0.9851576
3709_10,0.9839708
2642_8,0.9549844
11143_9,0.97788346
864_10,0.74761593
9283_3,0.028436033
5089_9,0.97997653
9917_10,0.8238959
3800_7,0.5475246
6074_7,0.98582757
6433_7,0.98571813
6715_1,0.01048909
594_1,0.01065251
2469_1,0.012920473
3155_1,0.8407826
7458_10,0.031618766
2020_1,0.011331754
6921_8,0.97684664
9662_7,0.98102194
9567_7,0.74871993
5187_1,0.014172365
6831_4,0.04885778
7829_4,0.43134466
3868_3,0.5338836
2224_10,0.9700135
12015_1,0.01461567
841_1,0.5222022
224_3,0.013222822
4805_9,0.987375
7513_2,0.44637403
7065_3,0.010169657
6192_3,0.25164768
6075_10,0.98549646
10611_7,0.68215036
10471_10,0.9856076
4198_10,0.2180027
10756_7,0.7185944
11960_1,0.16613355
2885_9,0.9829547
6837_3,0.011331754
1917_2,0.065604836
7143_3,0.030444348
1762_10,0.9600627
12066_10,0.98481095
8410_7,0.17441027
10729_4,0.05223086
6967_3,0.6586371
734_7,0.7397986
1524_10,0.98087597
2479_9,0.19012183
130_4,0.010986943
201_9,0.9832145
6157_9,0.98242307
9362_2,0.0570714
3858_10,0.9167081
9895_10,0.9851576
9953_3,0.016529558
4667_7,0.9079672
1951_1,0.01065251
8724_8,0.9834705
2886_7,0.6675812
7491_10,0.97482115
10403_4,0.59796005
7362_10,0.7879312
9466_9,0.98571813
9079_7,0.9722044
10171_1,0.052618954
9511_9,0.63420355
8775_1,0.01384861
6462_2,0.030444348
3129_2,0.10194652
12461_1,0.018404892
8541_10,0.17384852
4241_7,0.91550726
6533_10,0.024987794
12131_2,0.02211659
11577_4,0.026155619
6063_3,0.012527932
1760_9,0.5353414
3396_1,0.6855286
5385_8,0.971779
7212_2,0.0123361
3522_8,0.91367656
1397_10,0.6383846
387_8,0.97068775
4143_9,0.98282325
9483_2,0.013532149
3250_10,0.97821885
8758_4,0.25164768
7551_10,0.9849274
2068_1,0.10557884
9534_9,0.98159516
11561_8,0.8688268
3083_2,0.013020489
2973_1,0.031858858
6574_10,0.9850429
5442_2,0.013222822
6343_3,0.54673815
6723_1,0.01065251
6252_8,0.56235677
8465_1,0.019124037
1906_7,0.71701187
7492_7,0.81815636
5508_7,0.16830944
5936_8,0.57573336
5086_8,0.06052939
2134_7,0.9032942
8301_4,0.8454327
8423_2,0.10017222
6241_10,0.97423947
8550_4,0.0153063545
3330_10,0.938576
8825_8,0.9678993
8030_1,0.099120855
4884_4,0.15713686
8391_9,0.94815457
9776_1,0.10447732
1389_7,0.96210754
12224_4,0.3807589
2162_7,0.94891727
8490_10,0.9861514
12003_4,0.022286188
11043_3,0.929951
7266_2,0.01048909
4480_10,0.40914702
11954_9,0.9763105
3280_2,0.01883313
8084_2,0.01048909
3913_4,0.024609927
7353_10,0.96124375
3161_10,0.971564
3941_1,0.01243165
7992_9,0.87914675
10742_10,0.97719735
69_10,0.9759464
10415_3,0.011777842
4818_10,0.9724148
5563_10,0.76838577
7018_10,0.9777139
8873_4,0.0111580305
10593_3,0.16940589
12251_3,0.14033625
731_4,0.011331754
1195_10,0.98445636
7337_1,0.01384861
2448_7,0.9585377
4444_2,0.01384861
9223_2,0.031618766
463_8,0.18242551
4335_4,0.01214717
9635_8,0.9167081
8738_4,0.2247353
6724_1,0.021125194
5504_1,0.010986943
10185_1,0.019419348
901_9,0.9825575
10452_8,0.98469365
8289_10,0.95150405
10112_1,0.011331754
9950_8,0.9777139
8644_4,0.2062538
11534_7,0.94417685
5708_4,0.038178276
6781_1,0.011331754
3582_10,0.9871788
4591_7,0.6286354
3327_1,0.5435448
9536_9,0.98677725
3047_2,0.14755519
2830_9,0.9697854
4300_1,0.19436781
4160_4,0.7162186
11783_10,0.97754294
6029_9,0.936285
6907_2,0.044680875
691_2,0.010328153
585_1,0.7106283
11182_3,0.68130285
10433_2,0.0094125895
11201_2,0.29746994
588_7,0.96814114
2522_10,0.9744348
7002_2,0.019271135
2059_10,0.98549646
4925_10,0.77864933
7791_9,0.97997653
6392_10,0.98159516
3305_7,0.97719735
11951_10,0.83169055
12167_1,0.01048909
5814_10,0.9785493
2590_10,0.58130306
10571_3,0.31784958
5452_4,0.029090757
6480_10,0.98173577
11050_8,0.98187524
11523_3,0.063714996
6556_8,0.979354
597_9,0.9845754
4049_3,0.097734325
6652_8,0.9849274
5591_4,0.66257817
12295_1,0.01214717
11478_10,0.9787127
6436_1,0.012527932
2487_2,0.013742321
7520_7,0.93195957
5203_9,0.9813107
6162_10,0.9879462
3840_4,0.06142404
7471_10,0.97462875
5021_1,0.014281935
5593_10,0.25275275
7489_10,0.8969756
1208_10,0.91550726
11983_10,0.95430803
23_4,0.019124037
3622_7,0.84389514
7821_1,0.01627746
9726_3,0.55456704
2890_10,0.9869795
11695_4,0.6238353
3751_10,0.983597
5136_8,0.98215127
8730_7,0.9798227
4341_7,0.022286188
9148_3,0.015189049
6385_3,0.012722708
8560_8,0.5452857
766_2,0.01627746
8847_10,0.7523766
7455_1,0.009708476
3187_8,0.5686554
9683_1,0.011869121
7744_10,0.7090191
11136_10,0.9863631
214_1,0.0123361
2105_9,0.97997653
1265_10,0.7866228
9122_2,0.84389514
9296_10,0.9695556
8107_2,0.013428254
8134_2,0.011331754
3788_10,0.9811669
2429_10,0.9559813
8567_1,0.0111580305
7400_10,0.38098922
1789_7,0.9462003
11098_2,0.017176708
918_10,0.76171577
3389_10,0.9829547
3754_1,0.057918087
8807_9,0.91730267
7900_9,0.9861514
6541_1,0.3098584
981_1,0.022286188
2142_9,0.98282325
1639_1,0.01065251
4162_1,0.017712297
2476_10,0.96267307
9941_4,0.035144847
4020_3,0.011331754
6823_4,0.8413048
6236_2,0.012920473
7793_4,0.321247
7431_9,0.98549646
6864_7,0.5916053
184_9,0.967163
735_7,0.8062431
1673_8,0.98445636
6209_1,0.009859855
4167_10,0.96323055
7854_1,0.27318642
6281_7,0.98159516
3045_1,0.013742321
598_9,0.9787127
5411_10,0.9869795
3781_4,0.016403032
10627_2,0.06052939
11283_2,0.6234915
4594_8,0.7000752
12424_7,0.58906645
6705_8,0.9353465
5274_8,0.037892424
2107_7,0.68320817
10685_7,0.28022227
1992_10,0.95945925
6711_1,0.016403032
1899_10,0.971779
6307_9,0.9881309
5702_10,0.7779754
6865_7,0.9724148
5047_10,0.9780517
2762_8,0.880797
2830_4,0.015189049
9305_7,0.94417685
4358_1,0.03308598
7558_10,0.9843364
8607_10,0.947381
4599_9,0.14706452
5267_4,0.6658453
5667_10,0.966156
10108_8,0.971779
8432_3,0.01065251
845_2,0.026556572
552_2,0.04304285
169_7,0.9683812
12311_1,0.019419348
5884_3,0.01798621
2938_4,0.9230392
11378_7,0.91550726
7337_10,0.98215127
4378_7,0.7620701
4660_10,0.97684664
2461_4,0.22815649
7011_10,0.98549646
9907_2,0.010013569
6134_2,0.047780063
1548_1,0.2798285
157_3,0.054600604
2189_2,0.014728613
9021_3,0.13939638
7699_1,0.013325147
9298_1,0.011508149
539_3,0.2982869
10243_2,0.014172365
8659_9,0.96323055
10748_8,0.82615143
6757_4,0.011331754
7196_8,0.89029425
2579_9,0.888372
5896_10,0.9845754
2308_9,0.9795114
12318_1,0.065604836
12244_4,0.81286734
10131_7,0.94458723
3608_4,0.6592955
10891_10,0.9869795
10517_10,0.96691406
2180_8,0.5919591
2498_7,0.9791955
3382_1,0.010169657
12196_4,0.21766995
7079_3,0.59690315
562_8,0.032836955
984_3,0.89982784
7756_10,0.95791227
11553_1,0.013121271
1880_4,0.22337706
9842_7,0.4855997
795_3,0.013121271
11707_10,0.7033458
8457_9,0.8198933
2483_4,0.031143833
4903_3,0.75346667
12223_2,0.014392335
8418_2,0.014728613
6194_10,0.9863631
3214_10,0.97702265
12208_3,0.07585818
7001_10,0.9688562
8533_8,0.76838577
8236_4,0.020645931
2867_1,0.01065251
7876_9,0.83601975
9640_8,0.9814534
11866_3,0.01065251
4262_4,0.027169231
5711_4,0.79246426
214_9,0.6581979
9641_4,0.07263671
9086_9,0.9761292
12088_2,0.011508149
76_8,0.9744348
1537_10,0.9437636
10510_2,0.011508149
778_1,0.011331754
458_9,0.96405166
12472_1,0.022286188
7914_1,0.34334174
8595_10,0.9863631
7741_4,0.01812472
9056_4,0.015189049
538_4,0.8969756
12049_4,0.65379035
9613_8,0.98187524
7051_4,0.5312094
2549_7,0.68637
12139_3,0.016914913
4006_7,0.61259943
11662_10,0.94165415
497_2,0.011961098
5556_2,0.010818449
8287_10,0.9798227
4712_9,0.9651191
8237_1,0.012821214
4466_9,0.92944044
4141_1,0.019870715
3303_10,0.88759494
5384_2,0.023330767
8494_1,0.012053779
5127_2,0.15869518
6961_9,0.9814534
10856_1,0.027169231
9421_7,0.97344345
3776_10,0.9859364
5958_1,0.018978037
6227_8,0.9651191
10991_1,0.29299974
7996_10,0.98677725
12372_9,0.96182173
1460_2,0.018978037
10183_1,0.010328153
2829_4,0.03308598
9797_4,0.080936715
2988_3,0.013532149
3974_3,0.07211221
11419_4,0.012241275
11472_7,0.7606507
8489_7,0.96641046
11938_4,0.15817435
1057_8,0.9353465
7213_1,0.01065251
2615_10,0.52877676
3101_1,0.02576056
7553_1,0.24113183
10258_1,0.012821214
8551_10,0.97887486
11233_4,0.010818449
2996_4,0.29787827
8670_3,0.03594832
10586_9,0.642881
501_10,0.9837225
11398_9,0.9839708
9223_8,0.9861514
5432_9,0.7272012
7517_10,0.9394706
11616_7,0.96210754
5055_2,0.0111580305
9285_1,0.015543648
5175_1,0.01243165
872_1,0.010328153
8890_7,0.18010665
178_2,0.010986943
10660_4,0.69678426
11461_4,0.7779754
9461_8,0.9079672
3992_3,0.06656919
1173_1,0.01214717
8261_10,0.9840936
10007_4,0.010328153
10751_10,0.9213576
5021_8,0.97344345
10553_7,0.24544656
12464_8,0.9738444
8616_8,0.979354
9697_1,0.03704717
2800_1,0.013325147
521_1,0.011331754
7535_10,0.9329437
4352_9,0.40969306
2246_10,0.98201376
7039_4,0.022457054
10344_4,0.013121271
12195_10,0.9787127
3671_4,0.56985265
1767_2,0.016152835
6536_1,0.011869121
8951_1,0.019870715
12462_9,0.9798227
8489_2,0.071073666
11884_10,0.9851576
8602_1,0.021125194
9229_1,0.012053779
10611_3,0.0140636265
6764_4,0.65379035
2612_1,0.020332353
213_3,0.014957086
1987_2,0.33241874
3082_9,0.96378
10504_7,0.97423947
8862_9,0.88875884
5512_10,0.840259
3198_10,0.9764905
11521_1,0.01065251
9841_8,0.8568123
1781_10,0.9339146
8389_1,0.013325147
10225_1,0.013222822
1403_4,0.17217186
3792_8,0.97997653
4361_9,0.9863631
6579_7,0.97997653
3891_2,0.22405545
10782_8,0.8962514
12290_2,0.3907083
1710_1,0.07263671
5507_7,0.67875296
10523_1,0.027376488
6722_10,0.35543922
3401_10,0.98571813
8079_1,0.01784874
5650_10,0.9666631
1843_4,0.30362853
8228_7,0.77932185
1138_8,0.95362175
7943_9,0.87873113
2219_4,0.010818449
11675_4,0.38491216
7748_9,0.9830851
3859_1,0.02017732
1497_1,0.012527932
2115_10,0.9850429
9622_4,0.029090757
9482_10,0.96182173
9084_2,0.6779006
2744_1,0.011687259
6599_3,0.016403032
10991_10,0.937669
8444_9,0.95257413
1362_3,0.8656789
6820_10,0.9871788
10806_3,0.02479816
5509_3,0.025957355
1939_8,0.74761593
498_1,0.04813677
12238_10,0.24944724
4154_4,0.034880888
11557_1,0.011331754
6658_7,0.98228765
1183_2,0.019419348
3764_10,0.8697146
12421_3,0.011869121
8166_1,0.4553197
88_10,0.9750122
6291_7,0.9130583
4637_2,0.62440807
4194_10,0.9462003
9020_10,0.078078166
9749_8,0.8272706
3308_1,0.012527932
2569_9,0.9832145
9696_8,0.53291136
8680_1,0.01566365
10469_3,0.010818449
6208_1,0.011508149
9862_3,0.755637
7663_10,0.9433476
811_10,0.9804314
5452_8,0.97023994
4347_10,0.94165415
10922_8,0.95430803
10466_3,0.012527932
11650_8,0.9683812
5126_4,0.010818449
3454_8,0.971779
11021_10,0.98242307
1160_1,0.011331754
1948_10,0.9787127
8741_10,0.406862
8996_4,0.888372
11572_2,0.093678
2183_7,0.7053793
1779_9,0.7013041
5466_10,0.9850429
1756_1,0.010986943
7777_3,0.028220987
429_3,0.020332353
1736_10,0.9656413
1746_10,0.9766692
7613_8,0.92944044
4315_10,0.71383077
12186_10,0.96909106
4231_8,0.98445636
659_8,0.9738444
7739_10,0.98187524
43_10,0.9807288
2960_4,0.0226292
11665_4,0.014172365
4399_9,0.9791955
6993_8,0.6548947
6523_10,0.9353465
7068_1,0.0140636265
3005_1,0.9130583
10419_8,0.9863631
3160_2,0.06008665
1881_10,0.30735803
5623_10,0.8322367
2263_10,0.97702265
5736_8,0.9840936
550_3,0.015543648
368_4,0.022286188
9100_10,0.979354
930_3,0.023870835
866_10,0.7213508
11251_7,0.97423947
10708_9,0.70089483
247_2,0.014728613
4080_10,0.91367656
2104_10,0.9863631
8_2,0.02865267
1485_3,0.0111580305
3133_1,0.3263788
331_10,0.98527133
12213_1,0.01798621
2825_3,0.009708476
8316_3,0.04177388
11102_3,0.020023443
9719_1,0.010818449
1951_7,0.90397453
10577_1,0.012053779
9941_9,0.97821885
12246_1,0.014728613
7579_4,0.34997693
7111_7,0.95976204
1068_3,0.020332353
1872_4,0.55763453
834_4,0.96124375
12088_7,0.8962514
7785_3,0.012920473
7364_10,0.97788346
4441_2,0.43147936
3957_10,0.98549646
7789_1,0.09401018
3296_1,0.011508149
6656_8,0.36931512
7366_2,0.027585285
10579_10,0.979354
1292_8,0.95759624
3172_10,0.9829547
4948_10,0.9861514
8690_3,0.09501305
3279_1,0.009268014
7221_3,0.01883313
6376_2,0.019568678
4901_4,0.09170697
1591_10,0.9832145
2905_4,0.42712787
8656_7,0.3115316
10100_3,0.7185944
6918_10,0.92892635
7105_8,0.7291342
8220_10,0.9603612
916_3,0.57755494
7831_8,0.019124037
11118_10,0.9879462
7993_10,0.27125168
2665_3,0.028870907
1680_2,0.021287354
632_8,0.9785493
5838_10,0.9850429
4039_9,0.9719925
309_3,0.080936715
6715_7,0.5151321
9130_4,0.04922211
722_10,0.7588682
9485_3,0.04304285
5421_9,0.6584175
2053_4,0.009559399
8824_4,0.011961098
906_4,0.83867973
4325_4,0.7017131
3131_1,0.17610411
4732_10,0.4386349
7628_1,0.0335895
3903_8,0.93721074
2781_7,0.7898827
2530_1,0.037326884
8740_9,0.9700135
9456_4,0.39166763
8705_10,0.9801293
9894_4,0.09170697
7573_10,0.9403531
117_1,0.010328153
1578_7,0.4765797
2822_9,0.6688803
2544_10,0.98282325
10988_10,0.97737074
9846_3,0.015906392
6242_3,0.036220055
5626_3,0.4804787
4053_9,0.692226
10157_8,0.9736447
10582_2,0.0123361
11091_1,0.02211659
10436_8,0.9834705
3432_8,0.98242307
3007_3,0.70578504
11467_4,0.7574357
9877_8,0.029760094
4839_1,0.013636835
2766_3,0.102664
11528_9,0.97068775
4327_1,0.010328153
8087_10,0.2498131
3394_10,0.98657167
4690_4,0.82893884
11642_8,0.9005298
2603_1,0.015784562
9578_8,0.9241418
8316_10,0.979354
8184_9,0.98527133
9764_10,0.9860443
3248_2,0.011331754
5784_3,0.07585818
3686_1,0.01243165
10901_10,0.8056322
606_9,0.98242307
6887_1,0.14080817
4240_4,0.4183404
977_9,0.9606575
2232_7,0.46295857
4107_8,0.983597
11897_10,0.98242307
10418_8,0.98677725
5274_1,0.055412795
5978_10,0.9764905
6781_7,0.8665848
6704_10,0.9559813
8290_4,0.3484234
9826_8,0.8407826
10066_1,0.05379964
1135_1,0.01243165
6683_9,0.9798227
9991_8,0.8610715
1710_10,0.8529355
4774_2,0.0111580305
3621_2,0.3106944
9258_1,0.009268014
12244_8,0.97838473
401_1,0.010169657
11869_10,0.979354
3092_3,0.020023443
2910_7,0.9635062
961_1,0.63849723
6927_7,0.2432827
4819_2,0.0111580305
658_7,0.6551154
5477_2,0.023153413
7766_1,0.01627746
4159_3,0.012053779
5010_10,0.9830851
11093_3,0.089136936
7287_10,0.9850429
3462_9,0.95362175
1652_1,0.014728613
12077_2,0.0140636265
3798_10,0.8610715
2696_10,0.98228765
2803_8,0.9814534
11941_2,0.015189049
8090_8,0.83815056
6994_4,0.040237945
1242_7,0.9588471
8828_9,0.9606575
1346_1,0.011331754
468_1,0.01048909
3665_4,0.44980043
4476_4,0.24653335
6043_9,0.92359227
5830_3,0.012527932
3159_10,0.96124375
6975_1,0.9837225
7338_1,0.012527932
1424_10,0.92892635
6487_7,0.8221891
3023_7,0.9750122
4749_3,0.5104965
4596_3,0.07978202
4681_8,0.9755769
4235_1,0.014728613
2912_8,0.5254906
6552_1,0.013742321
4329_1,0.029535338
3876_1,0.0715912
9168_9,0.94122344
8747_10,0.8795612
11842_10,0.983597
5612_10,0.8624676
10371_8,0.9600627
4804_7,0.8976953
4914_7,0.98421544
2520_3,0.6356749
8053_3,0.010818449
11302_4,0.012624948
4766_1,0.054198727
1820_4,0.021948254
4668_1,0.015906392
3521_2,0.0111580305
3467_7,0.9777139
1885_4,0.1289633
4206_1,0.013742321
2774_10,0.9785493
12060_1,0.010986943
5664_10,0.908618
7078_10,0.9838472
4797_8,0.9859364
2735_3,0.01395571
7981_4,0.455017
10440_7,0.83004373
11611_7,0.9600627
5553_1,0.016403032
12415_2,0.674265
10807_3,0.014392335
5539_1,0.018264279
9489_10,0.97997653
11053_10,0.9811669
7493_10,0.929951
10400_4,0.113579586
9856_10,0.96765566
6813_10,0.97997653
679_10,0.94966936
7502_3,0.018978037
3842_7,0.9184803
7800_10,0.98282325
4253_9,0.43623173
2103_1,0.020023443
9581_3,0.9329437
7335_10,0.82161736
3304_8,0.7013041
12276_3,0.708616
5451_3,0.022457054
1873_3,0.07531231
5857_7,0.039937317
5423_10,0.9606575
6400_10,0.98228765
6419_3,0.55064136
3775_4,0.01461567
5165_8,0.9348725
6555_1,0.011597362
3806_4,0.01566365
8584_7,0.9429286
5390_7,0.32939172
10965_1,0.017442483
6680_9,0.9832145
5034_1,0.055005286
7718_2,0.010328153
2688_4,0.9813107
9107_2,0.05223086
5993_1,0.010169657
7456_10,0.7527403
8581_8,0.9804314
8852_3,0.016403032
4239_10,0.9811669
9012_10,0.89029425
6661_9,0.979354
6786_10,0.36908767
12257_3,0.01243165
8700_8,0.8250265
8848_8,0.9219218
11377_4,0.105948284
4722_2,0.06754669
8546_9,0.65610766
3091_4,0.05582314
4124_7,0.91367656
10860_10,0.98571813
2684_10,0.9738444
4968_10,0.9795114
10785_4,0.01566365
4871_8,0.97838473
1064_8,0.98527133
9452_2,0.010986943
9965_1,0.022457054
1358_10,0.9563089
12094_10,0.9840936
415_10,0.98102194
8308_10,0.011508149
11112_9,0.94776917
6271_4,0.012241275
7324_8,0.8484707
7950_8,0.937669
8880_3,0.0140636265
5610_7,0.9407897
3918_8,0.9785493
7209_2,0.013636835
4916_10,0.9728308
6782_3,0.09170697
5607_3,0.028220987
5492_10,0.9805807
2824_3,0.012920473
1533_10,0.97520185
9663_9,0.98242307
11087_3,0.0111580305
3360_1,0.01507263
12040_1,0.17781086
329_10,0.9863631
4819_7,0.26020145
11985_8,0.9284088
6491_4,0.18653922
7151_10,0.98469365
6807_10,0.98677725
3353_10,0.9585377
3592_10,0.971779
928_10,0.19012183
3100_7,0.8000679
7390_3,0.014728613
8466_8,0.44800362
777_10,0.9859364
10007_10,0.96210754
7673_1,0.018689308
8255_1,0.91490096
3734_8,0.9588471
6217_10,0.33502442
2264_1,0.47816333
7637_7,0.9656413
3494_3,0.01461567
1012_1,0.027169231
9796_2,0.0226292
444_2,0.010169657
10968_8,0.85145944
8328_10,0.971779
2417_8,0.9053223
253_3,0.01883313
3740_8,0.98228765
5904_3,0.74539834
6664_8,0.8365546
12027_1,0.0094125895
8658_10,0.8620035
4505_1,0.010986943
1008_10,0.9053223
7922_3,0.016657041
655_10,0.9462003
6383_10,0.96765566
5868_1,0.01384861
7827_10,0.9736447
722_3,0.1480472
3933_4,0.40727445
1358_3,0.36477757
8939_8,0.97112906
9502_10,0.95945925
4798_9,0.98187524
7088_3,0.0269635
9904_3,0.011777842
11214_2,0.013428254
11293_8,0.2146914
11924_10,0.98102194
6168_8,0.98571813
4329_10,0.9697854
10345_3,0.013121271
5512_3,0.063714996
1291_1,0.011869121
7568_3,0.014281935
2747_4,0.0570714
7484_1,0.009708476
3915_2,0.020332353
8527_4,0.010818449
4686_10,0.9465967
6909_1,0.016403032
10587_10,0.27048022
9167_8,0.97997653
4739_4,0.01566365
6266_4,0.23231015
6155_10,0.9883128
11409_9,0.15052764
3874_7,0.5151321
7049_3,0.24113183
11158_2,0.0111580305
5714_10,0.9801293
11248_1,0.011331754
8854_3,0.87234735
3191_4,0.7237002
5537_7,0.87873113
4919_7,0.9585377
8109_9,0.97821885
7476_4,0.43653196
5890_10,0.9861514
5837_10,0.9840936
2623_9,0.96405166
5033_1,0.024237636
12055_8,0.983597
8420_4,0.31362993
5854_10,0.97821885
9631_7,0.8697146
11705_3,0.013532149
3869_7,0.9780517
10836_9,0.96295285
7027_1,0.025565214
55_4,0.02211659
11124_8,0.98159516
3533_3,0.011961098
1552_10,0.9877587
11307_1,0.013020489
11974_7,0.7772999
7246_3,0.056652423
10648_3,0.010818449
11991_10,0.35745537
10494_8,0.9539661
8109_1,0.01065251
4764_1,0.014281935
3527_1,0.0153063545
4059_9,0.97966766
3729_4,0.010818449
5073_4,0.95759624
4984_9,0.96267307
2371_10,0.908618
9597_10,0.97539
10823_9,0.9761292
3123_10,0.9407897
2951_10,0.95759624
9800_1,0.012722708
1824_3,0.540742
6238_2,0.9032942
8830_9,0.86293024
12355_8,0.62589556
4002_10,0.98866826
405_10,0.11596072
4314_1,0.49316448
9201_10,0.9843364
10466_8,0.9465967
3736_2,0.024053553
1641_10,0.9763105
3381_1,0.012821214
11711_9,0.97068775
4970_3,0.4288911
6958_10,0.9850429
646_9,0.98102194
3590_9,0.9826909
7218_9,0.8962514
5091_10,0.98481095
8820_2,0.013636835
3938_8,0.71102977
2616_10,0.092687786
7808_1,0.01065251
3508_10,0.95257413
8974_8,0.9697854
4383_4,0.88759494
6360_4,0.56517875
2759_8,0.94208187
7417_1,0.019419348
10880_1,0.1727293
5488_2,0.014728613
8015_9,0.9433476
6484_3,0.010818449
10117_1,0.009708476
11363_1,0.010328153
3334_7,0.9600627
3369_7,0.14755519
9609_1,0.011508149
8396_10,0.96765566
8267_10,0.96124375
10335_7,0.97023994
1973_4,0.5431965
7123_10,0.967163
6949_9,0.98549646
10652_4,0.0460339
10256_4,0.013636835
4557_9,0.9838472
8929_1,0.10194652
2429_1,0.019568678
3994_1,0.011687259
11454_7,0.045015533
11874_4,0.13251455
4891_3,0.17953056
2216_7,0.94122344
2039_4,0.041462272
505_1,0.027585285
313_1,0.012527932
3383_2,0.46077412
9453_7,0.01627746
426_9,0.9092645
311_10,0.98421544
11291_10,0.97520185
835_8,0.95565146
2143_9,0.9390248
8200_2,0.051462766
11716_2,0.9859364
3786_2,0.5907202
3818_4,0.011508149
12106_1,0.015424551
2605_4,0.017712297
10518_7,0.7291342
3932_8,0.648689
7515_4,0.1877276
9857_10,0.4568338
449_3,0.81757444
3573_9,0.9829547
10198_8,0.53157413
2286_9,0.9787127
6906_3,0.018264279
3807_2,0.10374863
11602_8,0.9511422
10201_7,0.96691406
8717_8,0.9826909
10411_10,0.97997653
11099_3,0.19314738
5619_10,0.7541916
9252_10,0.9807288
6097_10,0.98677725
6467_1,0.27943507
2757_2,0.031618766
1869_10,0.97068775
5192_2,0.14080817
11399_10,0.9688562
898_3,0.023870835
6820_2,0.3380771
768_2,0.012624948
1783_10,0.8392076
8102_9,0.9559813
7818_2,0.23545979
2444_10,0.8524448
3965_4,0.0145035805
7086_4,0.9184803
10556_3,0.519887
5221_1,0.5930202
4322_10,0.98201376
7371_1,0.009708476
1318_8,0.8697146
8142_3,0.032836955
3413_10,0.9390248
3845_9,0.9759464
7323_1,0.017309094
5273_3,0.08269735
11812_4,0.30321574
5737_7,0.844409
7260_2,0.01784874
5018_3,0.031143833
7779_10,0.98549646
894_7,0.7150262
11940_3,0.03410043
2471_7,0.9804314
6605_10,0.95292586
282_10,0.8749346
12402_3,0.0894546
7974_1,0.013636835
12280_7,0.97090924
10917_2,0.013532149
12164_1,0.024237636
3181_1,0.018264279
11240_1,0.0715912
11255_9,0.9092645
2318_2,0.024423089
4976_7,0.9693242
1822_8,0.9591543
11724_7,0.9532751
3499_3,0.141756
9439_9,0.60708094
5469_10,0.9462003
7612_9,0.983343
3947_8,0.98242307
11269_1,0.012053779
5771_8,0.938576
4461_8,0.96432143
5683_9,0.9777139
639_1,0.01048909
9896_3,0.91730267
5131_8,0.9213576
5961_3,0.23231015
5741_2,0.011869121
6418_4,0.94458723
5416_1,0.010169657
3114_7,0.97997653
3587_3,0.01214717
5472_10,0.98549646
9802_9,0.9755769
4313_3,0.78464925
2921_7,0.97423947
11468_8,0.7666432
12250_10,0.9429286
3481_10,0.9105454
2067_2,0.009268014
8574_4,0.017045317
861_9,0.9801293
10381_2,0.01395571
5479_1,0.7988153
1107_9,0.9500415
4475_1,0.01048909
469_2,0.6905591
605_4,0.013121271
2182_1,0.030214587
9401_7,0.97788346
2518_8,0.93195957
5329_8,0.9606575
3202_1,0.013020489
256_4,0.5591396
7235_3,0.01065251
4661_3,0.26322046
11045_1,0.027795624
1417_4,0.06656919
4186_10,0.81167597
985_4,0.0140636265
6553_1,0.015906392
3118_1,0.014728613
3297_1,0.06754669
5843_10,0.89368117
7645_7,0.86613256
11958_1,0.01048909
10823_3,0.03704717
5097_4,0.15974104
4344_10,0.9881309
5442_8,0.7545535
11969_10,0.7567173
7015_10,0.9804314
1419_4,0.7248703
914_1,0.013222822
11911_8,0.026759284
5930_8,0.67832696
3853_10,0.98159516
9404_1,0.01395571
207_9,0.9861514
2018_1,0.017442483
11192_7,0.9777139
6679_4,0.2905781
1184_3,0.011331754
3291_10,0.9832145
12323_9,0.9394706
7524_1,0.011508149
443_8,0.98282325
7964_1,0.012624948
730_1,0.010818449
8969_7,0.9167081
8581_3,0.5
12152_4,0.011597362
4528_10,0.95791227
5984_2,0.015906392
4446_10,0.97997653
7039_8,0.9549844
591_8,0.9845754
6869_7,0.7718435
1836_7,0.9860443
4183_10,0.88363826
8590_1,0.017442483
5647_10,0.79117644
11076_10,0.9603612
11241_1,0.01214717
876_10,0.9802808
8390_1,0.010013569
1462_9,0.9787127
8362_7,0.059646945
3400_1,0.01243165
2318_8,0.966156
5389_4,0.55404824
8617_4,0.01757688
9200_10,0.94208187
8878_10,0.9763105
12110_1,0.9161096
9101_10,0.9730365
4967_3,0.1789559
12436_1,0.011331754
8845_4,0.19193278
3420_4,0.908618
7428_7,0.9591543
11769_10,0.9500415
7025_1,0.4291602
1561_10,0.89256257
3704_1,0.0123361
3529_8,0.908618
12234_4,0.13614832
10600_3,0.01507263
1028_4,0.2877678
6764_10,0.9838472
1815_2,0.30777395
10953_4,0.010328153
2809_7,0.92468774
8393_10,0.8984106
2743_1,0.585516
10711_10,0.9777139
6173_10,0.98173577
9664_7,0.8749346
6335_3,0.020332353
1665_4,0.014392335
4174_10,0.9757624
2038_1,0.45423004
3717_10,0.9184803
9361_10,0.94966936
415_1,0.016914913
1460_9,0.9801293
5915_4,0.5914283
7187_3,0.011508149
11050_1,0.019870715
8822_10,0.96182173
12407_1,0.010986943
4543_2,0.013020489
10560_9,0.9863631
9108_10,0.98215127
2999_9,0.9219218
1703_7,0.97068775
206_2,0.010013569
2095_3,0.012527932
6454_8,0.983343
2773_1,0.009708476
6252_1,0.018546565
2848_7,0.20817894
6887_10,0.9859364
8660_1,0.014728613
1675_9,0.97821885
9842_1,0.01627746
9118_10,0.937669
5793_4,0.11920291
941_10,0.9805807
8832_1,0.047780063
7584_3,0.06656919
9746_10,0.9693242
1965_10,0.9105454
5346_10,0.97324073
9738_4,0.41810283
5905_9,0.97324073
336_1,0.020023443
5621_1,0.010328153
5976_10,0.98646784
3000_8,0.8895288
5172_7,0.98549646
311_3,0.01461567
2035_4,0.93674946
6084_10,0.950411
7284_9,0.97023994
6449_8,0.94458723
8671_3,0.010169657
636_9,0.86385167
11330_8,0.9777139
1300_1,0.29178742
11538_1,0.018264279
5159_3,0.01798621
3742_9,0.9869795
11281_9,0.39490083
4128_1,0.6293191
4382_7,0.87450653
862_3,0.036493763
5941_8,0.966156
8576_3,0.62337685
10570_1,0.013325147
10682_3,0.26473838
12497_10,0.9462003
2026_7,0.9572778
9657_10,0.9859364
999_8,0.9263037
1664_2,0.81815636
1795_8,0.6675812
4280_4,0.8433798
952_10,0.98187524
4725_7,0.9863631
8162_2,0.01065251
10062_9,0.7581527
4719_10,0.9840936
10388_4,0.43776345
6183_9,0.97090924
3703_8,0.9877587
11259_4,0.01784874
8578_8,0.98282325
12040_9,0.987375
6500_7,0.96741027
3473_10,0.9830851
11784_4,0.18068421
613_10,0.9761292
4631_1,0.27590945
2426_10,0.7252596
7088_7,0.9348725
5851_7,0.9651191
3904_2,0.010328153
1329_7,0.6076632
2160_7,0.69637144
4796_10,0.96323055
8760_1,0.14903529
7859_8,0.8204695
4251_10,0.96765566
8143_4,0.01757688
11713_9,0.97997653
5037_10,0.98215127
9621_7,0.94815457
2600_10,0.97788346
2027_1,0.01048909
8225_1,0.023330767
12463_10,0.5924308
7842_8,0.8110782
4768_2,0.1877276
2644_1,0.0123361
4193_7,0.8134608
5150_7,0.7648916
5942_7,0.97520185
8293_1,0.01883313
6046_10,0.06325053
12148_9,0.98187524
966_10,0.068537496
6428_8,0.98215127
12465_2,0.01243165
342_10,0.039342504
9246_4,0.009859855
8683_4,0.29017562
627_7,0.67362124
5614_4,0.47840697
4546_3,0.02178117
4384_1,0.013020489
3144_1,0.029090757
9530_10,0.026759284
10558_4,0.013636835
619_1,0.015189049
11594_9,0.908618
6511_7,0.94458723
8351_7,0.8407826
9163_3,0.07316472
12078_1,0.010986943
5489_8,0.96485513
4191_1,0.12678517
2373_10,0.0987726
8664_4,0.72056496
4556_2,0.026556572
9004_8,0.98421544
1357_4,0.011687259
152_10,0.9777139
2977_1,0.010818449
8812_1,0.014842417
8544_4,0.011687259
4821_2,0.14706452
7874_8,0.67319167
1689_1,0.031143833
9654_1,0.013636835
9363_2,0.024237636
8959_1,0.013742321
6113_1,0.79755676
10702_1,0.1431877
1839_4,0.024987794
10587_1,0.012821214
11715_3,0.93721074
12252_8,0.9693242
9480_3,0.011687259
6438_1,0.057918087
3762_9,0.979354
5350_10,0.92683524
3927_9,0.96765566
9598_2,0.54576993
3930_3,0.009559399
6647_1,0.011869121
9251_10,0.9798227
5926_2,0.065604836
11530_8,0.9764905
1625_3,0.33567742
10515_8,0.3979384
11185_10,0.9656413
8675_10,0.97966766
3701_1,0.032100707
9222_10,0.98481095
6253_10,0.8940517
4657_7,0.844409
10013_9,0.97788346
4938_10,0.98242307
3073_10,0.94776917
9081_8,0.9845754
6928_8,0.96641046
217_3,0.012241275
2927_3,0.037326884
2379_1,0.01395571
10476_2,0.6719013
8640_10,0.9814534
2810_3,0.29992473
6433_1,0.014172365
6390_10,0.40380195
11829_8,0.6897238
7581_10,0.9832145
11836_3,0.017442483
2794_1,0.16398025
5263_1,0.026556572
1041_10,0.9850429
7296_1,0.4290705
10557_8,0.9458012
5339_9,0.844409
4766_8,0.9843364
8126_3,0.13161905
9876_2,0.011508149
2443_4,0.013532149
10179_10,0.94699025
6211_3,0.014281935
925_10,0.9429286
5050_8,0.9861514
1891_10,0.9801293
4767_3,0.06903793
11625_10,0.97788346
3388_2,0.014842417
4908_3,0.12940274
11205_9,0.967163
2228_10,0.8774768
11236_1,0.06142404
2367_10,0.7833262
5060_3,0.08449275
3292_1,0.02145073
11282_2,0.034358688
5307_10,0.987375
6963_4,0.02211659
1319_10,0.96295285
9660_1,0.031858858
7254_9,0.9839708
9441_10,0.9843364
3838_4,0.3944342
6209_8,0.6645403
3049_9,0.98549646
3033_4,0.8305941
784_4,0.011508149
3921_3,0.012527932
9196_8,0.94165415
7652_3,0.9046505
11650_1,0.009859855
1548_10,0.76100606
10770_7,0.9559813
3283_9,0.97737074
1567_1,0.03904829
10405_4,0.021948254
6980_1,0.010169657
12218_4,0.08694165
5250_10,0.9879462
11977_10,0.98527133
10602_2,0.014728613
11178_10,0.9757624
9590_10,0.8349459
1260_10,0.97134733
8367_10,0.9830851
2571_7,0.23934935
7422_1,0.013742321
5486_7,0.074231364
2282_8,0.9492946
6119_2,0.02931223
1433_8,0.9603612
12365_4,0.12808825
10535_3,0.019271135
5464_1,0.02145073
9983_7,0.9750122
10209_7,0.9161096
3777_1,0.72758853
12443_10,0.9766692
1488_4,0.76559335
8670_9,0.9500415
1258_10,0.98549646
9_7,0.97754294
12175_9,0.9830851
211_10,0.31531414
6329_7,0.96267307
8866_10,0.9693242
5911_9,0.98481095
6100_1,0.019271135
6342_9,0.36886027
5455_4,0.88038635
1215_1,0.6934729
11020_3,0.010328153
7975_1,0.013636835
6720_2,0.011331754
8986_10,0.98087597
4874_9,0.92788786
7204_1,0.0094125895
2612_10,0.8086723
6923_9,0.9843364
5742_10,0.9582261
5044_3,0.70740473
5013_9,0.55522424
9752_8,0.9840936
1112_8,0.95430803
10925_8,0.9805807
7012_4,0.06325053
11484_10,0.8940517
883_4,0.937669
2398_10,0.98571813
8990_8,0.28378138
1194_10,0.9324533
2313_1,0.032836955
9584_1,0.010986943
11638_10,0.9861514
5995_3,0.011869121
4456_10,0.979354
321_1,0.9559813
7147_1,0.61970145
10212_4,0.012053779
7960_10,0.98866826
8022_7,0.971779
11649_9,0.9759464
8442_8,0.8872046
8976_1,0.018404892
9199_10,0.9871788
8925_10,0.9656413
3079_2,0.011961098
7727_10,0.9791955
2338_1,0.011687259
3221_2,0.010013569
288_7,0.87914675
7150_10,0.96485513
7520_1,0.012241275
11477_10,0.9161096
7765_9,0.97262347
10062_4,0.012053779
10616_10,0.8844391
10592_8,0.96182173
6745_4,0.074231364
7912_2,0.01243165
1130_8,0.9334308
11096_4,0.692226
10081_1,0.22067817
3808_10,0.9600627
394_4,0.026155619
7080_3,0.032836955
4479_10,0.66519314
11417_7,0.5447257
8402_3,0.4063907
6669_9,0.8795612
1494_10,0.8940517
7980_3,0.015424551
11366_10,0.96267307
7566_1,0.01566365
3778_1,0.028220987
317_2,0.010818449
8475_7,0.92468774
11012_2,0.38931432
11936_4,0.4907237
145_9,0.84286314
11427_1,0.013636835
2204_1,0.015906392
3373_8,0.8749346
4640_4,0.9425068
521_7,0.9507779
2871_2,0.2498131
9823_8,0.83867973
5893_1,0.042403832
8541_2,0.013742321
3403_3,0.14953136
8660_9,0.9724148
7046_3,0.01627746
338_1,0.012053779
9541_1,0.014172365
12179_7,0.8828326
9663_3,0.21667379
6948_3,0.01798621
10308_10,0.9837225
11027_10,0.96210754
6174_3,0.011777842
10151_8,0.97684664
10665_1,0.01243165
6453_2,0.036220055
3619_2,0.014842417
3114_1,0.15869518
1309_2,0.01243165
8468_1,0.016657041
8292_10,0.98282325
1955_1,0.0335895
4498_9,0.98201376
8075_9,0.9603612
10528_8,0.82275945
253_10,0.9807288
9467_4,0.03308598
4018_10,0.9881309
2644_10,0.98469365
7240_7,0.96295285
10929_7,0.52366394
9743_10,0.86613256
4641_3,0.021287354
5711_10,0.97702265
4912_2,0.0153063545
455_1,0.011961098
2749_8,0.6502452
8780_8,0.87147486
2626_10,0.9845754
11745_2,0.01048909
6952_8,0.9875683
4645_2,0.021125194
10372_10,0.9329437
4282_2,0.021287354
2195_1,0.011331754
11058_3,0.025565214
9507_4,0.9563089
389_10,0.9124362
4388_10,0.9566342
9540_1,0.013636835
6610_4,0.44444424
8796_10,0.9830851
3746_1,0.010328153
11083_1,0.011331754
9901_1,0.01214717
4165_1,0.013222822
8928_9,0.9859364
8173_10,0.98481095
5161_1,0.039342504
11458_4,0.02350945
11206_9,0.56313777
3532_7,0.9518632
5088_1,0.02931223
11699_8,0.9012275
10114_2,0.010986943
8626_9,0.70740473
6702_2,0.012241275
3504_1,0.019719128
3353_4,0.62291825
6960_10,0.9683812
5529_10,0.9787127
5510_9,0.9130583
1868_10,0.9433476
11166_10,0.684053
8411_2,0.0111580305
9561_10,0.92788786
11290_2,0.042722195
1167_4,0.2934045
9577_3,0.56892484
1496_10,0.9859364
3042_10,0.983597
4021_4,0.036493763
6643_10,0.96267307
806_10,0.9832145
1520_2,0.010169657
11133_10,0.96182173
2783_1,0.02576056
9570_10,0.9582261
2349_3,0.053009775
2242_9,0.38098922
6113_10,0.9738444
2153_1,0.0123361
9167_3,0.13799646
156_3,0.7981868
10607_7,0.97462875
4270_4,0.010818449
4713_1,0.012920473
2895_7,0.9073123
8240_1,0.009559399
12241_2,0.013121271
2919_10,0.9859364
11110_2,0.021948254
4502_8,0.8727817
11957_1,0.01065251
12338_2,0.023330767
2474_1,0.018264279
781_4,0.011331754
7528_1,0.015784562
3252_2,0.010328153
6778_8,0.56457865
3149_10,0.9825575
436_4,0.012053779
2586_1,0.122103855
3610_8,0.8548847
4392_10,0.9764905
8914_1,0.013428254
2197_1,0.010986943
3323_10,0.983597
975_4,0.034358688
9407_3,0.02576056
12005_7,0.9730365
1911_1,0.039342504
3956_10,0.9875683
1441_8,0.9603612
10787_3,0.0460339
4569_10,0.9859364
11685_10,0.8895288
7810_10,0.9693242
3951_3,0.01757688
6050_10,0.24006124
2758_2,0.02145073
2664_10,0.9829547
1537_2,0.012920473
7988_1,0.047074176
6090_10,0.9184803
11509_10,0.908618
2227_3,0.141756
865_3,0.02576056
7138_8,0.9744348
7924_8,0.93721074
10104_1,0.01065251
3917_2,0.017442483
169_4,0.01395571
8630_7,0.9606575
7895_7,0.7711549
5485_10,0.97966766
8390_8,0.0715912
11497_7,0.9688562
8964_3,0.054600604
4647_4,0.26971015
12231_7,0.87914675
9634_4,0.7367796
8582_10,0.9863631
9237_4,0.37868884
2847_8,0.9458012
10940_1,0.010328153
2990_10,0.9838472
8377_8,0.41786525
1206_3,0.76454014
11719_9,0.9437636
7003_1,0.32852945
8012_4,0.022286188
2572_10,0.94539934
4126_8,0.9666631
9190_8,0.2271263
9625_8,0.9801293
4706_10,0.7248703
8697_2,0.06705628
435_7,0.97719735
81_3,0.6686639
6713_8,0.7201715
5840_10,0.9802808
5671_8,0.9263037
5064_3,0.011869121
1149_3,0.011508149
12324_10,0.987375
6705_1,0.02096424
243_9,0.97023994
306_10,0.89256257
7134_3,0.023330767
3227_10,0.9863631
1363_10,0.95976204
5134_9,0.2905781
5269_1,0.038178276
10915_4,0.027795624
7591_2,0.120438814
2326_2,0.18594718
688_4,0.03904829
878_10,0.9805807
10245_9,0.98228765
7388_2,0.037608635
4304_1,0.01065251
6752_10,0.9449947
6881_8,0.97966766
10230_2,0.016529558
6901_1,0.020023443
441_10,0.983343
4743_4,0.01883313
6228_7,0.021125194
2563_7,0.89982784
6237_1,0.009708476
8619_3,0.04115289
2749_4,0.9755769
12355_3,0.028220987
4915_2,0.053009775
12234_7,0.9403531
3756_4,0.04115289
10051_8,0.9059898
5068_9,0.9686196
7767_10,0.9863631
12069_1,0.42893592
10634_3,0.020804489
2787_1,0.01065251
5281_1,0.07978202
1496_1,0.0715912
8963_4,0.015189049
983_7,0.5548022
8337_4,0.010169657
783_1,0.017712297
9939_8,0.8327813
6507_8,0.9738444
3488_4,0.0894546
9304_9,0.83548355
8664_10,0.6105696
2722_10,0.9861514
7716_10,0.8370879
8512_4,0.60626537
6002_7,0.9851576
1213_3,0.9532751
6351_7,0.987375
3049_4,0.037608635
10897_4,0.024423089
1936_4,0.21206881
12368_9,0.96095175
10982_1,0.01798621
4116_4,0.01798621
8243_7,0.13161905
11506_2,0.031143833
291_3,0.012821214
7745_1,0.0140636265
12190_9,0.9437636
7068_10,0.93439513
9649_3,0.26473838
773_1,0.16238004
1727_10,0.9871788
346_2,0.8656789
4629_9,0.8152325
2509_1,0.071073666
3664_3,0.07369626
1024_9,0.9838472
9514_1,0.021287354
3483_3,0.011687259
10053_4,0.6451199
255_10,0.9724148
1922_10,0.50024414
10416_4,0.06804042
9154_9,0.9724148
12359_3,0.06512755
4850_4,0.6161278
12398_10,0.97737074
8910_1,0.011961098
3797_8,0.5608541
2428_9,0.6001298
7062_4,0.48877144
7130_9,0.9744348
7343_1,0.009559399
7735_8,0.9798227
4104_3,0.01384861
11518_1,0.02017732
10784_4,0.42715773
3687_1,0.019271135
796_10,0.9600627
2613_1,0.02145073
3962_9,0.97482115
4637_9,0.9838472
10076_3,0.016914913
2643_9,0.98282325
3588_1,0.14033625
6788_1,0.01214717
1445_4,0.636805
10630_7,0.1592174
9173_10,0.9814534
3998_3,0.012722708
11853_1,0.018546565
2982_1,0.0111580305
2536_4,0.5970206
5912_10,0.9839708
3267_8,0.8872046
8966_4,0.24006124
7671_3,0.0570714
1962_1,0.7772999
3574_1,0.032100707
10580_1,0.011869121
10103_9,0.8489722
2101_8,0.91181
9804_10,0.97482115
12413_9,0.76559335
9696_2,0.010986943
8988_1,0.013121271
882_9,0.9309621
8098_3,0.060975183
6072_3,0.4447155
9484_10,0.98657167
3448_10,0.9859364
12074_10,0.880797
5880_1,0.012821214
7658_1,0.011508149
1286_8,0.96691406
7013_10,0.9850429
3590_1,0.01757688
695_4,0.023689471
8889_9,0.77390057
735_1,0.017045317
2041_7,0.27904198
12041_3,0.78464925
4918_3,0.32982332
1428_3,0.016657041
1846_4,0.018978037
11103_10,0.8529355
1026_10,0.98102194
9731_3,0.0111580305
7481_1,0.018978037
10191_10,0.891055
8262_4,0.013636835
903_10,0.7142296
4212_2,0.06052939
11611_1,0.011687259
7814_1,0.009559399
5116_10,0.98677725
150_4,0.016152835
3618_2,0.012624948
10870_1,0.010986943
8523_1,0.01048909
2193_10,0.9750122
10237_10,0.9839708
2139_10,0.98087597
7691_7,0.97046465
9374_1,0.03461884
11426_7,0.98527133
12319_1,0.012722708
6817_2,0.018404892
745_1,0.014957086
6632_1,0.01048909
7149_8,0.6770471
9558_3,0.05582314
10509_1,0.013428254
1528_2,0.54237854
3422_10,0.97838473
6112_8,0.20882356
3606_4,0.6810908
8768_7,0.24725968
2871_8,0.64735246
12404_10,0.9425068
6936_3,0.10447732
855_4,0.017309094
5703_3,0.1666754
9446_1,0.01384861
1407_7,0.19620943
8422_10,0.98469365
40_4,0.0946777
344_4,0.5213493
11019_10,0.98087597
869_1,0.027795624
2245_10,0.91181
10002_8,0.9829547
5110_10,0.96741027
3201_9,0.9832145
10621_10,0.7442848
1213_7,0.03846619
2147_10,0.017176708
828_7,0.9348725
7600_8,0.8255897
4472_4,0.109705776
2759_2,0.020332353
10890_1,0.03541073
1637_10,0.9184803
1667_10,0.27904198
10433_8,0.98571813
11350_4,0.04401865
9437_3,0.16721867
3748_3,0.031143833
8062_10,0.9840936
11981_10,0.9458012
4214_7,0.94966936
6496_8,0.98159516
4489_4,0.06804042
5965_7,0.87997437
2785_8,0.9850429
6838_9,0.9845754
4678_9,0.97539
8564_10,0.8474635
4375_9,0.96210754
4654_10,0.96295285
2077_10,0.92468774
12491_4,0.025957355
11483_10,0.9801293
11130_8,0.9766692
2177_2,0.47329202
1376_8,0.33502442
3557_2,0.026556572
8039_3,0.41116813
6951_1,0.02211659
3440_2,0.22270015
10192_1,0.020488555
5874_10,0.98087597
4258_10,0.97684664
8838_4,0.27435136
1090_8,0.7745834
10570_10,0.97520185
3421_7,0.9600627
1626_7,0.9511422
9887_2,0.82893884
4079_4,0.010986943
8826_8,0.047425874
8805_2,0.009559399
9121_3,0.9124362
10916_3,0.045015533
9717_3,0.018546565
8662_4,0.4690338
7393_3,0.30652705
12304_10,0.97090924
7063_3,0.83761996
7955_10,0.7033458
2266_9,0.8333246
3490_7,0.95695716
11145_3,0.026556572
1668_2,0.010986943
1011_8,0.9585377
8300_7,0.9046505
9995_8,0.79692537
1326_8,0.95759624
5232_2,0.038178276
363_10,0.98242307
11772_2,0.029986506
8771_3,0.020804489
927_3,0.80069196
2569_2,0.02211659
5558_10,0.94815457
12375_10,0.92468774
2338_10,0.9843364
5773_10,0.96267307
4664_7,0.98625773
12295_7,0.87621135
4123_8,0.9840936
1553_10,0.9730365
3770_10,0.87147486
12011_2,0.015906392
8033_1,0.01678549
1395_7,0.20882356
8614_7,0.97423947
3784_8,0.9059898
8769_8,0.30611202
888_8,0.69802076
7799_2,0.054198727
6031_3,0.015189049
11584_2,0.02479816
4570_7,0.97262347
6990_8,0.9764905
7290_1,0.012241275
1186_1,0.010013569
1329_4,0.012722708
6793_10,0.97719735
8562_10,0.89442116
8841_4,0.6684475
9234_1,0.78199726
2992_3,0.034880888
3761_4,0.012053779
1144_1,0.01214717
11737_10,0.94165415
6628_10,0.983597
7619_4,0.0145035805
5074_3,0.049958523
2056_1,0.092359796
812_7,0.89478946
615_3,0.026355354
1473_3,0.4404091
11642_1,0.016152835
2957_8,0.9656413
3223_7,0.37045312
4491_10,0.9845754
11617_8,0.6913932
2209_8,0.9167081
10250_4,0.0145035805
8707_3,0.4882834
3581_2,0.019124037
3089_2,0.15002882
9367_4,0.026355354
8890_3,0.009268014
4657_3,0.012241275
8474_1,0.041462272
1542_3,0.035144847
9024_8,0.95791227
3176_1,0.02211659
11219_8,0.9871788
1086_2,0.033336822
11230_4,0.047425874
2543_3,0.38954654
3391_4,0.97754294
5876_10,0.9433476
6712_2,0.03308598
12468_1,0.011687259
1801_10,0.98657167
6727_10,0.920218
3072_3,0.012241275
6079_7,0.87914675
1409_10,0.93439513
7709_2,0.0111580305
11484_2,0.029986506
10843_2,0.013428254
3964_7,0.92523
5691_7,0.9500415
5837_1,0.010818449
963_8,0.96378
3530_8,0.86476797
6558_8,0.9219218
3084_4,0.017176708
3025_8,0.96267307
9396_8,0.24472386
7530_1,0.024987794
6301_4,0.0335895
2934_10,0.971564
8286_9,0.94208187
12122_10,0.97754294
2799_8,0.8895288
3516_7,0.105948284
5715_10,0.93674946
6525_3,0.07751766
12308_10,0.80193585
1305_9,0.96741027
8190_2,0.010328153
8170_1,0.37582102
2355_7,0.9656413
9714_3,0.01461567
9667_8,0.96323055
4861_1,0.0145035805
10028_10,0.94966936
3256_2,0.5655443
5974_2,0.01048909
9185_10,0.98657167
2507_10,0.97462875
8910_10,0.9834705
6791_1,0.019870715
1692_10,0.6041654
5520_10,0.6303436
10119_10,0.9722044
1226_1,0.010169657
5998_7,0.41421744
4421_1,0.051462766
7660_8,0.9124362
5532_4,0.62452257
2869_3,0.3598139
3795_2,0.011331754
3602_10,0.98677725
1453_10,0.966156
1298_8,0.9757624
6331_1,0.009859855
7694_3,0.011508149
11568_10,0.89029425
6426_7,0.9273633
609_7,0.67319167
3352_4,0.83601975
12451_3,0.6669308
3228_7,0.98571813
945_7,0.1066906
8283_10,0.95150405
10780_7,0.87873113
2944_1,0.015784562
5697_7,0.95531917
9066_3,0.61265737
6254_7,0.97423947
384_4,0.092359796
1961_9,0.9678993
10085_2,0.08329193
1726_10,0.9724148
7937_1,0.02145073
2561_10,0.94417685
9899_9,0.9853843
8694_2,0.10894506
4217_8,0.9730365
2425_3,0.016403032
5809_1,0.037326884
3122_7,0.96641046
1522_10,0.85145944
5582_10,0.97520185
12357_2,0.012241275
3166_10,0.9059898
3176_9,0.97754294
9320_9,0.97737074
8187_1,0.014728613
5573_1,0.009859855
9078_2,0.02576056
6706_4,0.32209936
8882_8,0.8479678
2489_3,0.036769465
2768_10,0.97423947
2384_3,0.7595823
12494_8,0.9763105
10375_3,0.07211221
403_7,0.2724115
6334_3,0.01461567
9136_1,0.012053779
10698_1,0.009708476
2203_4,0.6913932
2122_1,0.017442483
2904_4,0.08329193
12367_9,0.8050198
9638_8,0.95945925
2005_1,0.01065251
4963_8,0.97788346
7575_1,0.32552055
9989_1,0.054600604
8776_4,0.76383626
10188_10,0.8929365
8238_1,0.011419616
9244_4,0.98173577
11142_2,0.015424551
4365_7,0.89218736
5877_4,0.23545979
12135_8,0.9532751
3526_3,0.5941392
5209_4,0.01627746
5991_2,0.010986943
10888_1,0.023870835
1303_3,0.018689308
5764_4,0.3203959
2933_10,0.97754294
7297_1,0.0111580305
11156_10,0.94458723
1353_1,0.042403832
10017_1,0.088504665
4203_3,0.40568417
4546_9,0.9863631
6039_1,0.014392335
5804_3,0.07751766
9085_4,0.33328617
10774_10,0.983597
2178_7,0.62429357
2958_2,0.034358688
11469_8,0.92788786
5378_2,0.0226292
4583_8,0.5513624
9539_10,0.9869795
5090_8,0.9263037
12036_4,0.34931073
1766_9,0.891811
11536_7,0.9623913
4792_9,0.950411
7615_1,0.08977329
9624_1,0.015906392
5230_9,0.9761292
939_4,0.97737074
2353_7,0.9651191
8760_9,0.95695716
3231_9,0.98549646
8183_7,0.9738444
2156_10,0.94165415
245_2,0.027795624
12048_1,0.0269635
6572_9,0.9273633
10848_9,0.9719925
9576_10,0.91181
3174_1,0.020023443
9824_8,0.1592174
8199_1,0.02350945
10911_3,0.04177388
2452_1,0.51879
7574_3,0.02865267
8363_7,0.72603726
3672_9,0.96538115
11693_10,0.9875683
9731_10,0.95531917
280_1,0.0111580305
10065_8,0.9582261
10284_9,0.82275945
7990_1,0.031143833
12256_4,0.47219667
7558_1,0.020645931
9636_2,0.036493763
8632_2,0.0570714
6157_3,0.33241874
9429_7,0.8025555
1447_1,0.030214587
10948_8,0.9273633
12300_4,0.024609927
10208_1,0.022457054
5889_3,0.7322091
2376_9,0.9688562
3354_2,0.011331754
9530_1,0.8086723
2469_10,0.9804314
2229_10,0.13206616
12326_10,0.891811
8097_2,0.056652423
6502_3,0.48938146
8877_8,0.9845754
5408_7,0.6584175
3589_4,0.021125194
5934_3,0.014281935
3653_10,0.98657167
6900_1,0.048496004
3395_9,0.98549646
10302_7,0.69966495
10527_3,0.0145035805
10080_10,0.97788346
5818_10,0.66366893
3178_10,0.98469365
10636_8,0.9843364
9586_2,0.7013041
8548_2,0.08329193
2851_1,0.01214717
6874_7,0.8795612
5850_8,0.9845754
2392_10,0.9755769
7434_2,0.23616374
11879_10,0.8596637
1190_10,0.9207897
8411_10,0.9572778
4833_9,0.28616926
5853_1,0.010818449
5485_4,0.0111580305
111_3,0.12678517
6376_10,0.9861514
5425_1,0.017442483
3189_2,0.388618
5053_8,0.97462875
1171_1,0.22337706
2206_4,0.032344334
11912_4,0.03567855
9874_7,0.8474635
3439_9,0.88563144
4221_8,0.96210754
6830_3,0.012241275
960_8,0.8479678
11862_1,0.2821962
8231_7,0.95150405
11765_1,0.01384861
9849_1,0.06325053
7518_4,0.91117966
3014_1,0.012722708
2534_10,0.96378
5197_10,0.98549646
6775_2,0.012821214
4649_1,0.1561049
10748_3,0.013325147
6943_4,0.7866228
9692_1,0.010328153
11972_7,0.8509647
7251_9,0.98677725
459_4,0.7866228
1101_8,0.8494724
358_4,0.4240542
7543_1,0.025957355
3980_3,0.46526602
1276_3,0.01384861
12111_8,0.9309621
11876_4,0.11636176
5473_8,0.97997653
1296_1,0.010986943
7224_9,0.9658996
8035_10,0.9724148
10436_1,0.010328153
8475_1,0.7599387
4293_2,0.0226292
9867_2,0.010328153
4101_1,0.56685793
6220_1,0.010328153
6246_4,0.5480084
2907_8,0.051082738
4532_2,0.010818449
10753_8,0.6102212
328_10,0.9697854
1941_1,0.01627746
7586_9,0.023689471
11294_1,0.021615336
7534_9,0.9829547
2675_3,0.16291203
3837_10,0.9825575
5349_9,0.96405166
641_1,0.011869121
9273_8,0.97719735
8120_4,0.018546565
10610_1,0.21733752
1829_1,0.01243165
6406_10,0.9651191
4029_10,0.9724148
10845_10,0.9230392
2573_4,0.9353465
2033_3,0.6614857
9633_4,0.95791227
6243_1,0.013532149
7596_10,0.9744348
4208_8,0.2986959
6984_8,0.94458723
3656_1,0.0111580305
2434_1,0.012053779
10340_7,0.417984
6130_9,0.91964257
8093_7,0.22746934
7962_1,0.13028543
12178_7,0.63770795
10931_2,0.02297737
6857_10,0.97903574
11091_8,0.98282325
4167_2,0.012821214
679_4,0.85729086
10147_1,0.01065251
6875_1,0.0145035805
923_10,0.98102194
6200_8,0.7826625
7208_8,0.9683812
5363_8,0.98282325
4067_8,0.9407897
1773_7,0.95430803
1498_10,0.32723817
10497_10,0.92788786
3444_10,0.9859364
588_2,0.15507847
9678_9,0.8596637
1983_9,0.742048
5012_3,0.010986943
12240_2,0.0111580305
5071_2,0.11279541
5078_2,0.013325147
10069_3,0.019124037
7407_8,0.98571813
7207_1,0.01243165
2155_10,0.8037906
59_10,0.9791955
2531_1,0.11636176
7772_8,0.983343
11465_10,0.8749346
