id,sentiment
12311_10,0.99863297
8348_2,0.0015247865
5828_4,0.5092763
7186_2,0.0013670255
12128_7,0.99845123
2913_8,0.9985221
4396_1,0.0015978455
395_2,0.0047552
10616_1,0.0013670255
9074_9,0.997065
9252_3,0.0034834242
9896_9,0.99856746
574_4,0.0018386653
11182_8,0.9984988
11656_4,0.0021827165
2322_4,0.99469805
8703_1,0.0013670255
7483_1,0.01461567
6007_10,0.9980122
12424_4,0.0013885231
4672_1,0.0021489493
10841_3,0.0016743994
8954_7,0.008847355
7392_1,0.0015247865
10288_8,0.99856746
5343_4,0.0012843083
4950_1,0.0013458604
9257_4,0.002019014
8689_3,0.012624948
4480_2,0.0019267346
9286_10,0.9978173
12245_10,0.9986749
7529_7,0.9984269
4_4,0.0015978455
5299_2,0.0038844768
12077_8,0.99837697
10701_2,0.0014103585
11579_1,0.0015487612
10993_1,0.001477943
8913_1,0.0020507437
1350_3,0.0015978455
3804_2,0.0014103585
5025_3,0.199308
5170_8,0.9977482
8225_8,0.9978173
6427_7,0.9979493
3165_3,0.001622967
7902_9,0.99861145
8208_3,0.0025114634
3577_8,0.994089
4865_1,0.001477943
9063_3,0.001477943
1106_1,0.002019014
1117_9,0.99861145
1050_4,0.18713269
10755_9,0.9908744
2729_8,0.99444515
10072_10,0.9980122
2904_7,0.99804294
4584_2,0.001810211
189_4,0.0027576222
6302_4,0.0028009268
8138_9,0.9952448
1262_1,0.0019877742
2199_10,0.99845123
6551_7,0.6301694
8082_7,0.9981324
4897_8,0.99845123
7360_1,0.0023231625
11012_10,0.99444515
12046_1,0.0024726235
2331_2,0.002673006
8961_9,0.9984988
751_7,0.004133968
9884_10,0.997065
10016_8,0.99827254
8023_10,0.99847525
2628_1,0.0017546144
5832_1,0.002673006
7302_1,0.0013670255
4501_3,0.0043994132
1121_7,0.9969246
8334_3,0.0016743994
9789_10,0.9728308
4230_10,0.99845123
824_4,0.7049733
6803_9,0.99486035
3086_7,0.99837697
1135_8,0.99856746
10136_1,0.001477943
11129_3,0.0014550629
2072_8,0.0022872274
9501_7,0.99847525
319_10,0.9980732
1693_7,0.99854493
10886_1,0.0014103585
9406_8,0.9985221
10376_10,0.9978173
9902_1,0.0013458604
9938_8,0.027169231
7080_9,0.9978173
11944_8,0.9898303
5249_1,0.001477943
9599_2,0.002673006
9620_1,0.0013670255
11244_1,0.001477943
6841_10,0.9984988
10050_4,0.9869795
10512_9,0.9984022
11327_3,0.0015978455
10681_8,0.99788433
808_3,0.001648483
546_7,0.99861145
10765_1,0.0013045068
7189_9,0.99827254
6005_9,0.9984269
11915_9,0.9984269
5740_10,0.99854493
7097_10,0.99711037
9573_10,0.99847525
5084_4,0.0015487612
12332_7,0.96814114
8154_1,0.0023231625
5610_1,0.0014103585
5323_9,0.9979493
11034_8,0.82104415
3977_2,0.004264634
12380_7,0.08601587
1737_8,0.99477994
6030_9,0.997851
5918_7,0.9984269
7061_9,0.99847525
266_8,0.99847525
1375_10,0.99832565
8648_3,0.001810211
10146_10,0.99854493
4578_10,0.99740905
4685_8,0.99732697
11843_9,0.9984988
5467_10,0.998103
10140_10,0.99863297
7721_8,0.9974885
11208_10,0.0035936027
1063_10,0.99845123
8260_10,0.9974885
3182_9,0.9983516
2797_8,0.9976404
7613_2,0.0019877742
11624_4,0.0015247865
4847_10,0.9985896
10684_7,0.99788433
6312_1,0.0017007225
4925_3,0.0015011822
4125_1,0.0014325365
2394_10,0.9985221
12105_10,0.99847525
7812_1,0.0013885231
1061_8,0.9983516
9343_3,0.0019877742
7696_10,0.99847525
9355_10,0.9986541
782_9,0.9980122
9882_10,0.9984269
10642_10,0.99837697
7410_2,0.0015247865
9591_4,0.0013670255
11902_3,0.0019267346
3495_7,0.28467542
6733_1,0.0014550629
4552_1,0.001648483
6722_1,0.004133968
188_10,0.99856746
5099_10,0.01461567
10313_1,0.003707253
6756_9,0.9974491
6622_2,0.0019570168
4807_10,0.9985896
7173_3,0.0014325365
11321_8,0.998103
7909_9,0.9974885
8012_7,0.0020507437
8615_4,0.0015731123
8117_10,0.9984988
1892_10,0.9984988
4617_1,0.0015487612
1893_8,0.9977482
5435_1,0.0015978455
162_3,0.0015011822
6516_10,0.99837697
11588_7,0.9979493
2006_1,0.0013045068
1594_4,0.0019877742
1472_1,0.0015731123
3647_1,0.04885778
174_7,0.99586606
5539_7,0.7501869
3384_10,0.9984022
3811_4,0.016657041
4079_8,0.99854493
1179_7,0.99740905
3069_9,0.9984988
3769_8,0.9981324
9247_10,0.9986749
10434_1,0.0014325365
1147_10,0.99854493
5344_7,0.9980732
8073_10,0.9986541
7833_3,0.0015011822
8370_1,0.0013885231
9007_8,0.010013569
6624_7,0.0015011822
6683_3,0.0013670255
12275_7,0.9983516
11927_8,0.9984988
1560_10,0.9985896
1325_9,0.9965166
3548_8,0.0062899017
607_1,0.0015247865
6702_7,0.9916842
5702_3,0.0021157034
11345_8,0.99845123
3428_4,0.0020829707
7209_9,0.99861145
8425_8,0.9980732
3087_1,0.0015487612
1119_8,0.9977482
5715_3,0.0015487612
8645_1,0.0015247865
2149_3,0.0012255674
10403_10,0.9982993
5628_1,0.0015487612
5570_10,0.99856746
1613_3,0.0014325365
1454_4,0.0018386653
5094_3,0.0016743994
7982_1,0.0022170132
6894_2,0.002019014
6554_1,0.0017821962
4721_3,0.0014103585
6904_4,0.010328153
893_8,0.99824536
4605_4,0.007937994
11516_7,0.002631674
11718_7,0.9986749
5956_1,0.0013670255
7455_9,0.99687636
6396_4,0.9984988
1223_8,0.997917
8556_1,0.001648483
6108_8,0.987375
11690_1,0.0015487612
3778_9,0.99788433
3627_4,0.0017546144
8256_4,0.9923044
533_1,0.0012843083
5235_4,0.0012255674
621_2,0.0013670255
5365_1,0.0014325365
8180_3,0.001477943
7396_7,0.99657035
9776_10,0.99861145
8175_10,0.9984269
3128_1,0.0013885231
4606_1,0.001648483
6158_2,0.0014325365
3281_10,0.65748346
4723_4,0.0032224844
11994_3,0.004681822
7701_1,0.001264422
103_3,0.002673006
8908_10,0.9980732
8876_1,0.0013670255
7519_9,0.99824536
12456_8,0.99827254
9514_8,0.9984022
8680_8,0.9974491
12402_10,0.9985896
362_2,0.0028009268
9825_7,0.99854493
2913_3,0.0075772414
7164_8,0.9983516
11177_7,0.99837697
5707_10,0.99854493
8103_10,0.99827254
6289_1,0.0015247865
11754_1,0.0025114634
11640_10,0.9985221
9933_7,0.9433476
185_10,0.99821776
242_10,0.9985221
9369_8,0.9982993
7453_10,0.99804294
7514_7,0.99635005
10860_2,0.0013670255
8663_8,0.008315778
9108_1,0.0014550629
7941_1,0.0013458604
10116_1,0.0015011822
9841_4,0.69471705
4512_9,0.9985896
4853_2,0.04304285
2664_4,0.120438814
9966_10,0.9986541
5167_2,0.0013885231
3894_2,0.0013670255
3929_8,0.99788433
7165_10,0.99847525
5451_8,0.998103
2947_4,0.0021489493
4611_10,0.9981614
5807_1,0.0014325365
9464_8,0.99837697
3124_10,0.9985896
2705_4,0.005641909
12187_8,0.99837697
12319_10,0.99863297
9874_3,0.3002324
3406_4,0.9967775
2327_10,0.99854493
605_10,0.99847525
8080_4,0.9563089
3074_10,0.9985221
2499_3,0.0015487612
1013_1,0.001477943
11535_1,0.0014325365
4118_7,0.9967269
10492_8,0.99854493
2129_4,0.0015978455
9814_10,0.9980732
10671_9,0.99804294
5980_10,0.9984022
2755_2,0.0015978455
5461_2,0.005384938
11979_1,0.0015731123
8810_1,0.0013670255
852_7,0.998103
10961_4,0.0018969199
7436_4,0.0018386653
11281_3,0.0025114634
4208_3,0.0013885231
8213_10,0.9979493
9851_2,0.03567855
4713_7,0.99847525
9528_1,0.9984022
3595_10,0.99845123
5785_3,0.0017007225
10370_3,0.0013670255
1980_3,0.9740426
8800_4,0.997783
4437_3,0.0014325365
28_3,0.0015487612
12171_1,0.9916842
9359_3,0.0014550629
3831_9,0.9985221
10962_7,0.9975274
1500_9,0.92892635
11470_10,0.99771273
11843_3,0.002434382
11200_4,0.0023596606
1067_1,0.0017007225
3333_1,0.0059110695
4487_4,0.0021489493
6428_1,0.0013250223
575_7,0.97997653
10904_9,0.9953181
11821_2,0.007232764
11605_1,0.0013885231
1111_7,0.9962346
10295_1,0.0013250223
1146_4,0.0015731123
2405_9,0.9890131
11081_10,0.9939964
2201_10,0.99856746
4844_1,0.001477943
11007_8,0.99854493
6535_7,0.99821776
2653_4,0.0015011822
8245_10,0.9984988
9951_8,0.99847525
6133_8,0.99566853
10006_2,0.0014103585
7350_1,0.0015487612
4509_9,0.99861145
948_1,0.0017821962
3987_1,0.0015011822
2947_10,0.99837697
6041_3,0.06928941
2946_1,0.0014325365
11967_4,0.0014103585
1185_10,0.99832565
10323_2,0.9959927
11706_2,0.0017546144
3663_1,0.0015731123
5602_10,0.9986541
4870_10,0.99818975
1994_1,0.0018386653
10807_7,0.9966234
6871_3,0.014957086
1175_2,0.001648483
10919_7,0.99845123
8127_10,0.99861145
12497_4,0.9805807
3274_1,0.9971551
2568_3,0.0015731123
840_2,0.0013250223
5626_10,0.9984988
7561_10,0.9984022
4600_3,0.001867566
3324_9,0.9863631
8899_7,0.9982993
5592_8,0.010986943
12483_4,0.0013885231
7874_1,0.001477943
5878_10,0.99827254
4303_9,0.99824536
9421_1,0.0013045068
10269_4,0.001477943
10615_2,0.018978037
2634_10,0.9985896
7522_1,0.0012448432
9289_10,0.9980122
4636_10,0.99824536
1241_7,0.0053018946
9458_9,0.9976769
11690_10,0.99856746
7176_4,0.9838472
6212_10,0.997981
6319_1,0.0013885231
5229_3,0.0013670255
466_9,0.99861145
8693_2,0.0014325365
2952_10,0.9984022
1128_1,0.001477943
3975_10,0.99740905
11365_10,0.9982993
2074_9,0.9984988
9768_10,0.99845123
4895_1,0.0013250223
5726_10,0.9981614
9993_10,0.99837697
11319_2,0.0029810332
10561_2,0.89733595
5455_8,0.6213686
10684_3,0.0015487612
3652_3,0.0018386653
7825_1,0.0019877742
8806_1,0.0013458604
275_10,0.99719906
2246_1,0.0013045068
11968_2,0.009559399
2528_1,0.0017546144
8491_8,0.9982993
13_1,0.96458924
4530_8,0.99854493
5207_3,0.002673006
11648_10,0.9966234
8260_1,0.0014103585
10730_10,0.9985221
10402_3,0.0019570168
8077_1,0.0014550629
8598_8,0.94966936
2809_3,0.0017007225
12490_10,0.9976404
1447_9,0.9985896
1605_3,0.001622967
2311_4,0.0013670255
3235_9,0.9982993
5725_10,0.99837697
9025_10,0.99845123
6049_9,0.99732697
4803_10,0.9984988
191_9,0.99845123
420_3,0.0019267346
5238_2,0.0021157034
1280_9,0.99804294
9408_4,0.0021489493
819_1,0.0014103585
1656_4,0.0015487612
9964_3,0.012053779
10404_4,0.0019877742
12369_10,0.99804294
6423_1,0.001622967
9942_8,0.9904406
1519_1,0.0022872274
100_10,0.99861145
3216_10,0.9985896
3909_10,0.99824536
5034_7,0.99856746
14_8,0.9986541
5891_3,0.0015487612
8496_10,0.99804294
7429_1,0.001867566
9457_1,0.0014325365
9602_8,0.997917
4198_1,0.0015731123
154_2,0.001622967
5070_2,0.0015978455
4207_8,0.91550726
7758_8,0.9984269
4439_9,0.99854493
12042_1,0.0013885231
7244_1,0.0013885231
6854_1,0.0015247865
11932_10,0.99732697
4151_10,0.9956006
7265_1,0.0014103585
10272_7,0.9981614
4256_4,0.001477943
1225_7,0.9974885
956_10,0.99854493
6389_2,0.001477943
1365_4,0.001622967
4752_7,0.99486035
276_10,0.99861145
8766_9,0.997917
11225_10,0.9986541
6920_1,0.0014325365
11536_1,0.0014325365
1923_9,0.99804294
11460_10,0.99771273
10054_7,0.99824536
10845_1,0.0013045068
10231_4,0.9826909
9430_8,0.9983516
3226_2,0.0013250223
4298_3,0.0015011822
10635_4,0.0013885231
10567_4,0.0013250223
5460_10,0.99863297
7310_7,0.99351174
10330_2,0.0014103585
5151_9,0.0020829707
11_3,0.001648483
1448_8,0.008985428
10130_8,0.9984269
2199_3,0.0013045068
1761_10,0.99837697
2782_1,0.0013045068
7618_10,0.9985896
85_10,0.99847525
5730_3,0.0017007225
3641_1,0.0014325365
8190_9,0.99856746
9533_10,0.99863297
9508_1,0.0014325365
237_8,0.99827254
3981_7,0.997783
7194_9,0.997917
10584_8,0.0076956474
248_2,0.0014325365
8358_4,0.0014103585
1218_1,0.0013045068
4191_10,0.0033244372
3090_8,0.9923044
11923_2,0.0015731123
1640_8,0.9969722
9972_3,0.001622967
11818_4,0.98998636
4350_10,0.9979493
877_10,0.9941801
10017_8,0.998103
7975_10,0.9985896
8436_1,0.98582757
6024_7,0.47999117
3112_1,0.001477943
951_10,0.99854493
1622_1,0.0013670255
191_3,0.0018386653
5669_1,0.0017821962
1891_4,0.001867566
12173_9,0.913368
7887_7,0.992062
3256_10,0.9984269
5419_1,0.0017007225
7635_1,0.0013670255
8297_2,0.002396731
7137_8,0.99242276
7562_3,0.002434382
9944_1,0.0015247865
4288_1,0.0014103585
8087_1,0.99861145
4771_10,0.9981324
10482_10,0.99553156
5324_10,0.9985896
3080_1,0.0017007225
10923_7,0.9976404
1753_7,0.99856746
317_10,0.9985896
12474_8,0.9838472
773_8,0.9985896
388_1,0.0019877742
12141_2,0.0015978455
5667_1,0.99701905
1071_9,0.99837697
2897_10,0.9983516
9481_4,0.98625773
12025_1,0.001477943
8879_7,0.99701905
5683_1,0.0014103585
7026_1,0.001477943
2439_1,0.002889581
3631_7,0.025565214
1650_9,0.99740905
5378_7,0.99863297
9745_1,0.0014550629
11563_8,0.99824536
299_8,0.99847525
9471_2,0.0018969199
1866_1,0.0017546144
2639_4,0.0015978455
5122_1,0.0029349516
12341_7,0.4146618
2936_8,0.99847525
8647_10,0.99847525
4255_9,0.9984988
7262_8,0.0074606435
8413_10,0.9939964
10080_1,0.0013045068
3973_1,0.98998636
8752_9,0.99856746
4018_2,0.0016743994
7669_1,0.0017274586
10421_4,0.0021489493
7854_8,0.9984269
162_8,0.003538086
11614_9,0.997917
11343_8,0.8062431
1708_7,0.9830851
7115_4,0.0031726828
10498_10,0.9971551
2944_8,0.9984988
10474_3,0.10484337
1263_1,0.0014325365
1693_4,0.0023596606
9600_9,0.019419348
11173_2,0.0015487612
3961_2,0.0011879054
8011_1,0.0028449094
7386_8,0.9966756
8787_8,0.99847525
12349_9,0.99837697
1776_4,0.0014325365
5885_4,0.997981
220_4,0.001867566
5547_8,0.99854493
2853_1,0.0015247865
2157_2,0.0023596606
11667_2,0.0013885231
194_7,0.9984022
1633_1,0.0016743994
6897_2,0.0015978455
11568_2,0.73278314
9219_1,0.0018386653
477_8,0.99863297
8980_3,0.25487974
4612_10,0.99854493
8030_10,0.9985896
1846_8,0.9984022
2786_8,0.99854493
2634_1,0.001622967
3110_8,0.99827254
11587_8,0.9845754
11262_8,0.99837697
5680_7,0.9964619
4583_4,0.0018969199
1451_1,0.0015731123
4244_4,0.99732697
6176_4,0.001477943
8851_10,0.99861145
908_9,0.99832565
7494_9,0.9975656
8061_3,0.0015731123
789_1,0.0013458604
2374_7,0.9980122
11225_3,0.0014550629
4467_4,0.0014325365
8516_10,0.9966756
4121_10,0.9985221
10267_7,0.99580115
6040_8,0.9984022
8338_7,0.9985896
2903_7,0.9986541
6662_9,0.99856746
5333_10,0.99854493
7470_4,0.0013250223
8813_1,0.0028009268
4514_3,0.01566365
9584_7,0.13523209
11706_8,0.99832565
11538_8,0.97068775
4210_1,0.0014550629
8984_1,0.0013670255
3431_4,0.0015731123
4973_10,0.99845123
12260_1,0.0014550629
4267_10,0.99341017
9906_9,0.99861145
670_7,0.9046505
6270_3,0.0013250223
5164_4,0.0015487612
9741_2,0.0022872274
3761_8,0.99837697
2651_2,0.0034296038
7448_10,0.9976404
7184_9,0.99854493
1313_9,0.9981614
10654_8,0.99856746
7151_1,0.0013670255
2320_10,0.9978173
12033_7,0.9966756
6429_1,0.0013885231
1420_4,0.99736834
3002_7,0.9914225
1299_1,0.001622967
7897_9,0.9974885
1529_4,0.0017821962
9760_2,0.0013045068
11318_1,0.001622967
2217_3,0.0028449094
11641_2,0.0014103585
7238_10,0.9986749
7710_8,0.99818975
12011_8,0.99827254
4495_7,0.023153413
11144_4,0.0017274586
5625_2,0.0014550629
2926_7,0.99509466
8538_8,0.9390248
8875_10,0.9985896
10881_10,0.9964619
1662_7,0.997851
4560_9,0.929951
6714_4,0.0014103585
9059_10,0.99861145
6631_10,0.9981324
8520_1,0.0013458604
918_4,0.9967775
3102_10,0.9918121
3611_2,0.0015011822
8434_10,0.99869555
681_7,0.9984988
7386_4,0.0013458604
7566_9,0.9981324
10110_10,0.9985896
10486_10,0.23196201
1492_3,0.0014550629
11823_1,0.001648483
2331_9,0.9984022
2200_2,0.001622967
9547_1,0.714628
785_2,0.0013458604
5101_4,0.12852514
5657_10,0.997851
6902_7,0.99821776
1490_9,0.998103
7148_9,0.99861145
7387_8,0.99014014
8277_9,0.9985221
6912_7,0.99856746
170_2,0.0033766124
7702_10,0.99856746
4393_3,0.0014325365
2608_3,0.0039454065
4931_8,0.9974491
10589_10,0.9974885
8623_4,0.0014325365
6057_2,0.001477943
2704_9,0.9986541
1790_2,0.001867566
12370_1,0.0013458604
159_1,0.001264422
343_9,0.9966756
2128_9,0.99847525
11181_8,0.9930962
11775_10,0.99818975
3514_10,0.99845123
6993_2,0.0013458604
2866_9,0.9981324
1000_9,0.9896718
11772_7,0.9697854
3355_9,0.99605453
8519_8,0.99477994
7879_3,0.0018969199
4332_10,0.99824536
5403_1,0.0012448432
1514_7,0.9953904
7904_1,0.001477943
10550_2,0.0019877742
11442_10,0.9984988
2821_3,0.0018969199
5766_1,0.001648483
8061_9,0.9962346
2166_1,0.0015487612
6206_1,0.0013458604
11124_2,0.0033766124
7625_10,0.9539661
90_9,0.9982993
7959_10,0.997783
7029_10,0.9984988
779_8,0.9985896
1101_4,0.0016743994
11189_4,0.018689308
9790_4,0.0029349516
10861_1,0.0019570168
5902_2,0.0013250223
9545_10,0.99341017
3730_1,0.0012448432
4951_9,0.9975274
3295_1,0.0013670255
9495_2,0.0028009268
2876_1,0.0015487612
2796_1,0.0018386653
10338_3,0.001867566
10913_7,0.007011795
4685_2,0.0019570168
11586_1,0.002019014
4904_7,0.97903574
7110_7,0.99701905
2086_4,0.0015978455
7372_7,0.99469805
135_9,0.997285
7038_3,0.98951083
1119_2,0.0018969199
5057_8,0.9962346
3479_10,0.99863297
6489_8,0.99845123
4910_8,0.9986541
5979_10,0.9984988
11304_1,0.0013885231
2102_9,0.99845123
8048_1,0.001622967
12153_7,0.99477994
4832_8,0.99863297
3079_9,0.99856746
8254_2,0.001648483
7981_7,0.9861514
611_1,0.032100707
307_10,0.98282325
8861_3,0.0029349516
4635_4,0.0051396107
6197_7,0.9971551
6739_3,0.001477943
8588_9,0.9985896
8461_7,0.0021489493
10089_1,0.0021489493
2609_7,0.01678549
1418_3,0.0018969199
2661_10,0.98527133
1253_9,0.9984022
8815_9,0.99827254
9867_8,0.997917
2155_1,0.0015011822
12259_4,0.0015731123
11224_3,0.003538086
4781_1,0.0013458604
4354_9,0.9986541
9629_9,0.99854493
3629_9,0.99827254
6445_10,0.9985896
9526_10,0.99856746
5138_2,0.0025909794
349_10,0.99719906
2099_7,0.99477994
4411_1,0.0021827165
8127_3,0.0015487612
5225_8,0.99818975
7970_3,0.0015978455
5688_7,0.9969246
12099_3,0.010013569
6020_4,0.0226292
3892_8,0.997917
2098_8,0.99856746
4851_7,0.99771273
10967_10,0.9981614
6230_4,0.0015011822
2211_2,0.24508502
11978_10,0.99837697
8802_1,0.0014103585
11010_3,0.0013885231
10083_2,0.0040072887
5588_10,0.010570489
958_10,0.99854493
6771_4,0.03567855
6767_9,0.9974885
7302_10,0.9985221
5324_3,0.0019570168
7737_10,0.9986749
8603_10,0.0031726828
3029_7,0.99856746
8640_2,0.0015011822
2139_1,0.0015247865
6305_10,0.99856746
6884_7,0.99832565
5534_8,0.009125638
7619_8,0.9984988
10057_8,0.9976769
972_7,0.9984269
6245_8,0.98677725
6627_7,0.9981324
3621_10,0.18126322
2290_4,0.9981614
24_4,0.0036499873
5689_1,0.001264422
6497_4,0.0027149855
12405_4,0.9974491
11720_7,0.9985221
10088_1,0.0014325365
9258_9,0.9984988
354_4,0.9968273
4770_10,0.998103
1035_3,0.0016743994
739_1,0.0013885231
6267_7,0.9985221
1562_8,0.9984022
1438_1,0.0014325365
281_8,0.99863297
1818_1,0.004905406
3943_3,0.0019877742
8116_4,0.013325147
6984_1,0.0014550629
5330_4,0.0015487612
8821_8,0.997065
10484_10,0.99804294
1886_4,0.0021157034
7943_2,0.0018969199
6438_7,0.9959299
8931_10,0.997917
10538_10,0.9985221
534_10,0.99837697
7329_2,0.0014103585
6614_2,0.0030278352
710_10,0.998103
3120_4,0.004331502
9046_1,0.0015978455
5638_2,0.0016743994
2455_4,0.0017274586
2652_3,0.0019570168
11006_4,0.001622967
5065_3,0.0017546144
9805_10,0.9985221
7092_8,0.99863297
1735_10,0.99821776
3609_1,0.0020829707
1201_10,0.99856746
11024_9,0.99854493
3807_10,0.9983516
4483_10,0.9982993
4510_7,0.9916842
8037_1,0.0017007225
1760_1,0.0017007225
133_8,0.99719906
9039_8,0.99771273
8462_4,0.018546565
2468_10,0.9985221
7684_3,0.001264422
10350_9,0.9980732
1199_10,0.9984988
8560_1,0.0014325365
6405_3,0.0013670255
1295_1,0.0012448432
6420_1,0.0014103585
12183_9,0.99837697
11619_1,0.0013045068
1415_9,0.99821776
9414_1,0.001648483
7640_4,0.0013885231
9211_9,0.99856746
557_9,0.9984269
4501_9,0.99856746
8711_10,0.98866826
2402_1,0.0023596606
4586_10,0.99657035
176_3,0.0014550629
3545_1,0.0013045068
8932_1,0.0013885231
5829_10,0.99861145
3409_10,0.99832565
3636_3,0.0027149855
12048_7,0.9985896
10468_10,0.9914225
11546_10,0.9976404
9444_10,0.99837697
6275_1,0.031143833
152_4,0.059646945
4767_9,0.9980732
6751_1,0.0013885231
10245_4,0.8092759
5407_8,0.99732697
1923_1,0.0028449094
515_9,0.9959299
9988_1,0.99509466
5928_8,0.9984022
10163_4,0.9904406
7969_10,0.9985896
1494_4,0.008985428
11211_10,0.9985221
1957_1,0.0013885231
8484_7,0.9943581
848_2,0.001867566
5177_1,0.0031236487
10667_10,0.9975656
3075_1,0.0015978455
9443_10,0.9984988
1572_8,0.99845123
11285_8,0.9964619
3125_1,0.0017546144
9265_9,0.9986749
4072_1,0.0016743994
6390_2,0.0030278352
6496_4,0.10631887
8766_2,0.0014550629
7787_10,0.99861145
5897_10,0.99827254
9027_1,0.0015487612
1538_2,0.0017007225
1220_3,0.0015247865
8600_3,0.0043994132
11432_2,0.04115289
1424_4,0.018546565
7344_10,0.99861145
10842_1,0.002019014
10332_10,0.9984988
4340_4,0.0019570168
4868_4,0.001867566
11216_9,0.9959299
12027_10,0.997917
6785_7,0.997981
8773_8,0.9985896
8119_4,0.9425068
10138_10,0.9985221
7197_2,0.0013885231
1536_3,0.15052764
9981_7,0.9975656
4753_1,0.001477943
2795_7,0.0018969199
6672_4,0.001477943
10805_7,0.92683524
5866_1,0.0017007225
570_1,0.0013250223
11965_8,0.99845123
3288_1,0.002434382
8135_1,0.0012448432
10094_9,0.9984022
5845_10,0.99861145
3570_8,0.26549944
1240_1,0.005384938
231_1,0.0017274586
10628_9,0.9977482
3536_1,0.0029349516
1852_10,0.99837697
8202_7,0.9977482
5907_7,0.8740772
1759_10,0.9930962
4492_10,0.9981324
4844_7,0.99824536
3189_10,0.99863297
3403_10,0.9985221
5874_2,0.001264422
7809_10,0.9985221
3632_9,0.9985221
11767_2,0.9966234
9925_3,0.0022170132
4218_1,0.0015978455
12036_7,0.99242276
8973_2,0.0015978455
2464_10,0.9985896
4094_1,0.0015247865
10592_1,0.0013670255
10648_9,0.9985221
3887_10,0.9985221
9092_8,0.99861145
10666_10,0.9984269
8389_10,0.99856746
5281_10,0.9984269
6946_1,0.0014550629
1132_1,0.001867566
10052_4,0.22746934
768_10,0.9984022
5432_3,0.0012448432
7424_3,0.0015247865
2366_2,0.0025114634
2865_3,0.0024726235
7806_2,0.0015011822
8878_3,0.054198727
6298_7,0.99837697
4517_4,0.002631674
12018_10,0.9985896
3662_1,0.001648483
11393_10,0.9974491
2071_10,0.99821776
8217_8,0.99832565
6568_2,0.0013670255
3840_10,0.99845123
1666_3,0.0074606435
2360_7,0.998103
5778_4,0.0094125895
5341_4,0.9830851
4044_2,0.0014550629
2503_3,0.12765263
4095_10,0.9982993
2092_2,0.0018386653
2707_3,0.0014103585
573_10,0.7898827
6441_7,0.99845123
7565_3,0.0015011822
9499_7,0.70578504
657_10,0.9984988
8840_10,0.99629277
1407_4,0.004331502
12453_2,0.0019877742
8273_9,0.9985221
8366_7,0.9980732
10643_9,0.99711037
9998_1,0.001622967
1385_1,0.0017546144
1354_4,0.0015011822
4674_7,0.9983516
3515_4,0.0075772414
10426_8,0.99657035
10226_3,0.0015978455
10391_4,0.0025909794
9968_1,0.0013045068
2893_3,0.0013885231
2546_9,0.9744348
37_1,0.0014325365
1757_10,0.9985896
1569_8,0.99832565
1466_3,0.0015487612
7783_1,0.0012448432
9506_10,0.99845123
10835_3,0.0013670255
2917_9,0.9974491
2495_7,0.9985896
1686_10,0.9985221
2414_7,0.3170561
5318_8,0.9986541
8858_8,0.997783
8112_1,0.0015487612
6532_2,0.0015247865
2526_10,0.99824536
11089_7,0.99847525
4297_8,0.9985221
3179_9,0.99824536
5832_10,0.9985896
10539_8,0.99566853
9226_10,0.99657035
9878_1,0.00818791
7940_10,0.9985221
7195_10,0.99845123
2979_1,0.0014550629
3597_10,0.998103
2931_8,0.0019267346
8571_10,0.9971551
12148_1,0.0012843083
4047_2,0.0015011822
6164_10,0.9985221
2214_8,0.9984988
5903_1,0.0020507437
7931_9,0.9981614
1205_3,0.0037654138
5983_10,0.99856746
10424_7,0.997783
11032_7,0.9968273
1303_10,0.87621135
10390_1,0.0013458604
8349_2,0.0015247865
3605_8,0.9980732
12273_1,0.0015011822
60_1,0.0014550629
3879_9,0.9979493
12431_4,0.7994423
4499_2,0.0019570168
5786_10,0.0021827165
5521_4,0.07211221
793_8,0.057493284
7948_3,0.0017546144
9022_2,0.0015247865
11071_1,0.0014103585
4991_3,0.9953181
8226_1,0.001648483
8762_3,0.001648483
6918_4,0.027795624
844_10,0.9981614
11503_8,0.9975274
7406_8,0.9984022
7743_1,0.0020829707
514_3,0.0014550629
10927_9,0.9984988
3731_7,0.99837697
8870_4,0.9329437
11099_10,0.9981614
8456_10,0.87663436
10944_7,0.9207897
7168_3,0.0015731123
3378_10,0.9968273
8203_3,0.0030278352
5676_1,0.0015247865
5061_9,0.99863297
6238_8,0.99351174
1136_8,0.9930962
6234_3,0.001648483
9510_3,0.9978173
9632_7,0.98421544
4357_1,0.004905406
1176_9,0.9984988
10821_8,0.9985221
4143_4,0.18653922
5074_8,0.004609572
11673_1,0.0015011822
11072_2,0.0016743994
1816_4,0.983597
3974_7,0.96458924
796_4,0.91022676
8540_2,0.0022872274
10959_8,0.9984988
4576_10,0.99732697
7030_1,0.0015011822
3340_10,0.99847525
3223_3,0.001648483
3030_1,0.3214733
4194_1,0.0013885231
11322_1,0.0014550629
1785_1,0.0013670255
7109_2,0.0015487612
4120_1,0.0013885231
3024_7,0.99390244
589_2,0.0012448432
2480_10,0.95759624
4878_1,0.0059110695
571_1,0.99390244
12156_8,0.99580115
7547_9,0.997851
6577_10,0.9984022
7101_3,0.016029146
1731_3,0.86339164
10424_1,0.0019267346
9056_10,0.9986541
11959_3,0.9588471
6952_4,0.0017007225
8709_10,0.24472386
4716_10,0.9982993
2393_10,0.99856746
4007_7,0.004905406
1196_2,0.45035937
8483_1,0.0012065897
1840_3,0.0014550629
6108_1,0.0015247865
4621_8,0.99736834
11332_4,0.99657035
8800_10,0.9981614
886_7,0.9985896
6495_8,0.23739909
6193_10,0.99847525
10297_1,0.0012255674
4233_1,0.0014103585
3121_10,0.99856746
1681_10,0.9985896
5789_1,0.001477943
6446_10,0.99854493
479_9,0.99861145
6401_1,0.001648483
7602_1,0.0013458604
10792_1,0.001648483
11436_9,0.9984988
6944_1,0.002019014
6275_9,0.0028009268
7314_10,0.99821776
8887_9,0.998103
1835_8,0.99821776
8403_7,0.99847525
2090_1,0.0021157034
12310_1,0.0015247865
9795_9,0.9984022
4260_1,0.001264422
3214_4,0.0015011822
10974_8,0.9985896
3374_10,0.9962346
2251_2,0.0014103585
2325_7,0.99845123
28_9,0.9984988
1758_2,0.004133968
1222_8,0.9980122
1229_4,0.0015487612
9791_2,0.12852514
3433_4,0.045692034
10847_10,0.99863297
5020_2,0.0013885231
9652_3,0.0014103585
1739_10,0.9984269
10441_4,0.8267118
9002_7,0.9978173
4304_8,0.9984022
290_9,0.99845123
1339_8,0.9980732
10899_1,0.0021157034
8723_8,0.99732697
12487_7,0.98866826
10384_7,0.018264279
4673_4,0.0013885231
11679_1,0.0014550629
3938_2,0.0019570168
2253_10,0.99861145
198_7,0.9984022
3346_3,0.001810211
11543_3,0.0014325365
8463_1,0.0027149855
1297_2,0.0012843083
4689_1,0.0012843083
4681_1,0.0012843083
961_8,0.9984988
9865_2,0.0019267346
770_3,0.002434382
10495_2,0.0022872274
6302_8,0.99444515
6232_4,0.0016743994
10098_1,0.0017821962
8905_2,0.0013670255
8853_10,0.99832565
6081_10,0.99845123
12_4,0.0017274586
1291_7,0.010169657
1679_1,0.0027149855
996_7,0.004198795
3343_10,0.9982993
6083_10,0.99847525
98_9,0.2163425
962_4,0.024609927
4857_8,0.997285
12394_7,0.9961755
1321_10,0.99854493
8994_10,0.9986541
7788_1,0.001648483
9708_8,0.99566853
9523_1,0.0013250223
11785_4,0.0014550629
5440_1,0.0028449094
1091_7,0.9976404
11584_10,0.9933072
5369_3,0.0030753699
3165_10,0.99657035
3686_10,0.99863297
7069_10,0.010013569
427_3,0.001622967
895_8,0.994089
4565_8,0.61312073
5139_9,0.99818975
5027_1,0.001477943
503_9,0.9980732
7630_1,0.001477943
8552_1,0.001477943
4322_3,0.0015247865
3492_3,0.00498227
5301_4,0.0013670255
752_4,0.0014103585
4307_2,0.0015247865
4901_10,0.99837697
233_2,0.0015247865
10789_8,0.99845123
270_8,0.99861145
11442_1,0.0015487612
3688_7,0.9966756
9928_7,0.9975656
6563_8,0.029535338
3437_7,0.9975274
10495_8,0.99854493
8775_10,0.99856746
12172_3,0.0020829707
10085_10,0.9984988
8394_9,0.99566853
2607_10,0.99824536
6645_10,0.99847525
301_10,0.99856746
2153_10,0.9981324
1967_3,0.0027576222
9604_10,0.99856746
10665_10,0.99788433
5409_1,0.0013045068
6707_10,0.99847525
3847_7,0.99553156
9261_10,0.99861145
3772_1,0.0013458604
8950_1,0.0013885231
6591_2,0.0019267346
2765_9,0.9966234
4166_10,0.9984988
11418_3,0.0014325365
7137_3,0.0020507437
3710_2,0.0014550629
1153_4,0.046378206
4155_8,0.99657035
9221_10,0.99827254
8917_10,0.99856746
6066_4,0.09704755
5366_10,0.99856746
2520_9,0.99863297
11677_2,0.001477943
4032_2,0.0015011822
4041_2,0.0012843083
474_4,0.0019877742
6392_2,0.001810211
6545_10,0.99821776
5009_10,0.997981
3060_10,0.99736834
11033_10,0.99847525
297_10,0.99845123
9099_1,0.001477943
10496_10,0.9635062
5619_3,0.0021489493
4226_1,0.0018969199
10483_8,0.9984022
1966_9,0.9981614
4024_2,0.0013045068
6448_9,0.9984988
4252_1,0.001622967
250_10,0.99854493
10753_3,0.0015978455
1005_7,0.93195957
4415_9,0.99736834
240_4,0.99732697
108_10,0.99701905
1393_1,0.99687636
4236_2,0.44456473
9208_2,0.97719735
7156_10,0.99854493
6490_1,0.001648483
3518_3,0.0015247865
10308_1,0.0013670255
8706_2,0.0015247865
8674_10,0.99827254
8240_10,0.9984988
11890_10,0.998103
976_3,0.0025909794
5025_8,0.99845123
10206_8,0.9984988
11921_3,0.0014550629
8344_7,0.9951703
295_8,0.994089
2121_1,0.0035936027
6978_8,0.99861145
707_3,0.097734325
751_1,0.0014325365
1931_10,0.99856746
7197_10,0.99827254
11032_3,0.0015978455
416_10,0.8679338
1384_2,0.001867566
4114_2,0.0013670255
9450_10,0.99854493
6877_7,0.997285
5092_9,0.99856746
3402_9,0.9975656
9517_10,0.9985221
8566_2,0.0013670255
4493_1,0.0017274586
842_1,0.0018969199
4926_1,0.99711037
3398_9,0.99760324
8857_10,0.9975274
3696_9,0.9980732
1952_1,0.0014550629
5516_3,0.0013885231
3297_10,0.99760324
8396_2,0.0017821962
1928_4,0.001810211
7216_10,0.99856746
1648_3,0.001810211
9312_8,0.99740905
4392_2,0.0014550629
4740_9,0.053009775
2985_4,0.0013670255
6407_10,0.9976404
4015_1,0.0015487612
911_10,0.99832565
7898_1,0.0015731123
5241_10,0.99847525
4955_4,0.52877676
4199_1,0.0038244836
8319_4,0.9918121
6340_1,0.0014103585
2003_1,0.0015978455
11213_3,0.9744348
5109_4,0.0020829707
9400_1,0.0017274586
10719_7,0.9980122
6848_8,0.9984022
11398_1,0.0017274586
2606_7,0.0059110695
5646_1,0.006903838
4103_10,0.9884919
8906_9,0.99827254
6997_10,0.99824536
9990_1,0.0013458604
6573_1,0.001622967
8530_10,0.9879462
8382_9,0.9984022
4207_2,0.0029810332
8794_10,0.9985896
917_9,0.9967269
10739_9,0.99863297
4286_1,0.0013045068
1763_1,0.0014325365
5173_10,0.99788433
1764_1,0.0015247865
3614_3,0.9959299
3880_10,0.9981324
4059_1,0.0014103585
8786_8,0.011687259
9553_2,0.0020829707
10599_8,0.0226292
1048_4,0.0015011822
8136_7,0.0028009268
8715_8,0.99847525
7667_7,0.99701905
5647_2,0.0014325365
6267_1,0.0014550629
12444_10,0.50317377
7390_10,0.99390244
7260_7,0.99821776
6170_10,0.9985896
2181_2,0.0017007225
6196_7,0.99856746
12058_9,0.99351174
8915_7,0.9975656
6816_10,0.9985896
730_9,0.9984988
5808_10,0.99863297
6256_2,0.0013670255
5157_4,0.0027149855
7970_10,0.9984022
6991_7,0.9985221
7112_4,0.0019267346
12136_4,0.0035936027
1554_8,0.99824536
8289_4,0.0043994132
12452_8,0.99861145
6181_8,0.99193794
6237_8,0.9985896
9724_10,0.9928786
7991_1,0.0015487612
8185_4,0.0021157034
12162_1,0.0013885231
8330_9,0.997917
84_3,0.001264422
4879_4,0.0013670255
1173_7,0.99818975
11095_2,0.001648483
9934_8,0.99854493
10791_9,0.9975656
5260_10,0.99711037
3123_3,0.0031236487
7500_1,0.0038844768
9472_8,0.99827254
6349_9,0.997917
8706_8,0.99760324
12385_4,0.002434382
12409_4,0.0016743994
809_10,0.9985896
11380_2,0.0013045068
4975_8,0.9985221
5069_3,0.0015978455
8132_7,0.9985896
5628_10,0.99827254
12329_8,0.9974491
8217_3,0.0015978455
251_2,0.99580115
2901_7,0.997285
4588_1,0.0014325365
2647_10,0.9959299
6020_9,0.99837697
7171_3,0.0028009268
5880_10,0.9984269
4842_9,0.99845123
10657_10,0.9983516
11858_7,0.99837697
4656_4,0.00581996
9293_10,0.99827254
10702_10,0.99854493
6277_10,0.99847525
7223_10,0.9975656
11150_8,0.9983516
4768_9,0.997981
5703_8,0.99821776
9249_9,0.99847525
12051_10,0.99856746
5740_4,0.0017546144
4882_3,0.0035936027
11575_10,0.9943581
385_1,0.001867566
1569_3,0.0014550629
7449_1,0.0015011822
1977_4,0.0015978455
6134_7,0.99736834
2384_8,0.99818975
2437_10,0.99837697
643_7,0.85145944
7334_10,0.99854493
12228_9,0.99854493
8579_2,0.0013885231
4093_4,0.0013458604
233_8,0.99824536
11852_7,0.99847525
11027_4,0.0017007225
5409_7,0.9982993
9332_10,0.9983516
6530_9,0.9981614
7815_1,0.0013670255
8317_10,0.9984269
5382_9,0.9985221
3183_3,0.004905406
4997_8,0.0038844768
11553_7,0.997917
718_3,0.0013885231
7128_9,0.99847525
11977_1,0.0013250223
10820_3,0.001810211
3539_9,0.99847525
2386_1,0.0014325365
9837_4,0.68516004
2941_1,0.0013458604
6669_1,0.0013670255
10927_1,0.0013250223
57_10,0.99856746
12252_2,0.012053779
8926_3,0.89552265
3044_2,0.0029349516
9758_10,0.9985221
4584_10,0.997851
1467_1,0.0013670255
7846_9,0.9964619
1982_8,0.997285
5705_1,0.002019014
9754_7,0.9977482
9594_1,0.0015487612
7405_10,0.9985896
8469_2,0.25404602
3713_10,0.99856746
3381_10,0.99827254
1913_10,0.9914225
9423_8,0.997917
115_9,0.99804294
9784_10,0.99736834
1148_4,0.0023231625
2911_10,0.99847525
11328_9,0.99863297
5087_1,0.0015247865
3983_10,0.9953904
5216_1,0.0015731123
7961_10,0.99845123
10134_7,0.99854493
9379_2,0.001477943
4715_1,0.0014325365
6501_10,0.9983516
4146_4,0.0014550629
12159_1,0.0014325365
11661_10,0.997065
7995_2,0.0018386653
693_9,0.99847525
1411_10,0.9985221
7091_7,0.99856746
2576_1,0.0017546144
8207_1,0.0015011822
10877_10,0.9981324
5444_10,0.9985896
9409_1,0.001264422
10020_1,0.0014325365
2349_8,0.9981614
4942_10,0.997783
2839_1,0.0013250223
9419_1,0.0014550629
10661_1,0.0020829707
5659_10,0.9984988
639_7,0.9975656
5946_7,0.9971551
7231_7,0.99837697
4220_4,0.07585818
3698_4,0.005060332
1060_2,0.0023596606
2398_3,0.0019877742
11073_3,0.001810211
8336_2,0.0013045068
5975_3,0.9941801
4727_1,0.0022170132
1596_8,0.9978173
5471_2,0.001477943
11204_10,0.006692851
8810_10,0.9975656
11125_3,0.0021827165
9607_10,0.997783
6517_3,0.0015011822
10232_1,0.0015011822
7708_10,0.99854493
1753_1,0.0015731123
10946_7,0.9811669
668_4,0.0019570168
3794_4,0.99854493
6867_1,0.96182173
9428_7,0.9978173
12366_9,0.99856746
12056_9,0.99827254
901_1,0.0014325365
7714_8,0.99854493
6389_8,0.004681822
4148_7,0.997981
5062_1,0.0016743994
6835_1,0.0014550629
2901_3,0.004133968
4724_10,0.9984988
764_2,0.001622967
6729_1,0.0015247865
8284_4,0.0015978455
11928_1,0.15662017
386_1,0.0012843083
35_9,0.99861145
4458_4,0.0033244372
9627_2,0.0022170132
8112_9,0.9979493
6026_8,0.9980122
12188_3,0.002019014
3477_3,0.003538086
12242_8,0.2649285
11594_4,0.98187524
11360_10,0.9981324
10299_1,0.0012065897
3829_10,0.9984988
8324_2,0.0015011822
1285_9,0.9986541
11370_10,0.9982993
8051_4,0.9465967
4420_10,0.9985896
3843_7,0.997851
10520_2,0.0015487612
12146_8,0.9985896
1502_10,0.9980732
6227_4,0.0015011822
3191_10,0.99827254
4569_2,0.0024726235
7647_8,0.99736834
6372_9,0.9980732
2105_2,0.0017821962
4180_1,0.017712297
11212_10,0.99847525
1811_9,0.99824536
2868_3,0.0013458604
3773_3,0.0017274586
8386_1,0.0015731123
1072_8,0.997065
10588_1,0.0021157034
8858_1,0.0015247865
10831_1,0.0015247865
11926_8,0.99854493
11521_10,0.99856746
4037_10,0.99818975
5119_7,0.99361163
11438_9,0.99847525
8275_2,0.0013045068
4879_8,0.99854493
4520_10,0.9986541
2510_7,0.99687636
510_2,0.0013250223
1283_1,0.001264422
3733_8,0.997851
7708_1,0.0013045068
12219_1,0.0013045068
11654_4,0.0047552
3229_7,0.9964064
3579_8,0.99837697
1534_4,0.0022170132
7498_10,0.9985896
11392_10,0.937669
2949_1,0.0015247865
407_7,0.9967269
12388_3,0.0017007225
7779_3,0.001622967
12409_10,0.99854493
199_8,0.99821776
9330_1,0.0015011822
6196_2,0.9930962
1576_2,0.001477943
12123_4,0.0020507437
871_1,0.001622967
867_9,0.9981324
12186_1,0.0016743994
11357_1,0.0013458604
9327_4,0.0014550629
3092_8,0.98102194
6097_1,0.0016743994
4170_4,0.0015247865
3724_3,0.0022518474
4219_1,0.0017007225
12233_10,0.99845123
12050_9,0.99566853
124_10,0.9985896
9521_9,0.99847525
7991_10,0.9985896
12284_1,0.0025114634
8452_10,0.9985896
986_3,0.001648483
8504_8,0.9843364
9427_7,0.99837697
2359_3,0.8749346
7026_10,0.99827254
8726_8,0.99101454
4971_1,0.0014325365
2990_1,0.0015731123
5285_2,0.0018969199
9953_10,0.9953181
2170_8,0.9980732
10963_8,0.99736834
9176_8,0.9984988
9639_7,0.99847525
1781_1,0.0013250223
1293_10,0.99854493
10225_10,0.99837697
3821_1,0.001622967
1206_10,0.99861145
5513_1,0.0019267346
12475_2,0.0022170132
11508_9,0.99845123
6358_4,0.9976769
9646_1,0.0012843083
7957_9,0.8620035
5183_9,0.9976404
8322_10,0.9736447
4171_1,0.99242276
6498_2,0.0015247865
11893_1,0.0065897712
8209_10,0.9985221
4866_3,0.0020507437
1077_3,0.0015247865
10916_7,0.99740905
6027_4,0.0018386653
9308_7,0.997065
7130_1,0.0013458604
3326_4,0.001810211
6680_3,0.002434382
1707_8,0.01065251
5106_1,0.0014103585
1408_10,0.9986749
6773_8,0.99861145
940_3,0.0013670255
10890_10,0.99635005
3678_10,0.99863297
6871_9,0.9980122
10196_8,0.997981
12369_1,0.0016743994
4070_10,0.9984022
11755_7,0.9985221
9095_3,0.0014103585
10863_1,0.0013250223
7109_7,0.9975274
1844_3,0.0013670255
8228_2,0.0013250223
9631_4,0.001648483
3920_4,0.0015487612
19_1,0.0015487612
3929_2,0.0015731123
1506_2,0.001477943
6877_3,0.9843364
12154_7,0.0015011822
6572_3,0.0017274586
1557_2,0.0013458604
11836_7,0.0025909794
9380_9,0.9964064
11725_4,0.0014550629
6317_9,0.9983516
5022_1,0.002673006
132_1,0.0013458604
9303_8,0.9814534
4739_10,0.99827254
11228_10,0.99847525
7913_1,0.99469805
1304_3,0.001810211
2725_10,0.9984269
8484_2,0.0018969199
1866_9,0.9985221
12446_9,0.99856746
11406_1,0.001264422
7056_4,0.18155324
8615_10,0.9953181
12284_10,0.99736834
3279_9,0.99845123
9243_1,0.001810211
11_8,0.36040464
427_10,0.9984022
5446_7,0.9572778
846_7,0.0018969199
2545_4,0.030444348
8635_10,0.9985221
4410_8,0.9986541
875_10,0.99854493
392_2,0.001648483
8819_3,0.0015487612
12202_1,0.002019014
1370_4,0.9981614
340_2,0.0014325365
179_1,0.0014325365
11332_8,0.9981324
10396_4,0.0019570168
8321_1,0.0015978455
6384_3,0.001810211
5951_9,0.99847525
8137_1,0.001810211
12009_10,0.99847525
2103_8,0.9981324
11153_2,0.0014325365
4945_10,0.99827254
3193_3,0.0019570168
921_9,0.9985221
10446_10,0.990732
9961_9,0.99854493
11420_4,0.008847355
6954_2,0.0014103585
8430_2,0.0023231625
6749_3,0.20434189
5997_7,0.9966756
7611_7,0.99371004
6292_8,0.99856746
11314_1,0.0013458604
5143_2,0.0014550629
9517_2,0.0014103585
8259_2,0.0014325365
5114_8,0.99856746
3574_9,0.998103
11464_3,0.0015247865
11457_10,0.9984269
2496_3,0.9433476
6795_1,0.13614832
1904_2,0.0014325365
11524_2,0.0015247865
8223_1,0.0015731123
5566_3,0.0013885231
3550_7,0.0020829707
6059_10,0.99827254
4580_10,0.9980122
177_1,0.0018969199
8790_8,0.99486035
7784_1,0.0013250223
11892_1,0.004070138
6235_10,0.07290027
6493_4,0.0017546144
764_8,0.99854493
4052_7,0.040845715
1663_1,0.0019570168
10437_1,0.0021157034
1009_3,0.0016743994
11664_4,0.0013458604
8909_10,0.9975274
9200_3,0.9980122
7919_9,0.99824536
8603_1,0.0015978455
6976_2,0.99629277
4261_1,0.0013885231
6636_1,0.0020507437
10707_9,0.99847525
1155_7,0.99861145
7050_4,0.0029349516
1360_3,0.0014550629
8176_7,0.99832565
3301_8,0.997783
6684_3,0.001648483
2742_3,0.0014103585
7159_4,0.0013458604
8944_3,0.001477943
2077_4,0.0015011822
7145_10,0.99824536
6216_7,0.998103
8606_9,0.99832565
10608_10,0.9975274
8441_4,0.0019877742
1782_8,0.9985896
10939_8,0.998103
2702_7,0.99861145
9210_1,0.0014550629
9075_8,0.99856746
3412_3,0.0019267346
2859_8,0.9985221
6326_4,0.004331502
94_2,0.0015731123
3691_10,0.99854493
2679_9,0.9977482
1568_4,0.0012843083
3540_9,0.99788433
3710_10,0.99847525
5691_1,0.0017821962
9699_10,0.17582092
9207_4,0.0021827165
286_1,0.19806418
10891_1,0.0012843083
6177_8,0.99854493
9817_2,0.0012255674
8871_9,0.011687259
290_1,0.0013250223
8388_9,0.9981614
9195_7,0.9985896
1164_9,0.99863297
2332_8,0.998103
5406_7,0.99740905
2476_3,0.0014103585
11381_3,0.001648483
6518_10,0.99832565
3474_1,0.0015487612
603_8,0.9980122
5448_4,0.001867566
3624_8,0.9984269
11569_1,0.0013670255
9353_8,0.9985896
3119_2,0.0018386653
382_4,0.002396731
8569_8,0.99371004
2312_10,0.99856746
7531_1,0.0014550629
7150_4,0.007011795
5496_8,0.9985221
1979_1,0.0016743994
4158_2,0.0021827165
4790_7,0.99605453
11971_1,0.0015487612
197_10,0.9984269
3453_8,0.998103
915_4,0.0018969199
6991_2,0.8701566
7524_9,0.99804294
7474_4,0.89256257
284_2,0.0022872274
12483_7,0.9984269
1141_10,0.99605453
7739_1,0.0013458604
6488_3,0.0015731123
3117_1,0.0022872274
6224_8,0.99029154
9737_4,0.0015487612
2399_10,0.99863297
1044_8,0.99854493
1153_8,0.99845123
11664_9,0.99869555
10015_4,0.992062
7622_1,0.0018969199
8743_10,0.9985896
356_3,0.001810211
838_7,0.92892635
4922_10,0.9983516
3623_10,0.99832565
9424_1,0.002434382
8473_4,0.993807
9996_10,0.9985896
11242_2,0.997851
11889_10,0.99854493
11131_10,0.9985896
386_10,0.99804294
6534_8,0.9984269
11420_7,0.002019014
3119_9,0.99861145
2708_2,0.0015247865
2817_10,0.9241418
9425_7,0.99863297
11019_2,0.0017821962
1747_1,0.0054692742
4493_9,0.99635005
4728_1,0.001477943
6856_2,0.0015487612
10273_1,0.001867566
4822_8,0.99635005
10475_10,0.6930576
2678_3,0.001648483
9979_8,0.9982993
8090_1,0.0013670255
10022_4,0.0015011822
5137_1,0.002434382
6787_10,0.9985896
4027_9,0.99854493
208_10,0.99444515
569_7,0.9984269
761_10,0.9985221
2603_9,0.34975478
11692_9,0.95976204
4374_2,0.0013045068
5581_10,0.9984988
10601_1,0.3824297
637_3,0.0017821962
10238_2,0.95257413
6717_1,0.0013045068
9145_10,0.99351174
1047_4,0.99701905
6173_1,0.0012448432
985_10,0.9980732
4964_1,0.0013458604
7104_1,0.0013458604
6293_3,0.5207401
9060_3,0.0051396107
1894_4,0.0020829707
4650_10,0.9986541
12475_8,0.99818975
7563_9,0.9981614
10996_9,0.9982993
8315_4,0.00619299
710_3,0.001622967
3856_7,0.9985221
10613_8,0.998103
12141_9,0.9974885
4666_1,0.0013670255
292_3,0.0022872274
3316_7,0.99824536
10482_4,0.0017821962
9703_1,0.0059110695
6905_9,0.9984269
9138_10,0.99854493
10417_2,0.9976404
7977_1,0.0013670255
9350_8,0.9974491
4514_10,0.99863297
3964_4,0.9953181
6014_4,0.9941801
10198_2,0.0017274586
9059_1,0.0019267346
11254_10,0.99837697
2032_7,0.99847525
6895_7,0.0039454065
6921_2,0.009268014
9174_8,0.99845123
367_8,0.9978173
11410_7,0.0015487612
9387_7,0.0051396107
2227_10,0.99845123
334_2,0.0013458604
334_9,0.9984988
10893_8,0.998103
9414_10,0.037326884
9725_1,0.0013885231
10779_9,0.99832565
8654_8,0.99635005
9032_7,0.99861145
9775_4,0.0030278352
7687_1,0.0013885231
12206_4,0.0013885231
7720_8,0.9984988
6774_9,0.99827254
12469_1,0.0025114634
7249_2,0.0020507437
5146_3,0.0015011822
8629_7,0.91274774
5292_3,0.9977482
8937_7,0.99856746
9221_4,0.997917
3203_8,0.9986541
6964_2,0.99453074
6120_8,0.99832565
6962_9,0.9980732
4139_1,0.0013670255
3957_4,0.0017007225
9305_3,0.99580115
6863_1,0.0019877742
2164_4,0.009708476
12378_7,0.0015978455
10834_10,0.9983516
633_10,0.997783
10071_8,0.99847525
8167_1,0.0013885231
4232_9,0.9974885
6710_8,0.9918121
6055_1,0.0015487612
8169_8,0.99869555
10291_9,0.99701905
8149_10,0.9985896
2499_10,0.99818975
4370_2,0.0015247865
4031_1,0.001622967
11372_3,0.0017821962
9619_1,0.60112536
8822_4,0.99629277
7096_10,0.99861145
7009_10,0.99837697
2442_10,0.99854493
442_10,0.99832565
4783_1,0.0017274586
11837_9,0.9926542
5214_8,0.99861145
134_8,0.99832565
10948_1,0.0014103585
3011_7,0.99861145
4339_4,0.009859855
9638_3,0.0023596606
7186_7,0.99847525
7702_2,0.0016743994
6586_8,0.9985221
2420_8,0.99824536
1911_8,0.5525397
4707_4,0.0017821962
3954_10,0.9984988
12071_3,0.001867566
10010_9,0.9985896
8844_2,0.001867566
12312_1,0.0015978455
4874_1,0.0017546144
7270_7,0.9926542
3497_1,0.0013885231
9928_3,0.008985428
11109_1,0.0015011822
9016_8,0.9975656
1125_10,0.997783
9695_8,0.9968273
5756_9,0.0032730647
11452_2,0.0015487612
8488_4,0.002434382
9825_2,0.0023596606
7054_7,0.9969246
4359_10,0.99854493
11411_8,0.99740905
9618_8,0.99771273
12226_4,0.010818449
7752_10,0.9985221
9274_3,0.8499712
12069_10,0.9983516
4591_2,0.001477943
6065_8,0.37570646
2344_10,0.99832565
10299_10,0.99863297
8934_9,0.9984022
5041_8,0.9984988
3885_7,0.5068355
3994_8,0.99832565
11907_9,0.9984269
10181_10,0.99854493
2714_9,0.99760324
1571_8,0.9985221
6621_4,0.005641909
1062_2,0.007011795
379_10,0.99861145
62_8,0.9974885
1926_8,0.9985221
3428_7,0.9981324
2175_8,0.99832565
2006_10,0.994615
8633_7,0.9964619
12158_2,0.0014325365
11572_8,0.99837697
8859_10,0.99856746
10919_2,0.0017546144
4131_3,0.99390244
6893_1,0.0023231625
9217_1,0.0013670255
1893_2,0.0019877742
1719_2,0.0013885231
5107_4,0.001810211
2284_3,0.0020829707
1430_10,0.99845123
5207_10,0.983597
2800_8,0.99847525
7550_1,0.98677725
9035_9,0.997917
11548_10,0.9984988
6037_4,0.98677725
518_4,0.037326884
12237_2,0.0015978455
10266_7,0.99788433
12032_1,0.0015247865
2494_4,0.0014550629
8062_3,0.9971551
4665_1,0.0015247865
6082_8,0.99847525
7225_4,0.0017821962
9080_1,0.001648483
9606_4,0.0025114634
494_2,0.0017274586
6274_10,0.99847525
4170_9,0.99736834
9218_10,0.9971551
10377_8,0.99711037
10597_10,0.9983516
958_4,0.001477943
9958_4,0.92683524
129_9,0.99856746
2804_9,0.99845123
8935_1,0.001477943
12229_3,0.0025909794
5048_4,0.0017274586
6509_4,0.0017007225
1812_8,0.9986541
5695_1,0.002434382
2021_10,0.9985896
9892_2,0.001867566
9239_10,0.9982993
5398_2,0.001648483
4458_7,0.99611557
11730_8,0.99832565
9853_1,0.0014550629
2258_10,0.99854493
9345_10,0.9985896
64_3,0.013121271
10423_9,0.99827254
2220_9,0.69945973
192_10,0.9984988
12143_9,0.9981614
2113_7,0.99845123
5294_10,0.99837697
7025_9,0.9985896
6300_3,0.0015011822
8043_2,0.0013458604
6628_1,0.0022518474
12138_3,0.99444515
1333_7,0.0123361
10515_3,0.001264422
11949_9,0.9983516
2854_1,0.0013885231
142_8,0.9982993
3706_1,0.001264422
6149_10,0.9952448
8429_3,0.001810211
6151_10,0.99847525
4861_8,0.99444515
8764_9,0.1732882
540_1,0.002673006
10693_1,0.002019014
2346_4,0.9918121
1532_4,0.0019267346
1099_2,0.0013885231
3818_10,0.9911527
2617_10,0.97754294
1709_1,0.0014550629
4649_10,0.9982993
4085_10,0.99837697
4478_9,0.99854493
1032_10,0.99854493
3642_7,0.0015487612
5656_8,0.9983516
11916_3,0.004681822
6672_10,0.9975656
4225_7,0.997065
996_3,0.0019877742
7421_10,0.9980732
9431_7,0.9975656
11121_9,0.99847525
5054_8,0.9981324
9187_8,0.99657035
9096_7,0.9974885
10318_8,0.9982993
5348_2,0.0025509126
6666_8,0.9985896
6648_9,0.23792991
1405_10,0.99861145
8981_4,0.99605453
10248_9,0.9969246
4101_8,0.9985896
3076_4,0.02576056
1598_1,0.001810211
8430_10,0.9982993
9999_1,0.0054692742
805_1,0.0012843083
7821_7,0.99821776
10849_10,0.99854493
8400_7,0.99740905
4807_4,0.0020507437
8353_4,0.017442483
10445_10,0.9923044
7058_2,0.006003596
9715_2,0.0017546144
10934_3,0.0014550629
8215_10,0.99845123
7268_10,0.9985221
5521_8,0.21272226
8565_1,0.0015731123
8197_3,0.0013458604
12004_9,0.9962346
10257_3,0.004681822
6260_2,0.0015247865
10481_9,0.9984269
7598_2,0.0013458604
8106_10,0.99788433
8049_3,0.0019570168
7124_2,0.0013045068
3858_1,0.0015011822
1445_9,0.001648483
6346_1,0.001622967
678_7,0.83973396
10247_1,0.8040984
1287_8,0.99818975
11873_1,0.001477943
7198_1,0.0016743994
3237_7,0.9693242
2029_8,0.99856746
26_10,0.99861145
9153_1,0.0013045068
12004_2,0.005384938
4105_10,0.9985896
1168_10,0.99863297
5312_4,0.99298817
2907_1,0.0014325365
7247_9,0.9977482
107_10,0.9985896
412_2,0.028220987
2078_4,0.87621135
7997_9,0.005060332
12397_10,0.99804294
10052_7,0.99863297
6559_7,0.05184547
12143_4,0.003707253
3496_7,0.99832565
3569_10,0.998103
9270_10,0.64281094
2811_3,0.0015978455
9673_7,0.0019570168
325_1,0.0029349516
11741_3,0.0014103585
10562_7,0.9941801
5687_9,0.9984269
4601_4,0.0015247865
5698_8,0.0013670255
11257_4,0.004133968
4391_1,0.0015247865
4703_10,0.9984988
12191_3,0.0013458604
113_8,0.99736834
9831_1,0.0015247865
7388_7,0.9985896
1661_10,0.99863297
3703_2,0.0015011822
6077_2,0.008445628
935_4,0.5609743
7617_7,0.99827254
7387_3,0.001622967
7889_7,0.99687636
803_3,0.0015978455
9557_9,0.9984988
4299_10,0.9981614
6785_3,0.0019570168
5185_7,0.9983516
9590_1,0.7823301
10811_9,0.99827254
34_1,0.004133968
12221_2,0.0013885231
6436_10,0.9984269
8299_2,0.0022872274
7242_9,0.99856746
3247_10,0.4736572
8466_3,0.001622967
5784_9,0.99847525
794_7,0.99845123
4986_3,0.0014550629
7786_7,0.9984988
9324_10,0.99837697
2095_9,0.9954615
10798_1,0.0014103585
4193_1,0.0014103585
12063_10,0.9981324
3976_7,0.99771273
8657_1,0.002631674
2850_4,0.051462766
4522_7,0.998103
6028_1,0.08787644
6000_4,0.001477943
8712_1,0.001648483
3969_8,0.99854493
4245_4,0.0040072887
3873_7,0.99771273
68_9,0.9981324
890_9,0.99771273
5922_1,0.0015731123
2582_2,0.001622967
5704_4,0.0015978455
9307_8,0.017309094
4114_8,0.9982993
5540_7,0.997851
157_10,0.99861145
748_1,0.0014103585
7045_1,0.0015731123
9526_3,0.011331754
6519_2,0.0016743994
11254_4,0.0035936027
9498_1,0.0013458604
7192_8,0.99804294
2388_1,0.0013670255
12002_8,0.9980122
8394_1,0.001477943
10656_8,0.9981324
7261_9,0.99832565
10434_8,0.99740905
139_9,0.034880888
4538_1,0.0015731123
4038_2,0.0014550629
12228_4,0.008061991
3619_8,0.99856746
10411_3,0.021287354
7278_1,0.0013458604
2304_3,0.0014550629
5636_3,0.6878397
8833_9,0.99827254
504_1,0.025957355
12313_1,0.0015247865
11161_1,0.0015487612
72_4,0.002673006
4976_1,0.0015247865
10018_8,0.09073549
12142_8,0.9956006
4821_8,0.99804294
9058_2,0.0014550629
6347_1,0.0014103585
3346_8,0.99824536
1481_10,0.99845123
10178_1,0.0015487612
2851_8,0.9982993
12095_3,0.0021157034
11978_3,0.008985428
7172_9,0.9985221
8450_1,0.0012255674
7464_1,0.0033244372
12327_1,0.0015731123
5622_4,0.0036499873
9170_3,0.0013250223
10955_10,0.9826909
6161_2,0.0021827165
11222_10,0.99863297
3844_7,0.9981324
11443_3,0.0015011822
4004_7,0.0028449094
11015_10,0.9984022
3860_1,0.0015731123
11600_2,0.0018386653
6849_8,0.99847525
1966_1,0.0025114634
4828_8,0.9952448
675_8,0.0094125895
9068_7,0.99193794
5924_8,0.9984022
10733_10,0.9967269
8369_7,0.9985221
5213_4,0.001477943
2558_4,0.0015487612
47_10,0.99847525
2601_10,0.0053018946
7360_9,0.99832565
1289_1,0.0015487612
9875_4,0.9853843
2449_1,0.0020507437
10020_8,0.9980122
6761_3,0.14223188
7544_10,0.9984988
4380_3,0.0014103585
3946_10,0.9984269
6968_10,0.9978173
3006_2,0.0015487612
11942_1,0.0013045068
2715_9,0.99845123
6065_4,0.9403531
6866_1,0.61312073
6620_10,0.9985221
3177_1,0.0014325365
4051_10,0.8620035
880_3,0.0013885231
6504_1,0.001477943
12193_3,0.0014325365
8570_3,0.001264422
8025_1,0.001622967
12316_1,0.0015731123
10842_10,0.99824536
2066_10,0.998103
4416_10,0.99827254
5327_1,0.0015731123
3500_1,0.0015011822
4072_7,0.99818975
5833_7,0.99586606
2989_8,0.99477994
1905_8,0.9891816
5421_1,0.0019877742
1479_8,0.99854493
5092_1,0.001477943
4840_1,0.0038844768
54_10,0.9985896
9203_9,0.9941801
3949_2,0.0012843083
3615_1,0.0013885231
8748_10,0.997981
108_2,0.0024726235
2280_4,0.9875683
6454_3,0.95565146
4071_1,0.001867566
2022_9,0.997917
2600_1,0.0013885231
2482_10,0.99821776
7347_9,0.99861145
7190_4,0.0018969199
7174_7,0.005060332
5823_3,0.14414886
8051_10,0.99580115
7503_2,0.0014103585
2341_1,0.0015978455
516_9,0.9980732
8309_4,0.0021489493
10789_4,0.0019267346
11286_1,0.0015011822
4770_1,0.0015731123
7262_4,0.99701905
11636_9,0.99736834
2340_1,0.0014103585
3407_3,0.0015487612
2922_9,0.99701905
9708_2,0.004905406
2362_3,0.0013250223
3729_8,0.99854493
2265_9,0.99861145
1439_1,0.0013250223
8020_2,0.0017274586
5581_2,0.9933072
6503_1,0.0033244372
10101_9,0.7892337
7853_8,0.9985896
6229_1,0.001477943
1351_7,0.99444515
2764_10,0.9976769
4617_10,0.011687259
1265_2,0.0014325365
11424_4,0.8233284
219_8,0.99832565
2241_10,0.99854493
8400_2,0.0022872274
4399_1,0.001477943
9110_4,0.199308
294_1,0.0017546144
4646_4,0.0015731123
8267_3,0.0021157034
8829_4,0.9914225
3174_7,0.9986749
6557_4,0.0015487612
8286_4,0.005384938
2611_8,0.9449947
3422_4,0.98657167
4632_4,0.97838473
6448_4,0.0016743994
11485_3,0.0022170132
8526_7,0.0027149855
10172_9,0.9953181
5043_2,0.001264422
7865_1,0.0015731123
6343_8,0.99856746
9225_9,0.99854493
2764_4,0.0014325365
8446_10,0.05184547
3329_9,0.99861145
9142_8,0.9984022
9567_1,0.002019014
7933_8,0.9984269
5655_10,0.2052962
12076_10,0.99837697
6455_7,0.9984269
7202_10,0.99854493
7747_10,0.99847525
9072_10,0.997783
11374_10,0.99861145
3032_9,0.997285
3065_10,0.99771273
1216_10,0.9813107
732_8,0.9975274
7586_4,0.21667379
12012_10,0.997917
5280_4,0.0030278352
2687_4,0.287968
7659_3,0.0019877742
2813_4,0.7962924
6992_9,0.99242276
5468_10,0.9984988
10035_1,0.0013045068
10283_10,0.9942697
5439_8,0.99827254
8930_2,0.0020507437
8681_7,0.99824536
8521_1,0.0014103585
4213_1,0.0015011822
9751_1,0.0019570168
935_10,0.99861145
5082_1,0.0014325365
1802_1,0.0015011822
11455_10,0.9981324
1794_9,0.99553156
3708_10,0.99854493
6174_8,0.9507779
2210_8,0.9930962
6259_7,0.9863631
12471_8,0.9981614
3260_10,0.99847525
4717_1,0.001648483
8673_2,0.0015487612
6362_3,0.0025509126
7986_1,0.0013670255
10555_3,0.0022872274
10468_2,0.0015011822
5354_10,0.99854493
5760_2,0.0017821962
1380_2,0.0040072887
12054_9,0.9984988
3794_10,0.9971551
7842_1,0.0015247865
2236_7,0.99827254
8449_1,0.0028009268
9993_2,0.0025114634
6947_1,0.0014550629
11369_10,0.9951703
8186_4,0.001648483
7017_2,0.9952448
725_8,0.9974491
9298_8,0.9980122
1695_7,0.9968273
7762_1,0.0018386653
3466_10,0.9877587
1794_4,0.0013885231
3804_10,0.9982993
7642_3,0.001477943
9538_10,0.008711384
10107_2,0.0013458604
4755_8,0.9943581
9679_1,0.0014550629
11300_1,0.0013458604
8747_3,0.0017007225
4145_1,0.0014550629
8066_7,0.20370752
6306_10,0.99832565
6021_10,0.99856746
4860_10,0.99847525
4608_2,0.0017007225
2380_1,0.0015487612
9709_8,0.9985221
8057_4,0.9984269
8624_1,0.0015011822
6117_10,0.99856746
3641_9,0.9971551
8710_3,0.002019014
9158_10,0.9984988
1129_2,0.0015247865
8320_4,0.002673006
10219_4,0.0015011822
6625_1,0.004070138
1988_1,0.99341017
5032_1,0.0021489493
1042_7,0.9161096
1895_4,0.0013045068
10057_1,0.001477943
9898_10,0.99863297
3809_2,0.0015247865
7994_2,0.0015247865
2751_4,0.001810211
3102_1,0.0015011822
12393_7,0.32477057
4521_7,0.983343
11169_8,0.9981324
7227_4,0.997285
4956_9,0.0033766124
7592_9,0.99837697
656_7,0.99760324
11534_3,0.0014325365
774_8,0.99847525
7756_1,0.001648483
2720_8,0.9979493
11227_10,0.99854493
10462_3,0.9500415
4041_10,0.997783
7327_1,0.0015011822
4056_8,0.99856746
11684_10,0.99869555
5544_8,0.99863297
3799_8,0.99861145
3593_10,0.99856746
4602_4,0.0027576222
2123_2,0.0012448432
9773_10,0.99863297
10956_4,0.0031236487
5139_3,0.0016743994
8804_10,0.9985221
1784_2,0.0023596606
11022_1,0.0014103585
9366_1,0.0013670255
12113_7,0.99486035
2375_7,0.63376445
3911_10,0.99845123
10834_2,0.0015731123
9319_1,0.0015487612
3923_3,0.9309621
4630_10,0.9986541
2625_10,0.99818975
10159_7,0.99854493
2339_1,0.0019570168
8577_3,0.0017007225
4062_7,0.9984022
6677_2,0.0015978455
7818_8,0.99837697
4939_2,0.001810211
6937_4,0.997285
1286_1,0.0013458604
878_2,0.0015731123
2357_7,0.9975656
3397_3,0.99711037
11214_10,0.9142907
8045_1,0.0015978455
2943_1,0.0032224844
1518_10,0.9982993
2792_9,0.9985221
6437_7,0.9813107
8734_7,0.99824536
6165_2,0.0015731123
11956_2,0.001648483
7021_1,0.87831426
3369_1,0.19775414
5829_2,0.001810211
11742_9,0.9979493
11370_1,0.0022872274
1502_1,0.004609572
9933_1,0.0013458604
4619_10,0.9985221
6842_1,0.19193278
2770_10,0.9974491
2343_4,0.001810211
3071_8,0.9984988
3046_8,0.997783
8354_4,0.0014325365
5632_10,0.9986541
3901_4,0.141756
6950_10,0.99863297
2431_9,0.9971551
10614_9,0.9985221
41_4,0.5234204
5039_3,0.79085356
2827_1,0.0014103585
2860_8,0.998103
6868_9,0.9984269
4597_3,0.9950177
8795_10,0.45568302
11941_7,0.99804294
12442_1,0.0013045068
9736_7,0.9983516
1102_9,0.99788433
4291_7,0.99863297
4523_1,0.0017821962
5349_1,0.0015487612
3363_7,0.12463858
11393_3,0.0015978455
1647_1,0.0013670255
6143_4,0.6667952
1863_1,0.0014550629
10099_9,0.9969246
4163_8,0.99687636
9357_8,0.99856746
10941_10,0.9974885
6883_10,0.99847525
11090_4,0.9826909
3480_1,0.64097303
10795_1,0.75346667
5865_1,0.001622967
2484_8,0.99341017
3023_4,0.0015487612
2818_2,0.0015247865
719_7,0.0054692742
5297_4,0.0015731123
12194_10,0.99832565
2929_8,0.9984022
7911_2,0.0019267346
10619_9,0.9884919
5192_9,0.99854493
2170_1,0.21833585
4659_10,0.9984269
8536_7,0.99804294
11119_1,0.0013458604
7887_3,0.99477994
11742_1,0.013222822
5867_7,0.9974491
7538_7,0.9964064
1834_9,0.99847525
6499_8,0.002019014
2073_10,0.006903838
3881_10,0.99701905
802_7,0.9978173
1733_1,0.0015487612
11527_1,0.0016743994
4316_2,0.0013250223
9812_1,0.018264279
8911_10,0.99740905
7687_10,0.997917
4240_10,0.99845123
1778_1,0.0015247865
11822_1,0.001477943
7820_1,0.0013045068
235_4,0.96210754
8373_7,0.99824536
92_1,0.0013670255
716_10,0.9957353
4028_7,0.9984988
5533_7,0.42321962
2605_9,0.9984988
6665_1,0.0014103585
178_10,0.9977482
9886_2,0.010328153
11779_10,0.9943581
5124_4,0.0014325365
1956_2,0.0017274586
2933_1,0.0019267346
8737_1,0.0024726235
8755_9,0.99861145
5032_8,0.9986541
9246_10,0.99861145
9610_1,0.0014550629
7011_2,0.0022872274
1602_1,0.007232764
3367_1,0.0015731123
2756_8,0.9984988
12042_9,0.99854493
2641_3,0.0012843083
9202_10,0.99854493
1953_2,0.0013458604
5303_1,0.0014325365
975_7,0.99827254
2447_4,0.031858858
294_8,0.99509466
11643_7,0.9983516
8743_1,0.0013458604
2661_4,0.002019014
8638_10,0.99804294
4793_10,0.9983516
7461_8,0.99788433
830_4,0.0015731123
5770_7,0.7725307
1989_1,0.0016743994
5514_3,0.0013670255
5842_3,0.0013885231
11813_1,0.0017007225
7811_10,0.997917
7707_4,0.0023231625
1205_10,0.99837697
10326_10,0.99832565
4881_9,0.99818975
8244_10,0.99869555
7647_1,0.0014550629
4376_10,0.99856746
6744_2,0.004133968
6769_7,0.9984988
494_10,0.997285
6188_4,0.0020507437
5859_1,0.0014550629
6801_3,0.0013458604
10990_8,0.99832565
6057_8,0.99553156
3017_1,0.0032224844
7617_1,0.0021827165
8340_7,0.9961755
746_7,0.9840936
9290_10,0.99711037
1525_10,0.99832565
11044_7,0.99847525
9367_10,0.99861145
5705_10,0.9981324
11375_10,0.9986541
11320_1,0.0015247865
754_9,0.9971551
7040_10,0.9985896
10740_4,0.0014103585
8839_10,0.9983516
11614_4,0.0013458604
10867_9,0.99856746
12406_10,0.99845123
12081_10,0.99832565
8763_10,0.99863297
4103_1,0.001477943
5600_1,0.0015011822
5345_2,0.0014550629
10679_8,0.99486035
11709_1,0.002019014
6872_4,0.0014103585
9096_3,0.9961755
3417_9,0.99821776
5154_3,0.9830851
6071_10,0.9981324
5685_9,0.9982993
7937_10,0.9983516
3628_1,0.001648483
7374_2,0.0016743994
1862_8,0.0023596606
6602_1,0.0013250223
1401_10,0.9984269
12157_3,0.0016743994
5636_8,0.9985221
2049_10,0.9984022
9402_8,0.9976404
12455_10,0.9984269
11062_2,0.0015487612
9163_10,0.9969722
2879_7,0.007121429
2840_9,0.9976769
9893_8,0.99845123
11857_1,0.0028009268
7776_10,0.99827254
10365_7,0.99719906
6186_7,0.9966234
7071_1,0.0013670255
5132_1,0.0015487612
8971_4,0.002673006
3415_1,0.0013458604
3622_1,0.0017546144
7446_10,0.99845123
4644_9,0.007937994
3923_10,0.9980122
3503_8,0.99837697
8685_7,0.8688268
1683_2,0.0017821962
3417_4,0.0017274586
10443_3,0.0053018946
4620_3,0.9932025
5658_1,0.008847355
4185_1,0.001477943
3727_10,0.9981324
5334_1,0.0015247865
7113_7,0.9814534
8713_1,0.0014325365
2865_7,0.0025114634
2956_4,0.0017274586
2455_8,0.9985221
97_7,0.38676345
6789_10,0.9985221
8639_8,0.99821776
1563_8,0.99629277
3169_9,0.99837697
7627_10,0.99586606
1649_10,0.99854493
2287_10,0.9984269
9479_1,0.0015978455
7705_1,0.001477943
10803_2,0.0015731123
6076_9,0.997851
4263_3,0.001648483
4726_10,0.99856746
11738_9,0.9968273
9250_9,0.99832565
2638_1,0.0013045068
11357_7,0.99371004
12135_3,0.002673006
7296_10,0.9984988
10674_7,0.99837697
7674_9,0.9984269
5575_1,0.001648483
8120_7,0.998103
1617_1,0.0017274586
7090_3,0.0015011822
3793_4,0.0017007225
2658_10,0.99736834
9942_3,0.99298817
9520_9,0.99837697
10638_1,0.0019570168
9066_10,0.99861145
3408_4,0.001477943
7526_1,0.010013569
10821_3,0.0014550629
5887_10,0.9984988
12470_3,0.0014550629
4033_8,0.99732697
1949_10,0.9980122
9859_4,0.0021827165
11183_9,0.99856746
8533_4,0.0017274586
10236_10,0.99804294
6111_3,0.07585818
5475_8,0.99832565
3342_3,0.0031236487
8335_1,0.997917
4812_9,0.99854493
2306_4,0.9161096
4596_7,0.0030278352
10431_2,0.0013250223
5077_9,0.997285
1301_9,0.9976404
8979_9,0.99845123
4226_9,0.9984988
5544_3,0.0014325365
7954_2,0.001622967
3935_4,0.0064882697
7076_4,0.0031236487
10208_10,0.9985221
3737_3,0.0017274586
1689_8,0.83761996
6585_9,0.9985896
6096_3,0.0019570168
11052_4,0.0015247865
7783_10,0.9984022
5157_10,0.98866826
5465_10,0.99821776
11361_10,0.9979493
7560_3,0.9905874
9781_4,0.0018969199
11681_10,0.99861145
6127_7,0.9805807
1799_9,0.9984988
10849_2,0.0014325365
4274_7,0.99740905
15_10,0.9965166
11338_1,0.0013670255
5750_2,0.0013670255
9335_8,0.99832565
8359_7,0.9975656
9527_7,0.9985896
1336_1,0.0014103585
9893_3,0.0030753699
11229_9,0.9984988
5948_9,0.9974885
9733_4,0.0038244836
6377_8,0.99854493
1427_10,0.9982993
9023_3,0.0014325365
2151_2,0.0014103585
1744_1,0.0017007225
6367_10,0.9983516
9143_8,0.9949397
6176_8,0.99845123
11388_10,0.99847525
1493_10,0.9981614
6615_1,0.001477943
4654_2,0.0021157034
599_9,0.99771273
7256_10,0.99832565
11993_1,0.0111580305
992_7,0.99861145
8871_2,0.0015487612
11483_1,0.001622967
3322_1,0.9966756
9827_4,0.9856076
8063_3,0.0014325365
7397_3,0.004905406
3040_4,0.0013045068
11682_2,0.004609572
8738_10,0.99863297
9905_4,0.0017546144
6437_1,0.0015011822
4319_9,0.9985896
5353_4,0.9896718
12207_9,0.9883128
6166_7,0.997285
12243_4,0.0021157034
1219_1,0.0014325365
10292_10,0.99837697
10132_10,0.9985221
6898_10,0.9984988
8469_8,0.9941801
10393_1,0.99553156
7509_1,0.0022872274
9468_9,0.9980732
9002_1,0.0014325365
891_9,0.993807
5156_4,0.004609572
2321_1,0.0013458604
11859_8,0.9978173
12262_7,0.9969246
6198_4,0.98951083
5699_1,0.0013885231
4252_10,0.0027149855
10618_10,0.99861145
3226_10,0.9985896
7227_7,0.31030238
11047_7,0.9983516
9569_7,0.9983516
8933_4,0.9979493
4513_8,0.9975274
1271_9,0.99847525
6327_2,0.001264422
10012_9,0.9978173
10090_3,0.0016743994
8564_1,0.001648483
10905_8,0.99861145
6828_2,0.001477943
1730_1,0.0015247865
3404_3,0.0017007225
12428_1,0.0018969199
5180_1,0.001648483
10554_9,0.9975656
527_2,0.016152835
10296_8,0.99861145
543_4,0.004609572
10235_3,0.04304285
3743_4,0.012241275
8792_3,0.0019267346
3597_1,0.0019267346
12320_1,0.001477943
11672_8,0.99760324
7237_4,0.004905406
3726_7,0.0023596606
6643_2,0.0017007225
2743_10,0.9985221
10184_9,0.9984988
1929_1,0.0029349516
666_7,0.3063195
4548_4,0.0013250223
4153_4,0.0015011822
7356_4,0.022802636
8843_10,0.9985896
7552_8,0.99861145
6494_8,0.99821776
3547_7,0.99740905
810_1,0.99101454
7672_9,0.99827254
4945_3,0.0022518474
12427_8,0.9964064
749_7,0.9984988
10706_10,0.99856746
10969_1,0.0014103585
340_9,0.9985896
2154_8,0.99804294
3715_1,0.0014325365
2388_10,0.9984022
5905_2,0.0034834242
3774_10,0.99837697
3070_1,0.0015487612
4789_10,0.9985221
1509_2,0.0013885231
2350_8,0.99863297
11137_1,0.0014325365
10987_1,0.001477943
5815_1,0.99788433
7272_10,0.9985221
4651_10,0.9986541
4184_1,0.0014325365
9636_10,0.9982993
8592_10,0.9964619
3068_3,0.0020507437
8899_4,0.001477943
10018_1,0.0015247865
5821_10,0.99863297
3232_4,0.0015247865
10795_10,0.99657035
7461_3,0.0014550629
10874_7,0.78825736
9672_10,0.99847525
1908_10,0.992062
4014_9,0.01384861
10488_3,0.0013670255
2501_7,0.9984988
12339_3,0.76242405
2698_10,0.99856746
1674_1,0.0015011822
10366_8,0.0015247865
12059_10,0.99861145
8285_4,0.0017546144
4120_8,0.9984269
4238_7,0.99837697
10516_1,0.0019570168
2478_9,0.99566853
7807_2,0.0013885231
10704_1,0.001622967
791_4,0.0020507437
2514_4,0.9976404
3095_10,0.9965166
1770_10,0.9984269
11115_2,0.0040072887
10797_1,0.0020507437
11347_1,0.0014550629
7077_10,0.99837697
403_1,0.0015731123
5852_7,0.9951703
8451_8,0.9986541
7013_1,0.0013670255
10346_9,0.9982993
3055_7,0.9950177
4687_1,0.019124037
8467_10,0.99854493
11363_10,0.9983516
277_9,0.9985221
1715_2,0.0094125895
9249_1,0.0013458604
1895_10,0.08694165
5505_3,0.0014325365
1323_9,0.99861145
4200_10,0.997783
682_4,0.0017007225
12020_4,0.001622967
5824_10,0.99821776
4475_10,0.99845123
891_1,0.0017007225
2713_8,0.9984269
2084_9,0.9939964
1535_3,0.0022872274
7862_8,0.99854493
8055_9,0.99818975
6604_7,0.9967269
7714_1,0.0014103585
5606_7,0.99824536
7277_10,0.9984988
3197_1,0.0013045068
406_7,0.005220126
6948_9,0.99845123
4196_8,0.032100707
1723_10,0.9982993
11625_4,0.0015487612
1259_1,0.0012843083
5283_10,0.9983516
8407_4,0.0017546144
5561_8,0.9984988
7653_3,0.0017274586
8646_1,0.0013670255
8053_8,0.9981614
1879_7,0.99341017
1645_2,0.0029810332
12222_7,0.05223086
3966_1,0.0018386653
4754_1,0.0013458604
8920_9,0.9967775
11920_9,0.99847525
4747_2,0.001477943
2108_8,0.064653486
9017_7,0.9983516
994_7,0.9968273
11155_10,0.9966234
6249_9,0.99845123
5926_9,0.9985221
12486_1,0.69471705
4918_8,0.99788433
1357_9,0.9984269
6051_2,0.0059110695
4589_10,0.9883128
12401_4,0.0016743994
4083_8,0.9982993
10373_10,0.99856746
7467_8,0.9968273
2220_1,0.0014103585
6882_7,0.9967269
10551_10,0.99832565
4043_10,0.99845123
11078_8,0.9964619
4280_9,0.99863297
8594_10,0.99863297
10652_9,0.9981324
2206_10,0.99845123
9014_2,0.0018386653
10215_4,0.0020829707
3549_2,0.0015011822
10445_1,0.0014103585
10819_9,0.9984269
10691_1,0.0014550629
3855_10,0.9984022
7809_2,0.0051396107
3022_7,0.998103
694_8,0.998103
13_9,0.9985896
10972_10,0.9986541
9187_1,0.0017546144
12354_3,0.9026096
4793_1,0.0013885231
10696_1,0.0019570168
12446_1,0.0012843083
1488_10,0.99847525
904_10,0.0022872274
11057_1,0.001622967
2132_8,0.9959927
1406_10,0.99863297
11366_3,0.0015978455
9957_4,0.004609572
12096_1,0.0012065897
3827_3,0.001622967
11686_2,0.0013045068
4387_9,0.9983516
9955_9,0.0037654138
12103_10,0.99827254
11506_10,0.99847525
793_1,0.9926542
8001_1,0.0013045068
8823_4,0.0047552
1787_7,0.99845123
5484_10,0.99832565
3557_9,0.99818975
615_8,0.99827254
410_2,0.0020829707
5800_2,0.0017546144
3143_4,0.0028449094
11359_2,0.0014103585
7016_10,0.99847525
3711_2,0.0013885231
8580_10,0.7538293
5615_9,0.99854493
9202_2,0.0014103585
4776_2,0.0023596606
8436_10,0.9982993
2097_8,0.9979493
6935_4,0.99553156
2656_1,0.0017007225
11446_7,0.9982993
5392_4,0.0018386653
6451_9,0.9985896
11054_8,0.997065
8677_8,0.76454014
8761_3,0.009125638
9297_1,0.001477943
12480_2,0.0014325365
11736_9,0.9914225
4156_8,0.9984269
1955_10,0.99863297
12350_1,0.005060332
5439_1,0.0015731123
1342_10,0.99824536
7271_1,0.001810211
1868_4,0.86293024
4497_9,0.9980732
1729_10,0.99845123
4593_8,0.99361163
11296_7,0.99804294
9573_4,0.9976769
11678_2,0.001810211
6790_9,0.9985896
12298_2,0.0021157034
9839_3,0.001810211
1348_1,0.0015487612
7004_8,0.99837697
10414_10,0.99847525
3826_3,0.0015978455
9313_4,0.9791955
10543_3,0.0013458604
6909_9,0.9932025
11377_10,0.99856746
2591_9,0.9981614
11355_2,0.0013885231
9274_8,0.9980732
4521_4,0.064653486
12208_9,0.9985221
4948_2,0.0013250223
3732_1,0.0015011822
12096_10,0.99832565
7135_3,0.0023231625
10310_8,0.99827254
1959_1,0.0015731123
10383_1,0.0013885231
106_9,0.9974885
7085_7,0.99788433
11070_8,0.99856746
6850_10,0.9982993
12476_4,0.004264634
1917_10,0.99856746
1341_3,0.0015011822
4062_1,0.0020507437
5594_4,0.020488555
11963_1,0.0045384313
2777_9,0.99804294
9871_7,0.99361163
949_8,0.004198795
7436_10,0.9984022
738_10,0.88875884
4893_1,0.0015247865
6100_10,0.99341017
10219_9,0.99804294
4004_2,0.2295352
5945_10,0.9985896
10183_9,0.9985896
3465_10,0.9983516
4408_1,0.0013250223
5810_7,0.997065
188_3,0.002889581
7835_1,0.00818791
1648_9,0.9968273
7971_8,0.9985221
11809_1,0.0013250223
5352_10,0.993807
1476_8,0.9974491
602_10,0.9984269
9669_2,0.0021157034
93_9,0.9984988
10787_10,0.9967269
10958_8,0.9984269
6608_1,0.0015011822
7058_10,0.99854493
4401_10,0.997851
9315_8,0.9967269
9670_3,0.0037654138
10537_3,0.0014325365
1033_2,0.001477943
12085_10,0.997065
9373_7,0.9985896
8302_2,0.0014325365
10138_2,0.0028449094
6814_10,0.99856746
9778_1,0.0014103585
5149_7,0.99847525
6191_3,0.94853723
7466_3,0.0017821962
10051_2,0.0017007225
5262_2,0.0029810332
2906_1,0.0012843083
8625_9,0.9532751
2118_4,0.0015487612
11547_3,0.0015247865
11384_7,0.9985896
123_10,0.99847525
11115_7,0.9982993
9348_10,0.99854493
568_9,0.9850429
7731_9,0.9986749
6548_8,0.11008788
9235_4,0.0018386653
430_10,0.9985896
10790_1,0.0013250223
10691_10,0.99863297
2324_9,0.9985896
11031_1,0.0014103585
5465_4,0.0025509126
5545_4,0.0013045068
5546_10,0.99824536
9010_2,0.0013885231
7205_10,0.99854493
7580_10,0.99788433
2052_3,0.0013885231
6284_7,0.99837697
12001_3,0.0014325365
3458_9,0.9984022
9013_2,0.0014103585
5839_4,0.8749346
10809_10,0.9984269
3077_2,0.0015487612
11373_3,0.0018969199
7083_9,0.9984988
10846_10,0.9984988
11815_10,0.9984988
4730_1,0.0014103585
3320_7,0.01812472
4782_10,0.997917
3410_3,0.0013885231
5142_10,0.99821776
3947_1,0.001648483
3016_8,0.022457054
12114_4,0.5784482
11039_8,0.9982993
5902_7,0.99635005
5351_8,0.998103
1654_10,0.9985221
5731_4,0.0018386653
10985_9,0.9985221
8724_1,0.0015731123
9854_3,0.0015487612
2054_1,0.0014325365
11385_4,0.98469365
5919_4,0.0014325365
9898_1,0.0014325365
11874_8,0.9967775
4496_3,0.008315778
5231_1,0.0013458604
10070_3,0.001477943
2345_8,0.9983516
9311_10,0.9985896
1036_10,0.9984022
6603_4,0.001477943
2138_9,0.994615
10546_10,0.99824536
3217_10,0.9981324
12188_10,0.99861145
5986_2,0.36653304
352_10,0.9984269
8557_3,0.001810211
10453_10,0.99847525
4397_4,0.0015731123
673_2,0.0040072887
10305_10,0.99863297
11985_1,0.0013670255
3457_1,0.0016743994
500_1,0.0012843083
10637_9,0.992062
8144_10,0.99818975
8485_1,0.001867566
1632_7,0.9914225
2404_8,0.9985221
11489_10,0.99861145
7590_1,0.0014325365
12460_2,0.16184944
11729_10,0.99788433
2796_7,0.99845123
8015_2,0.0015011822
8258_4,0.0013250223
2272_3,0.9914225
7178_10,0.99832565
8476_8,0.9982993
3411_4,0.0020507437
8319_10,0.99804294
11799_10,0.99854493
8585_4,0.9981324
4640_10,0.99824536
12199_1,0.0015247865
8380_7,0.9978173
8712_10,0.9985221
12482_9,0.9984988
4813_1,0.001810211
119_9,0.9966756
7850_10,0.99827254
5536_1,0.0016743994
10576_1,0.0015011822
2803_1,0.0019267346
11788_4,0.0012843083
6681_3,0.002434382
2503_10,0.9984022
88_3,0.0025509126
7389_4,0.9898303
8793_9,0.9986541
4911_7,0.99847525
6495_4,0.0018386653
10670_1,0.0017821962
2203_10,0.99845123
7588_10,0.997917
7095_7,0.9980122
6748_8,0.9974491
10348_1,0.0016743994
2568_8,0.9046505
10292_2,0.0029810332
1112_3,0.0021489493
5322_7,0.9927672
4291_4,0.001477943
1212_7,0.76171577
7963_10,0.99771273
6156_1,0.001622967
713_1,0.0015011822
11606_8,0.9983516
10975_10,0.9984022
4638_10,0.9982993
800_8,0.9981324
1389_3,0.0035936027
10045_1,0.0014103585
3529_1,0.0024726235
1921_2,0.001648483
4824_8,0.997917
10688_10,0.99788433
84_10,0.99856746
225_3,0.0018969199
9756_10,0.9984022
7601_8,0.9839708
6342_3,0.0021489493
7711_1,0.0014103585
12133_7,0.9984022
8026_3,0.0021489493
4551_10,0.99861145
545_4,0.0017274586
343_1,0.6837363
10788_4,0.7866228
8711_2,0.0021489493
5493_10,0.99856746
9358_1,0.99128854
2185_3,0.0013458604
9720_2,0.0013670255
4481_8,0.9985221
6528_2,0.0017274586
11928_8,0.99771273
6591_7,0.9982993
10876_1,0.04922211
11253_10,0.0094125895
2190_3,0.0028449094
4281_3,0.001477943
7971_3,0.001622967
11649_2,0.001477943
5199_3,0.004198795
12258_3,0.8891444
5922_8,0.9986541
11136_1,0.001477943
7941_10,0.9984022
1412_7,0.99861145
11053_3,0.9942697
5586_10,0.99847525
5762_9,0.997285
8328_3,0.0015487612
10354_4,0.0045384313
3563_8,0.99818975
8246_2,0.017176708
7740_10,0.9978173
4972_1,0.0015978455
832_4,0.99298817
11386_10,0.99827254
1273_3,0.0031236487
5085_2,0.004070138
11414_4,0.9976404
885_8,0.998103
3943_10,0.997851
898_9,0.9979493
8168_10,0.99861145
9779_10,0.9985896
830_7,0.9984988
77_10,0.99863297
648_8,0.99845123
10629_10,0.9974885
89_10,0.9985896
11955_9,0.9984269
7883_9,0.99856746
243_4,0.0018386653
5148_2,0.0013885231
1056_3,0.99845123
5206_10,0.99863297
8777_10,0.99832565
2969_2,0.0013670255
6729_8,0.99863297
11860_1,0.8548847
6307_4,0.006097562
11589_1,0.0021827165
8016_1,0.0014103585
3461_8,0.9985221
8767_1,0.0014550629
7692_10,0.99736834
12281_8,0.99818975
7763_1,0.002673006
5301_9,0.9968273
5112_10,0.99832565
10757_10,0.997783
1066_8,0.997783
5413_10,0.9985221
2733_3,0.0035936027
8534_10,0.9983516
5915_8,0.9984269
10566_3,0.0013885231
10900_7,0.9879462
3120_10,0.99863297
4394_1,0.001477943
3090_1,0.0015247865
4379_10,0.99847525
5259_7,0.0038844768
10792_8,0.9941801
2599_1,0.0013885231
1912_2,0.0015978455
2517_1,0.9968273
2946_8,0.99847525
3020_8,0.983597
1850_4,0.9603612
9463_2,0.0012448432
1721_10,0.99854493
7952_7,0.9985221
1806_9,0.9986749
11403_9,0.9974491
2013_7,0.9975656
5556_10,0.9983516
1746_3,0.004905406
11125_7,0.99854493
9270_4,0.58082765
7343_10,0.9985221
12465_10,0.99854493
8550_9,0.99856746
6213_8,0.52268946
10861_10,0.99854493
4109_7,0.99821776
8652_1,0.0013458604
11546_1,0.0015978455
9133_7,0.99361163
5964_3,0.0013458604
1575_1,0.0021489493
1337_4,0.0039454065
7610_1,0.0013885231
49_10,0.9984022
6505_2,0.001477943
7177_10,0.0022872274
5947_7,0.99242276
1723_3,0.0020829707
9055_7,0.99804294
7972_1,0.0015011822
5340_8,0.006097562
6938_8,0.0067975316
12400_8,0.994615
552_9,0.99818975
11844_9,0.9985221
1080_1,0.0013250223
3078_10,0.99856746
8713_9,0.9985896
7300_1,0.002019014
12464_1,0.0016743994
3812_10,0.011869121
3313_4,0.0030753699
6880_4,0.0053018946
5478_9,0.99760324
10951_7,0.9969246
3327_8,0.99657035
6332_10,0.99788433
4385_8,0.9979493
2387_10,0.9985221
5756_3,0.0019877742
4020_7,0.9964619
6190_8,0.9986541
517_8,0.99509466
9018_3,0.029760094
9449_10,0.99863297
10715_3,0.0013670255
8195_8,0.9981614
9605_10,0.997285
4309_9,0.9985896
1783_4,0.0014550629
1658_10,0.9982993
1403_7,0.983597
4268_1,0.0013458604
4822_1,0.001648483
717_4,0.0019570168
7768_10,0.9985896
7803_2,0.0015011822
7190_8,0.99847525
11035_1,0.0013670255
6288_10,0.9984269
10690_1,0.0015011822
714_10,0.9984988
9210_10,0.99863297
12462_1,0.0013250223
9325_1,0.0014103585
8370_8,0.998103
10583_1,0.0027149855
4016_10,0.99861145
6465_4,0.0032730647
1512_9,0.9979493
4769_8,0.99847525
11160_7,0.9981614
2175_1,0.0012843083
12261_7,0.99861145
685_8,0.99701905
9208_10,0.9966756
6296_1,0.0013250223
8210_4,0.001477943
11237_4,0.0019877742
8139_10,0.99861145
6996_3,0.94122344
5168_1,0.001622967
5528_3,0.0023596606
6635_1,0.23057307
1670_8,0.9985896
7099_4,0.001810211
2239_1,0.9967269
7313_4,0.95430803
3304_2,0.0014103585
10505_1,0.0013458604
9681_10,0.9984269
7569_4,0.99509466
9926_4,0.0016743994
8339_8,0.99845123
8553_10,0.9984269
387_1,0.001648483
4715_9,0.99586606
11447_1,0.0014550629
7425_1,0.0053018946
10514_1,0.001622967
6979_10,0.9985221
3104_1,0.0014325365
6833_4,0.0048297215
5931_3,0.0020507437
12103_2,0.0031236487
9413_1,0.0013250223
2730_7,0.001867566
7293_10,0.99847525
8479_9,0.99863297
9099_7,0.9950177
2061_4,0.002434382
4680_7,0.9985221
4067_1,0.009859855
4663_2,0.0015487612
3069_1,0.0015247865
8739_7,0.99847525
8279_2,0.0094125895
11078_1,0.0018386653
7917_1,0.0013670255
7636_8,0.9974491
5071_8,0.993807
1720_10,0.99845123
885_3,0.0015487612
734_1,0.0015247865
6309_9,0.9984988
4346_3,0.001477943
4087_10,0.99847525
678_1,0.0012843083
8348_8,0.99827254
3572_2,0.7972413
10285_1,0.21983956
11126_4,0.0031236487
8071_2,0.0014550629
8150_10,0.9983516
4652_4,0.9241418
3674_8,0.9977482
1046_9,0.99861145
1986_8,0.99827254
2516_1,0.7033458
11758_1,0.0017007225
4747_8,0.9974885
10426_4,0.001648483
4331_1,0.0013250223
9146_3,0.0013670255
312_10,0.99863297
4160_9,0.9985221
5277_3,0.0014325365
4896_7,0.006903838
4327_9,0.94853723
4136_3,0.0019570168
2324_2,0.9956006
10407_10,0.99804294
5081_10,0.99863297
2892_2,0.0019267346
367_3,0.0014325365
6523_3,0.001477943
9037_7,0.9059898
8790_1,0.0013670255
1839_8,0.9984988
4149_3,0.0013458604
7950_3,0.0012255674
1686_2,0.0019267346
7855_1,0.0014550629
2844_10,0.9986541
4006_1,0.0018969199
1077_10,0.99856746
9294_3,0.055005286
8866_1,0.001648483
8414_3,0.0017007225
11736_3,0.9161096
11683_9,0.99469805
6399_10,0.9933072
4876_2,0.0015247865
8818_10,0.9981614
8874_3,0.0013885231
2595_7,0.98187524
9287_1,0.0019570168
11446_3,0.001622967
10016_3,0.60401213
10381_8,0.99845123
2222_1,0.011869121
10875_7,0.9977482
5708_8,0.99711037
2727_9,0.99821776
823_1,0.0015247865
3616_2,0.0012448432
10522_1,0.0019877742
5340_3,0.0032730647
4218_9,0.99611557
6551_4,0.8701566
4506_7,0.9981614
487_3,0.0020829707
3215_2,0.001477943
3884_10,0.99863297
8163_1,0.0013250223
4878_9,0.011869121
10428_10,0.99760324
6394_10,0.99854493
5318_2,0.0013885231
4829_3,0.0027576222
9175_8,0.9984269
10213_7,0.0031726828
1484_10,0.99845123
9646_10,0.99856746
755_1,0.0015731123
4988_1,0.0017546144
10640_3,0.0015731123
2780_4,0.0014103585
5867_2,0.0013885231
9212_10,0.99824536
8554_4,0.117572136
4703_3,0.9403531
8779_8,0.99719906
953_10,0.9961755
10349_8,0.99837697
3280_10,0.9986541
3646_8,0.99837697
6054_1,0.0012843083
4894_3,0.99101454
11235_10,0.99719906
513_8,0.99837697
4166_1,0.0014550629
742_8,0.99611557
7671_10,0.9984269
2835_4,0.9953181
8556_10,0.99832565
4764_7,0.9974885
1626_3,0.0013670255
6883_4,0.0016743994
1014_4,0.00619299
9419_10,0.99827254
7918_8,0.9877587
8912_2,0.0019570168
7996_3,0.0020829707
5045_2,0.0015011822
9612_2,0.004681822
1658_2,0.0012065897
4373_2,0.0013885231
11771_7,0.99788433
5458_4,0.0020507437
10492_1,0.0012843083
5551_8,0.99837697
811_1,0.0013885231
12209_9,0.99740905
1514_1,0.0051396107
6684_9,0.9985896
4604_7,0.99845123
3350_1,0.0014325365
3336_7,0.9983516
9645_4,0.0015011822
1664_9,0.967163
5109_8,0.9985221
9294_8,0.997285
7439_3,0.0012448432
9098_10,0.9985221
10353_2,0.0018969199
2356_4,0.0014325365
884_1,0.99253935
704_2,0.0015247865
9429_4,0.00498227
11563_1,0.0014550629
10345_7,0.99509466
12301_4,0.0019267346
1021_7,0.048496004
6353_1,0.002673006
2608_7,0.9984269
10508_1,0.001648483
263_1,0.0013045068
10127_10,0.99827254
11517_4,0.006003596
4758_4,0.002673006
2210_4,0.0335895
12396_1,0.0012255674
9405_7,0.9976404
5945_2,0.0019877742
1931_3,0.004264634
3972_9,0.99760324
7949_3,0.967163
1958_10,0.99869555
5834_7,0.997981
11040_1,0.0015247865
9453_1,0.0013670255
5841_10,0.99845123
1144_10,0.99863297
5678_2,0.0019570168
11361_3,0.0014325365
5999_1,0.0014550629
11810_4,0.98421544
10502_1,0.0015011822
11821_10,0.9984988
8270_10,0.9730365
4627_4,0.9974885
5588_2,0.0015731123
4877_1,0.0014103585
2289_8,0.9224824
2582_10,0.9985221
8749_1,0.0014103585
1653_1,0.0015487612
7060_3,0.0013670255
4299_1,0.0014103585
7198_10,0.007011795
5597_9,0.9985896
11592_10,0.99827254
1516_1,0.0012255674
1428_10,0.99845123
9349_7,0.99845123
4182_10,0.99832565
522_10,0.9969246
1942_9,0.99863297
2570_8,0.99847525
1188_2,0.0017821962
7454_10,0.99845123
6859_8,0.99760324
4278_9,0.99856746
3538_8,0.9977482
6499_1,0.001477943
7715_1,0.0014103585
5847_1,0.0014103585
2109_10,0.9985896
7570_2,0.0017007225
3725_1,0.0014103585
8736_2,0.71183175
2007_10,0.99856746
9738_10,0.99821776
2763_7,0.997981
9081_2,0.20914644
6647_10,0.9985896
11207_1,0.07921033
5182_3,0.001867566
2171_10,0.99740905
9091_1,0.02178117
3970_3,0.0021489493
7432_9,0.9984269
2169_2,0.0012448432
720_1,0.0014325365
866_2,0.0014550629
567_3,0.9981614
11812_8,0.993807
11195_9,0.9927672
5877_10,0.9981614
5526_9,0.99837697
792_8,0.9984988
8673_9,0.99861145
5163_1,0.0013458604
4722_8,0.99847525
11423_8,0.9983516
3239_8,0.9984269
2235_4,0.0022872274
5799_3,0.0012843083
8592_2,0.0017546144
5229_10,0.027169231
9285_10,0.99856746
6092_1,0.009559399
8940_10,0.9949397
12220_8,0.0028009268
4417_10,0.9985896
10462_10,0.99863297
3241_9,0.9407897
8744_10,0.9985896
1016_3,0.087252244
7382_10,0.9984022
8458_8,0.99854493
629_4,0.0021827165
1971_3,0.0014550629
4471_4,0.001810211
7890_2,0.0015011822
10164_4,0.9688562
2176_8,0.9964064
2500_2,0.0031726828
1155_2,0.0013885231
7102_8,0.9977482
3618_10,0.9984269
4940_3,0.0013670255
10263_3,0.0014325365
12495_10,0.83031917
7170_9,0.99854493
7322_3,0.0033766124
2938_10,0.017176708
8128_8,0.9984022
4900_1,0.001477943
5672_7,0.9845754
3387_10,0.998103
806_1,0.0015731123
7385_2,0.0013670255
3043_4,0.0015011822
6845_10,0.9978173
979_3,0.08181272
6853_3,0.0013885231
4871_4,0.002631674
12172_8,0.9952448
4105_2,0.001477943
3171_4,0.0034834242
8686_10,0.9981614
10187_1,0.0013458604
5305_7,0.0047552
1728_10,0.99821776
11284_4,0.99719906
443_2,0.0014103585
8542_9,0.99827254
7634_2,0.0018386653
2598_1,0.0022170132
124_2,0.5662584
10145_8,0.99847525
63_1,0.0013045068
5522_3,0.0025909794
1264_9,0.99788433
12181_10,0.9974491
6508_1,0.0014550629
2146_3,0.0015978455
5449_4,0.0025909794
2660_9,0.99861145
6594_4,0.0014550629
6285_8,0.9977482
12200_10,0.99804294
6710_1,0.001477943
10399_10,0.9984269
6703_1,0.0013458604
5795_8,0.99837697
3427_4,0.0015247865
11306_10,0.99854493
6641_3,0.004133968
9364_9,0.983343
6963_8,0.0030278352
6896_10,0.9964619
10154_10,0.9984022
4690_10,0.99861145
8125_8,0.9981614
4978_1,0.0017546144
4999_3,0.0013885231
8921_8,0.99732697
6089_3,0.0028449094
12279_9,0.9980732
1209_7,0.9984022
2083_7,0.98187524
10162_10,0.9985896
1266_4,0.002889581
10892_8,0.99818975
4864_4,0.0013885231
10743_7,0.10230471
6427_1,0.0014103585
8633_1,0.0028449094
6158_10,0.9985221
4952_3,0.001477943
7508_10,0.99847525
637_9,0.14270912
6734_2,0.43494126
10685_1,0.0014550629
6269_4,0.0015487612
9073_8,0.99629277
9551_2,0.001810211
5499_2,0.0015011822
3573_4,0.0015487612
12089_1,0.0014550629
3962_1,0.0028449094
2169_7,0.9966234
959_8,0.9976769
10514_9,0.99586606
4430_7,0.9957353
10802_1,0.010818449
280_10,0.99856746
8041_3,0.0025509126
9040_9,0.99854493
10653_1,0.002631674
10783_7,0.9984988
4711_1,0.0013045068
1523_4,0.047074176
3903_1,0.0015731123
4216_8,0.8951567
10108_1,0.0013458604
4098_4,0.0013885231
9433_7,0.997065
11013_10,0.99827254
3968_10,0.99444515
7916_3,0.0015487612
5859_9,0.99361163
11194_7,0.9869795
9376_3,0.001810211
1808_4,0.0019570168
12029_3,0.0015011822
5854_4,0.0067975316
6573_9,0.99854493
6747_8,0.99732697
4366_1,0.0015487612
5868_7,0.9985896
7712_3,0.001867566
11617_1,0.0014550629
5362_10,0.9984988
1950_1,0.0014325365
9724_1,0.001810211
7537_8,0.99821776
6950_1,0.0015247865
6035_8,0.99854493
11191_4,0.0018969199
4759_9,0.9985221
1228_7,0.0024726235
10380_1,0.0022170132
271_7,0.99837697
7826_9,0.9918121
4336_2,0.0032730647
4209_2,0.0021489493
4898_7,0.9465967
2987_1,0.0013670255
9976_4,0.0013045068
7521_10,0.9981614
5680_2,0.001477943
4310_10,0.99818975
4484_10,0.99847525
5748_9,0.9984988
6798_3,0.6684475
9598_10,0.9984988
4834_2,0.0015731123
2505_10,0.99863297
1984_8,0.99566853
476_1,0.9964064
11578_1,0.0045384313
2223_3,0.4746312
8215_3,0.03138043
3108_1,0.002889581
4371_1,0.0017274586
12399_4,0.23300752
4913_1,0.0013045068
8431_8,0.9957353
3445_10,0.99856746
8268_10,0.9985221
4271_10,0.9986541
2136_3,0.001264422
2479_1,0.002019014
11798_2,0.0018969199
2893_10,0.99869555
7754_3,0.001810211
7568_10,0.998103
6221_8,0.9984269
1687_10,0.9984269
4744_1,0.0014103585
3730_10,0.997917
7543_10,0.997783
4449_1,0.0013250223
2802_8,0.99854493
2834_2,0.0013458604
11243_2,0.0018386653
6638_10,0.98998636
3299_1,0.0015247865
1378_10,0.9983516
1867_9,0.9986541
3371_1,0.0018386653
1340_10,0.9983516
1810_10,0.9985221
11773_10,0.99788433
2111_1,0.0014325365
2234_4,0.97788346
4958_7,0.997783
3514_1,0.0015011822
8488_9,0.9968273
1650_4,0.0017546144
6538_3,0.0014550629
9930_9,0.99847525
10594_1,0.0013045068
6248_8,0.9975274
1384_9,0.99701905
11526_3,0.0028009268
9847_10,0.99854493
8994_1,0.0016743994
11595_1,0.001648483
9840_7,0.9984022
1027_9,0.9985896
11691_2,0.0016743994
1154_10,0.997917
4599_4,0.0015487612
2126_1,0.004198795
10719_3,0.0013045068
11925_2,0.0013250223
1938_2,0.0020507437
7233_7,0.99253935
1747_8,0.9984269
4994_8,0.9975274
10696_10,0.99736834
7348_10,0.99845123
9121_8,0.99611557
902_10,0.99824536
8046_1,0.0014103585
3604_7,0.9964619
4886_8,0.9984988
2821_10,0.9984988
10180_8,0.99845123
11376_10,0.9983516
11195_2,0.0017546144
5625_9,0.9984269
9284_9,0.9984022
6747_1,0.15027806
3910_9,0.8292156
11412_7,0.9981614
2456_10,0.9986541
6105_10,0.998103
5732_10,0.99657035
1960_9,0.9974885
6363_7,0.99566853
9596_10,0.9983516
8605_3,0.01048909
174_2,0.001622967
8251_1,0.0017546144
8567_10,0.99711037
7007_3,0.0032224844
2418_8,0.99837697
12030_8,0.997065
7626_7,0.9956006
6070_3,0.0013885231
802_1,0.0015487612
10801_10,0.9975274
8559_1,0.0013670255
2495_2,0.99477994
10777_9,0.99861145
2958_7,0.9981614
3701_10,0.99740905
2754_9,0.9985896
1210_1,0.0013045068
7830_10,0.99856746
4523_9,0.99821776
12408_4,0.0013885231
5748_1,0.0013670255
3982_2,0.0014550629
9658_8,0.9983516
73_10,0.9961755
3952_1,0.0016743994
4064_8,0.9979493
9835_4,0.9951703
12463_1,0.0074606435
905_10,0.99804294
5634_8,0.9982993
800_3,0.0012843083
11576_10,0.9986541
8546_4,0.0015247865
8456_1,0.005641909
163_1,0.0015487612
7616_3,0.001622967
17_3,0.002673006
620_2,0.0013670255
4250_4,0.0014550629
4403_1,0.0015011822
7107_3,0.9923044
9691_9,0.998103
4069_8,0.9981324
3747_7,0.9984022
7930_10,0.99845123
1088_3,0.0021489493
3683_1,0.0015247865
11138_1,0.002396731
1825_10,0.99863297
9888_3,0.0019267346
8079_10,0.99863297
1508_2,0.0015011822
2471_4,0.0021827165
5238_7,0.99854493
4947_9,0.9932025
1791_10,0.8092759
5824_4,0.0020829707
10408_2,0.0022518474
6053_8,0.99804294
6811_4,0.0013670255
6398_4,0.001622967
137_7,0.9730365
3920_9,0.9982993
8179_2,0.0021827165
10602_8,0.002434382
10509_8,0.9921841
7346_3,0.0014103585
2663_1,0.0032730647
1342_2,0.010328153
5714_4,0.001648483
9669_10,0.9982993
6038_3,0.0019267346
11957_10,0.99832565
750_2,0.0015011822
12386_10,0.07369626
7178_1,0.0014325365
8070_8,0.9932025
8993_1,0.001622967
1178_4,0.031143833
10457_8,0.99845123
5287_1,0.0013670255
3098_8,0.9975656
3505_8,0.9985221
10271_1,0.0016743994
4354_3,0.0015487612
4817_1,0.002673006
11313_1,0.0015487612
9023_10,0.9984022
8404_1,0.0015978455
11847_1,0.0021489493
5374_9,0.9984269
1009_8,0.99854493
4197_1,0.0014103585
10803_9,0.997981
6609_9,0.9975274
519_1,0.001477943
7675_3,0.0019877742
10204_10,0.99832565
10565_1,0.0022170132
1641_1,0.0015731123
11170_10,0.99856746
451_2,0.0032224844
4526_7,0.99477994
5639_9,0.99861145
5642_1,0.0012843083
9159_3,0.99605453
11173_10,0.006003596
10772_10,0.99486035
11172_10,0.99856746
10213_4,0.020023443
11256_9,0.99863297
5863_1,0.0013250223
5125_1,0.002019014
5624_10,0.9985896
10355_10,0.010328153
6623_1,0.0013458604
3674_1,0.0012843083
540_8,0.39910883
5202_10,0.9961755
9644_10,0.99863297
4780_1,0.0013250223
2002_9,0.060975183
7228_10,0.9984269
4036_2,0.0015247865
9925_9,0.9952448
1137_10,0.99856746
5679_1,0.0015247865
9162_2,0.0014550629
2849_3,0.001622967
3546_4,0.001264422
7164_1,0.0012843083
1749_10,0.92788786
11988_2,0.0015011822
365_10,0.9983516
7340_10,0.9969722
1543_3,0.0015011822
6008_2,0.011687259
2230_4,0.0024726235
10105_3,0.0015011822
5443_1,0.0013670255
5024_1,0.0015731123
5630_8,0.9979493
7603_10,0.99863297
12205_10,0.987375
5910_7,0.99856746
7006_8,0.9980732
3287_10,0.99832565
3136_1,0.0013885231
6547_4,0.016152835
9329_1,0.0012255674
1679_10,0.9986541
1659_7,0.9977482
2015_1,0.0021827165
5236_1,0.0015487612
2201_2,0.0014325365
6026_3,0.001810211
12093_8,0.9984269
11394_10,0.002631674
9512_1,0.0013670255
8401_3,0.001648483
5239_8,0.99821776
5018_10,0.9980732
38_8,0.9986541
2968_7,0.015784562
5359_3,0.0015011822
10419_4,0.0025909794
1551_4,0.0019877742
11346_1,0.001648483
809_1,0.0013885231
9823_4,0.004681822
10125_8,0.99854493
8819_10,0.99863297
9038_4,0.0017274586
1968_1,0.0014325365
6642_2,0.0013458604
9015_10,0.99856746
12198_2,0.0021827165
2758_9,0.9591543
9206_3,0.0013458604
4370_7,0.9984269
1985_2,0.0031726828
3031_7,0.9981324
10172_1,0.0013885231
4527_1,0.0014103585
5458_9,0.99856746
6534_1,0.0017274586
4347_1,0.001477943
11152_10,0.99845123
9238_3,0.098079324
6161_8,0.9984988
2299_1,0.0017274586
1133_1,0.19713514
11774_3,0.0021827165
1095_2,0.0021157034
11311_10,0.99818975
1126_1,0.0013250223
2385_9,0.99845123
10710_10,0.99821776
10106_1,0.0013045068
3363_1,0.0017274586
11480_10,0.9985896
5183_1,0.0014103585
7100_7,0.9974885
752_10,0.9983516
11958_8,0.997981
2518_1,0.074231364
4744_9,0.99740905
53_7,0.9953904
12289_1,0.008577485
9239_4,0.0023596606
8758_10,0.9984988
9050_9,0.9984269
10390_7,0.99856746
11780_8,0.0064882697
9518_1,0.0019877742
3442_1,0.0015487612
6316_9,0.99845123
2826_9,0.9984269
5908_10,0.9984022
3720_7,0.9985896
8481_1,0.0018386653
1188_10,0.99854493
2784_10,0.99788433
12352_3,0.99788433
1771_10,0.9981324
5255_1,0.994615
328_4,0.025371313
313_10,0.99837697
10530_1,0.0013250223
4866_7,0.9985221
8936_1,0.0013670255
10029_10,0.9980122
12383_10,0.99361163
1922_1,0.0013250223
3012_7,0.997285
11593_3,0.0025509126
8661_1,0.001622967
10457_1,0.0016743994
8074_4,0.9985221
11993_10,0.99736834
6_7,0.9979493
2542_9,0.9984269
11454_3,0.0017007225
6776_4,0.9884919
9466_1,0.007345827
11100_4,0.0015011822
6429_10,0.997065
11218_3,0.9916842
8310_1,0.0014103585
7432_4,0.0014550629
10115_1,0.0013670255
11127_7,0.99845123
3306_2,0.0019877742
6998_7,0.0033244372
12166_2,0.001477943
7792_10,0.998103
9250_1,0.0014325365
3351_7,0.9980122
3350_8,0.99827254
2393_3,0.026556572
5473_3,0.0039454065
73_4,0.0035936027
1504_1,0.0013670255
10317_10,0.9985221
5795_1,0.0014550629
1511_9,0.994615
2537_2,0.0021827165
8010_4,0.0014325365
1616_3,0.001477943
4332_2,0.001622967
8499_1,0.0038244836
1636_8,0.9975274
7752_3,0.0017274586
5848_7,0.9941801
5370_2,0.0031726828
10600_10,0.9976769
5501_3,0.0014103585
9948_7,0.9949397
10683_4,0.0015011822
10013_4,0.001810211
11704_2,0.0017546144
431_9,0.9980732
11855_10,0.98998636
2671_7,0.54334795
5831_2,0.0025509126
7920_10,0.9980122
276_1,0.98657167
6245_2,0.003707253
89_3,0.0013885231
7871_1,0.0014103585
1707_1,0.0014103585
6640_1,0.0014325365
723_10,0.9977482
11391_1,0.0012448432
3534_3,0.0013670255
10449_10,0.99854493
180_10,0.99856746
5128_1,0.0015011822
471_10,0.9986541
2341_10,0.99856746
3204_7,0.9977482
1818_10,0.99863297
4489_10,0.1666754
12034_10,0.99586606
11264_10,0.9984269
8077_7,0.0019267346
12206_10,0.99566853
11549_3,0.001648483
8993_10,0.9976769
1937_4,0.0015247865
7778_3,0.0021157034
9714_9,0.008847355
7219_4,0.0017007225
6518_4,0.0015247865
8421_10,0.9985221
10563_2,0.001810211
2527_9,0.9985221
11147_10,0.9983516
832_7,0.9939964
8972_7,0.0025909794
2311_9,0.99837697
6794_1,0.001477943
1769_10,0.9984022
11130_1,0.0030278352
8331_3,0.0014103585
5564_10,0.99771273
2594_10,0.96267307
11037_1,0.0018969199
6679_9,0.997783
419_4,0.0017007225
2635_10,0.9983516
4436_4,0.006692851
10972_1,0.0013670255
708_3,0.0930168
9113_1,0.0015731123
1438_9,0.9984269
2048_4,0.0013250223
4488_10,0.99788433
7889_3,0.0020829707
11498_9,0.99863297
8780_1,0.0017274586
2036_7,0.99856746
1861_1,0.0016743994
581_4,0.0017007225
9253_10,0.99847525
977_4,0.99804294
5693_7,0.998103
6515_9,0.9984269
9378_1,0.0017274586
6695_2,0.0019570168
8507_1,0.011508149
829_2,0.0015011822
11023_8,0.99854493
70_1,0.0022170132
3669_8,0.9983516
10033_8,0.99856746
9158_4,0.0014550629
817_1,0.0015011822
4679_1,0.0015011822
8133_4,0.0017821962
3531_1,0.001867566
10742_1,0.0015011822
5579_3,0.0017274586
9041_1,0.001477943
4938_1,0.0014550629
4246_9,0.9904406
4275_9,0.9939964
6819_3,0.0016743994
6327_7,0.86838096
6101_10,0.0111580305
11852_2,0.0015011822
10252_10,0.9984269
4348_8,0.0043994132
5328_4,0.0024726235
11964_9,0.99861145
8634_1,0.0015731123
3702_8,0.9985221
1677_2,0.0025114634
5907_1,0.0018969199
8432_10,0.99856746
3570_3,0.9962346
9624_10,0.9984022
11466_4,0.001867566
9062_10,0.9986541
12336_1,0.0014550629
3476_1,0.0016743994
7033_2,0.0014103585
2660_3,0.0018969199
741_1,0.0013250223
11490_1,0.0017274586
6580_7,0.9984988
1807_3,0.001477943
4785_1,0.001477943
6319_10,0.99635005
4437_8,0.9984269
3533_10,0.99847525
12119_3,0.0037654138
151_8,0.9985221
7829_7,0.0019877742
5497_1,0.0015487612
7477_10,0.99856746
5879_10,0.99845123
8068_10,0.99847525
7989_3,0.994615
8480_10,0.997783
10352_10,0.99847525
120_2,0.0013458604
10135_3,0.0018969199
8091_1,0.0017274586
8505_8,0.997783
3282_1,0.94458723
11570_10,0.99854493
11052_8,0.99760324
5549_10,0.99856746
3891_8,0.9982993
3537_9,0.9984022
8503_3,0.024053553
3995_4,0.997285
10979_3,0.0013458604
11681_1,0.001622967
536_7,0.9984269
11739_8,0.9985896
6951_10,0.99856746
6210_2,0.001648483
1449_4,0.9861514
11860_10,0.9978173
11149_8,0.9985896
4021_7,0.99837697
5104_3,0.0019877742
2989_3,0.001622967
10112_10,0.99856746
6718_1,0.0014325365
7654_4,0.9905874
9481_10,0.99856746
7984_2,0.0012843083
1348_8,0.99863297
11079_8,0.99724233
9554_10,0.9983516
8617_8,0.99861145
315_8,0.99856746
6085_8,0.9984022
1823_9,0.997981
3208_10,0.99854493
924_4,0.0027576222
6479_10,0.99854493
7017_10,0.9911527
8595_4,0.0033766124
4532_10,0.99871576
5145_4,0.0053018946
2358_7,0.9425068
11151_4,0.0013885231
10238_7,0.99818975
564_9,0.08181272
4054_10,0.99854493
8852_9,0.99863297
10137_10,0.9984988
7014_3,0.0015978455
1533_4,0.0015487612
8257_2,0.009859855
8719_8,0.9981324
5041_1,0.0015978455
1469_9,0.993807
11726_3,0.0014550629
2002_1,0.0013045068
12293_3,0.001622967
3672_1,0.001264422
11110_10,0.9984988
3931_1,0.76838577
6972_1,0.0015011822
10186_1,0.0013885231
9265_3,0.0017274586
7412_3,0.26913345
5427_2,0.0015487612
5006_4,0.0031236487
3199_1,0.0013045068
6256_8,0.61589676
418_9,0.9984269
8834_9,0.99837697
5093_10,0.9982993
3190_2,0.0014325365
12360_4,0.0013458604
9477_1,0.0015011822
6085_1,0.0014325365
7773_10,0.9983516
255_4,0.004609572
1661_1,0.0012843083
1627_10,0.99861145
9204_2,0.0031726828
3704_8,0.0015978455
11898_9,0.9984269
1137_1,0.005220126
101_9,0.9839708
1142_1,0.0014103585
5314_8,0.99854493
10932_4,0.0014550629
9639_2,0.001648483
12125_7,0.99856746
10998_1,0.0015487612
5186_7,0.9763105
10340_1,0.0029810332
7419_8,0.99740905
6929_3,0.0012448432
7238_4,0.001622967
10869_7,0.8727817
4106_1,0.0014103585
6589_2,0.76454014
9619_7,0.99155444
7116_4,0.99128854
8889_1,0.0013885231
3901_9,0.99861145
7052_7,0.9949397
6439_1,0.001622967
5309_1,0.0015011822
4515_3,0.0038244836
3029_4,0.001810211
10310_1,0.001477943
12350_10,0.9985896
532_8,0.0018386653
11145_8,0.997783
75_10,0.99861145
6137_3,0.0013885231
1637_2,0.001648483
12327_10,0.9984269
2177_7,0.9978173
1879_1,0.002673006
8745_2,0.001264422
3099_8,0.99818975
7354_4,0.0013670255
10103_1,0.0014325365
3296_10,0.99856746
8494_9,0.99861145
3423_4,0.42524716
7609_8,0.0023596606
4265_10,0.99788433
1872_7,0.99818975
10987_10,0.99701905
2849_7,0.9983516
628_1,0.0014325365
1391_1,0.001648483
7456_1,0.0014103585
12150_1,0.0020829707
7718_9,0.99861145
5787_3,0.002019014
12162_8,0.9693242
11670_7,0.9967269
1784_8,0.987375
7483_8,0.99736834
9564_9,0.99341017
10832_9,0.99837697
12230_1,0.001477943
2291_8,0.99845123
8416_3,0.0031236487
9486_10,0.99845123
8153_10,0.9985896
5164_10,0.99847525
6347_8,0.9984988
7773_2,0.0017821962
12215_1,0.0013250223
10039_8,0.9976769
9803_9,0.9985896
1589_1,0.0016743994
1615_9,0.9981324
119_3,0.001648483
623_8,0.9984269
10427_1,0.0012843083
11697_4,0.020332353
6168_2,0.0015487612
2658_3,0.001648483
1841_4,0.0015011822
10572_1,0.0017546144
6964_8,0.93991333
5172_1,0.001810211
989_7,0.89143354
159_10,0.99854493
5240_1,0.0015247865
11777_1,0.0014103585
8350_3,0.0013250223
2565_1,0.0013250223
7694_10,0.99856746
7759_1,0.001477943
3003_4,0.0022518474
7128_2,0.0013885231
8147_4,0.0019570168
6595_9,0.99832565
8949_3,0.15203224
9848_4,0.0015731123
7496_8,0.9984269
11857_10,0.9981324
3237_1,0.0014325365
5404_1,0.0013458604
10699_8,0.9979493
6138_4,0.0013250223
909_4,0.99193794
11833_10,0.9985896
11817_10,0.9981324
171_2,0.001648483
2517_7,0.9921841
10307_7,0.9957353
370_2,0.01461567
5995_8,0.9976769
4612_1,0.001648483
6561_8,0.9980732
7454_1,0.0013250223
2951_2,0.0014550629
8860_1,0.0015487612
411_3,0.0035936027
664_3,0.0013250223
4345_10,0.99837697
4452_1,0.0021827165
2833_2,0.0013885231
10374_3,0.017712297
9322_1,0.73028994
9923_3,0.0013885231
8687_3,0.98549646
7567_9,0.9969722
137_3,0.0014325365
7872_1,0.0013458604
6968_4,0.0013458604
1540_10,0.9984988
9157_10,0.9957353
4102_10,0.9984988
6645_1,0.0015978455
7630_10,0.9875683
3958_9,0.96691406
11437_9,0.99856746
6982_1,0.0015247865
4870_2,0.0023596606
3545_7,0.99821776
204_1,0.0012843083
6844_10,0.77321637
4736_1,0.0012843083
9120_9,0.99818975
1608_1,0.0015731123
1251_10,0.99837697
12315_10,0.99827254
11754_10,0.9984988
2399_3,0.018978037
11499_8,0.9966234
3870_10,0.9978173
5503_10,0.99824536
4045_10,0.9984022
3063_1,0.0025114634
10914_7,0.4067736
8509_10,0.9976404
5872_1,0.0015487612
5729_4,0.0015487612
10865_2,0.001477943
10218_4,0.0017546144
2096_4,0.0022872274
11344_1,0.0016743994
10623_2,0.001810211
11241_10,0.9985221
7254_2,0.01214717
7892_1,0.0015731123
3472_8,0.99760324
11637_4,0.0658447
11853_9,0.9981324
1096_7,0.997981
8508_3,0.0021827165
9400_10,0.99863297
1128_10,0.9968273
5989_10,0.9985221
8021_1,0.001264422
7860_10,0.9984988
1131_10,0.997851
5589_1,0.001867566
5662_8,0.99847525
2161_7,0.8710367
323_10,0.99856746
2431_1,0.9124362
10147_7,0.9983516
2956_7,0.99771273
12005_3,0.002434382
477_2,0.001810211
202_9,0.9983516
5710_10,0.99837697
2262_7,0.9975274
7103_8,0.9975274
10237_3,0.0020507437
12151_1,0.005641909
7485_2,0.0015978455
2438_10,0.99837697
4069_2,0.0013885231
5593_2,0.0013458604
11163_1,0.02350945
6754_10,0.99854493
9147_2,0.0015731123
9614_10,0.9985221
4427_7,0.9787127
1382_1,0.002396731
11132_7,0.9966234
6371_3,0.0020829707
11221_4,0.0017546144
10071_2,0.004681822
4936_2,0.0017274586
1797_3,0.41703403
6692_4,0.0032730647
5816_1,0.001648483
6163_2,0.0017274586
2042_8,0.9981324
856_3,0.0019267346
1233_10,0.9981614
9537_10,0.9985896
9504_9,0.9985221
788_10,0.99856746
3399_8,0.99845123
7142_4,0.0016743994
10371_4,0.0051396107
760_7,0.99788433
3614_10,0.9984269
3314_1,0.0014103585
3447_10,0.9984269
12240_10,0.98201376
10083_10,0.9986541
9936_10,0.99821776
7651_10,0.9985896
1470_1,0.0015731123
2703_7,0.9908744
5637_10,0.9985221
6102_1,0.0015978455
8991_8,0.99732697
9606_10,0.9984269
10568_4,0.004331502
7126_10,0.9888419
4203_10,0.9982993
4486_2,0.0014325365
3408_9,0.9979493
2867_8,0.9981614
7338_8,0.99847525
8065_4,0.0013885231
2510_3,0.0019877742
2110_7,0.9979493
4097_4,0.7718435
7484_8,0.054802597
5789_10,0.997917
8070_2,0.0015247865
867_2,0.0064882697
1364_3,0.0014325365
10654_2,0.0013458604
12417_4,0.997285
10470_10,0.99863297
6544_10,0.0021157034
8904_8,0.9953904
10282_2,0.011331754
497_9,0.9983516
2659_10,0.9976769
9609_7,0.9979493
3010_3,0.99509466
9134_1,0.0015011822
8990_1,0.0013250223
6960_4,0.9572778
9566_9,0.9839708
7923_4,0.0018386653
4542_10,0.9984988
7185_3,0.0015731123
1918_10,0.99837697
2316_8,0.99804294
5846_10,0.9966234
1023_10,0.99821776
7141_7,0.99845123
3724_10,0.99832565
3617_2,0.0015487612
7095_1,0.0013885231
12201_10,0.9984022
10309_2,0.90397453
5584_8,0.99824536
2063_10,0.99824536
10874_1,0.016914913
4084_2,0.0015247865
2765_1,0.0012065897
11390_3,0.0019267346
4676_1,0.0015731123
2130_7,0.0017546144
12032_7,0.0015731123
9671_3,0.0013670255
816_7,0.99837697
11320_8,0.98951083
1458_8,0.9986541
1938_7,0.99804294
2861_8,0.98421544
5768_9,0.98215127
5049_9,0.99861145
8083_1,0.994089
4825_1,0.001622967
1740_9,0.99854493
3034_10,0.98657167
9977_7,0.99724233
8459_10,0.99854493
1103_10,0.98571813
3783_10,0.9985896
754_2,0.0015487612
5580_10,0.9984022
3472_2,0.0015011822
2640_3,0.840259
5400_2,0.008061991
5881_10,0.99845123
10970_4,0.08632348
8842_1,0.0015731123
5336_8,0.99687636
1398_1,0.0017546144
12310_10,0.99854493
6012_8,0.8283842
1508_7,0.98667485
2981_8,0.99818975
576_8,0.997981
9683_7,0.9943581
10336_1,0.0014325365
3345_3,0.0015011822
7683_7,0.9981324
6366_9,0.99837697
6741_9,0.9985221
11396_2,0.0019570168
4964_10,0.9984988
12285_10,0.9986749
11018_9,0.9984988
3902_9,0.99771273
4147_8,0.9984269
1748_10,0.9981614
10084_3,0.029986506
3265_7,0.998103
6160_1,0.002019014
2984_10,0.9985221
1305_1,0.0013885231
9075_4,0.99371004
11710_7,0.99701905
2443_10,0.9985896
938_10,0.9984269
1392_7,0.3143662
10406_8,0.99101454
4302_7,0.9967775
2836_8,0.9976404
2365_3,0.001648483
98_1,0.987375
8325_10,0.99847525
300_9,0.9986541
7667_1,0.99856746
4313_10,0.99687636
12450_3,0.0020829707
8582_1,0.0020829707
11325_9,0.9697854
8482_1,0.0016743994
7304_8,0.9985896
9439_1,0.0013250223
2656_10,0.99827254
4306_3,0.001622967
10079_1,0.0013045068
11172_1,0.0015487612
6095_9,0.99827254
5698_1,0.002631674
35_1,0.0075772414
6043_3,0.0014103585
2261_1,0.0014325365
4784_10,0.99711037
10936_7,0.99732697
5316_10,0.99856746
8361_8,0.9966756
10373_2,0.0013670255
500_10,0.99832565
371_4,0.004681822
3434_4,0.0015978455
3654_2,0.0013045068
11280_2,0.9951703
6542_9,0.99760324
10313_10,0.9984988
7267_1,0.0067975316
11897_3,0.0025114634
7321_2,0.0017274586
1516_7,0.99845123
1640_1,0.0018386653
9456_10,0.997981
2769_10,0.99832565
6280_7,0.9985221
12399_10,0.99854493
6206_7,0.9975274
8836_4,0.008985428
5254_9,0.9985221
10903_1,0.0015487612
3966_10,0.99827254
4048_10,0.99854493
1528_9,0.9986541
6219_10,0.99804294
8280_4,0.0021827165
7974_10,0.9666631
6956_8,0.9984022
5975_10,0.9971551
6759_10,0.99837697
963_2,0.0021489493
12158_10,0.99854493
148_1,0.0028449094
8831_1,0.592195
11556_9,0.997783
9038_10,0.99611557
4421_10,0.9985221
5236_8,0.9979493
3753_10,0.9983516
9334_3,0.0043994132
2444_4,0.0019570168
2890_3,0.0015978455
9132_9,0.99847525
11413_10,0.9984269
3424_4,0.9971551
1258_3,0.001648483
5277_10,0.9984988
706_10,0.99832565
3527_10,0.99854493
4081_9,0.9930962
3895_2,0.43950677
11528_2,0.0022170132
7285_9,0.9984988
12339_7,0.9785493
729_1,0.0031726828
6291_1,0.001648483
12296_9,0.997783
5913_10,0.9984022
7770_10,0.9985896
9546_2,0.0015487612
2383_4,0.99821776
6802_7,0.9983516
5445_2,0.0020829707
687_3,0.0017821962
9982_8,0.9984269
11830_10,0.99444515
4271_1,0.0013670255
7279_10,0.9984269
1599_7,0.0015731123
10880_10,0.9984269
2838_10,0.99856746
4234_9,0.99847525
7674_2,0.0028009268
6156_8,0.99861145
11657_4,0.002019014
11738_2,0.0015247865
11962_8,0.99827254
10966_8,0.9952448
6421_1,0.0015487612
1476_3,0.0015247865
7022_8,0.9986541
11500_8,0.99827254
6263_2,0.0013670255
8989_9,0.9976769
2395_9,0.99724233
9311_1,0.006003596
6386_4,0.0013885231
91_4,0.0037654138
3759_3,0.0013458604
11766_2,0.03567855
11290_7,0.99341017
5627_3,0.0036499873
3278_1,0.002019014
9682_9,0.99724233
11894_1,0.0013250223
10387_9,0.9985221
884_8,0.99845123
8408_2,0.0019267346
5772_2,0.076407686
11422_1,0.9763105
9709_1,0.0017821962
701_8,0.9979493
2721_8,0.99845123
4875_3,0.0015487612
6356_1,0.0015247865
7446_3,0.0014103585
2440_4,0.0023231625
9732_1,0.0025509126
9109_10,0.9964619
7578_2,0.0044683837
11017_8,0.004070138
12498_1,0.0013458604
4942_2,0.0012843083
4939_10,0.99861145
8451_4,0.0025509126
6274_1,0.0019570168
11635_4,0.001622967
8931_1,0.0014103585
109_4,0.997851
11744_7,0.998103
5351_4,0.99101454
1120_9,0.99856746
10494_2,0.0025509126
5317_10,0.99861145
6139_2,0.0015978455
12322_8,0.99824536
11239_3,0.0015011822
4815_7,0.9950177
11979_10,0.057918087
254_10,0.9975274
10286_3,0.0013885231
6457_10,0.9984022
4662_8,0.9984269
6298_4,0.0016743994
2704_4,0.017442483
11313_10,0.9981324
187_10,0.99845123
1166_1,0.0013045068
12126_3,0.0013045068
1813_9,0.9984269
6282_10,0.9985896
10525_7,0.9979493
8887_1,0.001648483
11605_7,0.0017821962
6533_1,0.0014103585
1210_8,0.9978173
11904_8,0.997981
10659_10,0.997285
7004_4,0.0015247865
10260_10,0.99861145
11997_7,0.0019570168
7850_4,0.9968273
2085_3,0.0015731123
11839_1,0.0013670255
419_9,0.99856746
4157_10,0.99854493
8253_8,0.99856746
11268_2,0.0015978455
12119_10,0.9978173
10259_10,0.001810211
978_1,0.0017821962
6848_4,0.0015978455
9368_4,0.001648483
7863_9,0.9980122
4157_3,0.001477943
4184_10,0.997981
2888_1,0.0013250223
8073_4,0.17217186
1755_1,0.009340025
7688_2,0.993807
5966_7,0.9984269
10673_9,0.99847525
4110_7,0.89982784
699_9,0.99854493
9240_2,0.0013250223
3651_10,0.9985896
3933_7,0.997917
2960_7,0.9981614
10664_1,0.0016743994
358_9,0.99832565
11200_10,0.99736834
4471_8,0.9985896
11661_2,0.0045384313
12304_1,0.0019267346
2442_4,0.068537496
7134_9,0.9983516
4214_2,0.0012255674
4869_8,0.9964619
6372_1,0.0019267346
10236_4,0.014281935
12189_1,0.0013045068
9715_8,0.99611557
5751_10,0.9982993
166_7,0.9904406
11889_2,0.0015731123
5098_1,0.001622967
8126_7,0.99847525
9302_7,0.998103
10430_10,0.99856746
445_9,0.99861145
4550_10,0.9984022
10995_10,0.99861145
7154_1,0.0015011822
3983_3,0.0019877742
1446_9,0.9980122
865_10,0.9985896
3012_1,0.0013885231
3562_3,0.0030753699
2551_1,0.0012448432
6440_1,0.0017546144
10241_10,0.9984988
1542_7,0.08419108
1405_2,0.0013670255
11835_10,0.9984988
4023_3,0.0012843083
1287_1,0.0015247865
11059_2,0.0022872274
2583_8,0.997285
1550_2,0.7501869
11382_3,0.0013045068
5567_10,0.99847525
11033_1,0.0014103585
5543_1,0.0013458604
8631_10,0.99854493
10871_1,0.0014103585
6955_9,0.99863297
6254_4,0.0022872274
2179_4,0.0025114634
7559_8,0.99837697
12431_8,0.9978173
279_10,0.99837697
2127_8,0.9984022
3803_10,0.21568096
12200_1,0.0013670255
3480_9,0.99788433
5156_8,0.9985896
1718_2,0.0013885231
12145_9,0.99818975
1560_4,0.9966756
11646_1,0.0013885231
10378_4,0.0015247865
8281_3,0.0014103585
10393_9,0.9980122
1402_4,0.001648483
3958_4,0.0013885231
3676_1,0.001477943
3709_1,0.0013250223
10668_7,0.998103
11972_1,0.0015011822
4842_1,0.0028449094
1889_8,0.9981324
3990_1,0.021615336
6467_7,0.0028009268
5928_4,0.08122775
4639_10,0.99736834
4748_8,0.99854493
5417_10,0.99863297
2351_4,0.023330767
4365_1,0.0014103585
3591_2,0.001648483
5914_10,0.9980122
8099_2,0.0034296038
5510_1,0.0013045068
314_10,0.9981614
8544_10,0.99863297
3799_1,0.0014325365
5650_2,0.0013458604
1646_7,0.97838473
11586_9,0.99854493
2389_9,0.9984269
908_3,0.0018386653
654_9,0.9986541
6323_9,0.9983516
3014_7,0.7659437
11312_9,0.7659437
5457_3,0.001477943
6071_3,0.0015978455
12459_1,0.0014550629
8639_4,0.0013250223
3600_8,0.9978173
9052_3,0.040237945
528_1,0.0015247865
7692_1,0.0018386653
6885_3,0.0013458604
11395_4,0.9927672
11763_1,0.0022170132
3631_1,0.0019570168
4296_3,0.0017546144
4810_3,0.0028009268
6660_2,0.0014103585
850_7,0.99827254
6731_10,0.99847525
12129_1,0.0013250223
11525_7,0.99845123
5782_10,0.99701905
4613_2,0.936285
4460_8,0.99788433
2992_10,0.9984269
570_9,0.9984269
5908_4,0.11201596
4677_4,0.009708476
5791_10,0.99837697
5718_10,0.99847525
12453_10,0.022802636
8364_8,0.9976404
7761_10,0.99253935
3459_1,0.0017274586
9169_1,0.001810211
12022_2,0.0038844768
10869_1,0.0030753699
4997_1,0.0014325365
2430_8,0.001622967
5011_4,0.0015247865
3011_1,0.0015731123
8425_3,0.001477943
6517_8,0.9984022
9300_9,0.9985221
840_8,0.99586606
2662_10,0.9985896
2724_1,0.0013250223
5654_10,0.9979493
5574_10,0.99847525
5606_3,0.0016743994
7717_8,0.99736834
11202_10,0.99847525
6889_10,0.99854493
3712_10,0.99863297
3042_3,0.0013885231
7858_8,0.9953904
4902_8,0.9984988
11885_1,0.0013885231
7582_1,0.0013885231
8450_7,0.9971551
9368_9,0.7779754
7616_8,0.99804294
4443_3,0.002673006
2344_1,0.0015487612
11861_9,0.9975656
7738_8,0.9985221
327_10,0.9981324
8175_4,0.001622967
10189_10,0.99856746
8691_1,0.0017007225
12236_2,0.0013885231
7341_3,0.00581996
3261_1,0.0018386653
8809_4,0.0013458604
3735_3,0.0014325365
9339_8,0.99657035
8242_4,0.022802636
6787_4,0.9932025
4379_4,0.002396731
5967_4,0.9678993
5568_8,0.997285
4579_4,0.0022518474
7066_1,0.0012843083
12323_1,0.001648483
2673_9,0.99611557
2639_7,0.9985221
8323_10,0.9975656
246_10,0.9984269
653_1,0.0021827165
2407_1,0.0017821962
2795_1,0.0013458604
11793_4,0.9693242
2848_4,0.0065897712
6040_4,0.0017546144
9388_2,0.0015011822
909_10,0.99854493
2567_2,0.0059110695
4473_8,0.99861145
4451_3,0.8454327
10296_1,0.0021489493
5111_7,0.19390947
8281_9,0.99863297
4957_8,0.99605453
8249_1,0.72496766
1572_3,0.0047552
5718_2,0.002673006
5959_3,0.0014325365
3013_9,0.9984022
3544_1,0.0013045068
11250_10,0.998103
5162_9,0.9984022
8872_9,0.9983516
11122_8,0.9980122
991_4,0.001648483
6322_9,0.9950177
7065_8,0.99845123
9704_7,0.055005286
4317_9,0.6950276
11622_10,0.99824536
10725_7,0.08479541
6549_1,0.0013045068
9062_3,0.0019267346
10253_7,0.993807
4035_9,0.99824536
5437_1,0.024053553
1779_1,0.0013670255
8740_2,0.0012843083
10175_7,0.99824536
5331_4,0.0019267346
9506_3,0.0015247865
11199_4,0.0013250223
9948_2,0.0015247865
252_9,0.9976769
1094_3,0.0024726235
9145_3,0.001810211
506_8,0.9982993
7126_1,0.0015978455
3317_1,0.0016743994
11439_4,0.001648483
6583_1,0.001477943
2805_8,0.99856746
1841_10,0.9984269
2698_3,0.0043994132
6956_4,0.005641909
7664_8,0.9957353
97_1,0.0017274586
4588_9,0.97887486
5220_1,0.0013458604
45_2,0.001867566
5812_4,0.9881309
6625_8,0.99629277
2816_9,0.9825575
11463_1,0.0015487612
158_9,0.9984988
6633_1,0.0013885231
1184_10,0.99586606
3967_1,0.0034296038
6653_7,0.0063883206
6093_1,0.0013250223
2932_7,0.064653486
1522_1,0.0013885231
2529_1,0.0025114634
1475_1,0.0019570168
2027_8,0.9984988
1854_1,0.0014325365
6269_10,0.99760324
2184_7,0.9982993
4923_3,0.00498227
10827_9,0.9986749
10885_10,0.997851
3281_1,0.0015011822
1468_7,0.994615
104_1,0.0015731123
3898_3,0.0014325365
10973_7,0.99818975
8900_7,0.99837697
10735_1,0.0015011822
4992_1,0.0013458604
368_8,0.99854493
6709_4,0.0013250223
10453_1,0.0015011822
139_4,0.9813107
12079_1,0.0013670255
7001_4,0.0014103585
10533_3,0.27125168
2307_8,0.99837697
7241_9,0.99837697
7717_3,0.0013670255
6223_2,0.0020829707
9500_2,0.0013045068
669_10,0.997917
1596_3,0.002673006
3576_7,0.98866826
8263_8,0.9985221
6832_4,0.0018386653
5158_9,0.99837697
5899_10,0.99854493
5794_4,0.7244806
8854_10,0.99837697
11036_7,0.9933072
8803_3,0.9981324
5733_4,0.001622967
5268_10,0.9985221
12297_2,0.0013670255
6862_1,0.0013670255
5515_3,0.0013250223
3382_10,0.998103
6738_2,0.0014103585
3832_1,0.0015011822
10210_7,0.99832565
12080_3,0.004133968
7748_2,0.002889581
4788_1,0.9976404
182_10,0.9985896
4478_4,0.0013885231
6544_1,0.0020507437
2705_7,0.9184803
10334_1,0.0012448432
10374_10,0.9969246
2031_1,0.0013045068
4671_7,0.99847525
6231_9,0.9974885
9077_3,0.0013045068
6381_1,0.0017007225
216_2,0.0017821962
9956_4,0.41608468
10882_9,0.004198795
6192_10,0.018264279
10442_8,0.99861145
3199_10,0.99847525
7649_3,0.0023231625
1793_9,0.9978173
7987_1,0.0019877742
1678_1,0.002673006
8176_4,0.0023231625
4674_2,0.0024726235
5751_3,0.9954615
6904_9,0.99837697
8869_1,0.0013885231
6844_2,0.0013670255
8744_2,0.0015011822
5430_3,0.9959299
1556_9,0.99788433
10830_9,0.9984988
5642_8,0.99788433
3337_1,0.0013885231
5339_1,0.0013045068
9198_1,0.0013045068
5759_10,0.99736834
10632_9,0.9984269
2067_9,0.9984022
3442_10,0.9975656
3341_4,0.0025909794
9055_4,0.0018386653
5793_8,0.99586606
896_8,0.9965166
1804_2,0.0013250223
1134_8,0.9984269
5532_8,0.9979493
2453_9,0.9986749
8113_2,0.0013045068
12046_10,0.9985221
11873_8,0.99701905
4525_8,0.9890131
10377_2,0.0023596606
2008_1,0.0013045068
10288_1,0.0021489493
1083_7,0.8987666
2415_2,0.9511422
6688_9,0.9984988
4448_9,0.9978173
9407_10,0.99847525
3976_4,0.99566853
3930_8,0.9980122
3950_10,0.99711037
5645_3,0.02517884
6064_9,0.99854493
8064_1,0.001264422
3643_1,0.0015487612
10321_1,0.0018969199
5858_1,0.0036499873
8535_9,0.98892784
3643_7,0.0038244836
10041_1,0.0012843083
11014_10,0.997851
11776_4,0.001810211
8227_7,0.9984988
11445_8,0.997917
8756_10,0.9980732
9328_10,0.99827254
11734_10,0.997851
10118_1,0.0015487612
9690_2,0.29017562
7713_8,0.9984988
545_7,0.9840936
10603_8,0.9971551
5925_9,0.99804294
3105_1,0.0013458604
10134_4,0.0018386653
6354_2,0.00498227
9866_2,0.001810211
7553_10,0.9984988
11324_2,0.9964064
10532_1,0.0016743994
439_1,0.0013670255
11265_10,0.9985221
6568_8,0.9986749
9218_3,0.001477943
1939_2,0.002019014
4215_7,0.997783
9968_10,0.99856746
12022_10,0.9957353
897_8,0.002396731
7129_8,0.99845123
7414_4,0.0014550629
8118_9,0.9961755
6179_4,0.001622967
10124_8,0.9985221
7379_7,0.997851
1075_9,0.99863297
2594_3,0.0014103585
11482_4,0.011869121
7675_10,0.9983516
3127_8,0.97737074
7440_10,0.99845123
10215_10,0.9965166
5098_10,0.99837697
10534_2,0.0012843083
12364_7,0.94208187
5191_1,0.0015247865
4179_9,0.8976953
1433_3,0.001477943
12177_8,0.997285
9519_8,0.99854493
5781_7,0.9981614
10031_8,0.99760324
2631_4,0.001622967
195_4,0.947381
11432_7,0.99351174
3952_10,0.9985896
5805_2,0.0014325365
5555_10,0.99854493
7161_4,0.002434382
1399_1,0.0016743994
8332_3,0.0017007225
2132_2,0.003707253
12031_1,0.0022518474
8480_1,0.0013250223
11103_4,0.001867566
12124_3,0.001810211
12072_9,0.9985221
9371_9,0.0034296038
2144_4,0.0014103585
5668_10,0.99854493
11790_10,0.9984269
6933_7,0.99371004
4932_10,0.99837697
216_10,0.9969246
5862_7,0.01461567
11669_3,0.0014550629
7488_4,0.0067975316
6402_10,0.99788433
3244_9,0.99837697
5108_7,0.9984988
10854_1,0.0013458604
3404_10,0.99821776
4282_7,0.0031236487
483_10,0.9971551
2110_4,0.002889581
6199_8,0.99818975
7942_10,0.99861145
314_2,0.0014103585
6395_3,0.0022170132
274_1,0.0014550629
3421_2,0.0013250223
4100_1,0.0014103585
9232_1,0.001867566
7152_10,0.99854493
10721_7,0.99869555
3565_3,0.001622967
4223_1,0.0019877742
3543_10,0.99847525
1256_7,0.99605453
6567_2,0.0014325365
10658_9,0.997851
1381_1,0.001622967
2591_1,0.0013458604
4775_2,0.0015487612
1743_8,0.69118476
3004_1,0.0017007225
11712_7,0.9908744
2966_2,0.0015731123
3139_1,0.0012843083
989_4,0.0014550629
2141_1,0.001622967
8224_1,0.0021489493
10222_8,0.9623913
6540_1,0.001648483
7427_10,0.9985221
5519_1,0.99788433
945_2,0.001477943
3996_3,0.001622967
10202_9,0.9986541
1328_9,0.99818975
11425_2,0.0012448432
1252_4,0.0015487612
10086_1,0.02096424
3946_3,0.0014103585
11834_8,0.99854493
10710_1,0.0021827165
1858_8,0.9976404
1532_10,0.9984988
7082_10,0.99856746
9813_10,0.9984988
38_1,0.001622967
271_4,0.30002728
7184_1,0.0013045068
11866_10,0.99821776
5983_1,0.001264422
5026_10,0.9984269
9030_1,0.0013458604
11133_1,0.0013250223
10130_2,0.001477943
8357_2,0.0015011822
9824_1,0.005384938
7264_4,0.0017274586
12449_2,0.0015247865
1735_1,0.0021489493
618_7,0.997981
6421_7,0.9939964
6294_4,0.0034834242
2174_2,0.0014550629
5985_2,0.0014550629
7121_10,0.006097562
7912_7,0.9959299
5015_1,0.0019877742
6476_2,0.0017274586
9954_8,0.997783
10122_10,0.9984988
9334_9,0.966156
11751_3,0.0038244836
11607_7,0.99847525
11310_10,0.9986749
300_1,0.0022518474
6520_4,0.0018386653
6735_10,0.99827254
10008_8,0.9985221
7817_7,0.9124362
3634_10,0.99854493
5927_2,0.0019570168
3414_3,0.0014103585
12266_1,0.0075772414
11276_7,0.9967269
5478_3,0.0017821962
6992_1,0.002673006
8039_8,0.9984269
11491_4,0.987375
7823_7,0.99821776
8662_9,0.99832565
9921_2,0.0014550629
2058_9,0.9985896
3321_9,0.9986541
8634_7,0.16291203
2161_4,0.010169657
3441_9,0.99837697
10096_1,0.001648483
774_4,0.006692851
12086_9,0.99635005
1968_8,0.99128854
3269_1,0.001477943
2988_10,0.9981614
853_1,0.05921025
5303_10,0.99856746
11628_10,0.99837697
7772_2,0.0013458604
2712_1,0.0012843083
7362_4,0.0015978455
3681_2,0.0015247865
2066_1,0.0013670255
7089_3,0.997783
7393_10,0.99635005
7284_1,0.001264422
12199_7,0.9959299
3512_1,0.0074606435
4349_2,0.0017007225
11825_1,0.0015731123
8351_3,0.0015247865
467_3,0.002019014
2523_10,0.99863297
12078_8,0.99827254
1418_10,0.9986541
6552_10,0.9985896
10070_10,0.9985221
10031_2,0.001867566
7179_2,0.0013250223
4533_1,0.001622967
11788_10,0.99845123
833_3,0.007345827
9777_1,0.0014550629
6930_7,0.0015247865
2310_10,0.99847525
2924_8,0.99740905
7252_10,0.99832565
10216_10,0.99827254
104_10,0.99553156
4283_4,0.001867566
6351_4,0.0017546144
1272_4,0.0015731123
11226_9,0.9974491
3342_10,0.997917
3326_9,0.99821776
3541_8,0.9983516
8142_10,0.9982993
6491_10,0.99818975
2125_10,0.9984022
7008_10,0.9985896
5347_9,0.99856746
8420_9,0.9965166
10767_3,0.0031726828
12094_1,0.0012843083
11904_1,0.0013458604
2635_1,0.0015487612
4074_10,0.9984269
2470_1,0.076407686
5888_3,0.0015731123
9164_4,0.0040072887
11312_1,0.0017821962
2588_3,0.0014325365
9177_1,0.0015247865
10361_9,0.99861145
9216_10,0.9984269
5754_3,0.0029349516
12314_10,0.9986541
9044_3,0.0018969199
5677_2,0.0014550629
6664_4,0.001648483
2308_3,0.001477943
7377_3,0.98934746
9149_8,0.99818975
5244_3,0.0017007225
10656_3,0.002434382
10885_1,0.0014550629
4296_9,0.99580115
1770_2,0.001810211
4940_10,0.99847525
3984_10,0.9974491
2976_10,0.99832565
2767_1,0.0015011822
11848_2,0.0013885231
3096_10,0.99553156
9792_3,0.0022170132
9785_10,0.0018969199
10264_8,0.9981614
12277_7,0.99736834
8110_8,0.9983516
10396_8,0.9984988
3233_2,0.0015731123
1903_1,0.0015487612
4743_10,0.9898303
1417_9,0.99847525
2662_1,0.0016743994
11231_4,0.9744348
9747_10,0.9985896
27_4,0.0014103585
3310_2,0.0017007225
3212_10,0.99861145
5608_3,0.001477943
1241_4,0.002396731
5543_7,0.9979493
7945_9,0.9976404
3705_7,0.9977482
1598_10,0.015784562
4273_10,0.9980122
5985_9,0.9979493
531_2,0.99687636
6744_7,0.99509466
10270_1,0.0015487612
11199_9,0.9985221
9755_4,0.02865267
12080_10,0.997783
5600_10,0.9985896
12216_10,0.9951703
10783_4,0.011869121
3307_1,0.001622967
10954_7,0.9964064
9959_4,0.001477943
10223_10,0.99856746
12130_1,0.9984988
11939_7,0.0054692742
12318_10,0.9985221
6204_10,0.9984269
2927_9,0.99629277
2779_10,0.9982993
3661_1,0.0013670255
9068_3,0.0017007225
1970_2,0.99586606
7539_10,0.99847525
9241_3,0.0013250223
9350_3,0.0045384313
7885_8,0.99863297
1078_9,0.99657035
6062_2,0.002019014
1215_10,0.9979493
1561_3,0.001477943
2159_1,0.0015011822
8637_10,0.99832565
8375_4,0.05223086
2864_1,0.001867566
186_9,0.99856746
1669_9,0.9975656
6936_9,0.9978173
7541_3,0.0020829707
1515_7,0.998103
5039_7,0.992062
9269_1,0.002889581
4965_10,0.99854493
10028_3,0.0015487612
3547_4,0.0044683837
6070_10,0.9985896
11334_7,0.99854493
4980_7,0.9976404
5063_2,0.001622967
11637_8,0.93581736
310_1,0.0014550629
9847_1,0.0013458604
4433_9,0.9984988
4535_1,0.0015731123
11209_10,0.9980732
242_3,0.001810211
6150_7,0.010169657
7499_2,0.0013045068
10073_7,0.010818449
7352_3,0.0013670255
6616_2,0.0016743994
2148_1,0.0013250223
322_1,0.0029349516
638_1,0.0013885231
3236_10,0.99827254
11913_7,0.99732697
7188_4,0.0019570168
3999_2,0.0013045068
1397_1,0.0035936027
11768_8,0.9984988
10301_2,0.9205043
7486_10,0.99861145
7915_2,0.0013458604
103_10,0.9985221
2249_1,0.004905406
11559_9,0.9981614
11374_4,0.0020829707
7639_3,0.001477943
11922_3,0.0021157034
6068_10,0.99832565
7681_3,0.8539127
3097_1,0.0017821962
10233_3,0.00619299
9111_1,0.0014325365
7240_2,0.0015011822
10394_9,0.76942694
792_2,0.013020489
440_1,0.0015011822
11141_1,0.0013885231
7488_7,0.9984022
2731_4,0.0024726235
11632_10,0.012821214
7577_3,0.0025114634
12047_8,0.9983516
7055_8,0.99863297
394_9,0.99847525
777_2,0.0013670255
6460_8,0.99827254
10412_2,0.0015487612
9910_8,0.6303436
826_8,0.9984269
7381_1,0.0013250223
1700_8,0.53849787
1131_2,0.0015978455
6796_10,0.9986541
7084_8,0.99854493
5735_1,0.0012843083
6290_7,0.99824536
10506_8,0.99732697
2276_8,0.9927672
6221_1,0.99861145
1404_4,0.96641046
1440_1,0.0012843083
8199_9,0.99847525
1145_2,0.001867566
5546_4,0.002673006
816_3,0.013020489
10535_10,0.998103
2_3,0.0014325365
6735_1,0.0014325365
2684_4,0.0014550629
1765_10,0.994089
4346_7,0.9546474
1157_9,0.0018969199
4216_1,0.0014325365
3937_8,0.9984988
11140_10,0.99847525
1635_1,0.0015487612
4457_10,0.99736834
7250_8,0.99856746
3801_7,0.0016743994
7892_10,0.997285
11022_8,0.99863297
5856_7,0.001648483
345_7,0.0029810332
10809_3,0.9780517
9474_4,0.0015978455
5775_10,0.99818975
2845_3,0.0034834242
1383_10,0.99832565
9171_7,0.99371004
10866_9,0.99687636
12161_8,0.98215127
9118_1,0.0014325365
9122_8,0.99854493
5142_1,0.0013458604
2798_9,0.9979493
2260_8,0.99821776
11677_10,0.99832565
2788_1,0.0012843083
8896_8,0.99854493
7685_10,0.99856746
760_1,0.0013458604
7811_4,0.0032730647
1964_8,0.99863297
5059_10,0.9962346
4568_1,0.0015978455
7475_1,0.0013670255
11400_3,0.0013885231
6082_3,0.001264422
7961_4,0.9956006
7502_8,0.99863297
11351_10,0.99861145
9851_8,0.99804294
1172_1,0.0014325365
1815_10,0.9983516
6218_8,0.9969246
9628_9,0.9984022
2312_3,0.0014103585
5014_10,0.9982993
7845_8,0.99701905
4468_9,0.9984022
2247_10,0.99847525
4408_10,0.99863297
2957_2,0.0023231625
4716_1,0.0017274586
9909_1,0.0015247865
8611_1,0.001477943
5055_10,0.99854493
5828_10,0.99856746
1147_1,0.0014550629
11716_10,0.07585818
5289_8,0.9985896
5566_10,0.99821776
3389_2,0.0013670255
6169_4,0.0013885231
12019_10,0.9985896
4136_7,0.9930962
2421_3,0.0013458604
607_10,0.9984022
4084_8,0.9981614
7333_1,0.0015731123
8208_7,0.9465967
2971_10,0.99847525
7508_1,0.0014550629
988_8,0.99863297
1124_8,0.9985221
3658_10,0.9986541
5155_7,0.99854493
11362_2,0.0038244836
8776_10,0.99837697
7294_10,0.9956006
10853_8,0.99724233
871_10,0.99863297
11513_1,0.0021827165
5605_10,0.006903838
1235_8,0.9572778
623_2,0.0025114634
1271_2,0.0033766124
7590_7,0.990732
5075_4,0.0015978455
6175_4,0.0015731123
10629_1,0.0013250223
1474_7,0.92523
9077_9,0.9967775
11630_7,0.99771273
11060_2,0.0016743994
664_9,0.9981324
4778_10,0.99861145
3535_1,0.0012843083
1130_1,0.0014325365
10718_1,0.0013045068
3334_1,0.0013670255
7133_2,0.0021489493
12073_1,0.0015731123
7877_10,0.9984022
12286_10,0.9966234
8675_4,0.0015011822
8968_7,0.0029810332
8118_1,0.0014550629
12109_10,0.9984269
6476_8,0.99847525
12248_2,0.0014550629
9444_1,0.0012843083
9932_10,0.99837697
6863_9,0.9985896
7810_1,0.0021827165
5463_1,0.0017274586
8385_10,0.9927672
5560_3,0.0017007225
12391_2,0.0017274586
3644_9,0.9785493
1225_1,0.0014550629
375_1,0.0014325365
11515_7,0.9978173
3812_1,0.001622967
10747_1,0.0018386653
8059_8,0.99861145
633_1,0.0015487612
9189_10,0.99818975
11404_8,0.9933072
11871_8,0.9968273
2883_8,0.99854493
9048_4,0.01065251
1066_1,0.0014103585
630_3,0.0025909794
61_9,0.9985896
9264_10,0.99845123
5132_9,0.99847525
5796_9,0.99832565
11232_2,0.0015731123
327_1,0.0012448432
9787_8,0.99832565
7780_2,0.0016743994
2533_2,0.0014103585
7349_10,0.9979493
2593_1,0.98998636
4672_8,0.9984988
11191_10,0.99818975
1301_1,0.001622967
10632_4,0.0017821962
10750_1,0.0020829707
2621_2,0.9914225
12045_4,0.22067817
4276_10,0.99863297
9960_2,0.0022872274
3307_8,0.9965166
3007_10,0.9977482
7204_9,0.99724233
3988_7,0.89442116
4129_8,0.99863297
2071_1,0.0015978455
7310_3,0.9980732
855_9,0.99827254
5380_1,0.0015731123
5067_2,0.002019014
6320_2,0.0017821962
1019_3,0.001477943
8216_2,0.0040072887
3814_7,0.9969246
7888_4,0.9953904
3419_2,0.0019570168
3039_8,0.9985221
12039_4,0.0020507437
1191_7,0.9985896
2361_1,0.001264422
8291_10,0.9982993
4954_3,0.0013250223
12430_1,0.0014550629
7634_7,0.02211659
11902_10,0.99856746
1603_10,0.014281935
9395_8,0.0025114634
9384_2,0.001477943
11687_1,0.0019570168
4148_3,0.0033766124
171_7,0.99736834
11814_4,0.0013885231
8124_3,0.110855594
11387_1,0.001810211
3249_9,0.9985896
3591_10,0.99863297
10171_8,0.00581996
1100_9,0.99605453
7144_4,0.99863297
8060_9,0.99824536
11063_10,0.9985221
3481_2,0.0014550629
7413_4,0.0015247865
11121_2,0.0036499873
4700_2,0.0034834242
1566_4,0.0031236487
11731_3,0.0030753699
7346_10,0.99856746
7890_10,0.9429286
11704_10,0.9976769
4635_10,0.005554925
2369_8,0.41917235
9655_10,0.99837697
2115_2,0.0012843083
6408_7,0.0029810332
10470_1,0.0013670255
11512_8,0.99818975
11523_7,0.9978173
10379_3,0.0020829707
9164_9,0.9984269
3150_1,0.03904829
2880_3,0.001477943
1608_7,0.9954615
2406_9,0.9984269
260_10,0.99856746
10658_3,0.0015487612
10609_1,0.0030278352
6861_7,0.007121429
10058_2,0.99605453
11618_10,0.99832565
3727_4,0.0023596606
1924_10,0.9983516
7471_1,0.0021157034
1856_7,0.99101454
10132_3,0.0035936027
4010_2,0.0012843083
11752_2,0.008711384
11122_2,0.001477943
11065_1,0.0013458604
1211_1,0.0014325365
8973_7,0.004264634
1888_9,0.99854493
8521_8,0.56595856
6671_4,0.030908957
4241_3,0.002631674
10925_4,0.0017007225
4030_2,0.0014325365
9410_1,0.0013458604
10004_2,0.0023596606
599_1,0.0015247865
8656_1,0.0014325365
10087_7,0.9977482
5118_10,0.99837697
9780_4,0.0014550629
586_2,0.0017007225
6464_4,0.0013885231
7482_1,0.001622967
11075_8,0.9985221
11984_1,0.0015247865
6808_9,0.9985896
6178_10,0.99566853
12196_7,0.77321637
7771_10,0.99861145
10801_1,0.004133968
1243_2,0.0019267346
4028_2,0.001648483
700_4,0.99818975
758_10,0.99861145
5393_8,0.99854493
3552_4,0.99566853
3440_10,0.9984269
12357_7,0.99361163
10850_2,0.0015731123
5083_10,0.998103
790_10,0.49438497
302_3,0.0019877742
11160_3,0.0057302467
1170_1,0.001477943
6341_3,0.0018386653
289_1,0.0038844768
3075_7,0.9984022
12016_7,0.0025114634
5998_3,0.0015247865
5295_1,0.0013045068
9712_2,0.0013885231
9689_10,0.98571813
9441_1,0.0014550629
7426_10,0.9985896
612_9,0.9976404
4331_8,0.95565146
1016_7,0.0032730647
4463_7,0.966156
9520_1,0.0014325365
1557_10,0.998103
6277_1,0.0015978455
2279_3,0.0015487612
11591_10,0.9984269
3503_1,0.0013250223
9814_1,0.001867566
11342_4,0.93674946
5133_1,0.0015011822
11189_10,0.99847525
2343_8,0.99832565
2234_7,0.99827254
926_4,0.002631674
9829_2,0.0021157034
3338_7,0.9976769
4272_9,0.9985221
4826_1,0.0017546144
10529_3,0.002631674
12398_1,0.0022518474
6965_10,0.997065
10737_9,0.99821776
9356_1,0.0015011822
2087_3,0.0014103585
5802_4,0.99611557
6514_8,0.9984988
11607_4,0.002889581
9117_4,0.019419348
2011_10,0.9979493
11952_4,0.010013569
8753_4,0.99847525
5338_8,0.9980732
10799_3,0.012722708
6388_3,0.0027149855
4667_1,0.0012843083
11302_9,0.99832565
6587_4,0.001810211
6822_8,0.99837697
9725_10,0.99837697
7237_10,0.99760324
7710_1,0.0013045068
6090_1,0.0015247865
9864_4,0.9798227
9759_1,0.0022872274
8926_10,0.8740772
2454_1,0.0017546144
4364_1,0.0016743994
10672_1,0.0013250223
7703_4,0.0014103585
7289_1,0.0013885231
6370_2,0.01798621
8898_7,0.99847525
245_8,0.9974491
7786_2,0.0015247865
12092_8,0.998103
12495_3,0.0027576222
2762_2,0.0014550629
11009_1,0.0013045068
7735_1,0.0032224844
5377_8,0.9967269
6074_3,0.0013458604
2133_1,0.001622967
2291_1,0.0025114634
767_1,0.0048297215
2677_3,0.0014550629
5801_2,0.0015487612
11416_7,0.9978173
7083_3,0.030675802
7268_1,0.0019877742
8613_1,0.0020829707
446_10,0.9985896
6513_7,0.029760094
11229_4,0.001622967
11155_4,0.009559399
10298_9,0.9982993
1521_8,0.99863297
5682_1,0.012241275
11575_3,0.009859855
10144_1,0.0017546144
5819_10,0.9980122
7287_4,0.0015731123
11507_10,0.99854493
10458_7,0.99837697
5935_1,0.0013045068
4126_1,0.0012448432
3777_10,0.99818975
1720_3,0.0015011822
11112_2,0.0017821962
6222_9,0.99856746
8019_1,0.0015487612
10067_4,0.0017007225
5991_9,0.99837697
10203_10,0.99847525
2485_1,0.0015011822
5910_2,0.0031726828
3940_9,0.9984988
9140_10,0.9967775
9558_10,0.9986749
4582_7,0.3149453
3323_1,0.0015247865
5038_4,0.0014550629
12405_10,0.997851
11620_4,0.0014325365
8774_7,0.9969722
10164_9,0.9977482
4112_3,0.844409
629_7,0.0025509126
2732_7,0.99736834
4356_3,0.9969722
514_9,0.9986749
168_1,0.0014103585
7157_1,0.0017821962
11193_7,0.0022518474
12163_1,0.002019014
259_2,0.0014103585
9977_1,0.0012843083
5169_10,0.9982993
7439_10,0.99856746
10261_1,0.0015487612
6623_7,0.9916842
2834_9,0.9980122
2930_10,0.998103
3232_10,0.99863297
533_10,0.9980732
6006_4,0.0013250223
9029_4,0.0017007225
7738_4,0.030214587
52_4,0.0033244372
374_4,0.9932025
4502_1,0.0017274586
10309_8,0.799129
7541_8,0.9953181
1874_1,0.003538086
6884_1,0.0013458604
7285_1,0.0016743994
3385_2,0.001810211
7078_2,0.0015978455
10788_10,0.9985896
6361_7,0.9969722
5761_10,0.997917
8946_1,0.001477943
393_1,0.001622967
458_4,0.0019570168
7435_10,0.9984988
10816_2,0.0014103585
1606_10,0.9984988
1742_3,0.0017007225
7167_8,0.9761292
1249_9,0.9984269
473_9,0.99861145
3475_9,0.9869795
2316_3,0.0013670255
3739_2,0.0015011822
4746_9,0.99832565
9924_8,0.99687636
2202_8,0.9984269
11531_1,0.0035936027
11138_7,0.9981324
3402_1,0.0012843083
4547_10,0.9984269
2786_2,0.21239536
1570_8,0.99847525
3095_3,0.00619299
4745_1,0.0013885231
165_4,0.98527133
1578_4,0.0015247865
495_10,0.99821776
12414_1,0.0015731123
1383_1,0.0067975316
10438_3,0.0015011822
812_3,0.001810211
9588_9,0.9981324
7785_10,0.99854493
11169_4,0.0015247865
7476_10,0.99788433
8196_1,0.0012843083
6526_7,0.47609246
1695_3,0.0051396107
11077_10,0.99760324
7642_7,0.9959927
7618_3,0.9939964
353_10,0.99845123
210_9,0.6888872
9455_10,0.9984269
520_2,0.0014325365
7615_10,0.9984988
7475_9,0.9985221
6894_7,0.99837697
8622_2,0.0012255674
11149_3,0.0015731123
6154_3,0.002396731
2514_7,0.78530854
4359_1,0.011687259
8797_4,0.0015011822
10023_8,0.614394
1212_4,0.9975656
9985_1,0.0018386653
4182_1,0.0017546144
10662_10,0.99629277
3907_7,0.99854493
11342_10,0.99832565
1483_3,0.0017274586
10510_7,0.99719906
8522_2,0.0014103585
6049_4,0.002673006
2687_9,0.9986541
9766_7,0.02576056
6792_1,0.0014550629
5990_10,0.9985221
11699_2,0.0022170132
3446_4,0.0016743994
10448_7,0.9761292
5629_1,0.0013458604
2831_1,0.0015487612
4351_10,0.99856746
2547_1,0.0014550629
2778_2,0.0019570168
7307_10,0.96267307
11148_3,0.0015731123
907_3,0.0015011822
2184_1,0.0015978455
2030_8,0.99854493
11051_4,0.0021489493
9150_4,0.0015978455
12418_7,0.9974491
10724_10,0.9984269
8876_8,0.9985896
1620_7,0.40192252
12423_9,0.99804294
3642_1,0.0034296038
10214_10,0.9983516
4575_3,0.006097562
2692_7,0.9939964
3919_1,0.001477943
11971_8,0.0014103585
11676_10,0.98677725
8047_1,0.0014325365
4009_8,0.9983516
7929_9,0.99847525
2432_10,0.99861145
8933_8,0.9984022
1375_1,0.00818791
1861_7,0.99845123
10897_10,0.9984988
2828_10,0.0017007225
4568_10,0.99824536
1535_7,0.99711037
7282_8,0.9969246
12365_10,0.99469805
6682_3,0.0017546144
1393_8,0.9974885
7270_1,0.001477943
1680_10,0.9974491
8207_8,0.99861145
8612_2,0.0013458604
5640_9,0.9983516
96_10,0.9985221
12093_2,0.0019877742
2068_9,0.99827254
9799_10,0.99863297
8730_1,0.0014103585
1000_3,0.078642376
742_2,0.004264634
10432_10,0.99821776
9425_2,0.0012843083
11636_3,0.0030753699
6564_2,0.0014103585
5706_9,0.99854493
8594_3,0.0014325365
9488_9,0.9953904
12283_8,0.9984269
6579_3,0.0014550629
6738_10,0.9985896
9007_2,0.0140636265
2723_8,0.99847525
5115_3,0.9224824
9469_10,0.9951703
1444_1,0.0013885231
5688_1,0.0016743994
12390_4,0.0023231625
1681_1,0.0012448432
9048_7,0.9888419
10207_3,0.0020829707
3817_9,0.9984988
2200_10,0.997981
4250_8,0.99861145
12213_10,0.99854493
11602_4,0.9943581
4507_4,0.0017546144
3817_1,0.0013045068
9394_1,0.0017546144
9129_1,0.0013670255
3675_7,0.997783
1670_4,0.9975656
1151_1,0.00498227
8818_4,0.030675802
4810_7,0.9980122
4979_1,0.0015731123
80_4,0.0019877742
5506_9,0.993807
7451_10,0.99298817
4539_10,0.99861145
6914_10,0.99845123
2807_10,0.99824536
10229_10,0.99845123
10908_8,0.99553156
7709_9,0.9985221
10872_9,0.99847525
8487_1,0.0013045068
1140_9,0.99818975
558_10,0.9985221
9935_8,0.9981614
1084_8,0.99788433
6185_9,0.9980122
9278_7,0.008061991
3756_7,0.99629277
4308_1,0.0015011822
121_8,0.9983516
11072_8,0.9975274
9420_7,0.99635005
3955_1,0.0013670255
9591_10,0.013121271
11176_1,0.0013458604
11882_2,0.0014103585
12458_10,0.9962346
303_10,0.9984022
3779_8,0.99711037
1805_4,0.0015978455
12054_2,0.0017274586
1990_4,0.001477943
7331_1,0.0017274586
6243_8,0.9966756
7201_1,0.0013250223
6230_7,0.9959299
11252_3,0.0013885231
8379_8,0.99771273
11890_1,0.008577485
6977_1,0.0013670255
5481_1,0.0014103585
6013_7,0.005060332
11638_4,0.2613309
3302_1,0.006903838
4837_4,0.81873685
737_1,0.001477943
6128_3,0.0018969199
3749_4,0.0017821962
580_3,0.0024726235
11031_10,0.9983516
6644_1,0.0013458604
8517_1,0.001648483
4883_3,0.0015247865
4273_4,0.0016743994
404_1,0.0013885231
12108_10,0.9985221
10005_8,0.8558512
7140_4,0.9825575
258_8,0.99845123
6746_7,0.99837697
7189_2,0.94699025
11626_4,0.0017007225
10785_10,0.99732697
11007_1,0.0015978455
8987_7,0.46538743
275_1,0.0014325365
2554_10,0.99861145
2682_1,0.0013458604
3797_1,0.0015011822
7383_1,0.0015978455
9816_9,0.99837697
11057_8,0.997917
11901_3,0.0015011822
11501_3,0.0033244372
11999_2,0.0015011822
740_3,0.0015487612
3109_8,0.9983516
2773_8,0.99845123
5725_4,0.0019570168
4423_3,0.001622967
4035_2,0.0013250223
6550_7,0.017176708
711_4,0.9830851
10773_4,0.0018386653
11202_1,0.0017274586
1054_2,0.0013458604
2207_10,0.9986541
9809_4,0.0015731123
11349_10,0.99854493
5195_4,0.001622967
6881_4,0.99390244
7537_3,0.0019570168
99_3,0.0017274586
6589_9,0.99856746
11781_10,0.997981
4337_3,0.0013885231
4928_10,0.9984022
6310_1,0.0015247865
11867_8,0.0044683837
9462_2,0.0019877742
12224_9,0.9959927
1195_3,0.001477943
11324_10,0.9984269
11272_4,0.001648483
2461_7,0.99845123
4034_7,0.9986541
2340_10,0.9986541
9827_9,0.99824536
4660_4,0.0019267346
2448_1,0.0015247865
7485_7,0.014842417
7003_10,0.9981614
6204_1,0.001648483
1920_10,0.997981
6824_1,0.002019014
6668_10,0.99837697
7359_1,0.0015731123
2753_4,0.99711037
7320_10,0.99827254
3661_10,0.99847525
1059_1,0.0021157034
5067_10,0.99845123
5724_3,0.0015011822
11265_2,0.0012065897
11331_1,0.001648483
5398_10,0.99863297
9328_2,0.0014550629
100_4,0.18184364
6118_10,0.9985896
320_3,0.0014103585
4395_10,0.9986541
7256_4,0.0032730647
3949_10,0.99847525
7097_1,0.99845123
6971_2,0.03875619
9855_2,0.004198795
457_8,0.99837697
9929_7,0.0029810332
9574_10,0.99854493
12261_4,0.9904406
5228_9,0.99804294
11684_2,0.0013885231
7913_9,0.9985896
9595_3,0.0022170132
10501_10,0.9980122
10610_7,0.99837697
8573_7,0.99724233
1823_2,0.0015731123
12070_4,0.0027576222
6995_8,0.99788433
4929_1,0.0013458604
2555_4,0.0018969199
6583_7,0.9984988
2490_1,0.0017821962
8203_7,0.997851
7861_3,0.0015011822
2548_2,0.004905406
12291_7,0.9981614
756_1,0.0017821962
9275_7,0.9982993
9234_9,0.99863297
10598_10,0.99824536
8252_8,0.99635005
3585_2,0.0014550629
11561_1,0.0013045068
690_10,0.99821776
7203_10,0.99818975
11141_10,0.9984269
5583_10,0.99847525
7341_10,0.99827254
10623_8,0.9986541
868_4,0.0016743994
778_9,0.9983516
4653_10,0.04115289
7450_4,0.99837697
8836_8,0.9985896
226_9,0.0025509126
464_10,0.9986749
2850_9,0.9983516
10242_8,0.983343
2403_10,0.99854493
3397_10,0.9986541
1003_4,0.99771273
10940_10,0.9978173
3349_10,0.9982993
5909_1,0.0013885231
12021_8,0.99788433
5019_1,0.004133968
1809_7,0.99837697
4435_10,0.99832565
10029_1,0.0018386653
8234_2,0.0014103585
3760_1,0.0016743994
10952_10,0.9984988
1487_9,0.99856746
46_10,0.99827254
4917_4,0.0013458604
2000_9,0.99837697
10974_2,0.07978202
11275_8,0.6117879
1816_10,0.9984022
4848_3,0.0023596606
11730_3,0.011869121
1903_10,0.99827254
12331_9,0.9956006
10360_9,0.9985221
9243_10,0.99854493
10115_8,0.9986541
11417_3,0.002631674
6259_4,0.0018969199
316_10,0.99847525
1100_4,0.99724233
7919_2,0.0019570168
1871_2,0.0015247865
12488_8,0.9983516
10239_9,0.99804294
7832_2,0.0013885231
8808_1,0.0012843083
7241_2,0.0014550629
4412_2,0.0039454065
807_10,0.105210535
9728_8,0.5767804
5665_2,0.0017274586
491_2,0.002019014
7938_1,0.0015011822
3513_8,0.99821776
8942_1,0.0015011822
11520_7,0.997783
11478_3,0.9981614
5627_10,0.8736466
3462_2,0.0028009268
5161_10,0.9985896
6545_2,0.0014550629
6513_4,0.9968273
3032_1,0.0013885231
7403_2,0.0015247865
11878_3,0.0013885231
11348_8,0.9985221
4979_7,0.7641884
7131_1,0.001264422
3972_3,0.003707253
2925_2,0.005641909
5346_3,0.0014103585
10709_3,0.0031236487
10999_2,0.0016743994
5974_10,0.9953904
9008_10,0.99861145
1324_10,0.99863297
10454_8,0.0054692742
8336_8,0.033336822
5869_10,0.99856746
9922_3,0.0013250223
2081_2,0.0017007225
5811_7,0.99821776
1619_10,0.99732697
5461_7,0.9980732
9152_2,0.0014103585
9071_8,0.9985896
4688_10,0.99847525
8956_10,0.99854493
1883_4,0.0013885231
5707_1,0.001477943
7529_3,0.0018969199
83_1,0.0013045068
10440_1,0.0014550629
3673_1,0.0014103585
6983_4,0.002019014
2546_4,0.9856076
6698_3,0.0036499873
10689_3,0.0029349516
9986_10,0.99847525
5614_10,0.023330767
10094_4,0.0025909794
12468_10,0.9984269
3828_10,0.9976404
10524_2,0.0015011822
2016_2,0.0012843083
7583_4,0.001622967
4795_8,0.998103
7564_3,0.97702265
1366_3,0.001622967
508_4,0.0015978455
9509_3,0.07779745
1587_3,0.001477943
12376_4,0.0033766124
2525_8,0.9968273
2877_2,0.0015247865
9485_9,0.9985221
12023_8,0.99832565
11544_10,0.99856746
198_3,0.0014550629
4390_1,0.0013885231
993_8,0.994089
7965_9,0.997981
8865_1,0.0013458604
6638_1,0.0023231625
141_8,0.997981
136_2,0.0021157034
3004_10,0.9984988
3457_9,0.99854493
11488_1,0.0014325365
644_2,0.0016743994
8387_9,0.9977482
5026_3,0.0039454065
8936_7,0.9978173
453_4,0.0029349516
8547_3,0.044348583
10542_4,0.0015978455
5231_9,0.9976769
9592_10,0.9981614
8591_7,0.99856746
6686_10,0.9985221
7246_10,0.99863297
2194_4,0.0018386653
11533_9,0.99856746
6109_10,0.9966234
9092_3,0.0015247865
11223_8,0.99845123
10829_9,0.9985896
9857_3,0.0014103585
2223_10,0.9966756
8052_10,0.99804294
11604_3,0.001622967
4448_1,0.45277792
5394_8,0.997917
10168_9,0.9985221
11943_4,0.0013458604
7311_8,0.9974491
1362_9,0.9164094
9165_8,0.9985896
12294_10,0.99863297
6086_9,0.99861145
608_8,0.99856746
4592_10,0.021125194
708_10,0.99821776
6548_4,0.99580115
7552_4,0.047074176
9263_8,0.9985221
5393_1,0.0013885231
220_10,0.9927672
10640_7,0.99827254
4086_10,0.997917
11026_3,0.0014325365
12466_10,0.9985896
905_3,0.0015011822
92_8,0.14366761
11362_10,0.9981614
5030_8,0.99818975
2909_7,0.002889581
8402_7,0.99804294
4046_10,0.99824536
4065_9,0.997851
6460_4,0.9980732
11108_1,0.0015011822
1139_1,0.0015247865
2457_3,0.69575167
2675_7,0.9884919
9360_1,0.0015731123
5750_8,0.99824536
7125_2,0.997783
6637_8,0.9969722
3290_7,0.9976404
3979_8,0.99845123
2100_1,0.0013045068
10836_1,0.0013250223
10904_3,0.0013885231
5226_7,0.99788433
22_8,0.99827254
2726_10,0.9982993
11405_8,0.99824536
11204_2,0.0017546144
6201_9,0.99854493
1653_10,0.99854493
9500_7,0.9976769
12104_7,0.99854493
1499_3,0.0027149855
1415_1,0.0013458604
11285_2,0.17838266
4481_1,0.97482115
10249_8,0.99861145
2391_9,0.99837697
2186_3,0.02865267
56_10,0.99854493
127_10,0.99856746
5509_9,0.0037654138
9855_9,0.95362175
7522_10,0.99854493
11751_9,0.998103
3330_3,0.009859855
4055_8,0.9985221
3694_3,0.0015247865
6911_4,0.0015247865
9677_10,0.9984988
9706_1,0.0013458604
426_4,0.001622967
2995_2,0.0018969199
7914_8,0.9981324
11344_9,0.9974491
680_8,0.997851
2094_3,0.94417685
2009_9,0.99854493
7309_7,0.9981324
138_1,0.0014325365
2689_9,0.99837697
6050_2,0.0022872274
8987_2,0.0023231625
2053_8,0.99821776
12245_4,0.0064882697
12020_10,0.0021157034
10364_10,0.99856746
11581_1,0.0013458604
12079_10,0.98187524
6537_1,0.0013885231
2739_10,0.99821776
8719_1,0.0015011822
9436_1,0.0012843083
5029_3,0.0014550629
8321_10,0.45423004
7135_9,0.9980122
9512_10,0.9980732
6397_7,0.0022170132
9457_9,0.99711037
7740_2,0.0015487612
10591_2,0.0015487612
9856_4,0.0013670255
2456_1,0.002019014
10543_7,0.9984022
544_4,0.9977482
3679_10,0.99861145
9042_1,0.0015011822
5368_8,0.9976404
8276_3,0.0014103585
1984_2,0.0014325365
4205_7,0.97262347
5765_7,0.9969246
5202_1,0.001477943
4127_4,0.9981324
12316_9,0.99863297
657_1,0.0013458604
12205_2,0.0015487612
3426_10,0.9985221
5616_10,0.99837697
11644_3,0.0015487612
795_10,0.99856746
12416_2,0.0020829707
115_3,0.0017007225
55_10,0.9984988
11187_10,0.99827254
9072_4,0.99701905
875_4,0.01798621
4196_1,0.0015978455
293_10,0.002019014
5564_1,0.0013885231
6811_8,0.99605453
9135_3,0.002019014
9964_8,0.998103
981_9,0.0035936027
8506_10,0.99824536
4459_9,0.9975274
7609_1,0.0019267346
6246_10,0.9974491
5989_4,0.0022170132
11839_10,0.99821776
9186_2,0.0024726235
3411_10,0.99635005
8677_1,0.0015731123
9125_4,0.0031236487
2166_8,0.9896718
11827_4,0.001648483
2574_2,0.0016743994
4789_4,0.722527
1093_4,0.0014550629
8195_1,0.0024726235
11011_10,0.99701905
3944_9,0.99629277
10606_10,0.9981614
5029_7,0.99687636
9496_8,0.997981
9256_8,0.99863297
5640_3,0.0032224844
8164_8,0.9967269
10413_3,0.0029810332
4838_2,0.0015731123
12265_9,0.99724233
6222_1,0.0014325365
883_8,0.99566853
395_8,0.99605453
1182_7,0.99824536
8701_7,0.99736834
8863_4,0.001648483
10943_3,0.0015978455
10692_10,0.9980122
11872_7,0.99847525
4729_9,0.99832565
920_10,0.99847525
9352_4,0.0015978455
10095_9,0.9984022
8986_2,0.0015011822
7061_2,0.0014325365
2746_1,0.0014103585
10359_8,0.9983516
6826_7,0.0022518474
7075_3,0.0020507437
8237_10,0.9986541
9103_10,0.99732697
6538_9,0.99788433
3085_4,0.9933072
10759_9,0.38289106
12249_2,0.0019877742
6774_4,0.0014550629
3564_2,0.012920473
144_2,0.0017546144
12112_3,0.0015978455
8166_10,0.9981614
10817_8,0.99861145
7462_10,0.9985221
7626_2,0.0029349516
8221_2,0.0094125895
2528_10,0.017309094
6765_3,0.0014550629
1267_8,0.9982993
8257_10,0.9964619
11501_8,0.9985221
11196_10,0.99863297
10006_7,0.99740905
2104_2,0.0013670255
9067_8,0.23563565
4760_4,0.0013885231
4372_7,0.9983516
3441_2,0.001477943
10439_3,0.0017821962
6604_1,0.0015247865
10689_10,0.99824536
11289_4,0.0015487612
2051_7,0.9981324
42_10,0.99861145
1567_7,0.0015731123
4890_9,0.99832565
2583_1,0.0012843083
5376_2,0.0014325365
2539_10,0.99788433
390_4,0.0015978455
11509_1,0.0015978455
7481_8,0.99242276
10840_2,0.0013885231
9433_1,0.99509466
7774_10,0.99856746
2654_7,0.0021827165
9582_7,0.99736834
1780_3,0.0025114634
4032_8,0.99586606
3130_9,0.99861145
1920_3,0.0016743994
5056_7,0.99804294
4537_10,0.9981324
2505_1,0.0018386653
3942_2,0.001622967
483_2,0.0038844768
2771_3,0.0015011822
4872_8,0.9974885
7897_1,0.0013458604
12039_8,0.99856746
11008_4,0.0025114634
4090_7,0.9975274
3051_4,0.0019570168
5700_1,0.0014325365
3498_10,0.9985221
5676_7,0.9965166
5565_1,0.0013885231
9347_10,0.9032942
4178_1,0.0054692742
6303_4,0.007121429
1579_7,0.0074606435
5783_9,0.9977482
4001_8,0.997981
11698_2,0.0013885231
7029_3,0.0014103585
268_3,0.0013670255
7098_1,0.99854493
6608_9,0.99854493
1123_1,0.001622967
7523_10,0.997851
10647_3,0.0015731123
12232_8,0.9984022
8103_4,0.9928786
7336_7,0.9984022
7049_8,0.9984022
9694_3,0.0021827165
5894_3,0.0015731123
10981_4,0.0018386653
10104_10,0.9984988
5752_7,0.9984022
2622_2,0.0015011822
11529_2,0.0015247865
5040_1,0.0014325365
1870_8,0.99856746
7368_3,0.0015247865
843_1,0.0067975316
4972_8,0.99657035
4615_9,0.99861145
8191_10,0.99824536
6940_10,0.03846619
4924_4,0.0027149855
10392_2,0.0014325365
3339_7,0.9891816
3594_10,0.9985221
10354_7,0.98215127
6594_10,0.9966756
11311_1,0.0014325365
4409_10,0.99724233
1669_4,0.9856076
7819_1,0.01048909
6704_1,0.0015731123
667_10,0.99827254
6444_1,0.0038244836
1223_3,0.001477943
10089_9,0.99818975
6699_1,0.0013670255
814_7,0.1727293
2363_10,0.99847525
1697_2,0.001477943
6345_4,0.0014103585
10109_1,0.0014103585
4563_7,0.99586606
1924_1,0.0015731123
11416_2,0.001622967
539_7,0.99687636
5937_9,0.99832565
1912_8,0.9980732
4135_3,0.0032224844
4141_7,0.9969722
7217_2,0.005554925
5538_3,0.0013885231
2657_10,0.9985896
6279_4,0.01243165
7706_1,0.0023596606
10409_10,0.9965166
6780_1,0.001477943
6251_10,0.9986541
12227_1,0.0017007225
1146_10,0.9985896
10977_9,0.9982993
3857_1,0.0014325365
7622_8,0.9927672
2548_7,0.9977482
8602_9,0.9975656
8885_8,0.99821776
472_4,0.0064882697
11700_9,0.99847525
10268_3,0.0013045068
7569_10,0.9985221
475_1,0.0014103585
4719_1,0.001622967
8851_3,0.001477943
6320_10,0.99724233
4290_7,0.937669
7936_10,0.9983516
4616_1,0.0014103585
3616_7,0.99821776
4849_3,0.0022518474
3689_7,0.99453074
11224_7,0.0076956474
8893_7,0.002396731
11126_7,0.9986541
4816_8,0.99847525
5895_3,0.0013250223
9373_1,0.001867566
2445_3,0.0067975316
556_1,0.0014325365
11855_1,0.99818975
11346_8,0.99818975
8621_8,0.9980732
10259_3,0.0020829707
2354_3,0.0016743994
8477_10,0.9984022
11408_7,0.010013569
8490_1,0.0035936027
175_8,0.9968273
3376_1,0.0014325365
3888_7,0.99845123
11655_2,0.0024726235
9630_10,0.99824536
8121_1,0.0020507437
10758_4,0.0014325365
1979_10,0.99832565
9702_8,0.997285
1064_1,0.0017007225
850_4,0.0021489493
1624_1,0.12378871
5885_10,0.9985896
8246_8,0.99657035
4073_7,0.9985221
5116_2,0.0022872274
5379_2,0.0015011822
75_1,0.0014325365
5895_10,0.9984022
10651_9,0.997981
1776_7,0.99771273
8500_1,0.0014325365
11026_9,0.99863297
12195_1,0.0019570168
1832_7,0.99854493
11424_8,0.997981
1744_8,0.99856746
9699_1,0.0014103585
11840_10,0.9984269
8955_1,0.13614832
1571_4,0.0017274586
6434_9,0.99863297
7214_10,0.9976769
153_4,0.99719906
3914_1,0.97788346
5005_8,0.99837697
8283_4,0.0025114634
8846_1,0.0014103585
3708_1,0.9966756
5123_10,0.99824536
2868_7,0.99854493
6395_10,0.9984988
5788_4,0.7168137
2380_8,0.9981324
462_7,0.9985221
11697_7,0.9986749
3577_3,0.0014550629
5569_4,0.0021157034
348_1,0.0013885231
9194_10,0.9985896
1001_4,0.0025114634
6869_4,0.993807
7182_1,0.002631674
2089_4,0.0015731123
3496_1,0.9951703
938_1,0.0017821962
10325_9,0.008061991
786_10,0.9986541
4562_9,0.9980732
2566_9,0.99845123
10732_3,0.001622967
7621_1,0.0017274586
11747_10,0.9978173
11271_4,0.0017007225
9057_10,0.9985896
12374_3,0.002889581
9130_9,0.99361163
9735_3,0.0017821962
4305_7,0.9983516
10477_9,0.9984269
5498_9,0.9986541
4452_8,0.99821776
7993_1,0.002673006
3245_9,0.99863297
11289_10,0.94417685
2678_10,0.9984022
6836_1,0.0013670255
10936_3,0.0013250223
6870_4,0.0014103585
10109_10,0.0075772414
9907_7,0.0062899017
4801_2,0.001622967
3684_10,0.9986541
12305_9,0.99861145
530_10,0.998103
10977_2,0.0013885231
9819_10,0.9980732
5057_1,0.002019014
8703_10,0.99845123
8997_2,0.0012448432
5766_7,0.9967775
9436_8,0.9981324
39_9,0.99861145
6052_4,0.0019267346
9748_9,0.98934746
8395_1,0.0013458604
688_7,0.0015487612
4688_3,0.004681822
6287_3,0.0013045068
1945_8,0.9971551
11830_2,0.0017274586
4042_2,0.0013670255
10160_3,0.001648483
2069_4,0.0018969199
11039_1,0.001477943
6675_3,0.0025114634
9189_2,0.007345827
3683_10,0.99856746
5536_10,0.9980732
11089_1,0.0013458604
9064_7,0.997851
2079_1,0.0013670255
648_3,0.0015247865
12300_10,0.9982993
5755_8,0.9967775
3460_1,0.0013885231
151_2,0.0017007225
6990_4,0.0025114634
11356_10,0.99804294
3062_2,0.0014103585
4310_1,0.0016743994
9393_9,0.9932025
5886_1,0.002396731
7359_10,0.99832565
3210_1,0.0014325365
4689_10,0.9983516
11111_10,0.99832565
1413_3,0.0015011822
2502_8,0.99847525
10737_2,0.0064882697
6525_10,0.9932025
4416_4,0.001622967
1705_4,0.0025114634
1485_10,0.9984022
4406_9,0.99724233
3365_8,0.99771273
6825_9,0.9985896
9214_1,0.010328153
8171_1,0.0021489493
12138_7,0.0013250223
2421_8,0.9983516
7727_4,0.0013250223
8236_8,0.92468774
4802_8,0.99845123
5429_2,0.010328153
6584_1,0.9953904
5429_8,0.9981324
2124_8,0.99824536
11670_3,0.0013458604
7527_1,0.0013458604
11193_3,0.0032224844
3647_10,0.99827254
2084_3,0.0028449094
8481_10,0.99856746
2458_8,0.99856746
8705_1,0.0017007225
4919_4,0.012624948
1621_1,0.0021157034
6059_1,0.0012843083
4132_1,0.009559399
10953_9,0.9942697
6692_8,0.99854493
3604_3,0.0020507437
6432_1,0.0013885231
10932_8,0.9985221
7248_3,0.9656413
3837_4,0.0016743994
8770_8,0.9984269
12067_7,0.99719906
7351_1,0.0014325365
11556_1,0.13568954
8220_1,0.0019570168
8008_4,0.0015978455
6500_1,0.001477943
8303_4,0.0031236487
6765_10,0.9985221
4701_3,0.001867566
8956_1,0.0017274586
11443_8,0.99788433
7119_7,0.997851
11761_2,0.0017546144
9921_9,0.9916842
2275_9,0.99861145
8849_2,0.0015247865
2791_3,0.0014325365
9105_10,0.99824536
1991_7,0.9983516
41_9,0.99854493
9259_1,0.0014325365
3785_3,0.96458924
12335_3,0.0013670255
7020_1,0.0014103585
9490_4,0.99724233
11296_1,0.0014550629
7641_2,0.0013885231
8163_7,0.9983516
7342_10,0.99845123
766_8,0.9985896
5399_1,0.001810211
1565_7,0.99845123
12_9,0.99847525
11574_10,0.9986541
8194_8,0.99788433
6110_10,0.99821776
8108_1,0.0015731123
3852_4,0.0014103585
11474_2,0.0015011822
11554_10,0.99863297
1798_3,0.0015978455
11814_10,0.9985896
5072_9,0.98866826
4389_10,0.9985896
8148_10,0.9985221
5840_2,0.0017007225
1972_7,0.99657035
10169_3,0.0013885231
8651_1,0.0015247865
6399_3,0.001622967
8965_1,0.0020829707
8853_1,0.0018386653
2841_9,0.9986541
6658_1,0.005060332
11515_1,0.0015011822
4474_1,0.002434382
8221_10,0.9985221
12204_10,0.9985896
10671_1,0.0014103585
7335_3,0.0015978455
4050_3,0.9884919
9465_8,0.9981324
11620_8,0.9982993
11998_8,0.99854493
11188_2,0.0015011822
6656_1,0.001264422
3416_4,0.001810211
11558_9,0.99657035
2752_4,0.0025509126
10330_9,0.99832565
9323_7,0.9984022
12232_4,0.61878043
5699_7,0.9984269
1020_2,0.0016743994
1161_1,0.0018386653
10187_10,0.9984269
4585_10,0.24580847
7570_10,0.9959299
9752_1,0.0019267346
4956_1,0.002434382
1355_2,0.0017546144
10456_1,0.001622967
8757_10,0.99611557
2286_3,0.0012448432
1297_7,0.9956006
5326_8,0.99854493
11535_10,0.9985221
4783_10,0.99827254
4292_2,0.0015247865
2856_1,0.0015978455
450_10,0.9975274
9611_1,0.9914225
2403_1,0.0034834242
2037_7,0.91550726
9580_1,0.0021157034
1694_7,0.9985896
11385_10,0.9986541
493_1,0.0014550629
9013_10,0.99854493
11235_3,0.04304285
10793_3,0.0013250223
2197_10,0.9984988
1887_2,0.0013250223
6617_7,0.99827254
12028_1,0.0013458604
5413_1,0.0025114634
1134_1,0.0014103585
1290_2,0.0017546144
12241_8,0.9926542
965_3,0.99553156
2044_10,0.99861145
7782_10,0.99845123
6087_4,0.9981324
3600_2,0.0021489493
1588_3,0.0051396107
10421_8,0.4541998
3390_10,0.9956006
6531_1,0.0015487612
9792_10,0.9982993
3755_9,0.9985221
11471_7,0.8255897
10427_10,0.9984022
4011_3,0.0015731123
8784_7,0.008315778
10714_9,0.99837697
6031_9,0.99724233
8130_10,0.9984988
4772_9,0.99832565
6599_7,0.997851
11335_2,0.0016743994
6412_1,0.001477943
998_7,0.9984269
9542_10,0.99856746
1490_3,0.001477943
4142_10,0.99719906
8371_10,0.9980122
5457_8,0.9984988
5001_8,0.9982993
150_9,0.99856746
8487_10,0.9984988
10024_3,0.0014103585
3687_8,0.99827254
6171_10,0.9986541
5462_8,0.9984988
1372_4,0.0025909794
7361_8,0.99832565
1030_9,0.9980732
3341_8,0.99736834
7677_2,0.0016743994
6584_7,0.99863297
2372_10,0.98677725
5898_9,0.99845123
7370_7,0.997851
3018_9,0.9985896
4899_9,0.9956006
2385_4,0.0024726235
8433_9,0.9985221
1989_8,0.9916842
10401_7,0.0014103585
5668_1,0.0022518474
11516_3,0.0012843083
12419_1,0.0020507437
5402_7,0.98582757
10537_9,0.9985221
117_10,0.9984988
6756_4,0.013121271
4051_3,0.0015247865
9687_10,0.9976404
11011_2,0.001477943
8460_8,0.9981324
5155_3,0.0014325365
2473_2,0.0014550629
4074_1,0.001477943
4730_10,0.99854493
5310_2,0.001867566
6630_10,0.9986749
4363_1,0.0017546144
1022_3,0.0022170132
8247_10,0.99827254
7437_10,0.99845123
3846_7,0.99847525
7298_1,0.0013250223
11955_4,0.001648483
9448_10,0.9971551
142_1,0.002434382
2260_3,0.0014103585
9012_4,0.0020507437
5321_9,0.005220126
527_10,0.9984022
2898_3,0.0012843083
12302_9,0.99856746
1463_4,0.00818791
5278_1,0.0013458604
6450_1,0.0017274586
9704_1,0.0015731123
2673_2,0.0013458604
10175_2,0.0013670255
8006_2,0.0017821962
9492_4,0.09947021
4595_3,0.997065
9499_2,0.0013670255
7869_1,0.0014103585
4047_10,0.99847525
4962_7,0.9974885
4052_2,0.0013458604
1423_10,0.997917
7376_2,0.001622967
1067_9,0.99827254
3289_1,0.003538086
5780_9,0.004133968
2965_2,0.0033766124
4127_10,0.99847525
10156_3,0.001648483
11164_1,0.0018969199
1422_10,0.997917
9470_4,0.0025909794
7733_3,0.9898303
3814_3,0.0018969199
9900_1,0.0014325365
5363_3,0.0017821962
2878_7,0.9971551
11647_2,0.010818449
1729_1,0.0013458604
2263_1,0.0015978455
11707_2,0.0015978455
10722_7,0.99863297
6321_9,0.9950177
7339_10,0.9984022
8003_9,0.99832565
11009_10,0.99740905
9458_1,0.0015247865
10359_1,0.0013885231
5530_3,0.0022518474
3377_9,0.9985221
2256_9,0.9985221
9036_1,0.0015978455
7621_7,0.19806418
9992_4,0.1384618
1004_10,0.99740905
6339_3,0.0013670255
5554_10,0.9981614
10128_10,0.9984988
4540_10,0.99824536
1410_7,0.9953904
7072_1,0.0015011822
4324_4,0.0018386653
9611_7,0.0023596606
7571_10,0.99832565
11337_1,0.03704717
1169_1,0.0022872274
10881_4,0.0014103585
8782_4,0.0013670255
5357_10,0.99847525
9318_7,0.99760324
9071_3,0.99854493
485_4,0.0015011822
3164_2,0.99298817
1343_10,0.9975274
571_10,0.9986749
6749_10,0.9984022
1945_4,0.0031726828
8132_3,0.002019014
12380_4,0.0013670255
11183_4,0.04208773
10526_10,0.9976404
7234_10,0.9985896
3054_7,0.99861145
5217_1,0.0012843083
7106_8,0.99818975
11043_10,0.9984269
8447_2,0.0034296038
9744_10,0.9985896
10638_9,0.99771273
8778_10,0.9977482
3666_9,0.9976769
4223_10,0.99845123
1642_2,0.0017007225
10541_8,0.9956006
8067_1,0.0013458604
11116_10,0.00498227
8701_1,0.0017546144
6422_8,0.9984022
9168_1,0.001867566
4130_1,0.0015247865
8492_1,0.001477943
6430_3,0.0015247865
9306_8,0.3645513
10487_7,0.9980732
6687_1,0.016914913
11869_1,0.0015011822
9224_10,0.99827254
1625_9,0.99837697
8651_7,0.010986943
3702_4,0.0018386653
4470_7,0.0017274586
31_4,0.004331502
11316_10,0.99854493
5961_8,0.99832565
4428_2,0.0015011822
2540_4,0.0017546144
4855_2,0.013742321
9997_2,0.001622967
12214_2,0.0017007225
12383_2,0.0023231625
12344_4,0.005641909
8147_10,0.99856746
2019_10,0.99847525
8161_3,0.0015247865
7312_10,0.9933072
9310_8,0.9979493
11966_1,0.0013250223
8962_1,0.001810211
5661_4,0.0015978455
5765_4,0.0017821962
10934_8,0.99854493
5801_9,0.987375
190_2,0.0012843083
880_8,0.032344334
10677_10,0.9980122
10520_10,0.99856746
6697_7,0.01883313
11582_1,0.0019570168
1986_1,0.0014550629
6021_4,0.0013885231
7220_8,0.99390244
5870_1,0.001477943
1459_7,0.997783
1733_8,0.9981614
7060_9,0.99845123
5249_9,0.99854493
8845_9,0.99856746
10133_8,0.99444515
3041_9,0.99863297
11504_1,0.002631674
6261_8,0.99856746
2942_10,0.9984988
5522_10,0.9981324
4260_8,0.9939964
1600_2,0.0017546144
1698_10,0.9981324
5823_10,0.9965166
2413_9,0.99509466
7316_9,0.998103
5963_2,0.0013458604
9960_10,0.9984269
6014_9,0.9985896
2357_4,0.001477943
9788_10,0.99341017
8100_2,0.0013885231
4099_9,0.9975656
10894_2,0.0014103585
7940_1,0.0015011822
3605_4,0.36144638
11270_3,0.0019877742
2306_8,0.9981614
3825_10,0.9984022
161_7,0.9750122
12121_9,0.9982993
7916_10,0.9623913
10598_4,0.0015978455
3484_10,0.99856746
8967_1,0.0015011822
4005_2,0.0015011822
10355_4,0.9968273
5215_10,0.99469805
943_3,0.0015978455
11786_10,0.9984269
5938_2,0.001264422
998_2,0.0013458604
4333_4,0.0013458604
6606_9,0.9974491
5251_2,0.00581996
4152_4,0.00619299
3148_2,0.947381
3344_7,0.06441766
9832_3,0.0032730647
2689_3,0.008445628
3400_10,0.9976769
4000_4,0.5978427
3934_3,0.004133968
9014_9,0.9953904
2339_9,0.99856746
8833_1,0.0022170132
10197_8,0.9984022
8811_1,0.00498227
1805_7,0.99854493
2238_7,0.9981614
2487_9,0.86153823
1737_1,0.0014325365
4085_2,0.0014103585
5665_10,0.9976404
9721_4,0.0013885231
10577_9,0.9985896
8892_7,0.99193794
4503_10,0.9985221
9348_3,0.0031236487
10382_10,0.99837697
8339_3,0.0013885231
5199_10,0.9978173
1897_1,0.0015731123
3578_9,0.9985896
9192_7,0.9801293
12154_2,0.0018386653
5089_2,0.0014550629
8988_7,0.9941801
10170_8,0.9724148
6690_8,0.9985896
2549_2,0.0015247865
6546_3,0.0014103585
5283_2,0.0015487612
8131_9,0.99863297
4745_8,0.99832565
7251_1,0.0020507437
1829_8,0.9982993
11922_9,0.99854493
10322_1,0.002019014
3163_4,0.0027576222
11849_9,0.99861145
11809_10,0.99837697
1275_3,0.0028449094
11694_4,0.0018386653
12112_8,0.0023596606
11212_4,0.99029154
5124_10,0.99845123
5362_2,0.0025114634
2680_9,0.9984269
11181_4,0.94539934
4345_1,0.0017546144
8916_7,0.9952448
10042_8,0.9985896
10324_8,0.99845123
4425_3,0.99657035
9133_3,0.017045317
11028_10,0.9981614
1941_7,0.99740905
10142_3,0.0029349516
4572_1,0.001477943
10512_1,0.0013458604
7180_7,0.99818975
3948_1,0.0014325365
1238_4,0.0014325365
5269_9,0.9976404
12346_8,0.029986506
11481_4,0.9974491
1943_3,0.0014103585
4742_1,0.0013670255
2433_1,0.0018969199
4422_3,0.0015011822
342_1,0.001264422
736_8,0.99847525
3036_10,0.0017546144
9336_7,0.2180027
9205_1,0.0013250223
9923_8,0.99371004
8875_2,0.0018386653
2023_7,0.0019877742
4102_1,0.003538086
11345_1,0.0014550629
6736_9,0.99861145
7839_8,0.9985221
8572_10,0.9985221
7211_1,0.0014550629
6666_2,0.0015011822
1978_7,0.9984988
3156_1,0.0022872274
3333_7,0.97462875
3720_4,0.99253935
1450_3,0.71143085
8563_10,0.99586606
9087_9,0.9983516
6843_10,0.99854493
3485_7,0.99371004
4259_10,0.9985221
10186_10,0.99837697
3312_3,0.0015011822
7624_4,0.12808825
7930_3,0.001622967
8407_10,0.99837697
1771_4,0.9764905
11919_4,0.0018386653
425_2,0.001477943
11795_2,0.0017546144
6767_1,0.0015731123
2996_9,0.9984022
990_1,0.0013670255
3757_3,0.013121271
2981_2,0.001622967
10277_2,0.0014103585
662_9,0.04208773
5311_3,0.0030278352
3796_10,0.9974885
3846_1,0.0017821962
5651_2,0.0014325365
6649_3,0.0013458604
10779_2,0.0021157034
4548_10,0.99736834
7275_10,0.99824536
1605_9,0.9956006
3580_4,0.0022170132
5712_2,0.0012843083
5287_10,0.9953181
3230_9,0.99711037
7936_1,0.0013458604
9983_3,0.0014325365
9959_7,0.99821776
5739_4,0.008985428
4308_10,0.997783
4854_8,0.98677725
8620_7,0.9962346
7923_9,0.9984988
11686_10,0.99856746
8253_1,0.005060332
11030_4,0.99605453
3995_9,0.9984988
10763_9,0.9985221
6780_8,0.997981
10895_1,0.0012255674
11778_1,0.034880888
8512_10,0.99847525
1061_1,0.0013885231
10584_3,0.0014103585
212_4,0.0014103585
1908_2,0.004198795
10958_1,0.0027149855
980_7,0.99724233
2686_10,0.99854493
2088_1,0.0022170132
6075_1,0.0021157034
9782_10,0.99856746
9180_3,0.0018969199
2478_3,0.0015487612
1634_2,0.0013885231
6810_8,0.9830851
2562_10,0.99824536
3841_7,0.9978173
5387_1,0.0014325365
9047_7,0.99732697
4962_4,0.31636927
8597_8,0.9974885
1515_1,0.0014325365
1974_1,0.0022518474
9935_3,0.997981
2404_4,0.57487214
8638_1,0.0013250223
8720_1,0.0013885231
11411_2,0.001648483
7676_3,0.08064662
11756_9,0.99837697
4195_1,0.0013458604
11787_10,0.99804294
11838_1,0.001648483
11748_1,0.0012843083
7309_3,0.9961755
502_4,0.001648483
1239_10,0.99586606
8925_4,0.0035936027
4242_1,0.001477943
2112_2,0.0013250223
6359_8,0.9986749
8034_9,0.99854493
807_3,0.004133968
7852_4,0.001477943
8014_10,0.99818975
4823_8,0.9981324
8448_10,0.9966756
3564_8,0.9871788
858_4,0.9984022
8529_7,0.9954615
6515_3,0.0013670255
2646_10,0.99821776
4278_1,0.0017821962
5641_7,0.02017732
5382_4,0.002631674
3300_8,0.9984988
4849_9,0.9985221
12013_1,0.0030753699
107_4,0.99566853
10046_10,0.99827254
9141_10,0.9976404
10297_10,0.99861145
634_10,0.99863297
438_2,0.0013458604
11794_8,0.9986541
3937_4,0.0035936027
3602_4,0.001477943
11851_1,0.0014325365
8690_7,0.9967775
2697_2,0.002434382
805_10,0.99861145
7572_1,0.0014550629
10553_1,0.0015011822
5246_2,0.001810211
2064_8,0.997065
11856_1,0.0015978455
9026_7,0.9933072
4449_7,0.030444348
8579_10,0.9984269
8503_7,0.9969246
5734_1,0.11318691
11507_1,0.0015978455
7956_10,0.9984269
11245_2,0.0015011822
6142_2,0.00498227
10657_1,0.0015247865
7992_1,0.0015247865
11347_9,0.99580115
5278_8,0.99847525
6362_10,0.002396731
10214_2,0.0014103585
9184_7,0.9982993
2666_10,0.99856746
7527_7,0.9985896
2001_1,0.0034834242
12000_4,0.002673006
10302_3,0.00581996
7160_10,0.997917
2757_10,0.99845123
3792_3,0.004331502
6199_1,0.0013250223
10467_3,0.0015247865
531_10,0.99827254
8193_9,0.9953181
248_7,0.9975656
187_1,0.001622967
5193_8,0.0036499873
5138_8,0.997783
8467_1,0.44191387
11029_8,0.99804294
667_4,0.0018969199
3714_1,0.0015978455
8102_4,0.99732697
9195_4,0.0014103585
1432_3,0.001477943
9095_10,0.9181873
11510_2,0.0020507437
5644_1,0.007232764
2556_8,0.9979493
11887_2,0.0022170132
5374_1,0.0035936027
5356_3,0.0019267346
10209_1,0.0028449094
2001_8,0.99824536
6088_1,0.86293024
6140_4,0.9974491
11494_4,0.0065897712
11631_7,0.9974885
4818_1,0.001477943
10914_1,0.0019570168
4472_8,0.9984269
8735_9,0.9985896
11190_1,0.0025114634
462_4,0.0025909794
6566_4,0.0029810332
4598_4,0.9890131
11566_1,0.0015247865
2560_3,0.001648483
11969_4,0.0024726235
8765_1,0.0013670255
9957_10,0.99580115
5210_10,0.9953904
5007_10,0.99863297
10290_10,0.99861145
10319_1,0.0021157034
1848_2,0.0013885231
1319_3,0.0014325365
11248_10,0.99863297
379_1,0.0013458604
3469_10,0.9985896
437_2,0.0018969199
3648_1,0.045692034
8834_1,0.0013458604
3316_1,0.0015487612
9563_2,0.023870835
4500_9,0.99837697
6226_3,0.008711384
5653_3,0.001810211
5415_2,0.0012843083
6725_4,0.0021827165
9462_10,0.9984022
3471_3,0.35913932
7259_2,0.0014325365
8181_3,0.0015011822
10749_1,0.0018969199
12283_1,0.0013885231
402_1,0.0013458604
8024_10,0.9984269
11114_1,0.0013670255
461_1,0.0014550629
10025_2,0.0014550629
3358_4,0.0029349516
2022_1,0.0019877742
12493_7,0.9984269
4131_9,0.9985896
9852_4,0.0019267346
7122_1,0.0017007225
1994_10,0.997917
10723_9,0.98582757
3900_8,0.99869555
7741_10,0.99847525
4287_9,0.9984988
10195_10,0.99847525
10941_3,0.0015487612
1615_1,0.0012448432
12337_3,0.0013670255
2259_2,0.0012255674
6179_10,0.99854493
138_8,0.9777139
6482_3,0.0019267346
10362_4,0.0013458604
1341_10,0.99740905
8299_8,0.9949397
7839_2,0.0013045068
6659_7,0.99605453
7143_10,0.9985221
12445_1,0.0013670255
3796_3,0.0014550629
4180_10,0.9985221
7775_10,0.9984022
8946_9,0.9981324
1936_7,0.9941801
8387_1,0.0014103585
10092_8,0.99788433
5729_10,0.99854493
1399_7,0.997783
4011_8,0.99847525
7868_8,0.9986749
3546_8,0.997981
8643_9,0.99854493
6033_1,0.0013885231
428_10,0.99832565
3385_10,0.99818975
3073_2,0.0014325365
4169_8,0.99856746
8191_3,0.004133968
211_3,0.0013885231
297_2,0.001810211
4286_8,0.9883128
535_10,0.9981324
4851_4,0.001622967
9707_1,0.0015247865
9740_10,0.9961755
5410_1,0.0014103585
1436_1,0.0015978455
3766_10,0.99788433
2483_9,0.9986749
1937_10,0.99863297
2939_3,0.0030278352
3372_1,0.0013250223
7825_10,0.99854493
7780_10,0.9985896
7656_10,0.99861145
4850_7,0.99854493
5083_4,0.0013250223
10429_1,0.0015731123
8009_2,0.0016743994
10879_4,0.009708476
7328_1,0.001477943
10055_1,0.0013250223
11715_7,0.9905874
1547_1,0.0015011822
7665_9,0.79310596
6061_10,0.99566853
10800_1,0.0017546144
10234_3,0.0016743994
11334_2,0.007121429
3106_1,0.0021157034
12173_3,0.0015011822
2076_10,0.9986541
4414_7,0.9959927
7679_9,0.99719906
2010_1,0.0013250223
9460_9,0.99586606
11261_4,0.0014550629
7500_10,0.97702265
9503_4,0.0019877742
5937_4,0.0034834242
87_10,0.998103
2968_1,0.0014325365
6728_9,0.99760324
9954_4,0.001477943
5875_8,0.99818975
12429_10,0.99687636
11247_10,0.9974885
8879_4,0.99821776
2999_1,0.001810211
11448_8,0.39513415
3629_1,0.0016743994
1302_1,0.003707253
10851_1,0.001810211
9533_4,0.0013885231
4078_2,0.0014325365
7813_3,0.0013458604
11284_10,0.99827254
3509_8,0.9986749
11198_3,0.0015011822
9197_9,0.99856746
3603_3,0.97539
6472_7,0.9985221
2410_2,0.0025114634
10240_10,0.9959299
6507_4,0.002434382
1511_2,0.0014550629
5475_2,0.0013885231
5728_1,0.0013885231
5294_1,0.0016743994
12024_10,0.99854493
2355_1,0.0025114634
4088_9,0.9984269
2580_10,0.9975274
9423_1,0.0018386653
6836_7,0.9984269
11806_1,0.0014550629
8412_1,0.0019267346
770_10,0.99788433
1029_10,0.9969722
11288_4,0.99193794
690_3,0.003707253
1925_9,0.99854493
2116_10,0.99771273
8597_2,0.0018386653
8734_4,0.0022872274
5549_3,0.0014103585
5447_7,0.615969
2519_4,0.011508149
11323_7,0.9953181
9338_1,0.0014325365
3299_10,0.99861145
10585_8,0.99818975
3945_7,0.0020829707
813_1,0.0013250223
1300_9,0.997917
5849_7,0.99827254
5535_8,0.998103
3612_2,0.0013670255
11064_2,0.0015247865
376_10,0.14560063
8504_2,0.0013885231
8198_1,0.0014103585
6485_1,0.0013045068
9011_3,0.0021157034
6766_1,0.0021157034
7282_3,0.0037654138
1450_10,0.997981
10644_8,0.99553156
5424_2,0.994089
86_3,0.0016743994
1221_1,0.0013670255
2309_3,0.0014550629
5190_4,0.0019267346
11498_1,0.98571813
11959_10,0.9983516
10465_10,0.9985221
3922_4,0.9914225
9710_9,0.6220002
2014_1,0.0017821962
3791_9,0.98215127
3548_4,0.001264422
6001_3,0.0014550629
11920_4,0.005060332
10152_9,0.99854493
10305_1,0.41063806
10626_1,0.002396731
3057_3,0.99101454
5387_8,0.0025509126
8138_2,0.0024726235
11134_1,0.0019877742
8341_2,0.0015978455
6687_9,0.99854493
671_3,0.0025909794
1156_2,0.0013458604
11841_9,0.99854493
7193_9,0.99861145
2257_10,0.9984988
5261_3,0.13706976
10475_2,0.0015978455
11175_2,0.0030753699
8122_9,0.99861145
6266_7,0.99863297
4340_9,0.99760324
331_4,0.24006124
854_7,0.9985221
6800_10,0.9985221
982_8,0.99824536
5916_7,0.99657035
5871_2,0.0018386653
4106_9,0.99845123
8506_1,0.0017007225
4610_9,0.99854493
5086_4,0.00818791
453_9,0.99724233
4611_3,0.0013670255
3764_4,0.0013885231
7644_4,0.0015978455
4037_2,0.0013670255
1595_10,0.9984269
7792_3,0.0015011822
10068_3,0.0020829707
7199_10,0.9984988
2050_3,0.001867566
2460_7,0.99847525
9299_1,0.0021489493
6297_4,0.0017007225
7797_10,0.99856746
11272_8,0.99854493
7808_9,0.997917
5806_3,0.0014325365
4573_10,0.0074606435
3935_7,0.99390244
3502_1,0.0014103585
5744_10,0.0020507437
10548_10,0.9984988
3746_7,0.9511422
3851_10,0.9984269
2648_2,0.0018386653
11397_3,0.0015978455
1024_4,0.013428254
4034_2,0.0013670255
7010_10,0.9974885
10429_9,0.99861145
8086_1,0.0013670255
6463_4,0.0017274586
3540_3,0.0021827165
7608_8,0.9984022
5123_4,0.9976404
8139_4,0.0019570168
2535_10,0.992062
4187_1,0.001810211
1711_4,0.0019570168
6197_4,0.0015978455
4953_7,0.9980732
578_9,0.9975274
4244_10,0.99611557
3893_8,0.998103
4903_7,0.99821776
9850_8,0.9986541
11450_3,0.0013670255
4926_8,0.99847525
804_1,0.0017546144
5933_7,0.99611557
4407_1,0.0059110695
7951_7,0.9967269
9759_10,0.99854493
3936_8,0.997065
6998_1,0.0015247865
8967_7,0.99566853
5061_4,0.0019877742
7787_3,0.0016743994
8320_10,0.99856746
967_7,0.0037654138
11996_7,0.9861514
4233_8,0.99824536
2494_8,0.9658996
6804_8,0.99827254
1452_3,0.9859364
10327_7,0.99771273
1510_1,0.0015011822
7223_4,0.002019014
2280_10,0.9969722
4092_9,0.99845123
11305_1,0.0017546144
10599_1,0.0015978455
9545_4,0.047425874
6423_8,0.9976769
12314_1,0.0014103585
8470_1,0.0021489493
8957_8,0.9976404
1725_9,0.997917
11127_1,0.0034296038
6570_8,0.99605453
10477_1,0.0016743994
5503_4,0.001477943
12251_8,0.99837697
3474_10,0.9986541
7269_1,0.0014103585
997_3,0.0015731123
10781_10,0.99854493
6598_10,0.99837697
9225_1,0.0017007225
20_9,0.9984988
9671_9,0.9976404
8627_3,0.0012255674
12404_4,0.997917
1110_7,0.99827254
6979_1,0.0013250223
9082_1,0.0015247865
3626_7,0.9832145
4856_4,0.98201376
11510_9,0.9984988
7024_10,0.99863297
1501_9,0.008847355
4185_9,0.0017821962
8671_9,0.99861145
2225_10,0.99827254
199_4,0.99711037
6027_9,0.99827254
359_4,0.0017274586
4065_3,0.001622967
12333_7,0.99827254
1963_10,0.99821776
9106_1,0.0015487612
10478_1,0.0017274586
10859_9,0.9985221
357_1,0.0013458604
6982_10,0.9985896
460_8,0.99847525
9266_2,0.0015731123
351_10,0.99845123
9562_10,0.99845123
9784_3,0.0017274586
5949_7,0.99821776
6489_1,0.069541745
1607_9,0.21239536
4482_10,0.99832565
8816_8,0.0017274586
2427_1,0.0028009268
4838_9,0.99854493
10961_9,0.9979493
6708_10,0.99856746
1045_9,0.98282325
3607_3,0.07723878
4325_9,0.9985896
4779_1,0.0014103585
4624_9,0.99856746
4564_10,0.9950177
7132_9,0.9982993
506_2,0.0013670255
5939_1,0.0013670255
3219_10,0.9984269
8620_4,0.0016743994
2049_1,0.0015011822
3367_9,0.39396778
7408_9,0.9982993
8850_2,0.0014325365
870_4,0.001477943
8056_8,0.49609384
11367_10,0.998103
6160_10,0.99854493
6712_8,0.9877587
5267_8,0.9986541
1191_1,0.0013670255
1513_3,0.0032224844
4741_10,0.0029349516
9807_2,0.0013670255
6926_10,0.9985221
6382_10,0.9985221
6636_8,0.99824536
6592_10,0.99856746
11308_10,0.99847525
10853_3,0.0013250223
1774_7,0.97719735
8259_10,0.9986749
8649_8,0.9979493
10739_2,0.0015247865
9843_7,0.0570714
5984_10,0.99856746
8658_1,0.001264422
10386_1,0.0013250223
3271_4,0.0017274586
6167_1,0.0012843083
529_1,0.0013045068
5696_2,0.0894546
1601_10,0.9959299
10744_8,0.9974491
6121_9,0.9888419
2598_10,0.99861145
9209_10,0.99832565
3831_1,0.0014325365
7171_9,0.99827254
1850_10,0.99861145
8728_7,0.997851
7698_7,0.9985896
5954_10,0.9985896
7104_7,0.001477943
5617_2,0.0019570168
3896_1,0.0015487612
4355_1,0.001477943
4212_7,0.99724233
622_1,0.0014103585
3368_8,0.99724233
2870_1,0.0017007225
12107_9,0.9985896
8016_8,0.9984988
8752_4,0.99724233
10653_10,0.9984988
7245_10,0.99854493
9742_9,0.99847525
7637_4,0.98527133
11903_10,0.18802561
9818_3,0.0015978455
373_2,0.0013670255
110_10,0.99861145
2450_10,0.99837697
9009_3,0.0013885231
9132_2,0.001477943
11076_1,0.0013045068
4285_4,0.001648483
109_8,0.0020507437
2585_8,0.9984988
7781_1,0.0018386653
1359_10,0.9967775
9773_3,0.0012448432
10328_10,0.9985896
12063_1,0.0020829707
12061_1,0.001622967
555_7,0.99701905
2288_4,0.0014550629
1259_10,0.83815056
12098_1,0.0013458604
6493_9,0.997851
324_3,0.0015487612
7834_8,0.0015978455
8918_7,0.9976769
10736_9,0.9985896
5272_3,0.0021489493
4302_1,0.002019014
646_1,0.008847355
10868_9,0.99845123
9654_8,0.99818975
10790_10,0.9985221
10589_3,0.002019014
6364_10,0.99818975
8477_1,0.0013458604
6938_2,0.0025909794
9420_3,0.001477943
1527_10,0.9986541
5769_1,0.0014550629
1655_9,0.99845123
3917_10,0.99847525
8666_4,0.0015978455
11820_2,0.016403032
11633_8,0.9982993
6136_4,0.0014325365
10293_1,0.001622967
1084_1,0.0013458604
12287_9,0.9985896
11297_1,0.0013670255
6913_1,0.0019267346
11371_10,0.99824536
9937_4,0.039342504
11341_10,0.99818975
5233_9,0.99863297
4358_10,0.99854493
10735_10,0.9986749
5234_1,0.0015011822
7523_1,0.0017546144
5758_3,0.0014325365
11916_10,0.9985221
10276_8,0.997917
5950_4,0.9927672
10329_10,0.9984269
8419_1,0.0012255674
3343_4,0.0013045068
3640_3,0.001810211
10160_7,0.9859364
1181_10,0.99856746
9181_1,0.0017007225
5778_7,0.9954615
3659_9,0.005060332
4695_10,0.99837697
25_10,0.99861145
6127_2,0.001810211
1343_2,0.0021827165
1110_4,0.0017007225
12166_10,0.9980122
1853_8,0.99788433
6651_1,0.0015247865
4927_1,0.0013458604
10933_3,0.1576549
6911_9,0.9983516
467_9,0.99845123
2267_4,0.0015731123
9005_3,0.0015247865
10493_1,0.0013885231
8159_7,0.99863297
10039_1,0.001477943
5147_1,0.0021157034
12176_10,0.99821776
9299_9,0.99863297
2824_10,0.99711037
7695_1,0.0014325365
8870_9,0.99832565
4063_8,0.9975656
396_2,0.001477943
9016_3,0.0019570168
10148_10,0.99847525
2028_8,0.9984269
3738_7,0.7552762
11365_1,0.015424551
9987_9,0.99861145
4050_10,0.9983516
8028_9,0.994089
10161_7,0.9967269
5997_3,0.001622967
7771_1,0.9964619
765_9,0.99804294
6558_1,0.001477943
9148_9,0.99804294
10100_10,0.99856746
11870_3,0.001648483
143_4,0.0017546144
5865_10,0.99854493
2364_10,0.99818975
4695_2,0.0014325365
3150_10,0.9985221
4181_10,0.998103
8121_8,0.99837697
3263_10,0.9986541
9178_8,0.99861145
11323_2,0.0020507437
8922_10,0.99854493
7884_3,0.1187934
6474_1,0.0017007225
9697_8,0.99824536
9184_1,0.0013458604
9483_9,0.9985221
5353_10,0.9985896
5978_2,0.0014325365
7162_4,0.07978202
12175_3,0.0014550629
8229_8,0.99724233
8618_2,0.0013670255
854_1,0.0014550629
1379_10,0.9966756
10833_9,0.99711037
2244_4,0.0021489493
8145_3,0.0017007225
9069_3,0.008847355
691_7,0.9967775
421_1,0.0013670255
951_1,0.9019207
4966_4,0.0014325365
9116_10,0.99847525
7903_10,0.9984988
3684_3,0.002019014
9435_1,0.0015011822
4998_1,0.0013458604
9698_1,0.0013670255
209_10,0.99444515
10314_9,0.99854493
6677_8,0.99837697
3044_7,0.9985221
1322_1,0.0012843083
3185_1,0.0019570168
6619_1,0.0038244836
3765_7,0.007345827
3348_9,0.9974491
11833_4,0.0067975316
2250_1,0.0015247865
7760_10,0.99736834
8619_8,0.99863297
5790_9,0.9984022
9197_1,0.001622967
4350_2,0.0014550629
11545_10,0.99847525
12448_10,0.9966756
7160_2,0.0013458604
5966_4,0.9975656
5284_10,0.99821776
5276_8,0.005641909
7498_1,0.0016743994
10729_9,0.997783
1827_3,0.0012843083
3111_1,0.0013670255
8298_8,0.016403032
12447_7,0.99711037
8035_3,0.036769465
1203_7,0.99341017
7620_1,0.0015731123
2375_4,0.0015011822
4026_2,0.0015487612
1925_1,0.0014103585
3658_1,0.002019014
114_10,0.9984269
3386_2,0.001264422
377_9,0.9933072
8855_10,0.9976769
10476_10,0.9985221
9073_4,0.0021157034
3255_2,0.0017546144
2918_9,0.9975656
5221_7,0.9984988
7546_1,0.0014103585
8080_7,0.99580115
7434_10,0.9730365
1772_1,0.0013670255
2690_9,0.99477994
7133_9,0.9983516
9947_9,0.9964619
11865_1,0.001810211
6346_10,0.9985896
2945_3,0.0013250223
3625_8,0.997981
694_4,0.0017007225
6795_10,0.99771273
9353_4,0.99771273
12345_10,0.99760324
5316_2,0.0074606435
12204_2,0.001867566
2186_10,0.9984988
5568_1,0.0032224844
11080_1,0.0024726235
228_1,0.0017274586
7795_1,0.001810211
4886_3,0.012821214
11547_9,0.9977482
7494_2,0.0019267346
5466_2,0.0015978455
3655_8,0.9984988
4790_1,0.001264422
12370_10,0.9975274
546_3,0.0024726235
11818_8,0.99854493
9426_7,0.9984988
1524_3,0.0040072887
6486_3,0.001648483
5288_3,0.0034834242
6797_3,0.0012843083
8130_4,0.9840936
4064_1,0.0014103585
4832_1,0.0015011822
7232_1,0.0017274586
7279_3,0.005641909
8356_3,0.99155444
3556_4,0.99611557
4097_7,0.9983516
7801_1,0.0029810332
8393_1,0.005220126
5847_7,0.9983516
4470_4,0.0017274586
6922_3,0.0013250223
1094_7,0.34864518
10740_10,0.99863297
4933_8,0.9984988
7794_10,0.9984269
7218_1,0.001648483
12470_7,0.37356153
2980_7,0.9985896
10896_4,0.004198795
8652_8,0.9966756
3638_4,0.0057302467
9497_3,0.015543648
9266_8,0.99863297
7392_9,0.99605453
10_7,0.9953181
2466_7,0.99635005
1612_2,0.002396731
10262_7,0.99687636
2193_4,0.0014550629
179_10,0.99847525
6025_4,0.04401865
7633_7,0.9956006
9716_1,0.001477943
9487_10,0.9986541
9800_9,0.99854493
6424_8,0.99771273
835_4,0.001810211
11351_4,0.001867566
5508_2,0.0013885231
12395_1,0.0025114634
11986_7,0.9976404
9947_3,0.9979493
11529_8,0.997917
93_1,0.0015731123
9914_8,0.9926542
7953_9,0.9941801
9418_2,0.0014325365
9089_8,0.998103
10337_10,0.99824536
4440_1,0.0015487612
890_1,0.001477943
6965_3,0.0025909794
6540_7,0.99804294
7693_10,0.99788433
6470_2,0.001867566
9262_3,0.001648483
1901_10,0.0015011822
5107_10,0.9985896
6013_3,0.0027576222
9295_3,0.0015731123
3450_9,0.99856746
820_9,0.9693242
3207_10,0.9984988
2620_9,0.99629277
9175_1,0.0013250223
3058_3,0.0014103585
4648_2,0.12940274
2012_9,0.9984988
8131_1,0.0015731123
4808_4,0.0019877742
9182_7,0.9981614
6829_3,0.0015011822
10736_3,0.0014103585
12347_10,0.8976953
9973_9,0.99847525
5320_4,0.023689471
4462_2,0.0015487612
2573_10,0.9843364
5580_1,0.0013045068
11771_1,0.0023231625
10782_2,0.99128854
7719_3,0.0019267346
1897_10,0.99771273
8797_8,0.9985896
5464_10,0.9986541
6480_1,0.0015011822
10346_4,0.0012448432
9386_7,0.997917
1027_4,0.99580115
11905_10,0.99856746
7804_10,0.99847525
1491_1,0.0013458604
6521_1,0.0013045068
11835_1,0.0013250223
9661_3,0.0013885231
9476_7,0.9939964
1398_8,0.9976404
7373_2,0.0019570168
10278_7,0.99847525
1422_4,0.0019570168
2823_1,0.0013885231
2691_3,0.001867566
5825_4,0.0021489493
4113_1,0.0014103585
10081_10,0.9974491
6700_1,0.001264422
4482_3,0.9980732
652_8,0.9928786
5364_3,0.0013045068
2853_7,0.9976404
4328_10,0.99845123
2636_7,0.998103
10850_10,0.99837697
12059_1,0.0013250223
4135_8,0.997981
6311_2,0.0015978455
12379_3,0.0015487612
7288_4,0.0025509126
1463_9,0.9981324
2112_7,0.99847525
3942_8,0.9314625
7693_1,0.0027149855
2451_10,0.9984988
11441_10,0.99847525
11331_8,0.99101454
7233_2,0.0013458604
649_2,0.9980122
6388_10,0.9984269
3861_10,0.98998636
4188_10,0.99845123
10556_10,0.99861145
5855_4,0.0033766124
7153_2,0.0021489493
9710_2,0.0014103585
7607_10,0.99863297
4534_7,0.004905406
11074_1,0.0014103585
9650_7,0.99771273
10921_4,0.0022518474
6121_1,0.0014550629
10458_1,0.008445628
9602_1,0.0014103585
9693_3,0.9869795
9188_3,0.124213
6333_9,0.9977482
8905_10,0.99847525
1335_7,0.9981614
11513_10,0.9983516
6925_10,0.997783
10928_10,0.9984988
12454_1,0.0015011822
6286_10,0.997981
5163_10,0.99845123
10200_7,0.99736834
3501_10,0.9985221
6574_3,0.0017821962
5169_1,0.0034834242
2640_8,0.99856746
7117_10,0.9985896
3569_3,0.001622967
9810_10,0.9962346
2080_2,0.0015247865
3437_2,0.0021157034
7503_8,0.9986749
3753_3,0.005554925
10868_1,0.0016743994
12385_10,0.03963884
11870_8,0.997981
6694_9,0.9982993
11824_10,0.99818975
1750_4,0.010013569
572_10,0.05223086
970_4,0.98445636
12211_10,0.9962346
6972_7,0.9985221
1554_1,0.9941801
8868_7,0.997981
501_1,0.0013458604
2023_1,0.001622967
4272_3,0.0014550629
2536_10,0.9961755
2819_7,0.0016743994
1810_1,0.0014550629
11364_3,0.008445628
6086_1,0.0012448432
1901_3,0.0014325365
2847_3,0.0013458604
6224_1,0.001477943
4305_1,0.0013670255
3685_3,0.0015011822
6292_2,0.0015487612
10626_8,0.99847525
10721_4,0.0015247865
8086_9,0.9983516
7886_8,0.9983516
6601_2,0.0015978455
3806_8,0.4104018
2611_1,0.0013250223
1696_10,0.990732
3823_10,0.029090757
6917_4,0.0013458604
9469_4,0.0018386653
9498_9,0.99863297
11046_1,0.0013045068
6519_9,0.9983516
10676_8,0.997065
3139_9,0.99869555
1098_9,0.9986541
2588_8,0.002889581
9924_1,0.0013250223
2131_3,0.0013250223
236_3,0.001867566
5390_2,0.0021827165
11292_10,0.0013670255
4149_8,0.9976404
610_1,0.0019570168
10184_1,0.0022872274
9123_3,0.0705596
3220_3,0.0019877742
9124_2,0.0014325365
9103_1,0.001648483
2896_10,0.99845123
8478_1,0.0014103585
11845_2,0.0020507437
3646_1,0.9968273
12254_7,0.99824536
857_7,0.997851
592_3,0.9959927
1276_9,0.99818975
5096_10,0.9985221
10725_1,0.0015731123
8426_4,0.0022170132
10244_2,0.0014550629
4786_9,0.99701905
8358_7,0.014728613
5266_7,0.9975274
3581_10,0.9984988
12349_1,0.5392259
3429_4,0.00581996
9807_9,0.997981
6631_2,0.001648483
4981_1,0.0015731123
273_1,0.0021827165
733_7,0.9966234
4982_3,0.002673006
2347_10,0.99824536
6263_10,0.99845123
3699_9,0.9971551
2270_8,0.99856746
8095_10,0.53776973
3347_8,0.9977482
4161_4,0.0033244372
3331_3,0.0012843083
6845_3,0.0015247865
9272_4,0.0024726235
997_7,0.9840936
1798_10,0.99856746
4262_10,0.99845123
4868_7,0.9980732
7487_1,0.0015978455
8262_10,0.9982993
12397_1,0.0015487612
4786_4,0.0017007225
3240_9,0.9969722
10992_10,0.99863297
8209_1,0.0013458604
6089_10,0.9985221
9735_7,0.99760324
2554_4,0.91490096
8995_10,0.9984988
5732_4,0.001648483
1088_8,0.99824536
12345_4,0.0017821962
9364_4,0.032344334
12348_1,0.0014103585
3311_2,0.0016743994
6707_4,0.0015731123
7048_7,0.99818975
9736_4,0.15253651
2975_10,0.99847525
982_4,0.0021489493
3227_4,0.0017007225
5185_1,0.0022170132
2131_8,0.99869555
6941_8,0.9980122
11936_8,0.98201376
2383_8,0.9884919
3057_9,0.99863297
8058_1,0.0013670255
4622_8,0.93581736
2208_10,0.98187524
12144_8,0.97684664
2737_10,0.99847525
3550_3,0.0022518474
2789_8,0.99856746
11757_9,0.998103
10676_4,0.044348583
2855_2,0.0013045068
2740_3,0.0015247865
8609_7,0.9971551
2147_4,0.0028449094
8093_2,0.0015978455
10335_1,0.004198795
1098_4,0.0015011822
6255_10,0.007121429
7276_1,0.0012843083
11301_10,0.99847525
1334_3,0.0024726235
8983_9,0.99861145
1694_1,0.0029810332
9658_1,0.0014325365
8438_8,0.99351174
536_3,0.0013458604
7074_10,0.99837697
1992_2,0.0014550629
5040_8,0.9898303
753_2,0.0013885231
7967_4,0.001648483
3763_2,0.98527133
3953_2,0.0013458604
3351_4,0.0460339
1704_8,0.9981614
6817_10,0.9984269
11914_4,0.0017546144
12071_10,0.9930962
6969_4,0.0017546144
11992_1,0.0015011822
11532_4,0.66066515
5253_9,0.9985221
5596_9,0.99863297
6560_1,0.0038244836
8082_1,0.0013885231
864_2,0.0013670255
5929_8,0.013428254
10217_4,0.0016743994
11277_4,0.29538548
10701_10,0.9951703
1245_8,0.99845123
10024_9,0.9959299
3344_1,0.0017546144
12006_10,0.9962346
1031_1,0.0017546144
665_10,0.99701905
10460_1,0.0022872274
7038_9,0.040845715
7843_8,0.9982993
5095_9,0.9985896
11426_3,0.0021489493
265_9,0.99856746
7163_4,0.0014103585
77_2,0.0022872274
4709_10,0.99856746
11151_9,0.005641909
2269_1,0.00498227
820_1,0.0034296038
1451_7,0.0017007225
281_1,0.0022518474
6598_1,0.0015487612
4341_1,0.0017546144
9560_3,0.0013458604
4698_1,0.001810211
7408_3,0.06903793
11729_4,0.0012065897
11489_3,0.0017546144
9711_1,0.0015731123
9994_10,0.99861145
586_8,0.9985221
8047_10,0.99856746
4531_7,0.9871788
1293_1,0.0014325365
7581_3,0.001477943
5129_4,0.9949397
1748_1,0.009559399
8155_1,0.0013885231
8827_7,0.036220055
6616_8,0.99837697
1040_9,0.99845123
10942_1,0.0014325365
5306_1,0.001622967
8168_1,0.003707253
291_9,0.99863297
383_9,0.9984269
11908_9,0.9976404
7898_10,0.9984022
4043_2,0.0015011822
3376_8,0.0021157034
3067_7,0.0034296038
11496_8,0.99821776
9885_2,0.054600604
3554_10,0.9984988
2986_3,0.0044683837
1332_7,0.992062
5585_8,0.9982993
5981_3,0.0014325365
1556_1,0.0012843083
8523_10,0.99827254
11792_1,0.001264422
7610_10,0.9984988
12114_9,0.99832565
8589_1,0.0013045068
3898_8,0.9986541
5101_10,0.99856746
9607_1,0.002396731
6673_8,0.9986541
7662_1,0.0013045068
2241_1,0.0025509126
6674_2,0.001264422
7797_1,0.0025114634
6400_2,0.0013670255
628_8,0.1732882
4898_4,0.004264634
11592_2,0.004070138
1311_2,0.0012843083
5494_3,0.0015978455
7067_10,0.99837697
11267_10,0.9985896
6797_10,0.9984988
9987_1,0.0013250223
9740_3,0.0027149855
6743_1,0.0013885231
5302_1,0.0015011822
8464_8,0.9888419
7846_4,0.9969722
5990_1,0.001477943
10889_2,0.0017007225
11406_8,0.997981
9093_4,0.0017821962
8501_1,0.0017546144
8431_4,0.0020507437
8076_1,0.001477943
6831_8,0.997285
984_8,0.99847525
369_1,0.0015247865
9668_10,0.99845123
2972_10,0.9981324
5611_1,0.0015978455
659_1,0.0015487612
6360_7,0.9898303
7628_7,0.0017274586
5311_9,0.9241418
2005_10,0.99821776
5396_1,0.0017274586
1308_3,0.0013250223
4737_3,0.004331502
8042_1,0.0015247865
11585_3,0.0014325365
1182_2,0.0014325365
2581_9,0.9977482
10496_1,0.001867566
3561_7,0.007815888
8272_1,0.0015011822
6571_4,0.25683197
3125_7,0.9965166
9120_3,0.001622967
12220_1,0.0017274586
5783_3,0.002019014
105_8,0.9984022
11885_9,0.99788433
11317_1,0.0036499873
7999_7,0.9980122
5800_7,0.99804294
2811_8,0.9956006
7381_9,0.99605453
9828_7,0.9982993
7849_4,0.083890386
8174_4,0.0014103585
9320_1,0.0014550629
5747_7,0.99832565
11097_3,0.0013885231
6472_2,0.0015978455
1200_10,0.99845123
10125_4,0.001867566
5422_10,0.9984988
9889_9,0.99861145
7370_2,0.0015978455
696_4,0.0019570168
8609_4,0.9928786
11850_7,0.9896718
889_7,0.9959927
8695_2,0.001622967
4944_1,0.0027149855
6899_8,0.99760324
3388_10,0.9985221
1051_1,0.004681822
431_2,0.0015731123
2353_1,0.0051396107
5131_3,0.0013670255
482_9,0.9980732
1283_10,0.997981
10884_1,0.0013670255
221_9,0.997981
8688_3,0.0013045068
9891_10,0.99863297
705_10,0.99845123
5604_1,0.0013250223
4960_3,0.001810211
12439_1,0.0017546144
8897_1,0.0014325365
3549_8,0.9974885
7301_7,0.0028449094
8183_3,0.22270015
7751_10,0.99847525
9084_9,0.9983516
3048_1,0.0015731123
8443_1,0.0013250223
3373_3,0.0015978455
3867_4,0.0015487612
604_3,0.0012843083
2162_1,0.0013250223
4367_9,0.9982993
10255_10,0.9981614
1909_9,0.99566853
1446_3,0.001867566
1247_1,0.0013250223
2703_1,0.0017546144
921_1,0.001810211
156_9,0.99724233
7516_4,0.037326884
6155_4,0.03461884
8991_3,0.99014014
3813_3,0.0023231625
551_4,0.6971968
12326_1,0.0012065897
5102_3,0.99827254
10901_3,0.0012843083
1517_1,0.0014103585
8762_10,0.9984988
1282_10,0.99856746
2531_9,0.037608635
7764_8,0.9984022
2906_8,0.998103
6730_7,0.99341017
7749_9,0.99847525
7765_3,0.0033766124
12412_7,0.9962346
582_4,0.0016743994
5792_1,0.0022170132
2174_7,0.9976404
7605_10,0.99824536
2721_1,0.0017007225
2151_10,0.99821776
8152_1,0.0014550629
6488_7,0.99629277
9446_8,0.997981
10617_8,0.9949397
12455_2,0.35868993
7377_10,0.9982993
11891_2,0.011687259
4319_4,0.001477943
1050_9,0.99242276
9109_2,0.0014325365
10500_1,0.0014103585
11749_7,0.9957353
12250_2,0.0021827165
1193_2,0.0017007225
8313_8,0.9984269
8918_4,0.001622967
7122_10,0.99856746
6210_8,0.9984269
10050_8,0.99854493
4921_10,0.99818975
1857_7,0.9981614
9718_10,0.99847525
2482_1,0.0023596606
2624_1,0.0013458604
3284_2,0.0015731123
11435_3,0.009125638
10971_7,0.9984022
2606_4,0.9953181
7540_9,0.99856746
10929_4,0.9984269
8566_8,0.0023596606
4693_1,0.0025114634
1281_2,0.0020829707
267_1,0.001477943
2133_10,0.99824536
6762_8,0.99821776
1043_9,0.9984988
2812_4,0.0022518474
6981_4,0.001810211
4038_9,0.99863297
4256_10,0.99771273
8206_1,0.001810211
2060_2,0.0034296038
7372_1,0.0013458604
732_3,0.0014103585
5367_7,0.9976769
9765_10,0.99845123
8843_4,0.001648483
9723_10,0.9981614
11966_8,0.99341017
5087_8,0.9780517
9379_9,0.99847525
9615_2,0.001264422
991_7,0.99724233
4461_4,0.001648483
5857_1,0.002434382
2358_3,0.001622967
5247_10,0.9969246
12430_8,0.9777139
5943_4,0.0031236487
11917_10,0.9984988
4144_4,0.007011795
3128_7,0.9981324
5152_10,0.99856746
8028_1,0.001648483
788_1,0.0014103585
9552_2,0.91117966
12051_4,0.0025114634
701_4,0.03410043
5738_7,0.0040072887
5953_1,0.0012448432
3694_10,0.99861145
12371_10,0.99861145
650_10,0.9984988
3772_8,0.99740905
3919_9,0.997783
12420_10,0.99771273
6164_1,0.0015011822
12202_10,0.9984269
4142_3,0.0014103585
285_4,0.0028009268
9190_4,0.0014103585
9297_10,0.9984988
2857_1,0.0015247865
5576_10,0.9985221
7603_1,0.0013885231
1987_10,0.9968273
6978_1,0.0013670255
2390_3,0.001622967
662_4,0.0013670255
7957_1,0.950411
3009_2,0.0015247865
9574_1,0.0013250223
703_2,0.0019267346
11871_4,0.001477943
8056_2,0.0014550629
11468_2,0.001622967
7549_10,0.99847525
4506_1,0.0075772414
160_1,0.001622967
2400_1,0.51000845
146_8,0.9974885
1174_7,0.99854493
1623_2,0.005384938
2909_1,0.0019267346
9284_3,0.0017274586
753_7,0.120438814
456_1,0.04177388
329_1,0.0019570168
1996_10,0.998103
7468_10,0.9984269
11219_3,0.9975274
5749_8,0.9982993
1563_2,0.0017007225
9713_8,0.04208773
12467_2,0.001477943
5686_2,0.0015978455
6424_2,0.0014103585
11137_10,0.9984269
5613_7,0.997783
2113_2,0.0014325365
8623_8,0.9869795
2086_10,0.9986749
6846_8,0.99847525
3230_2,0.0013885231
4973_4,0.002396731
2935_2,0.0019570168
12176_1,0.0015487612
6272_9,0.9964064
728_10,0.9971551
9843_2,0.0025509126
4897_2,0.0022518474
12121_3,0.0013250223
11934_4,0.0032224844
1453_2,0.0015247865
9676_9,0.99837697
3072_10,0.9985896
6667_2,0.9981324
8932_9,0.99861145
9452_10,0.99371004
953_2,0.004681822
3268_3,0.0025909794
6276_1,0.0015011822
2522_3,0.0025114634
2630_10,0.99856746
2031_10,0.9983516
3754_10,0.03308598
10791_1,0.0021489493
7755_3,0.0015487612
11180_10,0.9984988
8020_9,0.9975656
3767_4,0.9981324
3519_10,0.9980122
8180_9,0.99854493
11639_4,0.0023231625
7540_2,0.0014325365
4746_1,0.0014103585
4027_1,0.0031726828
952_1,0.002396731
4070_1,0.89805347
8346_1,0.979354
1499_9,0.0029349516
1601_4,0.0014103585
1698_1,0.0014325365
3055_3,0.001477943
7744_1,0.0030278352
3183_8,0.9984988
9482_1,0.001477943
3712_4,0.010986943
9260_4,0.997981
10042_1,0.0013045068
3873_3,0.0017274586
11273_10,0.993807
2918_1,0.34334174
1292_3,0.0017821962
1837_2,0.0022518474
4650_4,0.0025114634
8686_4,0.0030753699
11307_8,0.24853417
10044_2,0.0014550629
12035_1,0.001622967
2259_9,0.99847525
6582_1,0.96909106
10194_1,0.0014550629
7932_10,0.0028449094
8064_8,0.98087597
5017_4,0.9984269
6456_9,0.99832565
10768_8,0.99854493
9479_10,0.9983516
9734_4,0.0018969199
2245_1,0.0013885231
7275_3,0.0024726235
1193_10,0.9983516
3883_4,0.002631674
5456_3,0.79502225
10014_2,0.0022872274
8045_9,0.9966234
9093_7,0.9980122
9971_1,0.001648483
1052_3,0.0017274586
10952_1,0.0015731123
3449_7,0.9348725
2488_1,0.026355354
8422_3,0.0017821962
1541_10,0.99856746
11863_1,0.0014325365
10102_2,0.0030753699
3838_9,0.9984269
8538_3,0.0015978455
12432_1,0.0015247865
6339_10,0.9984022
1860_10,0.9985896
11402_1,0.0019267346
10770_2,0.0021157034
8046_8,0.9967775
2748_3,0.04672496
361_9,0.9984022
8427_10,0.99861145
11792_10,0.9985221
10331_9,0.99824536
3506_1,0.0013250223
7374_7,0.99856746
5658_9,0.99827254
7170_2,0.0031236487
6144_1,0.001477943
5035_7,0.99863297
4566_3,0.0014103585
9544_1,0.0015731123
1959_9,0.891055
2390_9,0.9985221
4960_9,0.9985896
3425_2,0.0013250223
4000_10,0.99854493
12418_3,0.0027576222
9771_10,0.99854493
621_7,0.99687636
3510_1,0.0013885231
6893_7,0.0051396107
3680_9,0.99863297
3118_9,0.9941801
5433_7,0.99732697
8381_9,0.99824536
10205_10,0.9984269
1437_1,0.0017274586
5675_2,0.0017821962
1597_7,0.99832565
1549_1,0.004905406
11391_10,0.9984988
12101_8,0.9984988
9356_8,0.9976404
10128_1,0.0017546144
11249_4,0.0035936027
12441_2,0.0015247865
7486_2,0.001810211
4905_9,0.9957353
5441_1,0.0063883206
2613_10,0.9974885
10351_3,0.0023231625
10459_10,0.9981324
2565_8,0.9986541
1338_1,0.0013250223
823_7,0.9976769
8924_7,0.997783
1382_10,0.9959927
4150_7,0.0017546144
6004_8,0.99453074
2508_10,0.9979493
10935_8,0.99854493
692_7,0.997981
7778_10,0.9986541
2016_10,0.9984988
1042_3,0.0014325365
7823_1,0.0025909794
149_1,0.0021157034
5551_3,0.0020829707
366_8,0.99847525
3483_10,0.9986541
278_1,0.001867566
9951_4,0.0044683837
2731_10,0.9984269
4403_10,0.9986541
5307_1,0.0020507437
8185_9,0.99847525
11059_8,0.99856746
10273_10,0.99854493
5336_4,0.0014550629
5147_7,0.9951703
1525_1,0.0014325365
8507_7,0.99824536
8501_10,0.99861145
2424_2,0.38329497
8959_9,0.9986541
11318_8,0.9985221
1270_8,0.99732697
1655_1,0.0013250223
10161_1,0.001477943
8531_10,0.99711037
9144_4,0.91212356
1201_2,0.001622967
11822_10,0.9985896
11486_3,0.0014550629
8038_10,0.99854493
1981_2,0.009268014
11901_10,0.9985221
5441_9,0.9984988
11709_9,0.99854493
9333_8,0.99845123
7881_3,0.0027576222
2815_9,0.99635005
3251_3,0.0014103585
1792_3,0.0043994132
8625_2,0.0025509126
4221_3,0.002631674
2742_10,0.9985896
11118_4,0.0059110695
11613_3,0.0013250223
6104_1,0.0015247865
3046_1,0.0017007225
8729_4,0.0015011822
1827_10,0.9984269
762_7,0.2639787
8855_2,0.0013458604
7573_3,0.0015247865
8616_4,0.0074606435
4830_7,0.99824536
6646_1,0.00581996
8746_4,0.014392335
1875_7,0.37136456
1221_10,0.9985221
11842_2,0.0013458604
3002_1,0.0015011822
5776_1,0.0024726235
5479_10,0.9985896
6034_4,0.0015247865
10984_1,0.007011795
12043_2,0.0015011822
4961_8,0.9984022
9601_10,0.027585285
2216_4,0.0014103585
1189_10,0.9984988
8461_4,0.001477943
2575_10,0.99861145
3782_1,0.0014325365
8927_8,0.99861145
7006_4,0.0014325365
6103_7,0.93991333
3218_10,0.9985896
797_10,0.99298817
76_4,0.046378206
9497_7,0.98998636
9637_1,0.001477943
1070_10,0.99821776
9732_10,0.0015731123
8144_3,0.0017274586
6247_10,0.25312182
10230_7,0.9984988
10731_3,0.0013885231
740_8,0.9840936
2145_8,0.9984022
834_8,0.99724233
6621_10,0.99854493
1749_4,0.001477943
5730_10,0.9984988
11167_4,0.006903838
1106_9,0.9985896
8152_10,0.9975656
11968_8,0.9943581
7728_9,0.99847525
237_1,0.001648483
10754_1,0.0013885231
1055_10,0.99861145
65_7,0.99845123
4092_3,0.001810211
3337_7,0.99847525
3163_8,0.008315778
7645_1,0.0013045068
10883_1,0.0014103585
4597_7,0.99771273
11850_1,0.0014325365
1025_10,0.99856746
11908_2,0.0019267346
7838_4,0.9954615
7725_7,0.9982993
8146_9,0.99856746
3741_8,0.99827254
323_2,0.0025114634
8244_3,0.0017007225
4593_1,0.0013670255
6902_1,0.0014325365
1791_1,0.0013458604
11490_10,0.99760324
4200_1,0.0028009268
1611_2,0.0015487612
3215_10,0.9984988
5864_10,0.0019877742
3776_1,0.20914644
6356_9,0.99847525
9139_10,0.99361163
5115_10,0.997851
3064_10,0.9984988
149_9,0.9975656
2873_3,0.001648483
3790_1,0.0015978455
3136_9,0.9976769
1696_3,0.01627746
4961_2,0.9969246
11918_10,0.99837697
3663_10,0.99854493
8115_3,0.994089
3690_8,0.9967775
11431_1,0.0016743994
3830_10,0.9950177
11896_10,0.99856746
8753_10,0.9984269
10121_1,0.0048297215
1142_7,0.99824536
7188_7,0.9979493
7044_1,0.001477943
11750_4,0.0013458604
7688_10,0.99837697
12292_10,0.99854493
5533_1,0.013636835
4147_4,0.0022518474
8515_2,0.001648483
10756_3,0.0023596606
11899_10,0.99847525
11867_2,0.0017007225
7814_8,0.99847525
1855_10,0.99845123
10357_2,0.0016743994
5218_1,0.0015487612
6641_9,0.99101454
5777_10,0.19163005
11982_1,0.001622967
10980_10,0.99856746
8585_8,0.9942697
941_2,0.0015731123
1697_7,0.9978173
9872_8,0.99847525
2377_4,0.001648483
2033_8,0.9984022
5864_1,0.0023596606
4295_7,0.9982993
2610_1,0.0013045068
1730_10,0.321247
11095_8,0.99827254
1699_8,0.99453074
344_9,0.99821776
7136_3,0.0014550629
2402_10,0.99732697
472_10,0.99847525
170_7,0.99444515
7019_1,0.0017821962
11798_10,0.9985896
7549_2,0.0013885231
8414_10,0.9975274
573_3,0.004133968
6678_1,0.99736834
10002_3,0.0021157034
3905_3,0.99101454
1849_4,0.0021827165
7959_2,0.0015487612
597_4,0.0015731123
2719_8,0.99788433
10519_1,0.0014103585
6112_1,0.0013885231
1322_9,0.9981324
12415_8,0.9982993
6727_1,0.0015978455
12393_1,0.0015731123
8545_9,0.99854493
528_7,0.99861145
12267_8,0.9985221
5842_10,0.99687636
8471_2,0.122103855
3912_9,0.99193794
4831_8,0.99854493
5767_3,0.001477943
10631_9,0.99605453
8069_8,0.99847525
190_9,0.9984988
12343_7,0.99771273
645_1,0.0014103585
10326_1,0.0013885231
11271_9,0.030214587
11808_8,0.99818975
3200_2,0.001648483
4518_2,0.0013045068
8307_2,0.0017546144
2057_10,0.9978173
3705_1,0.0012843083
11581_7,0.998103
11777_9,0.9904406
1367_3,0.016529558
12248_9,0.9985221
2994_8,0.99854493
5170_1,0.0014550629
8781_7,0.99453074
9137_1,0.0013670255
9970_4,0.00619299
3412_7,0.37090874
9399_1,0.0014550629
7917_8,0.0027576222
1157_1,0.0015487612
12489_10,0.99854493
5365_8,0.9985896
9295_10,0.9957353
11505_1,0.0015011822
8647_4,0.0021157034
6609_2,0.0015978455
6859_1,0.9877587
2436_10,0.99832565
4255_4,0.9603612
12347_1,0.0022170132
4237_4,0.0013458604
11687_10,0.9984269
2964_7,0.0032730647
2836_4,0.0016743994
1944_4,0.99701905
3218_1,0.0017274586
2752_10,0.99771273
9994_3,0.0014325365
11566_8,0.9984988
5741_10,0.99854493
7127_10,0.9982993
11864_2,0.0013885231
5159_9,0.9985221
658_3,0.0018386653
10177_3,0.001867566
4843_1,0.0013458604
1441_1,0.07558479
2741_2,0.0014550629
6045_3,0.0015011822
7020_8,0.99856746
2120_1,0.0014550629
2336_1,0.0014550629
10167_9,0.99832565
10251_3,0.0015731123
9335_4,0.0018969199
6670_3,0.0032224844
9937_7,0.0014325365
3258_7,0.99837697
3234_7,0.9981614
3601_1,0.0015247865
5635_9,0.78133065
11427_7,0.9985896
3349_4,0.0014550629
1334_10,0.9984269
10474_10,0.99863297
2361_10,0.9984988
1471_2,0.0017007225
10705_10,0.99788433
10559_7,0.0057302467
3070_10,0.9984988
10087_1,0.0022170132
1952_7,0.10856642
682_9,0.9896718
6576_10,0.99818975
956_3,0.0019570168
3960_1,0.0018386653
62_2,0.001477943
3200_8,0.99863297
2127_1,0.001648483
6878_9,0.99856746
1600_10,0.998103
11995_7,0.9927672
5239_2,0.0017546144
6018_7,0.9985896
9185_1,0.002396731
4707_7,0.9968273
12407_10,0.99856746
5831_10,0.99863297
2264_7,0.997783
7226_8,0.998103
6337_7,0.9969246
5047_3,0.007011795
228_10,0.9983516
4230_1,0.0014550629
4058_8,0.99847525
5634_4,0.0013458604
11680_1,0.0019877742
1320_9,0.9983516
12461_8,0.99861145
10076_10,0.9985896
9170_8,0.9981614
4519_10,0.99837697
5906_2,0.0017821962
2065_8,0.99760324
8453_10,0.99861145
262_1,0.001477943
454_10,0.99856746
11532_8,0.9986749
8169_2,0.99566853
6873_8,0.99724233
10061_4,0.0016743994
11565_4,0.0020507437
258_1,0.02576056
5896_1,0.0014550629
4395_1,0.0013250223
3774_1,0.0013885231
12340_8,0.9916842
7497_8,0.99837697
4321_2,0.002631674
6258_2,0.0013045068
3950_1,0.0013670255
9998_8,0.99856746
3524_8,0.99845123
2003_10,0.9975274
10366_3,0.009125638
2602_10,0.9982993
8684_8,0.9984269
12268_9,0.99863297
4846_8,0.9981324
5969_1,0.0015247865
173_4,0.001648483
2790_10,0.99856746
2637_1,0.0013458604
10239_1,0.0014550629
5120_9,0.99719906
3802_10,0.99854493
6897_7,0.0017007225
8478_9,0.9981324
2441_4,0.002396731
4827_1,0.0038244836
4326_1,0.0013670255
252_3,0.001477943
7201_8,0.056652423
801_2,0.6160123
10008_4,0.47146657
6740_10,0.9985896
674_3,0.029986506
6341_9,0.9985896
1882_7,0.89805347
10843_10,0.99861145
1593_4,0.0017007225
3592_1,0.95257413
4658_4,0.9908744
2564_2,0.0013885231
7229_9,0.9984988
4186_1,0.0015731123
10227_3,0.001648483
4580_3,0.0029349516
10367_3,0.0027149855
10034_9,0.99837697
6834_10,0.9985221
11326_9,0.9983516
4683_1,0.001867566
5596_1,0.0019570168
4238_3,0.0014550629
11881_10,0.997285
11910_2,0.0015731123
934_1,0.0013670255
3660_8,0.99861145
365_1,0.0014103585
3677_9,0.9984269
6522_10,0.059646945
3167_10,0.9979493
6104_10,0.99719906
2584_2,0.0021157034
4264_8,0.99837697
5648_9,0.9982993
1863_9,0.99861145
7464_10,0.99854493
7643_8,0.9980732
7030_10,0.9984269
2768_2,0.0013885231
3845_1,0.0013458604
11590_10,0.99854493
8578_3,0.0020829707
8733_9,0.9964619
4099_1,0.0014103585
5810_1,0.0012843083
442_3,0.002434382
1374_9,0.9908744
7704_10,0.00619299
4526_1,0.0015731123
2978_8,0.9983516
3096_1,0.0014325365
1589_9,0.99854493
11197_7,0.99854493
6751_8,0.99847525
10043_10,0.99861145
4045_2,0.0011879054
7706_8,0.99861145
1876_10,0.9943581
4224_9,0.9984269
10833_1,0.001477943
11549_10,0.997917
7081_8,0.9985221
6410_8,0.99818975
10609_9,0.9985221
9910_1,0.0013250223
4474_7,0.9981324
9775_9,0.9985896
9245_10,0.9985221
11514_8,0.9980732
3182_4,0.99701905
3127_3,0.001810211
7311_1,0.0014103585
4266_10,0.9984988
12410_10,0.99856746
7548_1,0.0022872274
10446_2,0.0029349516
4854_2,0.001264422
1152_8,0.9985896
11660_4,0.49902344
3452_2,0.0013250223
2401_7,0.993807
11703_7,0.997851
4053_2,0.0014103585
4882_9,0.99856746
8050_7,0.99553156
9053_4,0.0028009268
12313_10,0.9985221
12085_1,0.001477943
2130_2,0.0012843083
8499_10,0.9983516
9230_3,0.0018386653
2697_10,0.99863297
7682_3,0.0018969199
1473_7,0.008061991
3124_4,0.0013045068
10694_10,0.99856746
11541_9,0.9968273
7033_10,0.9983516
305_10,0.9967775
12164_8,0.9982993
7594_2,0.028007522
2101_3,0.0015731123
9579_2,0.0015731123
1482_4,0.997285
4362_1,0.001477943
1263_9,0.99854493
2543_9,0.99854493
8642_1,0.0014325365
229_1,0.0017546144
12045_10,0.9985896
810_9,0.99837697
5188_7,0.99740905
2690_1,0.001477943
922_3,0.0032224844
10957_10,0.99856746
9275_3,0.0014325365
7289_10,0.9982993
1809_2,0.0013670255
11846_1,0.99837697
5888_10,0.998103
1506_7,0.99837697
6255_1,0.0014103585
4995_7,0.997851
2423_1,0.0014103585
4030_8,0.99824536
4839_7,0.997981
364_1,0.0015978455
3510_9,0.99845123
2092_10,0.9985896
600_1,0.0014325365
5490_9,0.99863297
9442_8,0.0024726235
5330_8,0.99586606
10858_10,0.9843364
2746_8,0.9984269
848_9,0.990732
6713_1,0.9969722
8274_10,0.9984022
2507_1,0.0022170132
4558_1,0.0014550629
957_2,0.0017274586
11667_8,0.9926542
2374_2,0.0013458604
8156_1,0.0017546144
1080_8,0.99657035
11274_8,0.99611557
12467_10,0.99861145
5941_1,0.9984022
6205_1,0.001810211
4517_9,0.9985896
102_4,0.001477943
6022_8,0.9984269
10054_3,0.0015011822
3907_3,0.0013885231
5232_8,0.00818791
10064_2,0.99155444
6529_1,0.001477943
11003_1,0.0013885231
9151_7,0.9981324
6612_8,0.9688562
12189_10,0.99847525
6510_2,0.001477943
3129_7,0.99605453
7864_2,0.0013885231
11603_3,0.29787827
10741_9,0.99847525
2235_7,0.99635005
2125_2,0.0013670255
2050_10,0.9985896
8397_1,0.0023231625
5275_1,0.9966234
7755_10,0.9985221
12065_4,0.994089
269_8,0.99818975
1933_2,0.0032730647
9182_3,0.9695556
3153_10,0.99732697
3922_7,0.9979493
2674_3,0.0015731123
7407_4,0.0021157034
737_7,0.9953181
5223_1,0.001622967
10937_1,0.0019570168
9026_4,0.005384938
1564_8,0.99847525
1724_10,0.9985221
1224_3,0.99128854
8536_4,0.001477943
11215_8,0.9458012
3063_10,0.9983516
9559_9,0.6174406
5165_2,0.0014325365
9396_1,0.0017007225
6404_1,0.0015731123
6019_1,0.9983516
7249_8,0.9666631
1765_1,0.0015978455
7685_4,0.7193836
8196_10,0.99863297
11749_1,0.0013670255
1257_10,0.9979493
3488_8,0.9928786
8605_8,0.997981
6697_4,0.0017821962
11540_1,0.0013670255
6262_4,0.0036499873
1998_8,0.9978173
3019_1,0.0014103585
1087_2,0.001622967
8356_8,0.9969246
10036_10,0.9984022
10547_10,0.9983516
2562_1,0.0016743994
5096_3,0.0014550629
12128_1,0.0015247865
2574_10,0.9983516
10144_8,0.99837697
3678_1,0.0013250223
2579_2,0.001867566
6695_7,0.072374016
1465_7,0.9984269
11846_9,0.99837697
1219_9,0.9983516
4936_9,0.9984022
12382_4,0.061875988
8807_1,0.0015978455
7700_1,0.0012843083
4209_8,0.9984269
10178_10,0.99854493
9835_8,0.99724233
161_3,0.0015247865
670_3,0.0025909794
7158_10,0.9980122
9502_4,0.0017546144
9880_1,0.0018386653
39_3,0.99719906
11161_9,0.997065
12026_9,0.9985221
4439_3,0.0015731123
8303_10,0.9984022
408_7,0.99719906
1065_9,0.99390244
5188_2,0.0012448432
929_10,0.99854493
4765_7,0.9985896
2117_4,0.0017007225
6653_4,0.0021157034
2342_1,0.0017274586
8445_1,0.0012843083
1708_1,0.0017821962
7995_10,0.99837697
1104_4,0.0025909794
3847_1,0.0018386653
7276_10,0.9986541
11269_7,0.0023231625
3158_1,0.007815888
11061_1,0.0015011822
851_7,0.9976404
8214_2,0.0013885231
9174_1,0.0013045068
7040_3,0.0020829707
4082_4,0.002889581
3553_8,0.9976769
6733_10,0.99845123
4910_3,0.010818449
10149_1,0.0012448432
5609_4,0.0015731123
4174_3,0.0019267346
9213_1,0.0015487612
2881_9,0.99845123
1408_3,0.0018969199
10832_1,0.0034834242
7216_3,0.0025909794
9905_10,0.9985221
9050_3,0.0015011822
3789_4,0.0018969199
6490_8,0.9933072
7649_7,0.994615
6901_8,0.99732697
11597_9,0.9986541
3259_1,0.0015011822
5936_3,0.001477943
1214_2,0.37433314
2840_1,0.001264422
1956_10,0.9984988
2392_2,0.0014550629
239_9,0.9985896
6860_8,0.98677725
1716_9,0.99845123
9595_10,0.99509466
1630_1,0.0021157034
11293_3,0.44915098
8288_10,0.9981324
6618_7,0.9976404
12378_1,0.0015247865
11560_1,0.0013250223
12124_8,0.99856746
486_10,0.001810211
6654_3,0.0028449094
6915_10,0.998103
8773_1,0.010818449
10211_4,0.99128854
5769_9,0.99845123
10038_4,0.0013885231
3737_9,0.9985896
11512_1,0.0027576222
8025_7,0.9974491
397_7,0.9978173
10670_9,0.99847525
11648_4,0.0017274586
10361_1,0.0015487612
12439_8,0.99854493
9958_8,0.99580115
8659_1,0.0013250223
12400_1,0.0015731123
10680_7,0.99351174
2435_10,0.9982993
5506_4,0.0013250223
9025_3,0.0018969199
5749_4,0.0015011822
5090_1,0.0013458604
2688_9,0.9980122
8397_10,0.99827254
8610_8,0.9314625
9398_10,0.99845123
5144_10,0.9984988
10797_10,0.9976769
9623_2,0.0015487612
3269_8,0.99827254
5480_7,0.9981324
43_1,0.001648483
4156_1,0.0016743994
1629_1,0.001477943
6536_10,0.99837697
8384_1,0.0014325365
2820_10,0.9982993
7976_3,0.0015247865
3745_10,0.99128854
11258_8,0.9982993
7908_7,0.99788433
9166_7,0.99818975
8976_8,0.9986541
3692_1,0.0013458604
4937_4,0.0017007225
11935_9,0.9986541
7722_7,0.9976769
8757_4,0.0013670255
1218_10,0.998103
3620_8,0.001477943
9017_4,0.0012843083
8300_3,0.0013670255
11325_4,0.0017007225
1093_8,0.99861145
166_4,0.06418265
6088_10,0.9984988
2149_10,0.99861145
4884_9,0.997783
9786_1,0.0014325365
4258_3,0.0051396107
9890_1,0.0017274586
8911_1,0.0021157034
11618_3,0.0022518474
4510_1,0.0014103585
3173_4,0.08509905
10418_1,0.0014550629
8954_1,0.001477943
723_2,0.0015487612
1164_1,0.0014103585
11404_4,0.0015011822
5737_3,0.0020829707
10073_3,0.0015487612
1900_8,0.0028009268
9532_10,0.9962346
839_4,0.0021489493
4562_1,0.0053018946
3963_3,0.0015011822
5220_10,0.0037654138
663_9,0.99837697
10156_8,0.9981324
3759_7,0.054600604
5153_4,0.9954615
7580_3,0.0013458604
12403_10,0.9986749
4893_8,0.9986541
892_8,0.9984022
79_2,0.0014103585
10716_8,0.99854493
11452_7,0.94699025
1214_7,0.9975656
8901_10,0.99193794
12221_10,0.9984988
2055_9,0.017309094
5911_3,0.0019267346
10866_3,0.0017821962
10063_1,0.0013670255
10563_9,0.9974885
11931_8,0.017442483
1180_1,0.0013885231
8194_1,0.0013045068
7837_4,0.99804294
1876_1,0.0016743994
9203_1,0.0015978455
10091_1,0.0015978455
2434_9,0.9975656
7908_1,0.0029810332
8591_4,0.9859364
4222_7,0.97090924
11430_4,0.9965166
757_1,0.0017546144
6442_8,0.9849274
10056_8,0.997065
3179_2,0.0015731123
3130_3,0.33698532
11921_7,0.99854493
4139_9,0.9984269
195_10,0.9985221
6286_1,0.007232764
5701_2,0.109705776
7470_8,0.99847525
9205_9,0.01048909
10683_8,0.9939964
672_4,0.004331502
604_10,0.99854493
7757_10,0.99856746
5228_4,0.35717502
3998_10,0.9966756
7444_4,0.993807
9684_10,0.99847525
8455_7,0.9975656
3989_8,0.9983516
1115_3,0.0021489493
6469_4,0.0027576222
4524_8,0.9956006
3103_7,0.547706
3108_8,0.9985221
2219_10,0.99854493
10269_8,0.97423947
838_4,0.0015487612
5367_1,0.0015247865
9110_10,0.99856746
5736_1,0.0013045068
5100_4,0.01243165
3399_4,0.0020829707
7575_9,0.9982993
7954_9,0.9984022
870_7,0.99854493
3811_9,0.0047552
8011_9,0.99821776
8172_10,0.99845123
3209_4,0.0013458604
7380_10,0.99611557
10210_3,0.001810211
8162_9,0.99845123
10784_9,0.9984988
482_1,0.0021489493
1452_9,0.997917
2686_4,0.0015731123
543_8,0.99824536
495_2,0.0015247865
2887_9,0.99818975
11780_1,0.0014103585
9742_2,0.0015487612
1762_1,0.0015731123
5264_9,0.9983516
7958_4,0.99298817
6010_10,0.99854493
1284_9,0.9967269
10420_3,0.0014325365
7736_7,0.06142404
1178_10,0.997981
529_10,0.99845123
4063_4,0.015906392
10480_8,0.9974491
2412_2,0.0014325365
5206_3,0.0043994132
11963_9,0.9942697
663_1,0.0018386653
352_4,0.0019877742
7504_3,0.9975656
8678_1,0.0015978455
2330_2,0.9969246
12282_1,0.0014103585
6485_10,0.0030753699
9306_1,0.0013250223
7468_4,0.0015487612
12207_1,0.0015011822
6701_7,0.002396731
9861_7,0.91550726
6318_7,0.99029154
11612_1,0.0014103585
4800_10,0.0027149855
5360_3,0.0034296038
4977_4,0.0017274586
1678_9,0.9979493
5017_8,0.9964064
3087_9,0.52000886
1915_8,0.97046465
574_10,0.99837697
6062_8,0.9984022
2860_4,0.9985221
1800_4,0.0037654138
1928_9,0.9984988
9890_10,0.9985221
12159_8,0.997065
649_7,0.997981
8708_1,0.0015731123
8181_10,0.99854493
3495_1,0.0014103585
11612_10,0.994089
6919_10,0.9984022
12217_9,0.9981324
9276_4,0.0017546144
3520_9,0.9981614
6492_4,0.0065897712
3900_2,0.30440342
12298_9,0.99657035
12394_1,0.0014325365
4873_8,0.0028009268
4797_1,0.0022518474
3197_9,0.9985896
2474_10,0.99732697
4042_10,0.99863297
10641_1,0.0013250223
10882_2,0.0015731123
4803_4,0.004198795
7459_10,0.997981
1828_1,0.0013250223
1718_10,0.9986541
9603_1,0.0017007225
940_7,0.99804294
3074_4,0.002673006
8802_10,0.9982993
7180_4,0.0013670255
5250_1,0.0021489493
2734_7,0.99740905
2354_8,0.99804294
6805_1,0.0014103585
11156_4,0.0013670255
2734_3,0.29279748
12216_1,0.0015011822
660_8,0.99856746
8978_10,0.99856746
6272_1,0.0031726828
8294_4,0.001867566
11956_8,0.99832565
3265_1,0.0015731123
705_2,0.99553156
9058_9,0.9975656
3582_3,0.0015731123
6985_1,0.0013670255
5611_9,0.99740905
9491_3,0.0020829707
9945_3,0.0013885231
1840_10,0.99845123
12280_3,0.0013670255
1932_10,0.9986541
8682_10,0.99827254
5418_9,0.99847525
3354_9,0.99832565
8078_3,0.0017274586
7747_1,0.0018386653
2669_7,0.997917
9180_7,0.99611557
1320_1,0.0014550629
7742_8,0.99629277
6232_9,0.99711037
3459_9,0.99818975
1008_2,0.0039454065
7987_8,0.998103
5078_7,0.99586606
10660_10,0.9949397
10325_2,0.001622967
4951_3,0.0025509126
10502_7,0.5993679
7548_9,0.28279
2870_10,0.94853723
8136_4,0.9851576
9870_8,0.0022518474
7588_4,0.0027576222
7845_2,0.0012843083
10334_7,0.9983516
4860_1,0.0037654138
4855_9,0.99732697
1337_10,0.99847525
6403_3,0.0019877742
9447_10,0.99847525
4724_3,0.005220126
10895_10,0.9984269
2171_4,0.002019014
5361_9,0.99788433
11056_2,0.0019570168
9772_10,0.99856746
5719_8,0.99845123
3050_7,0.99566853
4406_1,0.0021157034
9833_4,0.9968273
1217_2,0.002889581
2632_1,0.0015487612
3250_1,0.9966756
5130_9,0.998103
3526_7,0.8727817
2793_3,0.0015011822
10708_3,0.0015487612
6415_8,0.9981614
11258_2,0.0030278352
11451_1,0.002889581
7724_2,0.0020829707
4276_4,0.0012255674
6058_1,0.0013885231
4086_1,0.0027576222
3670_8,0.99724233
7125_8,0.997981
9377_8,0.9974885
763_2,0.003707253
7882_8,0.99818975
757_9,0.9976404
389_1,0.001648483
9102_10,0.99863297
9384_7,0.010013569
5684_8,0.997285
12090_4,0.0020507437
12002_4,0.0015731123
5443_7,0.9983516
8782_9,0.92468774
9878_9,0.9976769
9640_1,0.001477943
999_3,0.0030753699
6249_3,0.99760324
1656_7,0.99856746
6649_10,0.99657035
4630_1,0.0015247865
11300_8,0.99736834
5894_10,0.9750122
3198_1,0.0017007225
7924_2,0.030908957
6318_1,0.005641909
8075_2,0.02517884
10005_2,0.8110782
6431_8,0.9986541
635_2,0.024609927
1803_3,0.0013458604
5721_4,0.0015011822
1116_7,0.99832565
1456_4,0.9950177
51_10,0.99845123
7155_9,0.9984988
929_2,0.0014325365
12269_1,0.0014325365
10597_1,0.0013045068
9005_7,0.012527932
10467_9,0.9982993
2251_9,0.99854493
1977_9,0.9985896
8539_8,0.029986506
2416_1,0.0015731123
8508_9,0.9966234
10401_1,0.0013458604
12217_2,0.0029810332
5484_1,0.001477943
3833_10,0.9984269
465_4,0.0021489493
7591_7,0.997917
11485_9,0.99827254
3728_1,0.0014325365
5538_8,0.99845123
10751_4,0.001477943
8883_8,0.9983516
6581_1,0.0074606435
5476_1,0.0013885231
4338_9,0.99854493
10343_1,0.0017546144
2914_10,0.9985896
6103_1,0.93674946
7691_1,0.0017546144
3444_3,0.0019267346
2397_8,0.9986541
8255_8,0.99847525
1660_1,0.0014550629
10154_2,0.9984988
2138_3,0.0014103585
9614_3,0.0013670255
2682_10,0.9985896
1813_3,0.001622967
10581_3,0.001622967
3733_4,0.0014103585
5210_4,0.0014550629
11961_8,0.9986541
7928_4,0.0013670255
12156_4,0.0017274586
11025_4,0.0029349516
11233_10,0.9986541
473_1,0.0013670255
6648_2,0.0013670255
2451_1,0.0014103585
7679_2,0.0013250223
2954_9,0.9985896
9652_10,0.9984988
724_3,0.0024726235
7592_4,0.001477943
7669_9,0.9985221
3816_1,0.0017007225
1401_4,0.11676401
8551_2,0.0027149855
7901_8,0.9985221
10552_4,0.0015731123
330_10,0.99821776
232_4,0.002019014
12351_8,0.9980732
12451_10,0.99861145
5884_9,0.99477994
603_4,0.0017546144
3415_7,0.9898303
8727_1,0.0016743994
10099_4,0.0025509126
7989_10,0.99863297
2329_2,0.0019570168
5774_1,0.0013458604
8201_3,0.9965166
3491_1,0.0015011822
12210_10,0.9851576
7604_8,0.9500415
1676_10,0.99845123
6477_9,0.99824536
2521_10,0.99845123
9140_2,0.001622967
2463_4,0.0045384313
587_8,0.99847525
7120_10,0.27474037
7734_10,0.9984988
7322_10,0.9978173
3803_2,0.0013250223
2417_4,0.0021489493
7757_4,0.0014325365
478_9,0.9978173
12269_9,0.99861145
10472_3,0.0013885231
2858_9,0.9984269
414_9,0.004609572
2552_4,0.0014325365
11615_8,0.99635005
201_2,0.0013458604
5624_3,0.0019267346
5080_8,0.99566853
4507_10,0.0021489493
1527_3,0.0015247865
6282_1,0.0014103585
3911_1,0.0016743994
4616_9,0.9980122
9562_4,0.99611557
9975_8,0.9881309
7584_10,0.9984269
1121_1,0.0013250223
382_10,0.9983516
11309_1,0.0015247865
5424_10,0.99863297
8697_8,0.99253935
12420_2,0.0062899017
5052_10,0.9983516
1037_1,0.001477943
346_7,0.0028449094
2285_8,0.9982993
10867_1,0.0013885231
4335_9,0.997285
9088_7,0.99014014
11037_8,0.99740905
1993_4,0.0021489493
11469_3,0.0013458604
1834_2,0.001133569
10723_4,0.0020829707
5377_3,0.0025114634
1812_1,0.0015978455
2760_8,0.9984269
12062_10,0.005220126
1847_1,0.0014103585
1280_3,0.0051396107
2106_8,0.99711037
5414_1,0.006097562
4930_10,0.9984269
5024_9,0.9986541
5295_9,0.99611557
5427_10,0.99832565
10526_2,0.0014550629
5517_2,0.13568954
3971_8,0.9975274
12260_7,0.99586606
3676_10,0.99856746
4132_7,0.9984988
6721_8,0.9959299
2381_7,0.9984269
818_1,0.002019014
6503_7,0.9761292
12068_7,0.9979493
8847_1,0.001264422
10698_8,0.9975656
2347_3,0.0014325365
9337_10,0.9966756
9070_4,0.07369626
7962_10,0.99861145
12183_4,0.0063883206
12410_3,0.9798227
7988_9,0.909907
8980_8,0.9959299
8568_4,0.0023596606
8374_7,0.9985221
3561_4,0.0031236487
692_4,0.99687636
4259_1,0.0074606435
1627_1,0.0017821962
7064_9,0.9986749
5410_7,0.997917
10003_3,0.0015978455
12068_3,0.0012448432
8048_7,0.742048
2590_1,0.0021827165
3464_2,0.99824536
8423_10,0.9814534
5036_4,0.0037654138
10030_3,0.01214717
5500_9,0.9985221
10129_10,0.9977482
1549_10,0.9965166
6463_10,0.99854493
1026_2,0.001477943
6681_10,0.9966234
11004_1,0.0014550629
6191_10,0.997917
9253_4,0.9969246
3193_10,0.9981614
7563_1,0.0013250223
3104_7,0.9974885
6369_9,0.99837697
606_1,0.0014325365
6069_10,0.99847525
6966_7,0.9983516
8945_4,0.0017007225
4920_1,0.0013250223
7358_10,0.99711037
9665_10,0.99861145
5005_1,0.001810211
12324_2,0.0014325365
1878_1,0.0014550629
5917_2,0.0020507437
11912_7,0.99760324
11692_1,0.0028009268
11505_10,0.9984269
5416_8,0.99854493
12072_1,0.0014103585
4436_10,0.99771273
11762_1,0.0013885231
5805_10,0.99854493
9464_1,0.0013458604
9412_2,0.0015487612
11262_4,0.9843364
853_7,0.997981
7087_4,0.0014325365
1896_10,0.99701905
9749_4,0.0028449094
7431_2,0.0037654138
10253_3,0.0013045068
10675_4,0.99732697
4275_4,0.0019267346
5399_8,0.99856746
9388_10,0.0570714
7019_10,0.9985221
10223_2,0.0014325365
10216_1,0.0031726828
2097_3,0.0014550629
4243_3,0.0015247865
8672_1,0.0015247865
1260_3,0.0015247865
1734_10,0.99821776
2955_9,0.9985896
12033_1,0.0013458604
8243_3,0.0014550629
8741_2,0.6623598
6481_7,0.99824536
7053_1,0.001867566
1624_8,0.99719906
2900_1,0.0013670255
4328_1,0.001622967
11732_7,0.99871576
746_1,0.0017546144
6004_3,0.0015247865
6162_2,0.0014325365
9375_4,0.0022518474
10924_4,0.0015011822
6304_4,0.0015978455
10035_10,0.99847525
8867_2,0.0013250223
9781_10,0.9985896
8902_8,0.99509466
1006_8,0.0031236487
7230_1,0.001648483
8788_9,0.9978173
2079_10,0.99856746
11987_3,0.0013458604
2724_7,0.9959927
8534_2,0.0013250223
7052_1,0.0013670255
4390_8,0.99832565
520_10,0.9896718
3936_3,0.001810211
5160_3,0.001477943
10519_8,0.9964619
8906_1,0.0013885231
8750_4,0.96691406
8606_3,0.0269635
12038_2,0.48681948
2939_8,0.99832565
5721_10,0.99861145
6798_8,0.9984269
11820_10,0.9984988
6435_10,0.0017821962
404_8,0.9986541
6066_9,0.9985221
7921_3,0.0015247865
5468_3,0.002019014
7034_10,0.99845123
4309_3,0.0028009268
8201_7,0.99804294
3656_10,0.9985896
8786_4,0.99580115
10564_3,0.0014325365
7401_4,0.0015247865
1163_1,0.0094125895
9915_10,0.9985896
11080_10,0.9930962
4710_10,0.99861145
131_1,0.02297737
6387_3,0.0013458604
3906_1,0.0013250223
2075_1,0.0014103585
11663_10,0.9983516
6149_3,0.0023596606
6703_8,0.99854493
2440_8,0.9984022
10500_7,0.9950177
7349_1,0.0023596606
10695_1,0.001477943
6905_1,0.0012843083
4902_4,0.99155444
5298_9,0.9985221
6701_4,0.16776335
1344_10,0.99821776
284_10,0.99827254
9114_10,0.99856746
12102_10,0.99845123
11448_2,0.0015011822
1053_10,0.998103
8341_10,0.9951703
433_1,0.0018386653
9534_4,0.001810211
6471_2,0.0017821962
8971_10,0.99863297
433_8,0.9976769
298_10,0.99760324
5965_1,0.0013045068
10408_10,0.9982993
9112_3,0.001810211
6726_9,0.9985896
1048_8,0.99827254
11046_9,0.9976404
4808_7,0.99804294
7027_9,0.99861145
12435_8,0.99856746
5480_1,0.0021489493
8823_8,0.9985896
554_9,0.99845123
7167_2,0.0013045068
10762_3,0.0017274586
9036_8,0.997917
12185_4,0.9923044
7763_10,0.99847525
10271_8,0.9791955
1159_8,0.99847525
11063_1,0.0014325365
12479_4,0.001264422
11179_4,0.0012843083
1736_1,0.0013045068
4840_7,0.9978173
8233_2,0.007232764
1082_9,0.9921841
8378_7,0.97719735
7777_9,0.99861145
1883_9,0.9983516
7350_10,0.99845123
704_8,0.9984269
6554_8,0.9954615
1750_10,0.998103
4969_2,0.0013250223
10339_8,0.9986749
1902_4,0.0051396107
5578_1,0.0015487612
5502_1,0.0014325365
7250_2,0.0013670255
8856_4,0.0017546144
10840_9,0.9985896
9730_10,0.9978173
11146_2,0.0015978455
5988_3,0.0013250223
9734_8,0.9985896
12338_8,0.99453074
9813_1,0.0054692742
8928_2,0.8543993
5431_2,0.0013250223
9467_9,0.99827254
4933_4,0.0017274586
11280_10,0.008577485
10279_9,0.9984269
7024_1,0.0017274586
9115_3,0.0029349516
5701_10,0.9985221
9539_1,0.0017274586
7655_7,0.99832565
4518_10,0.99861145
3039_4,0.9683812
8654_3,0.0020829707
8893_4,0.9952448
3598_9,0.9984988
6443_1,0.0019267346
3843_1,0.0015247865
3848_9,0.9984269
3149_1,0.001810211
2152_1,0.0015731123
11564_1,0.0013670255
4391_8,0.9980122
950_10,0.99821776
10531_10,0.99856746
904_3,0.001477943
5293_9,0.9985221
2173_1,0.0023231625
5992_2,0.0013045068
782_3,0.001810211
1295_8,0.99827254
9659_1,0.0015487612
2214_3,0.002631674
10772_3,0.0015978455
7515_9,0.98951083
7294_2,0.0016743994
7761_1,0.0017007225
9027_9,0.99635005
6595_1,0.0014325365
11003_8,0.9975274
601_10,0.9977482
2991_8,0.99760324
10937_8,0.9954615
7545_1,0.0012255674
9747_1,0.0013885231
7653_7,0.99736834
6886_1,0.0015731123
8054_8,0.9967775
7299_9,0.99832565
2289_3,0.9964619
6569_1,0.0014550629
10909_2,0.0019877742
4022_7,0.9967775
5407_1,0.0012255674
10211_8,0.4601676
9194_1,0.002396731
8113_8,0.99788433
12010_1,0.0018969199
7373_7,0.998103
3535_10,0.99856746
5265_10,0.9985896
7032_1,0.0021827165
3391_10,0.99804294
969_9,0.9984988
450_2,0.0053018946
12296_3,0.0025909794
10855_10,0.9984022
2741_10,0.99854493
12403_1,0.0015731123
6118_4,0.0023231625
9001_1,0.002019014
172_4,0.0017821962
4405_7,0.9700135
8923_8,0.9984988
5396_10,0.9984988
7183_1,0.0017007225
3261_7,0.99832565
7445_10,0.9985221
11412_2,0.0031726828
4765_3,0.0030753699
5248_9,0.99832565
3172_2,0.0025509126
10813_4,0.0035936027
8054_1,0.0013670255
5535_1,0.0013250223
1306_8,0.99845123
135_3,0.9309621
10646_10,0.9984269
9906_1,0.0013885231
8156_10,0.9985896
2806_1,0.0015011822
9501_4,0.0015011822
1882_3,0.0015487612
11895_4,0.0018969199
5420_10,0.99861145
11791_10,0.99847525
3798_2,0.0013250223
3282_8,0.99818975
1278_1,0.0013885231
1011_4,0.001867566
5263_9,0.99771273
11301_1,0.0017274586
1946_7,0.99832565
3246_10,0.9969722
4130_8,0.99863297
4172_10,0.99832565
2619_2,0.0013250223
5197_4,0.0028449094
6060_9,0.99854493
7430_1,0.0015731123
3511_10,0.9980732
6970_1,0.001622967
931_4,0.0017821962
12374_10,0.99861145
10217_7,0.99711037
964_7,0.99832565
4859_1,0.0023596606
5525_1,0.0013250223
11471_1,0.0032730647
5030_4,0.0014325365
12177_2,0.0015247865
8892_2,0.0015731123
1073_4,0.0017546144
7406_1,0.0014103585
6345_9,0.9984022
7395_7,0.0015978455
9952_7,0.9974491
5851_4,0.0019877742
6880_7,0.9967775
642_9,0.9984988
6271_9,0.99827254
10983_1,0.001622967
5602_1,0.0015487612
3834_1,0.0015731123
6961_3,0.9980122
10102_8,0.99788433
6988_1,0.0019267346
5803_9,0.9980122
6009_1,0.0012448432
10294_2,0.0013458604
9811_10,0.99719906
11298_8,0.998103
4625_10,0.99854493
11263_3,0.0013670255
11502_3,0.0051396107
9690_10,0.0043994132
4453_10,0.9985896
9741_10,0.99837697
12191_9,0.9959299
8019_8,0.99832565
2298_4,0.001264422
1489_4,0.0017007225
4228_7,0.9951703
10905_1,0.0014103585
5103_10,0.99861145
5641_1,0.0015731123
11567_1,0.001477943
4040_10,0.9985221
4777_10,0.99845123
9612_10,0.9985896
3830_1,0.0018386653
8781_2,0.0013250223
9415_3,0.99847525
9171_3,0.0014550629
478_3,0.0019267346
10979_8,0.99847525
7073_4,0.0032730647
5419_10,0.9984022
8505_3,0.002019014
7559_1,0.9969246
3827_9,0.93991333
9242_1,0.0040072887
3133_10,0.99845123
9051_4,0.01883313
8604_10,0.99861145
4811_8,0.99837697
10697_10,0.9982993
6142_10,0.998103
6740_1,0.0022518474
7806_8,0.9984269
8326_4,0.9967269
12425_3,0.0014103585
11113_1,0.001622967
8096_1,0.0014103585
512_8,0.99832565
11144_7,0.99804294
2073_4,0.0013885231
6966_4,0.005220126
12122_3,0.39373463
429_10,0.99253935
10294_9,0.99821776
9955_3,0.0022518474
10878_10,0.997851
9365_1,0.0013045068
7317_8,0.99771273
2863_8,0.9905874
11935_3,0.001648483
2180_2,0.016152835
267_10,0.9986541
72_8,0.9257686
936_9,0.99832565
2363_4,0.001648483
11722_9,0.9981324
1353_7,0.0017546144
3883_7,0.9905874
9475_8,0.99845123
2328_2,0.0014103585
11982_9,0.99845123
10413_8,0.99486035
1277_2,0.0030278352
6299_4,0.0013045068
7536_9,0.9985221
8368_2,0.0022518474
634_1,0.001810211
10095_3,0.9965166
8821_4,0.001622967
5669_10,0.99818975
4600_8,0.022457054
10859_1,0.0014103585
140_9,0.01784874
153_8,0.9969246
8013_9,0.22695492
12389_1,0.99736834
8443_7,0.9986541
12290_10,0.99719906
12152_10,0.99788433
6442_3,0.027376488
7557_4,0.27435136
3699_4,0.92359227
6461_2,0.99724233
8641_10,0.99861145
10771_1,0.0015731123
10539_2,0.002019014
10406_1,0.0028449094
9617_4,0.0019267346
9403_10,0.99854493
3015_1,0.018404892
181_10,0.99832565
2879_4,0.001648483
1758_8,0.997783
9992_10,0.9984269
10769_7,0.002396731
5616_3,0.0020507437
721_4,0.0017274586
3035_1,0.0015011822
7877_4,0.0012843083
5554_4,0.0014103585
1475_7,0.9978173
1538_7,0.99804294
3499_10,0.047780063
8815_4,0.08694165
5817_8,0.001810211
4179_1,0.0022518474
3719_10,0.9984022
2538_2,0.0015731123
4873_3,0.0028449094
7283_9,0.9981324
1997_4,0.22185604
11036_4,0.002019014
4123_4,0.9976769
3520_3,0.001477943
10320_1,0.001622967
10185_10,0.9985896
10193_1,0.0019570168
2506_7,0.9984988
9868_10,0.99845123
5603_2,0.001648483
8392_3,0.0015247865
5322_4,0.0014103585
12117_10,0.9985221
2411_8,0.039937317
9393_4,0.0024726235
5968_8,0.99771273
6860_1,0.0014325365
12144_4,0.6951311
2706_10,0.9984269
5655_1,0.008847355
2555_8,0.8795612
6091_9,0.9979493
712_9,0.99837697
9445_10,0.9984988
1777_10,0.8418256
490_8,0.054198727
318_10,0.9961755
10143_9,0.997981
3608_8,0.9983516
686_4,0.9974491
12147_1,0.0013670255
6782_10,0.99736834
5560_10,0.99861145
11621_8,0.99821776
11909_10,0.997285
11938_9,0.99854493
1877_1,0.0014325365
1298_1,0.0012255674
11154_3,0.0014550629
10898_7,0.9959299
9980_8,0.99832565
9719_10,0.997783
516_1,0.0015247865
2541_1,0.0013458604
23_10,0.99832565
3517_1,0.001477943
10839_9,0.9985896
11461_9,0.99771273
10150_2,0.001264422
10664_9,0.99854493
6750_10,0.9975656
11165_4,0.9964064
3463_4,0.0014550629
287_1,0.0015247865
5582_1,0.0013670255
1136_1,0.0013885231
10316_1,0.0030278352
1684_8,0.9976769
3556_9,0.036220055
11680_9,0.99856746
10775_10,0.99832565
5558_2,0.0013458604
6203_10,0.99818975
4057_4,0.0063883206
9010_8,0.9985221
1033_9,0.99847525
12116_9,0.99837697
8401_10,0.9985221
9863_4,0.001648483
2777_1,0.0015487612
5797_3,0.0014550629
9929_3,0.0014550629
4177_1,0.002019014
2205_8,0.99856746
2839_8,0.99847525
7161_10,0.99856746
11724_4,0.039342504
10369_9,0.9984988
8702_2,0.0018386653
1028_10,0.99847525
7226_4,0.0032224844
8799_3,0.0017546144
1573_8,0.9976404
12041_7,0.9976769
6207_7,0.28957257
399_8,0.99732697
1034_2,0.001867566
1610_4,0.03384404
596_10,0.99824536
6474_7,0.9971551
4464_3,0.0015247865
10637_2,0.0017274586
3272_10,0.99861145
10194_7,0.6330488
11906_3,0.0013250223
3666_3,0.0025909794
6148_4,0.006097562
4595_8,0.9975656
6146_1,0.0015731123
7512_10,0.99863297
12333_1,0.0012843083
3490_4,0.80654806
8495_1,0.0013250223
955_4,0.0015731123
10582_10,0.9932025
9477_8,0.997917
7132_3,0.001810211
5214_1,0.0025509126
8258_10,0.9983516
10387_1,0.0023596606
268_10,0.99453074
8153_2,0.001264422
7353_3,0.0018386653
7847_10,0.99854493
12028_10,0.99863297
2998_8,0.012053779
2641_8,0.9985896
11923_8,0.9976404
12322_1,0.0015731123
11816_3,0.0016743994
7111_3,0.0015011822
8107_10,0.9949397
8835_8,0.0047552
10142_10,0.9984269
4445_3,0.0012843083
976_8,0.9982993
1996_4,0.9845754
11496_3,0.0018386653
1644_4,0.0015978455
8573_3,0.001648483
10835_9,0.9879462
11531_8,0.99861145
5802_8,0.99719906
2501_3,0.0030753699
530_2,0.0014103585
1051_10,0.99861145
6629_1,0.001867566
10350_1,0.9959299
2943_10,0.99847525
7661_1,0.001477943
8359_3,0.0029349516
10218_7,0.9976404
10548_1,0.001477943
906_7,0.99821776
2708_9,0.99687636
12478_4,0.0059110695
10222_1,0.0015978455
3560_2,0.0014550629
3371_9,0.9969246
10009_3,0.0017821962
3142_3,0.0016743994
3876_9,0.9984022
6662_2,0.0014325365
4691_1,0.001648483
2491_4,0.9943581
12485_4,0.004905406
1716_3,0.9896718
10767_10,0.9969722
4083_2,0.001477943
7656_3,0.001477943
2532_8,0.99760324
11243_8,0.9980122
11878_9,0.99861145
3627_8,0.9962346
9049_10,0.0123361
2950_4,0.93721074
4553_8,0.99845123
10414_1,0.008315778
4281_7,0.99847525
7905_4,0.99788433
10800_8,0.9975656
1562_4,0.0021489493
7604_4,0.001622967
5752_2,0.0017007225
9465_1,0.0015011822
2701_4,0.94165415
12432_7,0.624866
7583_9,0.99861145
4003_10,0.99821776
11082_2,0.0019570168
7650_3,0.0012843083
2215_7,0.99845123
6597_9,0.9980732
12268_1,0.0022518474
8650_7,0.99701905
8311_2,0.0044683837
10764_10,0.99861145
5462_2,0.001622967
10303_9,0.9986541
12132_4,0.0031236487
11786_2,0.0022872274
6248_2,0.009708476
5570_2,0.0019267346
8367_4,0.0027149855
2416_7,0.99821776
4073_1,0.0022518474
4642_2,0.001477943
580_10,0.9984022
3328_4,0.0015731123
9524_9,0.99847525
11980_2,0.91117966
7812_9,0.99856746
3567_7,0.99845123
9592_2,0.0014103585
8421_1,0.001867566
2618_1,0.0029349516
2367_3,0.0029810332
10613_1,0.0013250223
7657_2,0.0023596606
10992_4,0.0016743994
10663_4,0.98998636
9589_4,0.0034834242
5184_8,0.9964064
7352_7,0.99847525
6483_4,0.0019267346
914_10,0.9985221
1239_4,0.8727817
4465_4,0.84695786
82_10,0.99740905
3696_4,0.0029810332
1507_8,0.9976404
12211_3,0.0021489493
4003_3,0.0015731123
3738_3,0.0017274586
12089_10,0.9985221
593_1,0.0017007225
7555_3,0.001810211
9897_9,0.9984269
299_1,0.002019014
2774_3,0.0013458604
4723_8,0.9980732
1636_2,0.0017546144
3383_8,0.9985896
5360_10,0.9985221
11542_10,0.99856746
1964_1,0.0013250223
10323_10,0.997851
5166_1,0.0013670255
12371_1,0.0013250223
7426_1,0.0018386653
11832_4,0.0018386653
684_9,0.9974491
519_7,0.01798621
1712_8,0.9985221
5973_9,0.99869555
2820_3,0.0015978455
5023_7,0.99804294
2625_1,0.0014103585
2699_9,0.9984988
7123_1,0.0013045068
7327_10,0.99854493
944_8,0.99804294
9757_10,0.9986541
12491_9,0.99854493
12301_10,0.99856746
421_9,0.99854493
6655_2,0.0029349516
610_9,0.997981
3020_1,0.0019267346
1797_10,0.9984022
1248_3,0.007011795
2524_10,0.99856746
10596_3,0.010169657
9326_3,0.0013670255
9346_2,0.0017821962
3890_8,0.99854493
7836_9,0.99847525
12388_7,0.99701905
3205_2,0.0013458604
1547_9,0.9985896
2706_1,0.001867566
391_10,0.9981614
1544_10,0.99856746
7861_8,0.9952448
1448_2,0.001477943
6451_3,0.0020829707
12187_3,0.001477943
11702_4,0.9966234
5947_1,0.0017274586
1282_3,0.0014325365
7492_2,0.0013670255
7724_7,0.9971551
1564_1,0.998103
4425_9,0.9981614
9416_9,0.9971551
10826_10,0.99845123
4402_10,0.99845123
9332_3,0.0015247865
5856_1,0.001477943
2784_2,0.0014103585
3216_1,0.038178276
8057_9,0.9986541
526_10,0.9984269
4376_1,0.0014550629
9513_9,0.997065
9972_9,0.99719906
339_1,0.0015247865
11898_1,0.0025509126
9282_4,0.0025114634
2303_4,0.0013670255
10199_1,0.0013885231
11660_10,0.99845123
714_4,0.0015247865
9283_9,0.20657375
2972_2,0.2934045
9060_7,0.99861145
3562_8,0.99611557
11064_8,0.9984988
4190_10,0.9969722
12472_10,0.9984988
2942_1,0.0014550629
9560_9,0.99845123
2692_4,0.0028449094
12057_1,0.0013045068
11197_2,0.02479816
5827_4,0.99845123
4752_1,0.001477943
8114_3,0.0019877742
5643_7,0.99821776
9127_2,0.0027149855
10540_10,0.9877587
7342_2,0.001264422
4651_4,0.28199843
8798_1,0.0015487612
5973_3,0.0014103585
8314_2,0.0013885231
7856_1,0.0014550629
1255_4,0.0013458604
9615_8,0.99635005
7261_4,0.002019014
9700_9,0.0022872274
5938_10,0.9985221
970_7,0.0111580305
7715_8,0.9984988
4643_2,0.002396731
7069_1,0.0014550629
8600_10,0.9984988
10275_3,0.0022872274
9519_1,0.0014325365
8861_10,0.997917
8558_4,0.0012448432
7495_4,0.054600604
4727_10,0.0038244836
9647_8,0.9911527
7192_3,0.9966234
8772_8,0.9985896
1198_4,0.0017274586
4249_7,0.92788786
6816_2,0.0017546144
10243_9,0.9984269
8365_1,0.0015247865
2529_10,0.6475754
2538_10,0.99847525
5946_1,0.001477943
6716_8,0.18653922
2633_7,0.9981324
10513_1,0.0018969199
4847_1,0.0022170132
2552_10,0.99827254
7166_9,0.9984022
398_8,0.9981324
6925_4,0.0017821962
9873_9,0.9981324
3598_4,0.0017821962
5996_3,0.0017274586
4024_10,0.99856746
3184_10,0.9985221
3801_2,0.0015487612
1722_10,0.9984022
9344_1,0.0015247865
2874_2,0.0014325365
2914_4,0.0014550629
9643_3,0.008711384
1756_10,0.998103
2781_1,0.001648483
3559_1,0.0014325365
6250_1,0.004264634
10960_9,0.99821776
565_8,0.9967775
8749_9,0.99724233
11273_4,0.0015247865
6933_4,0.0019570168
7295_1,0.0014103585
12267_1,0.0014325365
9844_4,0.0015731123
1949_3,0.0024726235
10048_1,0.0017274586
7242_2,0.0017546144
1722_2,0.0015247865
9869_1,0.004198795
609_1,0.0019877742
9383_7,0.0027576222
6593_4,0.9724148
3284_10,0.99845123
6190_1,0.992062
8305_10,0.99824536
20_1,0.0019570168
10037_1,0.0017546144
1751_10,0.99845123
6821_7,0.9982993
4780_10,0.998103
1290_10,0.9982993
10777_2,0.0013670255
3450_1,0.0013670255
747_3,0.0014550629
9262_10,0.99854493
7206_10,0.99861145
3700_4,0.0067975316
2953_4,0.0028009268
6828_8,0.99740905
10831_7,0.99824536
5014_1,0.0013250223
11679_10,0.99847525
3476_9,0.98657167
12052_8,0.99788433
8635_3,0.0036499873
6475_10,0.99824536
8531_2,0.0021489493
9018_7,0.9976404
1492_9,0.9964619
10993_10,0.99861145
1896_2,0.0017007225
8241_1,0.002019014
3568_8,0.9334308
9424_9,0.9982993
3791_1,0.0013458604
2117_10,0.9984269
4679_8,0.99832565
1217_7,0.99818975
7969_3,0.0015978455
2271_10,0.99845123
5772_9,0.997065
1347_8,0.9985896
11800_1,0.001477943
8820_10,0.997285
10014_7,0.0019570168
9864_8,0.99788433
6926_4,0.044680875
1842_10,0.99847525
756_7,0.2285006
7657_10,0.99863297
12416_7,0.9975656
833_7,0.99253935
8746_10,0.9985896
6374_10,0.99788433
24_10,0.99804294
5133_10,0.9984269
2937_1,0.0037654138
9845_8,0.99847525
6236_7,0.0020829707
8525_7,0.8701566
10398_10,0.99804294
6555_7,0.9964064
5873_3,0.9916842
12235_8,0.9978173
8972_2,0.0021157034
6313_1,0.001477943
3277_1,0.84286314
9661_10,0.9957353
11759_4,0.0014103585
7960_2,0.06608538
2710_7,0.9969722
3152_1,0.0013458604
3186_8,0.9985221
6180_2,0.001622967
3303_1,0.0014325365
250_1,0.0016743994
8902_1,0.001477943
7964_9,0.99861145
78_1,0.0014550629
9162_9,0.99824536
11868_8,0.99711037
8522_8,0.9863631
8517_8,0.9965166
12341_4,0.0015731123
3300_1,0.0015247865
2961_10,0.9983516
11309_10,0.99845123
381_10,0.9985896
6537_10,0.9985896
4623_10,0.99832565
12425_10,0.9984988
817_7,0.99760324
1853_3,0.21011725
3586_10,0.9986541
6148_9,0.99863297
5020_10,0.9982993
6486_10,0.99553156
560_8,0.99861145
11210_3,0.9959299
4714_1,0.0013458604
7175_7,0.9956006
10289_9,0.9983516
2497_2,0.9813107
6359_3,0.0034296038
4905_3,0.0014103585
4701_10,0.9983516
292_10,0.9986541
4010_9,0.997285
1591_2,0.99736834
619_10,0.9975274
8563_1,0.0014103585
488_4,0.0044683837
3148_10,0.99861145
2046_4,0.0021489493
11560_8,0.9965166
8694_7,0.9985896
11041_10,0.99687636
6159_8,0.99832565
10205_1,0.0020507437
7840_9,0.99760324
3298_10,0.9985896
2854_7,0.99821776
3521_8,0.998103
8317_2,0.0018386653
10564_7,0.997981
7951_3,0.9957353
9834_8,0.99711037
4809_9,0.9985221
4675_1,0.0021489493
9493_10,0.99818975
7841_4,0.9930962
8076_10,0.009125638
3242_8,0.99804294
11666_3,0.0016743994
9341_2,0.99635005
10384_1,0.0018386653
1558_9,0.9984988
9790_10,0.9785493
12149_2,0.0013670255
11533_4,0.0017274586
4438_3,0.009708476
11177_4,0.0013250223
8657_7,0.99845123
4485_4,0.4135956
1313_3,0.0013670255
7383_10,0.99861145
11875_8,0.9980732
9838_7,0.99605453
33_3,0.0015011822
5747_1,0.0017821962
1420_8,0.9985896
7292_9,0.99847525
5218_7,0.8727817
3359_9,0.99486035
10947_8,0.99611557
219_1,0.0015487612
6374_3,0.001622967
9686_10,0.9976404
6757_10,0.99832565
1003_8,0.9981324
9313_9,0.99845123
6175_10,0.99847525
5391_7,0.99804294
1085_1,0.0012843083
9054_1,0.0028449094
8543_10,0.99856746
686_8,0.99760324
6959_3,0.0021489493
11014_4,0.9785493
9204_8,0.9984269
9029_7,0.99856746
10441_9,0.9984988
5245_10,0.9985896
1480_7,0.0021157034
6426_3,0.9962346
1700_1,0.0017546144
2783_10,0.9980732
6152_8,0.99824536
12282_10,0.9985896
2948_4,0.001648483
11974_2,0.0034834242
5944_7,0.84389514
9370_8,0.99736834
711_10,0.99847525
6169_8,0.99856746
12329_1,0.0015011822
4904_1,0.0012843083
2070_3,0.001622967
25_3,0.0015978455
1819_4,0.0019570168
8642_10,0.98242307
11504_10,0.9980122
10193_7,0.99818975
8917_4,0.001477943
9380_2,0.0015487612
10048_8,0.99861145
7288_9,0.99837697
8128_4,0.0013670255
7800_3,0.0015487612
5852_1,0.0015247865
8027_1,0.0017546144
10317_1,0.001264422
10280_8,0.01048909
3959_10,0.99863297
6115_10,0.9985896
6078_8,0.9801293
12273_9,0.998103
1497_10,0.6692046
2969_9,0.997917
2577_1,0.001477943
4519_1,0.0030278352
8596_4,0.001622967
254_3,0.98571813
7005_8,0.9981324
5426_10,0.99847525
965_9,0.9914225
2044_4,0.0014550629
9006_3,0.0017546144
11462_10,0.99821776
4990_7,0.001477943
163_7,0.994615
3134_3,0.0017007225
2922_4,0.0027149855
5777_1,0.0012843083
6340_7,0.99390244
7896_1,0.0013458604
2321_8,0.9982993
2187_1,0.99832565
1831_9,0.99854493
9321_10,0.99854493
9970_10,0.99861145
2978_4,0.001477943
7491_3,0.0015731123
2491_10,0.99566853
749_1,0.0014103585
4751_2,0.0015247865
3276_1,0.0014325365
10889_9,0.9982993
5887_1,0.0015011822
8806_9,0.9985896
8569_2,0.0015011822
3209_10,0.99863297
7139_10,0.99854493
5052_3,0.0015011822
5773_3,0.0014325365
1663_9,0.99736834
3575_7,0.0051396107
12017_1,0.0013885231
12460_8,0.9983516
7925_2,0.0015978455
1643_10,0.9984988
4537_1,0.001622967
10651_3,0.0013670255
12075_10,0.9985896
4823_1,0.0015011822
5392_7,0.9962346
5436_9,0.99854493
3088_8,0.9983516
6607_9,0.9978173
7648_1,0.0014550629
1073_8,0.9984022
4587_8,0.99760324
9463_10,0.99732697
11962_1,0.0019267346
8718_4,0.00581996
7781_10,0.99845123
11495_2,0.0014103585
2772_4,0.0047552
4029_1,0.0015247865
2080_10,0.9982993
6250_9,0.99847525
2985_9,0.73411953
2935_7,0.9559813
7900_1,0.0015247865
2433_8,0.99856746
12366_1,0.001477943
10910_2,0.002019014
5265_3,0.0015011822
9603_10,0.9981324
11989_3,0.0020829707
2929_4,0.96432143
1796_1,0.0013045068
10659_2,0.00498227
4978_9,0.9984269
11823_8,0.997917
1732_8,0.9982993
1103_4,0.0015978455
8958_1,0.0017274586
8607_4,0.011331754
5820_9,0.99863297
8885_3,0.0032730647
3718_10,0.998103
3822_1,0.0039454065
9886_10,0.99863297
9806_10,0.9984022
10009_10,0.9984988
5979_2,0.0015978455
11937_3,0.0017007225
4776_8,0.9984269
9009_7,0.9861514
8094_7,0.997783
828_3,0.0025114634
3318_1,0.0013458604
3558_4,0.002019014
7967_8,0.99845123
5275_7,0.9966756
5130_1,0.0013670255
1327_9,0.99827254
11526_8,0.99827254
32_10,0.99854493
10697_1,0.001264422
9966_1,0.0014103585
3132_1,0.9843364
967_2,0.0015487612
6483_10,0.99854493
698_10,0.99845123
7848_2,0.0015487612
9349_1,0.0028009268
10532_9,0.99856746
11819_2,0.0028009268
6812_1,0.0013885231
5401_1,0.0014550629
3528_1,0.0013885231
12239_1,0.0014325365
1479_4,0.0014325365
2732_4,0.15713686
6806_10,0.99863297
2119_9,0.9984269
8565_9,0.99361163
1914_8,0.997981
4835_1,0.0014325365
1029_2,0.0014103585
9228_4,0.0014550629
2391_2,0.0017821962
9674_9,0.9984988
9404_9,0.97719735
5987_1,0.0044683837
9237_8,0.99832565
9879_2,0.0014103585
1370_10,0.99732697
10662_1,0.002673006
6937_7,0.049589027
6355_9,0.99771273
3784_4,0.0024726235
9136_10,0.9984988
9557_4,0.0035936027
12013_7,0.99856746
1114_4,0.00498227
6890_10,0.997917
3238_8,0.99854493
1790_10,0.99845123
4277_8,0.9982993
2257_4,0.0025114634
7677_10,0.9984022
1618_4,0.05834584
7314_1,0.0018386653
10332_1,0.0013885231
7746_2,0.9959927
9303_3,0.0013670255
12321_9,0.99832565
10341_2,0.0013885231
7745_9,0.99856746
11104_7,0.99837697
10855_1,0.0015011822
10300_1,0.0015978455
2037_2,0.0016743994
7754_9,0.9976769
9503_10,0.9983516
396_7,0.99821776
583_2,0.001622967
4469_3,0.004905406
11038_1,0.0015247865
2285_4,0.001867566
5069_8,0.55157375
8736_8,0.9984269
9486_3,0.0037654138
11669_10,0.99486035
8598_1,0.0016743994
1344_3,0.0013885231
11789_3,0.0034296038
9605_2,0.0013458604
10122_2,0.0013458604
3752_10,0.99818975
3864_4,0.001648483
10505_7,0.9896718
3822_8,0.9984988
8146_4,0.0019267346
11114_8,0.9952448
7847_2,0.0019877742
10300_10,0.99847525
7021_10,0.9983516
8_9,0.027376488
7199_2,0.0018969199
9392_9,0.9977482
8234_7,0.9961755
12328_7,0.9966756
9918_9,0.99580115
10066_7,0.9954615
5482_2,0.0014325365
6914_4,0.001810211
4665_7,0.7776378
613_4,0.0047552
577_8,0.9985896
12490_4,0.9966234
8637_3,0.0015978455
11815_4,0.0015731123
9490_10,0.9981614
4388_3,0.001477943
11778_10,0.9983516
4988_10,0.99837697
6590_3,0.9977482
4761_7,0.9465967
8828_4,0.0015011822
10382_3,0.0015011822
3321_1,0.997917
2550_10,0.9986541
12104_1,0.004133968
6431_1,0.0013458604
8829_8,0.99444515
858_7,0.99453074
197_1,0.0015487612
3599_7,0.993807
10808_2,0.9582261
12050_4,0.004133968
6348_1,0.0025509126
11051_8,0.7287483
11216_4,0.99193794
8360_3,0.023689471
9570_2,0.0020507437
8040_4,0.0020507437
3664_8,0.9985221
10003_8,0.9986749
3763_7,0.9981324
9692_9,0.9954615
4503_1,0.0013250223
10985_2,0.0021827165
121_4,0.011508149
5651_10,0.99861145
9416_3,0.001264422
9128_8,0.9891816
8955_8,0.997783
8787_4,0.0014325365
1622_9,0.99711037
762_3,0.001477943
6915_2,0.001648483
8998_4,0.0014103585
8200_10,0.997851
1878_8,0.9984022
5969_10,0.99847525
8000_3,0.0019267346
8161_10,0.99861145
9805_4,0.005641909
3815_10,0.99845123
3783_3,0.91550726
4924_10,0.998103
7952_1,0.0014325365
4060_8,0.120438814
775_1,0.001477943
696_10,0.99861145
8751_10,0.9966234
6073_10,0.99847525
9982_1,0.0057302467
3706_10,0.99788433
5996_8,0.9890131
3107_10,0.99863297
8913_8,0.99736834
8982_9,0.99863297
8938_3,0.99486035
3008_3,0.0021827165
3787_2,0.0014550629
6146_9,0.23300752
5664_1,0.0017007225
2408_3,0.0057302467
6153_2,0.0021157034
7023_7,0.99298817
2571_3,0.001477943
6808_4,0.001648483
6425_9,0.99854493
11139_4,0.0017821962
320_7,0.0025509126
3098_1,0.0012448432
5369_10,0.990732
480_3,0.001810211
7884_9,0.9980732
5247_1,0.0015978455
3192_2,0.0015011822
12127_1,0.001648483
1237_7,0.99861145
612_3,0.0019267346
6016_7,0.9941801
10490_1,0.002019014
5180_8,0.9984022
3122_4,0.0025909794
2845_8,0.9966234
9000_8,0.9984988
448_2,0.0021157034
1207_10,0.9985221
11989_8,0.998103
11102_9,0.9986541
1761_1,0.0030278352
9815_3,0.0029810332
12023_1,0.0019570168
9901_10,0.99861145
11740_2,0.3248241
4702_10,0.99760324
4885_3,0.019271135
0_2,0.001477943
2273_2,0.0014103585
11340_8,0.9967775
12012_4,0.9853843
10534_10,0.9980122
8424_2,0.0014325365
8716_3,0.026759284
7154_10,0.99856746
5001_1,0.0015247865
6511_3,0.001810211
3308_7,0.9979493
2720_2,0.0021827165
1183_10,0.9983516
12387_2,0.0013458604
6580_2,0.001648483
4431_9,0.9985221
11828_7,0.9956006
6737_10,0.9985221
7505_4,0.0019877742
4798_2,0.0038844768
4773_1,0.001867566
6719_3,0.0016743994
6475_3,0.0045384313
11733_3,0.0031726828
9360_7,0.09501305
5571_1,0.0015011822
10316_10,0.9975656
5068_3,0.0065897712
11188_8,0.008985428
7291_3,0.0015011822
6233_3,0.0014103585
11710_1,0.004198795
3780_7,0.99687636
3210_10,0.99854493
2885_3,0.0013670255
2912_4,0.0021489493
3320_4,0.0014550629
11275_4,0.0028449094
8406_1,0.0014550629
8275_10,0.96432143
4862_9,0.9984022
11817_2,0.0022518474
302_10,0.9980122
11341_1,0.0018969199
4626_1,0.0015247865
1030_2,0.001867566
4799_8,0.9983516
4845_1,0.0013670255
3458_1,0.0012843083
9535_9,0.99854493
6553_10,0.997917
486_4,0.009268014
11162_7,0.997851
7689_7,0.9971551
12058_1,0.0013045068
3740_1,0.0014325365
11656_8,0.98677725
9795_1,0.001477943
1947_1,0.0013670255
1468_1,0.0017274586
4158_10,0.99832565
5876_1,0.0015487612
12084_4,0.97788346
5434_7,0.9967775
7984_9,0.99821776
2217_8,0.998103
2300_4,0.001622967
8707_7,0.99193794
3345_10,0.9984269
7375_8,0.006903838
1150_2,0.0014103585
8557_10,0.9986749
5590_8,0.99788433
5270_1,0.001622967
10339_4,0.0017821962
6789_3,0.15203224
4289_1,0.0015011822
693_4,0.0019570168
326_1,0.997851
9786_8,0.9923044
6610_10,0.99854493
11350_9,0.9840936
10907_1,0.0013885231
3285_8,0.99821776
10964_4,0.0017821962
5411_1,0.0017546144
6188_10,0.9928786
7110_3,0.0013045068
7355_8,0.7791538
12116_1,0.6769937
1187_1,0.0014103585
12167_7,0.99837697
5530_9,0.8238959
2829_10,0.0028009268
9549_4,0.0013250223
8805_10,0.99687636
10265_3,0.94165415
5227_3,0.0013885231
8693_10,0.99861145
6331_10,0.99847525
9079_4,0.001648483
7200_1,0.0018386653
9322_10,0.9983516
2899_4,0.0015487612
6478_10,0.9984022
4659_1,0.0021827165
6755_1,0.0014550629
10385_10,0.99845123
11861_1,0.0012843083
5483_10,0.99856746
4012_10,0.99845123
7146_9,0.99861145
3782_9,0.997917
12181_4,0.001622967
10663_10,0.0794957
4712_1,0.0013045068
11071_10,0.9983516
11171_3,0.0012843083
9043_10,0.99861145
9912_10,0.99818975
7306_9,0.9977482
12382_9,0.99760324
11654_9,0.9986749
8848_1,0.0014103585
4076_3,0.001477943
8248_3,0.0032730647
10011_1,0.0014103585
11769_1,0.0013670255
4164_9,0.99854493
1831_1,0.0015731123
4164_1,0.0013670255
318_3,0.0016743994
7221_10,0.9985896
10912_8,0.9986541
1321_4,0.99760324
7712_7,0.9956006
2680_4,0.0014550629
8374_1,0.0013458604
995_7,0.9984269
2009_1,0.0021157034
3905_9,0.9968273
3348_3,0.0021157034
6466_1,0.0015247865
11900_10,0.9985896
1634_7,0.9926542
8245_4,0.005554925
8561_1,0.001622967
2072_2,0.0013885231
12060_10,0.9967775
8178_3,0.0015978455
8778_1,0.0024726235
10489_8,0.9984269
10118_8,0.99732697
3470_8,0.99861145
8014_4,0.9829547
582_10,0.9978173
8984_8,0.99856746
9085_8,0.99760324
8894_2,0.0013458604
3762_2,0.14033625
3815_2,0.0013250223
5903_9,0.9978173
8907_10,0.9980122
6140_7,0.997981
9279_4,0.7898827
2948_9,0.99854493
10588_10,0.99856746
8239_1,0.0013250223
6986_2,0.0015011822
5308_3,0.0015487612
11984_8,0.008847355
9984_4,0.9976404
11803_8,0.99854493
2925_10,0.9984269
11396_10,0.34637544
8998_7,0.99128854
4511_7,0.9985896
5780_2,0.0023231625
9838_4,0.0017821962
422_10,0.0094125895
11389_10,0.997851
8511_3,0.9956006
2089_10,0.99861145
5818_3,0.0032224844
566_9,0.990732
452_10,0.99856746
4451_9,0.99845123
6105_1,0.0025114634
2158_10,0.0018969199
10395_2,0.99719906
11291_3,0.0014325365
2408_8,0.99847525
3698_9,0.9983516
6060_2,0.0015011822
9509_10,0.9980122
7136_10,0.9980122
5557_10,0.99856746
7155_2,0.001477943
11421_10,0.99863297
3620_4,0.0019570168
2176_4,0.0027576222
8970_1,0.014728613
11186_10,0.99854493
9604_3,0.042403832
6047_10,0.99847525
4487_9,0.997981
11880_3,0.001810211
2650_2,0.0017274586
5279_1,0.0013250223
9289_1,0.0015011822
11673_10,0.99837697
6890_2,0.0013250223
2668_10,0.9977482
942_1,0.001264422
264_1,0.0015487612
10157_1,0.0021157034
791_10,0.9980732
11434_9,0.99687636
5630_2,0.0014103585
9392_1,0.0111580305
12471_3,0.005060332
8593_9,0.12678517
10333_10,0.997783
9146_8,0.9974885
5404_7,0.95565146
7662_9,0.9984988
11068_1,0.0013045068
4460_2,0.001622967
5002_10,0.99854493
9269_9,0.99856746
1639_10,0.9982993
9045_1,0.001477943
9944_8,0.0051396107
4091_4,0.0013885231
6889_4,0.0014550629
71_9,0.99845123
10173_8,0.99854493
2513_8,0.9976769
7507_1,0.001477943
1235_2,0.0017546144
3325_1,0.0014550629
4146_7,0.001648483
7286_8,0.9976404
4096_1,0.0013885231
3897_7,0.9982993
11240_10,0.99856746
4109_1,0.001264422
9566_4,0.0015978455
2038_8,0.99854493
6985_7,0.9954615
6967_9,0.9984022
11020_10,0.9984988
3291_1,0.0013458604
9763_3,0.002889581
1943_7,0.9969246
7599_7,0.9950177
8158_8,0.9986541
4140_3,0.0015011822
11840_2,0.0014550629
9675_1,0.0014103585
10878_1,0.0014103585
10760_1,0.0014103585
260_1,0.0019570168
8188_10,0.9985221
3260_1,0.0014325365
6172_9,0.9985221
10021_3,0.0022872274
7784_10,0.99832565
4066_1,0.007815888
12325_10,0.9981614
9894_8,0.99837697
1242_1,0.0019267346
2059_1,0.0013670255
10686_7,0.9981614
8110_2,0.001648483
8398_7,0.99605453
6096_9,0.99824536
9422_3,0.03567855
2919_4,0.99818975
10248_1,0.0027576222
7480_1,0.0017821962
3248_8,0.9984988
10264_2,0.0013670255
7401_10,0.9334308
10528_1,0.0017546144
7623_8,0.037608635
3968_2,0.0015731123
10918_4,0.0014550629
5146_7,0.9983516
12466_4,0.0021157034
10395_10,0.49121186
3862_8,0.9984022
2247_1,0.002434382
2979_9,0.9984022
3271_9,0.99854493
5225_1,0.0014325365
5662_1,0.002434382
12087_3,0.04885778
10765_10,0.99861145
1256_4,0.0015731123
2057_1,0.0013458604
2610_7,0.9953904
2065_2,0.001810211
4410_3,0.00498227
6847_10,0.99856746
1927_1,0.001810211
4201_9,0.9977482
2578_8,0.9985896
74_10,0.9985221
8324_10,0.99856746
4762_8,0.99657035
10612_3,0.0014550629
11353_10,0.9941801
10709_8,0.9979493
3978_7,0.9984022
954_4,0.001477943
2493_10,0.98571813
8293_7,0.9981324
9454_1,0.0013045068
8982_1,0.0014103585
5201_3,0.008847355
9758_1,0.0015731123
5999_8,0.99629277
11000_1,0.001264422
647_1,0.0021827165
7345_9,0.99856746
5105_3,0.022802636
9488_4,0.0013458604
11810_10,0.99854493
5343_8,0.99736834
1671_7,0.9980122
6414_2,0.002396731
3749_8,0.9974491
2310_2,0.0014103585
8460_2,0.0013458604
12305_1,0.0013458604
11672_1,0.0015247865
11726_10,0.99854493
11659_2,0.0019877742
8684_2,0.0015247865
6546_10,0.998103
1980_8,0.99760324
3113_10,0.9980732
8440_1,0.0014103585
7473_7,0.99845123
726_7,0.99711037
11165_10,0.99854493
9830_2,0.99101454
6409_10,0.9983516
11455_3,0.001622967
993_3,0.001867566
3186_1,0.0019570168
11631_4,0.001648483
3225_1,0.0013885231
4442_1,0.0014550629
6775_9,0.9985896
230_7,0.9951703
5971_4,0.0016743994
763_10,0.99818975
9943_10,0.99856746
10098_9,0.99687636
7219_10,0.9985896
6348_8,0.99804294
5774_10,0.9981614
1842_4,0.0013250223
3544_8,0.9975274
5661_10,0.99837697
8698_1,0.0014103585
7576_1,0.0012843083
584_3,0.9949397
9963_8,0.99128854
11653_8,0.99863297
4269_1,0.0013045068
728_1,0.0013250223
7118_2,0.0014550629
6305_4,0.9966234
5970_4,0.0017274586
4729_1,0.0014103585
7638_10,0.9896718
2709_10,0.99771273
1461_7,0.9974885
5302_10,0.99861145
3589_10,0.99854493
3897_4,0.0030278352
9883_1,0.001648483
9903_4,0.002396731
9789_1,0.0014103585
2971_4,0.0017274586
5015_7,0.9985221
9215_1,0.0014103585
8553_2,0.0035936027
5671_3,0.0017821962
748_7,0.9859364
8222_10,0.99827254
9336_3,0.004905406
1585_1,0.0018969199
10634_8,0.9980122
4549_8,0.99863297
7014_10,0.9984988
2412_10,0.99837697
5779_10,0.99760324
11949_4,0.0022872274
6879_8,0.0145035805
4432_2,0.0039454065
5825_10,0.99629277
10422_9,0.9954615
4575_10,0.99788433
11520_1,0.0033244372
6612_1,0.0018386653
4206_7,0.9979493
1611_10,0.98934746
8170_10,0.99854493
96_1,0.0014103585
715_10,0.9984269
10032_8,0.9980732
2585_1,0.001648483
7477_3,0.013428254
2778_10,0.9980122
6807_1,0.9984269
6378_1,0.029986506
1752_10,0.99863297
2305_8,0.99837697
7423_3,0.0015487612
496_9,0.9981324
10829_1,0.0014325365
7012_9,0.9964619
7701_7,0.9984269
6858_8,0.99854493
2723_4,0.0031726828
5720_1,0.001477943
1531_9,0.9966234
3052_8,0.99827254
2728_7,0.9981324
2275_4,0.0018386653
11211_1,0.0038244836
4603_3,0.0016743994
2273_9,0.99856746
11662_2,0.0017007225
4887_3,0.0018386653
8155_9,0.99856746
2373_4,0.001867566
1754_1,0.0014550629
12247_9,0.9975656
10327_1,0.0022872274
8968_3,0.0013885231
370_8,0.9982993
559_10,0.9984022
8273_3,0.0022170132
8125_2,0.0015247865
8666_9,0.9845754
4827_7,0.99732697
9737_10,0.99847525
5604_8,0.05184547
8331_10,0.99827254
886_2,0.0013670255
4413_7,0.0025114634
4116_7,0.9984988
3675_1,0.0022518474
496_3,0.0020507437
8837_4,0.99101454
3099_2,0.0017821962
5518_4,0.008711384
6953_9,0.99863297
1240_9,0.99719906
8614_1,0.0021489493
1628_8,0.064653486
1673_3,0.001622967
10806_8,0.99818975
780_9,0.9984269
6957_8,0.99856746
10903_8,0.99847525
9908_7,0.0032730647
4696_9,0.9983516
3816_7,0.9974491
489_9,0.99854493
2254_1,0.001648483
122_8,0.1766716
3171_8,0.9949397
54_3,0.9959299
8826_4,0.2220247
7686_1,0.0013885231
10875_3,0.0014325365
4858_10,0.76977324
1268_8,0.0030278352
3497_10,0.9980122
6527_1,0.0014550629
1345_9,0.99804294
10092_4,0.0013885231
11571_9,0.99818975
2899_10,0.9985896
5381_10,0.99861145
8722_1,0.0013885231
10521_10,0.99845123
296_9,0.9984022
6184_1,0.002019014
6657_10,0.9984988
5972_9,0.9980122
8599_7,0.0020507437
6125_1,0.0012843083
5834_2,0.70222384
12479_9,0.9984988
3253_2,0.0017007225
4986_9,0.99832565
6439_7,0.9982993
9659_8,0.99856746
3375_3,0.0027576222
3155_10,0.99847525
3478_9,0.07316472
6251_1,0.0013670255
6281_1,0.0013250223
4669_8,0.9974491
2843_2,0.0014103585
8137_8,0.99854493
9390_10,0.9985896
11401_3,0.0015011822
1455_4,0.0037654138
8418_9,0.99863297
7064_4,0.0022170132
7467_4,0.004331502
12492_10,0.9985221
1969_4,0.0018386653
5388_8,0.9975656
3287_2,0.0015247865
3493_1,0.0015731123
11682_8,0.99847525
7860_3,0.0018386653
5507_4,0.0021827165
11741_10,0.9985221
8041_8,0.9986749
3525_7,0.9982993
12256_9,0.99351174
1559_10,0.99847525
5477_9,0.99845123
736_2,0.0030753699
29_10,0.9985896
12257_7,0.99856746
11184_3,0.0016743994
5323_4,0.0013670255
11315_3,0.0019877742
1400_4,0.105210535
7978_3,0.0019570168
6543_10,0.02350945
2120_10,0.9984269
3033_10,0.99863297
4096_7,0.9984988
10945_1,0.0023231625
10726_7,0.99861145
10568_10,0.9985221
8966_8,0.9985896
12274_4,0.001477943
10560_4,0.001477943
12352_8,0.01048909
5860_1,0.0013885231
11828_1,0.0012843083
10752_7,0.97090924
6501_4,0.0015011822
561_1,0.0014550629
6796_1,0.0017274586
2626_4,0.9951703
9089_3,0.0014550629
10921_10,0.99856746
6969_10,0.99701905
1039_1,0.0019267346
9561_2,0.0017274586
2651_10,0.9985896
8929_7,0.99837697
6434_2,0.99371004
3954_1,0.001264422
12408_10,0.99788433
9230_8,0.9983516
6626_1,0.0022170132
1913_2,0.002434382
9277_10,0.9984022
8177_8,0.9983516
7174_2,0.0016743994
10000_7,0.99732697
849_1,0.0014550629
9768_1,0.0014550629
2852_7,0.5506074
7872_10,0.99711037
7331_7,0.997981
9716_8,0.9949397
5672_1,0.99629277
11305_7,0.9974885
4750_2,0.0013458604
3606_7,0.9983516
10329_1,0.0013458604
4407_8,0.99847525
4298_8,0.9985896
1526_3,0.023330767
1177_8,0.3515258
8366_3,0.0023596606
1848_9,0.99854493
9689_1,0.0015247865
4883_7,0.0076956474
10485_10,0.9974885
10851_9,0.9966756
1550_7,0.9982993
5088_7,0.9764905
7420_7,0.9984988
8306_4,0.11676401
7474_9,0.9984022
5297_10,0.9984988
9105_1,0.0014550629
4806_8,0.9985896
11659_10,0.99854493
5491_4,0.9905874
4175_1,0.0019267346
8726_1,0.0012843083
9049_4,0.0012255674
3266_10,0.9985896
1396_1,0.0021489493
8364_4,0.4233388
3945_2,0.0013045068
196_4,0.0015978455
279_1,0.0013670255
12203_2,0.0014325365
8613_8,0.9978173
3839_10,0.99818975
2780_7,0.0029349516
10493_10,0.99856746
6866_9,0.9980732
4044_10,0.9985896
2435_1,0.0013250223
1976_4,0.0111580305
8649_3,0.0015978455
7299_1,0.0014103585
6018_2,0.0013458604
9729_8,0.99856746
3154_10,0.9984022
950_1,0.002019014
1409_4,0.0030278352
5175_10,0.99824536
9722_4,0.0022872274
4077_2,0.0030753699
7067_1,0.001810211
10984_10,0.99856746
7117_1,0.0014103585
2121_10,0.99856746
1386_10,0.998103
12236_10,0.9984269
11844_1,0.0014550629
8085_9,0.9974491
333_3,0.005384938
6522_3,0.0023596606
249_7,0.9979493
1199_1,0.001264422
499_8,0.99719906
10033_1,0.0015487612
7699_9,0.9978173
4829_7,0.9941801
665_1,0.0013045068
6743_8,0.5051268
10153_10,0.997783
4757_2,0.20465964
6942_10,0.9985221
3895_7,0.9975656
11128_1,0.0019877742
4404_3,0.0014325365
10811_1,0.0013045068
1165_7,0.0057302467
10907_8,0.9982993
1859_10,0.99856746
5836_10,0.99804294
10158_2,0.9888419
899_3,0.0021827165
8631_1,0.987375
7153_8,0.9974491
847_2,0.0021157034
4418_10,0.9985896
12320_10,0.99832565
11242_8,0.36908767
7046_7,0.9979493
1819_10,0.99845123
1651_10,0.99298817
8280_10,0.99837697
2062_9,0.99861145
4781_8,0.9982993
10314_1,0.0017007225
1934_1,0.0015487612
12230_7,0.99827254
6689_9,0.9985221
987_4,0.001622967
9881_2,0.0015487612
4571_7,0.99861145
569_4,0.83867973
11392_3,0.010013569
10716_2,0.0017007225
7643_3,0.0015247865
7429_8,0.99824536
11315_7,0.38606882
3097_9,0.16613355
10398_1,0.0013045068
6299_8,0.9980732
5951_2,0.0013458604
8930_8,0.9986541
1852_4,0.0014550629
2857_7,0.9980122
4544_9,0.46320137
9492_10,0.0032730647
1947_8,0.997851
9178_2,0.0015247865
6290_3,0.0017274586
6313_8,0.99861145
6975_8,0.99847525
12258_10,0.99856746
3970_10,0.99863297
8096_7,0.9964064
10872_3,0.0013458604
3660_1,0.0016743994
7958_10,0.99845123
652_1,0.0014103585
10331_1,0.0013885231
2368_4,0.0017546144
12367_1,0.0013045068
12125_3,0.0031726828
5785_8,0.9981614
5213_10,0.009125638
6334_8,0.99818975
8005_4,0.0018969199
8405_7,0.9911527
4629_2,0.001477943
9342_8,0.9978173
11634_3,0.0021157034
2878_2,0.0022518474
6195_1,0.0015247865
6994_8,0.9984988
12170_3,0.9207897
7384_1,0.001477943
1047_8,0.9974885
669_2,0.0019267346
2976_1,0.0015487612
4718_1,0.0013670255
1203_1,0.0015978455
9113_10,0.9985896
2928_1,0.0021827165
10734_8,0.9978173
6469_7,0.9984022
2896_3,0.0023231625
12061_8,0.99861145
240_9,0.99856746
8580_1,0.0025909794
1961_1,0.19775414
6145_1,0.0013250223
11028_4,0.99847525
7664_1,0.0013885231
3022_1,0.0053018946
7893_8,0.9971551
1149_8,0.9985896
8301_8,0.99453074
8210_10,0.9976404
9949_8,0.9974885
2961_4,0.0022872274
9796_10,0.99014014
4397_7,0.9986541
2936_3,0.003707253
11382_10,0.99856746
11671_1,0.0013670255
10864_1,0.0013458604
11253_4,0.0015011822
4692_3,0.001622967
11905_2,0.0019570168
12066_1,0.014281935
789_8,0.99804294
7700_8,0.86060363
7697_7,0.99760324
8628_4,0.0015487612
5719_2,0.001867566
4761_2,0.0013670255
8777_1,0.0015487612
3525_1,0.002434382
11990_4,0.0030278352
432_10,0.99861145
4115_3,0.003538086
10888_10,0.99760324
6995_2,0.007937994
11910_10,0.8558512
8895_1,0.0015487612
12149_10,0.18010665
11782_8,0.9829547
12139_7,0.979354
380_2,0.0019267346
5242_10,0.99553156
3542_9,0.99771273
6821_1,0.05033063
6931_1,0.0018386653
5958_9,0.99477994
5332_2,0.0015011822
2630_2,0.001264422
6387_7,0.9968273
7899_8,0.99701905
11017_3,0.0017274586
11800_10,0.99837697
10926_10,0.99818975
9866_10,0.9967775
3203_2,0.0013458604
11276_4,0.0015731123
8342_2,0.7889086
6167_10,0.99732697
36_3,0.0012843083
3340_1,0.0013045068
3997_9,0.99856746
2627_10,0.99847525
4204_1,0.0017546144
1018_4,0.997981
10951_1,0.001264422
5315_4,0.9983516
6301_7,0.9984269
12038_10,0.99821776
3164_10,0.99771273
10989_8,0.9985221
2449_9,0.99856746
4375_1,0.0020507437
7037_3,0.0032730647
33_7,0.99827254
7457_10,0.9975656
2082_3,0.0015011822
1316_10,0.9986541
9097_3,0.002673006
5804_10,0.99854493
9411_1,0.0013250223
118_10,0.99863297
560_3,0.010986943
8914_9,0.3488669
2745_4,0.0062899017
2607_1,0.0013670255
4405_4,0.0062899017
10451_1,0.0013885231
1887_7,0.9965166
725_2,0.0033766124
5118_4,0.002673006
9536_1,0.001264422
127_3,0.0015487612
2833_8,0.99837697
131_7,0.99586606
7789_10,0.9984988
6294_7,0.99861145
3872_4,0.0015011822
5454_7,0.9984022
11162_1,0.0014103585
1685_1,0.0013250223
8352_2,0.001810211
5003_1,0.0015011822
262_9,0.9985221
8233_8,0.9984269
1814_10,0.99824536
1967_10,0.0019570168
7545_10,0.9981324
12386_2,0.0024726235
9531_9,0.99827254
3013_1,0.0017274586
6835_10,0.99863297
1279_3,0.9582261
2411_1,0.0014325365
9537_1,0.0014325365
3446_10,0.9984022
656_4,0.00619299
7085_1,0.0012843083
8355_1,0.0015247865
1869_3,0.032344334
2317_2,0.001477943
11228_4,0.0014325365
3987_8,0.99856746
509_3,0.0013250223
5168_8,0.99837697
9267_10,0.9985221
912_10,0.99824536
10275_9,0.997981
2855_10,0.99605453
6079_4,0.0022170132
2728_1,0.0014103585
9895_4,0.9224824
8230_7,0.9984988
5152_4,0.0025114634
4137_8,0.99771273
919_10,0.99854493
1481_1,0.001810211
2468_1,0.0015487612
383_1,0.001264422
11552_4,0.0022518474
856_7,0.9966234
9047_1,0.0015011822
2300_9,0.9975656
1346_7,0.997981
6316_4,0.008847355
7983_10,0.99788433
9685_10,0.9686196
2745_10,0.7833262
8149_1,0.0015487612
9478_1,0.0013885231
3126_3,0.0015011822
11629_10,0.99845123
5858_8,0.9976769
200_8,0.99845123
7721_4,0.0019877742
12334_8,0.9984022
9582_4,0.0019267346
5696_9,0.9976769
3823_3,0.0021827165
11571_4,0.0064882697
1349_9,0.9985896
4306_7,0.9981614
6924_1,0.027585285
10639_10,0.9930962
5674_1,0.008847355
11321_1,0.0014103585
771_4,0.0014550629
3519_1,0.001810211
2378_2,0.0015011822
5677_10,0.99861145
2807_4,0.0032730647
10165_9,0.99845123
6940_1,0.0013458604
11015_3,0.9891816
1055_3,0.0015247865
11055_9,0.9981614
8173_1,0.0032224844
10743_1,0.0013458604
11927_3,0.008315778
8785_4,0.9976769
10995_1,0.0020829707
11899_1,0.0014103585
10078_10,0.99856746
11831_8,0.9884919
8182_1,0.6395109
9664_2,0.0013885231
12229_9,0.99837697
6076_2,0.0015011822
8529_2,0.0013458604
4686_1,0.001867566
8174_9,0.99861145
7395_4,0.002396731
1803_10,0.99821776
2508_1,0.0014325365
452_2,0.001477943
8830_4,0.979354
3240_4,0.99580115
578_2,0.001622967
3093_2,0.0051396107
9543_1,0.0017546144
9065_4,0.0017546144
534_4,0.9890131
9762_2,0.001648483
3037_1,0.0015487612
4632_7,0.9985221
5064_8,0.9957353
9962_10,0.99861145
9340_10,0.994615
5881_1,0.0014550629
4642_10,0.9984988
5293_4,0.9883128
6721_1,0.0031236487
9869_7,0.9982993
7070_10,0.9985221
12486_9,0.99847525
4943_9,0.98667485
7939_10,0.99605453
5786_3,0.0025909794
10357_7,0.013222822
7147_10,0.99847525
8627_10,0.99854493
3370_1,0.020023443
4117_10,0.998103
8178_7,0.99845123
968_8,0.9984988
5931_8,0.9981324
6459_2,0.001622967
2480_3,0.0025114634
5511_10,0.22185604
7554_2,0.0015247865
9276_8,0.99854493
140_2,0.0015487612
2776_10,0.99847525
3690_1,0.0053018946
6369_2,0.0018386653
7438_10,0.99845123
872_9,0.95565146
2389_2,0.0013250223
2882_3,0.007121429
10404_9,0.9984988
5790_4,0.0018386653
2382_7,0.9982993
7798_1,0.0017274586
272_1,0.0013458604
298_1,0.002889581
11414_7,0.99740905
9255_4,0.4474603
5914_4,0.0013885231
2974_7,0.9977482
6739_7,0.99760324
1229_7,0.95791227
2268_10,0.9984269
2352_7,0.9965166
9329_10,0.9980122
11380_10,0.9985896
215_4,0.0013885231
9915_2,0.0014550629
541_1,0.001648483
10975_2,0.0017007225
6946_9,0.9966756
3286_7,0.99740905
7482_10,0.99856746
48_4,0.0028449094
10046_4,0.5085441
6295_1,0.0015731123
6417_4,0.0014103585
2401_4,0.0015487612
8608_1,0.971779
3500_8,0.8047131
11903_3,0.001810211
4012_2,0.007121429
11415_4,0.993807
5835_4,0.0020829707
9039_4,0.012241275
6526_1,0.001810211
6379_8,0.9976769
6136_10,0.99824536
6094_4,0.0031726828
11608_9,0.98866826
3745_3,0.91550726
10694_1,0.001648483
3222_10,0.99856746
3394_4,0.0015487612
7790_10,0.99837697
2982_10,0.99837697
12253_3,0.9985221
5900_1,0.03904829
3398_4,0.9959927
10038_7,0.0033766124
1520_8,0.9979493
11756_2,0.029535338
6228_1,0.0013458604
6226_7,0.9980122
4377_10,0.9986541
9730_1,0.0012843083
11088_4,0.0018386653
7867_10,0.99824536
5072_1,0.0015978455
7935_3,0.005220126
4536_3,0.0019267346
6989_2,0.0012843083
8101_8,0.99832565
3364_7,0.9883128
7862_1,0.001477943
8562_2,0.001648483
9783_9,0.9982993
7272_1,0.0013885231
1025_3,0.0017007225
9432_7,0.99580115
4153_8,0.9985896
8528_1,0.0015247865
8427_4,0.0022518474
5417_1,0.001810211
6575_1,0.020332353
10041_8,0.99837697
7589_4,0.002631674
10391_9,0.9984988
1400_7,0.997917
9428_2,0.0017007225
7106_3,0.0014103585
5695_10,0.99856746
6430_10,0.9986541
11722_4,0.0022170132
11328_1,0.0013045068
9020_3,0.016914913
183_10,0.997285
6674_10,0.99818975
5495_10,0.99856746
2237_7,0.9974885
11943_7,0.99824536
5872_10,0.9985896
5043_9,0.9985896
3869_1,0.0017821962
5113_4,0.11436852
4671_3,0.0014103585
9220_4,0.007011795
7330_1,0.0013250223
5344_3,0.0022518474
11965_1,0.0017274586
7620_9,0.9983516
7044_10,0.99847525
6296_10,0.9980122
8204_1,0.0013045068
7661_9,0.99788433
11708_2,0.0015011822
2415_7,0.9956006
7840_4,0.0022170132
2628_10,0.99869555
4633_3,0.037326884
7320_2,0.0013458604
11755_1,0.9881309
2589_2,0.0015487612
5044_10,0.99863297
5189_1,0.001648483
7926_7,0.99837697
2454_10,0.99854493
3368_1,0.0013670255
12223_7,0.9968273
7348_1,0.001477943
12007_8,0.99804294
5501_7,0.9914225
4025_8,0.99854493
6447_10,0.9967775
5438_3,0.004331502
7910_10,0.99818975
377_1,0.0014325365
409_8,0.9984988
2150_9,0.99845123
11986_2,0.0018969199
2544_2,0.99444515
5141_10,0.9985896
8305_3,0.99469805
8329_10,0.99863297
2333_8,0.9859364
5171_4,0.0013458604
5412_10,0.99854493
1081_10,0.9983516
10773_7,0.99832565
1969_10,0.971564
8276_10,0.9978173
1244_1,0.0014550629
7113_2,0.0019267346
9535_2,0.0015978455
4627_7,0.99861145
10757_4,0.0022872274
10091_10,0.9979493
5211_10,0.0017546144
7510_7,0.99736834
11674_10,0.99869555
5299_8,0.99821776
3515_8,0.9962346
10143_3,0.007011795
2274_10,0.99863297
2372_3,0.47146657
3116_8,0.9984022
7340_3,0.0016743994
1394_9,0.9984988
2047_9,0.9978173
8587_2,0.99657035
11579_10,0.0059110695
942_10,0.99861145
9355_4,0.010902373
8812_10,0.99845123
4732_2,0.001648483
3180_10,0.99856746
310_9,0.99586606
3980_8,0.99847525
6923_2,0.0017546144
2424_9,0.997981
1092_4,0.0015731123
9238_7,0.9969722
2382_2,0.0013670255
3579_1,0.0063883206
6801_8,0.9982993
3768_8,0.9962346
11717_10,0.9985896
10001_9,0.99818975
355_10,0.99788433
8896_1,0.0017546144
9772_1,0.0019570168
7624_10,0.99469805
1102_3,0.0012448432
10949_9,0.99818975
1269_10,0.99854493
11768_4,0.0015011822
5555_4,0.9967775
2233_9,0.9983516
6567_8,0.9843364
12130_8,0.9984988
8587_7,0.99856746
10973_1,0.0013670255
3863_10,0.9984988
9220_8,0.0059110695
7579_10,0.9985896
4411_10,0.99128854
2093_8,0.9950177
10883_10,0.9981614
3583_3,0.0016743994
1396_8,0.997285
1930_3,0.0014550629
8779_1,0.0017821962
12478_9,0.9984988
176_9,0.998103
11733_10,0.99827254
11368_1,0.0013670255
4077_8,0.9979493
11056_7,0.99827254
5567_3,0.0015978455
8549_3,0.0016743994
9743_1,0.0015731123
6916_9,0.9985221
6147_1,0.97068775
7820_7,0.99821776
1352_7,0.9969722
5337_10,0.9984269
12285_3,0.0015247865
8992_2,0.0014550629
4644_2,0.0013885231
9793_10,0.9985221
2359_10,0.9964619
2137_9,0.9984269
10559_3,0.0015487612
2679_3,0.0015247865
10010_2,0.0013250223
11987_10,0.99824536
8824_10,0.99863297
11418_7,0.99724233
2423_9,0.997917
1576_7,0.97090924
7947_4,0.0015247865
1714_10,0.99854493
6006_8,0.99837697
939_8,0.99847525
3755_4,0.0023231625
3213_3,0.0017274586
164_2,0.001810211
1123_10,0.99818975
7397_7,0.08601587
822_1,0.0013458604
5631_2,0.004198795
10464_10,0.99821776
11397_10,0.9986541
10679_3,0.0021489493
8205_1,0.0014325365
6947_10,0.9976769
2000_1,0.0015247865
4075_7,0.99827254
1388_8,0.9437636
446_1,0.001264422
1063_2,0.001264422
6030_3,0.005554925
5613_2,0.0013045068
8759_3,0.9980122
12169_1,0.0014550629
5111_4,0.0019877742
2891_4,0.017045317
827_1,0.0019267346
6229_8,0.97520185
2212_4,0.9975274
4788_9,0.99821776
8859_1,0.0014550629
9798_10,0.9985896
9763_9,0.99155444
3889_7,0.9981614
3275_8,0.9978173
5106_10,0.9981324
7576_10,0.9984269
9405_3,0.0015487612
7108_1,0.0035936027
9794_10,0.99847525
2653_10,0.96210754
10545_10,0.9980122
12306_10,0.9985221
4696_2,0.0013045068
7982_10,0.99856746
11066_3,0.002396731
10034_1,0.0013670255
6035_3,0.0014103585
9518_9,0.99771273
1266_8,0.99837697
11336_9,0.99856746
4159_10,0.9981324
9375_8,0.99832565
5204_1,0.0012065897
3360_10,0.99854493
5659_1,0.04922211
8839_4,0.26702574
4529_7,0.99821776
3283_2,0.007121429
5376_7,0.99854493
5379_8,0.99854493
5266_4,0.0013885231
7463_9,0.997981
3595_1,0.0014103585
3141_10,0.99824536
9986_2,0.09334688
4279_1,0.0014103585
1427_4,0.35728714
8357_10,0.99605453
715_4,0.0040072887
8482_9,0.9980732
3091_10,0.998103
5735_7,0.9921841
3100_4,0.0014550629
11447_8,0.9975656
4577_1,0.0015247865
10287_10,0.99847525
3384_3,0.0020507437
3820_9,0.9975656
8883_3,0.0014325365
11279_10,0.0020829707
3093_8,0.9964619
10465_3,0.001622967
4423_10,0.99845123
601_3,0.0019267346
1902_10,0.99854493
1509_8,0.9888419
3019_9,0.99854493
11994_9,0.9981324
4246_2,0.001648483
842_10,0.9979493
4917_8,0.99804294
68_1,0.0021489493
6613_2,0.0015487612
7230_10,0.9984269
6183_4,0.0013885231
338_10,0.997285
6182_8,0.99847525
2409_1,0.0015011822
9965_8,0.9974885
1336_10,0.96124375
4456_2,0.0012255674
12437_8,0.99861145
8437_10,0.99845123
409_4,0.0015011822
2303_10,0.19744444
2144_9,0.98667485
2302_8,0.99837697
385_9,0.99605453
3617_8,0.99804294
5450_7,0.99477994
6882_4,0.0013885231
2980_4,0.0035936027
9828_4,0.0015487612
10745_8,0.9983516
3478_1,0.10631887
2167_2,0.0015731123
5562_2,0.0013250223
8771_7,0.002396731
8372_10,0.9984988
10749_8,0.9888419
7394_10,0.9750122
3711_7,0.9981324
5375_1,0.0030753699
7881_7,0.99827254
7023_2,0.001867566
206_10,0.99854493
4760_9,0.99804294
12026_1,0.0014103585
12182_10,0.840259
1821_8,0.9984022
10828_1,0.0015978455
2446_10,0.7796575
5327_10,0.9985221
5727_3,0.0013885231
11460_4,0.0017007225
6484_10,0.99804294
3555_4,0.9898303
10641_8,0.9985896
650_3,0.0034296038
1467_10,0.99856746
7651_3,0.0014103585
11459_4,0.0028449094
9255_10,0.9980732
7888_10,0.99856746
4118_2,0.001477943
2540_9,0.99824536
2152_7,0.9884919
2614_10,0.9984022
2892_10,0.9985221
3878_1,0.0015731123
273_10,0.9985896
5565_10,0.90665317
444_10,0.9984269
11062_10,0.99804294
5184_1,0.0014550629
12140_3,0.0015487612
3254_8,0.9957353
11537_7,0.0015011822
7606_10,0.99832565
6120_2,0.0013458604
7416_10,0.99856746
10759_3,0.0063883206
12255_9,0.99854493
1114_10,0.9985221
6827_8,0.9952448
10246_2,0.0019267346
204_9,0.99854493
5816_10,0.99771273
2693_9,0.9984269
2578_2,0.0015487612
4958_3,0.0022170132
7873_10,0.9984022
8795_2,0.0015011822
1431_3,0.0015011822
11635_7,0.9876639
1327_3,0.0014103585
10813_7,0.9971551
9764_4,0.0027149855
5861_8,0.18653922
8995_3,0.0015731123
2243_1,0.001810211
11708_7,0.99788433
1998_2,0.0015731123
11887_8,0.99856746
4836_10,0.5092763
1603_4,0.0029810332
9860_4,0.0017274586
1728_1,0.0019570168
12108_1,0.0013885231
9756_4,0.997851
1325_3,0.002889581
5174_1,0.0032730647
9917_2,0.0017274586
6101_1,0.0015011822
2010_10,0.9984988
1132_8,0.99837697
8516_1,0.0013458604
3563_1,0.0015011822
2362_10,0.99351174
10971_1,0.0016743994
8672_9,0.9985221
2863_2,0.0013885231
2750_1,0.0018969199
8599_4,0.001867566
12115_7,0.99724233
4921_2,0.0013250223
2975_2,0.0014550629
4245_8,0.99845123
10778_10,0.99837697
7816_7,0.9978173
9131_1,0.21733752
5541_3,0.0027576222
7956_1,0.0014550629
780_3,0.0036499873
1052_10,0.9979493
6842_8,0.9986541
8279_10,0.9982993
9653_3,0.0020507437
3025_1,0.0015978455
1174_1,0.0019267346
1039_10,0.99832565
4609_10,0.99845123
2150_1,0.0027149855
6289_7,0.98951083
2963_2,0.0015731123
8801_1,0.102664
5196_7,0.9978173
5723_2,0.0015247865
10530_10,0.99861145
9473_1,0.0015978455
3355_3,0.0014103585
5388_3,0.0019267346
12102_2,0.001622967
11038_10,0.99580115
9672_1,0.0014325365
6875_8,0.99732697
4754_8,0.9979493
6814_3,0.0017821962
8937_3,0.0034834242
7077_4,0.9962346
1782_1,0.0013250223
631_4,0.029760094
7876_1,0.001622967
74_4,0.001810211
2846_9,0.05033063
4190_1,0.0022170132
7843_4,0.99827254
7528_7,0.979354
2396_8,0.99818975
790_1,0.0012843083
2020_7,0.9975656
2526_1,0.0014103585
8104_8,0.99847525
12372_2,0.004133968
417_1,0.9863631
1318_2,0.001477943
4530_1,0.0013458604
2370_4,0.99771273
1886_10,0.99861145
9386_1,0.0014550629
7863_1,0.0015731123
3864_10,0.99863297
6559_2,0.0015011822
7855_7,0.99788433
1672_1,0.0013045068
8453_2,0.0027149855
8373_3,0.001477943
9770_10,0.99869555
12009_1,0.0017821962
2770_3,0.002396731
4618_7,0.9984269
9797_10,0.99847525
6605_1,0.0015978455
10176_1,0.0044683837
8949_10,0.9984269
5401_7,0.99390244
3295_7,0.9984988
4791_1,0.0018969199
4016_1,0.0013250223
4314_10,0.99605453
2903_1,0.0013670255
3835_9,0.99193794
7532_1,0.0013250223
729_10,0.994089
5753_1,0.81047887
11976_2,0.0018969199
3027_1,0.0017821962
9721_9,0.9978173
11295_3,0.0015011822
3241_1,0.001477943
5389_9,0.9985896
9889_1,0.0032224844
3522_4,0.0013885231
10865_8,0.9985896
1015_8,0.99832565
5048_10,0.99847525
2671_2,0.0043994132
2841_4,0.0022170132
4928_1,0.0032224844
10499_1,0.002631674
9409_10,0.99818975
974_10,0.99361163
11582_7,0.6454552
9988_10,0.99847525
3463_8,0.9984022
5194_1,0.12940274
3377_4,0.0018386653
4352_1,0.001648483
10862_1,0.001810211
1545_7,0.9969246
9801_10,0.99824536
1905_2,0.0017007225
12276_9,0.9985896
7544_1,0.0014325365
10056_1,0.0015487612
3623_1,0.0018969199
4013_7,0.99635005
1294_4,0.0059110695
10285_9,0.99847525
7793_10,0.99861145
3809_9,0.9984988
4586_3,0.0015487612
7511_1,0.7325918
10873_4,0.0014325365
4888_8,0.695338
4349_10,0.9918121
1531_3,0.0038244836
8884_3,0.0014325365
7336_3,0.9329437
9688_10,0.99827254
7208_1,0.0014325365
4355_8,0.9984988
6098_2,0.0013885231
9106_10,0.99821776
6422_1,0.001264422
2054_9,0.99657035
550_8,0.9957353
402_8,0.99788433
11832_10,0.9985221
10256_10,0.99856746
6131_1,0.0014325365
11907_4,0.0013885231
4459_4,0.0018969199
8555_7,0.99832565
5079_2,0.0013885231
10304_2,0.0015978455
10489_1,0.0013045068
566_3,0.0024726235
1999_1,0.0015487612
590_1,0.001867566
11159_1,0.0020829707
10612_9,0.99788433
10810_2,0.005554925
11658_4,0.002019014
1950_9,0.9967775
8977_4,0.009268014
9040_1,0.0012065897
2891_10,0.9932025
2966_10,0.9984269
8665_4,0.20275871
6600_1,0.0015487612
9308_1,0.001477943
7870_10,0.99854493
10511_1,0.0013458604
7235_8,0.99390244
132_9,0.99847525
1575_8,0.99832565
3328_8,0.9982993
3273_1,0.0014103585
9475_4,0.9890131
10938_7,0.38300642
8143_7,0.9975656
9003_10,0.9983516
9854_10,0.99832565
9932_2,0.0023596606
1017_7,0.99298817
4386_9,0.99824536
1105_3,0.0015731123
7315_7,0.0027576222
37_9,0.9986749
8409_10,0.99837697
12118_1,0.008847355
1665_8,0.99854493
10284_1,0.0013045068
8922_3,0.0019570168
2524_2,0.0018386653
11205_2,0.0013670255
4676_8,0.99832565
10479_4,0.04672496
9849_8,0.7627777
4841_3,0.97262347
9153_9,0.99856746
9279_8,0.99856746
11008_10,0.99847525
614_10,0.99854493
167_2,0.0014103585
2041_1,0.0013250223
6509_8,0.9985896
9832_7,0.99818975
5939_7,0.97068775
3267_3,0.002434382
3555_9,0.9975274
1668_7,0.017176708
11048_1,0.0014103585
1856_3,0.008315778
4426_10,0.99856746
8457_3,0.0020507437
6603_10,0.99827254
4738_1,0.004264634
11762_8,0.99821776
2078_10,0.99861145
6754_1,0.0022872274
11721_2,0.0022518474
11558_3,0.98934746
973_10,0.9981324
814_4,0.0021489493
2102_3,0.0014103585
11394_4,0.9832145
312_4,0.0015487612
2994_1,0.0021489493
5649_7,0.99856746
7281_8,0.99711037
2756_4,0.002434382
2137_1,0.0018969199
8696_2,0.001622967
1158_3,0.9114953
4531_1,0.0013458604
10047_10,0.9984269
683_7,0.9871788
8645_10,0.8080672
889_3,0.0030753699
4202_2,0.0013670255
3859_10,0.99856746
5038_8,0.9985896
6906_9,0.9985896
4154_8,0.9984988
9548_1,0.0013458604
4434_9,0.9845754
9235_9,0.99253935
2368_8,0.9978173
8391_2,0.0015731123
1391_7,0.9976404
4317_1,0.0013250223
8345_4,0.04672496
8610_1,0.0017821962
2888_10,0.99837697
5597_3,0.0015978455
4900_7,0.9961755
3016_2,0.0024726235
1057_2,0.016403032
5143_8,0.9976404
6932_2,0.0013250223
7879_10,0.9983516
9300_3,0.0016743994
12142_2,0.0021157034
3426_3,0.00581996
7977_7,0.99253935
1573_3,0.99509466
336_10,0.9984988
4248_10,0.99732697
9693_7,0.0020829707
7753_4,0.99155444
2290_10,0.9975274
9156_8,0.9981324
5526_4,0.0015731123
3896_8,0.99732697
8520_7,0.99832565
3566_4,0.004198795
6386_7,0.9984988
4201_1,0.99854493
372_9,0.99863297
6768_8,0.9957353
9177_8,0.99788433
1079_1,0.0014103585
934_10,0.99854493
11918_2,0.0015731123
4867_4,0.0019877742
12449_8,0.9984269
7907_10,0.9984269
4508_3,0.017442483
1075_2,0.0014550629
11466_8,0.9964064
10935_2,0.22337706
4826_9,0.9974491
4814_7,0.99821776
8676_4,0.0032730647
1058_1,0.0013458604
7831_2,0.0013458604
1150_9,0.9985221
5395_1,0.0015011822
5435_7,0.9985221
1745_1,0.0013670255
11278_4,0.0016743994
8629_1,0.0028449094
3145_9,0.9985221
8108_10,0.9982993
6377_1,0.0029349516
10298_1,0.0013670255
12265_1,0.0016743994
11930_8,0.30182967
2511_10,0.99861145
7955_1,0.0013250223
2335_9,0.9985221
3194_10,0.99847525
6724_10,0.99635005
9406_1,0.9952448
11369_1,0.0017546144
1972_4,0.0013045068
6900_8,0.99827254
7813_7,0.99845123
785_7,0.9965166
6368_3,0.013222822
2163_1,0.0013458604
11487_8,0.9985896
4292_7,0.99711037
7451_4,0.0015731123
11465_2,0.0013885231
7641_8,0.9980122
8250_8,0.9983516
4490_1,0.0013885231
10452_1,0.0020507437
7442_3,0.0013250223
3027_9,0.99863297
235_7,0.99845123
3750_7,0.99740905
8700_1,0.0014550629
3584_10,0.99837697
7217_7,0.9980732
7769_10,0.9986541
10149_9,0.99611557
7607_2,0.0014550629
7749_1,0.0013458604
12067_1,0.0019570168
388_10,0.99856746
6596_1,0.0020507437
10242_2,0.0021157034
3853_1,0.0013250223
5726_4,0.001477943
9031_9,0.078642376
1543_7,0.997783
1442_8,0.99856746
6336_10,0.9975274
5929_4,0.23722236
3378_3,0.91022676
183_4,0.02211659
3518_9,0.9984022
5870_8,0.99856746
5053_4,0.0013670255
7330_7,0.9976769
9553_9,0.99635005
9552_10,0.9984269
8515_10,0.0025509126
1666_9,0.9985896
6661_3,0.0021489493
8721_1,0.001867566
1368_1,0.0017007225
5076_9,0.997917
12353_2,0.0040072887
1099_7,0.9982993
8669_9,0.99444515
2564_8,0.9980732
4369_10,0.99827254
11951_4,0.0015487612
11384_3,0.010013569
7459_3,0.001810211
6776_9,0.99854493
6673_3,0.0014103585
2500_8,0.9985221
8739_3,0.0013670255
3828_1,0.0018386653
7945_2,0.9923044
7934_10,0.99861145
4571_1,0.001622967
11689_7,0.99832565
3681_10,0.99847525
5110_4,0.0015247865
5953_8,0.99788433
10906_4,0.0015487612
3424_8,0.9969722
6492_7,0.997917
10450_1,0.0015487612
4856_8,0.0044683837
12019_1,0.0014550629
1390_8,0.997917
6452_4,0.010013569
4916_4,0.0014325365
3979_3,0.0015731123
6023_3,0.0013670255
5762_1,0.0013885231
4176_9,0.99827254
7194_2,0.0033244372
3143_7,0.9890131
954_8,0.9979493
5291_1,0.0023231625
2258_1,0.0015011822
5412_1,0.0012843083
4088_3,0.0015011822
4312_1,0.0014325365
517_1,0.0013670255
5601_1,0.0015731123
288_1,0.001867566
234_3,0.020804489
6665_8,0.99845123
6957_3,0.0013670255
4454_2,0.0014550629
3270_8,0.9984022
4500_3,0.27884555
7551_1,0.0013885231
9033_4,0.030908957
2619_10,0.0460339
10093_10,0.99827254
5483_2,0.001810211
8383_1,0.0014325365
11683_1,0.0021489493
10649_1,0.0021157034
181_3,0.011869121
3668_2,0.0013458604
3769_1,0.0019267346
11519_3,0.04885778
5716_10,0.9979493
10918_8,0.997783
3103_1,0.0015731123
7210_10,0.99847525
2515_8,0.99847525
8424_9,0.21933751
1404_10,0.9985221
3158_10,0.99760324
4996_2,0.0013885231
5493_3,0.0020507437
8540_9,0.9981614
8960_8,0.9975656
11274_3,0.0017007225
11067_10,0.99818975
3335_2,0.0020507437
6578_4,0.0014325365
916_10,0.9985221
3844_1,0.0017546144
7108_8,0.99740905
565_2,0.0025909794
11622_3,0.0020507437
10700_1,0.0014325365
10483_1,0.010169657
8951_9,0.9985221
6326_8,0.99854493
3035_8,0.9986749
2292_10,0.99804294
11013_4,0.0017274586
10618_1,0.001622967
11544_1,0.001264422
7550_10,0.9979493
289_8,0.9981614
6571_10,0.99861145
6056_10,0.9795114
10814_1,0.0014550629
9377_1,0.0014103585
1577_8,0.004609572
9268_9,0.99861145
10116_10,0.99854493
7411_10,0.9986541
12279_4,0.9953904
3575_1,0.0014325365
8105_8,0.9983516
6092_10,0.9986541
12406_1,0.0013458604
1117_2,0.0013458604
12358_7,0.9719925
4469_9,0.99827254
7055_2,0.0015011822
10412_8,0.99832565
12155_10,0.99390244
11222_3,0.0013458604
9622_9,0.997981
8992_8,0.99854493
5305_3,0.0033766124
8111_10,0.9985221
3436_1,0.0015011822
2748_8,0.9986749
6527_10,0.99837697
672_8,0.99861145
8172_4,0.0039454065
5513_10,0.99827254
741_7,0.34477428
8886_7,0.99821776
6939_1,0.0015011822
12235_1,0.001477943
10607_1,0.0013458604
4708_10,0.99788433
9034_10,0.99827254
6600_10,0.99827254
2934_1,0.0013885231
12168_10,0.99856746
9362_9,0.99832565
9627_8,0.9981614
9547_8,0.99687636
4108_2,0.0013885231
10293_9,0.98187524
10105_8,0.997783
11864_7,0.99845123
2843_7,0.00818791
836_9,0.9974491
6201_1,0.0014325365
8192_4,0.9869795
2596_1,0.0017546144
6847_3,0.002019014
8794_1,0.0014325365
7281_4,0.0014103585
9678_2,0.0017007225
10950_3,0.0017007225
5845_4,0.001477943
6187_10,0.9969722
4684_9,0.99701905
10852_1,0.0065897712
11542_3,0.0017821962
5385_1,0.001810211
9597_3,0.001810211
8975_3,0.9974491
10766_3,0.019271135
4236_8,0.6859495
118_1,0.0013885231
7278_7,0.9984269
11069_7,0.99845123
1002_3,0.5306014
4210_7,0.9984988
8514_10,0.9983516
9676_1,0.0028009268
11826_10,0.9981324
8216_8,0.99854493
575_4,0.0015011822
3867_8,0.9979493
321_10,0.9984022
1654_1,0.0022872274
973_4,0.0023596606
8796_3,0.0017274586
145_1,0.001622967
2649_2,0.0040072887
2432_2,0.006003596
5713_10,0.99832565
6851_1,0.9757624
3523_7,0.99586606
9862_9,0.9962346
8888_9,0.9871788
12343_1,0.0013250223
2298_9,0.9984988
7129_1,0.0013885231
12163_7,0.967163
1090_1,0.001648483
8249_7,0.9985896
3716_7,0.9980732
8095_4,0.001622967
9739_8,0.9984269
7041_1,0.0015487612
7673_10,0.99854493
210_4,0.0013885231
283_8,0.9952448
12361_9,0.99804294
9254_10,0.99856746
5598_1,0.001477943
128_10,0.99861145
11557_7,0.994615
10232_10,0.9964064
10747_7,0.9979493
9984_9,0.9984022
9618_1,0.003707253
7976_10,0.9966234
5788_10,0.99711037
7378_4,0.20817894
2047_3,0.001477943
10053_10,0.99854493
8399_4,0.0019267346
7925_10,0.9985221
6830_9,0.9942697
2530_9,0.99804294
9521_1,0.0017546144
784_10,0.99847525
10417_7,0.99863297
2198_9,0.9985896
8219_8,0.9975656
6896_4,0.0023596606
5341_7,0.99854493
2386_9,0.99740905
2323_8,0.76559335
9028_2,0.0016743994
6983_7,0.9959299
9885_7,0.997851
11720_1,0.0019877742
8409_3,0.0015011822
5797_7,0.9982993
7729_9,0.9986541
10591_10,0.9984988
9593_9,0.99856746
6364_4,0.0014325365
7215_3,0.001867566
3653_2,0.0014550629
4533_8,0.891811
10899_8,0.9984269
8312_10,0.99821776
9543_10,0.99861145
5608_8,0.993807
1432_10,0.99788433
5562_9,0.99856746
12171_9,0.9965166
4428_10,0.9984269
2062_2,0.0014550629
8468_8,0.9971551
827_8,0.9980732
11539_3,0.001867566
4215_3,0.0014103585
11310_3,0.0031236487
4525_1,0.0013670255
2093_1,0.0013458604
11238_4,0.0019877742
5523_8,0.99863297
9848_9,0.99863297
10000_4,0.0013458604
10304_7,0.9984988
511_3,0.005060332
1807_7,0.9975656
9080_7,0.90894175
1808_9,0.99863297
6283_8,0.9980732
5913_1,0.0013885231
685_1,0.6094661
9505_8,0.012053779
7152_1,0.0012843083
11292_1,0.0015487612
8334_10,0.9985896
11476_1,0.0015487612
3431_10,0.99821776
4019_1,0.0013885231
7292_3,0.0028449094
1990_7,0.9981324
1574_1,0.0017546144
5516_8,0.9981614
4687_10,0.9980122
11493_2,0.001648483
771_9,0.9982993
8864_1,0.0014103585
3001_7,0.997065
423_2,0.002019014
5062_7,0.97903574
5198_1,0.0014550629
7303_1,0.0013250223
7433_2,0.0014325365
3085_7,0.99847525
3293_9,0.99845123
12426_7,0.99760324
5775_3,0.0019877742
7358_1,0.0013250223
3851_2,0.0032224844
4785_10,0.9939964
9650_4,0.0014550629
553_9,0.9943581
401_10,0.9986749
11522_8,0.9977482
5222_7,0.99827254
5042_7,0.9959299
2638_7,0.6705139
11883_10,0.99847525
11476_10,0.997065
4999_10,0.99847525
10360_1,0.0047552
3443_9,0.99847525
1138_1,0.9839708
1898_10,0.99861145
6069_3,0.0019570168
12101_2,0.0013885231
1953_10,0.018404892
8679_10,0.99854493
10348_10,0.99832565
2208_3,0.013636835
3886_8,0.9985221
3734_2,0.0029349516
1330_10,0.9914225
4639_3,0.0040072887
6837_7,0.99193794
6520_8,0.9985896
653_10,0.9980732
5373_1,0.00818791
8074_10,0.997783
3906_8,0.9615338
9264_1,0.0015978455
2160_2,0.76401234
624_3,0.99586606
3899_1,0.0015978455
2181_7,0.0015011822
7932_4,0.7277821
8278_1,0.0013670255
7162_9,0.9984988
185_4,0.002673006
1997_8,0.92683524
7295_9,0.0017007225
1083_3,0.0014325365
4678_2,0.001477943
4859_10,0.9959299
9091_8,0.9985221
397_3,0.0013458604
11157_9,0.044680875
11261_10,0.99824536
10828_9,0.99854493
2452_7,0.99629277
10268_7,0.9985221
10306_1,0.0024726235
18_8,0.9985896
7998_10,0.9980732
8574_10,0.99827254
2953_10,0.9986749
8996_9,0.99845123
7389_9,0.99861145
202_4,0.0017821962
5612_4,0.8688268
9916_8,0.011687259
7606_1,0.0013670255
1585_8,0.9224824
11803_2,0.0022872274
236_10,0.99818975
7827_4,0.003538086
5423_2,0.83973396
3625_1,0.0022872274
9887_9,0.99863297
3429_8,0.9981614
372_2,0.0015978455
1228_4,0.0014103585
7891_10,0.9956006
4387_1,0.0013045068
6067_1,0.0015731123
7822_1,0.0015731123
10898_2,0.0014325365
512_2,0.0013250223
647_9,0.0017274586
5361_4,0.0013458604
8583_4,0.0013250223
2858_2,0.19284318
4920_10,0.99837697
6857_2,0.019124037
925_2,0.0015247865
2959_3,0.95292586
11481_10,0.004133968
10824_1,0.98469365
1577_4,0.0013670255
2231_7,0.9939964
11545_3,0.0025114634
1539_2,0.0015247865
9657_4,0.0014550629
10362_7,0.99701905
11131_2,0.0017821962
9833_7,0.99736834
8495_10,0.9984988
11781_2,0.0019877742
1056_8,0.9981614
9402_1,0.0015487612
6212_1,0.001477943
3151_1,0.0015978455
5921_3,0.020023443
2198_4,0.002631674
269_2,0.97754294
11464_8,0.99827254
30_4,0.0023231625
5300_1,0.0014325365
2277_3,0.0013670255
10410_10,0.99821776
5233_1,0.0015487612
4336_10,0.11676401
3084_10,0.9979493
2908_8,0.99863297
2814_4,0.071073666
8347_10,0.9986541
2319_1,0.0017007225
16_1,0.0013250223
821_10,0.99856746
2793_10,0.99832565
9909_9,0.9980122
6934_3,0.971564
9138_1,0.0014103585
702_1,0.0014550629
3886_3,0.0015731123
8311_8,0.998103
9199_1,0.0013458604
1254_10,0.99854493
6590_7,0.9923044
3040_8,0.99832565
849_7,0.9976769
7555_10,0.9985896
9668_3,0.006003596
10942_7,0.35154757
11343_2,0.0020507437
7906_10,0.99845123
11671_10,0.9932025
126_4,0.009859855
9623_8,0.9986541
2872_3,0.0014103585
11895_10,0.99854493
3245_1,0.0013670255
6145_8,0.9984022
1022_10,0.997065
6261_1,0.0022518474
6888_3,0.30507588
12443_1,0.0013250223
7433_10,0.9984988
6512_7,0.99818975
4161_9,0.9984269
6745_7,0.5151321
1993_10,0.99732697
6325_3,0.0016743994
12484_9,0.9980122
2204_10,0.9985896
8065_7,0.99605453
1705_7,0.990732
9370_1,0.001622967
6150_1,0.001622967
3587_10,0.99847525
1906_1,0.0014550629
5706_4,0.9977482
3854_9,0.99804294
9655_3,0.001648483
6736_2,0.0013885231
2096_9,0.97134733
2846_2,0.012527932
11849_1,0.0013885231
5224_1,0.0015011822
2987_8,0.9974885
11058_8,0.7595823
2917_3,0.0019267346
459_9,0.9981324
9418_7,0.997917
5803_2,0.0032224844
6742_10,0.9984988
2268_4,0.0034296038
6832_7,0.9975656
4834_7,0.99847525
9532_1,0.0022170132
8197_8,0.99863297
7728_1,0.0013670255
1958_2,0.001810211
5380_8,0.9979493
4896_2,0.0014550629
9529_2,0.0014325365
3322_7,0.99832565
7629_4,0.0013885231
9962_4,0.9978173
9277_4,0.001648483
1071_2,0.0013885231
8266_2,0.001867566
6812_8,0.9961755
3196_7,0.96641046
3430_2,0.001622967
6052_10,0.9984988
221_3,0.0013670255
3244_1,0.0014103585
4846_1,0.001477943
2876_7,0.9888419
4247_4,0.0014325365
11608_1,0.0018386653
564_4,0.013532149
1978_2,0.0019570168
4089_10,0.0048297215
1633_8,0.99788433
8983_4,0.0017821962
10909_7,0.9979493
8135_8,0.0027576222
12238_1,0.0015487612
9564_3,0.0021157034
10174_9,0.9982993
1690_9,0.99837697
4756_8,0.9978173
10718_10,0.9985221
3489_7,0.5895392
2124_1,0.0014103585
3842_3,0.0015247865
2700_4,0.0015011822
5960_8,0.99854493
6193_1,0.0023596606
6719_7,0.9967269
7922_8,0.9962346
12132_8,0.99736834
10169_8,0.99832565
1486_4,0.001622967
8455_1,0.001648483
10019_1,0.0013250223
7028_10,0.9978173
787_9,0.9985896
2414_4,0.0013885231
7182_7,0.947381
5548_9,0.99566853
3963_7,0.9728308
1584_7,0.021948254
6825_3,0.0013885231
6588_3,0.0027149855
10573_3,0.005641909
6693_10,0.99824536
5541_7,0.94122344
12053_9,0.99821776
3662_9,0.99863297
6829_10,0.99861145
285_10,0.99854493
1270_4,0.0024726235
4320_10,0.07030384
1333_3,0.0019570168
6618_1,0.9981614
10119_1,0.001867566
2886_1,0.0015731123
8811_7,0.99771273
11087_9,0.99760324
3436_8,0.9982993
10479_10,0.998103
8365_9,0.9984988
12140_8,0.9980732
6981_7,0.2874489
10447_2,0.0013885231
10352_1,0.0012843083
943_8,0.9985221
513_1,0.0017821962
11192_1,0.002673006
587_3,0.0027149855
3420_10,0.026355354
10030_7,0.9927672
3026_10,0.9984988
3145_1,0.0037654138
2230_9,0.9314625
5193_1,0.0017546144
11337_8,0.99856746
3601_9,0.9985896
3628_10,0.9985221
4952_10,0.9980122
1775_10,0.9985221
8141_4,0.0013670255
572_3,0.0021489493
6732_3,0.0024726235
4274_4,0.0019570168
5892_3,0.0016743994
7035_10,0.99847525
5354_4,0.8940517
4264_4,0.0015487612
8151_9,0.99861145
376_2,0.0013250223
5352_1,0.0013670255
1365_8,0.9971551
8272_10,0.9985221
6942_4,0.0021157034
9067_4,0.9837225
11428_1,0.0019570168
7308_3,0.971564
8349_10,0.9983516
11336_4,0.99760324
551_9,0.9985221
4721_10,0.99856746
4862_1,0.008847355
5469_4,0.0015487612
3834_10,0.99854493
4717_10,0.9985221
4202_9,0.99824536
5335_4,0.9957353
7587_8,0.99818975
10827_4,0.0054692742
3432_1,0.0015011822
6110_4,0.9979493
5618_7,0.9950177
11808_1,0.0014103585
9293_4,0.01757688
2163_8,0.99477994
4802_1,0.001867566
5476_7,0.99861145
9991_1,0.0013885231
2681_10,0.99827254
11728_2,0.9980122
1466_8,0.99837697
4853_7,0.997981
3668_9,0.99821776
5334_7,0.99827254
12017_8,0.9978173
2046_9,0.99854493
2652_7,0.99253935
2250_8,0.9984022
2253_1,0.0017821962
9733_10,0.9976404
3_4,0.9437636
6129_8,0.97821885
6858_3,0.0027149855
371_8,0.9904406
1111_3,0.0022872274
12330_1,0.0019267346
3219_1,0.002019014
11372_9,0.9983516
1434_4,0.0045384313
8232_7,0.9722044
7883_1,0.001264422
9151_2,0.002631674
10574_3,0.0025114634
9376_8,0.9981324
7737_1,0.9588471
7410_8,0.99824536
10488_7,0.9883128
5906_10,0.99861145
5308_10,0.9983516
11266_2,0.0012065897
7627_1,0.0017007225
218_3,0.0013885231
9031_2,0.0014325365
3427_10,0.99863297
8532_3,0.0013045068
6588_9,0.9982993
9744_1,0.0021157034
3061_1,0.001622967
11668_9,0.99824536
9331_1,0.0014550629
238_9,0.9985221
10593_8,0.997783
4441_9,0.9985221
3717_3,0.0014325365
5618_4,0.0020829707
4353_10,0.99856746
1268_2,0.0018969199
5178_3,0.0015731123
2991_1,0.0020829707
9976_9,0.99847525
7891_1,0.0014550629
445_3,0.0015247865
11158_7,0.9981614
10328_1,0.0015247865
9137_9,0.9983516
7399_2,0.0014325365
1187_7,0.99824536
10642_1,0.0012255674
3939_3,0.0023596606
5310_9,0.9985896
2087_9,0.9985221
57_4,0.0017546144
4645_10,0.99818975
1734_4,0.052618954
8924_1,0.0013045068
4418_3,0.0015247865
9403_1,0.0013670255
12065_10,0.99861145
6763_3,0.052618954
3882_8,0.99605453
7286_3,0.0030753699
9259_9,0.9983516
5134_3,0.001477943
10166_4,0.9933072
8362_3,0.052618954
9701_4,0.0029810332
4227_7,0.997851
8483_10,0.99818975
6002_3,0.001264422
5815_9,0.99856746
9385_10,0.9980732
11047_1,0.001477943
6306_1,0.0015731123
9141_2,0.0013670255
4594_1,0.0014325365
10471_4,0.0019570168
48_9,0.9984022
8133_8,0.99824536
8493_1,0.0027576222
3425_8,0.99580115
5731_9,0.9981614
4373_10,0.99771273
4366_10,0.9850429
6123_10,0.04885778
1430_3,0.001477943
508_7,0.97090924
11600_10,0.9985221
11767_8,0.9984988
1597_1,0.0013458604
7257_8,0.99845123
244_2,0.0013670255
116_4,0.0029810332
7856_10,0.99861145
7640_9,0.99845123
10956_8,0.99861145
11002_3,0.47256178
11666_10,0.99863297
7683_4,0.0027149855
10846_4,0.0013045068
1317_2,0.0013250223
5_7,0.008847355
8526_2,0.0015978455
1526_7,0.998103
3144_9,0.99861145
241_7,0.9985896
8953_1,0.0015247865
5919_8,0.99856746
7983_4,0.0014103585
5222_2,0.001622967
1662_1,0.0017821962
5830_10,0.9983516
859_1,0.002673006
10761_8,0.0027149855
12037_7,0.997917
2629_10,0.9985896
1019_10,0.9984988
11270_10,0.9953904
620_8,0.9975656
6718_10,0.96485513
1402_8,0.997065
6804_1,0.0015247865
11743_1,0.0014550629
3117_10,0.99837697
7441_9,0.9975656
4553_2,0.0017007225
5182_10,0.9986749
81_9,0.99657035
8343_10,0.9980732
2030_1,0.0013458604
7866_7,0.9982993
11132_1,0.0015978455
879_3,0.0015731123
6547_10,0.99847525
11166_4,0.0018969199
7427_1,0.0013885231
5848_4,0.004681822
10734_2,0.0014103585
11263_10,0.9984022
9761_7,0.0017546144
7582_10,0.9984269
3849_1,0.0014550629
8242_10,0.99854493
309_10,0.9977482
5492_1,0.001810211
4294_2,0.06142404
7222_7,0.9964064
3365_1,0.0013885231
11084_7,0.99837697
50_10,0.9984269
3234_1,0.0019570168
10155_7,0.99444515
1181_1,0.0013458604
1505_3,0.0015978455
11926_1,0.0014550629
12174_3,0.0019267346
4589_4,0.0014550629
12421_8,0.99854493
1079_8,0.99845123
4852_8,0.9871788
11753_8,0.9985221
11257_10,0.99861145
8270_1,0.0014103585
7690_3,0.0016743994
12354_8,0.07751766
11419_8,0.99824536
7587_4,0.99155444
818_9,0.9394706
10431_10,0.9985896
12056_4,0.56385833
7595_10,0.99832565
2601_1,0.0013458604
10022_10,0.9984022
4124_1,0.0020507437
11573_10,0.99854493
9868_1,0.0015487612
7093_1,0.0029349516
4993_3,0.001264422
3192_8,0.9982993
8269_10,0.9980122
5767_10,0.99818975
8440_7,0.9403531
1038_10,0.99486035
525_9,0.9986749
689_3,0.0014103585
10989_1,0.0013670255
6166_4,0.0014325365
6452_10,0.9985896
3217_1,0.0012843083
11629_4,0.0014550629
4338_1,0.0013458604
2822_1,0.0015247865
11252_7,0.041462272
11097_9,0.9985896
7124_10,0.9982993
261_3,0.0015978455
7828_10,0.99856746
9030_7,0.0040072887
9723_2,0.0013670255
6924_9,0.9984988
11945_4,0.9923044
11811_2,0.0015978455
3115_8,0.9984269
4381_9,0.99821776
676_1,0.02096424
8002_9,0.9980732
9209_3,0.99605453
1677_10,0.99827254
7094_7,0.9984269
12193_8,0.99818975
1227_7,0.9956006
9186_10,0.99818975
6117_1,0.001477943
8621_2,0.9959299
9729_1,0.0015011822
12239_7,0.0035936027
2465_2,0.0019570168
4360_10,0.99824536
10538_1,0.0013045068
3439_4,0.9600627
256_10,0.9978173
7114_1,0.0020507437
3206_3,0.07751766
229_10,0.5525397
7501_3,0.0017007225
3639_1,0.99298817
9751_9,0.99854493
8277_3,0.0013885231
5276_4,0.0025909794
1804_8,0.99827254
8497_1,0.0014103585
7742_1,0.001477943
9755_7,0.9965166
8429_8,0.99804294
769_3,0.8098782
7452_10,0.9980122
1004_4,0.0014103585
6393_10,0.99586606
7457_1,0.0015978455
8182_10,0.99856746
11589_9,0.9985221
4718_8,0.99351174
5315_10,0.99863297
9927_3,0.0015978455
6391_1,0.0013885231
532_3,0.0016743994
10544_10,0.99824536
3576_4,0.0015731123
5420_4,0.0027149855
7140_10,0.9985896
11018_4,0.0015978455
7443_8,0.9981324
7399_9,0.99760324
12129_10,0.99854493
6876_3,0.014172365
9227_1,0.99771273
4983_1,0.0017007225
2502_1,0.0018386653
2584_9,0.99869555
5637_2,0.0014550629
6497_10,0.9985221
8464_2,0.0014550629
2070_10,0.076407686
4574_3,0.0017821962
1642_10,0.997851
356_9,0.99837697
8052_4,0.99821776
2457_10,0.99856746
6322_4,0.0014325365
2218_10,0.9984022
10669_7,0.9984269
5296_2,0.0015978455
1118_1,0.0017821962
8588_1,0.0014550629
12348_10,0.9983516
7990_9,0.98549646
819_7,0.002889581
10552_7,0.14080817
9126_4,0.0015487612
11190_9,0.053009775
6696_2,0.0015487612
4906_10,0.99847525
6809_4,0.9959927
10032_1,0.08819005
2694_10,0.9986541
6411_8,0.9984022
11967_9,0.9961755
10190_1,0.0030753699
316_1,0.0015487612
5644_9,0.95430803
12083_10,0.9984988
9280_3,0.0040072887
11735_2,0.004264634
5219_1,0.0015731123
6810_3,0.0015978455
7817_2,0.0012843083
6753_9,0.020804489
16_8,0.9976404
3908_1,0.0015011822
11502_10,0.99854493
523_1,0.0015011822
11213_10,0.99854493
5058_8,0.99804294
3290_1,0.001867566
2954_4,0.006003596
7148_1,0.10123348
4455_7,0.9918121
1873_7,0.9980122
4796_2,0.0019267346
6317_3,0.01048909
11153_10,0.99845123
3319_1,0.0013885231
1247_9,0.99845123
9119_1,0.0013885231
7904_10,0.99824536
4892_1,0.0013045068
4608_8,0.99760324
4756_4,0.0015731123
230_1,0.004905406
6730_1,0.0018386653
6639_8,0.9969246
1726_1,0.0017007225
4540_2,0.0014325365
1898_1,0.0015011822
877_1,0.0013885231
10416_9,0.99854493
1359_2,0.12678517
8886_1,0.0015011822
553_1,0.0018386653
5252_10,0.99847525
8808_9,0.99827254
8792_10,0.9985221
11723_10,0.9986749
6977_9,0.96814114
5050_2,0.0013458604
6413_8,0.99847525
9880_8,0.99832565
5827_10,0.9984988
5271_10,0.9985221
12231_2,0.0021489493
9913_1,0.001477943
3058_10,0.99861145
1278_10,0.99469805
4923_9,0.9984269
4662_1,0.0013045068
10857_2,0.004070138
5033_7,0.9908744
7681_10,0.9984988
8916_3,0.0015731123
10603_3,0.0016743994
8940_3,0.9850429
2381_1,0.031858858
9188_8,0.99804294
5290_8,0.9918121
6746_1,0.020488555
1001_10,0.99847525
1190_1,0.0019267346
1858_1,0.0012843083
5645_10,0.99861145
3021_9,0.99861145
9801_2,0.97262347
2498_4,0.0015978455
7972_10,0.99856746
1200_1,0.0017274586
9626_4,0.98951083
11750_10,0.99821776
9571_10,0.99804294
11593_10,0.9985221
4432_10,0.9983516
10324_1,0.0021489493
9123_10,0.9983516
10155_1,0.0020507437
12237_10,0.99845123
2828_2,0.2295352
6375_4,0.0025909794
8264_10,0.9984022
6131_7,0.997285
2950_10,0.99856746
3584_1,0.0012843083
3077_9,0.99856746
8867_10,0.99847525
4189_9,0.99847525
2297_9,0.998103
3607_8,0.9982993
339_10,0.9984269
6450_10,0.99832565
8537_9,0.9979493
5663_10,0.99847525
7179_10,0.9984988
1929_10,0.947381
7363_10,0.9980732
7073_10,0.99856746
8472_10,0.9984988
2397_4,0.0064882697
5710_3,0.0015487612
12429_1,0.0013045068
4841_9,0.4248295
5819_2,0.0013458604
7112_8,0.9971551
1087_10,0.9985896
10766_8,0.99788433
10675_8,0.9766692
11953_3,0.0019267346
1927_9,0.997981
10455_9,0.5672176
451_8,0.99837697
10796_8,0.9941801
5288_7,0.9985221
4368_2,0.0014325365
10456_10,0.9984022
9981_1,0.0014550629
11403_1,0.0015247865
5219_7,0.9969722
11929_4,0.03567855
5481_10,0.99863297
3829_4,0.0014103585
11367_4,0.0018969199
8154_10,0.9986541
2754_2,0.0015011822
2299_10,0.9985221
8868_1,0.0015487612
4566_10,0.9984988
6688_1,0.001622967
2666_4,0.0012843083
11892_10,0.9986541
2667_10,0.97090924
9244_9,0.99827254
12498_7,0.0030278352
3493_9,0.99469805
7565_10,0.9982993
2916_7,0.99845123
12473_8,0.9763105
3142_9,0.99854493
3289_10,0.9985896
11159_10,0.9981324
8428_2,0.001264422
4152_8,0.9977482
10754_8,0.9984988
11718_1,0.0012843083
5408_1,0.001477943
5686_8,0.9980732
7479_8,0.9980122
5160_10,0.9980732
3138_1,0.0015978455
10343_9,0.99847525
9524_3,0.004905406
7794_1,0.0013885231
5433_1,0.0025909794
3380_8,0.99837697
7222_3,0.001477943
1751_4,0.9926542
3914_10,0.9923044
8022_3,0.0015487612
3975_4,0.001622967
8177_1,0.001648483
5670_1,0.0013885231
203_10,0.99845123
4315_2,0.0016743994
8296_8,0.97754294
971_10,0.9984988
12018_1,0.0017274586
3714_9,0.9985221
4342_2,0.0025114634
4965_3,0.0014103585
5126_8,0.99854493
10686_3,0.87321484
7290_10,0.99854493
8474_8,0.9985221
7633_2,0.018689308
2226_10,0.99553156
1436_9,0.099120855
813_10,0.9984988
11865_7,0.997851
4937_9,0.99854493
4613_9,0.013742321
8129_9,0.9976404
2376_4,0.0018969199
6861_1,0.0014103585
9104_2,0.0016743994
10590_3,0.001622967
11021_4,0.0017274586
9480_10,0.997917
12212_10,0.997783
11766_7,0.9985221
5356_7,0.9977482
9572_7,0.9985896
3264_8,0.9984269
11794_1,0.0015247865
11739_2,0.9785493
731_8,0.99804294
6278_9,0.9964619
625_10,0.99861145
7252_2,0.0013670255
5171_10,0.9980122
9149_3,0.0015247865
10780_3,0.002631674
1568_9,0.99854493
7291_9,0.9984988
2288_8,0.99824536
3126_9,0.99832565
3352_7,0.99760324
9455_1,0.0013045068
1709_7,0.99253935
9309_2,0.0014325365
994_3,0.0021489493
4173_10,0.99832565
113_3,0.001477943
10472_10,0.99657035
7193_1,0.0013458604
9978_3,0.0014103585
783_8,0.9985221
7585_10,0.9984022
2135_9,0.95292586
10887_10,0.9981614
4075_2,0.0018969199
10521_2,0.0013250223
844_1,0.0014325365
6691_3,0.0014325365
3879_4,0.003538086
3511_1,0.0019267346
332_1,0.006003596
7398_4,0.001477943
1845_1,0.0015487612
3890_3,0.0017821962
3781_9,0.9984269
3723_1,0.0013458604
2908_1,0.0012448432
7625_3,0.0013885231
6310_10,0.99845123
9432_4,0.9981324
1820_10,0.99856746
6809_8,0.99845123
9911_1,0.0013670255
12001_8,0.99818975
7266_7,0.9984022
263_10,0.9984988
2109_3,0.010169657
7293_4,0.9911527
8874_8,0.99821776
2143_4,0.99837697
4307_9,0.99856746
4176_1,0.0013250223
8369_3,0.20149878
12317_1,0.0021827165
1687_4,0.0014550629
12082_1,0.001648483
3396_10,0.99827254
9129_9,0.997065
10090_10,0.99854493
11841_1,0.0022518474
12447_4,0.001622967
11624_10,0.99856746
8624_10,0.9932025
9290_1,0.0017821962
1108_8,0.0065897712
4300_10,0.99863297
2553_4,0.0017007225
10550_8,0.9926542
8884_10,0.0076956474
6760_2,0.0013458604
1177_3,0.02350945
9939_2,0.9959299
2100_7,0.997917
9677_1,0.0031726828
2511_4,0.0017546144
4115_8,0.9984988
437_9,0.997851
6698_10,0.9984269
11049_9,0.9974491
10168_4,0.001810211
8071_8,0.998103
12474_4,0.99361163
3775_10,0.99861145
7478_10,0.99861145
4312_8,0.9911527
3105_7,0.9968273
640_9,0.9983516
6891_1,0.0014103585
1849_10,0.9984269
8528_7,0.99155444
9032_4,0.6503007
11743_9,0.99856746
2813_10,0.9976404
846_2,0.0034834242
3695_4,0.993807
5972_3,0.0014325365
4831_1,0.0013458604
11826_1,0.0015011822
7684_10,0.99837697
7042_8,0.99824536
10247_10,0.9984988
6766_8,0.9962346
2091_2,0.0039454065
5108_2,0.0025909794
10644_1,0.012527932
5955_2,0.0016743994
9451_10,0.99854493
11518_10,0.9959299
3871_1,0.0030753699
5013_1,0.0013458604
5056_4,0.0145035805
3688_1,0.001477943
2325_2,0.021615336
6330_4,0.0015247865
8783_1,0.0016743994
3848_3,0.0014550629
5901_10,0.998103
10947_3,0.0018386653
4590_10,0.99845123
4337_10,0.0025909794
11029_3,0.0017007225
10980_3,0.02865267
165_7,0.99298817
474_8,0.99856746
3175_8,0.9984022
11764_1,0.0011879054
2164_7,0.9975656
8891_8,0.9985221
8294_9,0.9984269
6602_7,0.001648483
8187_8,0.9974885
2609_2,0.0017274586
6506_8,0.99847525
2207_1,0.0015487612
2467_9,0.99861145
7440_1,0.0015247865
6417_8,0.102664
12278_7,0.99845123
4495_3,0.13161905
8223_10,0.99854493
3659_4,0.01812472
1120_3,0.0015731123
9713_3,0.0019570168
808_10,0.9984988
11164_10,0.9984269
3536_10,0.99821776
10930_1,0.0013885231
6868_4,0.001622967
2248_1,0.0013885231
3624_4,0.0036499873
1442_1,0.0014550629
10167_4,0.0017274586
10645_10,0.0269635
4414_1,0.019719128
6409_2,0.0012843083
10486_1,0.0014325365
2983_7,0.99845123
4985_4,0.0016743994
3566_9,0.9984269
8340_4,0.9962346
10246_9,0.99771273
7380_1,0.7134316
12381_3,0.111627996
11723_4,0.0015978455
7478_1,0.001648483
900_9,0.9982993
3364_2,0.0017274586
6570_1,0.0017274586
9309_8,0.9979493
6044_1,0.0015011822
9261_2,0.0014550629
5690_8,0.9950177
5326_2,0.0015978455
11179_10,0.9979493
8908_1,0.0013670255
10224_9,0.99832565
7318_10,0.99837697
11098_8,0.08509905
10120_1,0.0014325365
4561_2,0.44987595
4409_3,0.002673006
4301_9,0.0015247865
9254_3,0.001648483
10717_9,0.99854493
10619_2,0.013121271
5924_1,0.0022518474
11657_10,0.9981324
6373_4,0.0015978455
10469_10,0.9979493
5531_9,0.014728613
1089_10,0.9978173
5082_10,0.9984988
4267_1,0.0013250223
3006_10,0.9983516
9318_3,0.0015731123
11877_1,0.0014550629
7274_1,0.0015731123
12450_7,0.9980122
148_9,0.99361163
10353_10,0.0076956474
1368_8,0.04672496
9408_7,0.9953181
5739_7,0.9969722
7036_10,0.99861145
11554_2,0.0014550629
4601_9,0.99854493
10376_3,0.99657035
2486_8,0.9985896
5745_4,0.0029349516
873_3,0.0028449094
7009_1,0.0017007225
542_7,0.99861145
12008_8,0.99847525
8040_8,0.99818975
4048_2,0.0014550629
4895_10,0.997981
11789_9,0.99845123
5084_7,0.99605453
9207_10,0.9984022
923_4,0.0015487612
106_3,0.009125638
1125_1,0.0015978455
839_10,0.9967269
5285_10,0.9982993
7444_7,0.9967269
1566_8,0.99863297
3285_1,0.0015011822
6203_2,0.0015978455
11147_3,0.0035936027
11152_3,0.0013458604
3335_9,0.99832565
6689_1,0.0014103585
6557_7,0.99854493
3362_10,0.9985221
101_3,0.01461567
10692_4,0.0013885231
4462_7,0.997065
265_1,0.0014325365
1369_3,0.023870835
9112_10,0.99837697
7870_1,0.001477943
6102_10,0.99832565
3973_10,0.997783
8232_1,0.0013885231
3177_10,0.99821776
11598_10,0.0021157034
882_2,0.97068775
5660_10,0.9888419
1685_10,0.9985896
2064_1,0.0013045068
2296_9,0.9981324
3648_10,0.99711037
5486_4,0.0014103585
2496_8,0.9982993
9579_10,0.9914225
10776_10,0.99861145
5889_10,0.971564
8292_1,0.0017821962
10547_3,0.0015247865
10415_7,0.9981614
10741_1,0.0012843083
10196_1,0.0014550629
12155_2,0.0015731123
2224_3,0.0013458604
10356_7,0.99341017
7202_1,0.0013670255
11973_10,0.9968273
1792_8,0.9968273
7894_9,0.9984988
11413_1,0.0028009268
10596_10,0.99845123
2462_2,0.034358688
9451_1,0.0013885231
2895_1,0.001477943
2513_4,0.0022872274
11950_7,0.018546565
10566_9,0.9981324
2209_4,0.99553156
9292_4,0.0017546144
5575_8,0.9984022
1688_4,0.002019014
440_8,0.9984269
6324_10,0.9985896
8296_2,0.001622967
9460_1,0.0017821962
3992_8,0.9984269
11425_10,0.9985221
147_4,0.9884919
2897_4,0.9046505
6214_4,0.001648483
11157_4,0.0014103585
4204_8,0.9984988
7255_2,0.0067975316
8435_1,0.0025114634
11354_2,0.0013458604
2136_9,0.99760324
295_1,0.11008788
335_10,0.99856746
8791_4,0.0023231625
2817_1,0.0013458604
1629_8,0.9971551
6826_3,0.0012255674
5550_8,0.99845123
3572_10,0.9984269
4543_10,0.9985221
2789_1,0.0015487612
12288_7,0.99719906
9769_9,0.99856746
1257_1,0.010013569
6180_10,0.9986541
8881_8,0.9983516
7075_10,0.99861145
10254_1,0.001622967
12214_10,0.9980732
829_10,0.997981
5633_8,0.99832565
6202_7,0.0062899017
4843_10,0.99854493
7564_8,0.99837697
3539_4,0.31278968
9634_9,0.9979493
7578_9,0.99854493
6642_9,0.9986749
3438_8,0.9962346
11407_4,0.005554925
9891_1,0.0015011822
3875_4,0.001648483
6447_2,0.0015978455
5027_8,0.99847525
11415_7,0.9976404
7762_9,0.0020507437
7263_10,0.99856746
6556_1,0.0074606435
5491_10,0.99861145
3418_8,0.99771273
4137_1,0.0016743994
5519_7,0.9984988
3435_9,0.9984022
10199_10,0.997917
5212_4,0.33003917
11891_10,0.99861145
4989_7,0.0019267346
2883_3,0.0013250223
9154_2,0.04885778
8384_10,0.9977482
4082_10,0.9981614
4334_2,0.0018969199
5652_10,0.99845123
4544_2,0.001810211
4987_8,0.9985221
9648_3,0.0014550629
10755_4,0.99611557
4386_1,0.0016743994
4619_4,0.0019877742
5860_7,0.99740905
11492_1,0.0013670255
2126_9,0.9976404
8355_7,0.9974491
6560_10,0.99837697
4026_9,0.99863297
4019_7,0.9942697
455_10,0.9985221
6637_1,0.997917
7490_3,0.0017546144
10533_10,0.9976404
7417_7,0.9985221
3392_2,0.0015247865
460_1,0.57511085
5364_10,0.9984988
234_7,0.99856746
709_4,0.0039454065
2753_9,0.99854493
9434_10,0.9976769
2835_7,0.99847525
6849_1,0.0021489493
11186_3,0.0013458604
10902_8,0.9984022
2617_2,0.0013670255
7423_9,0.993807
4699_1,0.001622967
12312_10,0.99788433
6185_4,0.004070138
3742_3,0.0013250223
1314_8,0.9980122
7985_1,0.9961755
3669_4,0.001648483
2791_8,0.99827254
2295_8,0.99856746
12111_1,0.0015487612
11827_10,0.99856746
10191_1,0.0021157034
5264_2,0.016403032
11002_8,0.99854493
12423_2,0.0015487612
3551_7,0.99788433
10804_3,0.95362175
3670_4,0.001648483
8408_10,0.9984988
1307_10,0.99824536
10906_10,0.9980732
4039_2,0.0013670255
1010_9,0.99847525
8764_1,0.0047552
10894_10,0.99847525
1249_1,0.0014103585
1844_9,0.99845123
3252_9,0.99847525
12272_1,0.0022872274
5599_10,0.9985896
6265_8,0.99856746
4497_4,0.001622967
3925_2,0.0014550629
7935_9,0.997917
12146_1,0.0013458604
2345_3,0.011597362
11171_10,0.99856746
6726_1,0.0014325365
11129_9,0.9943581
616_10,0.99854493
11349_3,0.0013885231
2485_10,0.9984988
3212_4,0.013020489
5578_10,0.99856746
2252_9,0.9985896
11643_3,0.0015978455
12081_4,0.0014325365
4104_10,0.9984988
4504_7,0.9974885
6354_10,0.99824536
12118_8,0.99861145
9680_10,0.9956006
7173_10,0.9986541
1965_3,0.0015978455
2674_7,0.9492946
1425_1,0.0022170132
4017_8,0.9985221
3835_2,0.9975274
1335_4,0.45374593
627_1,0.0017007225
8330_3,0.9967775
8907_1,0.0017007225
11801_10,0.9984022
3231_1,0.0012448432
860_4,0.0015731123
2902_8,0.99869555
11550_4,0.95150405
4944_10,0.9981614
10190_10,0.0022170132
4090_3,0.0013045068
3863_1,0.001264422
3904_9,0.9985221
917_4,0.0018386653
5540_2,0.0014550629
9183_7,0.9976769
2570_4,0.0013885231
11868_1,0.0017274586
7438_3,0.074231364
10484_2,0.0014103585
1988_8,0.99854493
46_2,0.0013885231
6624_4,0.0015247865
4666_7,0.99509466
11479_4,0.001622967
308_1,0.001264422
5400_9,0.997917
5258_1,0.0013670255
432_3,0.0014550629
7245_1,0.0014325365
7082_1,0.0015247865
9698_10,0.9964064
1085_9,0.9980732
9999_10,0.9984988
4235_7,0.997783
11603_10,0.9975656
4457_3,0.008847355
5022_8,0.99837697
12278_3,0.015189049
12076_2,0.001810211
7239_4,0.0029810332
4691_10,0.99847525
9820_2,0.011508149
5932_1,0.18447348
10265_9,0.9980732
9247_2,0.0014550629
4581_3,0.0029810332
11060_7,0.9981614
10349_2,0.001648483
9821_3,0.0019267346
3375_7,0.987375
5515_10,0.9978173
3921_8,0.9952448
6671_8,0.9982993
7051_7,0.9978173
743_7,0.9968273
8230_3,0.12765263
11203_2,0.0015978455
11616_1,0.001622967
8033_9,0.9984269
1472_10,0.9981324
1932_3,0.0013885231
6827_2,0.0013045068
6912_4,0.001477943
12024_1,0.0013670255
10625_1,0.0014103585
9528_10,0.9984022
6663_3,0.0013885231
10727_1,0.0015731123
6646_10,0.9985221
7632_7,0.9982993
8518_2,0.0018386653
6398_9,0.99845123
488_8,0.99845123
4133_1,0.0013250223
4128_10,0.99863297
5883_10,0.99824536
10240_1,0.0014325365
8791_8,0.99863297
10917_8,0.9985221
9097_10,0.99856746
8438_1,0.0014550629
7536_1,0.0029810332
7542_3,0.0032224844
3928_7,0.99719906
12477_2,0.0021157034
9157_3,0.0014103585
2694_2,0.9981614
3632_3,0.009559399
7169_10,0.99854493
6931_7,0.0030753699
11474_10,0.9985896
2252_1,0.0013458604
1261_7,0.0030753699
523_9,0.684264
12233_2,0.0014550629
4731_9,0.99854493
12376_10,0.99635005
11834_4,0.011869121
7063_9,0.9964064
5289_1,0.0014550629
9632_3,0.0030753699
11086_1,0.0015247865
8224_10,0.99856746
8013_3,0.7892337
8003_3,0.0013458604
2281_8,0.997917
4643_7,0.99818975
7942_3,0.0014550629
11067_2,0.0022872274
5577_1,0.001648483
5796_1,0.0013250223
11514_1,0.0017274586
1867_1,0.0023231625
4804_2,0.0013885231
4547_1,0.0013458604
6391_7,0.9939964
6260_9,0.99854493
5355_10,0.040237945
12358_4,0.3377221
860_7,0.9984988
3768_1,0.99724233
8742_3,0.994615
10786_4,0.001477943
5337_3,0.0015247865
11260_10,0.9980732
7364_1,0.0015487612
4434_2,0.0013670255
10604_8,0.9982993
9587_7,0.0047552
738_1,0.9845754
3757_8,0.9984988
6970_10,0.9984988
6194_1,0.0017274586
4559_10,0.8951567
2334_3,0.0015247865
10636_3,0.002631674
4192_1,0.0013250223
1579_4,0.40756914
7168_10,0.99856746
3789_9,0.9933072
5617_7,0.99832565
5757_8,0.9980732
1431_7,0.0015978455
6130_4,0.0021489493
12092_3,0.0022518474
7918_3,0.0017274586
5386_10,0.6762993
2794_9,0.9956006
2394_2,0.0017007225
10690_7,0.99845123
6406_4,0.0015978455
12288_2,0.002019014
7405_4,0.01065251
6153_10,0.0016743994
5577_9,0.9984269
1462_1,0.0017821962
7732_9,0.997783
9046_10,0.99856746
11086_8,0.9975274
1426_7,0.99818975
12174_10,0.9980732
5537_1,0.0012843083
11746_1,0.0013670255
12203_10,0.9984269
11585_7,0.99821776
9765_1,0.0012843083
6295_8,0.99847525
3991_4,0.00581996
11134_10,0.9985221
12379_7,0.99657035
7316_2,0.0015731123
6955_4,0.0018386653
8092_7,0.99832565
9788_1,0.001477943
9494_1,0.0013045068
721_10,0.9982993
1250_9,0.9981614
3204_2,0.0034296038
6539_9,0.99856746
7944_1,0.0013045068
8632_8,0.99854493
2787_10,0.9984988
11497_1,0.0015978455
8577_9,0.9985221
2717_8,0.997783
3251_8,0.99847525
11714_7,0.998103
3868_7,0.9985221
7394_1,0.0030278352
481_7,0.9966756
5237_2,0.0020829707
11148_9,0.9974885
11946_7,0.99824536
7301_1,0.0017546144
384_9,0.99740905
8535_2,0.0012843083
8067_8,0.99854493
8452_2,0.0015011822
7361_1,0.0013045068
4017_3,0.001477943
6304_9,0.9984269
7326_10,0.99847525
399_1,0.0014550629
9003_1,0.0013045068
11314_8,0.013121271
4909_10,0.99854493
10463_10,0.99854493
7355_2,0.0019267346
3553_2,0.9840936
4404_10,0.99861145
9304_1,0.0022170132
7903_1,0.001477943
4429_3,0.0029810332
6287_7,0.9959299
10461_1,0.0013670255
668_10,0.010818449
7560_10,0.99856746
2785_1,0.0013670255
2801_10,0.9985896
4318_9,0.9984988
244_9,0.99854493
12435_2,0.0014325365
2788_9,0.99847525
2537_7,0.99361163
928_1,0.0013458604
3312_7,0.99856746
12147_10,0.99861145
5414_9,0.99732697
9871_1,0.0014550629
1308_8,0.99861145
7668_1,0.0013885231
5571_10,0.9983516
2052_10,0.99824536
7089_9,0.9984988
6411_2,0.0016743994
8514_1,0.001477943
5921_10,0.9985896
3264_1,0.0012843083
319_1,0.003707253
3433_10,0.9985221
1610_8,0.9984022
8002_3,0.0015487612
8099_9,0.6948206
5418_1,0.0013670255
6247_3,0.0067975316
5153_8,0.8692713
12201_1,0.001648483
8900_1,0.0015247865
10908_2,0.0023231625
598_1,0.001810211
10590_9,0.99586606
6706_10,0.9985221
12299_9,0.99788433
2159_7,0.99253935
186_1,0.0015247865
3008_8,0.997783
831_7,0.9984988
2717_3,0.001648483
5174_10,0.99827254
3088_3,0.0015487612
6262_8,0.994089
12303_1,0.0016743994
9904_8,0.9986749
10097_10,0.9984269
6242_8,0.99824536
9653_10,0.9985896
12499_1,0.001648483
894_1,0.7435406
8935_7,0.9980122
3184_2,0.002673006
2226_4,0.001622967
592_10,0.99856746
2173_8,0.99861145
10967_2,0.001264422
3332_3,0.99371004
1074_2,0.0013458604
2396_4,0.0013250223
2627_4,0.997851
5982_9,0.9984269
1386_1,0.0016743994
7325_4,0.9968273
112_2,0.0018386653
8856_10,0.9978173
1948_1,0.0013045068
5791_4,0.1724504
1007_9,0.9984022
3758_3,0.0015247865
6455_2,0.0013670255
6464_9,0.99856746
5403_10,0.9986541
7076_10,0.99861145
6123_3,0.0017007225
2832_7,0.99861145
9287_10,0.99863297
3665_10,0.9926542
4488_4,0.0015978455
5861_1,0.0013458604
2222_10,0.9984269
9608_1,0.0013670255
6225_4,0.0016743994
5643_3,0.0014550629
8720_7,0.9840936
4955_7,0.9980122
6839_1,0.0018969199
7396_1,0.001264422
6234_8,0.9859364
10423_1,0.0014550629
2158_1,0.0013250223
6929_8,0.9979493
7593_3,0.25441635
636_1,0.001648483
2747_7,0.99453074
7398_10,0.99832565
6852_4,0.002019014
9938_3,0.0015011822
3989_3,0.99605453
1104_9,0.9961755
5897_3,0.0017007225
5254_3,0.0013670255
4824_1,0.0031726828
10945_8,0.9967775
11486_8,0.99837697
2542_1,0.0015247865
1824_10,0.9984988
10181_2,0.0019267346
2492_9,0.99832565
8111_1,0.0013885231
5844_9,0.99856746
1369_7,0.0025114634
10775_4,0.0017546144
9617_9,0.9977482
4709_1,0.001477943
7043_2,0.0015487612
5166_10,0.9983516
1604_8,0.99856746
8576_8,0.99856746
1916_7,0.9898303
10286_10,0.9926542
10241_1,0.0014325365
12441_9,0.99847525
4529_1,0.0014550629
1553_3,0.0017546144
3985_4,0.8984106
5542_8,0.9978173
10857_9,0.99788433
7600_1,0.0013885231
12095_9,0.9978173
3134_10,0.9985221
9472_3,0.036220055
1058_10,0.99856746
7328_9,0.9984988
3865_3,0.0017274586
7409_3,0.0016743994
4795_1,0.0013885231
11596_10,0.9953904
3758_8,0.36353388
5099_4,0.0016743994
7707_10,0.9981614
1412_3,0.0015487612
4720_10,0.99854493
978_7,0.9985896
6165_8,0.99863297
1307_1,0.0014325365
2322_7,0.2708658
5328_10,0.99580115
11934_8,0.99847525
1940_3,0.014281935
6270_10,0.0017546144
5262_8,0.9985896
4068_9,0.99861145
1208_3,0.97112906
10220_3,0.0014325365
5091_1,0.0014550629
2738_1,0.0013885231
8909_3,0.0015978455
932_2,0.99101454
863_10,0.998103
454_1,0.0034296038
10525_4,0.001477943
175_4,0.0029349516
4551_1,0.0018386653
5666_1,0.0015247865
4324_10,0.99837697
8189_1,0.001477943
12064_10,0.9956006
8622_10,0.99711037
1115_9,0.9968273
9593_1,0.0021827165
5579_10,0.9985221
3467_1,0.004264634
11409_1,0.0013885231
8682_1,0.0012843083
7866_1,0.0017007225
6111_8,0.004070138
524_9,0.9985896
9837_7,0.99827254
2215_1,0.0019570168
6840_10,0.9985896
7384_8,0.99854493
6353_7,0.99845123
8650_3,0.011508149
1890_10,0.9981614
10402_8,0.99657035
3770_4,0.002019014
3086_1,0.0013250223
1487_3,0.0017821962
2995_10,0.99856746
2356_7,0.9926542
5320_10,0.9968273
3235_1,0.0015487612
6802_1,0.0017821962
11329_9,0.0045384313
1143_8,0.99101454
5768_3,0.010986943
8004_1,0.0017007225
5453_3,0.0019877742
11288_10,0.026759284
3278_10,0.9985221
11856_7,0.9845754
12057_10,0.997981
1825_4,0.0025114634
3319_10,0.99845123
5956_7,0.99863297
4875_10,0.9969246
562_1,0.0015731123
11359_8,0.9980732
12454_10,0.022802636
10621_2,0.0015247865
10407_2,0.0015247865
3532_2,0.0013458604
10162_4,0.98527133
7084_4,0.017712297
167_10,0.99719906
3362_1,0.018689308
6370_10,0.9985221
2281_3,0.91367656
10454_1,0.0016743994
12387_8,0.9974491
8375_8,0.994089
9656_3,0.0019267346
9387_1,0.0013885231
4907_1,0.0013045068
4697_9,0.9984988
4217_1,0.001264422
8860_10,0.9911527
7312_3,0.01243165
9326_10,0.9985221
3785_8,0.9814534
2255_1,0.0018386653
9950_3,0.115560874
558_2,0.0013458604
413_8,0.9980122
7837_9,0.99837697
9192_1,0.0013670255
7_1,0.0015011822
9674_1,0.0014550629
9771_4,0.0015011822
3331_10,0.99711037
11444_8,0.6217706
3009_7,0.69678426
5584_1,0.0013458604
12044_10,0.9984022
5952_9,0.9982993
4989_2,0.0013250223
5722_3,0.0013670255
6207_4,0.018978037
7646_1,0.0015011822
1811_3,0.0014325365
1197_3,0.0017274586
709_9,0.9985896
8554_9,0.99486035
1706_9,0.9956006
10060_10,0.9985221
6818_1,0.002396731
7255_9,0.9981614
3790_7,0.997851
7833_9,0.0017546144
7448_4,0.0015011822
3456_1,0.0013458604
3881_3,0.001648483
11049_1,0.0013885231
1269_1,0.0015731123
7803_10,0.99856746
1413_9,0.98282325
1289_8,0.99837697
3967_9,0.997851
7533_10,0.99863297
5372_8,0.9957353
1518_1,0.0015247865
10752_3,0.0014550629
4863_3,0.0014325365
699_1,0.0014550629
11537_3,0.002396731
9241_7,0.9984269
876_3,0.020023443
11234_4,0.9888419
5942_4,0.5931601
1778_10,0.013325147
2631_9,0.020804489
7425_9,0.99861145
3410_10,0.99821776
9155_10,0.99821776
4396_10,0.99847525
8894_7,0.997917
6034_10,0.9429286
12105_1,0.0014325365
11645_7,0.9984022
1821_4,0.742048
9028_7,0.9975274
4670_7,0.9984269
4720_3,0.0013458604
10001_1,0.0013670255
8363_2,0.0015247865
5681_9,0.99818975
8165_10,0.99856746
11961_2,0.001622967
406_1,0.0013458604
8313_1,0.0014550629
11945_7,0.91086304
9454_9,0.9978173
9523_10,0.9981614
10516_10,0.99832565
6036_3,0.0018386653
5046_1,0.001477943
9019_9,0.9981324
5471_10,0.9984269
11862_7,0.001622967
651_1,0.9966234
3131_9,0.9981614
9912_1,0.0015247865
6231_2,0.0021827165
5523_2,0.16858302
1817_1,0.0019570168
8880_7,0.9984022
6080_4,0.001477943
9940_1,0.9985221
3409_4,0.9966234
3713_4,0.0020507437
3447_3,0.0028009268
3460_8,0.9985896
9397_10,0.9978173
5528_8,0.9967269
7658_10,0.99821776
5893_10,0.9986541
1646_1,0.0015247865
9620_7,0.004331502
66_3,0.9967775
1691_10,0.99821776
4311_7,0.9965166
12091_1,0.0018969199
5391_1,0.0013045068
576_4,0.0015978455
4734_9,0.993807
6008_10,0.99854493
8527_7,0.99469805
6048_10,0.005060332
5102_10,0.99861145
6794_10,0.99845123
3473_3,0.0015011822
2025_9,0.9985896
9728_2,0.0018969199
10704_10,0.997065
9094_4,0.99605453
7838_9,0.9984988
5779_1,0.0013670255
5342_4,0.86060363
9291_10,0.99856746
7028_2,0.0017546144
1331_9,0.9964619
9913_8,0.9980732
10250_10,0.9985221
9227_8,0.99687636
6278_4,0.001810211
2302_1,0.0040072887
7000_2,0.0015731123
416_2,0.0075772414
6846_1,0.001648483
3253_9,0.9985896
1712_1,0.0013458604
9720_10,0.997285
769_9,0.9985221
6635_10,0.99711037
1421_10,0.015906392
6803_1,0.0013458604
4290_4,0.0015487612
2465_7,0.9932025
70_8,0.99861145
5176_10,0.9981324
305_2,0.0017007225
11094_3,0.0015011822
1109_10,0.99856746
95_3,0.97788346
2378_10,0.99856746
3270_3,0.0013885231
6999_4,0.9730365
7594_8,0.005384938
9549_10,0.99847525
8263_4,0.98677725
10379_9,0.99818975
11187_1,0.011869121
2278_3,0.0017821962
11180_4,0.00498227
745_10,0.99847525
9794_4,0.007815888
6565_1,0.001622967
9608_8,0.9980122
12222_1,0.0013250223
9330_9,0.99818975
3611_9,0.9985896
1775_4,0.002631674
3635_1,0.0015011822
3893_1,0.0017274586
2802_1,0.0025509126
2481_10,0.93674946
1540_3,0.9962346
2205_4,0.0014325365
10970_7,0.9980122
8287_2,0.0013250223
484_1,0.0013045068
249_2,0.0064882697
12073_10,0.99845123
1443_7,0.997065
4985_7,0.998103
12247_1,0.007011795
3170_3,0.0016743994
2900_10,0.99861145
1930_9,0.9985896
12309_10,0.9983516
10720_8,0.99856746
5260_4,0.0016743994
5212_8,0.99861145
3872_10,0.9983516
9705_1,0.0015487612
10367_8,0.9984269
10063_10,0.9985221
9682_1,0.95430803
7356_8,0.9981614
6045_7,0.64768684
3181_10,0.99845123
7212_9,0.9967269
8801_9,0.99832565
2910_3,0.5450436
5031_7,0.99856746
1416_1,0.0015011822
8903_10,0.99847525
10620_4,0.0013885231
8957_1,0.0013250223
3374_1,0.0025114634
9196_1,0.0015011822
5167_10,0.99824536
10900_1,0.001867566
5405_2,0.0015247865
1546_1,0.14560063
12331_4,0.0020507437
4733_9,0.9984269
6682_10,0.9986541
1356_8,0.99856746
2301_2,0.0014550629
11565_7,0.9976404
8731_7,0.99847525
1638_10,0.99863297
7280_3,0.001648483
51_4,0.0017546144
355_4,0.002631674
485_10,0.99854493
554_4,0.001867566
8059_3,0.0013045068
3645_4,0.003538086
7332_7,0.9985221
10877_2,0.0015731123
10837_1,0.0013458604
6273_10,0.9980122
11773_2,0.0016743994
744_1,0.0015247865
9762_8,0.99847525
831_4,0.001867566
4450_3,0.0014550629
5338_4,0.0015247865
6741_2,0.002889581
5962_9,0.9974491
10363_3,0.004133968
9063_10,0.9986749
2739_1,0.0020507437
5920_2,0.0013885231
5200_9,0.997851
6498_10,0.9985221
591_1,0.4860876
8010_9,0.9984022
369_8,0.9976404
9971_9,0.99861145
11735_8,0.9982993
11278_10,0.9976769
1464_9,0.997285
3787_8,0.9983516
10097_2,0.0017274586
3728_8,0.9985896
9996_2,0.0017007225
8676_10,0.99832565
9718_4,0.0017821962
9280_7,0.997285
8343_4,0.10194652
3505_1,0.0015487612
8863_10,0.9985896
5682_10,0.89218736
4704_2,0.9962346
11106_7,0.5136685
10541_2,0.023689471
6601_9,0.99854493
11387_10,0.9983516
8864_10,0.997917
7139_4,0.0019877742
10068_8,0.9980122
2572_1,0.0015247865
3819_10,0.9983516
11954_1,0.0013885231
2525_4,0.0025114634
12440_7,0.99854493
1489_10,0.9985896
12422_7,0.030444348
5463_10,0.99861145
5684_1,0.0013250223
30_9,0.9986541
1255_8,0.99861145
3993_4,0.0014550629
10386_7,0.004198795
10111_10,0.99771273
2915_9,0.049589027
4621_1,0.0013670255
3671_9,0.9985896
1069_4,0.001477943
2060_10,0.98866826
3788_2,0.009708476
3_7,0.9957353
7722_1,0.0013458604
9601_1,0.0014325365
3294_3,0.0024726235
4361_1,0.0013250223
6626_7,0.85342485
5799_10,0.99635005
332_10,0.9984022
4320_4,0.001648483
4545_9,0.998103
6029_1,0.0014103585
6329_1,0.0025909794
5586_1,0.001622967
9401_1,0.0015978455
7087_10,0.997783
5200_1,0.0014325365
9707_7,0.13318956
5006_10,0.0715912
4702_4,0.64053744
11207_10,0.98707944
3593_1,0.001648483
3050_3,0.441673
6036_7,0.0018386653
2221_2,0.001622967
6895_1,0.002631674
5678_10,0.99856746
8395_10,0.9985896
8193_1,0.0013885231
11689_4,0.0017274586
10207_10,0.9984988
5028_4,0.0014325365
26_3,0.008577485
11774_10,0.99736834
59_3,0.001477943
7339_4,0.0018969199
2141_7,0.009268014
10647_10,0.99856746
7703_8,0.090092994
5904_10,0.99687636
11952_7,0.9974491
6355_1,0.0013045068
7465_1,0.0013045068
1244_9,0.99847525
5129_9,0.9984022
4015_10,0.99856746
435_1,0.0015247865
8974_3,0.0043994132
2294_2,0.002019014
5028_8,0.9981614
3850_1,0.0013250223
3162_10,0.9976769
7690_10,0.9976404
10957_1,0.9079672
8809_10,0.99771273
8509_2,0.0017007225
2314_1,0.0019267346
2587_9,0.9985896
6823_8,0.99854493
9761_2,0.0014325365
2699_4,0.00581996
10291_3,0.0023231625
3015_7,0.9982993
10059_10,0.9985221
8018_1,0.0017274586
9487_1,0.002889581
12074_4,0.0015731123
2051_1,0.0014550629
3997_1,0.0013045068
9323_2,0.97482115
10231_9,0.9985221
10129_2,0.0015011822
1491_10,0.9984269
5601_10,0.9982993
6980_9,0.9985221
8952_1,0.0014550629
12021_1,0.0017274586
11719_1,0.0014550629
4620_8,0.016914913
9819_4,0.0029349516
1682_2,0.9978173
5635_4,0.002019014
4634_10,0.9985221
8725_8,0.99837697
9919_9,0.9966234
5839_9,0.9834705
10643_1,0.0020507437
4447_9,0.8010035
7614_7,0.990732
441_4,0.0029810332
1713_1,0.0013885231
507_7,0.99821776
6592_1,0.002019014
6378_9,0.99856746
10206_4,0.15533455
11627_8,0.30515352
11991_4,0.7826625
5759_3,0.001264422
2655_3,0.001867566
8628_7,0.9985896
12364_2,0.0015247865
11107_7,0.09434342
3166_2,0.0033766124
4168_1,0.01757688
10876_7,0.9750122
5609_10,0.9744348
600_8,0.99832565
7243_2,0.001477943
7300_9,0.9980732
9144_10,0.99566853
4539_3,0.9458012
8007_10,0.9959299
8486_1,0.0013885231
6213_2,0.6694748
4742_10,0.9980122
1421_1,0.0013670255
4061_9,0.9911527
10451_7,0.9983516
1062_8,0.997285
12281_1,0.010013569
5994_3,0.0013670255
10055_10,0.9978173
2602_1,0.0023596606
11107_4,0.001648483
4007_3,0.68763
10444_9,0.99847525
1635_7,0.02865267
12049_8,0.9985896
3988_3,0.0031236487
12414_8,0.9968273
7074_1,0.0013250223
11854_7,0.99701905
2445_8,0.9985896
2187_9,0.99821776
11675_10,0.98677725
5648_1,0.0014325365
1614_4,0.001622967
9395_2,0.0013885231
5372_1,0.0014103585
12082_10,0.99837697
12029_10,0.99605453
983_4,0.9979493
11356_3,0.0065897712
4254_10,0.9976769
6017_4,0.5768996
2330_10,0.9838472
1089_1,0.0020829707
8017_3,0.001622967
5248_1,0.99732697
9041_8,0.99788433
3855_1,0.0019877742
10976_1,0.0013458604
7926_4,0.020332353
7758_4,0.0015487612
8081_7,0.99586606
9267_4,0.99760324
6381_9,0.997851
6172_4,0.02931223
12411_8,0.9984269
5216_10,0.9984269
10999_8,0.99804294
2460_1,0.0027149855
7815_7,0.9977482
8586_7,0.8984106
21_1,0.0015731123
2467_1,0.0017274586
7979_8,0.99845123
3744_7,0.9971551
7205_1,0.0014103585
6862_7,0.9921841
12031_10,0.99845123
12458_1,0.0014550629
10410_1,0.0015487612
2624_10,0.99193794
12083_1,0.0016743994
47_2,0.0015247865
676_7,0.9980732
5425_10,0.9981614
1899_2,0.0012255674
9666_1,0.0015011822
3151_10,0.99863297
1745_8,0.0019267346
7646_8,0.99101454
10011_9,0.99856746
10061_10,0.9984269
6792_9,0.99832565
5150_3,0.0015011822
593_10,0.99760324
6170_4,0.9981324
2029_2,0.0012843083
3026_4,0.0031236487
1086_10,0.99854493
1594_8,0.99847525
227_1,0.0012843083
5932_7,0.9941801
2681_1,0.0014550629
4270_10,0.9985896
10065_1,0.0015978455
6640_9,0.99856746
1160_10,0.9985221
3078_1,0.0017546144
1546_7,0.99863297
12315_1,0.0015247865
8699_1,0.0022170132
11438_4,0.0015731123
2034_7,0.9961755
7899_1,0.0021157034
1006_3,0.0013458604
3732_7,0.010169657
11094_7,0.51586384
1477_4,0.0021489493
8912_10,0.9982993
8140_4,0.99566853
7542_9,0.99861145
2556_1,0.06608538
10075_10,0.9985221
12212_2,0.0015978455
218_10,0.99390244
8385_1,0.0017274586
5716_2,0.0015247865
11655_10,0.99724233
6235_1,0.0014103585
2823_10,0.99371004
7094_2,0.97482115
465_10,0.99861145
4968_4,0.0015731123
222_10,0.99804294
464_4,0.0034296038
2593_10,0.9971551
11946_3,0.0013670255
6083_1,0.0012843083
8158_3,0.001810211
2646_3,0.0014103585
8282_4,0.004609572
12482_2,0.0014325365
1020_7,0.0067975316
7554_10,0.9959927
4492_2,0.0014325365
4468_4,0.0034834242
7365_8,0.99818975
9777_9,0.9980732
9505_3,0.98998636
10546_1,0.0017546144
2179_7,0.9965166
9325_9,0.998103
9042_10,0.99845123
7631_2,0.0013250223
1583_2,0.0018386653
10449_2,0.0023596606
8021_9,0.997917
9282_9,0.9985221
5261_9,0.99371004
9127_8,0.99845123
6408_2,0.002434382
7306_1,0.0012843083
2955_4,0.0021827165
6401_10,0.9975656
278_10,0.99845123
1954_8,0.014172365
2592_8,0.9984269
2040_10,0.9984988
4779_10,0.9971551
7274_8,0.9984269
8094_2,0.0029349516
9359_9,0.99635005
10732_10,0.9984022
7824_7,0.99804294
493_7,0.9976769
2458_2,0.0018969199
67_3,0.0014550629
1495_1,0.001622967
2984_1,0.9339146
9979_4,0.0017007225
2790_1,0.0023596606
8948_1,0.001477943
4249_1,0.007815888
5994_10,0.9985896
5119_2,0.0018386653
6539_2,0.0013045068
12006_2,0.0021157034
555_4,0.0014325365
9508_9,0.9961755
2282_2,0.0013458604
4119_7,0.9984022
1224_8,0.9983516
492_10,0.99771273
7062_9,0.99818975
6663_10,0.99854493
9410_8,0.9985221
6033_8,0.9984269
4704_9,0.99845123
1347_3,0.0013885231
6920_7,0.9985221
7736_1,0.002396731
2884_3,0.0014103585
1870_2,0.0021827165
4058_3,0.0014325365
3089_8,0.99861145
932_9,0.99845123
5666_10,0.99856746
5770_1,0.001622967
10982_10,0.9983516
5977_1,0.0015011822
7678_2,0.0029810332
7788_10,0.9985221
6328_1,0.0014550629
5806_10,0.99845123
595_1,0.0021157034
8235_7,0.9984022
10822_2,0.0014103585
12353_7,0.9073123
5381_1,0.0021489493
504_8,0.9966756
4876_10,0.9980122
5244_10,0.99861145
12010_8,0.9984269
7263_2,0.012527932
10315_10,0.99818975
9967_1,0.0015011822
126_10,0.99827254
3861_1,0.0013250223
10221_8,0.8933094
7844_3,0.011687259
10976_8,0.99821776
9372_8,0.9928786
5633_2,0.001810211
3833_4,0.0015487612
5256_8,0.9985221
8840_1,0.001477943
2122_10,0.9985221
4607_4,0.0017274586
12025_9,0.9984988
10884_9,0.9961755
2473_10,0.9976404
12330_8,0.99611557
6997_3,0.001648483
4505_9,0.99837697
1302_8,0.99837697
4382_3,0.0021827165
9645_8,0.9976769
4138_2,0.0013885231
2419_1,0.001622967
3059_8,0.99818975
8239_9,0.9985896
105_3,0.0014325365
1129_9,0.9983516
9065_10,0.9984269
3249_1,0.0013885231
4864_8,0.99469805
11748_8,0.9986541
561_10,0.9986749
1261_1,0.0023231625
10944_1,0.0015978455
11503_1,0.23686911
8089_9,0.9949397
3224_10,0.99861145
4550_3,0.9273633
8097_7,0.99724233
11042_1,0.0030278352
4590_3,0.004070138
10838_8,0.99711037
5500_3,0.0017821962
6779_10,0.998103
7489_2,0.0013458604
4145_8,0.99827254
2477_2,0.99371004
11428_7,0.0025509126
5178_8,0.99832565
1604_1,0.0013045068
2269_7,0.997917
683_2,0.0020507437
12373_10,0.9984988
12362_10,0.997917
1486_9,0.9591543
4922_1,0.0014103585
5689_8,0.0094125895
11287_9,0.9941801
4578_4,0.0019877742
361_1,0.57128835
6750_4,0.99586606
10004_9,0.9985221
3649_9,0.99832565
12485_8,0.9982993
4867_10,0.9984022
10463_2,0.0022518474
8449_9,0.99854493
10573_10,0.99861145
12488_3,0.002434382
1649_2,0.0013885231
12064_1,0.82104415
4892_10,0.9985221
8877_3,0.0020829707
11816_9,0.99861145
10235_10,0.9978173
8204_7,0.99736834
8608_10,0.99804294
475_10,0.99847525
10150_8,0.99837697
4661_10,0.99486035
434_8,0.9952448
10121_10,0.99845123
438_9,0.99856746
2866_1,0.002396731
10667_2,0.002434382
9575_8,0.9983516
910_10,0.99856746
1631_7,0.99732697
10585_3,0.0059110695
1060_8,0.9978173
8817_1,0.0014550629
10511_10,0.9983516
11854_2,0.0018386653
4429_7,0.99821776
7462_4,0.001622967
7668_10,0.99701905
6258_8,0.997917
12481_1,0.0014325365
3948_7,0.95695716
624_10,0.99818975
6418_8,0.9984988
4211_7,0.99719906
10606_1,0.002434382
3052_1,0.0014103585
12091_8,0.9984988
5559_10,0.9981614
6462_8,0.9985221
6215_1,0.0020507437
10996_1,0.0018969199
1139_10,0.017045317
11400_8,0.9974885
10075_3,0.0015731123
9034_4,0.0030753699
8963_7,0.997285
622_10,0.99861145
4570_3,0.057918087
12242_2,0.0015487612
10595_1,0.001622967
5524_1,0.0038244836
10074_3,0.24310295
10761_4,0.28866935
5215_1,0.0017007225
7480_8,0.9965166
3940_4,0.11676401
375_10,0.37447074
11998_3,0.0017546144
11759_10,0.99854493
12180_7,0.48633155
9000_2,0.002631674
4251_3,0.010408315
7944_10,0.99832565
12444_1,0.015189049
7400_1,0.0014550629
4122_8,0.99832565
8849_10,0.9984269
5656_4,0.0038244836
4091_7,0.99861145
8699_10,0.9984022
8750_9,0.9985896
3813_10,0.99854493
1836_4,0.044348583
1644_9,0.99845123
5764_10,0.99821776
1328_1,0.042403832
2332_2,0.9952448
1851_1,0.0018386653
9281_2,0.0020829707
9870_1,0.0014103585
3201_1,0.0015978455
9589_10,0.0034834242
3137_1,0.0014103585
10655_10,0.99847525
10722_1,0.0023596606
10338_9,0.9985896
2561_4,0.93439513
8646_8,0.9688562
10077_7,0.99837697
2091_10,0.9984988
12110_7,0.99760324
8961_4,0.0022518474
10497_1,0.001264422
3909_3,0.0028009268
2535_3,0.8449215
8969_3,0.0029810332
160_10,0.99832565
10280_4,0.0016743994
5117_1,0.0025509126
2371_4,0.001477943
12014_10,0.99821776
8665_8,0.99821776
5386_3,0.0013045068
1284_1,0.0013458604
6541_7,0.7934263
6919_4,0.0013458604
7066_10,0.99861145
1189_3,0.0013458604
247_8,0.9985896
4144_8,0.99845123
1788_10,0.9981614
3875_9,0.997783
9484_2,0.0025509126
6650_1,0.0031726828
526_3,0.0016743994
10810_8,0.9839708
3361_2,0.0013458604
3721_1,0.0012448432
8024_2,0.0014550629
11882_10,0.997981
6015_1,0.0013045068
10950_8,0.99736834
10595_10,0.9984022
6215_8,0.97903574
7506_1,0.0012065897
9448_2,0.0015487612
10267_4,0.036769465
1890_4,0.0022518474
11388_1,0.0015247865
4033_2,0.0012843083
10188_1,0.0017546144
3685_10,0.9985896
2329_10,0.9976769
2672_10,0.99856746
3356_10,0.9967775
7505_9,0.9980122
8789_7,0.9959299
4655_1,0.0013045068
7490_7,0.99821776
10703_9,0.98527133
2088_9,0.99861145
5114_3,0.0015011822
3317_8,0.0063883206
2826_2,0.29098085
8346_8,0.99657035
2036_1,0.0016743994
11081_2,0.0015247865
5313_7,0.0057302467
266_4,0.0018386653
7378_7,0.9843364
7420_2,0.00619299
9637_8,0.9985221
8788_2,0.0015731123
4953_2,0.0013458604
8212_9,0.99837697
10437_9,0.99863297
9397_1,0.0020507437
4598_10,0.9983516
2772_10,0.997783
83_10,0.99861145
6217_1,0.0014103585
11725_10,0.9985221
4380_9,0.99832565
2974_1,0.001622967
12363_7,0.99861145
3246_1,0.0015487612
6087_9,0.9985896
3419_9,0.9982993
6587_9,0.99847525
2450_1,0.0015978455
2475_10,0.99861145
11551_7,0.9981614
7614_4,0.0020507437
10136_10,0.99854493
5844_3,0.0015011822
7473_1,0.001264422
6772_4,0.006003596
6253_1,0.0015487612
4036_10,0.9969246
11948_10,0.9984269
11435_9,0.99863297
6106_9,0.9984988
12271_1,0.0032224844
12030_3,0.0017546144
11640_3,0.0015731123
5589_10,0.6662797
6352_1,0.99788433
2523_4,0.99486035
8198_8,0.997981
7283_4,0.0017007225
4330_3,0.9965166
7882_3,0.9736447
9815_8,0.99854493
1714_1,0.001264422
3836_1,0.0014325365
8618_7,0.9825575
1759_3,0.0030753699
9317_2,0.0013670255
6186_4,0.0059110695
3779_1,0.0013458604
10096_9,0.99863297
3277_7,0.9985221
6023_10,0.99854493
4863_7,0.9969722
11194_2,0.001648483
11227_2,0.0013670255
11983_1,0.0022518474
337_9,0.99847525
11441_3,0.0019570168
6668_1,0.0013458604
4333_9,0.9974885
3773_8,0.99847525
5370_9,0.99827254
4959_10,0.00581996
9431_3,0.001810211
6834_3,0.0025909794
9952_3,0.0015487612
9810_1,0.0033244372
697_4,0.0022170132
4528_3,0.0014103585
5817_1,0.0014325365
9052_7,0.027376488
11494_8,0.9986541
4516_1,0.0015731123
2810_9,0.99832565
1105_10,0.99824536
6873_2,0.001648483
8171_10,0.9984269
9568_10,0.99861145
879_10,0.9985221
8493_8,0.0027576222
9437_10,0.997783
3841_1,0.0014103585
3852_7,0.990732
7414_9,0.997917
6048_1,0.0014325365
2921_1,0.0014325365
6752_1,0.0013045068
7997_1,0.12085323
640_1,0.0013458604
9576_3,0.0021827165
4110_4,0.064653486
11407_7,0.990732
410_10,0.9985896
11167_10,0.9986541
8383_10,0.997065
392_7,0.9984988
1459_4,0.0021827165
11929_10,0.9980122
12362_4,0.004905406
4046_2,0.0015731123
2597_10,0.99832565
11246_4,0.0014103585
8692_8,0.99854493
3986_9,0.99845123
391_1,0.0017546144
2504_7,0.99847525
11644_10,0.99863297
1788_1,0.0022170132
5286_1,0.0012843083
3486_1,0.9985896
4486_7,0.014842417
4614_3,0.7256486
11360_4,0.001477943
2315_10,0.99863297
3637_10,0.9876639
6479_3,0.0023231625
10306_8,0.99845123
2225_1,0.0015731123
9688_3,0.0013670255
8999_2,0.001477943
6793_1,0.0015247865
1785_8,0.9982993
3902_1,0.006097562
3805_1,0.0012448432
6867_8,0.99444515
761_2,0.011869121
9493_4,0.001810211
4805_4,0.9984022
583_8,0.99827254
9470_9,0.9983516
9859_8,0.9921841
6633_8,0.99832565
518_10,0.008061991
10730_1,0.006692851
1855_4,0.001648483
5191_8,0.9956006
9191_1,0.001622967
1113_3,0.0017007225
2973_8,0.99821776
10712_1,0.0014550629
7729_1,0.0028449094
2730_1,0.0015247865
10170_1,0.0012843083
8238_10,0.9984988
9495_10,0.99856746
11652_1,0.002434382
4911_2,0.001867566
7514_1,0.0013250223
8164_2,0.0014325365
10389_7,0.9950177
7557_10,0.99771273
852_4,0.0021489493
1584_1,0.0021827165
2387_2,0.0017007225
6073_4,0.0018386653
7047_10,0.99845123
6338_7,0.9981614
1741_4,0.001867566
3697_1,0.021125194
5444_2,0.002434382
10082_1,0.0064882697
6135_4,0.017176708
9242_8,0.99155444
7864_8,0.99847525
3466_2,0.0015487612
9852_9,0.99856746
12390_7,0.99128854
5189_9,0.99861145
6771_9,0.9984269
223_3,0.997783
8322_4,0.002631674
4465_8,0.99657035
6597_2,0.0015011822
3477_8,0.9985221
4736_8,0.03846619
4581_8,0.9985896
5898_3,0.0015978455
12335_7,0.9981324
7321_7,0.9984988
128_4,0.0015487612
9116_3,0.36431098
9152_8,0.9985896
3613_3,0.0715912
1095_8,0.9985896
225_10,0.9985896
12445_10,0.99845123
596_1,0.0013045068
6693_1,0.0025509126
7535_4,0.99804294
3135_4,0.0018386653
7435_2,0.0017007225
758_3,0.001648483
11838_10,0.9984988
8539_2,0.0012448432
671_8,0.99832565
53_4,0.002631674
8718_10,0.99861145
10447_7,0.99760324
86_10,0.0112445615
7042_1,0.0016743994
5821_3,0.0015731123
4604_4,0.001477943
7906_2,0.0013250223
11449_2,0.001477943
6505_8,0.9984022
8160_3,0.9890131
1054_9,0.99861145
6300_7,0.997851
10058_8,0.9983516
3990_10,0.99854493
9233_4,0.001648483
9314_2,0.0030753699
4213_10,0.99635005
3407_10,0.99861145
1982_1,0.0014103585
9686_1,0.0015011822
11246_10,0.009708476
617_4,0.99771273
12182_1,0.0012843083
5687_1,0.004264634
1559_2,0.0013670255
3596_7,0.99824536
4991_10,0.99832565
3315_8,0.054600604
1192_1,0.0015978455
1454_8,0.9984988
9836_3,0.0020507437
8088_4,0.002631674
1651_2,0.0029349516
4641_10,0.9980122
10624_1,0.0020829707
2902_2,0.9964619
10435_7,0.99827254
11623_2,0.001477943
1609_1,0.0013458604
2623_1,0.0014103585
4444_8,0.9959299
12412_3,0.002631674
8496_1,0.0013885231
4279_8,0.9975656
9053_10,0.9926542
11747_3,0.0018969199
9754_4,0.9959299
1795_2,0.0014550629
6017_10,0.99856746
8964_7,0.99854493
1118_7,0.99832565
11564_7,0.99824536
9897_1,0.001648483
7731_1,0.0013045068
7391_2,0.0013250223
6670_7,0.9959299
8347_1,0.0014325365
5000_4,0.0014325365
3513_1,0.0013045068
9427_4,0.0027576222
6840_1,0.0013670255
9217_9,0.9984269
5545_8,0.9985896
9858_10,0.998103
1909_2,0.0015011822
8416_10,0.9985896
11079_3,0.0021157034
4638_4,0.85342485
324_10,0.99847525
9126_10,0.9985221
9069_7,0.5312094
10555_10,0.99856746
9626_8,0.8933094
6629_10,0.9985221
8419_10,0.99837697
5437_8,0.0015978455
2463_10,0.9984988
10540_1,0.0016743994
10579_1,0.0013670255
11517_8,0.6914973
5306_10,0.99736834
4996_9,0.99847525
8251_7,0.9976769
7382_1,0.0015247865
4284_9,0.9985896
772_10,0.99863297
5394_1,0.001477943
10576_9,0.99818975
635_8,0.9984022
9315_2,0.0014103585
9642_4,0.0013250223
7225_10,0.99854493
1806_3,0.9876639
4484_1,0.0018386653
4912_10,0.9983516
4837_10,0.9971551
11025_10,0.98951083
1419_10,0.99818975
8789_4,0.0013885231
1507_1,0.008847355
6478_1,0.0015487612
7774_1,0.0015011822
7805_10,0.9974885
11142_10,0.9975656
3832_10,0.9984269
1830_3,0.0014550629
2676_4,0.001622967
1595_1,0.001477943
8044_9,0.9983516
8476_1,0.0017546144
5190_8,0.064653486
4941_2,0.0012843083
10114_8,0.99847525
11931_3,0.0015011822
11970_10,0.99732697
5572_1,0.0015247865
32_3,0.6329566
10026_10,0.9986541
10554_2,0.0017007225
6440_7,0.99861145
7636_1,0.0028449094
7973_9,0.99856746
2920_10,0.99856746
9531_1,0.0013250223
568_4,0.004070138
6091_3,0.99390244
5700_9,0.99856746
4934_7,0.9984988
5988_10,0.99854493
5162_1,0.018404892
1043_4,0.0013250223
11574_2,0.6808786
2592_1,0.0013458604
4881_3,0.82104415
447_10,0.9981614
6922_8,0.99861145
9314_10,0.9985221
10693_10,0.9978173
257_9,0.9985896
2090_10,0.99818975
7826_1,0.0013458604
7851_4,0.0015011822
1606_1,0.0013045068
4446_1,0.001810211
10655_2,0.0013250223
11116_2,0.001648483
1631_1,0.0017546144
11696_10,0.997981
2114_3,0.0022170132
10728_8,0.9984022
8006_9,0.99845123
5963_10,0.95362175
2094_10,0.9981324
10113_1,0.0014103585
2832_4,0.0017821962
9600_1,0.0021157034
7776_1,0.0015487612
567_9,0.03410043
4700_10,0.99818975
1143_1,0.001648483
7853_1,0.0020829707
11178_1,0.0022518474
7770_3,0.0016743994
11696_2,0.0013250223
6077_9,0.99863297
5952_1,0.0013250223
507_1,0.001810211
11888_3,0.70740473
7857_3,0.0015011822
1381_7,0.0074606435
5080_2,0.0017007225
9831_10,0.99827254
7231_1,0.0030278352
6012_3,0.0014325365
6843_4,0.01566365
7120_1,0.0015487612
9248_1,0.28022227
5313_4,0.9164094
8434_2,0.0019570168
10224_2,0.0035936027
7303_10,0.99837697
1796_8,0.0021827165
9302_4,0.0017274586
2232_4,0.018264279
5333_3,0.0014550629
1340_3,0.0015731123
5472_2,0.0013885231
1768_3,0.0014103585
3140_1,0.0015247865
6264_3,0.0034296038
6699_8,0.9980122
2085_7,0.9950177
5319_4,0.0022872274
7561_4,0.8413048
992_1,0.0015247865
193_4,0.0015731123
19_10,0.99856746
6225_8,0.99635005
933_10,0.99847525
11245_10,0.9985221
6152_3,0.15052764
10163_7,0.99861145
9382_4,0.0019267346
4655_8,0.9985221
5195_10,0.99856746
8989_4,0.003538086
5309_10,0.99863297
2183_2,0.0013885231
7597_10,0.9983516
1272_8,0.9981324
10107_9,0.9984988
3067_1,0.0013458604
390_10,0.99847525
5746_4,0.0015731123
7145_4,0.54455924
1612_8,0.9975656
7968_4,0.99657035
3793_9,0.9978173
2719_1,0.0030753699
1645_10,0.99760324
9934_2,0.0029810332
9288_4,0.0015978455
937_4,0.00498227
10385_1,0.0014325365
3726_1,0.0012843083
2700_10,0.99856746
11824_1,0.001477943
4133_10,0.9980732
9873_2,0.001477943
8769_1,0.0015487612
11806_10,0.9985896
903_4,0.006097562
727_3,0.01395571
2426_2,0.0013670255
8663_1,0.001648483
11163_8,0.9976404
1505_7,0.99821776
4758_10,0.99861145
2119_4,0.001477943
7351_8,0.99847525
5638_10,0.9984988
11236_10,0.9984988
9351_3,0.004264634
8732_4,0.018978037
4771_1,0.0013458604
4094_10,0.9986749
8314_7,0.001648483
5273_10,0.9985896
1773_1,0.0015487612
7415_1,0.0015487612
677_1,0.0022170132
5585_1,0.0014550629
1523_10,0.997917
6855_1,0.0013885231
6634_9,0.99837697
3866_2,0.0019267346
7165_3,0.0015487612
7516_7,0.99629277
2239_8,0.994615
1248_8,0.9985896
6839_8,0.99827254
2648_10,0.9985896
5246_9,0.9896718
9445_1,0.0015247865
4323_4,0.0021489493
4356_10,0.99740905
9447_4,0.99553156
4022_3,0.0018386653
6239_3,0.0013885231
447_4,0.9932025
6717_8,0.99477994
2470_9,0.99847525
4816_1,0.0015731123
1682_10,0.9890131
67_10,0.9984269
724_10,0.99845123
7678_9,0.9974885
2889_4,0.0021157034
7487_9,0.99854493
1411_4,0.0017007225
7447_8,0.99788433
3856_1,0.001264422
4412_10,0.0076956474
8939_2,0.0013885231
3314_9,0.9969246
2776_1,0.049958523
7986_8,0.9985896
12084_10,0.9984269
9529_10,0.9981614
11599_7,0.7233095
11688_3,0.001810211
11559_1,0.002396731
5838_2,0.0021827165
6397_4,0.99847525
3551_4,0.004331502
5646_10,0.9985896
7760_2,0.0017007225
4983_7,0.99837697
3870_1,0.0013250223
5621_9,0.9964064
8716_9,0.99856746
2017_10,0.9984022
579_10,0.99854493
2659_1,0.0013885231
10364_2,0.014281935
837_8,0.016403032
226_4,0.0013885231
4836_1,0.001477943
11389_3,0.3268083
5284_2,0.0015978455
4277_4,0.0030753699
3821_10,0.9969246
6593_8,0.9961755
5060_7,0.9953181
5121_8,0.9984022
3810_7,0.011687259
3941_8,0.99566853
12291_1,0.0014325365
1082_1,0.0033766124
931_9,0.99837697
10202_4,0.96909106
11004_9,0.99856746
5243_7,0.9954615
2861_1,0.0015011822
11992_10,0.9953181
11358_9,0.99847525
3996_10,0.9965166
12434_8,0.019271135
8310_7,0.9985896
3894_9,0.9984988
3021_1,0.0021489493
1652_10,0.99837697
90_2,0.9860443
283_1,0.007345827
9809_8,0.9984022
2693_2,0.98187524
5717_1,0.002396731
6051_9,0.997981
4542_1,0.0013250223
5104_8,0.99856746
10139_10,0.78365755
6129_1,0.0017274586
859_8,0.997285
3107_1,0.0015011822
2595_2,0.0014325365
2676_10,0.99477994
3634_2,0.001648483
6953_1,0.0013045068
4430_4,0.0014103585
79_8,0.99771273
7318_2,0.0013885231
863_4,0.0015731123
6393_3,0.9967775
6910_3,0.94417685
4438_9,0.99837697
4242_9,0.9967269
5813_4,0.0015487612
203_3,0.0013458604
7333_10,0.9985896
11658_8,0.99847525
11206_4,0.0017546144
6208_7,0.99854493
7273_8,0.9977482
5518_10,0.9959927
7092_1,0.73866904
10508_7,0.9798227
1196_9,0.99845123
10037_7,0.9967775
6468_8,0.99845123
8502_4,0.012821214
1017_1,0.0024726235
4_10,0.9985221
8439_1,0.001477943
7048_3,0.001477943
3238_1,0.0013458604
11610_1,0.0017274586
3468_10,0.99854493
184_3,0.0017007225
12227_7,0.16344546
4872_3,0.0031726828
11139_10,0.9985221
4316_7,0.007937994
3071_1,0.0022872274
335_2,0.0013458604
10847_1,0.0015978455
4646_10,0.99818975
9382_10,0.99832565
6577_1,0.0015247865
4549_1,0.0013670255
2459_9,0.9985221
102_8,0.77321637
1581_1,0.0014103585
2439_10,0.99861145
6988_9,0.9918121
2024_1,0.0015487612
12375_1,0.001622967
6084_4,0.0054692742
6617_3,0.0015487612
815_3,0.003707253
1857_1,0.002019014
7428_1,0.0015731123
5943_8,0.9964064
11811_10,0.99837697
10844_1,0.0013458604
1275_7,0.99856746
1910_1,0.0014103585
3306_8,0.99861145
4735_1,0.0014103585
10819_1,0.001648483
9571_2,0.0015978455
1037_10,0.9980122
7177_4,0.018404892
5066_10,0.9983516
4888_2,0.001867566
10646_2,0.001810211
7929_1,0.001477943
5181_1,0.001867566
1387_1,0.010013569
1304_8,0.9985221
2108_1,0.0018969199
9875_10,0.99861145
10200_1,0.0013250223
11665_9,0.99863297
6685_1,0.0014550629
10234_9,0.9985221
6622_9,0.9966234
9703_7,0.9984269
7504_8,0.9964619
1267_3,0.001622967
902_3,0.0015978455
10674_2,0.012241275
5237_10,0.9984988
5270_10,0.99818975
1701_7,0.99719906
3222_2,0.0021827165
6116_10,0.004331502
11543_10,0.9965166
8189_7,0.0047552
8737_8,0.99856746
6856_7,0.9966756
2035_8,0.9985896
5011_10,0.99861145
6135_9,0.99861145
9172_1,0.0013885231
5822_1,0.0013250223
8816_3,0.0015011822
1124_1,0.0015011822
5422_4,0.98228765
3275_2,0.0025509126
2076_2,0.0015247865
5223_8,0.99856746
1814_3,0.0014103585
6171_2,0.0035936027
3228_1,0.0020507437
3693_3,0.0013458604
8891_2,0.0015731123
1171_8,0.997851
9496_1,0.91490096
8702_10,0.9981324
11287_4,0.0013458604
2157_10,0.9985896
6058_8,0.99824536
4025_2,0.001477943
5097_8,0.9986541
2335_1,0.0013045068
6945_1,0.0013670255
2970_4,0.0022170132
10473_10,0.99856746
10139_1,0.0017007225
7680_10,0.9979493
10705_1,0.0014325365
9883_10,0.9986541
2808_10,0.99832565
6543_2,0.0017007225
3482_3,0.0030753699
2547_7,0.0067975316
8378_4,0.0015487612
7746_10,0.9984022
5007_4,0.010013569
1623_8,0.9982993
10762_9,0.99863297
8604_1,0.0014325365
868_7,0.9905874
7902_1,0.0014550629
3644_1,0.0017821962
330_1,0.0014550629
2519_7,0.96405166
716_2,0.99771273
9908_1,0.001477943
1410_2,0.001867566
1154_4,0.001622967
589_10,0.9983516
10182_3,0.002396731
6872_8,0.99847525
7232_8,0.99827254
4339_8,0.99760324
6652_2,0.0013885231
8692_1,0.0015978455
4585_2,0.99657035
5846_4,0.9871788
4401_1,0.0015487612
4848_10,0.97887486
1727_1,0.0014550629
8038_2,0.0014103585
2532_1,0.0014103585
11010_9,0.997981
4915_10,0.99701905
6047_4,0.0014550629
10358_3,0.27048022
697_10,0.99832565
7648_7,0.9984269
5495_4,0.0014550629
6611_2,0.0015731123
12099_8,0.9985896
1109_1,0.0018386653
6874_1,0.0015731123
8072_4,0.6974029
11231_10,0.9984988
10871_7,0.9967775
9990_10,0.99845123
645_10,0.99804294
9345_1,0.001648483
5298_1,0.0022170132
5971_10,0.00498227
5079_8,0.9984269
6022_3,0.0013458604
4954_7,0.9981614
5063_8,0.99847525
843_10,0.9984988
556_7,0.9850429
1498_1,0.0013670255
9374_7,0.994089
8728_1,0.010986943
8297_10,0.30611202
5760_10,0.3530935
7403_10,0.07369626
964_3,0.0017007225
8842_9,0.99856746
11552_10,0.99854493
5592_2,0.001810211
3531_9,0.997981
9383_3,0.0017821962
6576_1,0.001477943
125_3,0.0018386653
8382_2,0.0015247865
3786_9,0.99837697
8636_9,0.99827254
12225_10,0.993807
8958_8,0.9985896
5981_10,0.10052487
9594_10,0.99361163
9802_3,0.0013670255
4353_3,0.98527133
10567_8,0.9984269
3982_7,0.99732697
3292_7,0.9943581
1739_3,0.0013250223
3356_3,0.0015247865
5253_4,0.0015011822
1186_10,0.99861145
12218_8,0.99821776
1361_9,0.997917
11423_4,0.0014325365
5649_1,0.0013250223
11988_10,0.9968273
393_7,0.99832565
8081_2,0.0022872274
10290_1,0.0015011822
5548_1,0.28761774
2266_3,0.002631674
341_1,0.0013045068
2081_10,0.9980732
6268_1,0.0038244836
2267_9,0.9985896
82_3,0.0013670255
11259_10,0.99863297
6760_7,0.0040072887
6352_9,0.9984022
10733_3,0.48511183
7418_2,0.0013885231
11562_8,0.99869555
8895_9,0.9983516
7911_7,0.9904406
4885_10,0.9985896
542_4,0.0015978455
6099_7,0.99832565
5355_1,0.0012843083
3969_1,0.0018386653
11541_4,0.9965166
6413_1,0.0013670255
3725_7,0.9981324
11757_1,0.0016743994
7663_1,0.0025114634
3161_3,0.0040072887
9119_10,0.9976404
7726_3,0.6282934
1764_8,0.99856746
7211_7,0.99635005
8069_4,0.0019877742
7119_2,0.0014325365
1163_10,0.9986749
5836_2,0.0013458604
1921_8,0.9985896
892_1,0.0013885231
7629_8,0.9978173
5605_1,0.0013250223
3955_10,0.99863297
5093_4,0.0015731123
6366_4,0.0019267346
11267_2,0.0012065897
522_2,0.0017821962
7659_10,0.99854493
11779_4,0.023330767
5226_1,0.9859364
8767_10,0.9964064
1315_4,0.001477943
8179_8,0.9983516
10270_10,0.9983516
8218_1,0.56241685
4363_10,0.9985896
9701_9,0.9546474
9774_10,0.99837697
8326_10,0.9981614
1529_10,0.9985221
9090_8,0.99856746
8596_7,0.9971551
3508_1,0.002396731
2272_8,0.9984988
1226_7,0.9813107
40_8,0.99861145
1159_1,0.0012843083
11508_1,0.0017274586
2869_8,0.9980122
4068_1,0.001264422
7510_1,0.0015247865
2967_3,0.001477943
8307_10,0.9492946
9920_8,0.99856746
9102_1,0.007011795
3586_4,0.987375
2278_10,0.99856746
9459_9,0.99856746
3080_10,0.99847525
8960_1,0.0014550629
11294_8,0.85776806
5241_1,0.001622967
4515_10,0.9984988
5855_7,0.9957353
12107_2,0.0013670255
6435_2,0.0017007225
5813_10,0.99837697
12008_1,0.0014103585
1613_10,0.99854493
9381_9,0.997285
4467_10,0.9984022
1439_8,0.99863297
1021_2,0.0013458604
2718_1,0.001648483
11439_8,0.99818975
10931_10,0.99845123
4326_10,0.9984269
6216_1,0.0013458604
10369_4,0.0013670255
1586_7,0.9813107
1310_2,0.0017821962
293_1,0.0013250223
5968_1,0.0013670255
9338_10,0.99818975
418_4,0.0014103585
4522_1,0.0015011822
3925_8,0.9974885
9748_1,0.0013885231
7142_8,0.99856746
8862_1,0.007815888
10812_2,0.0015978455
3262_7,0.9980732
11540_10,0.001622967
1236_2,0.001648483
10321_10,0.99832565
5782_1,0.0014325365
11765_8,0.998103
6365_7,0.99724233
6265_2,0.0023596606
5426_1,0.0019267346
5312_7,0.9954615
1786_3,0.0015487612
10137_2,0.0017007225
9816_3,0.0013885231
11925_10,0.9956006
3041_3,0.0022518474
6742_1,0.0013885231
10786_7,0.9984022
10687_4,0.007937994
7057_7,0.0015011822
7532_9,0.99845123
4162_8,0.99854493
9911_10,0.9983516
2369_3,0.0018969199
2967_9,0.99821776
9515_7,0.997783
12035_9,0.997783
9088_4,0.004609572
3037_8,0.9971551
1198_10,0.99847525
8186_8,0.92468774
3455_8,0.99854493
6676_3,0.99580115
4071_8,0.99611557
2244_7,0.99732697
1252_7,0.7595823
12178_3,0.0014325365
5623_4,0.0030753699
10938_1,0.0013458604
2265_4,0.07585818
7442_7,0.009125638
7676_9,0.99847525
10666_1,0.0014325365
9430_3,0.82893884
8329_2,0.0013885231
11933_10,0.99854493
7868_1,0.0013250223
6471_7,0.99856746
2191_1,0.001477943
3918_1,0.0014325365
9767_10,0.9984269
11297_8,0.98998636
6763_8,0.9984269
2621_9,0.9981324
4056_4,0.0031236487
8584_4,0.0014325365
4541_9,0.9985221
1474_4,0.99453074
3748_7,0.99832565
1314_1,0.001264422
6195_10,0.9985896
3485_1,0.0015011822
5448_7,0.009559399
12392_10,0.9951703
5807_10,0.99845123
11783_4,0.9975656
5693_1,0.0016743994
5031_3,0.0015247865
9684_1,0.0019877742
924_10,0.99818975
12254_3,0.00619299
277_1,0.001867566
4384_10,0.99861145
8288_4,0.0015011822
3056_3,0.0015978455
4683_9,0.99847525
907_7,0.9984022
6720_7,0.9881309
12192_1,0.0016743994
11090_8,0.6333252
4682_7,0.9984988
11698_10,0.99837697
1530_1,0.001622967
3017_9,0.99861145
9702_1,0.0017546144
5761_3,0.0019877742
9920_2,0.9585377
8250_1,0.9964619
11900_3,0.9761292
6128_10,0.0022170132
8667_10,0.99845123
8304_3,0.0015247865
1049_9,0.9981324
10262_4,0.0017274586
7315_3,0.0015011822
4935_10,0.9985221
2453_1,0.0015247865
4820_10,0.9974491
3111_10,0.9984988
10351_8,0.9983516
146_1,0.001867566
6093_9,0.9985221
7215_10,0.99824536
6098_9,0.9983516
2873_10,0.99845123
2683_10,0.9985896
6886_9,0.99760324
4992_8,0.99486035
1038_1,0.0018386653
988_3,0.001477943
212_7,0.0017821962
6838_1,0.001810211
4865_8,0.9981324
6908_9,0.99827254
8548_10,0.9979493
2297_4,0.0024726235
3455_4,0.05921025
5743_2,0.001867566
5820_1,0.883236
4636_3,0.00498227
8184_4,0.0017546144
7413_7,0.99832565
10750_7,0.99847525
10064_10,0.9985221
408_3,0.0016743994
10388_10,0.99771273
8380_4,0.001264422
8904_2,0.0040072887
10854_10,0.9982993
11511_10,0.99847525
259_10,0.9985896
1580_1,0.0014325365
11775_1,0.0015247865
8674_1,0.0019267346
9540_10,0.9984269
6177_4,0.0012843083
11074_8,0.9985221
7191_7,0.98228765
7496_1,0.0014325365
4424_9,0.99719906
5733_9,0.9974491
2887_2,0.0015487612
239_2,0.0022170132
10920_1,0.001648483
10342_9,0.9985221
12321_1,0.0014103585
1833_3,0.0014103585
5494_7,0.99736834
8687_8,0.99861145
1076_8,0.99854493
7638_3,0.001867566
1361_3,0.0018969199
1884_4,0.0025909794
2056_10,0.9984988
5_4,0.0017821962
1034_10,0.9967269
4008_8,0.9984269
4239_4,0.002019014
7257_4,0.007345827
9541_8,0.9985896
5869_1,0.0015978455
1326_4,0.0014103585
936_2,0.0014103585
10473_4,0.001622967
12413_2,0.0018969199
5934_9,0.84286314
2419_7,0.99788433
49_4,0.0025909794
2129_9,0.9984269
12356_1,0.0015247865
9268_2,0.0015011822
7915_7,0.9975274
11405_3,0.99605453
7526_9,0.9985221
6639_2,0.0014103585
7939_1,0.0012843083
8934_1,0.004905406
2422_1,0.0013045068
3885_4,0.001648483
1703_3,0.9953904
7530_9,0.99847525
5833_1,0.0013250223
9858_4,0.001810211
12307_3,0.0021827165
9341_10,0.99832565
4490_10,0.9985221
9292_10,0.997851
7830_1,0.0015487612
5329_1,0.0013670255
5205_10,0.99824536
2172_1,0.001477943
8857_4,0.0031726828
7933_1,0.0022518474
12277_4,0.9755769
9853_10,0.990732
5927_8,0.9984269
4453_4,0.0019267346
3034_1,0.0014550629
3469_1,0.001477943
12014_2,0.0015978455
3802_3,0.005060332
10911_8,0.006903838
7519_1,0.0015247865
4155_1,0.0023596606
7873_1,0.0014550629
7002_10,0.9985221
11597_1,0.0015247865
9043_3,0.0021489493
7623_3,0.9861514
6615_9,0.99837697
5982_1,0.0015731123
492_1,0.0013458604
7105_1,0.001477943
7072_8,0.99856746
7585_3,0.99605453
114_2,0.0024726235
675_2,0.0028449094
5141_1,0.79182106
11299_1,0.001477943
7008_4,0.0021827165
4963_4,0.006003596
9363_8,0.99804294
12419_8,0.99553156
499_2,0.02517884
4741_1,0.0012843083
3160_10,0.008315778
4605_7,0.9969722
7181_4,0.001810211
2620_3,0.0014103585
7101_7,0.9974885
3358_8,0.99818975
11150_3,0.96909106
11555_3,0.0044683837
11975_2,0.9728308
44_8,0.99861145
4699_10,0.99847525
6042_2,0.002631674
10368_3,0.93439513
2409_8,0.997981
5933_1,0.0020507437
7460_1,0.0015978455
11653_3,0.99760324
1699_4,0.87234735
6189_4,0.0015247865
12263_10,0.99863297
700_7,0.9981614
1974_9,0.9981324
4664_1,0.0017007225
2083_3,0.0015011822
3454_1,0.0013045068
3196_4,0.9969246
7920_2,0.0015487612
10257_10,0.99856746
12344_10,0.9971551
130_9,0.9983516
315_4,0.0054692742
5923_10,0.9985896
1234_10,0.99832565
7402_2,0.0014103585
4634_1,0.001622967
2558_10,0.9985221
11220_10,0.96210754
7652_10,0.9982993
1070_1,0.0017007225
3018_1,0.0145035805
6365_1,0.0013250223
6081_4,0.15869518
1015_4,0.94699025
7071_10,0.9980732
4682_1,0.0013458604
5242_1,0.0032730647
5125_9,0.99854493
11299_7,0.9981614
7445_1,0.0019877742
8206_10,0.99845123
7878_7,0.9984269
11630_4,0.004198795
9391_8,0.015784562
4755_2,0.001477943
36_8,0.99863297
617_9,0.99771273
987_7,0.99771273
1185_1,0.0014103585
11135_1,0.0013885231
6457_2,0.0014103585
8337_7,0.9985896
9931_9,0.99832565
6932_10,0.9923044
9504_3,0.001867566
2333_2,0.0017546144
10397_10,0.9979493
6200_4,0.001648483
8004_10,0.997917
10818_10,0.9984988
164_7,0.002889581
6945_9,0.9974491
2551_10,0.9981614
10887_3,0.0014325365
8942_8,0.9986541
6779_1,0.002673006
9818_10,0.9986541
11352_4,0.0020507437
1035_9,0.99824536
9212_2,0.0013885231
8530_3,0.001477943
7858_3,0.0015011822
1777_4,0.0029810332
6976_10,0.9984988
9426_2,0.0012843083
2154_1,0.008315778
7037_9,0.99736834
1501_1,0.0027576222
12448_2,0.0015247865
1005_2,0.0015011822
8031_1,0.0025509126
8084_8,0.99818975
11933_3,0.0012843083
3206_10,0.9984988
10197_2,0.0015247865
8838_9,0.0036499873
7720_1,0.0013885231
9739_3,0.0040072887
8312_4,0.0014550629
3492_9,0.9980732
1133_8,0.9728308
3255_9,0.998103
10625_8,0.9977482
12307_9,0.10123348
325_10,0.99856746
4393_10,0.9985896
8755_2,0.0015487612
2645_4,0.001477943
10712_8,0.997285
10358_7,0.9961755
10913_1,0.0018969199
8406_7,0.998103
12131_8,0.99771273
8306_7,0.99827254
8722_9,0.99861145
6363_3,0.0013045068
6876_10,0.99856746
10802_8,0.89947516
6078_2,0.0013458604
4558_8,0.9982993
643_4,0.0015011822
9956_10,0.9984269
7267_8,0.99827254
10491_7,0.99832565
5105_8,0.99854493
7213_10,0.99861145
8442_2,0.0027576222
11035_10,0.9984022
9961_3,0.005220126
2616_1,0.001264422
7666_4,0.0016743994
548_4,0.002396731
2425_10,0.9983516
4173_1,0.0013250223
3558_10,0.99719906
4117_3,0.0028009268
9803_3,0.0014103585
1545_1,0.0014550629
6564_7,0.9982993
1306_1,0.0014550629
632_1,0.0013250223
3132_8,0.9985221
5755_2,0.0015731123
5282_1,0.001477943
5891_10,0.99821776
3961_7,0.99856746
4107_1,0.9736447
2370_8,0.9977482
1363_1,0.0015487612
5359_9,0.99861145
759_10,0.99804294
727_8,0.9984269
1875_1,0.0015731123
10586_1,0.0014550629
4906_1,0.0013885231
11685_4,0.0015487612
1632_1,0.0024726235
4913_10,0.99856746
11375_1,0.0019570168
423_10,0.9980732
5957_9,0.99837697
9389_1,0.001477943
10450_7,0.9984269
4205_1,0.017045317
2983_1,0.0014103585
7895_1,0.0013045068
2761_4,0.0014103585
3359_1,0.0013458604
687_9,0.9983516
8150_1,0.0019570168
1647_10,0.9984988
10920_8,0.9962346
4813_8,0.9980732
4628_10,0.99845123
5738_4,0.001477943
11255_3,0.001477943
7801_10,0.9984988
3258_2,0.0013458604
10513_7,0.94966936
9358_8,0.9985896
6864_2,0.0012448432
3038_8,0.99827254
6928_1,0.047780063
10277_10,0.99863297
9231_1,0.0012065897
8098_7,0.9981324
11550_10,0.99719906
10233_7,0.99818975
180_3,0.9826909
538_8,0.99845123
4977_9,0.998103
11386_3,0.001867566
1045_3,0.0014325365
61_1,0.0022170132
6907_8,0.9959927
11368_10,0.99580115
10_3,0.0013885231
7034_3,0.0013885231
3051_10,0.9974885
362_9,0.9984022
8037_7,0.9981324
11408_4,0.0017274586
8783_7,0.99827254
1755_10,0.99824536
3610_3,0.0014550629
1376_3,0.0016743994
4970_9,0.99687636
7802_9,0.99824536
4169_1,0.001264422
2063_4,0.99845123
2825_10,0.9975274
10758_10,0.9984269
10778_2,0.0014550629
979_10,0.99856746
11700_4,0.99732697
7848_10,0.007121429
1294_7,0.9984988
4806_4,0.99771273
10159_4,0.0015487612
3461_4,0.9974491
10312_1,0.0014550629
4297_1,0.0013458604
5081_2,0.0017546144
2156_1,0.0013670255
8417_1,0.0013250223
10182_10,0.99856746
11732_2,0.0015487612
10078_3,0.0013885231
4772_1,0.0013885231
6187_4,0.001622967
4219_10,0.99854493
5208_8,0.9971551
4935_2,0.001622967
6528_10,0.99856746
4080_1,0.001477943
6147_10,0.9952448
1352_2,0.0027576222
5675_9,0.9975274
3024_4,0.0014325365
6930_3,0.0015247865
7005_1,0.0018386653
380_9,0.99821776
5923_3,0.001648483
1246_9,0.9984269
3081_8,0.99854493
11913_3,0.0023231625
4112_8,0.98951083
1440_8,0.99854493
12123_7,0.03846619
3731_1,0.001477943
420_10,0.997981
5862_1,0.0013885231
10864_7,0.9985221
3484_1,0.0015731123
9438_4,0.004133968
7032_10,0.99854493
7670_2,0.0013885231
5251_9,0.9984022
5296_7,0.997783
9161_7,0.936285
6446_4,0.0025509126
11694_8,0.9943581
1674_9,0.99861145
8831_10,0.7892337
11813_10,0.99832565
3380_1,0.0013670255
8653_10,0.99854493
10485_1,0.0014325365
3771_9,0.99711037
5534_1,0.0013250223
2_7,0.99629277
2334_9,0.99854493
8327_4,0.0038244836
8552_9,0.99863297
9117_10,0.99760324
11953_10,0.9985896
7015_4,0.0027149855
9649_10,0.99856746
1701_1,0.0048297215
1946_3,0.001622967
1536_10,0.9980122
6419_7,0.9979493
6619_10,0.9984022
3715_10,0.99856746
6001_9,0.99854493
4555_9,0.9978173
6367_4,0.0020829707
8350_10,0.997065
8376_7,0.9985896
8231_1,0.001648483
11595_9,0.99856746
10372_4,0.005220126
2711_8,0.99824536
407_4,0.001477943
10798_10,0.99832565
5358_1,0.0074606435
158_1,0.0015731123
6578_7,0.997065
217_8,0.9975656
4535_10,0.99821776
4887_10,0.9881309
5595_4,0.4126485
1837_9,0.9984269
7723_1,0.0013670255
1935_7,0.014842417
7357_4,0.0013458604
3293_3,0.0017546144
5176_1,0.0013885231
10930_7,0.0963651
4618_1,0.0037654138
15_2,0.0015247865
4009_1,0.0015011822
3854_1,0.002019014
2889_10,0.99827254
2737_1,0.9559813
9811_3,0.001477943
12016_2,0.0019267346
8470_10,0.983597
2965_7,0.0023596606
6620_1,0.0014325365
7447_3,0.0013885231
1197_9,0.99818975
9750_9,0.99861145
3001_1,0.0025509126
8068_2,0.0017821962
5660_1,0.9539661
5595_10,0.99824536
4377_4,0.009859855
7354_8,0.9980732
11858_1,0.0013670255
7611_2,0.001477943
6855_7,0.0029810332
11522_1,0.0013670255
21_9,0.99856746
3423_9,0.99854493
2061_8,0.99856746
5594_10,0.9986541
6106_3,0.002434382
9222_1,0.08329193
2305_3,0.0015487612
12493_4,0.9943581
8841_9,0.9914225
3824_8,0.9978173
703_8,0.99821776
1638_1,0.0013250223
11339_4,0.0014103585
10173_1,0.0015247865
6481_2,0.8407826
9468_2,0.24292332
1830_9,0.9985896
9940_8,0.07477005
7768_1,0.0013885231
414_2,0.0014103585
9554_3,0.0018386653
2894_4,0.0014103585
2509_7,0.99827254
2430_2,0.00619299
10244_7,0.05379964
2874_9,0.0021489493
4615_4,0.997285
9011_10,0.99863297
8977_9,0.99845123
6709_9,0.049589027
7963_3,0.96814114
7531_10,0.99845123
5058_3,0.0015487612
2875_2,0.0021827165
9191_8,0.99724233
2596_10,0.9983516
9660_8,0.99847525
3682_1,0.0016743994
4189_1,0.0014103585
739_10,0.99861145
836_4,0.001648483
2422_7,0.0027149855
4318_1,0.0014325365
1443_2,0.0023231625
2782_8,0.9984988
10260_1,0.9971551
10624_10,0.8333246
3288_8,0.99832565
155_2,0.0012843083
4941_9,0.9981324
1449_8,0.9985896
10575_1,0.001648483
3568_4,0.99635005
261_9,0.99845123
10420_9,0.9985896
4008_1,0.10302443
4263_9,0.9982993
11924_4,0.0017274586
11488_7,0.9982993
1599_1,0.001622967
11383_10,0.99837697
1800_9,0.9969722
9705_10,0.99845123
10044_8,0.99719906
471_3,0.0017007225
3494_9,0.99854493
11492_10,0.9975274
257_3,0.0076956474
10745_1,0.001867566
7305_1,0.0015011822
6239_8,0.9984022
3068_10,0.99724233
2862_1,0.0013885231
11217_4,0.18097351
10650_9,0.99821776
3588_10,0.9984988
8345_10,0.9798227
9980_2,0.0014325365
8901_1,0.0015247865
5438_8,0.99856746
10879_10,0.9984022
9064_3,0.0044683837
193_9,0.99361163
470_4,0.001648483
5128_7,0.997981
10542_10,0.9888419
205_10,0.9984269
8091_7,0.99854493
11383_3,0.0017007225
10274_2,0.001648483
7865_7,0.9983516
7525_1,0.9964064
2168_2,0.0014550629
11082_8,0.9979493
1991_2,0.0015978455
10524_10,0.99863297
4628_3,0.0059110695
4269_7,0.9981614
7367_2,0.0017546144
1390_1,0.0023231625
7158_1,0.0017274586
12442_10,0.9969722
8388_1,0.0013045068
7980_7,0.32723817
3054_1,0.0014103585
11143_2,0.021125194
2238_1,0.0014325365
949_3,0.0018969199
42_4,0.0014550629
4093_7,0.99856746
3657_3,0.0015011822
9812_10,0.9984988
6879_3,0.0034296038
2189_8,0.99821776
11804_1,0.0014550629
5280_10,0.99827254
411_8,0.99566853
5673_1,0.0015978455
11633_2,0.0015011822
10389_1,0.001264422
9516_10,0.9954615
12169_8,0.99854493
232_7,0.9449947
6061_4,0.0015731123
6755_8,0.99824536
2880_10,0.9984269
4187_7,0.0053018946
4175_7,0.9980732
11674_3,0.0023596606
10397_1,0.0017821962
4334_10,0.99760324
7654_10,0.9983516
1657_9,0.9984269
2025_2,0.0015011822
2276_4,0.0015011822
1957_10,0.99788433
11627_4,0.004198795
11799_4,0.0022872274
10251_10,0.998103
1231_4,0.0017274586
8302_8,0.9984269
12342_7,0.004609572
8105_3,0.96691406
3892_4,0.0015011822
8473_9,0.99821776
448_8,0.9984269
7317_2,0.001477943
2074_1,0.0021827165
12249_7,0.99788433
5467_2,0.0017546144
12109_1,0.001648483
11511_1,0.0015731123
9476_3,0.9976404
1170_10,0.99847525
8970_9,0.9982993
12308_1,0.001477943
3101_8,0.9981324
3066_1,0.0013045068
11519_7,0.002631674
5314_2,0.0020507437
9160_4,0.0021827165
6512_3,0.007232764
7836_4,0.0027576222
11429_1,0.007815888
12043_9,0.99861145
270_1,0.0014550629
821_1,0.0021157034
4572_10,0.99821776
11437_1,0.0015011822
4899_3,0.0018969199
8226_9,0.9980732
5445_9,0.99854493
2459_2,0.013532149
12192_7,0.99845123
5459_9,0.997065
7308_7,0.99341017
11308_1,0.001477943
4122_3,0.001477943
144_9,0.9981324
12145_4,0.0015487612
8511_8,0.9983516
11319_7,0.9971551
9257_10,0.99847525
6737_3,0.0015978455
9327_9,0.9981324
1246_1,0.0014325365
11239_10,0.9985221
2915_1,0.0015247865
6019_10,0.9985896
1151_9,0.99856746
11796_2,0.001810211
10400_9,0.01243165
9599_10,0.9959927
2283_3,0.0015011822
5474_3,0.0013250223
2670_3,0.0013670255
6_3,0.012920473
69_4,0.0025909794
11234_10,0.9930962
6575_10,0.9984022
9391_1,0.0016743994
12053_1,0.0013885231
1387_8,0.99724233
2649_9,0.9980122
9004_4,0.0019267346
8723_1,0.0022518474
11609_1,0.0014550629
9585_2,0.0015247865
2736_1,0.0017007225
6607_2,0.0015011822
11939_2,0.0014103585
2024_8,0.99832565
1503_8,0.004905406
10177_10,0.997981
10266_1,0.0013250223
547_7,0.9979493
5272_10,0.99827254
5204_9,0.9985221
9369_2,0.0014325365
6273_1,0.0013885231
10825_7,0.99854493
644_8,0.98677725
347_1,0.0017821962
12309_1,0.0019570168
5502_10,0.99832565
7203_1,0.001622967
8714_2,0.001648483
713_8,0.9985221
10289_1,0.0016743994
7666_8,0.9158089
6753_1,0.0013250223
6350_1,0.0013045068
11232_8,0.9978173
10551_1,0.001622967
5967_7,0.99469805
1049_3,0.0013458604
11238_10,0.026556572
8043_9,0.9985221
8751_4,0.81227237
6514_2,0.0023596606
1461_3,0.0013458604
12137_8,0.9974885
9884_1,0.0013670255
4652_10,0.9986541
3169_4,0.001867566
4138_8,0.9983516
6125_7,0.001867566
7298_8,0.99837697
4602_8,0.99453074
3523_1,0.0019570168
10990_1,0.0014550629
9278_1,0.0014325365
2614_3,0.0019267346
4762_3,0.0013670255
2557_9,0.99837697
9390_1,0.0012843083
7144_10,0.99854493
6655_7,0.9964619
9806_3,0.0019570168
986_10,0.998103
9969_10,0.998103
8915_1,0.0027576222
3888_2,0.0062899017
1963_1,0.0018386653
10523_9,0.9976404
9995_2,0.9914225
4491_1,0.0015487612
926_10,0.99856746
5679_7,0.036769465
5201_8,0.06142404
9785_3,0.0013458604
337_1,0.0014550629
4129_3,0.0028449094
9231_8,0.004681822
2058_2,0.0013670255
4801_10,0.99837697
2116_1,0.0013885231
11539_10,0.99847525
200_4,0.9623913
8271_10,0.99818975
10088_8,0.64957863
10816_10,0.9984269
80_7,0.95362175
9331_7,0.9985221
3866_9,0.9983516
4534_3,0.005641909
8981_9,0.997783
510_7,0.9980122
4980_1,0.0013670255
3336_1,0.0022872274
1934_7,0.034880888
2815_4,0.99847525
6606_4,0.0020507437
11802_1,0.51952136
6312_9,0.9984269
1914_2,0.0019570168
1970_8,0.99845123
9791_10,0.99832565
3721_10,0.990732
7947_10,0.9985221
8009_10,0.997285
3370_7,0.0044683837
8943_3,0.0057302467
5873_10,0.9978173
7379_1,0.0014325365
3585_10,0.9984269
6934_10,0.99832565
5841_1,0.95759624
1354_7,0.9984988
9215_10,0.99821776
2668_4,0.0013885231
8441_8,0.99771273
5255_7,0.62566686
3649_1,0.0015487612
1169_10,0.99863297
2366_7,0.99856746
4229_1,0.0013670255
29_3,0.0018386653
6109_2,0.0014103585
11174_4,0.0014103585
12477_7,0.00619299
11713_1,0.0015247865
2231_2,0.0022518474
7598_8,0.99847525
5095_3,0.0014325365
3062_10,0.99824536
11451_7,0.9984269
7100_3,0.0012255674
11005_1,0.0014550629
9902_8,0.99856746
8850_10,0.9603612
5542_2,0.24707796
9371_1,0.001648483
8042_7,0.9984022
1757_1,0.0015978455
2256_1,0.0015978455
9793_3,0.0015011822
11791_2,0.9942697
4814_2,0.0013250223
630_7,0.9982993
10622_10,0.99863297
5781_1,0.0015731123
7422_10,0.997981
10084_10,0.99832565
9550_9,0.99824536
11646_8,0.997783
110_1,0.001867566
4811_1,0.0013458604
9559_4,0.0018969199
2755_10,0.9985896
698_1,0.0013885231
8437_1,0.0025114634
1470_8,0.9979493
11449_8,0.0018386653
8078_8,0.99837697
238_1,0.0014325365
4950_10,0.9985896
10793_7,0.99827254
8497_10,0.99847525
9160_9,0.012527932
8472_1,0.0015011822
1583_8,0.9967269
2923_3,0.0014550629
9770_4,0.9923044
10706_2,0.013636835
4573_2,0.0017546144
11176_10,0.99832565
616_1,0.0015731123
4574_8,0.9981324
8465_10,0.99837697
4049_9,0.9984022
3707_3,0.0013458604
4398_10,0.99854493
11727_1,0.0028449094
7244_8,0.99863297
549_3,0.018546565
9461_1,0.61138195
6748_3,0.0013458604
7093_10,0.99854493
9115_10,0.9985221
8284_9,0.99854493
469_8,0.9956006
1281_9,0.9985896
2816_3,0.9511422
11001_7,0.99101454
6987_2,0.0017274586
5428_3,0.0014325365
5992_10,0.9986541
2315_1,0.0013670255
7329_7,0.99804294
3956_1,0.0015487612
11453_1,0.0015978455
726_1,0.001477943
10517_1,0.0043994132
4494_8,0.9968273
11980_10,0.99854493
2926_1,0.0047552
1671_2,0.10194652
8291_4,0.0013458604
948_8,0.9908744
8122_1,0.0033244372
9343_10,0.99711037
6011_10,0.9975274
7156_4,0.0015731123
9596_2,0.0013458604
10583_10,0.9983516
3190_10,0.9985221
10841_10,0.9984988
6122_8,0.017045317
1315_10,0.9983516
3667_1,0.004264634
4225_2,0.0015487612
11268_8,0.9979493
412_7,0.997783
4891_10,0.99856746
4791_10,0.9986749
4463_2,0.0015731123
3173_7,0.9890131
2937_8,0.99854493
9438_10,0.9984988
9900_9,0.99818975
424_10,0.99861145
955_10,0.99827254
10060_3,0.0017274586
6063_9,0.99863297
1960_1,0.0013670255
1456_8,0.998103
1859_2,0.0033766124
1262_8,0.9984022
5325_4,0.0022872274
5944_4,0.031858858
2805_4,0.02865267
11591_1,0.0014325365
3257_1,0.017712297
11444_3,0.001477943
5446_3,0.0025509126
11801_1,0.43014735
8653_2,0.0014325365
10939_1,0.0013885231
10079_10,0.9978173
8188_1,0.0018386653
3825_3,0.0022170132
6659_2,0.0018969199
9779_2,0.0018386653
2852_2,0.0015011822
11117_7,0.5960952
4367_3,0.0037654138
7538_4,0.028870907
9183_3,0.0040072887
1910_8,0.9977482
4563_4,0.0022170132
7743_7,0.9984988
6770_1,0.0013885231
10133_4,0.002434382
6279_8,0.99837697
7907_1,0.0014103585
1458_2,0.0023596606
12427_1,0.0034834242
3221_10,0.9985221
1614_10,0.9985896
2761_10,0.990732
5151_4,0.0014550629
8803_8,0.9985221
10726_1,0.0014103585
824_8,0.99845123
12377_10,0.9750122
3401_3,0.0015978455
3603_7,0.07696084
3655_4,0.0015247865
9963_3,0.001622967
4266_1,0.0015487612
1176_4,0.0015247865
959_4,0.0032730647
4494_1,0.0015011822
12381_10,0.99832565
4603_8,0.94853723
625_2,0.9962346
7597_3,0.0014325365
594_9,0.9959299
10998_10,0.9971551
5122_10,0.9984269
9820_10,0.9984988
2428_1,0.0013458604
10928_1,0.0013670255
9083_2,0.97046465
8669_1,0.0014103585
9159_9,0.9980732
4171_10,0.99832565
7985_8,0.9984022
4181_1,0.0013885231
4577_8,0.99740905
910_4,0.0035936027
10673_4,0.037892424
1530_10,0.99854493
2436_4,0.0032730647
3934_10,0.99771273
9273_1,0.0016743994
3188_9,0.9985896
1826_4,0.001810211
4777_1,0.0015247865
7449_10,0.9985221
490_2,0.9953904
1351_1,0.0014103585
9172_7,0.997783
6211_8,0.99824536
7114_8,0.99788433
1316_2,0.0014550629
6531_10,0.9980122
4381_3,0.0015487612
10347_1,0.001867566
5497_8,0.99861145
7041_10,0.99847525
4466_4,0.001477943
1690_1,0.0015011822
912_1,0.0015487612
10342_1,0.0013458604
6323_4,0.002396731
3243_1,0.23335676
9143_1,0.032100707
7175_3,0.0013045068
1962_7,0.99736834
11135_7,0.99711037
8524_1,0.0015247865
10026_3,0.0027576222
3031_4,0.993807
1766_2,0.0015011822
6042_10,0.9982993
3357_7,0.99818975
11065_10,0.99821776
11641_9,0.9983516
4389_2,0.0017007225
10946_1,0.0015011822
6385_10,0.99837697
5520_4,0.99701905
8036_8,0.99847525
4726_4,0.9941801
1510_8,0.9959927
11016_8,0.99861145
893_1,0.001867566
655_3,0.0020829707
12226_7,0.5544705
3878_10,0.9983516
8589_8,0.9984022
4108_10,0.9914225
8586_3,0.001648483
2326_9,0.9985221
155_8,0.005060332
11073_7,0.99605453
1672_10,0.99837697
1715_8,0.9974491
10443_7,0.9976769
9673_1,0.0013458604
10731_9,0.997851
4427_3,0.0017007225
422_3,0.002434382
7121_3,0.0022872274
4415_4,0.94891727
11599_1,0.0017546144
6015_9,0.9964064
3470_1,0.0015731123
3951_10,0.99854493
2665_10,0.99856746
10295_10,0.9984988
3220_10,0.99771273
4748_1,0.0013458604
189_9,0.99861145
3502_9,0.19620943
10561_9,0.99845123
5051_4,0.0022872274
7644_7,0.99635005
559_4,0.9407897
3236_1,0.0013045068
9985_9,0.99854493
3512_7,0.99390244
10318_1,0.0013885231
3509_1,0.97112906
7686_10,0.9979493
8947_8,0.99861145
6783_10,0.997917
9836_10,0.99837697
971_3,0.0028449094
1127_1,0.0013458604
8953_7,0.9975274
5763_10,0.99771273
9147_10,0.9980122
10688_1,0.001477943
2148_7,0.997783
8997_10,0.99863297
3094_10,0.9985221
1152_3,0.0025509126
1907_10,0.997917
1845_10,0.9986541
6852_7,0.997851
5573_10,0.99845123
8709_2,0.002396731
2882_10,0.99854493
11230_8,0.9975656
10124_3,0.0017821962
12361_1,0.001867566
8117_4,0.002019014
1192_10,0.9986541
1657_4,0.0024726235
10319_8,0.9961755
10954_1,0.0023231625
2048_10,0.23828422
5763_4,0.0044683837
9491_10,0.99804294
4081_3,0.99014014
4877_9,0.9975274
10981_9,0.9986541
11440_1,0.0015247865
7608_2,0.0017546144
194_1,0.0014103585
7116_7,0.40839475
2118_10,0.9984022
9997_10,0.99854493
3880_1,0.0015731123
4197_10,0.9898303
1166_10,0.010013569
3504_8,0.9981614
3170_10,0.99845123
1477_8,0.99771273
881_8,0.9985221
10229_2,0.0015247865
9515_1,0.0013670255
6714_7,0.006097562
8570_8,0.0023596606
6892_10,0.99856746
8710_10,0.9984988
9135_10,0.9982993
10924_10,0.9984988
5252_4,0.0040072887
6581_10,0.9985896
8837_10,0.9983516
3820_1,0.0014103585
9914_3,0.001810211
3141_1,0.0013670255
7893_1,0.0012843083
306_1,0.0013045068
2527_3,0.004331502
8148_2,0.0032224844
9778_10,0.99854493
10438_9,0.9985221
5230_4,0.008061991
1691_1,0.001648483
6124_10,0.9965166
5256_3,0.9891816
4294_7,0.9974491
10575_10,0.9984269
9610_9,0.99788433
563_10,0.99736834
6328_10,0.99856746
6903_2,0.0014103585
6899_4,0.001648483
7166_4,0.0024726235
2993_4,0.010169657
10771_8,0.9977482
11298_1,0.0013458604
9101_2,0.001477943
7716_3,0.0015731123
2722_1,0.001648483
5227_8,0.99818975
241_1,0.0013250223
192_2,0.0014550629
9006_10,0.99854493
5505_7,0.8204695
10822_8,0.9986749
1046_1,0.0013885231
1865_3,0.001648483
11845_7,0.99847525
6675_7,0.9982993
6240_1,0.001264422
10392_8,0.99861145
3405_10,0.9985221
11919_10,0.99861145
2294_9,0.99856746
1097_3,0.013020489
6888_10,0.99827254
12373_1,0.001810211
11785_10,0.99361163
11805_1,0.001622967
2328_9,0.99760324
2636_1,0.0015247865
12359_7,0.99804294
7733_8,0.99611557
9877_1,0.938576
12266_7,0.9984269
8274_1,0.007815888
11727_8,0.99824536
12389_8,0.997783
2464_4,0.99711037
4930_1,0.002019014
11304_9,0.99845123
2140_1,0.004331502
11168_9,0.99771273
1772_9,0.9984988
3857_8,0.9985221
4559_3,0.0015011822
6986_8,0.0021489493
9647_1,0.0023231625
11714_1,0.001477943
5436_2,0.0033766124
2736_9,0.99847525
4499_8,0.997851
2701_10,0.99854493
11604_8,0.9984988
6133_1,0.0030278352
4151_3,0.99788433
3978_3,0.0013458604
1973_9,0.9984022
11752_10,0.9984022
10192_10,0.9813107
8318_4,0.001477943
5685_1,0.0015487612
8978_4,0.9142907
12289_10,0.997917
5603_9,0.9983516
5209_10,0.9967269
8360_7,0.0020829707
5690_2,0.0012843083
8463_10,0.00619299
5304_10,0.99837697
720_10,0.9976404
9301_3,0.0014325365
1392_1,0.002631674
10893_4,0.0028009268
1299_9,0.02865267
5552_2,0.0021157034
4348_4,0.0038844768
12384_4,0.32252598
11947_2,0.2150209
1740_3,0.0011879054
7869_10,0.9976404
5959_7,0.99837697
2301_8,0.9985896
5572_7,0.9966756
3716_1,0.30777395
8558_7,0.99760324
12210_1,0.001622967
3744_4,0.0029810332
12487_2,0.0017007225
5348_7,0.99736834
1065_1,0.0013250223
1414_10,0.99771273
2672_4,0.0015978455
1014_8,0.013428254
2248_10,0.998103
2221_8,0.99832565
4576_1,0.0015731123
10578_10,0.99847525
8525_2,0.8221891
5332_8,0.031618766
12007_2,0.001648483
1107_2,0.001810211
8295_10,0.9984988
10093_1,0.0015978455
6441_1,0.0015011822
10422_3,0.0013250223
11034_3,0.0014325365
3379_9,0.99821776
7512_1,0.0015731123
12165_1,0.0016743994
11634_10,0.9953904
4567_10,0.97423947
6971_8,0.997917
2145_3,0.002673006
5639_1,0.0014103585
8049_7,0.99771273
7953_1,0.022802636
12440_4,0.0014103585
9134_8,0.99845123
5720_10,0.9985896
1851_10,0.99837697
3673_10,0.99854493
9037_3,0.0065897712
8547_10,0.99854493
111_10,0.99804294
5279_9,0.99854493
2379_9,0.99827254
6000_10,0.998103
990_7,0.0015011822
1519_9,0.99732697
5987_7,0.9971551
2959_7,0.99827254
8898_2,0.0015978455
5746_10,0.9984022
6268_8,0.008847355
5449_7,0.03567855
5561_1,0.0015487612
11470_3,0.001264422
11837_1,0.0021157034
6761_10,0.9984988
1590_1,0.0015731123
927_10,0.99824536
1495_9,0.9967775
10529_7,0.9959927
7704_2,0.001810211
10707_3,0.0013885231
3862_1,0.0013250223
3612_7,0.9985221
8212_2,0.0015978455
10649_10,0.9975656
9767_1,0.0016743994
4054_3,0.0016743994
9783_3,0.0015247865
3116_2,0.0020507437
4631_10,0.99861145
7228_1,0.0014325365
2744_8,0.99509466
6028_10,0.99837697
10812_9,0.9974491
417_10,0.9985221
11876_10,0.9981324
946_7,0.04672496
8265_10,0.99856746
6833_10,0.9984022
4150_4,0.001477943
899_9,0.99847525
223_10,0.9985896
7369_3,0.055005286
5075_8,0.020023443
6634_1,0.001264422
3486_8,0.99736834
11473_1,0.0031236487
3276_10,0.9985221
3272_2,0.002631674
2727_3,0.004133968
4134_7,0.39242414
5744_3,0.002889581
8715_1,0.001477943
4812_1,0.0013250223
6841_1,0.001622967
6822_1,0.92495924
3211_4,0.002889581
5489_2,0.0014325365
1168_1,0.0014550629
3056_9,0.9981614
4516_10,0.99845123
9542_1,0.0013670255
4400_10,0.9985896
2766_10,0.99827254
6470_8,0.9984269
5434_1,0.0021489493
1406_4,0.019124037
11479_8,0.997851
9881_10,0.9982993
10276_1,0.0013885231
2875_8,0.997917
1254_2,0.0016743994
8017_10,0.14128141
9694_10,0.9967775
9522_1,0.0014550629
11379_2,0.001648483
7357_10,0.9984269
6080_9,0.9985221
2039_10,0.9986541
7086_8,0.9985221
4757_10,0.99854493
2472_10,0.13660839
9442_1,0.0013250223
12438_10,0.99821776
747_8,0.99804294
6786_4,0.0094125895
11942_8,0.99635005
8611_9,0.99854493
9240_8,0.99869555
7411_4,0.0015731123
5196_4,0.0013250223
5709_3,0.0029349516
6758_3,0.0014325365
1933_9,0.9983516
4464_8,0.99824536
11100_9,0.9959927
3636_10,0.9981614
12328_1,0.0067975316
6783_4,0.0023596606
11381_10,0.99837697
4509_3,0.0018969199
4775_7,0.98087597
10633_8,0.98173577
9161_1,0.001648483
2277_8,0.9985896
7402_10,0.03963884
2713_1,0.0013250223
1312_1,0.0013670255
3633_1,0.96378
8943_10,0.9984988
11734_3,0.2230384
12120_7,0.997851
6285_1,0.0023596606
9296_1,0.0013670255
8696_9,0.99861145
7243_10,0.99821776
10135_8,0.009633653
6094_10,0.9984988
6962_4,0.010818449
3916_1,0.0015978455
3650_10,0.99760324
58_8,0.9986749
10858_1,0.0014550629
11894_8,0.9985896
759_1,0.001648483
10311_1,0.0057302467
1127_10,0.99818975
6723_7,0.9926542
4966_7,0.99719906
7196_4,0.004198795
6244_1,0.0014325365
9510_10,0.99861145
3471_10,0.99863297
9840_2,0.7862948
11886_9,0.9964064
7880_10,0.99818975
6358_10,0.99861145
6280_2,0.0014103585
2580_3,0.0016743994
122_4,0.0017007225
5713_2,0.0021489493
7187_7,0.9953904
8601_8,0.9974885
52_10,0.99861145
2447_7,0.9976404
4828_4,0.0013885231
5371_1,0.001622967
5066_1,0.0015487612
12184_2,0.0023596606
85_2,0.0015487612
10067_7,0.99847525
3999_9,0.99856746
11623_10,0.99832565
10826_4,0.0019267346
3780_1,0.001622967
10195_1,0.0013885231
7875_4,0.001648483
8510_4,0.0020507437
9916_2,0.0015978455
10023_4,0.05623634
6870_8,0.99804294
4753_9,0.99832565
11120_7,0.0140636265
2516_10,0.9911527
1719_10,0.99818975
4426_4,0.0018969199
7835_7,0.9964064
5148_7,0.3408142
2997_7,0.012053779
2211_7,0.67832696
626_4,0.021615336
779_1,0.0017007225
9712_10,0.9982993
1504_9,0.99856746
8903_3,0.0015731123
359_7,0.9964619
7465_7,0.99856746
10966_2,0.0033244372
8227_2,0.0028009268
10746_2,0.001622967
10356_1,0.10338596
12286_1,0.0013885231
11128_7,0.99390244
12489_3,0.0023596606
1264_1,0.001264422
3871_10,0.99845123
9248_10,0.5450436
3094_4,0.0033244372
7472_9,0.997917
3537_2,0.005220126
9727_2,0.0017007225
5453_8,0.99477994
2283_10,0.997851
7533_2,0.0015011822
6468_1,0.0017007225
12274_9,0.9984988
10713_3,0.0015247865
8518_7,0.9953181
1838_10,0.9985896
5304_1,0.105210535
4227_1,0.0015978455
5342_9,0.9985221
1754_8,0.9981324
4800_1,0.001810211
10717_3,0.024423089
1919_1,0.0014550629
6851_7,0.016152835
322_8,0.07343005
3028_4,0.0015978455
7463_2,0.0015487612
7999_1,0.0013885231
3036_1,0.0020829707
11154_7,0.9939964
10501_1,0.0015731123
12272_8,0.9984269
1738_8,0.99804294
3242_1,0.0019877742
6178_4,0.001477943
3405_4,0.98173577
4663_7,0.99821776
11348_1,0.0013670255
7304_1,0.0017007225
2962_1,0.0013885231
11701_8,0.997851
9354_9,0.9985896
9846_7,0.9977482
12496_10,0.998103
5652_1,0.008847355
7371_9,0.99837697
10131_3,0.001477943
9826_4,0.0016743994
6141_10,0.99837697
7472_3,0.002631674
2622_8,0.99553156
10281_9,0.99832565
8668_2,0.0014550629
2348_9,0.99732697
12047_2,0.0015487612
11373_10,0.99854493
4254_1,0.0014325365
524_1,0.12378871
5808_1,0.0017274586
515_1,0.0028009268
6414_9,0.920218
8938_8,0.99804294
12391_8,0.99845123
776_8,0.99861145
12197_7,0.997981
4582_1,0.9927672
3638_10,0.9984022
6338_3,0.0017007225
1165_2,0.001810211
5574_1,0.004264634
7319_2,0.0013670255
595_10,0.9984988
6694_1,0.0017821962
12209_3,0.0014103585
3268_10,0.99771273
12492_4,0.0021157034
4738_10,0.99847525
947_3,0.035144847
7726_10,0.9980732
94_10,0.99788433
11760_1,0.019124037
10978_10,0.9981614
10072_1,0.0014103585
2346_10,0.99824536
5008_9,0.9982993
5135_2,0.0015247865
7979_3,0.99845123
10863_10,0.0017274586
2862_9,0.9933072
7562_9,0.99854493
8023_4,0.0013885231
341_9,0.9985221
6321_4,0.0022170132
9936_1,0.0015247865
9581_10,0.9986749
3750_2,0.0013670255
8298_2,0.0032224844
5900_10,0.9984022
6308_1,0.0014325365
1609_10,0.99824536
11054_1,0.0013045068
7031_3,0.0013670255
9507_9,0.99845123
3121_1,0.0013045068
7521_1,0.0013458604
4830_1,0.0017007225
6686_2,0.001648483
1618_10,0.0028009268
2190_10,0.9986541
6943_8,0.29320207
1385_7,0.99827254
544_8,0.99832565
3225_10,0.9982993
1044_3,0.0020507437
11691_7,0.002673006
6124_3,0.0016743994
7326_1,0.0014103585
1471_10,0.99771273
5010_1,0.0013045068
2695_9,0.99821776
1222_2,0.001477943
1012_8,0.001477943
5459_1,0.0015247865
4734_1,0.0013250223
3138_8,0.9983516
5674_7,0.99821776
6815_1,0.0013458604
8285_10,0.99824536
5504_10,0.99863297
6800_4,0.0013885231
5292_10,0.9985221
5121_1,0.0039454065
9861_1,0.99390244
2645_10,0.9985896
9422_7,0.997917
5144_1,0.0013885231
3877_9,0.9982993
7822_8,0.99827254
3324_2,0.0021489493
5559_3,0.001867566
9969_3,0.0017007225
2296_2,0.049589027
10021_9,0.9985221
11111_1,0.0015978455
1371_1,0.0015247865
4321_9,0.0045384313
9706_7,0.99253935
11782_1,0.001264422
141_1,0.0018386653
3106_7,0.99824536
1817_10,0.99847525
4508_10,0.9986541
10922_3,0.0015487612
2304_7,0.0123361
2229_4,0.009708476
4283_9,0.99847525
9087_2,0.0024726235
6003_9,0.99832565
12126_8,0.99856746
6067_10,0.99863297
8714_9,0.99818975
11932_1,0.002019014
2293_8,0.99861145
6184_8,0.9695556
8448_2,0.0035936027
8269_3,0.0015487612
7495_7,0.9977482
8282_10,0.998103
2351_7,0.0029349516
11688_7,0.99827254
3805_8,0.99586606
5158_1,0.0014103585
12476_8,0.99827254
8265_1,0.0018969199
2194_10,0.9984988
3465_3,0.0013885231
5234_10,0.9986541
6903_10,0.88759494
8085_1,0.0014325365
869_7,0.9961755
12034_1,0.0014325365
6297_10,0.99847525
3194_1,0.0014325365
8725_1,0.003538086
9563_10,0.9981324
11075_1,0.0015487612
5734_10,0.9984269
5357_2,0.0013885231
6453_10,0.9984269
3263_3,0.004198795
12360_7,0.99818975
6477_1,0.0038844768
11863_8,0.997851
8459_3,0.001867566
10594_10,0.98201376
2237_1,0.0022872274
7511_7,0.9976769
3626_3,0.014172365
6288_2,0.0014103585
125_7,0.9949397
3318_7,0.99509466
5525_7,0.997917
9695_1,0.0014103585
5917_8,0.99845123
8486_7,0.9983516
6032_3,0.001622967
7759_9,0.99824536
3456_10,0.9983516
1692_3,0.0020829707
2107_3,0.0016743994
11215_2,0.002631674
1309_7,0.9977482
6650_8,0.9985221
5722_9,0.99856746
4479_4,0.00818791
347_7,0.9978173
9399_10,0.99856746
2475_1,0.0019267346
8229_3,0.99014014
4869_2,0.0015978455
9691_1,0.0013045068
1227_3,0.0023596606
360_3,0.0018386653
10047_1,0.0012843083
1607_3,0.002019014
797_1,0.0020829707
9489_2,0.0044683837
1742_7,0.998103
10531_3,0.0018969199
4947_1,0.0014550629
10873_8,0.9798227
1429_7,0.994615
10962_3,0.0014325365
3305_4,0.5243947
12160_8,0.9975656
9236_1,0.0014325365
3718_1,0.0017007225
3434_8,0.99824536
10933_8,0.9981324
798_10,0.9981614
9879_9,0.71442884
6644_10,0.9977482
10978_1,0.0015978455
7867_2,0.001622967
4369_2,0.0014103585
1251_4,0.98582757
1500_2,0.0018386653
7574_10,0.99856746
5470_1,0.0015487612
2407_10,0.17497346
3451_3,0.0016743994
9385_1,0.0022872274
4078_8,0.8025555
3229_1,0.0014550629
1786_8,0.9980732
5173_2,0.001648483
1211_8,0.9914225
4303_1,0.0033244372
6011_3,0.0014550629
4513_4,0.001477943
11745_9,0.9986541
9675_9,0.9984269
11981_3,0.0023596606
5977_10,0.99509466
5023_4,0.0017274586
8704_9,0.997981
8644_10,0.9967775
10557_3,0.0014325365
6549_7,0.9979493
5557_3,0.0014103585
6402_2,0.001810211
2642_4,0.0047552
11796_10,0.0023596606
7102_1,0.0017007225
7968_8,0.997981
11764_7,0.994615
9415_9,0.99824536
4817_8,0.99845123
1007_4,0.0019877742
10943_9,0.9980732
7280_10,0.99847525
6068_2,0.0018969199
845_10,0.95759624
8377_3,0.001264422
8445_9,0.99856746
563_4,0.9954615
8761_9,0.997851
1552_1,0.0012448432
9630_1,0.0013670255
6444_7,0.9981614
3188_1,0.0014325365
2142_4,0.0017546144
2045_10,0.9982993
2477_10,0.9984988
2597_1,0.0013885231
3137_8,0.9981614
1345_1,0.0015487612
8498_7,0.9975656
6550_4,0.9076402
9583_9,0.9980732
7506_7,0.99687636
9316_7,0.9984022
11473_10,0.99856746
3003_10,0.99827254
8532_7,0.002396731
5654_1,0.0036499873
822_10,0.9811669
1312_10,0.99861145
9665_4,0.01461567
4442_10,0.99847525
11758_7,0.99854493
11185_1,0.0017546144
11588_3,0.0025909794
3366_10,0.99854493
7050_8,0.014728613
4778_4,0.0015487612
1_3,0.0017546144
2838_2,0.0023596606
6910_8,0.99804294
3257_8,0.9982993
9111_7,0.99827254
6458_7,0.81167597
5622_8,0.99845123
12469_7,0.9984269
9670_10,0.9984269
8092_4,0.001648483
1683_9,0.0930168
6181_4,0.0021157034
8965_8,0.9979493
5186_1,0.0014325365
1250_2,0.0015487612
4705_10,0.9985896
10261_8,0.9981614
350_4,0.994089
12302_3,0.004133968
776_1,0.9981614
7424_10,0.99845123
10383_8,0.99856746
360_9,0.99856746
5798_10,0.99740905
10720_4,0.3494217
6009_8,0.99821776
2319_8,0.99847525
7053_10,0.99821776
11210_8,0.9985896
1985_10,0.997917
6056_1,0.026556572
10315_1,0.0017007225
9_4,0.9049869
6530_4,0.0016743994
1367_10,0.0047552
4564_2,0.0014325365
4343_10,0.004331502
654_3,0.0022170132
4857_1,0.0013458604
1377_10,0.997981
8072_10,0.99832565
11433_7,0.9985221
6586_1,0.0014325365
10255_1,0.0022170132
350_10,0.99740905
6853_8,0.9985221
3693_10,0.9984988
2589_10,0.9761292
895_1,0.0014325365
6854_7,0.99821776
1274_2,0.0013885231
9179_8,0.9984988
10141_8,0.9978173
10727_9,0.99861145
1158_7,0.9974491
9949_3,0.0043994132
7798_10,0.99845123
5964_7,0.983343
11221_10,0.99837697
3053_3,0.0094125895
8817_9,0.99847525
5850_2,0.0015247865
9635_3,0.0013458604
5000_10,0.9986749
10040_2,0.0054692742
3065_1,0.0017274586
2196_1,0.010013569
12428_7,0.997917
8454_1,0.001648483
11456_10,0.9984269
5918_4,0.0021827165
10687_7,0.99824536
10507_7,0.6641865
9051_8,0.99847525
6315_4,0.0027149855
11266_10,0.99845123
5890_3,0.0054692742
6257_8,0.99486035
2923_8,0.99837697
2952_1,0.001477943
7269_8,0.99863297
1116_1,0.0013045068
11084_1,0.002631674
10287_1,0.0021489493
5704_9,0.99469805
11218_8,0.99845123
12275_2,0.002396731
1414_4,0.0021157034
7998_4,0.02931223
3286_1,0.001648483
2515_1,0.001477943
851_1,0.0019267346
5181_10,0.99856746
5358_9,0.9984269
2677_10,0.9984988
34_8,0.9986749
9232_8,0.99788433
5835_10,0.99827254
10796_4,0.98469365
5553_8,0.99863297
666_4,0.99605453
9450_1,0.0012843083
10820_8,0.998103
7994_10,0.9980122
8948_9,0.9985896
3301_2,0.0017007225
2801_1,0.0012843083
4934_2,0.0015978455
1539_10,0.9986541
10949_4,0.001867566
4394_10,0.99863297
4098_8,0.0019570168
1617_7,0.002396731
9569_3,0.0067975316
8593_1,0.0013885231
3449_1,0.001477943
8372_1,0.0012448432
815_7,0.9966234
348_7,0.004070138
7220_1,0.0021157034
2633_1,0.0014325365
1752_3,0.006903838
3347_2,0.0023231625
4967_7,0.998103
10910_8,0.99863297
3147_1,0.008445628
7791_4,0.32509187
1588_7,0.99736834
8405_2,0.0017274586
3826_10,0.9986749
3178_2,0.001810211
4420_4,0.32231262
246_2,0.0015011822
8462_7,0.9985896
8264_3,0.005384938
2695_3,0.0014325365
7258_4,0.053009775
5787_8,0.99605453
11668_2,0.0013670255
5529_4,0.99361163
8923_2,0.0015978455
4784_1,0.0017274586
7730_1,0.0019877742
4455_4,0.0037654138
6416_1,0.0017546144
87_1,0.0015978455
9548_8,0.9985896
1285_1,0.0013458604
7695_10,0.9983516
4364_10,0.99856746
9394_8,0.91398406
1253_1,0.0015731123
2481_1,0.0029810332
6790_1,0.0013885231
9989_10,0.99847525
1483_8,0.99837697
8772_1,0.0015487612
2993_10,0.9881309
1801_1,0.0017007225
9434_1,0.0015731123
7938_10,0.9984269
2262_1,0.001264422
5076_1,0.001648483
10994_2,0.0015487612
4749_7,0.998103
8309_8,0.997981
7031_10,0.99845123
2711_3,0.0025114634
8655_7,0.9980122
11329_4,0.99736834
9076_3,0.0025509126
11647_10,0.99827254
7934_1,0.0017274586
9114_1,0.0012843083
6510_7,0.9969722
11487_1,0.001477943
2348_3,0.11920291
12325_1,0.002434382
6405_10,0.8413048
357_7,0.99845123
12253_10,0.1576549
4927_10,0.9984988
8636_1,0.0013670255
11184_10,0.99845123
9974_3,0.25238404
6516_1,0.99711037
2167_9,0.99390244
10794_10,0.9985221
966_4,0.0022518474
10040_10,0.9986541
5940_9,0.022286188
9181_8,0.9932025
2196_8,0.9985221
6361_4,0.0014325365
4243_9,0.015424551
581_9,0.99861145
7195_1,0.0015731123
2986_10,0.99837697
4344_1,0.0013885231
7176_10,0.9982993
7857_10,0.9961755
6487_1,0.0015011822
3692_10,0.9982993
12198_10,0.9984269
10569_7,0.9979493
9850_2,0.008315778
6415_1,0.0013670255
6373_10,0.9980732
5103_1,0.0015487612
11048_8,0.99861145
2055_1,0.0014550629
2920_1,0.0017546144
8667_3,0.0022518474
7059_3,0.0013670255
3887_2,0.0014103585
12356_10,0.0035936027
5402_2,0.0015978455
10274_8,0.99444515
11831_4,0.0017821962
5375_7,0.997917
7875_7,0.009559399
2733_8,0.006903838
6420_8,0.99711037
2240_10,0.9969722
10627_9,0.997783
7319_8,0.99832565
7782_1,0.0013045068
857_1,0.0012065897
351_4,0.997065
9260_10,0.9975656
6891_10,0.99861145
8205_10,0.0036499873
1179_3,0.001622967
9061_4,0.0018969199
3571_9,0.99821776
11352_9,0.99845123
11770_10,0.9984988
10714_2,0.0017821962
5397_3,0.0031236487
2360_1,0.0013670255
9459_4,0.997917
7493_1,0.10123348
6799_10,0.99854493
2313_8,0.9981324
7602_10,0.9985896
1731_10,0.9984269
8502_10,0.99635005
5632_1,0.0014103585
3723_10,0.99856746
6473_3,0.0030753699
3596_3,0.0015011822
8583_7,0.9980122
10902_1,0.0012843083
1032_1,0.0032730647
2931_1,0.0013250223
9930_3,0.0017821962
11825_10,0.99837697
5384_10,0.99711037
2492_4,0.0015247865
5008_4,0.0018969199
7334_4,0.0014550629
10082_8,0.99580115
1395_1,0.0015487612
8140_7,0.08359068
2400_8,0.99856746
11462_2,0.0017274586
6632_10,0.9984988
11499_3,0.0021827165
5576_1,0.0023231625
1172_7,0.9984269
3053_8,0.9985896
4119_1,0.0015978455
8165_2,0.9884919
8333_8,0.99635005
2242_1,0.0014103585
6132_1,0.0018386653
12270_9,0.9985221
11456_4,0.891055
6898_1,0.0018386653
2512_2,0.001264422
7045_7,0.99821776
2808_4,0.0014103585
6257_4,0.0013458604
1971_7,0.9975656
10565_10,0.99832565
930_10,0.99719906
196_9,0.99832565
6535_1,0.0015247865
5257_1,0.0014325365
6759_4,0.004905406
5016_2,0.0013885231
10959_1,0.0023231625
4450_10,0.9986749
6678_10,0.9985896
11286_8,0.99298817
7200_8,0.9984022
6660_7,0.997981
12481_10,0.9983516
10278_4,0.007011795
6233_8,0.9965166
579_1,0.0014550629
8519_3,0.0016743994
1220_10,0.9985221
2342_10,0.9982993
1860_1,0.0019267346
7273_3,0.015189049
4653_2,0.9730365
6878_4,0.001648483
502_7,0.99740905
2406_2,0.004331502
2021_1,0.0014103585
874_8,0.9975274
4949_2,0.019419348
5054_3,0.0017821962
689_7,0.9980122
9643_7,0.9985896
6445_3,0.0018386653
2377_9,0.9983516
6107_8,0.920218
10368_8,0.99854493
10444_1,0.0015011822
5498_1,0.0025509126
1018_7,0.9985221
2718_9,0.002434382
2418_2,0.0013885231
7412_7,0.0015011822
213_10,0.9984269
9417_2,0.0015247865
1194_2,0.0014550629
9366_8,0.99856746
4769_1,0.0015247865
6667_9,0.9985896
9361_2,0.0012065897
2182_8,0.9951703
10677_4,0.9978173
3931_10,0.9951703
120_9,0.997981
10837_10,0.99854493
10830_1,0.0014550629
3679_2,0.008985428
9094_9,0.9984988
7880_2,0.0021157034
4969_9,0.99854493
3418_3,0.0013458604
5490_4,0.001622967
264_10,0.9984988
1602_10,0.99856746
5019_9,0.9730365
12000_9,0.9976404
10794_4,0.0015978455
2504_3,0.99740905
12340_4,0.26616648
7732_2,0.001648483
2028_1,0.001264422
3986_4,0.0021489493
5100_10,0.998103
2135_1,0.0019267346
10227_7,0.8146434
4413_1,0.008985428
5205_2,0.0013670255
45_9,0.99856746
12151_10,0.4085127
11055_1,0.0013458604
2632_9,0.9985896
7047_3,0.0013250223
1915_1,0.0015011822
9666_10,0.99863297
10027_1,0.0013885231
11024_2,0.0016743994
6482_7,0.99711037
8060_3,0.0013670255
9876_8,0.9981324
3839_1,0.0015978455
3682_9,0.9982993
5962_3,0.0015011822
222_3,0.0013670255
10460_10,0.99863297
8543_1,0.0015011822
9443_1,0.0014103585
10201_1,0.99869555
5046_9,0.99861145
5899_1,0.0018969199
10140_1,0.0019267346
5009_1,0.0022170132
4626_8,0.99818975
9033_10,0.9984988
3243_9,0.99854493
6379_1,0.0014550629
4949_8,0.99854493
6119_10,0.9982993
10336_7,0.99861145
7344_1,0.0015978455
3294_7,0.99847525
4385_2,0.001810211
2172_9,0.99863297
8295_3,0.0014103585
1031_10,0.99856746
7577_10,0.9971551
6778_4,0.0015247865
3154_2,0.0025909794
9585_7,0.9985221
3445_2,0.001810211
7416_3,0.566738
9780_10,0.9984988
480_10,0.9976404
837_4,0.016914913
10166_8,0.99854493
3695_7,0.0045384313
12417_9,0.9130583
3932_3,0.0015011822
11790_3,0.0015011822
6917_9,0.9985896
1975_4,0.99361163
11249_10,0.008577485
7366_7,0.99832565
4579_8,0.99837697
8415_10,0.99856746
2004_1,0.9005298
7599_3,0.001264422
12259_8,0.605799
11005_7,0.9943581
11914_7,0.009559399
8498_1,0.001622967
944_2,0.0013045068
7183_10,0.9980732
4422_10,0.9985896
6791_10,0.99845123
9286_1,0.009125638
3325_10,0.99845123
5599_2,0.0013250223
3064_1,0.002434382
209_4,0.0013250223
1904_10,0.99847525
10699_3,0.37570646
577_3,0.0023231625
3157_1,0.0015731123
1582_2,0.0013670255
8044_2,0.0013045068
11208_1,0.008445628
4708_3,0.97788346
10439_8,0.99854493
11083_7,0.0145035805
8066_3,0.0015247865
11327_8,0.99854493
9224_1,0.0015978455
2165_8,0.9974491
9892_10,0.99854493
4402_1,0.0015247865
11804_10,0.998103
1296_8,0.9982993
10562_1,0.0013885231
5003_10,0.99856746
10448_1,0.0014103585
3274_7,0.99847525
6344_4,0.0020829707
8129_4,0.0023231625
9525_2,0.0015487612
661_1,0.0014325365
9398_3,0.0016743994
3639_7,0.99856746
5527_7,0.99827254
7790_3,0.9923044
9550_1,0.0035936027
2042_3,0.0029810332
366_1,0.0015487612
8446_3,0.987375
7859_1,0.0014103585
5587_3,0.0015731123
10604_3,0.0013670255
5245_1,0.0013885231
804_8,0.99827254
9098_3,0.08299415
6240_10,0.99856746
3960_10,0.99856746
10536_8,0.99856746
8793_1,0.0015011822
1586_1,0.0014325365
7131_9,0.9976404
11338_9,0.99856746
1053_4,0.06779314
11170_4,0.0018969199
6806_1,0.001477943
3741_4,0.0016743994
1231_7,0.99341017
5499_8,0.99818975
12452_3,0.005554925
5331_9,0.9984988
3302_7,0.4022747
6214_8,0.99861145
6908_1,0.0016743994
8510_8,0.001867566
10522_10,0.9980122
2844_2,0.0014550629
11797_3,0.0019267346
11237_10,0.9981324
6762_3,0.0022170132
897_1,0.0031236487
10312_9,0.9984988
10272_1,0.0013045068
10814_9,0.9974491
4504_1,0.0017274586
9389_9,0.9968273
9035_1,0.0015247865
11306_1,0.0017546144
6309_4,0.99740905
5179_10,0.99740905
6099_4,0.0015731123
887_8,0.9985221
10220_10,0.9985221
286_10,0.9980122
5809_10,0.99724233
7725_3,0.001622967
9722_7,0.9959299
9104_7,0.9949397
7313_7,0.99854493
1706_1,0.0020507437
11737_4,0.001867566
11203_10,0.99821776
7767_4,0.0017274586
1822_1,0.0013250223
5113_8,0.9981614
5456_9,0.9983516
6005_1,0.0015731123
2026_2,0.0013458604
1379_1,0.0015247865
3048_10,0.9984988
5070_10,0.99736834
8985_1,0.0015731123
1643_1,0.004198795
400_1,0.0015487612
7546_10,0.9984988
3438_4,0.0023231625
12136_8,0.9814534
6850_2,0.024609927
9054_8,0.9983516
1555_10,0.99863297
7103_1,0.0019877742
6218_1,0.001810211
1619_3,0.001622967
5187_8,0.99553156
8575_2,0.0014325365
1593_10,0.9984269
3910_1,0.0023231625
5743_10,0.9975656
3061_8,0.025371313
9633_8,0.99845123
2488_9,0.9967775
11711_4,0.0015011822
11282_10,0.99818975
8919_10,0.9986541
6139_10,0.99854493
8032_1,0.0016743994
4287_4,0.0019267346
11044_1,0.0013670255
11123_8,0.99856746
1828_9,0.99861145
4232_3,0.003707253
7258_9,0.99861145
1078_4,0.001648483
9967_10,0.46150213
4975_3,0.0017821962
9974_8,0.021287354
424_2,0.001477943
7181_9,0.9981324
10703_3,0.0023231625
3157_10,0.99837697
11096_10,0.99863297
2185_10,0.9985896
2779_4,0.06928941
9342_1,0.0015247865
3615_8,0.99824536
6777_10,0.99863297
5440_8,0.99824536
706_1,0.99711037
5909_8,0.9985221
9578_3,0.0033244372
3393_4,0.0015731123
428_3,0.0016743994
651_9,0.99861145
12433_8,0.99740905
8643_4,0.0019570168
5826_10,0.99856746
4060_1,0.0014325365
3310_8,0.99824536
8941_3,0.0048297215
11493_7,0.99854493
7896_8,0.9981614
541_7,0.99804294
10614_1,0.0018386653
3751_1,0.0013670255
7851_8,0.9975274
5940_1,0.39152223
911_1,0.0014325365
1233_1,0.0014325365
4995_1,0.0039454065
2771_9,0.9984988
5085_8,0.9967269
6521_8,0.9983516
8106_3,0.001622967
2962_7,0.015784562
1621_9,0.9980732
4981_8,0.99788433
11884_2,0.0014325365
6038_10,0.99827254
7118_10,0.9975656
10365_1,0.0013670255
677_9,0.99854493
95_10,0.9984022
8211_3,0.9606575
11906_8,0.9975274
3038_2,0.0016743994
10503_1,0.0014103585
11260_4,0.0015487612
11333_3,0.0013885231
6954_10,0.9976769
143_8,0.3692014
6458_3,0.0015731123
8784_2,0.0013045068
2604_1,0.0015011822
4374_9,0.9984988
1323_3,0.062103122
2647_2,0.030444348
363_3,0.001810211
7556_1,0.002631674
11101_4,0.0035936027
8945_7,0.9985221
10630_4,0.0014550629
11174_8,0.9981324
7927_3,0.0015487612
8433_1,0.001264422
8814_1,0.001264422
11746_8,0.9983516
2462_10,0.99760324
10036_1,0.0013458604
10628_1,0.0015978455
4782_1,0.001622967
11244_8,0.997917
4815_1,0.0021157034
6974_7,0.9985896
10180_1,0.0014103585
3538_1,0.0013250223
9319_9,0.9984269
3542_2,0.0019877742
5583_1,0.0013458604
215_8,0.9984988
6949_1,0.0013670255
11401_10,0.9982993
3468_4,0.0023231625
9478_7,0.0658447
12368_2,0.0015731123
7534_4,0.0032730647
9256_2,0.0153063545
2192_10,0.9985221
10617_3,0.0017546144
1464_1,0.0013250223
969_4,0.01566365
702_7,0.9353465
470_10,0.99856746
2575_1,0.0013458604
3059_2,0.0013670255
7229_3,0.0014103585
7437_3,0.0015011822
2560_7,0.997917
8444_4,0.0015011822
1900_4,0.9971551
9057_4,0.021615336
10101_4,0.0013458604
4914_2,0.0013250223
11896_4,0.0023231625
10430_1,0.001622967
786_3,0.001648483
9834_1,0.0025909794
2040_1,0.0013045068
1435_3,0.0024726235
168_8,0.997783
6504_9,0.99827254
3677_1,0.0014103585
3652_10,0.99845123
9821_10,0.9986749
8695_8,0.9976404
5728_10,0.9532751
2856_8,0.99832565
11548_3,0.0015731123
9435_7,0.9980122
7910_2,0.0017007225
4658_7,0.024053553
10111_1,0.0013670255
12306_1,0.0014325365
6380_9,0.99371004
3507_10,0.9985896
11085_7,0.9974491
4268_8,0.99827254
1702_2,0.015424551
3045_9,0.99854493
3338_2,0.0018386653
9288_8,0.99845123
1580_8,0.9974491
11976_10,0.97324073
9216_1,0.001264422
2015_10,0.9985896
7665_2,0.0017821962
10545_2,0.0017821962
3819_4,0.840259
8005_10,0.9950177
772_1,0.0014325365
3882_3,0.0017007225
9001_8,0.99845123
3000_1,0.0013045068
3357_4,0.0015978455
2559_4,0.0028449094
2178_4,0.0015247865
2249_9,0.99861145
9616_10,0.99861145
11797_9,0.9965166
9061_10,0.9984022
10994_10,0.99854493
1076_3,0.0015247865
10774_2,0.0015011822
10983_10,0.9984022
9271_10,0.99861145
3205_9,0.9985221
4987_4,0.98481095
10926_1,0.0027149855
9150_8,0.9974885
614_2,0.0017546144
12332_4,0.99771273
9100_2,0.0022170132
10499_8,0.0019877742
6143_9,0.99847525
4113_8,0.99740905
4705_4,0.0017274586
3115_1,0.0013670255
1041_2,0.0021827165
11601_9,0.40303808
11045_8,0.9951703
10615_8,0.7424217
7631_7,0.997981
11829_3,0.0017274586
6941_1,0.001622967
112_10,0.997065
4220_8,0.94122344
2812_10,0.9984988
10221_2,0.0018386653
1944_9,0.95791227
5866_8,0.99818975
11615_1,0.0017821962
3066_10,0.9984022
5757_3,0.0013458604
10569_1,0.0013885231
10633_3,0.0014550629
58_3,0.001477943
1126_10,0.99832565
4357_10,0.99861145
6768_4,0.0022518474
11354_10,0.997065
6412_10,0.9985896
7547_1,0.0015247865
5198_10,0.9986749
5697_3,0.003538086
9757_3,0.001622967
8034_3,0.0014103585
8612_8,0.99724233
8691_7,0.3277221
6731_3,0.024987794
12190_1,0.0014550629
3180_1,0.0014103585
11068_10,0.9983516
3752_4,0.001648483
1995_3,0.004264634
5517_10,0.998103
6532_9,0.9985896
4435_1,0.0015247865
5527_4,0.0015011822
5059_4,0.0017007225
12044_4,0.001810211
3479_3,0.0017274586
8399_8,0.9926542
8897_7,0.99832565
8342_9,0.98481095
7018_3,0.001648483
2497_7,0.99771273
10152_1,0.001477943
11583_4,0.0031726828
3156_10,0.9927672
5259_4,0.0017546144
2581_1,0.0019570168
5224_7,0.9971551
9024_3,0.0015731123
8026_10,0.99824536
9588_3,0.0015247865
11001_1,0.001622967
6432_9,0.9979493
8524_9,0.99854493
12457_3,0.001477943
8426_8,0.99824536
11355_10,0.99861145
10337_1,0.0014103585
11911_3,0.002434382
2655_10,0.9962346
4265_3,0.9845754
6542_3,0.9763105
9681_1,0.0014550629
287_8,0.9975656
1864_1,0.0014103585
7655_4,0.001810211
3613_7,0.9983516
11041_1,0.0013670255
12070_8,0.96814114
10856_10,0.99861145
7365_4,0.001867566
10025_8,0.99854493
4693_10,0.99854493
9580_7,0.99845123
4669_2,0.0021157034
274_9,0.9985221
1570_2,0.0034296038
11040_8,0.99861145
2243_7,0.9759464
7043_10,0.99155444
3719_2,0.001477943
7635_7,0.5720057
2327_2,0.0013250223
4229_9,0.99732697
4121_3,0.0015487612
6064_1,0.001264422
364_10,0.99804294
1161_10,0.9984269
463_1,0.0014550629
9291_4,0.071073666
8827_1,0.0017821962
2292_1,0.0014325365
6935_9,0.9968273
9226_1,0.0021157034
7612_4,0.004198795
8575_7,0.63329685
3475_1,0.0013250223
1880_7,0.65068924
7265_7,0.99861145
8626_1,0.0014103585
733_1,0.0019267346
12100_10,0.99824536
1069_10,0.99856746
11364_10,0.9984269
5496_1,0.0017274586
7253_1,0.0013250223
3159_1,0.0021489493
9131_10,0.9985896
413_4,0.99390244
10818_1,0.0013045068
479_3,0.0037654138
173_7,0.9977482
9522_10,0.99856746
333_10,0.99847525
2819_1,0.0013670255
5723_8,0.99821776
99_10,0.9985896
7247_4,0.0019877742
4711_9,0.9985896
8555_3,0.0017821962
6330_10,0.9985896
8921_1,0.0019877742
803_10,0.9978173
6219_1,0.0015978455
10077_3,0.001622967
1274_7,0.99861145
2307_3,0.0019570168
8114_8,0.9985896
1503_1,0.001622967
2004_10,0.9982993
712_3,0.0030278352
557_4,0.98242307
9651_8,0.99861145
11701_4,0.0015487612
6325_9,0.99824536
1684_1,0.0014550629
1435_10,0.9985896
5754_10,0.99847525
12098_10,0.997917
3707_10,0.99827254
2521_1,0.0018386653
1793_1,0.0015978455
2725_3,0.0019267346
5051_8,0.99856746
2691_7,0.9968273
4111_10,0.9984022
3239_3,0.0013458604
8124_8,0.9981614
4990_4,0.0017274586
9565_9,0.99856746
6657_3,0.0015978455
5882_4,0.0013885231
8571_1,0.018689308
6815_10,0.9984269
487_10,0.98998636
11567_9,0.9984988
10631_1,0.001264422
7070_2,0.0012448432
8708_10,0.9981324
1889_4,0.0032730647
1838_3,0.0014325365
6383_3,0.0015978455
4735_9,0.29119498
11430_7,0.9953181
11590_1,0.0013885231
11023_3,0.001867566
10870_8,0.99837697
6734_10,0.9984269
10174_1,0.0013885231
7905_10,0.9984988
9555_4,0.0021827165
6303_9,0.9985221
1426_1,0.0015247865
5482_8,0.97903574
7605_2,0.0013670255
10249_1,0.0015731123
2466_1,0.0022170132
4055_1,0.0021157034
9839_8,0.9965166
3953_9,0.99856746
6563_4,0.0021157034
10776_4,0.001477943
7596_2,0.0017821962
10490_9,0.99861145
3800_1,0.0013458604
10669_1,0.0023596606
6276_8,0.99371004
3110_1,0.0022170132
12434_1,0.0017821962
10189_1,0.0015247865
10639_4,0.001622967
7734_1,0.0014325365
8763_4,0.002889581
2702_1,0.0033766124
10179_1,0.001867566
2317_7,0.9869795
4677_8,0.99821776
11805_7,0.63996106
1339_2,0.0015978455
9919_4,0.010328153
1425_8,0.99580115
3926_7,0.01678549
12395_10,0.99854493
6284_4,0.001477943
11069_1,0.001477943
4998_10,0.99856746
8055_2,0.0015487612
9179_3,0.0013670255
11577_10,0.9839708
1480_1,0.001648483
4561_10,0.99856746
4698_10,0.9986541
9312_1,0.0015011822
6561_4,0.84286314
8353_10,0.9984022
11580_3,0.0012843083
10536_2,0.003707253
957_10,0.9982993
1768_8,0.9984269
12197_1,0.0013670255
11459_10,0.9890131
2271_3,0.0022872274
6973_1,0.001622967
4199_8,0.9918121
6582_8,0.99804294
5843_1,0.0021157034
4140_9,0.99818975
11105_3,0.001622967
2395_3,0.0014550629
10715_9,0.99863297
6611_7,0.99854493
2043_7,0.997917
2884_9,0.99701905
4946_8,0.0034296038
9642_7,0.99837697
5211_1,0.0017274586
10661_9,0.9985221
4368_10,0.0033244372
12086_4,0.0018386653
6465_8,0.99605453
4706_1,0.0015731123
4694_10,0.99371004
12150_10,0.99863297
208_3,0.0013885231
2587_3,0.0048297215
2804_3,0.98934746
2837_3,0.001648483
11070_1,0.0013670255
11909_4,0.0034834242
9945_10,0.99724233
9281_9,0.9965166
8458_2,0.003538086
9882_2,0.0021157034
172_7,0.9984022
7632_2,0.0016743994
12246_9,0.9983516
3889_1,0.0013670255
11140_4,0.0019877742
5240_9,0.9985896
7965_4,0.0021157034
3387_3,0.0018386653
10817_4,0.0014103585
3332_10,0.994615
1156_9,0.9875683
6585_1,0.0014550629
7931_3,0.0015487612
8268_4,0.0012843083
6443_10,0.98173577
373_10,0.9985221
5912_4,0.0023596606
11475_7,0.9962346
10738_4,0.0067975316
11175_10,0.9982993
9008_2,0.9964619
2218_3,0.0014325365
585_10,0.99832565
3448_2,0.011508149
3860_8,0.04369106
8335_7,0.929951
1907_1,0.0021827165
9169_9,0.997917
10375_8,0.99847525
10432_4,0.014172365
11399_1,0.7895584
3430_7,0.99845123
2859_4,0.0030753699
3899_10,0.9985221
9648_8,0.99847525
9233_8,0.9976769
10574_10,0.9984022
3489_4,0.0027149855
8115_8,0.99856746
11495_8,0.99818975
6885_7,0.9785493
1534_10,0.9932025
11721_9,0.9983516
11610_10,0.998103
2712_8,0.997783
3140_10,0.99821776
4880_10,0.9980122
1592_10,0.99821776
425_10,0.9984269
5798_1,0.0013045068
2212_8,0.99854493
2685_3,0.0013670255
9625_2,0.001477943
8492_7,0.9985221
4932_3,0.96182173
1704_3,0.5496406
301_4,0.0022518474
2599_10,0.008577485
2364_4,0.001867566
2323_3,0.0016743994
1885_8,0.98187524
1232_1,0.0013045068
12055_1,0.0013045068
2894_10,0.9980122
5347_3,0.9966756
1799_4,0.0040072887
7460_9,0.01678549
8798_10,0.99856746
2134_4,0.993807
2964_2,0.03704717
345_3,0.0022518474
2670_8,0.9969246
10282_10,0.9982993
5587_8,0.8692713
6115_2,0.001477943
6974_1,0.008847355
8500_10,0.9984988
5073_8,0.0053018946
5291_8,0.99711037
11728_7,0.92788786
3207_4,0.0013670255
2553_8,0.99854493
10896_10,0.99827254
9321_2,0.0013458604
1484_4,0.0013250223
2106_2,0.0111580305
5487_4,0.001477943
4835_10,0.0067975316
1023_3,0.0017821962
11524_10,0.99861145
10672_7,0.9949397
9769_3,0.0017546144
590_7,0.99827254
11530_3,0.0014325365
349_2,0.0015487612
2165_4,0.001648483
1574_9,0.9969722
2792_1,0.0013458604
980_2,0.0014550629
5745_7,0.99732697
4323_7,0.9962346
11569_7,0.9983516
3637_1,0.0018969199
4511_1,0.0015247865
8404_10,0.99854493
8947_4,0.12635334
12317_10,0.99824536
3927_4,0.9966234
461_8,0.9986749
11651_2,0.0013250223
7697_4,0.0014103585
7799_10,0.99863297
2111_8,0.9979493
9745_7,0.9983516
4419_4,0.002019014
9337_4,0.003707253
3908_10,0.9984269
9211_3,0.001622967
489_1,0.002019014
9229_8,0.0045384313
381_1,0.0015487612
1355_7,0.99724233
12100_1,0.0028449094
6126_4,0.0019267346
8315_8,0.99837697
7513_10,0.9984988
5547_1,0.009125638
8050_1,0.0014550629
7332_1,0.35320508
9044_8,0.9984269
8491_1,0.0027576222
1919_8,0.99837697
4076_7,0.16749083
9251_2,0.001648483
7325_10,0.99837697
177_8,0.9916842
8104_4,0.001477943
919_4,0.001477943
9417_8,0.99821776
9440_9,0.9942697
11105_9,0.99837697
7670_10,0.9976404
7404_8,0.9966756
5120_2,0.0019877742
10153_1,0.0014325365
1763_10,0.9984022
9316_4,0.0059110695
6396_8,0.99845123
8865_10,0.99863297
4552_8,0.002631674
874_4,0.0017821962
6690_2,0.001810211
11970_3,0.006903838
1202_4,0.9795114
6024_1,0.002434382
10117_9,0.9984022
9511_1,0.19406214
2314_10,0.99827254
6053_3,0.0014550629
10165_2,0.0015731123
8410_2,0.0014550629
1457_1,0.0014103585
9651_3,0.001810211
537_2,0.0017007225
7191_3,0.9522199
10258_8,0.99760324
4774_8,0.9888419
3560_8,0.9977482
5960_1,0.0013670255
881_4,0.0020507437
2420_1,0.0012843083
4959_4,0.0013885231
7138_1,0.0015247865
9317_10,0.9984269
5454_4,0.0013250223
7450_9,0.98549646
9679_10,0.9980732
10988_3,0.00581996
2932_3,0.9761292
10110_1,0.0013458604
9165_2,0.0014550629
11712_2,0.0014103585
8979_1,0.0013885231
12426_3,0.0014550629
1630_7,0.9965166
11990_10,0.9954615
5395_10,0.99856746
896_1,0.0014103585
11463_9,0.9978173
7096_1,0.001477943
6198_10,0.9984022
8141_10,0.99847525
2650_10,0.99827254
12337_9,0.9980732
1995_10,0.9959299
6349_1,0.0014325365
12270_2,0.0014103585
12494_2,0.002396731
7081_4,0.0024726235
3010_7,0.0031726828
2924_2,0.0015978455
3185_10,0.97262347
1377_2,0.9952448
4858_3,0.53266823
4351_3,0.0014103585
6865_2,0.0014550629
9527_3,0.0033244372
6223_7,0.9983516
11598_4,0.0022170132
10605_1,0.001648483
4609_2,0.0013885231
3736_7,0.9985896
5615_1,0.0021489493
11109_7,0.9966756
3924_3,0.001648483
7452_1,0.00818791
4288_8,0.8311431
8825_2,0.0013250223
3168_7,0.9985896
6407_1,0.0013885231
7016_3,0.0034834242
129_1,0.0013885231
9808_3,0.0017007225
5620_10,0.9965166
6404_10,0.99845123
10781_1,0.0024726235
2446_1,0.002019014
2191_10,0.99845123
10848_1,0.001477943
11201_10,0.9959927
6818_9,0.99863297
4607_7,0.06903793
2410_7,0.99827254
9656_9,0.9984269
7841_7,0.99657035
11422_7,0.9939964
7376_8,0.98445636
10804_8,0.9983516
11793_7,0.99832565
509_7,0.9964064
12459_10,0.99821776
354_10,0.9967269
2740_10,0.9979493
1469_1,0.0015731123
9219_10,0.36851928
7248_7,0.9977482
5620_1,0.0014325365
12160_1,0.0017007225
6037_10,0.997285
8338_1,0.0014550629
1954_1,0.018689308
6996_9,0.9964064
9888_8,0.99854493
5470_7,0.99845123
11915_4,0.99711037
7057_4,0.0043994132
10320_10,0.9981614
4447_3,0.0025114634
9711_9,0.9983516
5077_3,0.0014550629
10912_4,0.97023994
3224_3,0.004133968
9946_7,0.997285
10650_4,0.9433476
9613_1,0.0014325365
4909_3,0.0013670255
5607_8,0.997783
3315_1,0.0014325365
9271_1,0.0013458604
4248_4,0.007011795
5849_4,0.006692851
3944_1,0.0013250223
3580_10,0.99837697
4592_1,0.0014325365
6375_10,0.99854493
5955_9,0.9985221
11613_7,0.9977482
8278_10,0.99847525
11339_9,0.9985896
6813_2,0.001867566
3747_3,0.0015487612
5916_1,0.0015011822
3298_1,0.0022872274
11303_1,0.0020507437
5758_7,0.9985896
11652_9,0.99861145
8748_2,0.0038844768
11092_2,0.0013458604
8729_8,0.99863297
6332_4,0.0015011822
3700_10,0.99856746
10507_2,0.001622967
2287_4,0.0015011822
10549_10,0.9981614
3005_10,0.99861145
5657_1,0.0015247865
873_8,0.99371004
2274_1,0.0027149855
3208_4,0.001622967
2663_10,0.9983516
8134_7,0.0018969199
7443_1,0.9890131
7507_8,0.9976404
1423_1,0.001477943
4014_1,0.0019570168
9662_1,0.0014550629
2512_9,0.99861145
8415_2,0.0015487612
7672_3,0.0013885231
5925_1,0.0015731123
2654_2,0.0014325365
1780_10,0.9975656
8813_9,0.99863297
9378_7,0.99827254
12120_3,0.001477943
8985_7,0.99854493
5771_3,0.0013045068
7305_10,0.99856746
8681_4,0.0024726235
7415_10,0.99845123
9346_8,0.99845123
9750_3,0.001648483
9083_9,0.99861145
12255_2,0.0015011822
5035_1,0.0013885231
12384_10,0.9334308
8381_4,0.001648483
825_1,0.0013670255
2034_1,0.0012448432
439_10,0.99837697
5753_10,0.9974885
10370_10,0.9979493
3395_2,0.0013885231
8101_2,0.0014325365
7885_1,0.001810211
3266_2,0.9928786
4623_4,0.0014325365
8123_9,0.99821776
1787_1,0.001264422
4001_4,0.0065897712
3530_2,0.0013670255
684_1,0.001648483
744_10,0.99477994
8439_7,0.99832565
8678_9,0.99824536
11851_8,0.9980122
1237_2,0.0027149855
4557_3,0.0014103585
1847_10,0.99854493
4002_1,0.0013670255
1620_1,0.002434382
549_10,0.99856746
4984_4,0.99586606
4673_8,0.31605253
1373_1,0.0014325365
6927_1,0.012722708
9201_2,0.004133968
4293_7,0.99856746
826_3,0.0015731123
6337_1,0.001867566
9978_9,0.9984988
11379_10,0.99861145
3874_1,0.0030278352
9943_1,0.0013458604
7236_4,0.99657035
7816_1,0.0015731123
3849_8,0.99861145
1167_10,0.9985221
9667_3,0.0028009268
2506_1,0.0018386653
1372_10,0.29767406
6788_9,0.9985221
4792_2,0.0014103585
7909_2,0.0017007225
2213_2,0.0015011822
434_1,0.0015487612
9245_1,0.0013670255
5822_10,0.99856746
5406_1,0.0016743994
2011_1,0.0013885231
6805_10,0.99788433
2557_2,0.0013250223
4343_1,0.0012255674
1493_4,0.0015487612
947_8,0.001477943
9494_7,0.9813107
10228_10,0.10818895
707_10,0.99854493
2018_10,0.9984022
11093_10,0.99861145
11113_10,0.99856746
11596_1,0.0017007225
7453_1,0.001867566
9045_8,0.9984269
12264_7,0.99845123
7271_9,0.99847525
4560_1,0.0017007225
11223_1,0.0017546144
3939_7,0.9984269
2714_2,0.0025909794
1940_9,0.99029154
3640_10,0.99837697
1724_1,0.0014550629
5383_3,0.0014550629
7323_10,0.997065
7345_4,0.001477943
775_9,0.99856746
11995_1,0.0013250223
400_10,0.99856746
10279_4,0.0015731123
673_8,0.17023194
4168_10,0.9976404
11761_7,0.9983516
491_9,0.9976769
11472_1,0.0017821962
10045_7,0.99740905
9449_4,0.0016743994
12496_3,0.0015247865
12422_1,0.001648483
8159_4,0.0017546144
8668_8,0.0053018946
7572_10,0.99845123
6696_9,0.99804294
64_10,0.9985221
2715_1,0.0032224844
9333_4,0.014281935
3722_10,0.9985896
5692_8,0.99760324
10074_7,0.99701905
1717_3,0.9875683
825_8,0.99847525
7796_10,0.99856746
5550_3,0.0015487612
6114_10,0.018689308
4440_8,0.99657035
9616_4,0.0015011822
12090_8,0.9982993
10728_1,0.047780063
4419_10,0.9985896
282_1,0.0016743994
4825_9,0.997285
91_10,0.997851
10399_2,0.001622967
6773_4,0.018546565
1364_10,0.99832565
2806_9,0.998103
4520_2,0.0016743994
8211_9,0.99824536
3594_2,0.0018386653
11353_4,0.0018969199
307_1,0.0014550629
10963_4,0.0014325365
4023_7,0.027376488
11450_10,0.998103
3567_4,0.9943581
4751_7,0.99856746
9798_2,0.0015731123
1864_8,0.99863297
3168_2,0.005554925
6506_2,0.7193836
12484_2,0.017045317
11999_8,0.0020507437
3571_3,0.0015731123
147_10,0.9975656
6691_9,0.99854493
11295_8,0.99804294
9344_10,0.9985896
9513_2,0.0013670255
11066_7,0.9859364
4330_8,0.99845123
5194_10,0.99657035
11676_1,0.0016743994
4587_1,0.001477943
11964_4,0.9811669
12456_1,0.0016743994
6054_10,0.99605453
2140_7,0.8198933
1388_1,0.013325147
10681_2,0.0014325365
4614_8,0.9985896
2604_7,0.7552762
4234_1,0.0017274586
4261_8,0.9953904
4907_8,0.9967269
4134_4,0.0031726828
4125_8,0.99845123
3795_9,0.99861145
1356_4,0.0013885231
10711_2,0.9911527
4728_7,0.99635005
8254_8,0.997981
10769_2,0.004681822
7185_8,0.99845123
2842_9,0.006003596
4565_1,0.001622967
3030_9,0.99736834
2997_1,0.0017546144
1311_9,0.0014550629
12499_10,0.99854493
9830_10,0.9985221
1774_4,0.0022872274
6676_10,0.99854493
6502_9,0.997065
1521_1,0.98677725
4253_1,0.0015487612
2775_2,0.0017274586
7324_4,0.001477943
1207_4,0.002396731
9903_7,0.99837697
3195_2,0.0015978455
9213_10,0.9980732
7751_1,0.0015731123
1616_8,0.99760324
1482_10,0.99824536
6772_7,0.997981
2008_10,0.9983516
6799_4,0.0019570168
5004_9,0.9984988
3487_2,0.0013670255
10892_4,0.0111580305
10839_4,0.0015011822
922_8,0.9984269
4163_1,0.0015011822
10738_8,0.9981324
10678_7,0.99847525
5892_10,0.9974885
6202_1,0.0013045068
5792_10,0.9985221
12161_4,0.0038844768
1097_9,0.99845123
2930_3,0.0015247865
4087_3,0.001648483
11875_3,0.001648483
11770_4,0.0015978455
847_7,0.997851
10620_9,0.9984022
1455_10,0.9985221
12294_1,0.001477943
5653_10,0.99861145
1874_9,0.9979493
10487_3,0.0025509126
22_3,0.001648483
2760_1,0.001810211
9822_7,0.011331754
1068_10,0.9981614
11117_1,0.0013670255
10409_2,0.9985221
1877_7,0.015424551
7347_1,0.0019267346
4231_1,0.001648483
1122_1,0.0032730647
933_3,0.0024726235
11883_4,0.0018386653
8386_10,0.9981614
12297_7,0.994615
11847_8,0.9985896
5511_1,0.0015011822
9587_2,0.001810211
10027_8,0.9884919
7210_4,0.0017821962
2490_9,0.006903838
4889_10,0.997981
8192_9,0.9984988
12133_1,0.001648483
2098_1,0.14487323
2941_9,0.99854493
5742_3,0.0013670255
10645_4,0.0013458604
1162_10,0.99854493
4383_10,0.9985221
5325_8,0.99509466
1324_1,0.0017821962
1374_1,0.002434382
116_10,0.99854493
2898_10,0.99635005
8799_10,0.99854493
6654_10,0.99821776
8630_1,0.0011695102
3452_7,0.9977482
3609_8,0.9962346
4740_1,0.0014103585
8368_10,0.9985896
11960_7,0.9695556
3583_10,0.010986943
1581_8,0.04813677
1378_1,0.059646945
968_2,0.0014325365
4524_1,0.0013045068
5036_8,0.99863297
12287_3,0.0014550629
9236_10,0.009859855
5447_3,0.001867566
11016_1,0.002631674
1935_3,0.0020829707
5300_7,0.9983516
7775_2,0.6939917
4398_3,0.0017274586
5692_2,0.0015487612
3517_8,0.9984269
6007_1,0.001477943
10127_2,0.0014325365
6614_10,0.997783
2767_10,0.99788433
3187_2,0.0013250223
6473_10,0.997783
12263_1,0.0013458604
10838_2,0.0013670255
7367_9,0.99586606
8873_10,0.99824536
6016_1,0.0023596606
10363_7,0.9975274
3541_2,0.0015011822
6416_10,0.9983516
4538_10,0.9984988
56_3,0.0019570168
7946_8,0.99861145
6003_4,0.0015247865
974_4,0.0019877742
11651_9,0.99856746
10283_1,0.0018969199
12334_2,0.0013670255
972_1,0.99724233
1513_8,0.9976769
6141_3,0.0014550629
4195_7,0.9976404
10176_9,0.99837697
1918_2,0.0015011822
12117_1,0.005384938
7567_1,0.001867566
2949_10,0.99845123
11937_9,0.99854493
8513_2,0.0017546144
3913_8,0.006003596
1310_8,0.997783
10461_10,0.9985221
3309_8,0.9984988
862_9,0.998103
4040_2,0.0014103585
78_8,0.99298817
3491_7,0.0038244836
10862_9,0.9985896
4763_7,0.99361163
7421_1,0.002631674
5350_1,0.0014550629
11491_10,0.9985896
9975_4,0.0017546144
10123_10,0.9985896
11573_1,0.0013045068
2337_9,0.99856746
251_8,0.9985221
1942_1,0.0017821962
2940_7,0.9980732
4342_7,0.14657521
11250_2,0.0015247865
4224_1,0.001810211
10106_10,0.9985221
7764_2,0.0015487612
937_10,0.99854493
3112_10,0.9983516
9922_8,0.9932025
3259_7,0.9967775
7828_1,0.0013670255
4031_7,0.9933072
1277_7,0.99193794
3162_2,0.031858858
7_9,0.9984022
1832_4,0.017712297
10997_1,0.0051396107
10572_10,0.9984988
12194_1,0.0013670255
4648_10,0.99837697
7207_9,0.8778961
11000_7,0.9807288
4943_2,0.001477943
10601_10,0.9984022
4731_1,0.010328153
9272_8,0.3828334
11551_1,0.0014103585
9074_3,0.0033244372
2486_3,0.0038844768
618_1,0.0015978455
8683_8,0.9977482
2618_10,0.99687636
8471_9,0.9980122
6394_4,0.001477943
6456_2,0.41161335
3195_8,0.99837697
4188_1,0.0014550629
3985_10,0.9983516
7099_10,0.99824536
1558_2,0.0014325365
2877_8,0.95292586
3928_1,0.0015487612
7206_3,0.0016743994
8088_10,0.99856746
8167_10,0.99824536
8590_8,0.9983516
6973_7,0.8407826
4974_7,0.9984269
10151_1,0.0013885231
5268_4,0.0067975316
5258_7,0.9981324
1478_8,0.99821776
5094_10,0.9982993
10126_4,0.0017546144
9357_2,0.0015978455
7750_3,0.0023231625
11628_3,0.0075772414
9124_7,0.99724233
1802_7,0.99847525
4820_4,0.0094125895
10019_8,0.99760324
154_9,0.9983516
5049_4,0.0013670255
4372_1,0.0016743994
7807_10,0.9985896
5127_10,0.9984988
11480_2,0.004198795
10145_1,0.001622967
7090_10,0.99553156
1288_1,0.990732
11316_2,0.0015011822
8428_9,0.018264279
1843_9,0.99818975
1916_1,0.0015731123
2657_2,0.001622967
10504_1,0.0015247865
11621_3,0.0015011822
10148_1,0.0015487612
3339_4,0.004331502
8202_2,0.0013670255
7796_1,0.001477943
4625_2,0.001810211
11859_4,0.0021827165
8261_1,0.0015247865
4670_3,0.9883128
8412_10,0.99861145
1010_1,0.0021827165
436_10,0.99845123
9351_7,0.96691406
3767_8,0.997981
4794_1,0.0013458604
8447_10,0.99298817
6182_2,0.0015487612
8754_3,0.002889581
2709_3,0.0015487612
5882_9,0.9980732
6916_3,0.12852514
11886_1,0.0013885231
123_4,0.997851
2827_9,0.99845123
11440_8,0.9984269
4100_8,0.9977482
11645_1,0.0017274586
7949_10,0.9983516
2017_1,0.0013458604
3451_7,0.9982993
10986_10,0.99824536
1541_2,0.0021157034
12336_7,0.9908744
9787_1,0.0013458604
5282_10,0.99847525
9568_4,0.9977482
8222_1,0.0013250223
5415_9,0.9982993
8485_8,0.920218
6449_1,0.0015247865
466_1,0.0013458604
11997_1,0.9964064
6144_10,0.99856746
3309_4,0.0014550629
8655_1,0.001264422
10141_1,0.9795114
7469_10,0.99861145
4445_10,0.997783
6651_7,0.9984022
6711_7,0.0029810332
3329_4,0.01507263
8000_10,0.9984022
2279_8,0.9964619
5012_7,0.9986541
2437_3,0.0038844768
505_9,0.9976404
9070_10,0.99818975
1234_3,0.0015978455
4880_1,0.0014325365
3981_4,0.0037654138
134_1,0.0013670255
3211_10,0.99863297
2559_10,0.99837697
4512_3,0.001648483
5957_1,0.0015487612
11626_9,0.9984988
915_10,0.9985896
5569_10,0.99845123
12396_9,0.9983516
6494_2,0.0015247865
3262_1,0.0014103585
3916_10,0.9980122
787_1,0.0015731123
11092_9,0.997783
2818_10,0.9985221
5271_2,0.0018969199
4057_7,0.99771273
5042_1,0.001622967
1204_1,0.0067975316
3651_2,0.0013045068
11763_8,0.9984988
7766_10,0.9985221
3498_1,0.0012843083
11578_10,0.99837697
3691_1,0.0013250223
11947_10,0.99854493
11475_2,0.0013458604
8568_9,0.9983516
8247_2,0.0017007225
9544_7,0.9971551
9753_8,0.9230392
6824_7,0.004609572
2799_1,0.001867566
10459_1,0.0013670255
1894_10,0.0023596606
9726_7,0.99580115
10923_1,0.0014550629
7946_3,0.0022518474
7509_10,0.9986541
3273_9,0.98282325
2716_3,0.002631674
4622_1,0.001810211
1204_8,0.9985221
71_4,0.0027149855
6508_9,0.9983516
7819_10,0.99837697
695_10,0.9965166
10844_10,0.9984988
2413_1,0.9787127
8768_1,0.0015011822
4536_10,0.99845123
2576_9,0.99845123
4473_2,0.0031236487
65_2,0.0013885231
6114_2,0.0015011822
7458_1,0.0015011822
10815_2,0.0017007225
8344_1,0.002019014
1975_9,0.9981324
1659_1,0.0014325365
11030_10,0.99863297
5405_7,0.99553156
2539_3,0.0015487612
6565_8,0.684264
1826_10,0.99827254
2577_8,0.99732697
6032_7,0.11047115
3146_9,0.9986749
798_1,0.0013458604
63_10,0.9984269
11819_10,0.99845123
2905_7,0.9911527
2716_10,0.9982993
1717_10,0.9984269
1036_3,0.0021157034
11583_10,0.99863297
962_9,0.9983516
10203_2,0.0019877742
12225_1,0.0013250223
10322_9,0.99804294
7601_2,0.0019877742
1675_4,0.9856076
8235_3,0.0013670255
680_2,0.0015487612
5208_3,0.0014325365
10678_2,0.9926542
6072_10,0.99863297
1216_1,0.0012448432
11434_1,0.0017274586
12480_8,0.9984988
8844_10,0.99863297
10506_1,0.0013458604
9766_3,0.99724233
7804_4,0.0708162
44_4,0.0018969199
11226_1,0.0020507437
11378_2,0.0027149855
7805_1,0.0014550629
4692_10,0.99553156
2928_9,0.9975656
8785_10,0.99854493
3083_8,0.99788433
626_10,0.99854493
9228_10,0.99804294
66_10,0.9974885
3824_3,0.9563089
7115_8,0.9952448
11893_10,0.9985896
1628_1,0.0015731123
2236_4,0.0022170132
2032_1,0.0022170132
6613_10,0.99837697
1582_8,0.0032224844
304_2,0.0014550629
2441_10,0.99856746
12437_1,0.0014103585
9822_1,0.001477943
10481_3,0.0025509126
9193_10,0.99469805
3233_9,0.9982993
7430_8,0.9985896
10049_1,0.0012843083
6384_10,0.99837697
3993_9,0.99854493
4545_2,0.0015011822
11500_4,0.9983516
12127_10,0.99861145
7277_2,0.001477943
8927_3,0.001622967
5970_9,0.9348725
12115_4,0.0111580305
6132_10,0.99856746
4178_9,0.99711037
11453_7,0.10087862
6569_9,0.997065
3924_7,0.9826909
6425_1,0.0013885231
1141_1,0.0015731123
3366_2,0.001810211
6700_7,0.998103
7948_8,0.005384938
2750_8,0.9985221
11326_1,0.0015978455
231_8,0.9979493
8941_8,0.9984022
8304_7,0.09670579
12179_2,0.0020507437
3808_1,0.002019014
2710_1,0.001648483
4833_1,0.0015011822
10405_7,0.99854493
449_9,0.99856746
7259_10,0.99818975
8513_10,0.99854493
801_8,0.9983516
11322_8,0.9974885
8417_9,0.99845123
7059_8,0.66093874
681_3,0.0013670255
3135_9,0.9984269
7172_3,0.0014103585
11061_10,0.9985896
9555_9,0.99788433
1331_1,0.0015011822
9155_3,0.0013885231
8765_8,0.99818975
4714_8,0.99845123
7593_9,0.99837697
7769_1,0.0014325365
5016_8,0.997285
11917_2,0.0013250223
3311_8,0.0044683837
6784_4,0.0014325365
6685_7,0.9905874
1232_8,0.99845123
765_2,0.0017007225
6159_2,0.001477943
12037_3,0.0015011822
60_8,0.997981
6138_10,0.99863297
4759_4,0.0014103585
631_10,0.9985896
5993_10,0.9984269
2751_10,0.9984988
7234_1,0.0014103585
7966_3,0.0015487612
296_4,0.0018386653
8252_4,0.0023596606
10333_1,0.0015978455
5950_10,0.997851
2735_9,0.99861145
900_1,0.0021489493
2350_3,0.08269735
1457_10,0.0019267346
10226_10,0.9984988
9198_7,0.99788433
1072_2,0.0020507437
8332_10,0.99818975
6264_8,0.9983516
1092_9,0.9979493
11888_10,0.99760324
11702_8,0.9962346
8704_1,0.0014325365
11458_10,0.9979493
8218_9,0.9967269
3739_8,0.99687636
4787_3,0.88161486
12097_10,0.9950177
7894_1,0.001622967
11601_2,0.0014103585
4417_1,0.25571522
11108_10,0.9984988
5673_8,0.997981
481_2,0.0016743994
6892_2,0.0012255674
5203_1,0.35678276
18_1,0.57305133
5488_8,0.99818975
750_7,0.9966234
1478_4,0.0018969199
11340_2,0.0014550629
8735_3,0.0019267346
7404_3,0.0015978455
5681_2,0.0017274586
5863_10,0.91274774
602_1,0.0013458604
9474_7,0.987375
12075_3,0.019124037
1148_8,0.012624948
2192_4,0.001867566
1394_1,0.0013458604
2643_3,0.009708476
8214_7,0.9971551
6728_1,0.001648483
5397_8,0.9984269
7056_7,0.9982993
2669_3,0.0013458604
10713_10,0.99861145
1349_4,0.0013250223
3254_1,0.0013458604
9717_10,0.9879462
11358_4,0.0014103585
12262_1,0.001477943
1332_1,0.0013670255
6116_2,0.0039454065
6324_3,0.0015487612
10808_8,0.99719906
11632_4,0.99253935
2881_3,0.0013250223
3524_1,0.0012448432
10503_8,0.9962346
11525_1,0.0015011822
9973_4,0.0017821962
9804_1,0.0015731123
1865_8,0.99477994
8001_9,0.99818975
5776_8,0.047780063
11848_10,0.9985221
4809_3,0.0014550629
841_9,0.99847525
227_10,0.99856746
1833_9,0.9984269
9471_10,0.9984988
960_3,0.0017007225
10763_1,0.0015978455
1330_1,0.0014103585
326_9,0.99854493
3392_10,0.9984988
5883_2,0.0019570168
12168_1,0.0013250223
7525_10,0.9982993
10578_1,0.0019267346
9173_3,0.0015731123
7214_2,0.0014103585
7163_10,0.9982993
5177_8,0.9984269
3372_7,0.9977482
6041_8,0.9975656
1590_10,0.99854493
31_10,0.99832565
2533_8,0.99856746
7927_10,0.9984988
5037_2,0.0016743994
6046_2,0.0014550629
2099_3,0.0018969199
133_1,0.0062899017
205_2,0.001477943
374_9,0.998103
8944_10,0.9980732
799_4,0.02517884
8832_9,0.99837697
3836_10,0.9985221
2940_1,0.0018969199
946_1,0.14953136
9310_1,0.0015011822
5853_8,0.9785493
10852_9,0.99861145
4061_4,0.007937994
10301_10,0.997981
11104_3,0.001477943
9339_3,0.015906392
537_10,0.9986749
8661_7,0.9943581
9381_4,0.001648483
12473_3,0.0015978455
5140_8,0.997917
4624_4,0.0015011822
9156_3,0.0028009268
5980_2,0.0014103585
5920_7,0.9985221
4013_1,0.0021157034
11879_2,0.0013250223
1317_10,0.99854493
4647_10,0.9980122
2550_1,0.0013458604
641_8,0.96210754
10069_10,0.99854493
12215_10,0.44963428
6293_10,0.99854493
1416_7,0.0024726235
8561_9,0.9979493
1981_10,0.9959299
1667_2,0.003707253
9680_1,0.0013670255
888_1,0.0014550629
2202_4,0.0014550629
8835_2,0.0013458604
9340_3,0.9974885
8742_10,0.997851
1892_2,0.0013885231
11940_10,0.99827254
5976_2,0.0017007225
5430_8,0.99818975
9125_9,0.009708476
5217_8,0.99824536
5257_10,0.9976769
5487_8,0.98421544
10815_8,0.9985896
12438_1,0.0021489493
11433_3,0.0017821962
11570_1,0.034880888
11880_10,0.99837697
1983_3,0.01678549
2916_1,0.0013670255
8119_10,0.99861145
10960_2,0.001477943
2798_2,0.0014325365
2797_1,0.0032224844
9931_4,0.0015978455
6244_10,0.9983516
8361_2,0.001477943
7098_10,0.99827254
9107_10,0.99827254
9860_10,0.997285
10252_1,0.0015487612
12015_8,0.98951083
2696_4,0.9863631
9301_8,0.99854493
799_7,0.9975274
9411_7,0.997851
4172_1,0.0013670255
8008_10,0.9985896
11436_1,0.001477943
3464_10,0.9984022
5826_3,0.0017274586
5460_4,0.001648483
8920_3,0.8879841
1465_3,0.7604728
7571_1,0.0014325365
3416_10,0.9984988
11088_7,0.9976404
7007_10,0.99845123
11317_7,0.9974885
11639_7,0.99732697
1871_10,0.99863297
1551_7,0.9967269
4089_4,0.0013250223
8145_9,0.99861145
1243_7,0.9983516
9082_8,0.9980732
11807_8,0.9984022
6154_10,0.9985896
2082_8,0.99863297
9142_4,0.002631674
6126_8,0.997065
9774_1,0.0017546144
5137_10,0.99788433
11085_1,0.0013885231
4541_1,0.0015011822
10478_10,0.9984269
8479_3,0.0015978455
11220_1,0.0015247865
0_10,0.9984988
5235_8,0.99832565
457_2,0.001622967
6784_7,0.99854493
11527_10,0.99856746
5935_7,0.99824536
3697_10,0.9984269
8318_10,0.99845123
6770_8,0.9969722
11760_7,0.9981614
10344_9,0.9984988
12363_4,0.029760094
2233_2,0.0014550629
12184_10,0.99821776
4668_8,0.99242276
2293_4,0.0016743994
5886_8,0.99845123
8403_4,0.0029810332
2493_3,0.0013045068
7224_2,0.0014550629
7753_10,0.9984269
476_9,0.9962346
3760_7,0.99444515
8371_1,0.0014325365
2541_10,0.99771273
12052_2,0.0025509126
2320_1,0.0013250223
5598_8,0.997851
12342_1,0.0014103585
7391_9,0.9971551
2615_1,0.0014325365
11251_4,0.0030753699
9946_2,0.0015731123
10571_10,0.9984988
3984_1,0.0013885231
4633_10,0.9986541
548_10,0.99854493
1732_1,0.0013885231
3559_7,0.9984269
10212_7,0.9798227
8950_7,0.9984022
8157_10,0.9986541
5986_9,0.99854493
10263_7,0.41093355
2168_10,0.99832565
4424_4,0.07004896
6944_10,0.045352582
11467_7,0.9982993
3630_8,0.997981
2405_1,0.0013458604
7517_1,0.0015487612
8116_10,0.9981614
5368_4,0.001622967
2045_1,0.0017007225
11303_8,0.99854493
11077_2,0.0140636265
6314_10,0.99861145
12137_4,0.001648483
12180_1,0.0013885231
6403_10,0.99760324
2019_1,0.0012843083
7921_7,0.99804294
3977_10,0.9967775
11277_9,0.9980732
8398_1,0.0014103585
1429_3,0.0013045068
9628_4,0.0015487612
2472_3,0.0021157034
5811_4,0.0015731123
11663_3,0.0015247865
3153_1,0.0025114634
11881_2,0.0012843083
767_7,0.95292586
12243_10,0.99861145
10969_8,0.9974491
8689_10,0.9926542
1854_10,0.99832565
12392_4,0.0014550629
6627_2,0.0013250223
6819_10,0.99856746
1587_9,0.00619299
6999_10,0.997917
9128_1,0.01784874
7141_1,0.0019267346
4485_8,0.9983516
7368_7,0.99760324
7698_4,0.9811669
8376_3,0.0045384313
1862_1,0.0015487612
11217_9,0.9980732
5179_4,0.9777139
6524_3,0.0019267346
11877_10,0.99847525
6055_10,0.9986541
9372_1,0.0013670255
8029_1,0.0015978455
9546_10,0.9877587
5514_10,0.99861145
8869_8,0.99804294
8290_10,0.99861145
11619_9,0.9969246
5949_4,0.14560063
10146_1,0.9976404
11776_10,0.99804294
2146_9,0.9980732
6461_10,0.9985896
10480_4,0.005060332
9021_10,0.8286616
11802_10,0.99856746
9139_2,0.0018969199
5590_4,0.0025509126
5631_9,0.99827254
6333_3,0.0015978455
10455_1,0.0014325365
10394_1,0.0015247865
8814_8,0.99854493
11264_3,0.001810211
2255_9,0.99854493
3915_8,0.9949397
3386_10,0.99861145
5531_2,0.0015247865
1676_4,0.0021489493
7711_8,0.99845123
7871_9,0.9985221
11101_8,0.99804294
11562_1,0.001477943
11609_10,0.99854493
9556_1,0.0014550629
7149_3,0.9952448
11807_3,0.0022170132
12106_10,0.99854493
4763_1,0.8705973
2007_3,0.0037654138
8454_8,0.99861145
4656_10,0.9980122
717_8,0.99837697
3501_4,0.0031726828
6562_4,0.0025114634
3926_1,0.0016743994
7497_1,0.0014325365
4257_9,0.99837697
4111_1,0.0013670255
9865_10,0.99821776
8323_4,0.0014550629
2228_4,0.0030753699
1180_7,0.998103
6315_8,0.9985896
12271_10,0.997285
4567_2,0.0022872274
8745_8,0.9969722
4994_1,0.0013885231
2842_4,0.0025909794
674_9,0.9983516
4431_3,0.0036499873
2534_4,0.97462875
378_9,0.99837697
6039_9,0.9921841
9551_7,0.99832565
1273_7,0.0032224844
4222_4,0.0015731123
7469_1,0.0015011822
8733_3,0.9572778
9324_4,0.0012843083
8888_4,0.0022170132
2872_9,0.99788433
2123_8,0.99824536
4982_7,0.99453074
10668_1,0.001622967
2014_7,0.9976769
4211_3,0.0014103585
1202_9,0.99824536
5450_4,0.0013250223
2484_1,0.353763
2427_8,0.9985896
405_3,0.0015011822
1_10,0.99856746
4498_4,0.9904406
50_3,0.0013885231
10113_9,0.99856746
8919_3,0.002673006
1338_7,0.28977346
9817_8,0.99854493
10824_7,0.84695786
12165_8,0.99736834
11975_8,0.86385167
8537_1,0.013428254
4443_9,0.9983516
207_3,0.0017274586
4247_8,0.8499712
11333_9,0.9984269
6357_2,0.0016743994
4477_1,0.0015487612
8774_1,0.0015011822
10049_8,0.99845123
9621_2,0.0013885231
5428_10,0.9983516
11693_3,0.0019877742
8731_4,0.0019267346
11209_1,0.0025114634
10581_10,0.0021157034
4289_10,0.99827254
511_7,0.997065
7832_8,0.9158089
2567_9,0.99827254
4931_1,0.0022170132
8770_2,0.0014325365
8999_9,0.99854493
9918_1,0.0013885231
2254_7,0.997285
4095_1,0.0039454065
8601_2,0.0017274586
10347_10,0.9986541
2911_4,0.0025909794
12157_7,0.9983516
5154_10,0.9984022
27_9,0.9985896
2586_9,0.99845123
6344_9,0.9985896
1888_4,0.0013250223
6630_1,0.0013885231
3202_10,0.99371004
1517_9,0.99856746
584_10,0.9980122
2683_4,0.003707253
1721_1,0.0013458604
4371_7,0.7409249
4697_3,0.9730365
2977_10,0.98677725
1835_3,0.0018969199
9872_1,0.0013458604
4794_9,0.9683812
5345_10,0.997917
1230_10,0.99861145
2438_2,0.0013670255
5709_9,0.99863297
8007_1,0.0013670255
7236_10,0.9977482
7978_10,0.9978173
10608_1,0.0015247865
10968_1,0.001477943
3650_1,0.0018969199
7966_8,0.99827254
8435_9,0.9985896
6095_3,0.0032224844
12457_8,0.9982993
611_10,0.99821776
7589_7,0.9967269
4378_4,0.009859855
9019_3,0.0024726235
794_1,0.0017007225
5112_4,0.0018969199
8698_7,0.9928786
2729_1,0.0014550629
9090_1,0.001264422
9641_8,0.9985896
5065_7,0.9834705
3147_10,0.99845123
3971_4,0.0035936027
7000_8,0.99832565
6716_1,0.001477943
11482_7,0.01395571
9263_4,0.00581996
7901_1,0.002396731
8213_2,0.0012255674
1113_8,0.9986541
1013_7,0.9984269
2195_9,0.9985221
1371_8,0.9965166
7239_7,0.9969246
11376_1,0.0013670255
3506_9,0.99832565
3413_2,0.0014325365
8641_1,0.0013885231
11587_2,0.0019877742
7639_7,0.99832565
8100_8,0.9983516
8151_2,0.0013458604
10464_2,0.0013670255
2043_3,0.0017546144
4454_8,0.998103
6562_8,0.99861145
8549_8,0.99014014
1209_3,0.0018386653
2566_4,0.0019267346
5871_10,0.9984988
6459_7,0.9984269
11006_8,0.9959299
3313_8,0.9983516
5290_2,0.0015731123
9687_1,0.001622967
4165_10,0.99821776
11120_4,0.0033244372
3379_2,0.0014550629
5814_1,0.12765263
3414_7,0.9984988
7750_7,0.99719906
9727_7,0.997065
3850_9,0.99856746
5954_2,0.9801293
9685_1,0.0013885231
9307_3,0.0025909794
8727_9,0.998103
9746_1,0.0013670255
9365_8,0.9985896
3361_10,0.9984022
4554_3,0.0015011822
8952_9,0.9984988
4301_1,0.0013250223
10764_4,0.9964064
2738_10,0.9801293
3554_1,0.0013670255
5724_8,0.9975274
8804_4,0.033336822
468_8,0.99856746
10527_10,0.99847525
5117_7,0.9982993
3390_4,0.016403032
5875_3,0.0022170132
10380_7,0.99856746
887_2,0.9976769
2707_8,0.1431877
11371_3,0.96641046
535_4,0.0015487612
10700_10,0.99453074
3047_10,0.9983516
5930_3,0.0015487612
6044_10,0.9974491
8679_4,0.99629277
2261_10,0.9984988
9577_10,0.9986541
1999_7,0.99771273
6010_3,0.001810211
861_4,0.001477943
4360_2,0.0017007225
5373_7,0.021948254
10760_8,0.9967269
12436_10,0.9985896
5149_3,0.0028009268
7091_4,0.0018969199
5135_9,0.9981324
5552_8,0.99361163
1713_9,0.99847525
11445_4,0.012821214
11146_7,0.9985221
5286_9,0.9985221
10518_1,0.0013458604
1122_8,0.99629277
7680_1,0.007121429
11042_8,0.9976404
6336_1,0.0014325365
11784_10,0.9981614
8759_10,0.9985896
4362_10,0.9984988
4483_2,0.001648483
7501_8,0.99845123
3516_2,0.0015011822
3965_10,0.9967775
4066_8,0.97423947
7802_2,0.004198795
1074_7,0.99856746
4555_3,0.0016743994
11477_1,0.0014550629
5712_10,0.9984988
1175_8,0.9985221
6283_4,0.0017007225
11717_1,0.0013250223
8029_8,0.9985221
5794_8,0.9984269
8717_2,0.0014325365
10682_10,0.99856746
4610_1,0.0019570168
4908_9,0.997981
8325_2,0.0016743994
11330_4,0.0017007225
5717_10,0.03594832
11421_3,0.006097562
4725_2,0.001477943
2284_9,0.9985221
12433_1,0.0015731123
10799_10,0.99732697
3213_10,0.9954615
10997_10,0.99863297
3482_9,0.99854493
430_4,0.0015487612
6524_9,0.9976404
2270_1,0.0021157034
6410_4,0.007232764
224_10,0.99760324
10915_8,0.9985221
8882_3,0.0015978455
3578_3,0.001622967
7696_1,0.69987017
7307_1,0.0013458604
10043_1,0.002631674
6380_4,0.94417685
3109_2,0.0014325365
398_4,0.0037654138
10498_1,0.0013885231
3565_8,0.99856746
7844_9,0.9985896
5879_3,0.042403832
5004_1,0.0013885231
9347_2,0.0014325365
2213_8,0.99847525
3654_8,0.9984022
642_2,0.0012843083
9412_8,0.99854493
7418_10,0.9985221
2012_1,0.0013885231
308_9,0.9986541
11695_8,0.99788433
7369_10,0.9981614
7363_3,0.00498227
7834_3,0.0021489493
7705_10,0.9984988
4554_8,0.99856746
4773_7,0.9984022
11944_2,0.86522406
12303_10,0.99242276
272_10,0.5474641
11678_10,0.99845123
8157_1,0.87578696
1360_7,0.99361163
1702_7,0.99719906
7409_8,0.9984269
3865_8,0.99804294
8266_10,0.99821776
3543_3,0.0017546144
8542_4,0.0013250223
2188_4,0.0017007225
7928_10,0.77081
8271_1,0.0015011822
2667_3,0.001622967
136_9,0.99832565
2365_8,0.997917
9516_1,0.0015731123
6205_9,0.9985896
12411_1,0.0023231625
10549_2,0.13296424
2114_10,0.9985896
8379_3,0.0015247865
1555_2,0.0015011822
7010_4,0.05033063
10425_1,0.0013885231
2970_10,0.9984988
1976_8,0.9984988
4894_8,0.997065
995_1,0.0018386653
12087_10,0.99847525
5002_1,0.0013045068
10204_2,0.0014550629
7689_2,0.0013885231
8685_4,0.076407686
4183_1,0.0017274586
7719_7,0.9976769
6350_8,0.9985896
6163_8,0.9981324
11247_4,0.002434382
8962_8,0.9975274
7849_9,0.9984269
4177_9,0.997917
4680_1,0.9883128
10965_8,0.99832565
3534_10,0.99847525
9782_4,0.0021489493
9525_9,0.9984988
3743_10,0.9829547
1688_10,0.99854493
4400_4,0.0022518474
1660_8,0.9798227
8241_9,0.9985221
1238_8,0.997981
1081_3,0.0015011822
6151_2,0.0013670255
6025_8,0.0013670255
661_9,0.9956006
5670_8,0.9985221
6122_1,0.0032224844
1767_10,0.99863297
5629_10,0.99856746
8256_10,0.9981614
8572_4,0.0014550629
11580_7,0.99351174
525_3,0.002396731
2128_3,0.7879312
10254_8,0.9980732
3082_2,0.0015011822
7127_1,0.0015247865
9927_7,0.0017007225
5694_9,0.9983516
8063_10,0.9949397
10768_1,0.001648483
7375_1,0.0022518474
6220_10,0.9984022
4477_10,0.99856746
1350_8,0.9984988
9354_4,0.994615
9015_2,0.9979493
719_1,0.0013885231
10544_3,0.0013670255
4496_10,0.99736834
3912_1,0.0021827165
10120_10,0.9981614
6958_2,0.001264422
10964_7,0.99657035
4974_1,0.0015731123
5591_9,0.99832565
2295_3,0.0075772414
17_8,0.997851
10442_2,0.0028009268
3043_10,0.99824536
5243_1,0.0013250223
5145_8,0.99821776
5727_7,0.9966756
3406_10,0.9975274
3552_7,0.99657035
1512_1,0.001648483
9214_9,0.99837697
3060_3,0.012624948
9086_3,0.99371004
10428_1,0.0017007225
11198_10,0.9966756
1743_4,0.0015487612
7795_10,0.99837697
9863_10,0.9981614
182_3,0.7501869
9644_4,0.99341017
10744_2,0.0015978455
3393_10,0.9974885
3657_8,0.99736834
10435_1,0.0014103585
9206_10,0.99861145
4005_10,0.9980732
5901_3,0.001867566
498_10,0.99837697
9583_2,0.0017274586
2336_10,0.9985896
6107_1,0.001867566
7079_7,0.99847525
2769_4,0.021615336
4787_8,0.99837697
11123_1,0.0012448432
6466_10,0.99847525
6311_9,0.9982993
1236_7,0.9984269
3635_9,0.9984269
1230_2,0.0013458604
8721_7,0.9983516
7878_3,0.0017007225
11731_7,0.99444515
8732_8,0.99861145
8083_8,0.43110514
3146_1,0.001867566
11395_10,0.997917
2998_2,0.0013045068
3766_4,0.031858858
353_3,0.0020507437
8688_7,0.7676898
6137_10,0.9984988
11950_3,0.10302443
5663_1,0.0019570168
1108_3,0.0015487612
10425_10,0.99845123
913_10,0.99837697
7852_8,0.99818975
14_1,0.0017546144
12062_1,0.0014550629
1162_1,0.001264422
8648_10,0.99740905
10605_10,0.99856746
1091_1,0.0022170132
7723_8,0.99687636
5474_8,0.9985221
8308_1,0.0013250223
9586_8,0.9951703
5317_4,0.001648483
11283_8,0.0019267346
9575_3,0.0013885231
8846_9,0.11920291
8756_1,0.002631674
7973_4,0.0013885231
9845_3,0.0013670255
11335_9,0.99854493
456_8,0.9982993
378_1,0.001477943
9176_1,0.0014550629
6371_10,0.998103
3152_10,0.9985896
7441_4,0.0013045068
10123_4,0.0017546144
6777_1,0.9585377
7479_1,0.0022872274
5563_1,0.0013885231
9076_7,0.99788433
11744_1,0.002396731
1040_4,0.0015247865
920_1,0.0014325365
3599_4,0.0013045068
9629_3,0.3994309
12346_1,0.0022170132
4237_8,0.78199726
6596_10,0.9766692
11576_1,0.001622967
1140_1,0.0015978455
2945_8,0.75851065
7518_9,0.99657035
3435_1,0.0014550629
8219_3,0.001477943
6758_10,0.99861145
484_8,0.99847525
10012_1,0.0013250223
718_10,0.99856746
12293_7,0.997917
6241_3,0.0021489493
10635_10,0.9967269
2563_1,0.0020507437
7682_10,0.99821776
4993_7,0.9984022
12153_4,0.002019014
8559_7,0.039342504
9700_4,0.997285
660_2,0.0018386653
11457_4,0.001810211
7146_1,0.0017821962
3771_2,0.0020507437
8333_3,0.0030278352
11740_7,0.99832565
7035_2,0.0029810332
7054_1,0.0014325365
12292_4,0.0013250223
8881_4,0.11279541
7264_8,0.99863297
11168_1,0.0016743994
1145_9,0.9985896
781_9,0.99856746
5694_4,0.0015731123
2637_10,0.9984269
5812_8,0.9926542
6335_10,0.9984022
10491_3,0.004264634
4684_2,0.0013458604
3810_2,0.0015487612
12264_3,0.001477943
8018_10,0.9982993
12185_10,0.9979493
3959_3,0.0025509126
9829_7,0.99863297
4694_4,0.0015978455
3884_1,0.0016743994
8027_10,0.99854493
743_2,0.0013885231
7036_1,0.0017274586
3081_1,0.0015247865
4606_10,0.9984269
503_2,0.0017546144
6989_10,0.9984022
10059_1,0.0015731123
1380_9,0.9891816
3247_1,0.0015011822
6308_8,0.99861145
1592_2,0.0013885231
3167_1,0.0014550629
6357_10,0.9984988
7107_7,0.99687636
5335_8,0.99854493
11948_2,0.0015011822
10805_4,0.87663436
638_7,0.997783
4311_2,0.0022170132
11795_8,0.9978173
8031_9,0.99657035
11930_2,0.9971551
7886_3,0.0045384313
7253_10,0.99863297
10955_3,0.35639066
10680_2,0.0015011822
8754_10,0.99635005
9556_8,0.99847525
3076_10,0.997783
1544_3,0.0015011822
2726_3,0.051082738
8545_3,0.0014103585
3175_3,0.001622967
2864_9,0.0075772414
547_4,0.0017007225
2831_9,0.9967269
5321_4,0.00498227
4675_8,0.99837697
11787_4,0.0017546144
2837_10,0.99861145
7730_8,0.99847525
2309_10,0.99845123
9078_7,0.9984022
8160_10,0.99856746
7824_1,0.001477943
9926_8,0.09501305
3507_1,0.0033766124
5878_3,0.9877587
6708_4,0.0018969199
1096_3,0.0018386653
4556_8,0.997783
3667_10,0.9956006
9565_3,0.0014325365
4737_9,0.99788433
12134_1,0.0038244836
9413_7,0.99821776
1002_9,0.9896718
4889_4,0.99566853
3453_1,0.016152835
2763_2,0.0015011822
8248_8,0.9518632
1881_1,0.0059110695
3528_10,0.99832565
3630_1,0.13706976
11390_10,0.99861145
3991_8,0.9904406
7650_8,0.09041373
4527_8,0.99827254
10307_2,0.9967775
8872_4,0.0014550629
1741_10,0.99818975
12170_9,0.99580115
11196_4,0.0015731123
5524_10,0.9966756
1926_3,0.26208568
1279_8,0.8504686
1444_8,0.99611557
8975_8,0.997783
7157_10,0.99856746
11973_2,0.0014103585
7022_1,0.95695716
6939_10,0.9755769
6732_9,0.012624948
3689_1,0.0013670255
10228_1,0.0017007225
6314_3,0.0019877742
4285_8,0.99371004
10086_10,0.9976404
9899_1,0.001477943
7556_10,0.9985221
12299_3,0.0034296038
11872_3,0.24006124
4257_1,0.0019267346
3028_7,0.0030753699
2545_10,0.9984988
8036_4,0.0021489493
5948_2,0.0019570168
12113_1,0.0018969199
1738_4,0.0015487612
9808_10,0.98242307
2629_4,0.0021489493
12003_9,0.6500508
6725_8,0.016914913
5383_8,0.99629277
12097_1,0.0013885231
11402_9,0.99837697
3877_3,0.001648483
3765_4,0.9978173
11431_7,0.99832565
7419_3,0.0034834242
9844_8,0.99253935
9753_1,0.0013670255
12377_1,0.99832565
2775_10,0.888372
11106_1,0.0017821962
10015_8,0.997285
9473_9,0.9985221
3633_9,0.99856746
9022_8,0.9984988
608_1,0.0021827165
10724_1,0.0012843083
1059_10,0.99856746
8413_3,0.001477943
2013_1,0.0013250223
2814_10,0.9980122
9166_4,0.6770471
6566_7,0.99298817
9352_10,0.99847525
8123_1,0.0015011822
10825_3,0.0013885231
3735_8,0.99847525
7595_2,0.0014103585
4946_1,0.97737074
8327_9,0.9984988
5140_2,0.0015978455
10986_1,0.0013250223
7385_8,0.023153413
3722_1,0.001477943
9799_2,0.004198795
1288_8,0.997917
8089_1,0.22815649
11279_4,0.95257413
4845_10,0.99847525
8354_8,0.9984988
1373_10,0.010169657
5431_7,0.99629277
1245_2,0.0018386653
11429_7,0.99837697
11606_4,0.0019877742
4192_10,0.0033244372
3443_1,0.0025114634
4957_2,0.011777842
4971_8,0.99845123
913_1,0.0067975316
10311_10,0.99854493
10558_9,0.99861145
304_10,0.99837697
7499_9,0.9986541
6529_10,0.99845123
2069_10,0.9984022
1366_10,0.9983516
10303_3,0.0017274586
4476_8,0.99854493
8032_10,0.9983516
8392_8,0.94417685
10158_9,0.99818975
10886_7,0.9980732
1789_2,0.0023596606
3113_1,0.0014550629
7713_1,0.0013458604
2685_10,0.9985896
9760_10,0.99854493
12401_10,0.99854493
2489_10,0.9984022
6382_1,0.0013670255
2352_2,0.0014550629
9440_1,0.0016743994
10695_10,0.99821776
7297_8,0.5997196
11703_4,0.9941801
4733_1,0.0020829707
1769_4,0.001867566
12219_7,0.99854493
1725_1,0.0015731123
1711_8,0.002889581
7466_8,0.997285
6987_10,0.99832565
12351_1,0.001477943
4929_10,0.9985221
10281_4,0.0013670255
11555_7,0.9974885
2075_9,0.9975656
755_10,0.99444515
11705_8,0.9980122
1434_10,0.9985896
6189_7,0.8489722
3645_7,0.98469365
2963_9,0.997917
3487_9,0.99854493
6368_7,0.9951703
2240_1,0.0015978455
10126_9,0.99854493
5366_1,0.0023231625
8058_10,0.99837697
10746_8,0.997917
4852_3,0.0013458604
5371_7,0.99788433
303_2,0.011869121
7169_4,0.008061991
4284_3,0.010013569
7539_2,0.0014103585
11410_1,0.013428254
4710_2,0.001622967
7660_1,0.0036499873
10378_8,0.9869795
10580_10,0.9975274
4295_1,0.0014550629
4433_1,0.0015487612
6959_9,0.99854493
6769_4,0.0063883206
11996_1,0.0014103585
10341_7,0.98934746
2337_1,0.0013670255
11119_8,0.99837697
4228_2,0.0017007225
3680_1,0.0015978455
11256_1,0.001264422
1884_7,0.9984988
4750_8,0.9979493
4890_3,0.9978173
7159_10,0.99854493
10622_1,0.0015247865
11753_1,0.42036167
8352_10,0.9985221
2188_9,0.9986541
6913_9,0.99818975
9193_1,0.0014325365
9572_4,0.0025509126
5136_2,0.0017274586
4799_2,0.0014550629
5045_8,0.997981
9538_1,0.001622967
1565_4,0.001867566
12134_7,0.9978173
1437_8,0.99736834
5319_9,0.99856746
3709_10,0.99856746
2642_8,0.9984022
11143_9,0.99824536
864_10,0.9985221
9283_3,0.0015011822
5089_9,0.9984269
9917_10,0.9981324
3800_7,0.004331502
6074_7,0.9986749
6433_7,0.99861145
6715_1,0.001477943
594_1,0.0014550629
2469_1,0.003707253
3155_1,0.8010035
7458_10,0.004905406
2020_1,0.0012255674
6921_8,0.99854493
9662_7,0.99863297
9567_7,0.99629277
5187_1,0.001264422
6831_4,0.0014325365
7829_4,0.01048909
3868_3,0.99341017
2224_10,0.997917
12015_1,0.001477943
841_1,0.0015731123
224_3,0.001264422
4805_9,0.9985896
7513_2,0.2180027
7065_3,0.0013670255
6192_3,0.0226292
6075_10,0.9983516
10611_7,0.99824536
10471_10,0.99827254
4198_10,0.0031726828
10756_7,0.9738444
11960_1,0.0045384313
2885_9,0.99861145
6837_3,0.001477943
1917_2,0.004905406
7143_3,0.0017007225
1762_10,0.9983516
12066_10,0.99856746
8410_7,0.0335895
10729_4,0.0028009268
6967_3,0.004681822
734_7,0.99193794
1524_10,0.99861145
2479_9,0.9942697
130_4,0.0013670255
201_9,0.9984269
6157_9,0.99856746
9362_2,0.0020507437
3858_10,0.99771273
9895_10,0.99861145
9953_3,0.0014103585
4667_7,0.99760324
1951_1,0.0013458604
8724_8,0.9984022
2886_7,0.9982993
7491_10,0.99861145
10403_4,0.9923044
7362_10,0.32434237
9466_9,0.9984988
9079_7,0.997917
10171_1,0.002396731
9511_9,0.99711037
8775_1,0.0021827165
6462_2,0.0016743994
3129_2,0.0015487612
12461_1,0.0012843083
8541_10,0.98201376
4241_7,0.99635005
6533_10,0.009268014
12131_2,0.0039454065
11577_4,0.0017007225
6063_3,0.0015011822
1760_9,0.997981
3396_1,0.0019570168
5385_8,0.99736834
7212_2,0.0014325365
3522_8,0.9969246
1397_10,0.05184547
387_8,0.99856746
4143_9,0.9985221
9483_2,0.0021489493
3250_10,0.99861145
8758_4,0.01048909
7551_10,0.99863297
2068_1,0.002396731
9534_9,0.99854493
11561_8,0.99736834
3083_2,0.0015487612
2973_1,0.007011795
6574_10,0.9985221
5442_2,0.0016743994
6343_3,0.0019570168
6723_1,0.0017274586
6252_8,0.997783
8465_1,0.0011513996
1906_7,0.98187524
7492_7,0.99824536
5508_7,0.24238491
5936_8,0.96909106
5086_8,0.98677725
2134_7,0.997065
8301_4,0.96210754
8423_2,0.0013045068
6241_10,0.99847525
8550_4,0.0021827165
3330_10,0.9980122
8825_8,0.9984022
8030_1,0.0013250223
4884_4,0.049589027
8391_9,0.997917
9776_1,0.0028449094
1389_7,0.99736834
12224_4,0.002019014
2162_7,0.99845123
8490_10,0.9986541
12003_4,0.0017274586
11043_3,0.9959299
7266_2,0.0013458604
4480_10,0.8080672
11954_9,0.9984022
3280_2,0.0014550629
8084_2,0.0013885231
3913_4,0.0040072887
7353_10,0.99824536
3161_10,0.9976769
3941_1,0.0014103585
7992_9,0.9964064
10742_10,0.99861145
69_10,0.9984269
10415_3,0.0015011822
4818_10,0.9986541
5563_10,0.99788433
7018_10,0.998103
8873_4,0.0016743994
10593_3,0.002396731
12251_3,0.002019014
731_4,0.0019877742
1195_10,0.9985896
7337_1,0.0015978455
2448_7,0.9985221
4444_2,0.0015247865
9223_2,0.0020829707
463_8,0.9983516
4335_4,0.0013458604
9635_8,0.8624676
8738_4,0.97520185
6724_1,0.0015247865
5504_1,0.0015011822
10185_1,0.001648483
901_9,0.99856746
10452_8,0.99861145
8289_10,0.9985896
10112_1,0.0015011822
9950_8,0.9981614
8644_4,0.0032224844
11534_7,0.9957353
5708_4,0.0023231625
6781_1,0.0016743994
3582_10,0.9981614
4591_7,0.9951703
3327_1,0.07477005
9536_9,0.9985896
3047_2,0.0048297215
2830_9,0.9984988
4300_1,0.0022170132
4160_4,0.0027149855
11783_10,0.9982993
6029_9,0.997981
6907_2,0.0038844768
691_2,0.0017274586
585_1,0.9967269
11182_3,0.6627965
10433_2,0.0013885231
11201_2,0.99361163
588_7,0.99845123
2522_10,0.99837697
7002_2,0.0018386653
2059_10,0.99856746
4925_10,0.99029154
7791_9,0.99854493
6392_10,0.9984269
3305_7,0.99863297
11951_10,0.9969246
12167_1,0.0014325365
5814_10,0.99861145
2590_10,0.99818975
10571_3,0.03138043
5452_4,0.0015978455
6480_10,0.99845123
11050_8,0.9985896
11523_3,0.001622967
6556_8,0.99837697
597_9,0.9981324
4049_3,0.0014325365
6652_8,0.9985896
5591_4,0.045692034
12295_1,0.001264422
11478_10,0.9984022
6436_1,0.001648483
2487_2,0.0015731123
7520_7,0.9979493
5203_9,0.99856746
6162_10,0.9982993
3840_4,0.002434382
7471_10,0.99863297
5021_1,0.0013885231
5593_10,0.997783
7489_10,0.9984988
1208_10,0.9975274
11983_10,0.9980732
23_4,0.0017274586
3622_7,0.9962346
7821_1,0.0014103585
9726_3,0.0051396107
2890_10,0.9984988
11695_4,0.7132319
3751_10,0.9985221
5136_8,0.99845123
8730_7,0.9986541
4341_7,0.010013569
9148_3,0.0014103585
6385_3,0.0023231625
8560_8,0.002019014
766_2,0.0016743994
8847_10,0.998103
7455_1,0.0012843083
3187_8,0.9766692
9683_1,0.0013045068
7744_10,0.997783
11136_10,0.99832565
214_1,0.0014325365
2105_9,0.9983516
1265_10,0.99629277
9122_2,0.99629277
9296_10,0.9980732
8107_2,0.002434382
8134_2,0.0017007225
3788_10,0.99863297
2429_10,0.99821776
8567_1,0.0014103585
7400_10,0.99361163
1789_7,0.99566853
11098_2,0.001648483
918_10,0.9896718
3389_10,0.9869795
3754_1,0.011331754
8807_9,0.9932025
7900_9,0.99854493
6541_1,0.0017007225
981_1,0.0015487612
2142_9,0.99760324
1639_1,0.0013458604
4162_1,0.0013250223
2476_10,0.997851
9941_4,0.00581996
4020_3,0.0015011822
6823_4,0.0020507437
6236_2,0.001477943
7793_4,0.0017821962
7431_9,0.99837697
6864_7,0.7291342
184_9,0.9976404
735_7,0.9974491
1673_8,0.99854493
6209_1,0.0013885231
4167_10,0.99847525
7854_1,0.002019014
6281_7,0.9985221
3045_1,0.0012255674
598_9,0.9984988
5411_10,0.99863297
3781_4,0.0022872274
10627_2,0.0014550629
11283_2,0.9891816
4594_8,0.99711037
12424_7,0.98951083
6705_8,0.99824536
5274_8,0.002019014
2107_7,0.9959299
10685_7,0.005384938
1992_10,0.99724233
6711_1,0.001477943
1899_10,0.99736834
6307_9,0.9985896
5702_10,0.99847525
6865_7,0.99827254
5047_10,0.9984022
2762_8,0.99724233
2830_4,0.0032224844
9305_7,0.9983516
4358_1,0.0017007225
7558_10,0.9985221
8607_10,0.9980732
4599_9,0.9962346
5267_4,0.005060332
5667_10,0.99804294
10108_8,0.99861145
8432_3,0.0014550629
845_2,0.001648483
552_2,0.01566365
169_7,0.9981324
12311_1,0.0014550629
5884_3,0.0021489493
2938_4,0.9961755
11378_7,0.9539661
7337_10,0.99845123
4378_7,0.99824536
4660_10,0.99827254
2461_4,0.002673006
7011_10,0.9984988
9907_2,0.0012843083
6134_2,0.0018386653
1548_1,0.0020507437
157_3,0.001810211
2189_2,0.001648483
9021_3,0.034880888
7699_1,0.0013458604
9298_1,0.0012065897
539_3,0.0022170132
10243_2,0.0014325365
8659_9,0.9981324
10748_8,0.997917
6757_4,0.0015487612
7196_8,0.99824536
2579_9,0.99847525
5896_10,0.99821776
2308_9,0.9984988
12318_1,0.003538086
12244_4,0.0028009268
10131_7,0.9911527
3608_4,0.99719906
10891_10,0.99856746
10517_10,0.99847525
2180_8,0.99827254
2498_7,0.9983516
3382_1,0.001648483
12196_4,0.0016743994
7079_3,0.006903838
562_8,0.0025909794
984_3,0.0018969199
7756_10,0.99861145
11553_1,0.0013458604
1880_4,0.0059110695
9842_7,0.003707253
795_3,0.0015487612
11707_10,0.997285
8457_9,0.997285
2483_4,0.002673006
4903_3,0.9879462
12223_2,0.0013458604
8418_2,0.0014103585
6194_10,0.99861145
3214_10,0.99854493
12208_3,0.0019877742
7001_10,0.9980732
8533_8,0.9974885
8236_4,0.001622967
2867_1,0.0013250223
7876_9,0.9971551
9640_8,0.9985896
11866_3,0.0016743994
4262_4,0.0021157034
5711_4,0.99486035
214_9,0.99740905
9641_4,0.0031236487
9086_9,0.9985896
12088_2,0.0013045068
76_8,0.99856746
1537_10,0.9985221
10510_2,0.0014103585
778_1,0.0013458604
458_9,0.9984988
12472_1,0.0013670255
7914_1,0.99469805
8595_10,0.9984988
7741_4,0.0014325365
9056_4,0.0015487612
538_4,0.0015731123
12049_4,0.016152835
9613_8,0.99824536
7051_4,0.003538086
2549_7,0.9985221
12139_3,0.0015011822
4006_7,0.04885778
11662_10,0.99837697
497_2,0.0013885231
5556_2,0.0017821962
8287_10,0.99854493
4712_9,0.9984269
8237_1,0.0013885231
4466_9,0.9976404
4141_1,0.0047552
3303_10,0.99824536
5384_2,0.0014325365
8494_1,0.0017546144
5127_2,0.0064882697
6961_9,0.9984269
10856_1,0.0013458604
9421_7,0.9984988
3776_10,0.9982993
5958_1,0.0014550629
6227_8,0.9964619
10991_1,0.007345827
7996_10,0.9984988
12372_9,0.99736834
1460_2,0.0022872274
10183_1,0.001264422
2829_4,0.0015011822
9797_4,0.0015978455
2988_3,0.001477943
3974_3,0.0047552
11419_4,0.001477943
11472_7,0.023153413
8489_7,0.997981
11938_4,0.0022872274
1057_8,0.99818975
7213_1,0.0015731123
2615_10,0.9832145
3101_1,0.0015487612
7553_1,0.025371313
10258_1,0.0014325365
8551_10,0.99856746
11233_4,0.0014103585
2996_4,0.0029349516
8670_3,0.18535662
10586_9,0.9975656
501_10,0.9985221
11398_9,0.99861145
9223_8,0.9984988
5432_9,0.064653486
7517_10,0.9984022
11616_7,0.997851
5055_2,0.001477943
9285_1,0.0015978455
5175_1,0.0012843083
872_1,0.001477943
8890_7,0.9780517
178_2,0.0014325365
10660_4,0.05379964
11461_4,0.0027576222
9461_8,0.99732697
3992_3,0.0014103585
1173_1,0.0013670255
8261_10,0.99635005
10007_4,0.0013458604
10751_10,0.9980732
5021_8,0.9985221
10553_7,0.9956006
12464_8,0.99845123
8616_8,0.99818975
9697_1,0.0013458604
2800_1,0.001264422
521_1,0.0015247865
7535_10,0.99837697
4352_9,0.9974491
2246_10,0.9984269
7039_4,0.001648483
10344_4,0.0014550629
12195_10,0.9981324
3671_4,0.56457865
1767_2,0.001477943
6536_1,0.001622967
8951_1,0.0014550629
12462_9,0.9984022
8489_2,0.009559399
11884_10,0.99847525
8602_1,0.004070138
9229_1,0.0015247865
10611_3,0.0015731123
6764_4,0.9825575
2612_1,0.0014325365
213_3,0.0013885231
1987_2,0.0020507437
3082_9,0.9959299
10504_7,0.99821776
8862_9,0.997917
5512_10,0.9871788
3198_10,0.998103
11521_1,0.0014550629
9841_8,0.9890131
1781_10,0.9980732
8389_1,0.001648483
10225_1,0.001264422
1403_4,0.0015247865
3792_8,0.99863297
4361_9,0.9985896
6579_7,0.9981614
3891_2,0.0024726235
10782_8,0.997851
12290_2,0.0021157034
1710_1,0.0016743994
5507_7,0.9980122
10523_1,0.001477943
6722_10,0.002889581
3401_10,0.99856746
8079_1,0.0017546144
5650_10,0.99845123
1843_4,0.0015247865
8228_7,0.840259
1138_8,0.9967269
7943_9,0.99760324
2219_4,0.0013670255
11675_4,0.013325147
7748_9,0.9985221
3859_1,0.0014550629
1497_1,0.001648483
2115_10,0.9984988
9622_4,0.0014103585
9482_10,0.9984269
9084_2,0.0062899017
2744_1,0.0013458604
6599_3,0.0014550629
10991_10,0.99847525
8444_9,0.9974491
1362_3,0.0045384313
6820_10,0.9985221
10806_3,0.0022518474
5509_3,0.0022872274
1939_8,0.99711037
498_1,0.0024726235
12238_10,0.99553156
4154_4,0.001477943
11557_1,0.0013670255
6658_7,0.9985221
1183_2,0.0019877742
3764_10,0.9949397
12421_3,0.001648483
8166_1,0.0017546144
88_10,0.99863297
6291_7,0.9943581
4637_2,0.0017546144
4194_10,0.998103
9020_10,0.9974885
9749_8,0.9959299
3308_1,0.0014325365
2569_9,0.99863297
9696_8,0.9961755
8680_1,0.0017274586
10469_3,0.0013458604
6208_1,0.0015978455
9862_3,0.9849274
7663_10,0.9802808
811_10,0.99845123
5452_8,0.9985896
4347_10,0.99847525
10922_8,0.9975274
10466_3,0.001264422
11650_8,0.99863297
5126_4,0.001477943
3454_8,0.9983516
11021_10,0.99863297
1160_1,0.0015011822
1948_10,0.99861145
8741_10,0.5484317
8996_4,0.9959299
11572_2,0.0021827165
2183_7,0.8152325
1779_9,0.004198795
5466_10,0.99854493
1756_1,0.0013458604
7777_3,0.0013250223
429_3,0.0023596606
1736_10,0.99736834
1746_10,0.9985221
7613_8,0.99837697
4315_10,0.997783
12186_10,0.99847525
4231_8,0.9980122
659_8,0.998103
7739_10,0.9985896
43_10,0.99863297
2960_4,0.0013670255
11665_4,0.001648483
4399_9,0.99861145
6993_8,0.9957353
6523_10,0.9985221
7068_1,0.0012843083
3005_1,0.04401865
10419_8,0.9986541
3160_2,0.0023596606
1881_10,0.02350945
5623_10,0.9932025
2263_10,0.9976404
5736_8,0.99832565
550_3,0.0015731123
368_4,0.04813677
9100_10,0.99861145
930_3,0.0022872274
866_10,0.9984988
11251_7,0.99845123
10708_9,0.9942697
247_2,0.0015487612
4080_10,0.99837697
2104_10,0.99854493
8_2,0.0019267346
1485_3,0.0013045068
3133_1,0.0032224844
331_10,0.99863297
12213_1,0.001622967
2825_3,0.0018969199
8316_3,0.0023596606
11102_3,0.0015011822
9719_1,0.0015247865
1951_7,0.99821776
10577_1,0.0015011822
9941_9,0.99861145
12246_1,0.0013045068
7579_4,0.002673006
7111_7,0.99771273
1068_3,0.004331502
1872_4,0.9728308
834_4,0.9879462
12088_7,0.9863631
7785_3,0.98571813
7364_10,0.99824536
4441_2,0.0015011822
3957_10,0.9986541
7789_1,0.0016743994
3296_1,0.001622967
6656_8,0.9798227
7366_2,0.0015247865
10579_10,0.99856746
1292_8,0.9984269
3172_10,0.99861145
4948_10,0.99854493
8690_3,0.0022170132
3279_1,0.0013885231
7221_3,0.0023596606
6376_2,0.0021157034
4901_4,0.001810211
1591_10,0.99863297
2905_4,0.0019877742
8656_7,0.96691406
10100_3,0.99771273
6918_10,0.9984022
7105_8,0.9966234
8220_10,0.9787127
916_3,0.0016743994
7831_8,0.7195807
11118_10,0.9985896
7993_10,0.9977482
2665_3,0.001648483
1680_2,0.0013458604
632_8,0.9983516
5838_10,0.9985896
4039_9,0.9985221
309_3,0.0021157034
6715_7,0.79117644
9130_4,0.004331502
722_10,0.9881309
9485_3,0.0020507437
5421_9,0.96295285
2053_4,0.0013458604
8824_4,0.0015011822
906_4,0.016152835
4325_4,0.014957086
3131_1,0.0017274586
4732_10,0.002631674
7628_1,0.0019267346
3903_8,0.99732697
2781_7,0.9964064
2530_1,0.001477943
8740_9,0.9981324
9456_4,0.0015011822
8705_10,0.9977482
9894_4,0.0014103585
7573_10,0.9984269
117_1,0.0014103585
1578_7,0.938576
2822_9,0.9975274
2544_10,0.99845123
10988_10,0.9984988
9846_3,0.0013458604
6242_3,0.0024726235
5626_3,0.9683812
4053_9,0.9980122
10157_8,0.998103
10582_2,0.0014325365
11091_1,0.0019570168
10436_8,0.99861145
3432_8,0.9985221
3007_3,0.25776508
11467_4,0.037326884
9877_8,0.0015247865
4839_1,0.001264422
2766_3,0.002434382
11528_9,0.9984269
4327_1,0.0012843083
8087_10,0.9981614
3394_10,0.99856746
4690_4,0.15713686
11642_8,0.9914225
2603_1,0.0013458604
9578_8,0.9983516
8316_10,0.99837697
8184_9,0.99854493
9764_10,0.99863297
3248_2,0.0013885231
5784_3,0.0014103585
3686_1,0.0014103585
10901_10,0.983343
606_9,0.99861145
6887_1,0.0021827165
4240_4,0.0019570168
977_9,0.99847525
2232_7,0.9888419
4107_8,0.99771273
11897_10,0.99856746
10418_8,0.9985896
5274_1,0.0018969199
5978_10,0.99854493
6781_7,0.9923044
6704_10,0.99155444
8290_4,0.0074606435
9826_8,0.99837697
10066_1,0.002396731
1135_1,0.0015247865
6683_9,0.9985221
9991_8,0.99605453
1710_10,0.9981324
4774_2,0.0015978455
3621_2,0.8392076
9258_1,0.0013250223
12244_8,0.99854493
401_1,0.0013670255
11869_10,0.99861145
3092_3,0.0014103585
2910_7,0.9985221
961_1,0.08151975
6927_7,0.0032224844
4819_2,0.0013458604
658_7,0.99193794
5477_2,0.0013885231
7766_1,0.001867566
4159_3,0.0017007225
5010_10,0.9984269
11093_3,0.0015731123
7287_10,0.9985221
3462_9,0.9982993
1652_1,0.0017274586
12077_2,0.0029810332
3798_10,0.9623913
2696_10,0.99854493
2803_8,0.9966756
11941_2,0.0015731123
8090_8,0.98707944
6994_4,0.001810211
1242_7,0.9983516
8828_9,0.997783
1346_1,0.0013885231
468_1,0.0013885231
3665_4,0.0014103585
4476_4,0.045015533
6043_9,0.997851
5830_3,0.0013670255
3159_10,0.99732697
6975_1,0.9985896
7338_1,0.0013670255
1424_10,0.997917
6487_7,0.99832565
3023_7,0.9967269
4749_3,0.90397453
4596_3,0.0024726235
4681_8,0.99824536
4235_1,0.0013250223
2912_8,0.9979493
6552_1,0.0013885231
4329_1,0.0015487612
3876_1,0.0019267346
9168_9,0.998103
8747_10,0.997065
11842_10,0.99845123
5612_10,0.99821776
10371_8,0.99845123
4804_7,0.9967269
4914_7,0.99804294
2520_3,0.99444515
8053_3,0.0012448432
11302_4,0.0015731123
4766_1,0.0033244372
1820_4,0.0015247865
4668_1,0.0015731123
3521_2,0.0015011822
3467_7,0.99863297
1885_4,0.0016743994
4206_1,0.001477943
2774_10,0.9981614
12060_1,0.0014103585
5664_10,0.9981614
7078_10,0.99837697
4797_8,0.99832565
2735_3,0.0012255674
7981_4,0.001622967
10440_7,0.9985221
11611_7,0.99861145
5553_1,0.0013885231
12415_2,0.012624948
10807_3,0.0025114634
5539_1,0.0014325365
9489_10,0.9984022
11053_10,0.9984988
7493_10,0.99469805
10400_4,0.0022170132
9856_10,0.9984269
6813_10,0.99854493
679_10,0.99804294
7502_3,0.0015247865
3842_7,0.99701905
7800_10,0.99861145
4253_9,0.9980732
2103_1,0.0016743994
9581_3,0.009708476
7335_10,0.99453074
3304_8,0.71721
12276_3,0.0015731123
5451_3,0.001622967
1873_3,0.0015731123
5857_7,0.0015978455
5423_10,0.99837697
6400_10,0.9982993
6419_3,0.0038244836
3775_4,0.0017546144
5165_8,0.99605453
6555_1,0.0013885231
3806_4,0.001648483
8584_7,0.9976769
5390_7,0.60206157
10965_1,0.008711384
6680_9,0.99863297
5034_1,0.0015731123
7718_2,0.0015487612
2688_4,0.99788433
9107_2,0.0016743994
5993_1,0.0012448432
7456_10,0.998103
8581_8,0.99856746
8852_3,0.0015011822
4239_10,0.9984988
9012_10,0.9980122
6661_9,0.99847525
6786_10,0.993807
12257_3,0.001622967
8700_8,0.9979493
8848_8,0.9954615
11377_4,0.0017274586
4722_2,0.001648483
8546_9,0.9968273
3091_4,0.0015978455
4124_7,0.9941801
10860_10,0.9986541
2684_10,0.9985221
4968_10,0.99856746
10785_4,0.0014325365
4871_8,0.998103
1064_8,0.99845123
9452_2,0.0014325365
9965_1,0.0013458604
1358_10,0.9983516
12094_10,0.99837697
415_10,0.9984269
8308_10,0.0025114634
11112_9,0.9983516
6271_4,0.0111580305
7324_8,0.99611557
7950_8,0.9985896
8880_3,0.0014550629
5610_7,0.9984269
3918_8,0.9985896
7209_2,0.001477943
4916_10,0.99869555
6782_3,0.0017007225
5607_3,0.0019877742
5492_10,0.9986541
2824_3,0.0014103585
1533_10,0.99861145
9663_9,0.99856746
11087_3,0.0013458604
3360_1,0.0014550629
12040_1,0.0023231625
329_10,0.9984988
4819_7,0.023870835
11985_8,0.9975274
6491_4,0.0015978455
7151_10,0.9985896
6807_10,0.99824536
3353_10,0.99847525
3592_10,0.99845123
928_10,0.9130583
3100_7,0.99732697
7390_3,0.0013045068
8466_8,0.99477994
777_10,0.9986749
10007_10,0.99856746
7673_1,0.0021489493
8255_1,0.997917
3734_8,0.9967269
6217_10,0.013636835
2264_1,0.0017007225
7637_7,0.99827254
3494_3,0.0014103585
1012_1,0.0017546144
9796_2,0.0015247865
444_2,0.0013885231
10968_8,0.997851
8328_10,0.99818975
2417_8,0.9980122
253_3,0.0015978455
3740_8,0.9984988
5904_3,0.1647851
6664_8,0.997917
12027_1,0.0012843083
8658_10,0.9914225
4505_1,0.0013250223
1008_10,0.9966234
7922_3,0.0014103585
655_10,0.99861145
6383_10,0.99827254
5868_1,0.0015978455
7827_10,0.99818975
722_3,0.0015731123
3933_4,0.0015011822
1358_3,0.008315778
8939_8,0.99821776
9502_10,0.99724233
4798_9,0.99854493
7088_3,0.0017546144
9904_3,0.0014550629
11214_2,0.0015487612
11293_8,0.0035936027
11924_10,0.99856746
6168_8,0.99856746
4329_10,0.9977482
10345_3,0.0015011822
5512_3,0.14608724
1291_1,0.0012843083
7568_3,0.0014325365
2747_4,0.0023596606
7484_1,0.0013458604
3915_2,0.0014550629
8527_4,0.0014325365
4686_10,0.99847525
6909_1,0.0029349516
10587_10,0.9978173
9167_8,0.997981
4739_4,0.0022518474
6266_4,0.0015731123
6155_10,0.99832565
11409_9,0.032100707
3874_7,0.0031236487
7049_3,0.0030278352
11158_2,0.0013250223
5714_10,0.9985896
11248_1,0.0012843083
8854_3,0.11797801
3191_4,0.7004852
5537_7,0.9980122
4919_7,0.99824536
8109_9,0.99837697
7476_4,0.002631674
5890_10,0.9985896
5837_10,0.9986541
2623_9,0.99863297
5033_1,0.001622967
12055_8,0.99854493
8420_4,0.0022170132
5854_10,0.99861145
9631_7,0.99827254
11705_3,0.0019877742
3869_7,0.997851
10836_9,0.99804294
7027_1,0.0015731123
55_4,0.0013885231
11124_8,0.9984269
3533_3,0.0012065897
1552_10,0.99863297
11307_1,0.0015011822
11974_7,0.99371004
7246_3,0.0013885231
10648_3,0.0013045068
11991_10,0.011869121
10494_8,0.9981324
8109_1,0.0013670255
4764_1,0.0013250223
3527_1,0.0014325365
4059_9,0.99856746
3729_4,0.001477943
5073_4,0.9966756
4984_9,0.99824536
2371_10,0.99788433
9597_10,0.99856746
10823_9,0.99827254
3123_10,0.9966756
2951_10,0.9984022
9800_1,0.0013045068
1824_3,0.0039454065
6238_2,0.013742321
8830_9,0.9976769
12355_8,0.11838509
4002_10,0.99845123
405_10,0.79565805
4314_1,0.0039454065
9201_10,0.99854493
10466_8,0.99736834
3736_2,0.0020829707
1641_10,0.99863297
3381_1,0.0019267346
11711_9,0.99847525
4970_3,0.0025909794
6958_10,0.9984269
646_9,0.9983516
3590_9,0.9985896
7218_9,0.9984022
5091_10,0.99856746
8820_2,0.0013885231
3938_8,0.997851
2616_10,0.054198727
7808_1,0.0013045068
3508_10,0.99837697
8974_8,0.9982993
4383_4,0.99629277
6360_4,0.8152325
2759_8,0.99687636
7417_1,0.0013250223
10880_1,0.0017274586
5488_2,0.0013885231
8015_9,0.9979493
6484_3,0.0014103585
10117_1,0.0013885231
11363_1,0.001477943
3334_7,0.9943581
3369_7,0.002631674
9609_1,0.0015487612
8396_10,0.997917
8267_10,0.9985221
10335_7,0.9984269
1973_4,0.001622967
7123_10,0.9985221
6949_9,0.99863297
10652_4,0.0034296038
10256_4,0.0015011822
4557_9,0.99854493
8929_1,0.0015247865
2429_1,0.0014550629
3994_1,0.0017007225
11454_7,0.001622967
11874_4,0.5609743
4891_3,0.0013885231
2216_7,0.99847525
2039_4,0.0021827165
505_1,0.0018969199
313_1,0.001477943
3383_2,0.0017007225
9453_7,0.48779535
426_9,0.004331502
311_10,0.99854493
11291_10,0.9984988
835_8,0.99760324
2143_9,0.9981324
8200_2,0.0015978455
11716_2,0.9986749
3786_2,0.0024726235
3818_4,0.0013250223
12106_1,0.0015731123
2605_4,0.0017007225
10518_7,0.8899121
3932_8,0.9969246
7515_4,0.0031236487
9857_10,0.966156
449_3,0.9968273
3573_9,0.99854493
10198_8,0.098079324
2286_9,0.99847525
6906_3,0.001622967
3807_2,0.0017546144
11602_8,0.99486035
10201_7,0.9985221
8717_8,0.9981614
10411_10,0.9985896
11099_3,0.0044683837
5619_10,0.9964064
9252_10,0.9980732
6097_10,0.9984022
6467_1,0.0025114634
2757_2,0.0017546144
1869_10,0.99847525
5192_2,0.0017546144
11399_10,0.9982993
898_3,0.82161736
6820_2,0.027169231
768_2,0.0016743994
1783_10,0.99657035
8102_9,0.99711037
7818_2,0.0076956474
2444_10,0.89256257
3965_4,0.0014103585
7086_4,0.9981614
10556_3,0.017176708
5221_1,0.0019570168
4322_10,0.99845123
7371_1,0.0013670255
1318_8,0.96691406
8142_3,0.0017007225
3413_10,0.9984988
3845_9,0.99821776
7323_1,0.0015011822
5273_3,0.0015247865
11812_4,0.013742321
5737_7,0.9975656
7260_2,0.002396731
5018_3,0.001622967
7779_10,0.99854493
894_7,0.006003596
11940_3,0.0017007225
2471_7,0.9981614
6605_10,0.9950177
282_10,0.98646784
12402_3,0.0038844768
7974_1,0.002019014
12280_7,0.9981324
10917_2,0.001622967
12164_1,0.0014103585
3181_1,0.0023231625
11240_1,0.0021489493
11255_9,0.9964064
2318_2,0.0015978455
4976_7,0.9969722
1822_8,0.9981324
11724_7,0.99566853
3499_3,0.0018969199
9439_9,0.994089
5469_10,0.997783
7612_9,0.9984269
3947_8,0.9983516
11269_1,0.0013458604
5771_8,0.99818975
4461_8,0.99861145
5683_9,0.9986541
639_1,0.0013458604
9896_3,0.99469805
5131_8,0.9959927
5961_3,0.001477943
5741_2,0.0013250223
6418_4,0.9986749
5416_1,0.001477943
3114_7,0.99856746
3587_3,0.0015978455
5472_10,0.9985896
9802_9,0.99824536
4313_3,0.17161581
2921_7,0.997981
11468_8,0.9978173
12250_10,0.99827254
3481_10,0.9891816
2067_2,0.001477943
8574_4,0.001477943
861_9,0.99845123
10381_2,0.0013250223
5479_1,0.99711037
1107_9,0.997285
4475_1,0.0013250223
469_2,0.003707253
605_4,0.0015247865
2182_1,0.0013458604
9401_7,0.99856746
2518_8,0.99837697
5329_8,0.99566853
3202_1,0.0015487612
256_4,0.9950177
7235_3,0.0015487612
4661_3,0.65423226
11045_1,0.001648483
1417_4,0.0017546144
4186_10,0.998103
985_4,0.0020507437
6553_1,0.0014103585
3118_1,0.0013885231
3297_1,0.0019267346
5843_10,0.9969722
7645_7,0.99629277
11958_1,0.001477943
10823_3,0.002019014
5097_4,0.9814534
4344_10,0.99818975
5442_8,0.99832565
11969_10,0.0038844768
7015_10,0.9985221
1419_4,0.9961755
914_1,0.001477943
11911_8,0.05379964
5930_8,0.99553156
3853_10,0.9984988
9404_1,0.0015487612
207_9,0.99845123
2018_1,0.0017274586
11192_7,0.9978173
6679_4,0.36636302
1184_3,0.0015011822
3291_10,0.9984988
12323_9,0.99861145
7524_1,0.0017546144
443_8,0.99854493
7964_1,0.0015247865
730_1,0.0014103585
8969_7,0.9979493
8581_3,0.0053018946
12152_4,0.0017546144
4528_10,0.9984269
5984_2,0.0013670255
4446_10,0.99845123
7039_8,0.9984988
591_8,0.99845123
6869_7,0.97134733
1836_7,0.9986541
4183_10,0.9986749
8590_1,0.002434382
5647_10,0.993807
11076_10,0.99863297
11241_1,0.0015731123
876_10,0.9985221
8390_1,0.0014103585
1462_9,0.9984022
8362_7,0.002396731
3400_1,0.001867566
2318_8,0.99837697
5389_4,0.0032224844
8617_4,0.0014550629
9200_10,0.99832565
8878_10,0.9976769
12110_1,0.9981324
9101_10,0.99854493
4967_3,0.0030753699
12436_1,0.0013885231
8845_4,0.52171487
3420_4,0.99586606
7428_7,0.99760324
11769_10,0.99837697
7025_1,0.0034834242
1561_10,0.99832565
3704_1,0.0013045068
3529_8,0.99732697
12234_4,0.34582293
10600_3,0.0013885231
1028_4,0.0111580305
6764_10,0.9985221
1815_2,0.0016743994
10953_4,0.0014103585
2809_7,0.997917
8393_10,0.99824536
2743_1,0.98866826
10711_10,0.9985221
6173_10,0.9985896
9664_7,0.99824536
6335_3,0.0013045068
1665_4,0.001622967
4174_10,0.9986541
2038_1,0.006692851
3717_10,0.9968273
9361_10,0.99128854
415_1,0.0015247865
1460_9,0.9986541
5915_4,0.0030278352
7187_3,0.0015247865
11050_1,0.0013458604
8822_10,0.99856746
12407_1,0.0012843083
4543_2,0.0013458604
10560_9,0.99856746
9108_10,0.9985221
2999_9,0.9966756
1703_7,0.9980122
206_2,0.0014325365
2095_3,0.0014103585
6454_8,0.9985221
2773_1,0.001648483
6252_1,0.0015247865
2848_7,0.012821214
6887_10,0.9985896
8660_1,0.0018969199
1675_9,0.99837697
9842_1,0.0015731123
9118_10,0.9985896
5793_4,0.0031726828
941_10,0.99861145
8832_1,0.001810211
7584_3,0.0017546144
9746_10,0.9982993
1965_10,0.9974491
5346_10,0.99861145
9738_4,0.9879462
5905_9,0.9984988
336_1,0.0017007225
5621_1,0.0013885231
5976_10,0.9986541
3000_8,0.99629277
5172_7,0.9984988
311_3,0.0015978455
2035_4,0.0034296038
6084_10,0.99856746
7284_9,0.9966756
6449_8,0.99827254
8671_3,0.0015487612
636_9,0.96182173
11330_8,0.9984022
1300_1,0.039937317
11538_1,0.0015731123
5159_3,0.0024726235
3742_9,0.99847525
11281_9,0.9914225
4128_1,0.86293024
4382_7,0.9856076
862_3,0.001648483
5941_8,0.99804294
8576_3,0.76977324
10570_1,0.0014103585
10682_3,0.045692034
12497_10,0.997981
2026_7,0.9969722
9657_10,0.9985896
999_8,0.9975656
1664_2,0.22034244
1795_8,0.8349459
4280_4,0.9981614
952_10,0.99845123
4725_7,0.99861145
8162_2,0.0012255674
10062_9,0.9965166
4719_10,0.9986541
10388_4,0.007232764
6183_9,0.99854493
3703_8,0.99863297
11259_4,0.0016743994
8578_8,0.99861145
12040_9,0.9985896
6500_7,0.9982993
3473_10,0.9985221
11784_4,0.0019570168
613_10,0.99818975
4631_1,0.0022518474
2426_10,0.99453074
7088_7,0.9984269
5851_7,0.99711037
3904_2,0.0013045068
1329_7,0.94699025
2160_7,0.13477592
4796_10,0.997783
8760_1,0.0014325365
7859_8,0.99687636
4251_10,0.9981614
8143_4,0.0019877742
11713_9,0.9985896
5037_10,0.99861145
9621_7,0.99771273
2600_10,0.99824536
2027_1,0.0013045068
8225_1,0.0014325365
12463_10,0.0433658
7842_8,0.99509466
4768_2,0.97539
2644_1,0.0014325365
4193_7,0.9951703
5150_7,0.9977482
5942_7,0.9985896
8293_1,0.0015978455
6046_10,0.008315778
12148_9,0.99863297
966_10,0.94539934
6428_8,0.9984022
12465_2,0.001648483
342_10,0.001810211
9246_4,0.0013885231
8683_4,0.003707253
627_7,0.9974491
5614_4,0.0030753699
4546_3,0.0029349516
4384_1,0.001622967
3144_1,0.0029349516
9530_10,0.9984022
10558_4,0.0015487612
619_1,0.001264422
11594_9,0.99821776
6511_7,0.99832565
8351_7,0.9976769
9163_3,0.001477943
12078_1,0.0014550629
5489_8,0.997851
4191_1,0.0020507437
2373_10,0.0094125895
8664_4,0.01065251
4556_2,0.01048909
9004_8,0.9986541
1357_4,0.001477943
152_10,0.99854493
2977_1,0.0012448432
8812_1,0.001477943
8544_4,0.0013885231
4821_2,0.0017007225
7874_8,0.7592254
1689_1,0.0014550629
9654_1,0.0014325365
9363_2,0.0015731123
8959_1,0.0015487612
6113_1,0.9957353
10702_1,0.01566365
1839_4,0.0022170132
10587_1,0.0015247865
11715_3,0.997917
12252_8,0.9983516
9480_3,0.0013045068
6438_1,0.0031726828
3762_9,0.9976404
5350_10,0.9979493
3927_9,0.99788433
9598_2,0.004198795
3930_3,0.0012843083
6647_1,0.0015011822
9251_10,0.9986749
5926_2,0.005384938
11530_8,0.99486035
1625_3,0.011331754
10515_8,0.013532149
11185_10,0.9975656
8675_10,0.99863297
3701_1,0.0025114634
9222_10,0.99832565
6253_10,0.9976769
4657_7,0.99711037
10013_9,0.997851
4938_10,0.9985896
3073_10,0.9980122
9081_8,0.9985896
6928_8,0.9984988
217_3,0.0013250223
2927_3,0.001622967
2379_1,0.0025114634
10476_2,0.9888419
8640_10,0.9984988
2810_3,0.0017007225
6433_1,0.001867566
6390_10,0.98625773
11829_8,0.9969722
7581_10,0.9984988
11836_3,0.001622967
2794_1,0.0031236487
5263_1,0.0014550629
1041_10,0.9983516
7296_1,0.01107216
10557_8,0.99824536
5339_9,0.99837697
4766_8,0.99861145
8126_3,0.0017546144
9876_2,0.0014103585
2443_4,0.0013250223
10179_10,0.9983516
6211_3,0.001867566
925_10,0.99771273
5050_8,0.99856746
1891_10,0.99854493
4767_3,0.012821214
11625_10,0.99854493
3388_2,0.0015731123
4908_3,0.0024726235
11205_9,0.9964064
2228_10,0.9964619
11236_1,0.0018386653
2367_10,0.9985221
5060_3,0.0018386653
3292_1,0.0021489493
11282_2,0.0014325365
5307_10,0.99856746
6963_4,0.0024726235
1319_10,0.99854493
9660_1,0.001648483
7254_9,0.99861145
9441_10,0.99847525
3838_4,0.9730365
6209_8,0.9840936
3049_9,0.99854493
3033_4,0.99469805
784_4,0.0013045068
3921_3,0.0015247865
9196_8,0.997981
7652_3,0.9966234
11650_1,0.001477943
1548_10,0.9979493
10770_7,0.9952448
3283_9,0.9984988
1567_1,0.0014325365
10405_4,0.001477943
6980_1,0.0013250223
12218_4,0.0017007225
5250_10,0.9981614
11977_10,0.99861145
10602_2,0.0014550629
11178_10,0.99824536
9590_10,0.8727817
1260_10,0.99847525
8367_10,0.99845123
2571_7,0.82893884
7422_1,0.0015731123
5486_7,0.90665317
2282_8,0.99837697
6119_2,0.001810211
1433_8,0.9985896
12365_4,0.9969246
10535_3,0.0037654138
5464_1,0.0015487612
9983_7,0.99845123
10209_7,0.9971551
3777_1,0.98102194
12443_10,0.99856746
1488_4,0.006692851
8670_9,0.997065
1258_10,0.99845123
9_7,0.99845123
12175_9,0.9983516
211_10,0.99477994
6329_7,0.9984988
8866_10,0.99719906
5911_9,0.99854493
6100_1,0.001648483
6342_9,0.041462272
5455_4,0.7745834
1215_1,0.0017274586
11020_3,0.0013885231
7975_1,0.001477943
6720_2,0.001648483
8986_10,0.9984269
4874_9,0.99760324
7204_1,0.0014103585
2612_10,0.99390244
6923_9,0.9984988
5742_10,0.9983516
5044_3,0.5585678
5013_9,0.047425874
9752_8,0.99856746
1112_8,0.99854493
10925_8,0.9985221
7012_4,0.38572168
11484_10,0.997285
883_4,0.9918121
2398_10,0.99832565
8990_8,0.04054074
1194_10,0.9984269
2313_1,0.0016743994
9584_1,0.0013250223
11638_10,0.9980732
5995_3,0.0019877742
4456_10,0.99863297
321_1,0.7576151
7147_1,0.07921033
10212_4,0.002673006
7960_10,0.997917
8022_7,0.9981324
11649_9,0.9983516
8442_8,0.9981614
8976_1,0.0018386653
9199_10,0.9986541
8925_10,0.9981324
3079_2,0.0013670255
7727_10,0.99845123
2338_1,0.0014325365
3221_2,0.0013458604
288_7,0.008445628
7150_10,0.9985221
7520_1,0.0014103585
11477_10,0.99580115
7765_9,0.99861145
10062_4,0.0016743994
10616_10,0.01243165
10592_8,0.99687636
6745_4,0.0028009268
7912_2,0.0014103585
1130_8,0.997065
11096_4,0.61970145
10081_1,0.0015011822
3808_10,0.99856746
394_4,0.0031726828
7080_3,0.0019267346
4479_10,0.9952448
11417_7,0.99821776
8402_3,0.38942498
6669_9,0.9964064
1494_10,0.9980732
7980_3,0.0019877742
11366_10,0.9967775
7566_1,0.0017007225
3778_1,0.004070138
317_2,0.0013670255
8475_7,0.9971551
11012_2,0.0033766124
11936_4,0.002889581
145_9,0.99486035
11427_1,0.0014325365
2204_1,0.001477943
3373_8,0.99824536
4640_4,0.9492946
521_7,0.86339164
2871_2,0.009708476
9823_8,0.002631674
5893_1,0.0015487612
8541_2,0.0012448432
3403_3,0.0013458604
8660_9,0.99856746
7046_3,0.0015247865
338_1,0.0013670255
9541_1,0.001264422
12179_7,0.006903838
9663_3,0.011508149
6948_3,0.0020829707
10308_10,0.9986749
11027_10,0.9981324
6174_3,0.0013458604
10151_8,0.99827254
10665_1,0.0017546144
6453_2,0.0022170132
3619_2,0.0013458604
3114_1,0.0059110695
1309_2,0.0013885231
8468_1,0.001622967
8292_10,0.9983516
1955_1,0.0017274586
4498_9,0.99854493
8075_9,0.9985896
10528_8,0.9967269
253_10,0.9984988
9467_4,0.9959299
4018_10,0.99837697
2644_10,0.9982993
7240_7,0.9984022
10929_7,0.99804294
9743_10,0.9978173
4641_3,0.001622967
5711_10,0.99854493
4912_2,0.002019014
455_1,0.0021489493
2749_8,0.13614832
8780_8,0.21700546
2626_10,0.9985896
11745_2,0.0014550629
6952_8,0.9986541
4645_2,0.001264422
10372_10,0.9983516
4282_2,0.0018969199
2195_1,0.0014550629
11058_3,0.0017821962
9507_4,0.028436033
389_10,0.99605453
4388_10,0.9984269
9540_1,0.0014550629
6610_4,0.0015487612
8796_10,0.9984022
3746_1,0.001477943
11083_1,0.0014103585
9901_1,0.0014325365
4165_1,0.0014103585
8928_9,0.9985896
8173_10,0.99863297
5161_1,0.0013458604
11458_4,0.002019014
11206_9,0.99509466
3532_7,0.99804294
5088_1,0.0015247865
11699_8,0.9953181
10114_2,0.0014103585
8626_9,0.9974491
6702_2,0.0014550629
3504_1,0.0031236487
3353_4,0.0025114634
6960_10,0.9982993
5529_10,0.99856746
5510_9,0.9981324
1868_10,0.03541073
11166_10,0.06754669
8411_2,0.0013458604
9561_10,0.99821776
11290_2,0.002889581
1167_4,0.0015978455
9577_3,0.006903838
1496_10,0.9985221
3042_10,0.99845123
4021_4,0.0027149855
6643_10,0.997851
806_10,0.99863297
1520_2,0.0013885231
11133_10,0.99847525
2783_1,0.0015978455
9570_10,0.99760324
2349_3,0.0094125895
2242_9,0.88602656
6113_10,0.99854493
2153_1,0.0013250223
9167_3,0.001622967
156_3,0.99298817
10607_7,0.9984022
4270_4,0.0014325365
4713_1,0.0013250223
2895_7,0.997981
8240_1,0.0014325365
12241_2,0.0014550629
2919_10,0.9984988
11110_2,0.0025114634
4502_8,0.99771273
11957_1,0.0013458604
12338_2,0.0030278352
2474_1,0.0022170132
781_4,0.0022872274
7528_1,0.0015011822
3252_2,0.0013045068
6778_8,0.40615514
3149_10,0.99856746
436_4,0.0015731123
2586_1,0.0013885231
3610_8,0.99298817
4392_10,0.9984269
8914_1,0.0014103585
2197_1,0.0012843083
3323_10,0.9985221
975_4,0.0016743994
9407_3,0.0025114634
12005_7,0.9979493
1911_1,0.0013670255
3956_10,0.9984269
1441_8,0.9985896
10787_3,0.0015731123
4569_10,0.9984269
11685_10,0.99719906
7810_10,0.9984022
3951_3,0.0013670255
6050_10,0.02178117
2758_2,0.001477943
2664_10,0.9985896
1537_2,0.001477943
7988_1,0.0017274586
6090_10,0.99863297
11509_10,0.9977482
2227_3,0.0017007225
865_3,0.0022872274
7138_8,0.99847525
7924_8,0.997851
10104_1,0.0013045068
3917_2,0.0019877742
169_4,0.001867566
8630_7,0.9985896
7895_7,0.9962346
5485_10,0.99837697
8390_8,0.0027149855
11497_7,0.9984022
8964_3,0.12463858
4647_4,0.0025114634
12231_7,0.9984269
9634_4,0.002673006
8582_10,0.99847525
9237_4,0.8529355
2847_8,0.9975656
10940_1,0.001477943
2990_10,0.9983516
8377_8,0.9968273
1206_3,0.90958625
11719_9,0.9986541
7003_1,0.0016743994
8012_4,0.0028449094
2572_10,0.99657035
4126_8,0.99821776
9190_8,0.99732697
9625_8,0.99856746
4706_10,0.99635005
8697_2,0.001648483
435_7,0.99788433
81_3,0.31869715
6713_8,0.9804314
5840_10,0.99869555
5671_8,0.9975656
5064_3,0.0014550629
1149_3,0.001477943
12324_10,0.99861145
6705_1,0.0021827165
243_9,0.9985221
306_10,0.99736834
7134_3,0.0014325365
3227_10,0.99861145
1363_10,0.99845123
5134_9,0.018546565
5269_1,0.0028009268
10915_4,0.95257413
7591_2,0.0017274586
2326_2,0.0017007225
688_4,0.002631674
878_10,0.9984988
10245_9,0.9982993
7388_2,0.0016743994
4304_1,0.0014550629
6752_10,0.99821776
6881_8,0.99845123
10230_2,0.0017274586
6901_1,0.0017007225
441_10,0.99847525
4743_4,0.0014325365
6228_7,0.0025509126
2563_7,0.99635005
6237_1,0.0015731123
8619_3,0.0019267346
2749_4,0.9976769
12355_3,0.016529558
4915_2,0.001622967
12234_7,0.99701905
3756_4,0.0048297215
10051_8,0.99818975
5068_9,0.99854493
7767_10,0.99856746
12069_1,0.0015487612
10634_3,0.0013045068
2787_1,0.001622967
5281_1,0.0025909794
1496_1,0.001622967
8963_4,0.0013885231
983_7,0.99469805
8337_4,0.0015487612
783_1,0.0014550629
9939_8,0.99740905
6507_8,0.99854493
3488_4,0.0025909794
9304_9,0.99701905
8664_10,0.99827254
2722_10,0.99861145
7716_10,0.98571813
8512_4,0.9964064
6002_7,0.9985896
1213_3,0.99832565
6351_7,0.99837697
3049_4,0.0013045068
10897_4,0.0019267346
1936_4,0.0063883206
12368_9,0.9969246
10982_1,0.0015011822
4116_4,0.0013250223
8243_7,0.0021157034
11506_2,0.0014550629
291_3,0.0017821962
7745_1,0.001622967
12190_9,0.99824536
7068_10,0.9985221
9649_3,0.002434382
773_1,0.0022518474
1727_10,0.99847525
346_2,0.6905591
4629_9,0.997065
2509_1,0.0016743994
3664_3,0.9959299
1024_9,0.99863297
9514_1,0.0013670255
3483_3,0.0014103585
10053_4,0.99453074
255_10,0.9984988
1922_10,0.0226292
10416_4,0.0015731123
9154_9,0.99863297
12359_3,0.001477943
4850_4,0.0034834242
12398_10,0.99856746
8910_1,0.0015978455
3797_8,0.9939964
2428_9,0.24364243
7062_4,0.937669
7130_9,0.99687636
7343_1,0.0013045068
7735_8,0.99861145
4104_3,0.0017546144
11518_1,0.0013670255
10784_4,0.2587004
3687_1,0.0014103585
796_10,0.99847525
2613_1,0.0018969199
3962_9,0.99832565
4637_9,0.9981324
10076_3,0.0013250223
2643_9,0.9985896
3588_1,0.990732
6788_1,0.001477943
1445_4,0.993807
10630_7,0.0019267346
9173_10,0.9980732
3998_3,0.0016743994
11853_1,0.0018386653
2982_1,0.0015487612
2536_4,0.9832145
5912_10,0.99861145
3267_8,0.9977482
8966_4,0.0226292
7671_3,0.0013670255
1962_1,0.020023443
3574_1,0.0017821962
10580_1,0.0014103585
10103_9,0.9908744
2101_8,0.9959299
9804_10,0.9985896
12413_9,0.9969722
9696_2,0.001477943
8988_1,0.0016743994
882_9,0.9974885
8098_3,0.0017007225
6072_3,0.0036499873
9484_10,0.99818975
3448_10,0.99856746
12074_10,0.9978173
5880_1,0.0013885231
7658_1,0.0013670255
1286_8,0.99837697
7013_10,0.9985221
3590_1,0.0019570168
695_4,0.0014103585
8889_9,0.992062
735_1,0.0015487612
2041_7,0.005641909
12041_3,0.0045384313
4918_3,0.004264634
1428_3,0.0013250223
1846_4,0.001477943
11103_10,0.9968273
1026_10,0.997783
9731_3,0.0016743994
7481_1,0.0022872274
10191_10,0.9979493
8262_4,0.0014550629
903_10,0.99444515
4212_2,0.0030278352
11611_1,0.0020829707
7814_1,0.0013670255
5116_10,0.9982993
150_4,0.002396731
3618_2,0.0014103585
10870_1,0.0025909794
8523_1,0.0013250223
2193_10,0.9984988
10237_10,0.9985221
2139_10,0.99861145
7691_7,0.9983516
9374_1,0.0021827165
11426_7,0.99861145
12319_1,0.001622967
6817_2,0.0019267346
745_1,0.0012843083
6632_1,0.0014550629
7149_8,0.997783
9558_3,0.002019014
10509_1,0.001622967
1528_2,0.0043994132
3422_10,0.99863297
6112_8,0.9890131
3606_4,0.9968273
8768_7,0.99566853
2871_8,0.8906752
12404_10,0.99824536
6936_3,0.99469805
855_4,0.0018386653
5703_3,0.0014325365
9446_1,0.001477943
1407_7,0.004681822
8422_10,0.99856746
40_4,0.0024726235
344_4,0.0020507437
11019_10,0.99861145
869_1,0.0016743994
2245_10,0.997917
10002_8,0.99854493
5110_10,0.99824536
3201_9,0.9984988
10621_10,0.99736834
1213_7,0.008445628
2147_10,0.0033244372
828_7,0.998103
7600_8,0.99827254
4472_4,0.0015731123
2759_2,0.001477943
10890_1,0.0017821962
1637_10,0.99477994
1667_10,0.9263037
10433_8,0.9986749
11350_4,0.001867566
9437_3,0.0040072887
3748_3,0.0017007225
8062_10,0.99854493
11981_10,0.99736834
4214_7,0.9978173
6496_8,0.997981
4489_4,0.001648483
5965_7,0.99771273
2785_8,0.9984269
6838_9,0.99856746
4678_9,0.9980122
8564_10,0.9980122
4375_9,0.998103
4654_10,0.99788433
2077_10,0.9984988
12491_4,0.0023596606
11483_10,0.99856746
11130_8,0.9976404
2177_2,0.35796016
1376_8,0.007815888
3557_2,0.0013458604
8039_3,0.008847355
6951_1,0.002673006
3440_2,0.0015011822
10192_1,0.0022872274
5874_10,0.9983516
4258_10,0.99856746
8838_4,0.0024726235
1090_8,0.9978173
10570_10,0.9984022
3421_7,0.99771273
1626_7,0.99847525
9887_2,0.057493284
4079_4,0.0017007225
8826_8,0.0015011822
8805_2,0.0012843083
9121_3,0.9979493
10916_3,0.0433658
9717_3,0.0013458604
8662_4,0.006692851
7393_3,0.11047115
12304_10,0.9979493
7063_3,0.7181993
7955_10,0.99740905
2266_9,0.9976769
3490_7,0.99719906
11145_3,0.0014550629
1668_2,0.0012448432
1011_8,0.99832565
8300_7,0.9425068
9995_8,0.997285
1326_8,0.9923044
5232_2,0.0014550629
363_10,0.99854493
11772_2,0.002434382
8771_3,0.0015011822
927_3,0.9916842
2569_2,0.002673006
5558_10,0.997851
12375_10,0.99847525
2338_10,0.99863297
5773_10,0.9984988
4664_7,0.9985896
12295_7,0.9974885
4123_8,0.9985896
1553_10,0.99845123
3770_10,0.9932025
12011_2,0.0015978455
8033_1,0.0014103585
1395_7,0.040237945
8614_7,0.9953181
3784_8,0.99453074
8769_8,0.9979493
888_8,0.997917
7799_2,0.0015487612
6031_3,0.0017007225
11584_2,0.002019014
4570_7,0.997851
6990_8,0.9984022
7290_1,0.0013885231
1186_1,0.001477943
1329_4,0.0015011822
6793_10,0.9980732
8562_10,0.99818975
8841_4,0.11240509
9234_1,0.9795114
2992_3,0.001477943
3761_4,0.0017007225
1144_1,0.0014103585
11737_10,0.9971551
6628_10,0.99847525
7619_4,0.020332353
5074_3,0.0030278352
2056_1,0.0016743994
812_7,0.0045384313
615_3,0.0016743994
1473_3,0.0014550629
11642_1,0.0013885231
2957_8,0.99629277
3223_7,0.0018386653
4491_10,0.99863297
11617_8,0.994615
2209_8,0.9975656
10250_4,0.0013045068
8707_3,0.0016743994
3581_2,0.0015487612
3089_2,0.0017274586
9367_4,0.0015978455
8890_3,0.0013885231
4657_3,0.0014550629
8474_1,0.0021489493
1542_3,0.0015011822
9024_8,0.997981
3176_1,0.002019014
11219_8,0.99861145
1086_2,0.0015011822
11230_4,0.0021157034
2543_3,0.98657167
3391_4,0.9984269
5876_10,0.99824536
6712_2,0.0023231625
12468_1,0.0013458604
1801_10,0.99854493
6727_10,0.997851
3072_3,0.0013458604
6079_7,0.9977482
1409_10,0.99788433
7709_2,0.0014550629
11484_2,0.0023596606
10843_2,0.0014325365
3964_7,0.99361163
5691_7,0.99837697
5837_1,0.001648483
963_8,0.997917
3530_8,0.9932025
6558_8,0.99788433
3084_4,0.0018969199
3025_8,0.9951703
9396_8,0.045015533
7530_1,0.0014103585
6301_4,0.0014103585
2934_10,0.99832565
8286_9,0.99740905
12122_10,0.99832565
2799_8,0.99845123
3516_7,0.997851
5715_10,0.9884919
6525_3,0.001648483
12308_10,0.9961755
1305_9,0.99827254
8190_2,0.0015487612
8170_1,0.005060332
2355_7,0.99736834
9714_3,0.0014325365
9667_8,0.9982993
4861_1,0.0015731123
10028_10,0.99847525
3256_2,0.37384725
5974_2,0.0014325365
9185_10,0.99854493
2507_10,0.9984022
8910_10,0.9985896
6791_1,0.0014550629
1692_10,0.9860443
5520_10,0.9961755
10119_10,0.99845123
1226_1,0.0013885231
5998_7,0.9967775
4421_1,0.0017007225
7660_8,0.9978173
5532_4,0.4829168
2869_3,0.97887486
3795_2,0.0013885231
3602_10,0.997981
1453_10,0.99856746
1298_8,0.99837697
6331_1,0.0013250223
7694_3,0.0014550629
11568_10,0.99580115
6426_7,0.997917
609_7,0.99580115
3352_4,0.0015731123
12451_3,0.0019267346
3228_7,0.9983516
945_7,0.9942697
8283_10,0.99856746
10780_7,0.98527133
2944_1,0.0013885231
5697_7,0.9981324
9066_3,0.020023443
6254_7,0.9980732
384_4,0.002631674
1961_9,0.9985896
10085_2,0.0028449094
1726_10,0.9957353
7937_1,0.001648483
2561_10,0.9984269
9899_9,0.9984988
8694_2,0.0018386653
4217_8,0.9984988
2425_3,0.0016743994
5809_1,0.001622967
3122_7,0.99740905
1522_10,0.99821776
5582_10,0.99856746
12357_2,0.0017274586
3166_10,0.9953181
3176_9,0.9983516
9320_9,0.9984269
8187_1,0.0013250223
5573_1,0.0013458604
9078_2,0.0013458604
6706_4,0.2881683
8882_8,0.68825895
2489_3,0.03410043
2768_10,0.9984269
2384_3,0.9863631
12494_8,0.9985221
10375_3,0.0014325365
403_7,0.99724233
6334_3,0.001648483
9136_1,0.0015978455
10698_1,0.0014550629
2203_4,0.002396731
2122_1,0.0013458604
2904_4,0.0015978455
12367_9,0.9884919
9638_8,0.99856746
2005_1,0.0014103585
4963_8,0.9975656
7575_1,0.0034834242
9989_1,0.001622967
8776_4,0.039937317
10188_10,0.99701905
8238_1,0.0014550629
9244_4,0.99845123
11142_2,0.0014550629
4365_7,0.9967775
5877_4,0.0025909794
12135_8,0.9979493
3526_3,0.006692851
5209_4,0.0013045068
5991_2,0.0015011822
10888_1,0.0015487612
1303_3,0.0016743994
5764_4,0.007121429
2933_10,0.9983516
7297_1,0.0012843083
11156_10,0.9981324
1353_1,0.0020829707
10017_1,0.0064882697
4203_3,0.98646784
4546_9,0.9984022
6039_1,0.0015731123
5804_3,0.002631674
9085_4,0.020804489
10774_10,0.99856746
2178_7,0.9964619
2958_2,0.0016743994
11469_8,0.997917
5378_2,0.014728613
4583_8,0.0040072887
9539_10,0.99821776
5090_8,0.99740905
12036_4,0.0015011822
1766_9,0.99760324
11536_7,0.997981
4792_9,0.9969722
7615_1,0.0013458604
9624_1,0.0015487612
5230_9,0.99854493
939_4,0.9982993
2353_7,0.99824536
8760_9,0.99832565
3231_9,0.9984988
8183_7,0.9981614
2156_10,0.99736834
245_2,0.001648483
12048_1,0.0015487612
6572_9,0.9969722
10848_9,0.99847525
9576_10,0.99804294
3174_1,0.0014550629
9824_8,0.0020507437
8199_1,0.0013250223
10911_3,0.0015247865
2452_1,0.0022872274
7574_3,0.001648483
8363_7,0.98242307
3672_9,0.997783
11693_10,0.9984988
9731_10,0.9975656
280_1,0.0014550629
10065_8,0.99837697
10284_9,0.9966756
7990_1,0.002673006
12256_4,0.13568954
7558_1,0.0019267346
9636_2,0.0019877742
8632_2,0.002889581
6157_3,0.003538086
9429_7,0.9961755
1447_1,0.0032224844
10948_8,0.99719906
12300_4,0.001477943
10208_1,0.0017007225
5889_3,0.9943581
2376_9,0.99736834
3354_2,0.001648483
9530_1,0.9923044
2469_10,0.9985896
2229_10,0.007937994
12326_10,0.99827254
8097_2,0.0017821962
6502_3,0.0022872274
8877_8,0.99861145
5408_7,0.0019267346
3589_4,0.0018969199
5934_3,0.0014550629
3653_10,0.99856746
6900_1,0.0015731123
3395_9,0.99856746
10302_7,0.9967269
10527_3,0.0015487612
10080_10,0.9985896
5818_10,0.9985221
3178_10,0.9984022
10636_8,0.9985221
9586_2,0.9974885
8548_2,0.0015247865
2851_1,0.0015247865
6874_7,0.997981
5850_8,0.9985896
2392_10,0.99847525
7434_2,0.0024726235
11879_10,0.9982993
1190_10,0.9982993
8411_10,0.997851
4833_9,0.06418265
5853_1,0.0015247865
5485_4,0.0014325365
111_3,0.0015978455
6376_10,0.9985896
5425_1,0.0017007225
3189_2,0.0014550629
5053_8,0.9980732
1171_1,0.006692851
2206_4,0.0023596606
11912_4,0.0014103585
9874_7,0.99760324
3439_9,0.99732697
4221_8,0.9982993
6830_3,0.0012843083
960_8,0.9978173
11862_1,0.0019570168
8231_7,0.99128854
11765_1,0.0019877742
9849_1,0.0016743994
7518_4,0.99014014
3014_1,0.0021827165
2534_10,0.9986541
5197_10,0.99871576
6775_2,0.0015247865
4649_1,0.0019570168
10748_3,0.0020507437
6943_4,0.0018386653
9692_1,0.001264422
11972_7,0.58130306
7251_9,0.9984988
459_4,0.078642376
1101_8,0.9950177
358_4,0.01048909
7543_1,0.0051396107
3980_3,0.0019267346
1276_3,0.0015247865
12111_8,0.9965166
11876_4,0.0017274586
5473_8,0.997981
1296_1,0.0014103585
7224_9,0.9978173
8035_10,0.9986749
10436_1,0.0013670255
8475_1,0.98173577
4293_2,0.0017821962
9867_2,0.0013670255
4101_1,0.0013670255
6220_1,0.0013885231
6246_4,0.0023231625
2907_8,0.8071568
4532_2,0.0013250223
10753_8,0.99788433
328_10,0.99847525
1941_1,0.001810211
7586_9,0.02479816
11294_1,0.0015247865
7534_9,0.99854493
2675_3,0.004905406
3837_10,0.99837697
5349_9,0.99847525
641_1,0.0013670255
9273_8,0.99788433
8120_4,0.002434382
10610_1,0.0015011822
1829_1,0.001477943
6406_10,0.99845123
4029_10,0.99845123
10845_10,0.99635005
2573_4,0.9943581
2033_3,0.009125638
9633_4,0.9965166
6243_1,0.001648483
7596_10,0.99837697
4208_8,0.9161096
6984_8,0.9942697
3656_1,0.0013885231
2434_1,0.0019570168
10340_7,0.051082738
6130_9,0.9969722
8093_7,0.0017007225
7962_1,0.0023231625
12178_7,0.0017274586
10931_2,0.0015487612
6857_10,0.9984269
11091_8,0.997917
4167_2,0.0013670255
679_4,0.16995624
10147_1,0.0015487612
6875_1,0.0013458604
923_10,0.99847525
6200_8,0.98201376
7208_8,0.9983516
5363_8,0.9985896
4067_8,0.9969246
1773_7,0.9981324
1498_10,0.9939964
10497_10,0.9805807
3444_10,0.9982993
588_2,0.0014103585
9678_9,0.9985221
1983_9,0.9969246
5012_3,0.001810211
12240_2,0.001477943
5071_2,0.0016743994
5078_2,0.0016743994
10069_3,0.0017007225
7407_8,0.9986541
7207_1,0.0013045068
2155_10,0.9985221
59_10,0.9985221
2531_1,0.0015731123
7772_8,0.99861145
11465_10,0.9981324
