id,sentiment
12311_10,0.9987356
8348_2,0.001477943
5828_4,0.02017732
7186_2,0.0013458604
12128_7,0.9984988
2913_8,0.9987551
4396_1,0.0019267346
395_2,0.0045384313
10616_1,0.0013458604
9074_9,0.99847525
9252_3,0.012821214
9896_9,0.9987356
574_4,0.0025909794
11182_8,0.9987551
11656_4,0.004070138
2322_4,0.9759464
8703_1,0.0013458604
7483_1,0.0065897712
6007_10,0.9974885
12424_4,0.0017274586
4672_1,0.002396731
10841_3,0.0015487612
8954_7,0.049589027
7392_1,0.0010987311
10288_8,0.9987356
5343_4,0.0010005045
4950_1,0.0012843083
9257_4,0.003538086
8689_3,0.0034834242
4480_2,0.001867566
9286_10,0.9983516
12245_10,0.99884856
7529_7,0.9986749
4_4,0.0019877742
5299_2,0.0027576222
12077_8,0.9985896
10701_2,0.001264422
11579_1,0.0013670255
10993_1,0.0011695102
8913_1,0.002396731
1350_3,0.0020507437
3804_2,0.0013670255
5025_3,0.027376488
5170_8,0.99804294
8225_8,0.99856746
6427_7,0.9987551
3165_3,0.0019570168
7902_9,0.99884856
8208_3,0.0037654138
3577_8,0.99804294
4865_1,0.0012065897
9063_3,0.0013458604
1106_1,0.0035936027
1117_9,0.9988305
1050_4,0.031858858
10755_9,0.98201376
2729_8,0.99580115
10072_10,0.9984988
2904_7,0.99818975
4584_2,0.027376488
189_4,0.010013569
6302_4,0.0024726235
8138_9,0.9965166
1262_1,0.0018969199
2199_10,0.99871576
6551_7,0.17497346
8082_7,0.99854493
4897_8,0.9988121
7360_1,0.0029349516
11012_10,0.9965166
12046_1,0.0025909794
2331_2,0.0033244372
8961_9,0.99871576
751_7,0.039937317
9884_10,0.99856746
10016_8,0.9987356
8023_10,0.99879336
2628_1,0.0025509126
5832_1,0.011869121
7302_1,0.0012255674
4501_3,0.0075772414
1121_7,0.9977482
8334_3,0.003707253
9789_10,0.9832145
4230_10,0.99856746
824_4,0.98934746
6803_9,0.9968273
3086_7,0.9986749
1135_8,0.9987551
10136_1,0.0014103585
11129_3,0.0013458604
2072_8,0.0054692742
9501_7,0.9987551
319_10,0.9985896
1693_7,0.9988121
10886_1,0.0011695102
9406_8,0.9987356
10376_10,0.9981324
9902_1,0.0018969199
9938_8,0.014957086
7080_9,0.99847525
11944_8,0.0269635
5249_1,0.001477943
9599_2,0.005554925
9620_1,0.001810211
11244_1,0.001264422
6841_10,0.99877447
10050_4,0.98625773
10512_9,0.9985896
11327_3,0.0014103585
10681_8,0.9980732
808_3,0.0017007225
546_7,0.99884856
10765_1,0.0015011822
7189_9,0.99856746
6005_9,0.9988305
11915_9,0.9987356
5740_10,0.9987356
7097_10,0.99701905
9573_10,0.9988121
5084_4,0.0015731123
12332_7,0.993807
8154_1,0.0045384313
5610_1,0.0012843083
5323_9,0.99824536
11034_8,0.015906392
3977_2,0.009859855
12380_7,0.98527133
1737_8,0.9965166
6030_9,0.9984269
5918_7,0.99856746
7061_9,0.99879336
266_8,0.9986749
1375_10,0.99863297
8648_3,0.0029349516
10146_10,0.99877447
4578_10,0.99832565
4685_8,0.997917
11843_9,0.99871576
5467_10,0.9984988
10140_10,0.99884856
7721_8,0.9982993
11208_10,0.0022518474
1063_10,0.99877447
8260_10,0.99821776
3182_9,0.9985896
2797_8,0.9986749
7613_2,0.0021827165
11624_4,0.0019877742
4847_10,0.9988121
10684_7,0.9986749
6312_1,0.001867566
4925_3,0.0014550629
4125_1,0.0013045068
2394_10,0.9987356
12105_10,0.99871576
7812_1,0.0011160143
1061_8,0.99869555
9343_3,0.0037654138
7696_10,0.9987356
9355_10,0.9988305
782_9,0.9986541
9882_10,0.9987551
10642_10,0.9986541
7410_2,0.0013458604
9591_4,0.0011879054
11902_3,0.0029349516
3495_7,0.96295285
6733_1,0.0011160143
4552_1,0.0015978455
6722_1,0.004905406
188_10,0.99879336
5099_10,0.019568678
10313_1,0.002434382
6756_9,0.9981324
6622_2,0.0020829707
4807_10,0.9988305
7173_3,0.0016743994
11321_8,0.99869555
7909_9,0.99837697
8012_7,0.0024726235
8615_4,0.0014325365
8117_10,0.99877447
1892_10,0.99863297
4617_1,0.0015011822
1893_8,0.9982993
5435_1,0.0016743994
162_3,0.0013885231
6516_10,0.9987356
11588_7,0.9985896
2006_1,0.0013045068
1594_4,0.005384938
1472_1,0.0013670255
3647_1,0.011869121
174_7,0.99740905
5539_7,0.05379964
3384_10,0.9987356
3811_4,0.08819005
4079_8,0.9987551
1179_7,0.997981
3069_9,0.99869555
3769_8,0.99832565
9247_10,0.9988121
10434_1,0.0012255674
1147_10,0.99863297
5344_7,0.99856746
8073_10,0.9988121
7833_3,0.0011695102
8370_1,0.0011160143
9007_8,0.011687259
6624_7,0.0021157034
6683_3,0.0011879054
12275_7,0.9987551
11927_8,0.9987356
1560_10,0.9987356
1325_9,0.8283842
3548_8,0.8568123
607_1,0.0014325365
6702_7,0.96741027
5702_3,0.0023596606
11345_8,0.9986749
3428_4,0.003707253
7209_9,0.9987356
8425_8,0.99869555
3087_1,0.0013458604
1119_8,0.997285
5715_3,0.0014325365
8645_1,0.0010649626
2149_3,0.0009850082
10403_10,0.9986749
5628_1,0.0015978455
5570_10,0.9988121
1613_3,0.0013250223
1454_4,0.0025114634
5094_3,0.0020507437
7982_1,0.0027149855
6894_2,0.0023596606
6554_1,0.0017546144
4721_3,0.0017821962
6904_4,0.0063883206
893_8,0.99879336
4605_4,0.032589745
11516_7,0.92523
11718_7,0.9988305
5956_1,0.0014325365
7455_9,0.9918121
6396_4,0.9985896
1223_8,0.99837697
8556_1,0.0018969199
6108_8,0.9688562
11690_1,0.0014103585
3778_9,0.9986749
3627_4,0.0034834242
8256_4,0.9559813
533_1,0.0011695102
5235_4,0.0011695102
621_2,0.0019570168
5365_1,0.0016743994
8180_3,0.0015978455
7396_7,0.9849274
9776_10,0.9988305
8175_10,0.99877447
3128_1,0.0011513996
4606_1,0.0015487612
6158_2,0.0013670255
3281_10,0.62337685
4723_4,0.010408315
11994_3,0.005384938
7701_1,0.0011160143
103_3,0.0030753699
8908_10,0.9984022
8876_1,0.0011160143
7519_9,0.9981324
12456_8,0.99861145
9514_8,0.9987551
8680_8,0.9976404
12402_10,0.9988305
362_2,0.0033244372
9825_7,0.99879336
2913_3,0.0059110695
7164_8,0.9986749
11177_7,0.9984988
5707_10,0.99871576
8103_10,0.9986541
6289_1,0.0010817152
11754_1,0.0043994132
11640_10,0.9987551
9933_7,0.97788346
185_10,0.99871576
242_10,0.9987551
9369_8,0.9987356
7453_10,0.9984988
7514_7,0.99821776
10860_2,0.0017821962
8663_8,0.012821214
9108_1,0.0012065897
7941_1,0.0015731123
10116_1,0.0010484692
9841_4,0.97112906
4512_9,0.99879336
4853_2,0.065604836
2664_4,0.002396731
9966_10,0.99886644
5167_2,0.0011695102
3894_2,0.0018969199
3929_8,0.9986749
7165_10,0.99877447
5451_8,0.9984988
2947_4,0.0017821962
4611_10,0.99847525
5807_1,0.0013458604
9464_8,0.9986749
3124_10,0.99871576
2705_4,0.0059110695
12187_8,0.99854493
12319_10,0.99879336
9874_3,0.07211221
3406_4,0.997851
2327_10,0.9987356
605_10,0.9986749
8080_4,0.12085323
3074_10,0.9986749
2499_3,0.0019267346
1013_1,0.0017821962
11535_1,0.0012843083
4118_7,0.99453074
10492_8,0.99877447
2129_4,0.0015978455
9814_10,0.9988121
10671_9,0.9981324
5980_10,0.99856746
2755_2,0.001810211
5461_2,0.036769465
11979_1,0.0017007225
8810_1,0.0012448432
852_7,0.9980122
10961_4,0.005641909
7436_4,0.001810211
11281_3,0.0031236487
4208_3,0.0013458604
8213_10,0.99845123
9851_2,0.020488555
4713_7,0.9988305
9528_1,0.99877447
3595_10,0.99861145
5785_3,0.0017007225
10370_3,0.001648483
1980_3,0.992062
8800_4,0.9981614
4437_3,0.0015487612
28_3,0.0011160143
12171_1,0.20181322
9359_3,0.0014325365
3831_9,0.99884856
10962_7,0.997783
1500_9,0.8370879
11470_10,0.9983516
11843_3,0.0030278352
11200_4,0.004070138
1067_1,0.0013885231
3333_1,0.013325147
4487_4,0.0037654138
6428_1,0.0011695102
575_7,0.9883128
10904_9,0.9928786
11821_2,0.0065897712
11605_1,0.0015011822
1111_7,0.9971551
10295_1,0.0011513996
1146_4,0.0011879054
2405_9,0.9923044
11081_10,0.9953904
2201_10,0.9988305
4844_1,0.0011695102
11007_8,0.99879336
6535_7,0.99863297
2653_4,0.001648483
8245_10,0.9986749
9951_8,0.99877447
6133_8,0.99566853
10006_2,0.0012255674
7350_1,0.001867566
4509_9,0.99879336
948_1,0.0015247865
3987_1,0.0013250223
2947_10,0.9986749
6041_3,0.16079244
2946_1,0.0017274586
11967_4,0.0015011822
1185_10,0.9987356
10323_2,0.8322367
11706_2,0.001032231
3663_1,0.0014550629
5602_10,0.99879336
4870_10,0.9986749
1994_1,0.001622967
10807_7,0.99740905
6871_3,0.592195
1175_2,0.0019570168
10919_7,0.99877447
8127_10,0.99879336
12497_4,0.9688562
3274_1,0.997065
2568_3,0.0015011822
840_2,0.0013885231
5626_10,0.9986749
7561_10,0.9986541
4600_3,0.0013045068
3324_9,0.99253935
8899_7,0.9986541
5592_8,0.05834584
12483_4,0.0016743994
7874_1,0.0014103585
5878_10,0.99837697
4303_9,0.99854493
9421_1,0.0013670255
10269_4,0.0013458604
10615_2,0.0067975316
2634_10,0.99877447
7522_1,0.001016244
9289_10,0.99837697
4636_10,0.9984988
1241_7,0.0038844768
9458_9,0.9976404
11690_10,0.9987356
7176_4,0.9092645
6212_10,0.99824536
6319_1,0.0014550629
5229_3,0.001622967
466_9,0.99877447
8693_2,0.0012448432
2952_10,0.9988305
1128_1,0.0013458604
3975_10,0.99856746
11365_10,0.9983516
2074_9,0.9987356
9768_10,0.9985896
4895_1,0.0012065897
5726_10,0.99856746
9993_10,0.99861145
11319_2,0.0048297215
10561_2,0.9759464
5455_8,0.3094409
10684_3,0.0014103585
3652_3,0.0016743994
7825_1,0.0019267346
8806_1,0.0012065897
275_10,0.9908744
2246_1,0.0010817152
11968_2,0.0038844768
2528_1,0.0044683837
8491_8,0.9979493
13_1,0.95362175
4530_8,0.99869555
5207_3,0.0022518474
11648_10,0.9850429
8260_1,0.0015247865
10730_10,0.9987356
10402_3,0.0020829707
8077_1,0.0013458604
8598_8,0.950411
2809_3,0.0022518474
12490_10,0.9985896
1447_9,0.99879336
1605_3,0.001622967
2311_4,0.0014550629
3235_9,0.99871576
5725_10,0.99861145
9025_10,0.99863297
6049_9,0.99804294
4803_10,0.99877447
191_9,0.99877447
420_3,0.0029349516
5238_2,0.0014325365
1280_9,0.99854493
9408_4,0.0020829707
819_1,0.0012843083
1656_4,0.003538086
9964_3,0.091382116
10404_4,0.002019014
12369_10,0.99824536
6423_1,0.0015247865
9942_8,0.9953904
1519_1,0.0021827165
100_10,0.99879336
3216_10,0.9987356
3909_10,0.99869555
5034_7,0.99869555
14_8,0.99879336
5891_3,0.0011513996
8496_10,0.9984988
7429_1,0.0015978455
9457_1,0.0012065897
9602_8,0.99847525
4198_1,0.0016743994
154_2,0.0013885231
5070_2,0.0014103585
4207_8,0.94699025
7758_8,0.99877447
4439_9,0.9986749
12042_1,0.001133569
7244_1,0.0015978455
6854_1,0.0017007225
11932_10,0.9984269
4151_10,0.9984022
7265_1,0.0013250223
10272_7,0.99861145
4256_4,0.0013885231
1225_7,0.99854493
956_10,0.99877447
6389_2,0.001032231
1365_4,0.0031726828
4752_7,0.9971551
276_10,0.99863297
8766_9,0.99847525
11225_10,0.9988121
6920_1,0.001133569
11536_1,0.0013045068
1923_9,0.9985896
11460_10,0.998103
10054_7,0.99827254
10845_1,0.0013885231
10231_4,0.99101454
9430_8,0.9987356
3226_2,0.0015011822
4298_3,0.0013458604
10635_4,0.0017821962
10567_4,0.0015487612
5460_10,0.9988121
7310_7,0.99486035
10330_2,0.0014550629
5151_9,0.0029349516
11_3,0.0017274586
1448_8,0.12765263
10130_8,0.99863297
2199_3,0.0015011822
1761_10,0.99871576
2782_1,0.0010005045
7618_10,0.99877447
85_10,0.9987551
5730_3,0.0023231625
3641_1,0.0017007225
8190_9,0.9987551
9533_10,0.99879336
9508_1,0.0010817152
237_8,0.99837697
3981_7,0.9986749
7194_9,0.9984988
10584_8,0.032100707
248_2,0.0010817152
8358_4,0.0014550629
1218_1,0.0014103585
4191_10,0.01384861
3090_8,0.98159516
11923_2,0.0020829707
1640_8,0.99832565
9972_3,0.0013250223
11818_4,0.99351174
4350_10,0.99586606
877_10,0.96765566
10017_8,0.9985896
7975_10,0.99877447
8436_1,0.9309621
6024_7,0.9600627
3112_1,0.0014550629
951_10,0.99871576
1622_1,0.001133569
191_3,0.0063883206
5669_1,0.0015487612
1891_4,0.0025509126
12173_9,0.9930962
7887_7,0.36704338
3256_10,0.99871576
5419_1,0.0018969199
7635_1,0.001133569
8297_2,0.0031236487
7137_8,0.99586606
7562_3,0.030675802
9944_1,0.0012448432
4288_1,0.0011879054
8087_1,0.99856746
4771_10,0.9984269
10482_10,0.997851
5324_10,0.99877447
3080_1,0.001477943
10923_7,0.9975274
1753_7,0.99877447
317_10,0.9988305
12474_8,0.99341017
773_8,0.99886644
388_1,0.0020507437
12141_2,0.0030753699
5667_1,0.9978173
1071_9,0.99879336
2897_10,0.9986541
9481_4,0.97262347
12025_1,0.0015731123
8879_7,0.9984022
5683_1,0.0012843083
7026_1,0.0013458604
2439_1,0.0030753699
3631_7,0.013020489
1650_9,0.9969246
5378_7,0.99879336
9745_1,0.0013670255
11563_8,0.99861145
299_8,0.99877447
9471_2,0.001810211
1866_1,0.0013458604
2639_4,0.0017007225
5122_1,0.010328153
12341_7,0.9353465
2936_8,0.9986749
8647_10,0.99871576
4255_9,0.99879336
7262_8,0.0153063545
8413_10,0.9961755
10080_1,0.0012843083
3973_1,0.98201376
8752_9,0.99877447
4018_2,0.0015011822
7669_1,0.0022872274
10421_4,0.0027149855
7854_8,0.99879336
162_8,0.0024726235
11614_9,0.99719906
11343_8,0.66104823
1708_7,0.9635062
7115_4,0.0018386653
10498_10,0.99837697
2944_8,0.9988121
10474_3,0.051462766
1263_1,0.0019570168
1693_4,0.0027149855
9600_9,0.0075772414
11173_2,0.0019877742
3961_2,0.0017274586
8011_1,0.0022872274
7386_8,0.997917
8787_8,0.9987356
12349_9,0.99861145
1776_4,0.0013250223
5885_4,0.9985896
220_4,0.0023231625
5547_8,0.99861145
2853_1,0.0013250223
2157_2,0.007121429
11667_2,0.0014325365
194_7,0.99877447
1633_1,0.0017274586
6897_2,0.0022518474
11568_2,0.037892424
9219_1,0.0038244836
477_8,0.9988121
8980_3,0.018689308
4612_10,0.9988121
8030_10,0.9988121
1846_8,0.99877447
2786_8,0.9988121
2634_1,0.0014550629
3110_8,0.99863297
11587_8,0.7409249
11262_8,0.9987356
5680_7,0.9986541
4583_4,0.0039454065
1451_1,0.002019014
4244_4,0.99804294
6176_4,0.001477943
8851_10,0.9988121
908_9,0.9987356
7494_9,0.98934746
8061_3,0.0017546144
789_1,0.0013458604
2374_7,0.99804294
11225_3,0.001810211
4467_4,0.0014550629
8516_10,0.994615
4121_10,0.99869555
10267_7,0.96741027
6040_8,0.9986749
8338_7,0.99884856
2903_7,0.99884856
6662_9,0.9988121
5333_10,0.9988121
7470_4,0.0011879054
8813_1,0.0017546144
4514_3,0.011869121
9584_7,0.23899394
11706_8,0.99879336
11538_8,0.9334308
4210_1,0.0011160143
8984_1,0.00096975197
3431_4,0.0018386653
4973_10,0.9988121
12260_1,0.0015978455
4267_10,0.99553156
9906_9,0.99877447
670_7,0.96538115
6270_3,0.0013670255
5164_4,0.0011513996
9741_2,0.0032224844
3761_8,0.9985896
2651_2,0.004681822
7448_10,0.99856746
7184_9,0.9987356
1313_9,0.99854493
10654_8,0.9988121
7151_1,0.001477943
2320_10,0.99827254
12033_7,0.9933072
6429_1,0.001032231
1420_4,0.9985221
3002_7,0.9962346
1299_1,0.001810211
7897_9,0.9983516
1529_4,0.0017274586
9760_2,0.0011879054
11318_1,0.0011513996
2217_3,0.008445628
11641_2,0.0012448432
7238_10,0.99884856
7710_8,0.9987551
12011_8,0.99837697
4495_7,0.82615143
11144_4,0.0031236487
5625_2,0.0013670255
2926_7,0.98582757
8538_8,0.9943581
8875_10,0.99879336
10881_10,0.99771273
1662_7,0.9987551
4560_9,0.9914225
6714_4,0.001032231
9059_10,0.99877447
6631_10,0.99877447
8520_1,0.0011695102
918_4,0.99736834
3102_10,0.7570767
3611_2,0.001810211
8434_10,0.99886644
681_7,0.9987551
7386_4,0.001133569
7566_9,0.99847525
10110_10,0.99877447
10486_10,0.35936415
1492_3,0.0014325365
11823_1,0.0012448432
2331_9,0.9987551
2200_2,0.001867566
9547_1,0.02517884
785_2,0.0012448432
5101_4,0.049958523
5657_10,0.99837697
6902_7,0.99845123
1490_9,0.99861145
7148_9,0.9988305
7387_8,0.99242276
8277_9,0.99869555
6912_7,0.9987551
170_2,0.0030753699
7702_10,0.99877447
4393_3,0.0014325365
2608_3,0.03704717
4931_8,0.997981
10589_10,0.99827254
8623_4,0.0020507437
6057_2,0.0011695102
2704_9,0.9988305
1790_2,0.0034834242
12370_1,0.0012065897
159_1,0.0010817152
343_9,0.997917
2128_9,0.99871576
11181_8,0.99687636
11775_10,0.9986749
3514_10,0.9987551
6993_2,0.0011879054
2866_9,0.99854493
1000_9,0.99827254
11772_7,0.9964619
3355_9,0.99760324
8519_8,0.997851
7879_3,0.0024726235
4332_10,0.99832565
5403_1,0.0012448432
1514_7,0.99605453
7904_1,0.0014550629
10550_2,0.0017007225
11442_10,0.9988305
2821_3,0.001622967
5766_1,0.0013458604
8061_9,0.99847525
2166_1,0.0015487612
6206_1,0.0013458604
11124_2,0.004905406
7625_10,0.80685264
90_9,0.9987356
7959_10,0.9985221
7029_10,0.99869555
779_8,0.99871576
1101_4,0.0037654138
11189_4,0.0032730647
9790_4,0.008315778
10861_1,0.0034296038
5902_2,0.001622967
9545_10,0.55880857
3730_1,0.0011513996
4951_9,0.99586606
3295_1,0.0012255674
9495_2,0.0051396107
2876_1,0.0028009268
2796_1,0.0018969199
10338_3,0.0023596606
10913_7,0.0035936027
4685_2,0.0021827165
11586_1,0.0029349516
4904_7,0.9213576
7110_7,0.9980122
2086_4,0.0018969199
7372_7,0.9951703
135_9,0.9976404
7038_3,0.13161905
1119_2,0.0022872274
5057_8,0.9974491
3479_10,0.9984988
6489_8,0.9988121
4910_8,0.998884
5979_10,0.9984988
11304_1,0.0010649626
2102_9,0.99884856
8048_1,0.0018386653
12153_7,0.98934746
4832_8,0.99869555
3079_9,0.99879336
8254_2,0.0022518474
7981_7,0.99854493
611_1,0.015543648
307_10,0.94966936
8861_3,0.001867566
4635_4,0.051082738
6197_7,0.9976769
6739_3,0.0014103585
8588_9,0.99884856
8461_7,0.0036499873
10089_1,0.0021157034
2609_7,0.10856642
1418_3,0.0025114634
2661_10,0.9257686
1253_9,0.99877447
8815_9,0.9985896
9867_8,0.99863297
2155_1,0.001648483
12259_4,0.0014550629
11224_3,0.008445628
4781_1,0.0010005045
4354_9,0.99890125
9629_9,0.99884856
3629_9,0.99856746
6445_10,0.9987551
9526_10,0.99871576
5138_2,0.0025509126
349_10,0.9981324
2099_7,0.9966234
4411_1,0.0021489493
8127_3,0.0015247865
5225_8,0.99871576
7970_3,0.0015247865
5688_7,0.9983516
12099_3,0.0036499873
6020_4,0.68130285
3892_8,0.9981614
2098_8,0.99879336
4851_7,0.9987356
10967_10,0.9987356
6230_4,0.001477943
2211_2,0.16344546
11978_10,0.99847525
8802_1,0.0011160143
11010_3,0.001264422
10083_2,0.0037654138
5588_10,0.04177388
958_10,0.99879336
6771_4,0.30819023
6767_9,0.9953904
7302_10,0.9987551
5324_3,0.0017007225
7737_10,0.99884856
8603_10,0.017045317
3029_7,0.99879336
8640_2,0.0014325365
2139_1,0.0010484692
6305_10,0.99863297
6884_7,0.9987356
5534_8,0.60859406
7619_8,0.99871576
10057_8,0.99847525
972_7,0.9987551
6245_8,0.99128854
6627_7,0.9986541
3621_10,0.16721867
2290_4,0.9984988
24_4,0.010013569
5689_1,0.0015978455
6497_4,0.004331502
12405_4,0.9979493
11720_7,0.99879336
10088_1,0.0011513996
9258_9,0.9987551
354_4,0.9980122
4770_10,0.9984022
1035_3,0.0014325365
739_1,0.0012448432
6267_7,0.9987551
1562_8,0.9986749
1438_1,0.001622967
281_8,0.9988305
1818_1,0.020488555
3943_3,0.0021827165
8116_4,0.0043994132
6984_1,0.0012448432
5330_4,0.0015731123
8821_8,0.997851
10484_10,0.9985221
1886_4,0.0040072887
7943_2,0.0028009268
6438_7,0.99845123
8931_10,0.9985221
10538_10,0.9988121
534_10,0.99863297
7329_2,0.0017007225
6614_2,0.002019014
710_10,0.99832565
3120_4,0.005220126
9046_1,0.001622967
5638_2,0.0015978455
2455_4,0.0018969199
2652_3,0.0013250223
11006_4,0.0013250223
5065_3,0.0019877742
9805_10,0.9988121
7092_8,0.99884856
1735_10,0.9984269
3609_1,0.0018969199
1201_10,0.9987356
11024_9,0.9987551
3807_10,0.9985221
4483_10,0.99845123
4510_7,0.9926542
8037_1,0.0015731123
1760_1,0.0019877742
133_8,0.9977482
9039_8,0.99863297
8462_4,0.03567855
2468_10,0.99869555
7684_3,0.0010649626
10350_9,0.9986541
1199_10,0.99871576
8560_1,0.0012448432
6405_3,0.0013458604
1295_1,0.0011160143
6420_1,0.0013885231
12183_9,0.9986541
11619_1,0.0012448432
1415_9,0.99821776
9414_1,0.0015247865
7640_4,0.0017274586
9211_9,0.9988121
557_9,0.99879336
4501_9,0.99886644
8711_10,0.15405756
2402_1,0.00498227
4586_10,0.994089
176_3,0.0017274586
3545_1,0.0011160143
8932_1,0.0012843083
5829_10,0.99877447
3409_10,0.9986541
3636_3,0.010169657
12048_7,0.9988305
10468_10,0.998103
11546_10,0.9984022
9444_10,0.9980122
6275_1,0.022802636
152_4,0.64846635
4767_9,0.9984988
6751_1,0.0013885231
10245_4,0.44298992
5407_8,0.99854493
1923_1,0.0035936027
515_9,0.9978173
9988_1,0.9896718
5928_8,0.99877447
10163_4,0.14903529
7969_10,0.99877447
1494_4,0.004681822
11211_10,0.9987356
1957_1,0.0011513996
8484_7,0.99242276
848_2,0.001622967
5177_1,0.005384938
10667_10,0.99361163
3075_1,0.0012255674
9443_10,0.99879336
1572_8,0.99886644
11285_8,0.9966756
3125_1,0.0022518474
9265_9,0.99884856
4072_1,0.001648483
6390_2,0.0033244372
6496_4,0.22918999
8766_2,0.0012843083
7787_10,0.9988121
5897_10,0.9986541
9027_1,0.0011513996
1538_2,0.0015247865
1220_3,0.0015247865
8600_3,0.0057302467
11432_2,0.029090757
1424_4,0.016529558
7344_10,0.9988121
10842_1,0.0027149855
10332_10,0.99879336
4340_4,0.002396731
4868_4,0.0028449094
11216_9,0.9984022
12027_10,0.9980732
6785_7,0.99788433
8773_8,0.9988121
8119_4,0.95565146
10138_10,0.9986541
7197_2,0.0011879054
1536_3,0.009559399
9981_7,0.99861145
4753_1,0.002434382
2795_7,0.0022518474
6672_4,0.0013458604
10805_7,0.9798227
5866_1,0.0017007225
570_1,0.0012255674
11965_8,0.99871576
3288_1,0.006003596
8135_1,0.0017546144
10094_9,0.9986749
5845_10,0.9988121
3570_8,0.9974491
1240_1,0.0063883206
231_1,0.001264422
10628_9,0.9986541
3536_1,0.0040072887
1852_10,0.9986749
8202_7,0.99869555
5907_7,0.99732697
1759_10,0.9916842
4492_10,0.99856746
4844_7,0.99856746
3189_10,0.99879336
3403_10,0.99869555
5874_2,0.0014325365
7809_10,0.99869555
3632_9,0.99879336
11767_2,0.98159516
9925_3,0.0028449094
4218_1,0.002019014
12036_7,0.9811669
8973_2,0.0017274586
2464_10,0.9987356
4094_1,0.0011160143
10592_1,0.0015011822
10648_9,0.9985896
3887_10,0.99879336
9092_8,0.9988121
10666_10,0.99869555
8389_10,0.99877447
5281_10,0.99871576
6946_1,0.0013045068
1132_1,0.0014103585
10052_4,0.014392335
768_10,0.9986749
5432_3,0.0010484692
7424_3,0.001622967
2366_2,0.0019877742
2865_3,0.0019877742
7806_2,0.00095473166
8878_3,0.074231364
6298_7,0.99879336
4517_4,0.0021827165
12018_10,0.99877447
3662_1,0.0013885231
11393_10,0.9986541
2071_10,0.99818975
8217_8,0.99871576
6568_2,0.0014103585
3840_10,0.9988121
1666_3,0.004681822
2360_7,0.9987356
5778_4,0.022457054
5341_4,0.73866904
4044_2,0.0013670255
2503_3,0.01757688
4095_10,0.99861145
2092_2,0.002434382
2707_3,0.001133569
573_10,0.8543993
6441_7,0.99854493
7565_3,0.001622967
9499_7,0.2905781
657_10,0.99869555
8840_10,0.997783
1407_4,0.0064882697
12453_2,0.0015487612
8273_9,0.99877447
8366_7,0.99856746
10643_9,0.9969722
9998_1,0.0015011822
1385_1,0.0016743994
1354_4,0.0017546144
4674_7,0.9987551
3515_4,0.015906392
10426_8,0.9964619
10226_3,0.0025509126
10391_4,0.00619299
9968_1,0.0012843083
2893_3,0.0012255674
2546_9,0.9863631
37_1,0.0010817152
1757_10,0.99877447
1569_8,0.9981324
1466_3,0.0014550629
7783_1,0.0009850082
9506_10,0.99863297
10835_3,0.0015731123
2917_9,0.99845123
2495_7,0.9987356
1686_10,0.9987551
2414_7,0.010328153
5318_8,0.9988305
8858_8,0.99827254
8112_1,0.001264422
6532_2,0.0021157034
2526_10,0.99863297
11089_7,0.9988305
4297_8,0.9987551
3179_9,0.99856746
5832_10,0.99877447
10539_8,0.99509466
9226_10,0.9975656
9878_1,0.010986943
7940_10,0.9986749
7195_10,0.9986749
2979_1,0.0011695102
3597_10,0.99861145
2931_8,0.004609572
8571_10,0.99371004
12148_1,0.0013250223
4047_2,0.0012255674
6164_10,0.99879336
2214_8,0.9987551
5903_1,0.0019267346
7931_9,0.9983516
1205_3,0.009268014
5983_10,0.9987551
10424_7,0.99863297
11032_7,0.997851
1303_10,0.95430803
10390_1,0.0012448432
8349_2,0.0013885231
3605_8,0.9983516
12273_1,0.0012065897
60_1,0.001648483
3879_9,0.9984269
12431_4,0.012527932
4499_2,0.0019877742
5786_10,0.005384938
5521_4,0.7676898
793_8,0.55664057
7948_3,0.0021827165
9022_2,0.0012255674
11071_1,0.0014325365
4991_3,0.979354
8226_1,0.001867566
8762_3,0.0016743994
6918_4,0.07477005
844_10,0.99845123
11503_8,0.9981614
7406_8,0.99879336
7743_1,0.002631674
514_3,0.001477943
10927_9,0.9986541
3731_7,0.99879336
8870_4,0.0570714
11099_10,0.99847525
8456_10,0.5913398
10944_7,0.9832145
7168_3,0.0016743994
3378_10,0.9976404
8203_3,0.0017821962
5676_1,0.0012843083
5061_9,0.9988121
6238_8,0.99586606
1136_8,0.9879462
6234_3,0.0018386653
9510_3,0.9967775
9632_7,0.9975274
4357_1,0.013325147
1176_9,0.9987551
10821_8,0.9987551
4143_4,0.025957355
5074_8,0.12252322
11673_1,0.0018386653
11072_2,0.0017007225
1816_4,0.9825575
3974_7,0.81227237
796_4,0.9539661
8540_2,0.0028009268
10959_8,0.99869555
4576_10,0.9982993
7030_1,0.0017274586
3340_10,0.9988305
3223_3,0.0015487612
3030_1,0.007121429
4194_1,0.0014325365
11322_1,0.0012843083
1785_1,0.0014103585
7109_2,0.0018386653
4120_1,0.0011513996
3024_7,0.9969722
589_2,0.001133569
2480_10,0.95430803
4878_1,0.005384938
571_1,0.9918121
12156_8,0.99724233
7547_9,0.9984269
6577_10,0.9984269
7101_3,0.051082738
1731_3,0.059646945
10424_1,0.0014103585
9056_10,0.9988305
11959_3,0.057918087
6952_4,0.0018386653
8709_10,0.014728613
4716_10,0.9987551
2393_10,0.9986541
4007_7,0.0064882697
1196_2,0.018978037
8483_1,0.0013885231
1840_3,0.0013250223
6108_1,0.0010987311
4621_8,0.99832565
11332_4,0.997981
8800_10,0.9984269
886_7,0.9987551
6495_8,0.03308598
6193_10,0.9988305
10297_1,0.0010484692
4233_1,0.001133569
3121_10,0.9988121
1681_10,0.9986749
5789_1,0.0015011822
6446_10,0.9987551
479_9,0.9988121
6401_1,0.0018969199
7602_1,0.001264422
10792_1,0.0013250223
11436_9,0.99871576
6944_1,0.0015731123
6275_9,0.002631674
7314_10,0.99863297
8887_9,0.99863297
1835_8,0.99847525
8403_7,0.99863297
2090_1,0.002396731
12310_1,0.0015731123
9795_9,0.99863297
4260_1,0.0010987311
3214_4,0.0016743994
10974_8,0.9988305
3374_10,0.9965166
2251_2,0.0015487612
2325_7,0.9987356
28_9,0.99879336
1758_2,0.004681822
1222_8,0.99804294
1229_4,0.001867566
9791_2,0.18359362
3433_4,0.0074606435
10847_10,0.9988305
5020_2,0.0013250223
9652_3,0.0011879054
1739_10,0.9986749
10441_4,0.6918097
9002_7,0.9987356
4304_8,0.99863297
290_9,0.9986541
1339_8,0.99877447
10899_1,0.002396731
8723_8,0.99832565
12487_7,0.9966234
10384_7,0.010169657
4673_4,0.001264422
11679_1,0.0013885231
3938_2,0.002396731
2253_10,0.9988121
198_7,0.9985896
3346_3,0.0034296038
11543_3,0.0013458604
8463_1,0.0025509126
1297_2,0.0013045068
4689_1,0.0011160143
4681_1,0.0010005045
961_8,0.99877447
9865_2,0.0018969199
770_3,0.002673006
10495_2,0.0020507437
6302_8,0.99760324
6232_4,0.0013670255
10098_1,0.0019570168
8905_2,0.0011695102
8853_10,0.9988121
6081_10,0.9987356
12_4,0.001810211
1291_7,0.20118472
1679_1,0.00619299
996_7,0.13072868
3343_10,0.99863297
6083_10,0.9987356
98_9,0.99128854
962_4,0.04672496
4857_8,0.9967775
12394_7,0.9969722
1321_10,0.99877447
8994_10,0.9988121
7788_1,0.0015978455
9708_8,0.997285
9523_1,0.0013250223
11785_4,0.001133569
5440_1,0.0021489493
1091_7,0.9980122
11584_10,0.9959927
5369_3,0.0067975316
3165_10,0.9932025
3686_10,0.9988305
7069_10,0.5246991
427_3,0.0015487612
895_8,0.020332353
4565_8,0.9334308
5139_9,0.9986541
5027_1,0.0018969199
503_9,0.9985221
7630_1,0.0017546144
8552_1,0.0017007225
4322_3,0.0024726235
3492_3,0.017176708
5301_4,0.0011695102
752_4,0.0015731123
4307_2,0.0014325365
4901_10,0.9985221
233_2,0.0013250223
10789_8,0.998884
270_8,0.9988121
11442_1,0.0017007225
3688_7,0.9966756
9928_7,0.99771273
6563_8,0.080936715
3437_7,0.997065
10495_8,0.9987551
8775_10,0.9988121
12172_3,0.0031726828
10085_10,0.9987356
8394_9,0.99253935
2607_10,0.9985896
6645_10,0.9987356
301_10,0.99869555
2153_10,0.99854493
1967_3,0.0030753699
9604_10,0.9986749
10665_10,0.99760324
5409_1,0.0010817152
6707_10,0.9986541
3847_7,0.992062
9261_10,0.99879336
3772_1,0.0012448432
8950_1,0.0015978455
6591_2,0.0051396107
2765_9,0.9966756
4166_10,0.9987356
11418_3,0.0011513996
7137_3,0.0021827165
3710_2,0.0013250223
1153_4,0.007121429
4155_8,0.9959299
9221_10,0.99832565
8917_10,0.99877447
6066_4,0.13660839
5366_10,0.99877447
2520_9,0.99877447
11677_2,0.0015731123
4032_2,0.0015487612
4041_2,0.0011513996
474_4,0.002019014
6392_2,0.001867566
6545_10,0.99861145
5009_10,0.9984022
3060_10,0.99771273
11033_10,0.99863297
297_10,0.99863297
9099_1,0.0015247865
10496_10,0.9795114
5619_3,0.0027149855
4226_1,0.0030278352
10483_8,0.9986541
1966_9,0.9986749
4024_2,0.0012255674
6448_9,0.99871576
4252_1,0.0012843083
250_10,0.9987356
10753_3,0.001867566
1005_7,0.98998636
4415_9,0.99821776
240_4,0.99788433
108_10,0.998103
1393_1,0.9976404
4236_2,0.9334308
9208_2,0.8697146
7156_10,0.9987356
6490_1,0.001622967
3518_3,0.0012843083
10308_1,0.0010817152
8706_2,0.0015731123
8674_10,0.99869555
8240_10,0.9987356
11890_10,0.99861145
976_3,0.0037654138
5025_8,0.9987551
10206_8,0.9988305
11921_3,0.0014103585
8344_7,0.98571813
295_8,0.9161096
2121_1,0.0032224844
6978_8,0.9988121
707_3,0.8418256
751_1,0.0011695102
1931_10,0.99879336
7197_10,0.9984269
11032_3,0.0014550629
416_10,0.96378
1384_2,0.0038244836
4114_2,0.0017546144
9450_10,0.99871576
6877_7,0.99821776
5092_9,0.99879336
3402_9,0.99444515
9517_10,0.99869555
8566_2,0.001264422
4493_1,0.0024726235
842_1,0.001648483
4926_1,0.99444515
3398_9,0.997851
8857_10,0.99629277
3696_9,0.9986541
1952_1,0.001622967
5516_3,0.0015011822
3297_10,0.9968273
8396_2,0.0018969199
1928_4,0.002631674
7216_10,0.99869555
1648_3,0.0027576222
9312_8,0.9976404
4392_2,0.001867566
4740_9,0.4914559
2985_4,0.0013045068
6407_10,0.9983516
4015_1,0.001867566
911_10,0.99832565
7898_1,0.0017007225
5241_10,0.9987551
4955_4,0.7078088
4199_1,0.008315778
8319_4,0.9968273
6340_1,0.001622967
2003_1,0.0010987311
11213_3,0.8656789
5109_4,0.0017821962
9400_1,0.0021489493
10719_7,0.9986749
6848_8,0.9986541
11398_1,0.0016743994
2606_7,0.00581996
5646_1,0.0030753699
4103_10,0.99509466
8906_9,0.9987551
6997_10,0.99863297
9990_1,0.001810211
6573_1,0.0015731123
8530_10,0.9921841
8382_9,0.99854493
4207_2,0.009708476
8794_10,0.9987551
917_9,0.99242276
10739_9,0.99884856
4286_1,0.0011160143
1763_1,0.0022518474
5173_10,0.9969722
1764_1,0.0014550629
3614_3,0.9968273
3880_10,0.9982993
4059_1,0.0014550629
8786_8,0.02517884
9553_2,0.0028009268
10599_8,0.01627746
1048_4,0.0024726235
8136_7,0.017442483
8715_8,0.9987551
7667_7,0.99771273
5647_2,0.0012065897
6267_1,0.001032231
12444_10,0.90087914
7390_10,0.98282325
7260_7,0.9986541
6170_10,0.99877447
2181_2,0.001622967
6196_7,0.99886644
12058_9,0.9881309
8915_7,0.99821776
6816_10,0.99879336
730_9,0.9988305
5808_10,0.99869555
6256_2,0.001622967
5157_4,0.007815888
7970_10,0.9987551
6991_7,0.9988305
7112_4,0.0040072887
12136_4,0.0111580305
1554_8,0.99877447
8289_4,0.4560463
12452_8,0.9987551
6181_8,0.9982993
6237_8,0.99890125
9724_10,0.9956006
7991_1,0.0015011822
8185_4,0.0025114634
12162_1,0.0012065897
8330_9,0.997285
84_3,0.0013045068
4879_4,0.0014325365
1173_7,0.9988121
11095_2,0.0013458604
9934_8,0.9988121
10791_9,0.99871576
5260_10,0.99824536
3123_3,0.004264634
7500_1,0.0038244836
9472_8,0.9984269
6349_9,0.9984988
8706_8,0.998103
12385_4,0.0027149855
12409_4,0.0017007225
809_10,0.99869555
11380_2,0.0017007225
4975_8,0.9987356
5069_3,0.002019014
8132_7,0.99879336
5628_10,0.9986749
12329_8,0.98951083
8217_3,0.0020507437
251_2,0.9896718
2901_7,0.9982993
4588_1,0.0011879054
2647_10,0.9904406
6020_9,0.9987551
7171_3,0.0045384313
5880_10,0.99863297
4842_9,0.99871576
10657_10,0.99877447
11858_7,0.9986749
4656_4,0.0057302467
9293_10,0.998103
10702_10,0.9988121
6277_10,0.99845123
7223_10,0.99719906
11150_8,0.9987551
4768_9,0.9983516
5703_8,0.99827254
9249_9,0.9986541
12051_10,0.99879336
5740_4,0.0030278352
4882_3,0.0067975316
11575_10,0.96691406
385_1,0.002631674
1569_3,0.0013250223
7449_1,0.0013885231
1977_4,0.0015247865
6134_7,0.99837697
2384_8,0.9985896
2437_10,0.99856746
643_7,0.9898303
7334_10,0.9987551
12228_9,0.99877447
8579_2,0.0015247865
4093_4,0.0015487612
233_8,0.99861145
11852_7,0.9987551
11027_4,0.007011795
5409_7,0.99871576
9332_10,0.9984988
6530_9,0.99871576
7815_1,0.0011879054
8317_10,0.99837697
5382_9,0.99879336
3183_3,0.0033244372
4997_8,0.0153063545
11553_7,0.9986749
718_3,0.0013458604
7128_9,0.99869555
11977_1,0.0010649626
10820_3,0.0023596606
3539_9,0.99877447
2386_1,0.0011160143
9837_4,0.9740426
2941_1,0.0012448432
6669_1,0.0011513996
10927_1,0.0012255674
57_10,0.9988305
12252_2,0.010570489
8926_3,0.10484337
3044_2,0.004133968
9758_10,0.99871576
4584_10,0.99854493
1467_1,0.0014103585
7846_9,0.997917
1982_8,0.99845123
5705_1,0.0030278352
9754_7,0.99837697
9594_1,0.0015487612
7405_10,0.99879336
8469_2,0.65273964
3713_10,0.9988121
3381_10,0.9981324
1913_10,0.9546474
9423_8,0.9976769
115_9,0.9979493
9784_10,0.9986541
1148_4,0.0013458604
2911_10,0.99854493
11328_9,0.9988121
5087_1,0.0012448432
3983_10,0.8233284
5216_1,0.0017546144
7961_10,0.9986749
10134_7,0.9988121
9379_2,0.002019014
4715_1,0.0013885231
6501_10,0.9988121
4146_4,0.0012843083
12159_1,0.0015487612
11661_10,0.9982993
7995_2,0.0023231625
693_9,0.99877447
1411_10,0.9986541
7091_7,0.99869555
2576_1,0.0020507437
8207_1,0.0014103585
10877_10,0.998103
5444_10,0.9988305
9409_1,0.0011513996
10020_1,0.0014550629
2349_8,0.9985221
4942_10,0.99856746
2839_1,0.0011513996
9419_1,0.0012448432
10661_1,0.0025909794
5659_10,0.99863297
639_7,0.9984269
5946_7,0.99605453
7231_7,0.9985896
4220_4,0.6753365
3698_4,0.005554925
1060_2,0.0022518474
2398_3,0.0023231625
11073_3,0.001810211
8336_2,0.0012448432
5975_3,0.98469365
4727_1,0.005554925
1596_8,0.9981324
5471_2,0.0019267346
11204_10,0.2386389
8810_10,0.99837697
11125_3,0.003707253
9607_10,0.99845123
6517_3,0.0011513996
10232_1,0.0016743994
7708_10,0.9986749
1753_1,0.0015247865
10946_7,0.9930962
668_4,0.0030753699
3794_4,0.9988121
6867_1,0.9458012
9428_7,0.99854493
12366_9,0.9988121
12056_9,0.99869555
901_1,0.0013250223
7714_8,0.9987551
6389_8,0.008315778
4148_7,0.99847525
5062_1,0.0018386653
6835_1,0.0027149855
2901_3,0.006003596
4724_10,0.99856746
764_2,0.001810211
6729_1,0.001016244
8284_4,0.0021489493
11928_1,0.014281935
386_1,0.0010484692
35_9,0.99877447
4458_4,0.0038244836
9627_2,0.002434382
8112_9,0.99856746
6026_8,0.9986541
12188_3,0.003707253
3477_3,0.01461567
12242_8,0.014728613
11594_4,0.26740816
11360_10,0.9985896
10299_1,0.0010817152
3829_10,0.99877447
8324_2,0.0011695102
1285_9,0.9988305
11370_10,0.99863297
8051_4,0.9838472
4420_10,0.9986541
3843_7,0.997981
10520_2,0.0016743994
12146_8,0.9987551
1502_10,0.99821776
6227_4,0.0013250223
3191_10,0.99827254
4569_2,0.0032730647
7647_8,0.99804294
6372_9,0.99871576
2105_2,0.0029349516
4180_1,0.0076956474
11212_10,0.9985896
1811_9,0.99854493
2868_3,0.0011695102
3773_3,0.0028449094
8386_1,0.0015247865
1072_8,0.99771273
10588_1,0.002631674
8858_1,0.0015247865
10831_1,0.0013458604
11926_8,0.9987356
11521_10,0.99877447
4037_10,0.9985221
5119_7,0.99566853
11438_9,0.9988305
8275_2,0.0015487612
4879_8,0.9988121
4520_10,0.9988305
2510_7,0.99804294
510_2,0.0010987311
1283_1,0.00096975197
3733_8,0.99854493
7708_1,0.0012448432
12219_1,0.0010987311
11654_4,0.004264634
3229_7,0.9980122
3579_8,0.9986749
1534_4,0.0022518474
7498_10,0.99877447
11392_10,0.98282325
2949_1,0.0013458604
407_7,0.99724233
12388_3,0.0015247865
7779_3,0.0018386653
12409_10,0.9986749
199_8,0.99861145
9330_1,0.0017274586
6196_2,0.9863631
1576_2,0.0013885231
12123_4,0.002631674
871_1,0.0012448432
867_9,0.9985896
12186_1,0.0015011822
11357_1,0.0013458604
9327_4,0.0013458604
3092_8,0.96485513
6097_1,0.0015731123
4170_4,0.001622967
3724_3,0.0023596606
4219_1,0.0028449094
12233_10,0.99886644
12050_9,0.994615
124_10,0.99879336
9521_9,0.99871576
7991_10,0.9988305
12284_1,0.002019014
8452_10,0.99884856
986_3,0.0015487612
8504_8,0.9965166
9427_7,0.9987551
2359_3,0.22644134
7026_10,0.9984022
8726_8,0.9918121
4971_1,0.0014325365
2990_1,0.0017821962
5285_2,0.0022872274
9953_10,0.9851576
2170_8,0.99863297
10963_8,0.99847525
9176_8,0.9987356
9639_7,0.9988121
1781_1,0.0011879054
1293_10,0.9987551
10225_10,0.9987551
3821_1,0.0040072887
1206_10,0.99886644
5513_1,0.0021827165
12475_2,0.0023596606
11508_9,0.99861145
6358_4,0.9976769
9646_1,0.0011160143
7957_9,0.96095175
5183_9,0.9984022
8322_10,0.123365626
4171_1,0.9881309
6498_2,0.001264422
11893_1,0.00498227
8209_10,0.9987356
4866_3,0.0016743994
1077_3,0.0014550629
10916_7,0.9923044
6027_4,0.0015978455
9308_7,0.99732697
7130_1,0.0012843083
3326_4,0.0021157034
6680_3,0.007121429
1707_8,0.01461567
5106_1,0.0013458604
1408_10,0.99886644
6773_8,0.99879336
940_3,0.0013885231
10890_10,0.9969246
3678_10,0.99879336
6871_9,0.9981614
10196_8,0.9987356
12369_1,0.0022170132
4070_10,0.99869555
11755_7,0.9986749
9095_3,0.0012255674
10863_1,0.0013045068
7109_7,0.99827254
1844_3,0.0017007225
8228_2,0.0012843083
9631_4,0.0023596606
3920_4,0.0027149855
19_1,0.0015247865
3929_2,0.0011879054
1506_2,0.002019014
6877_3,0.94815457
12154_7,0.0016743994
6572_3,0.0022518474
1557_2,0.0013670255
11836_7,0.011597362
9380_9,0.9980122
11725_4,0.0013670255
6317_9,0.9986749
5022_1,0.0033244372
132_1,0.0011695102
9303_8,0.91117966
4739_10,0.99877447
11228_10,0.99877447
7913_1,0.9871788
1304_3,0.0023231625
2725_10,0.9986541
8484_2,0.0025909794
1866_9,0.99877447
12446_9,0.99871576
11406_1,0.001264422
7056_4,0.01798621
8615_10,0.99832565
12284_10,0.99719906
3279_9,0.9987551
9243_1,0.0019267346
11_8,0.2952299
427_10,0.99863297
5446_7,0.882022
846_7,0.0019267346
2545_4,0.96538115
8635_10,0.9988121
4410_8,0.99886644
875_10,0.9988305
392_2,0.0013250223
8819_3,0.0014103585
12202_1,0.0018386653
1370_4,0.9980732
340_2,0.0017546144
179_1,0.0017274586
11332_8,0.99845123
10396_4,0.013222822
8321_1,0.0017274586
6384_3,0.0015011822
5951_9,0.9986749
8137_1,0.001648483
12009_10,0.99863297
2103_8,0.99854493
11153_2,0.001264422
4945_10,0.99863297
3193_3,0.0017007225
921_9,0.99869555
10446_10,0.99155444
9961_9,0.9988121
11420_4,0.03963884
6954_2,0.0012843083
8430_2,0.002673006
6749_3,0.16451646
5997_7,0.9967775
7611_7,0.96432143
6292_8,0.99879336
11314_1,0.0012065897
5143_2,0.001264422
9517_2,0.0015978455
8259_2,0.0013885231
5114_8,0.9988121
3574_9,0.99877447
11464_3,0.0019877742
11457_10,0.99871576
2496_3,0.97090924
6795_1,0.5874699
1904_2,0.0018386653
11524_2,0.0014325365
8223_1,0.0013670255
5566_3,0.0011695102
3550_7,0.0074606435
6059_10,0.99847525
4580_10,0.99861145
177_1,0.0019877742
8790_8,0.9930962
7784_1,0.0012843083
11892_1,0.013222822
6235_10,0.18010665
6493_4,0.0015978455
764_8,0.9988305
4052_7,0.0094125895
1663_1,0.001867566
10437_1,0.0037654138
1009_3,0.0019267346
11664_4,0.0015487612
8909_10,0.99837697
9200_3,0.9986749
7919_9,0.99863297
8603_1,0.0015487612
6976_2,0.9969246
4261_1,0.002019014
6636_1,0.0014103585
10707_9,0.99877447
1155_7,0.99884856
7050_4,0.0059110695
1360_3,0.001477943
8176_7,0.99847525
3301_8,0.9983516
6684_3,0.0017274586
2742_3,0.0019570168
7159_4,0.0013670255
8944_3,0.0013885231
2077_4,0.0015487612
7145_10,0.9987356
6216_7,0.9983516
8606_9,0.99871576
10608_10,0.9984269
8441_4,0.0028009268
1782_8,0.9987356
10939_8,0.99818975
2702_7,0.99886644
9210_1,0.0014550629
9075_8,0.99871576
3412_3,0.0024726235
2859_8,0.9987551
6326_4,0.013636835
94_2,0.0017007225
3691_10,0.99877447
2679_9,0.99845123
1568_4,0.0010987311
3540_9,0.99821776
3710_10,0.99871576
5691_1,0.002396731
9699_10,0.5456489
9207_4,0.004609572
286_1,0.0064882697
10891_1,0.0011695102
6177_8,0.99877447
9817_2,0.0013458604
8871_9,0.009125638
290_1,0.0013670255
8388_9,0.9987356
9195_7,0.9988305
1164_9,0.99879336
2332_8,0.9983516
5406_7,0.99824536
2476_3,0.0017007225
11381_3,0.002889581
6518_10,0.9985221
3474_1,0.0015731123
603_8,0.99861145
5448_4,0.0017007225
3624_8,0.99871576
11569_1,0.0015978455
9353_8,0.9988121
3119_2,0.001867566
382_4,0.002396731
8569_8,0.9956006
2312_10,0.99877447
7531_1,0.0013885231
7150_4,0.0045384313
5496_8,0.99879336
1979_1,0.0029349516
4158_2,0.0025509126
4790_7,0.99732697
11971_1,0.0017546144
197_10,0.99861145
3453_8,0.99128854
915_4,0.002631674
6991_2,0.30694237
7524_9,0.99854493
7474_4,0.08035747
284_2,0.002434382
12483_7,0.9984988
1141_10,0.99724233
7739_1,0.0014103585
6488_3,0.002396731
3117_1,0.0030278352
6224_8,0.99740905
9737_4,0.0017546144
2399_10,0.99877447
1044_8,0.9987551
1153_8,0.9987551
11664_9,0.99884856
10015_4,0.98282325
7622_1,0.0025909794
8743_10,0.998884
356_3,0.002019014
838_7,0.9181873
4922_10,0.99847525
3623_10,0.99877447
9424_1,0.0017274586
8473_4,0.99719906
9996_10,0.99879336
11242_2,0.99827254
11889_10,0.99871576
11131_10,0.99879336
386_10,0.99863297
6534_8,0.99869555
11420_7,0.0023596606
3119_9,0.99879336
2708_2,0.0013885231
2817_10,0.5353414
9425_7,0.9988121
11019_2,0.0020829707
1747_1,0.95945925
4493_9,0.9977482
4728_1,0.0013670255
6856_2,0.001648483
10273_1,0.002631674
4822_8,0.9964619
10475_10,0.9930962
2678_3,0.0025909794
9979_8,0.9986749
8090_1,0.0013670255
10022_4,0.001622967
5137_1,0.0022170132
6787_10,0.99877447
4027_9,0.99877447
208_10,0.9978173
569_7,0.99871576
761_10,0.99877447
2603_9,0.61889565
11692_9,0.9843364
4374_2,0.0012843083
5581_10,0.99879336
10601_1,0.92944044
637_3,0.0014550629
10238_2,0.9911527
6717_1,0.0010484692
9145_10,0.98087597
1047_4,0.9969246
6173_1,0.0010005045
985_10,0.99818975
4964_1,0.0015011822
7104_1,0.0013458604
6293_3,0.98187524
9060_3,0.0021489493
1894_4,0.0030753699
4650_10,0.9988121
12475_8,0.99832565
7563_9,0.9985221
10996_9,0.9986541
8315_4,0.017045317
710_3,0.0014550629
3856_7,0.9988121
10613_8,0.9982993
12141_9,0.99847525
4666_1,0.001016244
292_3,0.004198795
3316_7,0.99877447
10482_4,0.002889581
9703_1,0.01395571
6905_9,0.99863297
9138_10,0.9987551
10417_2,0.998103
7977_1,0.0011879054
9350_8,0.9953904
4514_10,0.9987551
3964_4,0.9942697
6014_4,0.17953056
10198_2,0.0021489493
9059_1,0.0015731123
11254_10,0.99854493
2032_7,0.99879336
6895_7,0.006903838
6921_2,0.005060332
9174_8,0.99877447
367_8,0.9983516
11410_7,0.0021157034
9387_7,0.16079244
2227_10,0.99871576
334_2,0.0010987311
334_9,0.9987356
10893_8,0.9983516
9414_10,0.05223086
9725_1,0.0014550629
10779_9,0.99869555
8654_8,0.9961755
9032_7,0.9988305
9775_4,0.0015011822
7687_1,0.0014550629
12206_4,0.0013045068
7720_8,0.99877447
6774_9,0.9986541
12469_1,0.0023596606
7249_2,0.002396731
5146_3,0.0019877742
8629_7,0.99635005
5292_3,0.99821776
8937_7,0.9988305
9221_4,0.9977482
3203_8,0.99890125
6964_2,0.9932025
6120_8,0.9965166
6962_9,0.99845123
4139_1,0.001477943
3957_4,0.0018969199
9305_3,0.9967269
6863_1,0.001867566
2164_4,0.092687786
12378_7,0.0015978455
10834_10,0.99869555
633_10,0.99711037
10071_8,0.99871576
8167_1,0.002889581
4232_9,0.998103
6710_8,0.9881309
6055_1,0.0019877742
8169_8,0.99877447
10291_9,0.9982993
8149_10,0.9988121
2499_10,0.99861145
4370_2,0.001622967
4031_1,0.0011879054
11372_3,0.0016743994
9619_1,0.98934746
8822_4,0.30280328
7096_10,0.9988305
7009_10,0.9985896
2442_10,0.99877447
442_10,0.99861145
4783_1,0.0019267346
11837_9,0.98187524
5214_8,0.9988305
134_8,0.9979493
10948_1,0.0011160143
3011_7,0.99877447
4339_4,0.7004852
9638_3,0.0048297215
7186_7,0.9987356
7702_2,0.0015731123
6586_8,0.99877447
2420_8,0.9986749
1911_8,0.9923044
4707_4,0.0024726235
3954_10,0.9987551
12071_3,0.004681822
10010_9,0.99879336
8844_2,0.001264422
12312_1,0.001622967
4874_1,0.0025509126
7270_7,0.98173577
3497_1,0.0010484692
9928_3,0.009268014
11109_1,0.0015487612
9016_8,0.998103
1125_10,0.998103
9695_8,0.9969722
5756_9,0.004905406
11452_2,0.0014550629
8488_4,0.0030278352
9825_2,0.0017546144
7054_7,0.9981324
4359_10,0.9987356
11411_8,0.997917
9618_8,0.99821776
12226_4,0.008315778
7752_10,0.99871576
9274_3,0.99361163
12069_10,0.9986541
4591_2,0.0013045068
6065_8,0.9904406
2344_10,0.9984988
10299_10,0.99879336
8934_9,0.9987356
5041_8,0.99879336
3885_7,0.9896718
3994_8,0.9987551
11907_9,0.99877447
10181_10,0.9986541
2714_9,0.9982993
1571_8,0.9988121
6621_4,0.01507263
1062_2,0.01461567
379_10,0.99884856
62_8,0.9926542
1926_8,0.99877447
3428_7,0.99847525
2175_8,0.9988121
2006_10,0.9975656
8633_7,0.9984269
12158_2,0.0015011822
11572_8,0.99877447
8859_10,0.9988121
10919_2,0.0027149855
4131_3,0.9284088
6893_1,0.0023231625
9217_1,0.0011695102
1893_2,0.001622967
1719_2,0.0012255674
5107_4,0.0022170132
2284_3,0.004070138
1430_10,0.99861145
5207_10,0.98571813
2800_8,0.99869555
7550_1,0.8238959
9035_9,0.9985221
11548_10,0.9985896
6037_4,0.9838472
518_4,0.012624948
12237_2,0.0020507437
10266_7,0.9976404
12032_1,0.0012065897
2494_4,0.0015011822
8062_3,0.99719906
4665_1,0.0012255674
6082_8,0.9987551
7225_4,0.0019267346
9080_1,0.0011695102
9606_4,0.0038844768
494_2,0.001477943
6274_10,0.99847525
4170_9,0.9985221
9218_10,0.99760324
10377_8,0.9950177
10597_10,0.9987551
958_4,0.0018386653
9958_4,0.68909645
129_9,0.9987356
2804_9,0.99871576
8935_1,0.001477943
12229_3,0.0030753699
5048_4,0.002019014
6509_4,0.0012065897
1812_8,0.99884856
5695_1,0.0032224844
2021_10,0.9988121
9892_2,0.0033766124
9239_10,0.9986749
5398_2,0.0014325365
4458_7,0.9933072
11730_8,0.9985896
9853_1,0.001264422
2258_10,0.9987551
9345_10,0.99871576
64_3,0.0028449094
10423_9,0.9985896
2220_9,0.9802808
192_10,0.99877447
12143_9,0.9982993
2113_7,0.99869555
5294_10,0.9987551
7025_9,0.99879336
6300_3,0.0021489493
8043_2,0.0012448432
6628_1,0.002434382
12138_3,0.9879462
1333_7,0.06754669
10515_3,0.0013885231
11949_9,0.9986541
2854_1,0.001133569
142_8,0.99877447
3706_1,0.0010987311
6149_10,0.99687636
8429_3,0.004681822
6151_10,0.99869555
4861_8,0.99242276
8764_9,0.9329437
540_1,0.0029810332
10693_1,0.0015731123
2346_4,0.059646945
1532_4,0.0011879054
1099_2,0.0013458604
3818_10,0.9921841
2617_10,0.9877587
1709_1,0.0013458604
4649_10,0.99837697
4085_10,0.99845123
4478_9,0.99863297
1032_10,0.99863297
3642_7,0.001477943
5656_8,0.99879336
11916_3,0.007121429
6672_10,0.9969722
4225_7,0.99804294
996_3,0.003707253
7421_10,0.9987356
9431_7,0.997917
11121_9,0.99871576
5054_8,0.9981324
9187_8,0.997783
9096_7,0.997917
10318_8,0.99871576
5348_2,0.0023596606
6666_8,0.9988121
6648_9,0.2520157
1405_10,0.99886644
8981_4,0.997981
10248_9,0.9985221
4101_8,0.9987551
3076_4,0.010818449
1598_1,0.0021157034
8430_10,0.99879336
9999_1,0.010328153
805_1,0.001016244
7821_7,0.9983516
10849_10,0.9987356
8400_7,0.9983516
4807_4,0.0033766124
8353_4,0.018264279
10445_10,0.9845754
7058_2,0.006692851
9715_2,0.002019014
10934_3,0.001016244
8215_10,0.99861145
7268_10,0.99879336
5521_8,0.09947021
8565_1,0.0028009268
8197_3,0.0009850082
12004_9,0.998103
10257_3,0.0065897712
6260_2,0.0017274586
10481_9,0.9986541
7598_2,0.0012065897
8106_10,0.9984269
8049_3,0.0033766124
7124_2,0.0015731123
3858_1,0.0017274586
1445_9,0.0029810332
6346_1,0.0017821962
678_7,0.97754294
10247_1,0.01627746
1287_8,0.99854493
11873_1,0.001264422
7198_1,0.0011695102
3237_7,0.9722044
2029_8,0.9988121
26_10,0.9988305
9153_1,0.0011879054
12004_2,0.006903838
4105_10,0.99879336
1168_10,0.9988305
5312_4,0.95531917
2907_1,0.0021489493
7247_9,0.9985221
107_10,0.99877447
412_2,0.009125638
2078_4,0.9437636
7997_9,0.014957086
12397_10,0.99824536
10052_7,0.9988305
6559_7,0.008315778
12143_4,0.004905406
3496_7,0.99869555
3569_10,0.99818975
9270_10,0.994089
2811_3,0.0025909794
9673_7,0.002434382
325_1,0.0023231625
11741_3,0.0012843083
10562_7,0.997065
5687_9,0.9988305
4601_4,0.001477943
5698_8,0.0013250223
11257_4,0.005384938
4391_1,0.0013045068
4703_10,0.9986749
12191_3,0.0017274586
113_8,0.9981324
9831_1,0.001477943
7388_7,0.99879336
1661_10,0.99879336
3703_2,0.0013670255
6077_2,0.02017732
935_4,0.59643316
7617_7,0.9987356
7387_3,0.002631674
7889_7,0.99453074
803_3,0.0013885231
9557_9,0.9987356
4299_10,0.997981
6785_3,0.002889581
5185_7,0.9984022
9590_1,0.97838473
10811_9,0.99856746
34_1,0.0076956474
12221_2,0.0014325365
6436_10,0.99854493
8299_2,0.0031726828
7242_9,0.99877447
3247_10,0.9719925
8466_3,0.0016743994
5784_9,0.998103
794_7,0.9988121
4986_3,0.0020507437
7786_7,0.99877447
9324_10,0.99847525
2095_9,0.9986541
10798_1,0.0015731123
4193_1,0.0017007225
12063_10,0.9985221
3976_7,0.99837697
8657_1,0.001622967
2850_4,0.013020489
4522_7,0.9986749
6028_1,0.18862271
6000_4,0.0013670255
8712_1,0.0019267346
3969_8,0.9987551
4245_4,0.05582314
3873_7,0.99818975
68_9,0.9984988
890_9,0.997783
5922_1,0.001648483
2582_2,0.0015487612
5704_4,0.0025114634
9307_8,0.022286188
4114_8,0.99871576
5540_7,0.99837697
157_10,0.9988305
748_1,0.0015487612
7045_1,0.0014103585
9526_3,0.0045384313
6519_2,0.0015731123
11254_4,0.002673006
9498_1,0.0011695102
7192_8,0.9981324
2388_1,0.0010817152
12002_8,0.99869555
8394_1,0.0013458604
10656_8,0.99869555
7261_9,0.99856746
10434_8,0.99832565
139_9,0.94815457
4538_1,0.0013458604
4038_2,0.0014325365
12228_4,0.021615336
3619_8,0.99879336
10411_3,0.0024726235
7278_1,0.0010987311
2304_3,0.0013670255
5636_3,0.8539127
8833_9,0.99863297
504_1,0.008847355
12313_1,0.0014325365
11161_1,0.0014325365
72_4,0.0036499873
4976_1,0.0016743994
10018_8,0.83761996
12142_8,0.9980122
4821_8,0.9982993
9058_2,0.0013670255
6347_1,0.0014103585
3346_8,0.9985896
1481_10,0.99845123
10178_1,0.0017546144
2851_8,0.99871576
12095_3,0.0019267346
11978_3,0.004609572
7172_9,0.9986749
8450_1,0.001016244
7464_1,0.0038244836
12327_1,0.0020507437
5622_4,0.003538086
9170_3,0.0013458604
10955_10,0.98998636
6161_2,0.0019877742
11222_10,0.9987356
3844_7,0.9986541
11443_3,0.0011695102
4004_7,0.045692034
11015_10,0.9985896
3860_1,0.0017007225
11600_2,0.0032730647
6849_8,0.99879336
1966_1,0.0016743994
4828_8,0.993807
675_8,0.017442483
9068_7,0.99453074
5924_8,0.99877447
10733_10,0.9982993
8369_7,0.99877447
5213_4,0.0017007225
2558_4,0.0021157034
47_10,0.9986749
2601_10,0.010169657
7360_9,0.99869555
1289_1,0.0014103585
9875_4,0.20244318
2449_1,0.0017007225
10020_8,0.99847525
6761_3,0.027795624
7544_10,0.9986541
4380_3,0.0011695102
3946_10,0.99869555
6968_10,0.99821776
3006_2,0.0015487612
11942_1,0.0011513996
2715_9,0.9987356
6065_4,0.9918121
6866_1,0.9761292
6620_10,0.99879336
3177_1,0.0011160143
4051_10,0.7953404
880_3,0.0012255674
6504_1,0.0010987311
12193_3,0.0015978455
8570_3,0.0012065897
8025_1,0.0015247865
12316_1,0.0019267346
10842_10,0.9985896
2066_10,0.9985896
4416_10,0.9985896
5327_1,0.0013885231
3500_1,0.0014103585
4072_7,0.99845123
5833_7,0.997065
2989_8,0.9976769
1905_8,0.6846858
5421_1,0.001867566
1479_8,0.9986749
5092_1,0.0018969199
4840_1,0.004331502
54_10,0.9987551
9203_9,0.9921841
3949_2,0.0011879054
3615_1,0.0012255674
8748_10,0.99856746
108_2,0.0022518474
2280_4,0.9908744
6454_3,0.99253935
4071_1,0.0019267346
2022_9,0.99856746
2600_1,0.001264422
2482_10,0.9988121
7347_9,0.9988305
7190_4,0.0025509126
7174_7,0.17553806
5823_3,0.9896718
8051_10,0.99586606
7503_2,0.0014550629
2341_1,0.0035936027
516_9,0.9986749
8309_4,0.0023231625
10789_4,0.009559399
11286_1,0.0027576222
4770_1,0.0015487612
7262_4,0.9982993
11636_9,0.99821776
2340_1,0.001648483
3407_3,0.0018386653
2922_9,0.9984022
9708_2,0.004905406
2362_3,0.001264422
3729_8,0.9988305
2265_9,0.9988305
1439_1,0.0013885231
8020_2,0.0013458604
5581_2,0.94815457
6503_1,0.0024726235
10101_9,0.9845754
7853_8,0.9988305
6229_1,0.0017546144
1351_7,0.9905874
2764_10,0.997065
4617_10,0.9926542
1265_2,0.0010484692
11424_4,0.86748546
219_8,0.99845123
2241_10,0.99861145
8400_2,0.0039454065
4399_1,0.0013458604
9110_4,0.016914913
294_1,0.0013670255
4646_4,0.0020507437
8267_3,0.002434382
8829_4,0.99760324
3174_7,0.99886644
6557_4,0.0014103585
8286_4,0.007345827
2611_8,0.992062
3422_4,0.9764905
4632_4,0.9933072
6448_4,0.0020829707
11485_3,0.023689471
8526_7,0.04922211
10172_9,0.9956006
5043_2,0.0014325365
7865_1,0.0012255674
6343_8,0.9988305
9225_9,0.99879336
2764_4,0.0012843083
8446_10,0.05033063
3329_9,0.9988305
9142_8,0.99877447
9567_1,0.0030278352
7933_8,0.99861145
5655_10,0.08329193
12076_10,0.9987551
6455_7,0.99877447
7202_10,0.99871576
7747_10,0.9986749
9072_10,0.99821776
11374_10,0.99886644
3032_9,0.9976769
3065_10,0.99856746
1216_10,0.99732697
732_8,0.9981614
7586_4,0.23161423
12012_10,0.99824536
5280_4,0.0029810332
2687_4,0.29421496
7659_3,0.0013250223
2813_4,0.98282325
6992_9,0.9890131
5468_10,0.99877447
10035_1,0.0013045068
10283_10,0.9985221
5439_8,0.99818975
8930_2,0.005060332
8681_7,0.9984022
8521_1,0.0010817152
4213_1,0.001622967
9751_1,0.0016743994
935_10,0.9985896
5082_1,0.0012255674
1802_1,0.0010484692
11455_10,0.9984269
1794_9,0.99719906
3708_10,0.9987551
6174_8,0.99657035
2210_8,0.05623634
6259_7,0.9904406
12471_8,0.99879336
3260_10,0.99861145
4717_1,0.0017546144
8673_2,0.0014550629
6362_3,0.002889581
7986_1,0.0014103585
10555_3,0.20946968
10468_2,0.0013670255
5354_10,0.9987356
5760_2,0.001867566
1380_2,0.0047552
12054_9,0.9987551
3794_10,0.99804294
7842_1,0.001648483
2236_7,0.99863297
8449_1,0.0014325365
9993_2,0.0022170132
6947_1,0.0011879054
11369_10,0.97702265
8186_4,0.0032730647
7017_2,0.9750122
725_8,0.9979493
9298_8,0.99827254
1695_7,0.9975274
7762_1,0.0021827165
3466_10,0.93674946
1794_4,0.0011513996
3804_10,0.9984022
7642_3,0.0013250223
9538_10,0.02517884
10107_2,0.001264422
4755_8,0.9962346
9679_1,0.0015487612
11300_1,0.0013045068
8747_3,0.0013250223
4145_1,0.0012843083
8066_7,0.936285
6306_10,0.99877447
6021_10,0.99861145
4860_10,0.9987356
4608_2,0.0019877742
2380_1,0.0017007225
9709_8,0.99871576
8057_4,0.9985896
8624_1,0.0015487612
6117_10,0.9986749
3641_9,0.9981324
8710_3,0.0022170132
9158_10,0.9986749
1129_2,0.002019014
8320_4,0.0038244836
10219_4,0.0013670255
6625_1,0.0027576222
1988_1,0.9959299
5032_1,0.0053018946
1042_7,0.2786492
1895_4,0.0010817152
10057_1,0.001648483
9898_10,0.9988121
3809_2,0.0018969199
7994_2,0.0014550629
2751_4,0.0025509126
3102_1,0.001032231
12393_7,0.58604914
4521_7,0.9079672
11169_8,0.9985896
7227_4,0.9976404
4956_9,0.006003596
7592_9,0.9985221
656_7,0.99788433
11534_3,0.0014550629
774_8,0.99871576
7756_1,0.001867566
2720_8,0.9985221
11227_10,0.99871576
10462_3,0.9764905
4041_10,0.9982993
7327_1,0.0012448432
4056_8,0.9988121
11684_10,0.99877447
5544_8,0.9988121
3799_8,0.9987551
3593_10,0.9987356
4602_4,0.0030753699
2123_2,0.0013885231
9773_10,0.99879336
10956_4,0.0031726828
5139_3,0.0020507437
8804_10,0.99863297
1784_2,0.0032224844
11022_1,0.0014550629
9366_1,0.001133569
12113_7,0.9961755
2375_7,0.41724178
3911_10,0.99869555
10834_2,0.0017546144
9319_1,0.0017546144
3923_3,0.7659437
4630_10,0.9988121
2625_10,0.99832565
10159_7,0.99871576
2339_1,0.002889581
8577_3,0.0018386653
4062_7,0.9986749
6677_2,0.0015247865
7818_8,0.99863297
4939_2,0.0038244836
6937_4,0.997285
1286_1,0.0012448432
878_2,0.0013670255
2357_7,0.99845123
3397_3,0.9980732
11214_10,0.99586606
8045_1,0.0015487612
2943_1,0.0027576222
1518_10,0.99832565
2792_9,0.9987551
6437_7,0.99128854
8734_7,0.99869555
6165_2,0.002396731
11956_2,0.0014103585
7021_1,0.99469805
3369_1,0.60288024
5829_2,0.001477943
11742_9,0.9977482
11370_1,0.002396731
1502_1,0.004609572
9933_1,0.0010649626
4619_10,0.99869555
6842_1,0.06656919
2770_10,0.99856746
2343_4,0.0017007225
3071_8,0.99877447
3046_8,0.9987551
8354_4,0.0013670255
5632_10,0.9987551
3901_4,0.011687259
6950_10,0.9987551
2431_9,0.9978173
10614_9,0.9987551
41_4,0.60533255
5039_3,0.92523
2827_1,0.0015731123
2860_8,0.9985896
6868_9,0.99863297
4597_3,0.9952448
8795_10,0.9980122
11941_7,0.9986749
12442_1,0.0013458604
9736_7,0.99869555
1102_9,0.9982993
4291_7,0.99863297
4523_1,0.001648483
5349_1,0.001810211
3363_7,0.87831426
11393_3,0.0025909794
1647_1,0.0013670255
6143_4,0.07369626
1863_1,0.001477943
10099_9,0.99701905
4163_8,0.9965166
9357_8,0.9988121
10941_10,0.99856746
6883_10,0.9988121
11090_4,0.99586606
3480_1,0.7772999
10795_1,0.9801293
5865_1,0.0017274586
2484_8,0.95292586
3023_4,0.0017007225
2818_2,0.0013670255
719_7,0.005220126
5297_4,0.0020829707
12194_10,0.9987551
2929_8,0.99869555
7911_2,0.002019014
10619_9,0.96432143
5192_9,0.99877447
2170_1,0.3328523
4659_10,0.99861145
8536_7,0.99856746
11119_1,0.0013885231
7887_3,0.99740905
11742_1,0.011331754
5867_7,0.9984988
7538_7,0.9975274
1834_9,0.99869555
6499_8,0.0018969199
2073_10,0.032100707
3881_10,0.9978173
802_7,0.9985896
1733_1,0.001810211
11527_1,0.0019267346
4316_2,0.0014325365
9812_1,0.045692034
8911_10,0.9977482
7687_10,0.9984269
4240_10,0.99877447
1778_1,0.001867566
11822_1,0.001264422
7820_1,0.0012065897
235_4,0.014281935
8373_7,0.99863297
92_1,0.0013045068
716_10,0.9976404
4028_7,0.9987356
5533_7,0.98173577
2605_9,0.99877447
6665_1,0.0014325365
178_10,0.99827254
9886_2,0.03308598
11779_10,0.997285
5124_4,0.0018386653
1956_2,0.0022518474
2933_1,0.0021827165
8737_1,0.0015978455
8755_9,0.9988121
5032_8,0.99886644
9246_10,0.99886644
9610_1,0.001648483
7011_2,0.0016743994
1602_1,0.008985428
3367_1,0.0015487612
2756_8,0.9987356
12042_9,0.99871576
2641_3,0.0013885231
9202_10,0.9987551
1953_2,0.0017274586
5303_1,0.0013458604
975_7,0.99845123
2447_4,0.84695786
294_8,0.997917
11643_7,0.99871576
8743_1,0.0012255674
2661_4,0.005220126
8638_10,0.99845123
4793_10,0.9981614
7461_8,0.9982993
830_4,0.0015487612
5770_7,0.94776917
1989_1,0.001477943
5514_3,0.0016743994
5842_3,0.0015011822
11813_1,0.0013885231
7811_10,0.99827254
7707_4,0.0027576222
1205_10,0.9987356
10326_10,0.9984022
4881_9,0.99818975
8244_10,0.9987551
7647_1,0.0013458604
4376_10,0.99879336
6744_2,0.0035936027
6769_7,0.9988121
494_10,0.997851
6188_4,0.001477943
5859_1,0.001477943
6801_3,0.0014103585
10990_8,0.99871576
6057_8,0.9953181
3017_1,0.007815888
7617_1,0.0022170132
8340_7,0.9979493
746_7,0.037892424
9290_10,0.9977482
1525_10,0.99861145
11044_7,0.99877447
9367_10,0.9987356
5705_10,0.9978173
11375_10,0.9988305
11320_1,0.0014550629
754_9,0.9977482
7040_10,0.9987551
10740_4,0.0013670255
8839_10,0.9986749
11614_4,0.0018386653
10867_9,0.99879336
12406_10,0.99861145
12081_10,0.99837697
8763_10,0.99879336
4103_1,0.0015978455
5600_1,0.0017821962
5345_2,0.0013045068
10679_8,0.6680145
11709_1,0.0024726235
6872_4,0.0012255674
9096_3,0.99687636
3417_9,0.99869555
5154_3,0.9755769
6071_10,0.9985221
5685_9,0.99869555
7937_10,0.9984269
3628_1,0.0017821962
7374_2,0.0012255674
1862_8,0.002019014
6602_1,0.0013045068
1401_10,0.9985221
12157_3,0.0018386653
5636_8,0.99879336
2049_10,0.9984988
9402_8,0.99854493
12455_10,0.9987551
11062_2,0.0016743994
9163_10,0.99736834
2879_7,0.4012185
2840_9,0.9969722
9893_8,0.9985896
11857_1,0.005554925
7776_10,0.99832565
10365_7,0.99760324
6186_7,0.99832565
7071_1,0.0013250223
5132_1,0.001648483
8971_4,0.0029349516
3415_1,0.0013045068
3622_1,0.0019570168
7446_10,0.9986541
4644_9,0.008711384
3923_10,0.99869555
3503_8,0.9985896
8685_7,0.111627996
1683_2,0.0035936027
3417_4,0.0014325365
10443_3,0.0094125895
4620_3,0.99553156
5658_1,0.005384938
4185_1,0.0016743994
3727_10,0.9985896
5334_1,0.0017274586
7113_7,0.030908957
8713_1,0.001016244
2865_7,0.005060332
2956_4,0.0020507437
2455_8,0.99877447
97_7,0.18242551
6789_10,0.9987551
8639_8,0.9985221
1563_8,0.9965166
3169_9,0.99863297
7627_10,0.9890131
1649_10,0.99869555
2287_10,0.9988305
9479_1,0.001648483
7705_1,0.0018386653
10803_2,0.0017821962
6076_9,0.99827254
4263_3,0.0029349516
4726_10,0.9988121
11738_9,0.997783
9250_9,0.9986541
2638_1,0.001133569
11357_7,0.9969246
12135_3,0.0039454065
7296_10,0.9986541
10674_7,0.9985896
7674_9,0.99879336
5575_1,0.0016743994
8120_7,0.9986749
1617_1,0.001810211
7090_3,0.0011695102
3793_4,0.0020829707
2658_10,0.99760324
9942_3,0.9952448
9520_9,0.99871576
10638_1,0.0023596606
9066_10,0.99877447
3408_4,0.0013045068
7526_1,0.01384861
10821_3,0.0015978455
5887_10,0.99856746
12470_3,0.0013250223
4033_8,0.99845123
1949_10,0.99837697
9859_4,0.0029349516
11183_9,0.9985896
8533_4,0.002434382
10236_10,0.99854493
6111_3,0.08570928
5475_8,0.99869555
3342_3,0.004264634
8335_1,0.997981
4812_9,0.99886644
2306_4,0.98866826
4596_7,0.58284724
10431_2,0.0015247865
5077_9,0.99824536
1301_9,0.9984988
8979_9,0.99871576
4226_9,0.9987356
5544_3,0.0015487612
7954_2,0.001867566
3935_4,0.0014325365
7076_4,0.008445628
10208_10,0.99884856
3737_3,0.0023596606
1689_8,0.997783
6585_9,0.99869555
6096_3,0.0023231625
11052_4,0.001477943
7783_10,0.99863297
5157_10,0.9969722
5465_10,0.9985221
11361_10,0.9980122
7560_3,0.9943581
9781_4,0.0025509126
11681_10,0.99879336
6127_7,0.9871788
1799_9,0.99861145
10849_2,0.0024726235
4274_7,0.998103
15_10,0.99854493
11338_1,0.0010005045
5750_2,0.0014550629
9335_8,0.9986749
8359_7,0.9985896
9527_7,0.99877447
1336_1,0.0011160143
9893_3,0.002396731
11229_9,0.9988121
5948_9,0.98657167
9733_4,0.0038844768
6377_8,0.99863297
1427_10,0.9983516
9023_3,0.0014103585
2151_2,0.0013250223
1744_1,0.001810211
6367_10,0.99869555
9143_8,0.9966756
6176_8,0.9987356
11388_10,0.9984269
1493_10,0.9975656
6615_1,0.001264422
4654_2,0.0015978455
599_9,0.9981614
7256_10,0.9987551
11993_1,0.029535338
992_7,0.99877447
8871_2,0.0013250223
11483_1,0.0015731123
3322_1,0.9976404
9827_4,0.8092759
8063_3,0.0017007225
7397_3,0.0025909794
3040_4,0.0011513996
11682_2,0.0047552
8738_10,0.9988305
9905_4,0.0030753699
6437_1,0.001264422
4319_9,0.99871576
5353_4,0.9872773
12207_9,0.97112906
6166_7,0.9985896
12243_4,0.002631674
1219_1,0.0012843083
10292_10,0.99856746
10132_10,0.99877447
6898_10,0.99856746
8469_8,0.997065
10393_1,0.98934746
7509_1,0.0045384313
9468_9,0.9976404
9002_1,0.001477943
891_9,0.9968273
5156_4,0.07751766
2321_1,0.0010817152
11859_8,0.9982993
12262_7,0.9969722
6198_4,0.937669
5699_1,0.0013670255
4252_10,0.0030278352
10618_10,0.99879336
3226_10,0.9987551
7227_7,0.64220816
11047_7,0.99879336
9569_7,0.9986541
8933_4,0.99869555
4513_8,0.99861145
1271_9,0.99877447
6327_2,0.001810211
10012_9,0.9923044
10090_3,0.0020507437
8564_1,0.0017821962
10905_8,0.9988305
6828_2,0.0014325365
1730_1,0.0020829707
3404_3,0.0014550629
12428_1,0.002019014
5180_1,0.0014550629
10554_9,0.99832565
527_2,0.006903838
10296_8,0.99877447
543_4,0.007011795
10235_3,0.12678517
3743_4,0.0027576222
8792_3,0.0028449094
3597_1,0.0018969199
12320_1,0.001622967
11672_8,0.9984269
7237_4,0.0034834242
3726_7,0.03704717
6643_2,0.0013885231
2743_10,0.99877447
10184_9,0.99861145
1929_1,0.004905406
666_7,0.9130583
4548_4,0.0014325365
4153_4,0.0013458604
7356_4,0.0027576222
8843_10,0.99884856
7552_8,0.9987356
6494_8,0.99856746
3547_7,0.9980122
810_1,0.7799929
7672_9,0.99861145
4945_3,0.0015011822
12427_8,0.99740905
749_7,0.9986749
10706_10,0.9988305
10969_1,0.0012255674
340_9,0.99879336
2154_8,0.9985221
3715_1,0.0013250223
2388_10,0.99871576
5905_2,0.008315778
3774_10,0.99845123
3070_1,0.0014550629
4789_10,0.9987356
1509_2,0.0014550629
2350_8,0.9988121
11137_1,0.0012843083
10987_1,0.0014103585
5815_1,0.9923044
7272_10,0.9987356
4651_10,0.9988121
4184_1,0.0012843083
9636_10,0.99861145
8592_10,0.99711037
3068_3,0.0031726828
8899_4,0.001648483
10018_1,0.0012843083
5821_10,0.99877447
3232_4,0.002019014
10795_10,0.9983516
7461_3,0.0015011822
10874_7,0.0039454065
9672_10,0.9987356
1908_10,0.9904406
4014_9,0.016914913
10488_3,0.0013458604
2501_7,0.9984988
12339_3,0.97090924
2698_10,0.99863297
1674_1,0.0019570168
10366_8,0.001648483
12059_10,0.9988121
8285_4,0.0017007225
4120_8,0.9985896
4238_7,0.99863297
10516_1,0.0025909794
2478_9,0.99509466
7807_2,0.0012448432
10704_1,0.0014325365
791_4,0.0023231625
2514_4,0.99861145
3095_10,0.99580115
1770_10,0.99869555
11115_2,0.008577485
10797_1,0.0033766124
11347_1,0.0015011822
7077_10,0.99861145
403_1,0.0014103585
5852_7,0.78464925
8451_8,0.99890125
7013_1,0.0013250223
10346_9,0.99869555
3055_7,0.9987551
4687_1,0.016403032
8467_10,0.99877447
11363_10,0.9986541
277_9,0.9986749
1715_2,0.008985428
9249_1,0.0011695102
1895_10,0.044680875
5505_3,0.0014550629
1323_9,0.9988121
4200_10,0.9980122
682_4,0.0027576222
12020_4,0.0022170132
5824_10,0.99854493
4475_10,0.99863297
891_1,0.0057302467
2713_8,0.9986541
2084_9,0.9968273
1535_3,0.0018386653
7862_8,0.99879336
8055_9,0.9985896
6604_7,0.997783
7714_1,0.0015978455
5606_7,0.99856746
7277_10,0.99879336
3197_1,0.0010649626
406_7,0.07723878
6948_9,0.9986749
4196_8,0.047780063
1723_10,0.99854493
11625_4,0.0022170132
1259_1,0.0014550629
5283_10,0.9986541
8407_4,0.0022518474
5561_8,0.99879336
7653_3,0.002889581
8646_1,0.001810211
8053_8,0.9984988
1879_7,0.9959927
1645_2,0.002019014
12222_7,0.03875619
3966_1,0.0023231625
4754_1,0.0015487612
8920_9,0.9984269
11920_9,0.9987551
4747_2,0.001648483
2108_8,0.010902373
9017_7,0.9986749
994_7,0.9976404
11155_10,0.9975274
6249_9,0.99869555
5926_9,0.9987356
12486_1,0.0460339
4918_8,0.99847525
1357_9,0.9987356
6051_2,0.009936419
4589_10,0.99155444
12401_4,0.0019877742
4083_8,0.99877447
10373_10,0.9988121
7467_8,0.9966234
2220_1,0.0012448432
6882_7,0.99760324
10551_10,0.9985896
4043_10,0.99869555
11078_8,0.9971551
4280_9,0.9988305
8594_10,0.99879336
10652_9,0.9985221
2206_10,0.9986749
9014_2,0.0017274586
10215_4,0.0023596606
3549_2,0.0012448432
10445_1,0.0012843083
10819_9,0.99871576
10691_1,0.001477943
3855_10,0.99879336
7809_2,0.004133968
3022_7,0.9984988
694_8,0.9986541
13_9,0.9987551
10972_10,0.99886644
9187_1,0.0021489493
12354_3,0.5843305
4793_1,0.001810211
10696_1,0.0019877742
12446_1,0.0011879054
1488_10,0.99879336
904_10,0.002019014
11057_1,0.0010987311
2132_8,0.99586606
1406_10,0.99879336
11366_3,0.001622967
9957_4,0.02576056
12096_1,0.00092538487
3827_3,0.0024726235
11686_2,0.0010649626
4387_9,0.9986749
9955_9,0.0062899017
12103_10,0.9985221
11506_10,0.9986749
793_1,0.9918121
8001_1,0.0011695102
8823_4,0.008711384
1787_7,0.9987551
5484_10,0.9986749
3557_9,0.9982993
615_8,0.9987356
410_2,0.011331754
5800_2,0.002019014
3143_4,0.0023231625
11359_2,0.0012448432
7016_10,0.9986749
3711_2,0.0012255674
8580_10,0.936285
5615_9,0.9987356
9202_2,0.0013250223
4776_2,0.0022518474
8436_10,0.99847525
2097_8,0.997851
6935_4,0.9962346
2656_1,0.0012255674
11446_7,0.99845123
5392_4,0.0025509126
6451_9,0.9987551
11054_8,0.99837697
8677_8,0.9437636
8761_3,0.032589745
9297_1,0.0011695102
12480_2,0.001810211
11736_9,0.99341017
4156_8,0.99863297
1955_10,0.9988121
12350_1,0.0038244836
5439_1,0.0015487612
1342_10,0.99861145
7271_1,0.001810211
1868_4,0.96485513
4497_9,0.99863297
1729_10,0.9987551
4593_8,0.96124375
11296_7,0.99837697
9573_4,0.99824536
11678_2,0.0022872274
6790_9,0.99877447
12298_2,0.001648483
9839_3,0.0032224844
1348_1,0.001133569
7004_8,0.99832565
10414_10,0.9987551
3826_3,0.0014103585
9313_4,0.92523
10543_3,0.0014550629
6909_9,0.97966766
11377_10,0.9988121
2591_9,0.9984022
11355_2,0.0013045068
9274_8,0.9985221
4521_4,0.006692851
12208_9,0.99871576
4948_2,0.0010649626
3732_1,0.001622967
12096_10,0.9986749
7135_3,0.0094125895
10310_8,0.99863297
1959_1,0.0015487612
10383_1,0.0014550629
106_9,0.99856746
7085_7,0.9987356
11070_8,0.99879336
6850_10,0.99863297
12476_4,0.0064882697
1917_10,0.9987356
1341_3,0.0021827165
4062_1,0.001867566
5594_4,0.35499188
11963_1,0.008577485
2777_9,0.99863297
9871_7,0.98934746
949_8,0.02479816
7436_10,0.9985896
738_10,0.97112906
4893_1,0.0019570168
6100_10,0.99509466
10219_9,0.9985221
4004_2,0.011508149
5945_10,0.9988121
10183_9,0.9987356
3465_10,0.99863297
4408_1,0.0012448432
5810_7,0.9974885
188_3,0.004070138
7835_1,0.0038244836
1648_9,0.99827254
7971_8,0.99871576
11809_1,0.001133569
5352_10,0.9904406
1476_8,0.99845123
602_10,0.9987551
9669_2,0.0014550629
93_9,0.9987551
10787_10,0.99732697
10958_8,0.9986541
6608_1,0.0014325365
7058_10,0.9987551
4401_10,0.99821776
9315_8,0.9964619
9670_3,0.0048297215
10537_3,0.0010649626
1033_2,0.0013885231
12085_10,0.998103
9373_7,0.99879336
8302_2,0.0017821962
10138_2,0.002889581
6814_10,0.99879336
9778_1,0.0012448432
5149_7,0.99877447
6191_3,0.15559098
7466_3,0.004331502
10051_2,0.0010817152
5262_2,0.005384938
2906_1,0.0011513996
8625_9,0.86838096
2118_4,0.0039454065
11547_3,0.0017821962
11384_7,0.9987356
123_10,0.99871576
11115_7,0.9986541
9348_10,0.99884856
568_9,0.98159516
7731_9,0.9988305
6548_8,0.105948284
9235_4,0.002673006
430_10,0.9988305
10790_1,0.0009850082
10691_10,0.9987356
2324_9,0.9987356
11031_1,0.0013250223
5465_4,0.007815888
5545_4,0.0010649626
5546_10,0.9987356
9010_2,0.0011513996
7205_10,0.99856746
7580_10,0.99824536
2052_3,0.0015247865
6284_7,0.9986749
12001_3,0.0012255674
3458_9,0.9986541
9013_2,0.0017274586
5839_4,0.9167081
10809_10,0.9986541
3077_2,0.0023231625
11373_3,0.0011879054
7083_9,0.9986749
10846_10,0.9986749
11815_10,0.99877447
4730_1,0.0015011822
3320_7,0.5433129
4782_10,0.99854493
3410_3,0.0016743994
5142_10,0.9987551
3947_1,0.0018386653
3016_8,0.013020489
12114_4,0.9522199
11039_8,0.9986541
5902_7,0.91964257
5351_8,0.99854493
1654_10,0.99871576
5731_4,0.0031726828
10985_9,0.99837697
8724_1,0.0015978455
9854_3,0.0021489493
2054_1,0.0012065897
11385_4,0.42488918
5919_4,0.0013670255
9898_1,0.0012065897
11874_8,0.9982993
4496_3,0.00498227
5231_1,0.0010484692
10070_3,0.0013250223
2345_8,0.99871576
9311_10,0.9988305
1036_10,0.9986749
6603_4,0.0011879054
2138_9,0.9967775
10546_10,0.9983516
3217_10,0.99871576
12188_10,0.9988305
5986_2,0.020645931
352_10,0.99869555
8557_3,0.0022170132
10453_10,0.99861145
4397_4,0.0015978455
673_2,0.0037654138
10305_10,0.99884856
11985_1,0.0015978455
3457_1,0.0048297215
500_1,0.0015487612
10637_9,0.8872046
8144_10,0.99845123
8485_1,0.0020829707
1632_7,0.99701905
2404_8,0.99877447
11489_10,0.9987551
7590_1,0.0013670255
12460_2,0.0153063545
11729_10,0.9984022
2796_7,0.9984269
8015_2,0.0015011822
8258_4,0.0011695102
2272_3,0.9877587
7178_10,0.99861145
8476_8,0.9985896
3411_4,0.001648483
8319_10,0.998103
11799_10,0.99869555
8585_4,0.9974885
4640_10,0.99856746
12199_1,0.001810211
8380_7,0.9984022
8712_10,0.99877447
12482_9,0.99871576
4813_1,0.0019267346
119_9,0.99760324
7850_10,0.9984988
5536_1,0.0025909794
10576_1,0.001648483
2803_1,0.0028009268
11788_4,0.0010649626
6681_3,0.007121429
2503_10,0.9986541
88_3,0.0043994132
7389_4,0.9813107
8793_9,0.99884856
4911_7,0.99854493
6495_4,0.0012843083
10670_1,0.0018969199
2203_10,0.9985896
7588_10,0.99804294
7095_7,0.9988121
6748_8,0.9964064
10348_1,0.0027149855
2568_8,0.7613611
10292_2,0.34709436
1112_3,0.0021827165
5322_7,0.9965166
4291_4,0.001264422
1212_7,0.91730267
7963_10,0.9977482
6156_1,0.0015487612
713_1,0.0019267346
11606_8,0.99869555
10975_10,0.99856746
4638_10,0.9983516
800_8,0.99863297
1389_3,0.008445628
10045_1,0.0014550629
3529_1,0.0022518474
1921_2,0.0013250223
4824_8,0.9984022
10688_10,0.99854493
84_10,0.99879336
225_3,0.0020829707
9756_10,0.9985896
7601_8,0.8987666
6342_3,0.0034296038
7711_1,0.0012448432
12133_7,0.9988305
8026_3,0.002434382
4551_10,0.99879336
545_4,0.002434382
343_1,0.7620701
10788_4,0.9257686
8711_2,0.0029810332
5493_10,0.9988305
9358_1,0.9978173
2185_3,0.0014325365
9720_2,0.0011513996
4481_8,0.9986749
6528_2,0.0022170132
11928_8,0.99847525
6591_7,0.9987356
10876_1,0.07531231
11253_10,0.004681822
2190_3,0.0036499873
4281_3,0.0012843083
7971_3,0.003538086
11649_2,0.0015247865
5199_3,0.036769465
12258_3,0.89368117
5922_8,0.998884
11136_1,0.0012843083
7941_10,0.99863297
1412_7,0.9988305
11053_3,0.9953904
5586_10,0.9988121
5762_9,0.9952448
8328_3,0.0017546144
10354_4,0.010986943
3563_8,0.99869555
8246_2,0.013532149
7740_10,0.99879336
4972_1,0.001477943
832_4,0.41513598
11386_10,0.9985896
1273_3,0.012624948
5085_2,0.01883313
11414_4,0.9933072
885_8,0.99869555
3943_10,0.99827254
898_9,0.9985896
8168_10,0.9988121
9779_10,0.99884856
830_7,0.9986541
77_10,0.9988305
648_8,0.9987356
10629_10,0.9981614
89_10,0.99879336
11955_9,0.9985221
7883_9,0.99871576
243_4,0.008061991
5148_2,0.0013250223
1056_3,0.99871576
5206_10,0.9988305
8777_10,0.9986541
2969_2,0.0012448432
6729_8,0.99863297
11860_1,0.024423089
6307_4,0.0031236487
11589_1,0.0023231625
8016_1,0.0012255674
3461_8,0.9987551
8767_1,0.0010484692
7692_10,0.997783
12281_8,0.99856746
7763_1,0.0075772414
5301_9,0.997065
5112_10,0.99871576
10757_10,0.9985896
1066_8,0.9984988
5413_10,0.99871576
2733_3,0.0025909794
8534_10,0.9983516
5915_8,0.9983516
10566_3,0.0017546144
10900_7,0.07978202
3120_10,0.99877447
4394_1,0.0012843083
3090_1,0.0012448432
4379_10,0.9986541
5259_7,0.004198795
10792_8,0.99128854
2599_1,0.0014325365
1912_2,0.0015011822
2517_1,0.9959299
2946_8,0.99871576
3020_8,0.9974885
1850_4,0.9939964
9463_2,0.0010987311
1721_10,0.9988305
7952_7,0.9988305
1806_9,0.9988305
11403_9,0.9982993
2013_7,0.99827254
5556_10,0.9986541
1746_3,0.0076956474
11125_7,0.99879336
9270_4,0.02297737
7343_10,0.99863297
12465_10,0.9988121
8550_9,0.99871576
6213_8,0.94539934
10861_10,0.99869555
4109_7,0.9986541
8652_1,0.0012065897
11546_1,0.0014550629
9133_7,0.99732697
5964_3,0.0013670255
1575_1,0.0020829707
1337_4,0.002631674
7610_1,0.0011695102
49_10,0.99871576
6505_2,0.0017546144
7177_10,0.0025909794
5947_7,0.9975656
1723_3,0.002631674
9055_7,0.99845123
7972_1,0.0019267346
5340_8,0.010986943
6938_8,0.005220126
12400_8,0.9969722
552_9,0.9986541
11844_9,0.9986749
1080_1,0.001016244
3078_10,0.9987551
8713_9,0.99886644
7300_1,0.0019877742
12464_1,0.0014325365
3812_10,0.11397346
3313_4,0.008061991
6880_4,0.009559399
5478_9,0.9977482
10951_7,0.9980732
3327_8,0.99629277
6332_10,0.9964619
4385_8,0.9981324
2387_10,0.9986541
5756_3,0.0022872274
4020_7,0.994615
6190_8,0.9988121
517_8,0.9954615
9018_3,0.021615336
9449_10,0.9988121
10715_3,0.0012448432
8195_8,0.9986749
9605_10,0.99605453
4309_9,0.99869555
1783_4,0.0021827165
1658_10,0.9983516
1403_7,0.93991333
4268_1,0.0013045068
4822_1,0.001867566
717_4,0.002396731
7768_10,0.9988305
7803_2,0.0015978455
7190_8,0.9987551
11035_1,0.0010484692
6288_10,0.99837697
10690_1,0.0015011822
714_10,0.9986749
9210_10,0.9987551
12462_1,0.001133569
9325_1,0.001264422
8370_8,0.99804294
10583_1,0.0033244372
4016_10,0.9987551
6465_4,0.010169657
1512_9,0.9980732
4769_8,0.9987356
11160_7,0.99871576
2175_1,0.001133569
12261_7,0.99884856
685_8,0.99390244
9208_10,0.9980122
6296_1,0.0011695102
8210_4,0.0028449094
11237_4,0.0013670255
8139_10,0.99879336
6996_3,0.61895317
5168_1,0.001264422
5528_3,0.0038244836
6635_1,0.9914225
1670_8,0.9987551
7099_4,0.0020507437
2239_1,0.99687636
7313_4,0.7025301
3304_2,0.0015247865
10505_1,0.0011513996
9681_10,0.9986541
7569_4,0.5502557
9926_4,0.0020829707
8339_8,0.99877447
8553_10,0.9987356
387_1,0.0016743994
4715_9,0.99771273
11447_1,0.001648483
7425_1,0.005554925
10514_1,0.0017007225
6979_10,0.99877447
3104_1,0.0012843083
6833_4,0.04115289
5931_3,0.007121429
12103_2,0.0021157034
9413_1,0.0010649626
2730_7,0.001622967
7293_10,0.99856746
8479_9,0.9987356
9099_7,0.99719906
2061_4,0.0038844768
4680_7,0.9988121
4067_1,0.0064882697
4663_2,0.0014325365
3069_1,0.001264422
8739_7,0.9985896
8279_2,0.0029349516
11078_1,0.002396731
7917_1,0.0012448432
7636_8,0.99847525
5071_8,0.99736834
1720_10,0.99879336
885_3,0.002019014
734_1,0.0019267346
6309_9,0.9987356
4346_3,0.0021827165
4087_10,0.9986541
678_1,0.00095473166
8348_8,0.99856746
3572_2,0.12252322
10285_1,0.2881683
11126_4,0.0075772414
8071_2,0.0013458604
8150_10,0.9985221
4652_4,0.040237945
3674_8,0.99788433
1046_9,0.9987356
1986_8,0.9987356
2516_1,0.94458723
11758_1,0.001477943
4747_8,0.997981
10426_4,0.0013045068
4331_1,0.001133569
9146_3,0.0013670255
312_10,0.99877447
4160_9,0.99871576
5277_3,0.0015011822
4896_7,0.008445628
4327_9,0.14366761
4136_3,0.0023231625
2324_2,0.013020489
10407_10,0.9984269
5081_10,0.99879336
2892_2,0.0019570168
367_3,0.0016743994
6523_3,0.0012843083
9037_7,0.9334308
8790_1,0.0011695102
1839_8,0.9988121
4149_3,0.0014325365
7950_3,0.0011879054
1686_2,0.0030753699
7855_1,0.0013045068
2844_10,0.99877447
4006_1,0.0024726235
1077_10,0.99884856
9294_3,0.03461884
8866_1,0.0022872274
8414_3,0.0015247865
11736_3,0.015906392
11683_9,0.9976769
6399_10,0.99586606
4876_2,0.001477943
8818_10,0.9988121
8874_3,0.0015247865
2595_7,0.99586606
9287_1,0.004264634
11446_3,0.0030753699
10016_3,0.57128835
10381_8,0.99863297
2222_1,0.010818449
10875_7,0.99861145
5708_8,0.99821776
2727_9,0.9987551
823_1,0.0013670255
3616_2,0.0013045068
10522_1,0.0017007225
5340_3,0.036493763
4218_9,0.9916842
6551_4,0.009125638
4506_7,0.99871576
487_3,0.0015247865
3215_2,0.001622967
3884_10,0.9988121
8163_1,0.0012448432
4878_9,0.039937317
10428_10,0.99827254
6394_10,0.99871576
5318_2,0.0013458604
4829_3,0.0062899017
9175_8,0.9986749
10213_7,0.0269635
1484_10,0.99869555
9646_10,0.9987356
755_1,0.001264422
4988_1,0.0019877742
10640_3,0.0031726828
2780_4,0.0016743994
5867_2,0.0014325365
9212_10,0.99824536
8554_4,0.007815888
4703_3,0.97068775
8779_8,0.9986749
953_10,0.99732697
10349_8,0.99871576
3280_10,0.99884856
3646_8,0.9986541
6054_1,0.0011695102
4894_3,0.74502754
11235_10,0.99847525
513_8,0.9986749
4166_1,0.0015978455
742_8,0.8610715
7671_10,0.99877447
2835_4,0.9688562
8556_10,0.9987356
4764_7,0.9981614
1626_3,0.0011513996
6883_4,0.001622967
1014_4,0.0038244836
9419_10,0.9983516
7918_8,0.99371004
8912_2,0.002019014
7996_3,0.003707253
5045_2,0.001477943
9612_2,0.02517884
1658_2,0.0010484692
4373_2,0.0015011822
11771_7,0.99863297
5458_4,0.0029349516
10492_1,0.0011879054
5551_8,0.9986749
811_1,0.001477943
12209_9,0.87191176
1514_1,0.0030278352
6684_9,0.99886644
4604_7,0.9988305
3350_1,0.0012065897
3336_7,0.9987551
9645_4,0.0013045068
1664_9,0.7866228
5109_8,0.9988305
9294_8,0.9981614
7439_3,0.0011160143
9098_10,0.9987356
10353_2,0.002019014
2356_4,0.001810211
884_1,0.7352616
704_2,0.0013045068
9429_4,0.20689406
11563_1,0.0011160143
10345_7,0.99029154
12301_4,0.0015978455
1021_7,0.9932025
6353_1,0.0053018946
2608_7,0.9987356
10508_1,0.001867566
263_1,0.0013458604
10127_10,0.99854493
11517_4,0.0048297215
4758_4,0.003538086
2210_4,0.010986943
12396_1,0.0011160143
9405_7,0.99863297
5945_2,0.004264634
1931_3,0.004681822
3972_9,0.99771273
7949_3,0.45338288
1958_10,0.9988305
5834_7,0.99847525
11040_1,0.0014550629
9453_1,0.0011879054
5841_10,0.9985896
1144_10,0.99879336
5678_2,0.0024726235
11361_3,0.001648483
5999_1,0.0014325365
11810_4,0.07004896
10502_1,0.0015011822
11821_10,0.99863297
8270_10,0.99711037
4627_4,0.99827254
5588_2,0.0020507437
4877_1,0.0014325365
2289_8,0.99657035
2582_10,0.9988121
8749_1,0.0015731123
1653_1,0.0015011822
7060_3,0.001133569
4299_1,0.0020507437
7198_10,0.91490096
5597_9,0.99877447
11592_10,0.99854493
1516_1,0.0013885231
1428_10,0.99863297
9349_7,0.9986749
4182_10,0.99847525
522_10,0.99760324
1942_9,0.9988121
2570_8,0.99871576
1188_2,0.0021157034
7454_10,0.99871576
6859_8,0.99863297
4278_9,0.99871576
3538_8,0.9984022
6499_1,0.0018969199
7715_1,0.0015247865
5847_1,0.0013458604
2109_10,0.99886644
7570_2,0.0025114634
3725_1,0.0010484692
8736_2,0.4973145
2007_10,0.99871576
9738_10,0.99854493
2763_7,0.99845123
9081_2,0.8543993
6647_10,0.9987551
11207_1,0.43662205
5182_3,0.0025909794
2171_10,0.997783
9091_1,0.2877678
3970_3,0.0025509126
7432_9,0.99863297
2169_2,0.0011879054
720_1,0.0015247865
866_2,0.0012255674
567_3,0.9984269
11812_8,0.99586606
11195_9,0.983343
5877_10,0.9986541
5526_9,0.99869555
792_8,0.9987551
8673_9,0.9988305
5163_1,0.0011513996
4722_8,0.99877447
11423_8,0.99884856
3239_8,0.9987356
2235_4,0.0020829707
5799_3,0.0012065897
8592_2,0.0025909794
5229_10,0.022286188
9285_10,0.9987551
6092_1,0.007011795
8940_10,0.99804294
12220_8,0.004264634
4417_10,0.9986541
10462_10,0.99879336
3241_9,0.5678168
8744_10,0.99886644
1016_3,0.002396731
7382_10,0.99871576
8458_8,0.99847525
629_4,0.002019014
1971_3,0.0017274586
4471_4,0.002396731
7890_2,0.001867566
10164_4,0.9407897
2176_8,0.09704755
2500_2,0.00581996
1155_2,0.0014103585
7102_8,0.99824536
3618_10,0.99869555
4940_3,0.0014103585
10263_3,0.0020829707
12495_10,0.92359227
7170_9,0.99871576
7322_3,0.003538086
2938_10,0.5796384
8128_8,0.9987356
4900_1,0.0013885231
5672_7,0.971564
3387_10,0.9985896
806_1,0.0017007225
7385_2,0.0015011822
3043_4,0.0013670255
6845_10,0.99827254
979_3,0.052618954
6853_3,0.0013458604
4871_4,0.0022518474
12172_8,0.9888419
4105_2,0.0012448432
3171_4,0.009268014
8686_10,0.99861145
10187_1,0.0011513996
5305_7,0.0028009268
1728_10,0.9986749
11284_4,0.9965166
443_2,0.002889581
8542_9,0.9986749
7634_2,0.0027576222
2598_1,0.0024726235
124_2,0.01627746
10145_8,0.99877447
63_1,0.001133569
5522_3,0.09670579
1264_9,0.99847525
12181_10,0.99719906
6508_1,0.0018386653
2146_3,0.0019267346
5449_4,0.005641909
2660_9,0.9987551
6594_4,0.0015247865
6285_8,0.99837697
12200_10,0.99847525
6710_1,0.0014325365
10399_10,0.99847525
6703_1,0.0013670255
5795_8,0.99863297
3427_4,0.0022170132
11306_10,0.99871576
6641_3,0.002889581
9364_9,0.9666631
6963_8,0.0021827165
6896_10,0.99629277
10154_10,0.9986749
4690_10,0.99877447
8125_8,0.9986541
4978_1,0.0020507437
4999_3,0.0011513996
8921_8,0.99837697
6089_3,0.0025114634
12279_9,0.99771273
1209_7,0.9985896
2083_7,0.9850429
10162_10,0.99879336
1266_4,0.005384938
10892_8,0.9979493
4864_4,0.0013250223
10743_7,0.018264279
6427_1,0.0014103585
8633_1,0.00619299
6158_10,0.9987356
4952_3,0.0017007225
7508_10,0.9985896
637_9,0.19375686
6734_2,0.23231015
10685_1,0.0010987311
6269_4,0.0014325365
9073_8,0.99732697
9551_2,0.001810211
5499_2,0.0011695102
3573_4,0.0015731123
12089_1,0.0014325365
3962_1,0.0075772414
2169_7,0.16132024
959_8,0.99832565
10514_9,0.94165415
4430_7,0.997783
10802_1,0.004198795
280_10,0.9987551
8041_3,0.004609572
9040_9,0.9988121
10653_1,0.0033766124
10783_7,0.99871576
4711_1,0.0011695102
1523_4,0.04177388
3903_1,0.0016743994
4216_8,0.87321484
10108_1,0.0014325365
4098_4,0.0015247865
9433_7,0.99818975
11013_10,0.9987356
3968_10,0.9942697
7916_3,0.0011879054
5859_9,0.99788433
11194_7,0.95759624
9376_3,0.002434382
1808_4,0.0037654138
12029_3,0.0012843083
5854_4,0.055412795
6573_9,0.9988305
6747_8,0.99837697
4366_1,0.0014103585
5868_7,0.9987356
7712_3,0.0039454065
11617_1,0.0014325365
5362_10,0.9987551
1950_1,0.0016743994
9724_1,0.0017274586
7537_8,0.99847525
6950_1,0.0015487612
6035_8,0.9988121
11191_4,0.0031726828
4759_9,0.9988121
1228_7,0.0039454065
10380_1,0.0020507437
271_7,0.99877447
7826_9,0.99832565
4336_2,0.005220126
4209_2,0.0027149855
4898_7,0.97344345
2987_1,0.0010484692
9976_4,0.0013885231
7521_10,0.9986541
5680_2,0.0022170132
4310_10,0.99861145
4484_10,0.9988121
5748_9,0.99869555
6798_3,0.04304285
9598_10,0.99861145
4834_2,0.0014325365
2505_10,0.99879336
1984_8,0.99740905
476_1,0.34004676
11578_1,0.0044683837
2223_3,0.8221891
8215_3,0.010328153
3108_1,0.0022170132
4371_1,0.0015247865
12399_4,0.037326884
4913_1,0.0011695102
8431_8,0.9967269
3445_10,0.99879336
8268_10,0.99871576
4271_10,0.9988305
2136_3,0.0012065897
2479_1,0.0019877742
11798_2,0.0017007225
2893_10,0.99886644
7754_3,0.0014325365
7568_10,0.99861145
6221_8,0.99877447
1687_10,0.9987551
4744_1,0.0012065897
3730_10,0.997851
7543_10,0.99804294
4449_1,0.0017007225
2802_8,0.9987356
2834_2,0.0011695102
11243_2,0.002673006
6638_10,0.99629277
3299_1,0.0017821962
1378_10,0.9986749
1867_9,0.99877447
3371_1,0.002019014
1340_10,0.99845123
1810_10,0.9986541
11773_10,0.9984022
2111_1,0.0022518474
2234_4,0.9092645
4958_7,0.99824536
3514_1,0.0023231625
8488_9,0.9954615
1650_4,0.0016743994
6538_3,0.0011695102
9930_9,0.9986749
10594_1,0.0011160143
6248_8,0.9984269
1384_9,0.997065
11526_3,0.0028449094
9847_10,0.9987356
8994_1,0.0018969199
11595_1,0.0018969199
9840_7,0.9988305
1027_9,0.9988305
11691_2,0.0015011822
1154_10,0.9984022
4599_4,0.0021157034
2126_1,0.01507263
10719_3,0.0012448432
11925_2,0.0013458604
1938_2,0.002396731
7233_7,0.8620035
1747_8,0.9987356
4994_8,0.9984269
10696_10,0.99553156
7348_10,0.99869555
9121_8,0.99566853
902_10,0.9984988
8046_1,0.001032231
3604_7,0.99740905
4886_8,0.9987356
2821_10,0.9986749
10180_8,0.9987356
11376_10,0.9986749
11195_2,0.0015011822
5625_9,0.9987551
9284_9,0.99856746
6747_1,0.038178276
3910_9,0.95695716
11412_7,0.99861145
2456_10,0.99886644
6105_10,0.99863297
5732_10,0.9971551
1960_9,0.99869555
6363_7,0.9911527
9596_10,0.9984988
8605_3,0.014957086
174_2,0.0016743994
8251_1,0.0017007225
8567_10,0.99788433
7007_3,0.003707253
2418_8,0.99863297
12030_8,0.99771273
7626_7,0.9969722
6070_3,0.0013885231
802_1,0.0012843083
10801_10,0.99724233
8559_1,0.0014103585
2495_2,0.9957353
10777_9,0.99877447
2958_7,0.99856746
3701_10,0.9985221
2754_9,0.99879336
1210_1,0.0012843083
7830_10,0.9988305
4523_9,0.9987551
12408_4,0.001477943
5748_1,0.0015011822
3982_2,0.0015731123
9658_8,0.99856746
73_10,0.97719735
3952_1,0.0024726235
4064_8,0.9982993
9835_4,0.9981324
12463_1,0.0031236487
905_10,0.99856746
5634_8,0.99879336
800_3,0.001032231
11576_10,0.99884856
8546_4,0.001648483
8456_1,0.007345827
163_1,0.001648483
7616_3,0.0015487612
17_3,0.0059110695
620_2,0.0013045068
4250_4,0.0025114634
4403_1,0.001264422
7107_3,0.99242276
9691_9,0.99845123
4069_8,0.9986749
3747_7,0.9986749
7930_10,0.9986749
1088_3,0.0030753699
3683_1,0.0022170132
11138_1,0.0017007225
1825_10,0.99879336
9888_3,0.0025509126
8079_10,0.99886644
1508_2,0.0015247865
2471_4,0.0028449094
5238_7,0.99877447
4947_9,0.9957353
1791_10,0.82104415
5824_4,0.00498227
10408_2,0.0029349516
6053_8,0.99847525
6811_4,0.0013045068
6398_4,0.002631674
137_7,0.78199726
3920_9,0.99856746
8179_2,0.0018969199
10602_8,0.00581996
10509_8,0.9974491
7346_3,0.0013885231
2663_1,0.0017821962
1342_2,0.011961098
5714_4,0.0011695102
9669_10,0.9985896
6038_3,0.0051396107
11957_10,0.99845123
750_2,0.0014325365
12386_10,0.9339146
7178_1,0.001648483
8070_8,0.9190633
8993_1,0.0015731123
1178_4,0.016403032
10457_8,0.9987551
5287_1,0.0013458604
3098_8,0.9976404
3505_8,0.9987551
10271_1,0.0037654138
4354_3,0.0012065897
4817_1,0.0019267346
11313_1,0.0017821962
9023_10,0.99818975
8404_1,0.0014550629
11847_1,0.0024726235
5374_9,0.99884856
1009_8,0.99877447
4197_1,0.0013458604
10803_9,0.99824536
6609_9,0.99788433
519_1,0.001264422
7675_3,0.0040072887
10204_10,0.99845123
10565_1,0.0023596606
1641_1,0.0021157034
11170_10,0.99877447
451_2,0.0027576222
4526_7,0.99711037
5639_9,0.99893504
5642_1,0.0011160143
9159_3,0.9969722
11173_10,0.8370879
10772_10,0.46599495
11172_10,0.9988121
10213_4,0.022802636
11256_9,0.9988305
5863_1,0.00096975197
5125_1,0.0021157034
5624_10,0.9987551
10355_10,0.08509905
6623_1,0.0013045068
3674_1,0.001133569
540_8,0.97324073
5202_10,0.9932025
9644_10,0.99884856
4780_1,0.0019267346
2002_9,0.02517884
7228_10,0.99871576
4036_2,0.0015487612
9925_9,0.9985221
1137_10,0.9987551
5679_1,0.0019267346
9162_2,0.001622967
2849_3,0.0012255674
3546_4,0.0014325365
7164_1,0.0011160143
1749_10,0.96741027
11988_2,0.0017274586
365_10,0.99847525
7340_10,0.99854493
1543_3,0.0016743994
6008_2,0.027795624
2230_4,0.0022518474
10105_3,0.0013250223
5443_1,0.0013250223
5024_1,0.0017821962
5630_8,0.99854493
7603_10,0.99884856
12205_10,0.9933072
5910_7,0.99879336
7006_8,0.9986749
3287_10,0.99869555
3136_1,0.0016743994
6547_4,0.012053779
9329_1,0.0011513996
1679_10,0.99877447
1659_7,0.9982993
2015_1,0.001810211
5236_1,0.0010987311
2201_2,0.0017007225
6026_3,0.0022872274
12093_8,0.99871576
11394_10,0.0027149855
9512_1,0.0011160143
8401_3,0.0022518474
5239_8,0.9987356
5018_10,0.9984269
38_8,0.998884
2968_7,0.0226292
5359_3,0.0017821962
10419_4,0.007815888
1551_4,0.0019877742
11346_1,0.004264634
809_1,0.0015731123
9823_4,0.0153063545
10125_8,0.99869555
8819_10,0.9988305
9038_4,0.0023231625
1968_1,0.0022518474
6642_2,0.001133569
9015_10,0.9987551
12198_2,0.0021827165
2758_9,0.929951
9206_3,0.001133569
4370_7,0.99856746
1985_2,0.006903838
3031_7,0.99863297
10172_1,0.0012448432
4527_1,0.0013458604
5458_9,0.99884856
6534_1,0.001622967
4347_1,0.0015487612
11152_10,0.9986541
9238_3,0.0894546
6161_8,0.99879336
2299_1,0.0028009268
1133_1,0.4791381
11774_3,0.0023596606
1095_2,0.0019267346
11311_10,0.99863297
1126_1,0.0011695102
2385_9,0.9986541
10710_10,0.99856746
10106_1,0.0012843083
3363_1,0.0017274586
11480_10,0.99879336
5183_1,0.001264422
7100_7,0.9984022
752_10,0.9986749
11958_8,0.9975274
2518_1,0.03541073
4744_9,0.9969246
53_7,0.9969722
12289_1,0.23405632
9239_4,0.002889581
8758_10,0.9986749
9050_9,0.99861145
10390_7,0.99877447
11780_8,0.0034296038
9518_1,0.0013670255
3442_1,0.0013670255
6316_9,0.99869555
2826_9,0.99871576
5908_10,0.99871576
3720_7,0.9988121
8481_1,0.0017821962
1188_10,0.9987551
2784_10,0.9983516
12352_3,0.9985896
1771_10,0.9984269
5255_1,0.99390244
328_4,0.009268014
313_10,0.9983516
10530_1,0.0011513996
4866_7,0.9987356
8936_1,0.0013045068
10029_10,0.99854493
12383_10,0.9884919
1922_1,0.0011695102
3012_7,0.9984988
11593_3,0.004609572
8661_1,0.001264422
10457_1,0.0021157034
8074_4,0.9987356
11993_10,0.99845123
6_7,0.9985896
2542_9,0.99871576
11454_3,0.0010817152
6776_4,0.9883128
9466_1,0.010328153
11100_4,0.0013250223
6429_10,0.99837697
11218_3,0.99732697
8310_1,0.0015978455
7432_4,0.0013885231
10115_1,0.0013458604
11127_7,0.99863297
3306_2,0.0023596606
6998_7,0.00498227
12166_2,0.0018969199
7792_10,0.9984988
9250_1,0.0012843083
3351_7,0.99861145
3350_8,0.99861145
2393_3,0.017712297
5473_3,0.004070138
73_4,0.0054692742
1504_1,0.001264422
10317_10,0.9984988
5795_1,0.0012448432
1511_9,0.9801293
2537_2,0.28180075
8010_4,0.0012843083
1616_3,0.001810211
4332_2,0.0014325365
8499_1,0.002631674
1636_8,0.99818975
7752_3,0.001477943
5848_7,0.9952448
5370_2,0.007937994
10600_10,0.9977482
5501_3,0.001264422
9948_7,0.98481095
10683_4,0.0015487612
10013_4,0.0031236487
11704_2,0.0012255674
431_9,0.9984022
11855_10,0.9976404
2671_7,0.9918121
5831_2,0.003538086
7920_10,0.997981
276_1,0.98625773
6245_2,0.014172365
89_3,0.0011879054
7871_1,0.001133569
1707_1,0.0013458604
6640_1,0.0015978455
723_10,0.9985221
11391_1,0.0023596606
3534_3,0.0011879054
10449_10,0.99877447
180_10,0.9987356
5128_1,0.0021827165
471_10,0.99886644
2341_10,0.99871576
3204_7,0.99856746
1818_10,0.99879336
4489_10,0.9923044
12034_10,0.99242276
11264_10,0.99854493
8077_7,0.0022872274
12206_10,0.9966234
11549_3,0.0022518474
8993_10,0.99869555
1937_4,0.001264422
7778_3,0.0027576222
9714_9,0.9695556
7219_4,0.0018969199
6518_4,0.001477943
8421_10,0.9987551
10563_2,0.001622967
2527_9,0.9988121
11147_10,0.99869555
832_7,0.99351174
8972_7,0.0021157034
2311_9,0.99869555
6794_1,0.0015978455
1769_10,0.99861145
11130_1,0.0028449094
8331_3,0.0019570168
5564_10,0.9984269
2594_10,0.9943581
11037_1,0.0017274586
6679_9,0.9986749
419_4,0.002434382
2635_10,0.9985896
4436_4,0.0030753699
10972_1,0.001477943
708_3,0.017442483
9113_1,0.0017274586
1438_9,0.99871576
2048_4,0.0012448432
4488_10,0.99821776
7889_3,0.0031726828
11498_9,0.9988121
8780_1,0.002673006
2036_7,0.99886644
1861_1,0.002019014
581_4,0.002434382
9253_10,0.9986541
977_4,0.99824536
5693_7,0.9987356
6515_9,0.99871576
9378_1,0.0025909794
6695_2,0.002631674
8507_1,0.015189049
829_2,0.0017007225
11023_8,0.9987356
70_1,0.002019014
3669_8,0.9986541
10033_8,0.99884856
9158_4,0.0014325365
817_1,0.0015247865
4679_1,0.0011513996
8133_4,0.0023596606
3531_1,0.0018969199
10742_1,0.0031236487
5579_3,0.001622967
9041_1,0.0019570168
4938_1,0.001622967
4246_9,0.9869795
4275_9,0.9956006
6819_3,0.0016743994
6327_7,0.99128854
6101_10,0.047425874
11852_2,0.0011879054
10252_10,0.9986749
4348_8,0.03461884
5328_4,0.002673006
11964_9,0.998884
8634_1,0.0020829707
3702_8,0.9987356
1677_2,0.002396731
5907_1,0.0021157034
8432_10,0.99890125
3570_3,0.9872773
9624_10,0.9987356
11466_4,0.0016743994
9062_10,0.99879336
12336_1,0.0011879054
3476_1,0.0013045068
7033_2,0.001477943
2660_3,0.0037654138
741_1,0.0012065897
11490_1,0.0014103585
6580_7,0.99877447
1807_3,0.0014103585
4785_1,0.0014550629
6319_10,0.9968273
4437_8,0.99861145
3533_10,0.99879336
12119_3,0.004331502
151_8,0.9988121
7829_7,0.02479816
5497_1,0.0015247865
7477_10,0.99879336
5879_10,0.99861145
8068_10,0.9986541
7989_3,0.99509466
8480_10,0.99804294
10352_10,0.9987551
120_2,0.0012065897
10135_3,0.002673006
8091_1,0.0015978455
8505_8,0.997981
3282_1,0.80069196
11570_10,0.99847525
11052_8,0.9979493
5549_10,0.9987356
3891_8,0.9987356
3537_9,0.9987551
8503_3,0.009708476
3995_4,0.99821776
10979_3,0.0014325365
11681_1,0.0019570168
536_7,0.99871576
11739_8,0.99879336
6951_10,0.99877447
6210_2,0.0017274586
1449_4,0.99486035
11860_10,0.997783
11149_8,0.9988305
4021_7,0.9986749
5104_3,0.0027576222
2989_3,0.0015011822
10112_10,0.9987551
6718_1,0.0011879054
7654_4,0.7779754
9481_10,0.99854493
7984_2,0.001264422
1348_8,0.99884856
11079_8,0.9978173
9554_10,0.99871576
8617_8,0.9987356
315_8,0.99879336
6085_8,0.9984988
1823_9,0.99845123
3208_10,0.99869555
924_4,0.25128007
6479_10,0.9988121
7017_10,0.9314625
8595_4,0.0065897712
4532_10,0.9987551
5145_4,0.004070138
2358_7,0.99509466
11151_4,0.0012065897
10238_7,0.9986749
564_9,0.06754669
4054_10,0.9987356
8852_9,0.99884856
10137_10,0.9986749
7014_3,0.0012065897
1533_4,0.0014103585
8257_2,0.0047552
8719_8,0.9981614
5041_1,0.0017546144
1469_9,0.9977482
11726_3,0.0017821962
2002_1,0.001477943
12293_3,0.0021157034
3672_1,0.0010817152
11110_10,0.99877447
3931_1,0.0051396107
6972_1,0.0012255674
10186_1,0.0012843083
9265_3,0.0019570168
7412_3,0.13251455
5427_2,0.001867566
5006_4,0.0057302467
3199_1,0.001133569
6256_8,0.70578504
418_9,0.99869555
8834_9,0.9986749
5093_10,0.9988305
3190_2,0.001622967
12360_4,0.0011160143
9477_1,0.0015978455
6085_1,0.0013045068
7773_10,0.9986541
255_4,0.0039454065
1661_1,0.0013250223
1627_10,0.9987356
9204_2,0.001810211
3704_8,0.0019267346
11898_9,0.99863297
1137_1,0.0025509126
101_9,0.9933072
1142_1,0.0011879054
5314_8,0.9986541
10932_4,0.001264422
9639_2,0.0031726828
12125_7,0.9988305
10998_1,0.0015487612
5186_7,0.9908744
10340_1,0.07585818
7419_8,0.9985896
6929_3,0.001867566
7238_4,0.0022518474
10869_7,0.9879462
4106_1,0.0013458604
6589_2,0.95150405
9619_7,0.9974885
7116_4,0.99193794
8889_1,0.0014103585
3901_9,0.9987551
7052_7,0.99657035
6439_1,0.0014325365
5309_1,0.001477943
4515_3,0.012624948
3029_4,0.0028009268
10310_1,0.0011879054
12350_10,0.9988121
532_8,0.004331502
11145_8,0.99863297
75_10,0.99884856
6137_3,0.0010484692
1637_2,0.001648483
12327_10,0.99869555
2177_7,0.99861145
1879_1,0.0029810332
8745_2,0.001264422
3099_8,0.99854493
7354_4,0.0017546144
10103_1,0.0012843083
3296_10,0.99884856
8494_9,0.99884856
3423_4,0.9981324
7609_8,0.003707253
4265_10,0.9981614
1872_7,0.99847525
10987_10,0.99818975
2849_7,0.99869555
628_1,0.0013250223
1391_1,0.0018969199
7456_1,0.0011695102
12150_1,0.001264422
7718_9,0.99879336
5787_3,0.002673006
12162_8,0.1732882
11670_7,0.9974885
1784_8,0.96323055
7483_8,0.99847525
9564_9,0.91181
10832_9,0.99871576
12230_1,0.0013458604
2291_8,0.99871576
8416_3,0.009936419
9486_10,0.9985221
8153_10,0.99877447
5164_10,0.99869555
6347_8,0.99871576
7773_2,0.0017274586
12215_1,0.0011879054
10039_8,0.9986749
9803_9,0.9988121
1589_1,0.0013250223
1615_9,0.9985221
119_3,0.001264422
623_8,0.99879336
10427_1,0.001032231
11697_4,0.0946777
6168_2,0.0015978455
2658_3,0.0019267346
1841_4,0.0017274586
10572_1,0.001622967
6964_8,0.010248601
5172_1,0.002396731
989_7,0.46004626
159_10,0.99879336
5240_1,0.001133569
11777_1,0.0013670255
8350_3,0.0012065897
2565_1,0.0011695102
7694_10,0.9987551
7759_1,0.001622967
3003_4,0.002889581
7128_2,0.0011879054
8147_4,0.0030278352
6595_9,0.9983516
8949_3,0.97903574
9848_4,0.0014103585
7496_8,0.9987551
11857_10,0.9986749
3237_1,0.001264422
5404_1,0.001477943
10699_8,0.9985221
6138_4,0.0010649626
909_4,0.92468774
11833_10,0.9987356
11817_10,0.9983516
171_2,0.0022518474
2517_7,0.9979493
10307_7,0.9881309
370_2,0.0094125895
5995_8,0.99845123
4612_1,0.0012065897
6561_8,0.99871576
7454_1,0.0010987311
2951_2,0.0015731123
8860_1,0.001133569
411_3,0.0036499873
664_3,0.0011513996
4345_10,0.99869555
4452_1,0.0039454065
2833_2,0.0011879054
10374_3,0.113579586
9322_1,0.38944498
9923_3,0.0010987311
8687_3,0.96485513
7567_9,0.9978173
137_3,0.0010484692
7872_1,0.001264422
6968_4,0.0014325365
1540_10,0.9986541
9157_10,0.99740905
4102_10,0.9986749
6645_1,0.0019570168
7630_10,0.99605453
3958_9,0.71383077
11437_9,0.99884856
6982_1,0.001133569
4870_2,0.002396731
3545_7,0.99861145
204_1,0.0010817152
6844_10,0.98549646
4736_1,0.0010484692
9120_9,0.99845123
1608_1,0.0014103585
1251_10,0.9987551
12315_10,0.9987551
11754_10,0.99877447
2399_3,0.0059110695
11499_8,0.99832565
3870_10,0.99847525
5503_10,0.99877447
4045_10,0.99869555
3063_1,0.0039454065
10914_7,0.9884919
8509_10,0.997917
5872_1,0.0019570168
5729_4,0.0013670255
10865_2,0.0015978455
10218_4,0.0015247865
2096_4,0.0062899017
11344_1,0.0032224844
10623_2,0.0022518474
11241_10,0.9987356
7254_2,0.01048909
7892_1,0.0013885231
3472_8,0.997917
11637_4,0.07978202
11853_9,0.9986541
1096_7,0.99861145
8508_3,0.0034834242
9400_10,0.99879336
1128_10,0.99724233
5989_10,0.9988305
8021_1,0.00093994394
7860_10,0.99884856
1131_10,0.9985896
5589_1,0.0015487612
5662_8,0.9987551
2161_7,0.95430803
323_10,0.9987551
2431_1,0.20753577
10147_7,0.99871576
2956_7,0.9981614
12005_3,0.0021827165
477_2,0.0017007225
202_9,0.9986749
5710_10,0.9986541
2262_7,0.99818975
7103_8,0.9982993
10237_3,0.010570489
12151_1,0.013121271
7485_2,0.0019570168
2438_10,0.99869555
4069_2,0.0015011822
5593_2,0.0012843083
11163_1,0.088820286
6754_10,0.99877447
9147_2,0.0012448432
9614_10,0.9987551
4427_7,0.97702265
1382_1,0.0022518474
11132_7,0.998103
6371_3,0.0043994132
11221_4,0.0015731123
10071_2,0.01395571
4936_2,0.0017821962
1797_3,0.01461567
6692_4,0.01107216
5816_1,0.0020829707
6163_2,0.0014550629
2042_8,0.9986541
856_3,0.0030753699
1233_10,0.99847525
9537_10,0.99871576
9504_9,0.99877447
788_10,0.99877447
3399_8,0.99869555
7142_4,0.0019570168
10371_4,0.0065897712
760_7,0.9984988
3614_10,0.99861145
3314_1,0.0019267346
3447_10,0.9985221
12240_10,0.99553156
10083_10,0.998884
9936_10,0.99861145
7651_10,0.9988121
1470_1,0.0015978455
2703_7,0.993807
5637_10,0.9986749
6102_1,0.0013885231
8991_8,0.9975274
9606_10,0.99869555
10568_4,0.004070138
7126_10,0.9942697
4203_10,0.99869555
4486_2,0.0013250223
3408_9,0.99871576
2867_8,0.99863297
7338_8,0.99871576
8065_4,0.0014103585
2510_3,0.0013458604
2110_7,0.99818975
4097_4,0.40444866
7484_8,0.09203287
5789_10,0.9983516
8070_2,0.0020829707
867_2,0.019568678
1364_3,0.0013885231
10654_2,0.0011879054
12417_4,0.9974491
10470_10,0.9988121
6544_10,0.002019014
8904_8,0.9967269
10282_2,0.0074606435
497_9,0.9986749
2659_10,0.99566853
9609_7,0.99869555
3010_3,0.97068775
9134_1,0.0011695102
8990_1,0.0011879054
6960_4,0.9904406
9566_9,0.98582757
7923_4,0.0019877742
4542_10,0.9985896
7185_3,0.0012843083
1918_10,0.9988305
2316_8,0.998103
5846_10,0.99804294
1023_10,0.99877447
7141_7,0.9987356
3724_10,0.9984022
3617_2,0.0015011822
7095_1,0.0013458604
12201_10,0.9985896
10309_2,0.8244619
5584_8,0.99845123
2063_10,0.99847525
10874_1,0.0033766124
4084_2,0.0015011822
2765_1,0.001264422
11390_3,0.0019877742
4676_1,0.0017007225
2130_7,0.002396731
12032_7,0.0019267346
9671_3,0.0012255674
816_7,0.9987551
11320_8,0.99361163
1458_8,0.998884
1938_7,0.9985221
2861_8,0.9791955
5768_9,0.99469805
5049_9,0.9987356
8083_1,0.9603612
4825_1,0.0014325365
1740_9,0.99871576
3034_10,0.64980084
9977_7,0.9962346
8459_10,0.99877447
1103_10,0.040237945
3783_10,0.9987551
754_2,0.0014550629
5580_10,0.99871576
3472_2,0.001477943
2640_3,0.2146914
5400_2,0.004609572
5881_10,0.99879336
10970_4,0.024237636
8842_1,0.001477943
5336_8,0.9975656
1398_1,0.002434382
12310_10,0.99877447
6012_8,0.8969756
1508_7,0.5539163
2981_8,0.9975656
576_8,0.99824536
9683_7,0.992062
10336_1,0.0014550629
3345_3,0.0017274586
7683_7,0.99847525
6366_9,0.99861145
6741_9,0.99879336
11396_2,0.0016743994
4964_10,0.99879336
12285_10,0.99886644
11018_9,0.9986749
3902_9,0.9982993
4147_8,0.9987356
1748_10,0.99854493
10084_3,0.95257413
3265_7,0.9979493
6160_1,0.001867566
2984_10,0.9984022
1305_1,0.0011879054
9075_4,0.997065
11710_7,0.9983516
2443_10,0.9987356
938_10,0.9986541
1392_7,0.009859855
10406_8,0.9953904
4302_7,0.99605453
2836_8,0.99845123
2365_3,0.0018386653
98_1,0.55760443
8325_10,0.99871576
300_9,0.99884856
7667_1,0.99856746
4313_10,0.99824536
12450_3,0.0022872274
8582_1,0.0038244836
11325_9,0.9795114
8482_1,0.0020507437
7304_8,0.9988121
9439_1,0.0012065897
2656_10,0.99871576
4306_3,0.0019877742
10079_1,0.0012448432
11172_1,0.0012065897
6095_9,0.99845123
5698_1,0.0029810332
35_1,0.005641909
6043_3,0.0015978455
2261_1,0.0012255674
4784_10,0.9974491
10936_7,0.9985221
5316_10,0.99869555
8361_8,0.997783
10373_2,0.0012843083
500_10,0.99871576
371_4,0.004681822
3434_4,0.0021157034
3654_2,0.0012255674
11280_2,0.9971551
6542_9,0.99845123
10313_10,0.99879336
7267_1,0.011961098
11897_3,0.0017007225
7321_2,0.0019877742
1516_7,0.99854493
1640_1,0.0022170132
9456_10,0.99854493
2769_10,0.99863297
6280_7,0.99861145
12399_10,0.99869555
6206_7,0.9977482
8836_4,0.4266799
5254_9,0.9987551
10903_1,0.0015487612
3966_10,0.9986541
4048_10,0.9987356
1528_9,0.99886644
6219_10,0.9982993
8280_4,0.0030278352
7974_10,0.9942697
6956_8,0.9987551
5975_10,0.9976769
6759_10,0.9987356
963_2,0.00581996
12158_10,0.9987551
148_1,0.005060332
8831_1,0.9394706
11556_9,0.9987356
9038_10,0.99486035
4421_10,0.99877447
5236_8,0.997917
3753_10,0.99863297
9334_3,0.005554925
2444_4,0.0019570168
2890_3,0.0019267346
9132_9,0.9987356
11413_10,0.9986749
3424_4,0.9983516
1258_3,0.0018386653
5277_10,0.99871576
706_10,0.99869555
3527_10,0.9986749
4081_9,0.96095175
3895_2,0.023153413
11528_2,0.002434382
7285_9,0.99869555
12339_7,0.5615755
729_1,0.0059110695
6291_1,0.0014103585
12296_9,0.9987356
5913_10,0.99877447
7770_10,0.99879336
9546_2,0.0018386653
2383_4,0.99861145
6802_7,0.9987356
5445_2,0.0017546144
687_3,0.0012843083
9982_8,0.9987551
11830_10,0.9161096
4271_1,0.0014325365
7279_10,0.99863297
1599_7,0.001477943
10880_10,0.9986749
2838_10,0.99886644
4234_9,0.99863297
7674_2,0.006097562
6156_8,0.99879336
11657_4,0.0021827165
11738_2,0.0017007225
11962_8,0.9981614
10966_8,0.9969722
6421_1,0.0015487612
1476_3,0.0015731123
7022_8,0.9988121
11500_8,0.99861145
6263_2,0.0012843083
8989_9,0.9985221
2395_9,0.997285
9311_1,0.019419348
6386_4,0.0011695102
91_4,0.005641909
3759_3,0.0015487612
11766_2,0.09401018
11290_7,0.9845754
5627_3,0.006903838
3278_1,0.0019267346
9682_9,0.99821776
11894_1,0.0010649626
10387_9,0.99871576
884_8,0.9988305
8408_2,0.0017546144
5772_2,0.04401865
11422_1,0.11838509
9709_1,0.0014103585
701_8,0.99832565
2721_8,0.9987551
4875_3,0.001133569
6356_1,0.0013885231
7446_3,0.0015487612
2440_4,0.0027576222
9732_1,0.0022170132
9109_10,0.9971551
7578_2,0.024609927
11017_8,0.013020489
12498_1,0.0013250223
4942_2,0.0013045068
4939_10,0.9988121
8451_4,0.08151975
6274_1,0.0013885231
11635_4,0.002396731
8931_1,0.0017274586
109_4,0.99869555
11744_7,0.99856746
5351_4,0.9974491
1120_9,0.99877447
10494_2,0.0022518474
5317_10,0.9988305
6139_2,0.0025909794
12322_8,0.9985221
11239_3,0.0021157034
4815_7,0.9916842
11979_10,0.70416015
254_10,0.9975274
10286_3,0.0012065897
6457_10,0.9987356
4662_8,0.99869555
6298_4,0.0014325365
2704_4,0.026155619
11313_10,0.99854493
187_10,0.9985896
1166_1,0.0013670255
12126_3,0.0012065897
1813_9,0.9987356
6282_10,0.99877447
10525_7,0.99827254
8887_1,0.0013670255
11605_7,0.0022170132
6533_1,0.0012448432
1210_8,0.9985221
11904_8,0.997917
10659_10,0.99824536
7004_4,0.0011513996
10260_10,0.99879336
11997_7,0.0014325365
7850_4,0.99732697
2085_3,0.0015487612
11839_1,0.001477943
419_9,0.99877447
4157_10,0.9987551
8253_8,0.99884856
11268_2,0.0016743994
12119_10,0.99827254
10259_10,0.0027576222
978_1,0.0030753699
6848_4,0.0027149855
9368_4,0.0017546144
7863_9,0.9984022
4157_3,0.0013045068
4184_10,0.9982993
2888_1,0.0011695102
8073_4,0.00619299
1755_1,0.015784562
7688_2,0.9968273
5966_7,0.99879336
10673_9,0.99856746
4110_7,0.9053223
699_9,0.99884856
9240_2,0.001477943
3651_10,0.9987551
3933_7,0.9984988
2960_7,0.99871576
10664_1,0.0013670255
358_9,0.9986749
11200_10,0.9980732
4471_8,0.9985896
11661_2,0.013742321
12304_1,0.001622967
2442_4,0.98549646
7134_9,0.9984988
4214_2,0.0010817152
4869_8,0.99635005
6372_1,0.010570489
10236_4,0.02178117
12189_1,0.001133569
9715_8,0.997851
5751_10,0.99863297
166_7,0.7962924
11889_2,0.0017274586
5098_1,0.0015731123
8126_7,0.9987551
9302_7,0.99837697
10430_10,0.99869555
445_9,0.9987356
4550_10,0.99856746
10995_10,0.9986749
7154_1,0.0015978455
3983_3,0.011777842
1446_9,0.99832565
865_10,0.9986749
3012_1,0.001264422
3562_3,0.0017546144
2551_1,0.0012255674
6440_1,0.0019877742
10241_10,0.99871576
1542_7,0.02017732
1405_2,0.0012065897
11835_10,0.99869555
4023_3,0.0012843083
1287_1,0.0013670255
11059_2,0.0016743994
2583_8,0.99832565
1550_2,0.031143833
11382_3,0.001032231
5567_10,0.99877447
11033_1,0.0015487612
5543_1,0.001648483
8631_10,0.9985221
10871_1,0.001264422
6955_9,0.998884
6254_4,0.0064882697
2179_4,0.0031726828
7559_8,0.99861145
12431_8,0.9974491
279_10,0.99861145
2127_8,0.99871576
3803_10,0.047425874
12200_1,0.0012065897
3480_9,0.9985896
5156_8,0.99884856
1718_2,0.0011160143
12145_9,0.9985896
1560_4,0.9975274
11646_1,0.0012843083
10378_4,0.002889581
8281_3,0.0017821962
10393_9,0.9984022
1402_4,0.0025509126
3958_4,0.0010484692
3676_1,0.0013045068
3709_1,0.0013670255
10668_7,0.99837697
11972_1,0.0013045068
4842_1,0.0027576222
1889_8,0.9986541
3990_1,0.007121429
6467_7,0.016914913
5928_4,0.08210663
4639_10,0.99837697
4748_8,0.9988121
5417_10,0.9987356
2351_4,0.009559399
4365_1,0.0015247865
3591_2,0.0011879054
5914_10,0.99847525
8099_2,0.007121429
5510_1,0.001133569
314_10,0.99856746
8544_10,0.99879336
3799_1,0.0015011822
5650_2,0.0022170132
1646_7,0.98866826
11586_9,0.9987551
2389_9,0.99869555
908_3,0.0015487612
654_9,0.9988305
6323_9,0.99869555
3014_7,0.91550726
11312_9,0.03594832
5457_3,0.0012255674
6071_3,0.0017274586
12459_1,0.0013045068
8639_4,0.0011160143
3600_8,0.997981
9052_3,0.06608538
528_1,0.0013458604
7692_1,0.002019014
6885_3,0.0013670255
11395_4,0.9843364
11763_1,0.0036499873
3631_1,0.0020829707
4296_3,0.0022170132
4810_3,0.011687259
6660_2,0.0011513996
850_7,0.99854493
6731_10,0.99879336
12129_1,0.0011160143
11525_7,0.9986749
5782_10,0.9978173
4613_2,0.002889581
4460_8,0.9983516
2992_10,0.99856746
570_9,0.9986749
5908_4,0.0032224844
4677_4,0.0045384313
5791_10,0.9986749
5718_10,0.99879336
12453_10,0.01507263
8364_8,0.998103
7761_10,0.9914225
3459_1,0.002396731
9169_1,0.0017821962
12022_2,0.005554925
10869_1,0.008847355
4997_1,0.0012843083
2430_8,0.0033766124
5011_4,0.0015247865
3011_1,0.0017274586
8425_3,0.0017546144
6517_8,0.99877447
9300_9,0.99863297
840_8,0.99029154
2662_10,0.9986541
2724_1,0.0014550629
5654_10,0.9975274
5574_10,0.9987551
5606_3,0.0015487612
7717_8,0.9985896
11202_10,0.99869555
6889_10,0.99879336
3712_10,0.99884856
3042_3,0.0015731123
7858_8,0.997285
4902_8,0.99871576
11885_1,0.001477943
7582_1,0.001264422
8450_7,0.7648916
9368_9,0.98677725
7616_8,0.99861145
4443_3,0.019271135
2344_1,0.0017274586
11861_9,0.9983516
7738_8,0.9987356
327_10,0.99821776
8175_4,0.0013670255
10189_10,0.99869555
8691_1,0.001477943
12236_2,0.0012843083
7341_3,0.004905406
3261_1,0.0015731123
8809_4,0.0014550629
3735_3,0.001648483
9339_8,0.99832565
8242_4,0.15974104
6787_4,0.0140636265
4379_4,0.003538086
5967_4,0.05340333
5568_8,0.9983516
4579_4,0.0013458604
7066_1,0.001133569
12323_1,0.0017274586
2673_9,0.9977482
2639_7,0.99861145
8323_10,0.99845123
246_10,0.99863297
653_1,0.0030278352
2407_1,0.002019014
2795_1,0.0011160143
11793_4,0.98571813
2848_4,0.047780063
6040_4,0.002889581
9388_2,0.0017546144
909_10,0.99856746
2567_2,0.0034834242
4473_8,0.99854493
4451_3,0.67168593
10296_1,0.0031236487
5111_7,0.13892843
8281_9,0.9988305
4957_8,0.99657035
8249_1,0.017712297
1572_3,0.002889581
5718_2,0.0019267346
5959_3,0.0013045068
3013_9,0.99884856
3544_1,0.0013458604
11250_10,0.9982993
5162_9,0.9987356
8872_9,0.99869555
11122_8,0.9985221
991_4,0.0015247865
6322_9,0.99629277
7065_8,0.99879336
9704_7,0.07921033
4317_9,0.5639184
11622_10,0.99861145
10725_7,0.115560874
6549_1,0.001133569
9062_3,0.0021827165
10253_7,0.9956006
4035_9,0.99856746
5437_1,0.018546565
1779_1,0.0014103585
8740_2,0.00093994394
10175_7,0.9984988
5331_4,0.0018386653
9506_3,0.0015978455
11199_4,0.0015487612
9948_2,0.0015011822
252_9,0.99837697
1094_3,0.005220126
9145_3,0.002396731
506_8,0.9986749
7126_1,0.0018386653
3317_1,0.0019570168
11439_4,0.001810211
6583_1,0.001477943
2805_8,0.9988305
1841_10,0.99869555
2698_3,0.008061991
6956_4,0.037326884
7664_8,0.99736834
97_1,0.0037654138
4588_9,0.99486035
5220_1,0.0010649626
45_2,0.0032730647
5812_4,0.45108464
6625_8,0.9976404
2816_9,0.9693242
11463_1,0.0039454065
158_9,0.9984269
6633_1,0.001264422
1184_10,0.9853843
3967_1,0.0038844768
6653_7,0.061875988
6093_1,0.001867566
2932_7,0.027585285
1522_1,0.0012065897
2529_1,0.0032224844
1475_1,0.0012843083
2027_8,0.9986541
1854_1,0.0015487612
6269_10,0.9982993
2184_7,0.9981324
4923_3,0.032589745
10827_9,0.99886644
10885_10,0.9985221
3281_1,0.0015247865
1468_7,0.99351174
104_1,0.0018386653
3898_3,0.0017546144
10973_7,0.997851
8900_7,0.9988121
10735_1,0.0023231625
4992_1,0.0012065897
368_8,0.99877447
6709_4,0.001264422
10453_1,0.0015978455
139_4,0.98998636
12079_1,0.0010987311
7001_4,0.0013885231
10533_3,0.27629983
2307_8,0.99869555
7241_9,0.9987551
7717_3,0.0013250223
6223_2,0.0027576222
9500_2,0.0013885231
669_10,0.99824536
1596_3,0.005641909
3576_7,0.98646784
8263_8,0.9988121
6832_4,0.0018386653
5158_9,0.9986749
5899_10,0.9987356
5794_4,0.007937994
8854_10,0.9985896
11036_7,0.97887486
8803_3,0.9979493
5733_4,0.0021489493
5268_10,0.99879336
12297_2,0.0012843083
6862_1,0.0010987311
5515_3,0.0015247865
3382_10,0.99845123
6738_2,0.0013670255
3832_1,0.0019570168
10210_7,0.9987356
12080_3,0.007345827
7748_2,0.0012065897
4788_1,0.99847525
182_10,0.9987356
4478_4,0.0013458604
6544_1,0.0016743994
2705_7,0.992062
10334_1,0.0010817152
10374_10,0.9964064
2031_1,0.0011879054
4671_7,0.9986541
6231_9,0.9943581
9077_3,0.0010817152
6381_1,0.0018969199
216_2,0.002396731
9956_4,0.6660625
10882_9,0.0048297215
6192_10,0.006692851
10442_8,0.99861145
3199_10,0.9985221
7649_3,0.005220126
1793_9,0.99824536
7987_1,0.0022518474
1678_1,0.0034834242
8176_4,0.004133968
4674_2,0.003538086
5751_3,0.99804294
6904_9,0.9986749
8869_1,0.0013045068
6844_2,0.0011879054
8744_2,0.0011513996
5430_3,0.9965166
1556_9,0.9984988
10830_9,0.99877447
5642_8,0.99861145
3337_1,0.0013250223
5339_1,0.0010005045
9198_1,0.001264422
5759_10,0.9978173
10632_9,0.9985896
2067_9,0.9987356
3442_10,0.9983516
3341_4,0.0015247865
9055_4,0.004264634
5793_8,0.997783
896_8,0.9975274
1804_2,0.0010649626
1134_8,0.9984988
5532_8,0.9985221
2453_9,0.99886644
8113_2,0.0011695102
12046_10,0.9987356
11873_8,0.99736834
4525_8,0.9939964
10377_2,0.0027576222
2008_1,0.0012843083
10288_1,0.002396731
1083_7,0.9791955
2415_2,0.28736767
6688_9,0.9985896
4448_9,0.9983516
9407_10,0.9986749
3976_4,0.99629277
3930_8,0.99861145
3950_10,0.99832565
5645_3,0.0029810332
6064_9,0.9987551
8064_1,0.0021157034
3643_1,0.0017821962
10321_1,0.0013458604
5858_1,0.004264634
8535_9,0.7796575
3643_7,0.004264634
10041_1,0.0012843083
11014_10,0.9981614
11776_4,0.002434382
8227_7,0.99877447
11445_8,0.99827254
8756_10,0.9986749
9328_10,0.99856746
11734_10,0.9980732
10118_1,0.0017274586
9690_2,0.91490096
7713_8,0.9987551
545_7,0.9966756
10603_8,0.99804294
5925_9,0.99863297
3105_1,0.001133569
10134_4,0.0025909794
6354_2,0.004070138
9866_2,0.002889581
7553_10,0.9986749
11324_2,0.95791227
10532_1,0.0017007225
439_1,0.0010649626
11265_10,0.99871576
6568_8,0.9988305
9218_3,0.0015978455
1939_2,0.014728613
4215_7,0.9983516
9968_10,0.9988121
12022_10,0.99788433
897_8,0.0031236487
7129_8,0.99877447
7414_4,0.0021489493
8118_9,0.9953904
6179_4,0.0022518474
10124_8,0.9988121
7379_7,0.9985896
1075_9,0.9988305
2594_3,0.0013458604
11482_4,0.026759284
7675_10,0.99869555
3127_8,0.9950177
7440_10,0.99869555
10215_10,0.9984022
5098_10,0.99869555
10534_2,0.0011513996
12364_7,0.8543993
5191_1,0.001477943
4179_9,0.96741027
1433_3,0.0012448432
12177_8,0.997285
9519_8,0.99877447
5781_7,0.99871576
10031_8,0.99827254
2631_4,0.0015978455
195_4,0.11961367
11432_7,0.997065
3952_10,0.9987551
5805_2,0.0014325365
5555_10,0.9987356
7161_4,0.0013045068
1399_1,0.0028009268
8332_3,0.0011160143
2132_2,0.0048297215
12031_1,0.002889581
8480_1,0.001810211
11103_4,0.0017274586
12124_3,0.0021489493
12072_9,0.9987551
9371_9,0.054198727
2144_4,0.0017007225
5668_10,0.99871576
11790_10,0.9987551
6933_7,0.9572778
4932_10,0.9986541
216_10,0.9974491
5862_7,0.10087862
11669_3,0.001477943
7488_4,0.004905406
6402_10,0.99837697
3244_9,0.99854493
5108_7,0.99832565
10854_1,0.0012255674
3404_10,0.9985896
4282_7,0.0031726828
483_10,0.99804294
2110_4,0.0025509126
6199_8,0.99863297
7942_10,0.9987356
314_2,0.0014550629
6395_3,0.0023231625
274_1,0.0013458604
3421_2,0.0012843083
4100_1,0.0011879054
9232_1,0.0021157034
7152_10,0.9987356
10721_7,0.99877447
3565_3,0.0012843083
4223_1,0.002673006
3543_10,0.9987551
1256_7,0.9983516
6567_2,0.001133569
10658_9,0.9981324
1381_1,0.0022518474
2591_1,0.001016244
4775_2,0.0020829707
1743_8,0.25293723
3004_1,0.0038844768
11712_7,0.9869795
2966_2,0.0022170132
3139_1,0.0011879054
989_4,0.001810211
2141_1,0.0013250223
8224_1,0.0025909794
10222_8,0.97737074
6540_1,0.0017007225
7427_10,0.9987551
5519_1,0.9966756
945_2,0.001477943
3996_3,0.0013458604
10202_9,0.998884
1328_9,0.99861145
11425_2,0.001016244
1252_4,0.001648483
10086_1,0.36772424
3946_3,0.001477943
11834_8,0.99879336
10710_1,0.0025509126
1858_8,0.997065
1532_10,0.99861145
7082_10,0.9975274
9813_10,0.99871576
38_1,0.0015487612
271_4,0.06325053
7184_1,0.0015731123
11866_10,0.99847525
5983_1,0.0012065897
5026_10,0.99871576
9030_1,0.0013458604
11133_1,0.0011160143
10130_2,0.0018969199
8357_2,0.0019570168
9824_1,0.014728613
7264_4,0.0021157034
12449_2,0.0015487612
1735_1,0.002631674
618_7,0.99845123
6421_7,0.99509466
6294_4,0.0037654138
2174_2,0.0014550629
5985_2,0.0013458604
7121_10,0.008315778
7912_7,0.9959299
5015_1,0.002673006
6476_2,0.002396731
9954_8,0.99869555
10122_10,0.99879336
9334_9,0.99351174
11751_3,0.011961098
11607_7,0.9985896
11310_10,0.99879336
300_1,0.004609572
6520_4,0.0020507437
6735_10,0.9986541
10008_8,0.99871576
7817_7,0.840259
3634_10,0.9988121
5927_2,0.00498227
3414_3,0.0011879054
12266_1,0.007815888
11276_7,0.997851
5478_3,0.004198795
6992_1,0.004905406
8039_8,0.99869555
11491_4,0.9563089
7823_7,0.9986541
8662_9,0.99847525
9921_2,0.0012255674
2058_9,0.9987356
3321_9,0.9988121
8634_7,0.80286485
2161_4,0.008847355
3441_9,0.99871576
10096_1,0.0011513996
774_4,0.008985428
12086_9,0.99832565
1968_8,0.9807288
3269_1,0.0013250223
2988_10,0.99837697
853_1,0.21403357
5303_10,0.99871576
11628_10,0.99871576
7772_2,0.0011695102
2712_1,0.0012065897
7362_4,0.0019570168
3681_2,0.0017821962
2066_1,0.0013885231
7089_3,0.9969722
7393_10,0.9961755
7284_1,0.001477943
12199_7,0.95430803
3512_1,0.0094125895
4349_2,0.0020507437
11825_1,0.0013670255
8351_3,0.0017274586
467_3,0.0028449094
2523_10,0.9987356
12078_8,0.9984269
1418_10,0.9988305
6552_10,0.9988121
10070_10,0.99871576
10031_2,0.001810211
7179_2,0.0011160143
4533_1,0.0013045068
11788_10,0.99863297
833_3,0.0053018946
9777_1,0.0013045068
6930_7,0.0015731123
2310_10,0.99871576
2924_8,0.9975274
7252_10,0.9985896
10216_10,0.99827254
104_10,0.99635005
4283_4,0.001477943
6351_4,0.001867566
1272_4,0.0020829707
11226_9,0.714628
3342_10,0.9983516
3326_9,0.99877447
3541_8,0.99861145
8142_10,0.9984022
6491_10,0.9983516
2125_10,0.99869555
7008_10,0.9988121
5347_9,0.9986541
8420_9,0.9984269
10767_3,0.0048297215
12094_1,0.0012843083
11904_1,0.0012255674
2635_1,0.0012065897
4074_10,0.99877447
2470_1,0.050705362
5888_3,0.0018969199
9164_4,0.010328153
11312_1,0.0013250223
2588_3,0.0017274586
9177_1,0.001477943
10361_9,0.9987356
9216_10,0.99863297
5754_3,0.0074606435
12314_10,0.99877447
9044_3,0.00619299
5677_2,0.0013670255
6664_4,0.0019570168
2308_3,0.0017274586
7377_3,0.99469805
9149_8,0.99863297
5244_3,0.001867566
10656_3,0.004264634
10885_1,0.0014550629
4296_9,0.99629277
1770_2,0.0018969199
4940_10,0.99877447
3984_10,0.9976404
2976_10,0.99871576
2767_1,0.0013458604
11848_2,0.0012065897
3096_10,0.9957353
9792_3,0.001867566
9785_10,0.0017821962
10264_8,0.9983516
12277_7,0.9977482
8110_8,0.99832565
10396_8,0.9984988
3233_2,0.001867566
1903_1,0.0023596606
4743_10,0.9984022
1417_9,0.9986749
2662_1,0.0015011822
11231_4,0.98998636
9747_10,0.9988305
27_4,0.0013885231
3310_2,0.01048909
3212_10,0.99886644
5608_3,0.0013670255
1241_4,0.0051396107
5543_7,0.9984022
7945_9,0.9981324
3705_7,0.9984269
1598_10,0.1766716
4273_10,0.9984022
5985_9,0.9981614
531_2,0.99832565
6744_7,0.9975274
10270_1,0.0014550629
11199_9,0.9988121
9755_4,0.07263671
12080_10,0.99827254
5600_10,0.9987551
12216_10,0.9982993
10783_4,0.0043994132
3307_1,0.0015731123
10954_7,0.9968273
9959_4,0.0013250223
10223_10,0.9987356
12130_1,0.99863297
11939_7,0.0045384313
12318_10,0.9986541
6204_10,0.9986541
2927_9,0.9976404
2779_10,0.99854493
3661_1,0.0014325365
9068_3,0.0019570168
1970_2,0.9921841
7539_10,0.99837697
9241_3,0.001264422
9350_3,0.0062899017
7885_8,0.99869555
1078_9,0.99635005
6062_2,0.0020829707
1215_10,0.9981324
1561_3,0.0015487612
2159_1,0.0017821962
8637_10,0.99854493
8375_4,0.035144847
2864_1,0.0022170132
186_9,0.9987356
1669_9,0.99832565
6936_9,0.9977482
7541_3,0.036769465
1515_7,0.9961755
5039_7,0.99719906
9269_1,0.0035936027
4965_10,0.99871576
10028_3,0.002396731
3547_4,0.04922211
6070_10,0.9986749
11334_7,0.9985221
4980_7,0.9982993
5063_2,0.0017546144
11637_8,0.93439513
310_1,0.001648483
9847_1,0.0012448432
4433_9,0.9985896
4535_1,0.0015978455
11209_10,0.9986541
242_3,0.002396731
6150_7,0.00619299
7499_2,0.0013458604
10073_7,0.014728613
7352_3,0.0014103585
6616_2,0.002631674
2148_1,0.0012843083
322_1,0.004905406
638_1,0.0015731123
3236_10,0.99847525
11913_7,0.99854493
7188_4,0.002434382
3999_2,0.0012843083
1397_1,0.007121429
11768_8,0.99869555
10301_2,0.02576056
7486_10,0.99879336
7915_2,0.001032231
103_10,0.9987356
2249_1,0.0025114634
11559_9,0.9984988
11374_4,0.001810211
7639_3,0.0012065897
11922_3,0.0027149855
6068_10,0.9986749
7681_3,0.074231364
3097_1,0.0015487612
10233_3,0.00498227
9111_1,0.001648483
7240_2,0.0017821962
10394_9,0.8305941
792_2,0.0033244372
440_1,0.0012065897
11141_1,0.001264422
7488_7,0.99871576
2731_4,0.0027149855
11632_10,0.018689308
7577_3,0.0027576222
12047_8,0.99863297
7055_8,0.9987551
394_9,0.99877447
777_2,0.001133569
6460_8,0.9986749
10412_2,0.0014103585
9910_8,0.936285
826_8,0.99877447
7381_1,0.0013885231
1700_8,0.9329437
1131_2,0.0025509126
6796_10,0.99884856
7084_8,0.99863297
5735_1,0.0012255674
6290_7,0.9986749
10506_8,0.9981324
2276_8,0.99128854
6221_1,0.99863297
1404_4,0.09602549
1440_1,0.0011695102
8199_9,0.9987356
1145_2,0.0019877742
5546_4,0.0076956474
816_3,0.96641046
10535_10,0.9984269
2_3,0.0015731123
6735_1,0.0014550629
2684_4,0.0012255674
1765_10,0.99605453
4346_7,0.89982784
1157_9,0.0019267346
4216_1,0.0012255674
3937_8,0.99871576
11140_10,0.9987551
1635_1,0.0014550629
4457_10,0.99771273
7250_8,0.9988121
3801_7,0.0025909794
7892_10,0.99804294
11022_8,0.9988121
5856_7,0.0019877742
345_7,0.008445628
10809_3,0.98998636
9474_4,0.002434382
5775_10,0.99845123
2845_3,0.0032730647
1383_10,0.99869555
9171_7,0.9969722
10866_9,0.99509466
12161_8,0.9804314
9118_1,0.0012255674
9122_8,0.9988305
5142_1,0.0013250223
2798_9,0.9987551
2260_8,0.99856746
11677_10,0.99861145
2788_1,0.0013670255
8896_8,0.9988121
7685_10,0.99877447
760_1,0.001133569
7811_4,0.0023231625
1964_8,0.9988305
5059_10,0.9985896
4568_1,0.0014325365
7475_1,0.0015487612
11400_3,0.0012065897
6082_3,0.0010987311
7961_4,0.9825575
7502_8,0.99869555
11351_10,0.99877447
9851_8,0.99832565
1172_1,0.0015731123
1815_10,0.99847525
6218_8,0.9981324
9628_9,0.99871576
2312_3,0.001133569
5014_10,0.99863297
7845_8,0.99837697
4468_9,0.99871576
2247_10,0.99854493
4408_10,0.9987356
2957_2,0.0014103585
4716_1,0.001477943
9909_1,0.0017274586
8611_1,0.0011160143
5055_10,0.9988121
5828_10,0.9988121
1147_1,0.001622967
11716_10,0.009268014
5289_8,0.9987356
5566_10,0.9986749
3389_2,0.001622967
6169_4,0.0012255674
12019_10,0.99877447
4136_7,0.99553156
2421_3,0.0012843083
607_10,0.99877447
4084_8,0.99861145
7333_1,0.0013670255
8208_7,0.9695556
2971_10,0.99861145
7508_1,0.0020507437
988_8,0.9987551
1124_8,0.99871576
3658_10,0.99879336
5155_7,0.99863297
11362_2,0.009783876
8776_10,0.99877447
7294_10,0.99827254
10853_8,0.9984269
871_10,0.9988305
11513_1,0.0025114634
5605_10,0.06656919
1235_8,0.109705776
623_2,0.003707253
1271_2,0.0024726235
7590_7,0.99155444
5075_4,0.0021157034
6175_4,0.0020507437
10629_1,0.0012448432
1474_7,0.99101454
9077_9,0.9976404
11630_7,0.9985221
11060_2,0.0017007225
664_9,0.9986749
4778_10,0.99886644
3535_1,0.0013045068
1130_1,0.0011695102
10718_1,0.0011879054
3334_1,0.0013250223
7133_2,0.0023231625
12073_1,0.0013458604
7877_10,0.99869555
12286_10,0.99854493
8675_4,0.0013670255
8968_7,0.005554925
8118_1,0.0013250223
12109_10,0.9987551
6476_8,0.99884856
12248_2,0.0011695102
9444_1,0.0010987311
9932_10,0.99856746
6863_9,0.9988121
7810_1,0.0031726828
5463_1,0.001648483
8385_10,0.9802808
5560_3,0.0014325365
12391_2,0.001810211
3644_9,0.9966234
1225_1,0.0010649626
375_1,0.0013670255
11515_7,0.998103
3812_1,0.0019570168
10747_1,0.0054692742
8059_8,0.99886644
633_1,0.001477943
9189_10,0.99863297
11404_8,0.9976404
11871_8,0.99845123
2883_8,0.9988121
9048_4,0.0038244836
1066_1,0.0019877742
630_3,0.01065251
61_9,0.9986749
9264_10,0.9985221
5132_9,0.9987356
5796_9,0.99871576
11232_2,0.0015731123
327_1,0.0010649626
9787_8,0.99869555
7780_2,0.001810211
2533_2,0.0012255674
7349_10,0.99847525
2593_1,0.99242276
4672_8,0.99871576
11191_10,0.9969722
1301_1,0.0018386653
10632_4,0.0018969199
10750_1,0.0020829707
2621_2,0.99444515
12045_4,0.7898827
4276_10,0.99884856
9960_2,0.0024726235
3307_8,0.9966756
3007_10,0.99837697
7204_9,0.9981324
3988_7,0.95150405
4129_8,0.9987551
2071_1,0.001016244
7310_3,0.99827254
855_9,0.9987356
5380_1,0.0015731123
5067_2,0.001648483
6320_2,0.001867566
1019_3,0.0010817152
8216_2,0.00498227
3814_7,0.9954615
7888_4,0.9971551
3419_2,0.0025114634
3039_8,0.99877447
12039_4,0.0034834242
1191_7,0.99879336
2361_1,0.0011160143
8291_10,0.9987356
4954_3,0.0017821962
12430_1,0.0020829707
7634_7,0.14223188
11902_10,0.9988305
1603_10,0.909907
9395_8,0.0057302467
9384_2,0.0017821962
11687_1,0.0020507437
4148_3,0.011687259
171_7,0.99845123
11814_4,0.0012843083
8124_3,0.96814114
11387_1,0.0015247865
3249_9,0.99884856
3591_10,0.99877447
10171_8,0.026155619
1100_9,0.880797
7144_4,0.99879336
8060_9,0.9986541
11063_10,0.99877447
3481_2,0.001622967
7413_4,0.0019877742
11121_2,0.0033766124
4700_2,0.0039454065
1566_4,0.008985428
11731_3,0.0074606435
7346_10,0.99869555
7890_10,0.85195273
11704_10,0.9985896
4635_10,0.004070138
2369_8,0.049589027
9655_10,0.9986541
2115_2,0.0015731123
6408_7,0.009783876
10470_1,0.001622967
11512_8,0.99886644
11523_7,0.99845123
10379_3,0.0017546144
9164_9,0.99861145
3150_1,0.19072402
2880_3,0.0025909794
1608_7,0.9961755
2406_9,0.9987551
260_10,0.99869555
10658_3,0.0014103585
10609_1,0.0031726828
6861_7,0.0054692742
10058_2,0.9982993
11618_10,0.99837697
3727_4,0.002889581
1924_10,0.9985896
7471_1,0.0031726828
1856_7,0.96182173
10132_3,0.0023231625
4010_2,0.0010484692
11752_2,0.07921033
11122_2,0.0016743994
11065_1,0.0011879054
1211_1,0.0011695102
8973_7,0.0033766124
1888_9,0.9986541
8521_8,0.36206648
6671_4,0.010328153
4241_3,0.0038244836
10925_4,0.001867566
4030_2,0.0015731123
9410_1,0.0011695102
10004_2,0.0038844768
599_1,0.0014325365
8656_1,0.0013250223
10087_7,0.9983516
5118_10,0.99869555
9780_4,0.0014325365
586_2,0.0017546144
6464_4,0.0030278352
7482_1,0.001622967
11075_8,0.9985221
11984_1,0.0023596606
6808_9,0.99884856
6178_10,0.9918121
12196_7,0.03138043
7771_10,0.9987356
10801_1,0.0025509126
1243_2,0.0011695102
4028_2,0.0014103585
700_4,0.9979493
758_10,0.9987356
5393_8,0.9987356
3552_4,0.9969246
3440_10,0.9985896
12357_7,0.99553156
10850_2,0.0020829707
5083_10,0.99861145
790_10,0.603114
302_3,0.0034296038
11160_3,0.0037654138
1170_1,0.0013670255
6341_3,0.0016743994
289_1,0.0032224844
3075_7,0.9986749
12016_7,0.050705362
5998_3,0.0016743994
5295_1,0.0010484692
9712_2,0.001622967
9689_10,0.99029154
9441_1,0.0015247865
7426_10,0.9987551
612_9,0.99821776
4331_8,0.60626537
1016_7,0.016403032
4463_7,0.9968273
9520_1,0.0011513996
1557_10,0.99854493
6277_1,0.0017007225
2279_3,0.0017007225
11591_10,0.99869555
3503_1,0.0015247865
9814_1,0.0014103585
11342_4,0.9976404
5133_1,0.001622967
11189_10,0.99863297
2343_8,0.9985221
2234_7,0.99871576
926_4,0.006003596
9829_2,0.0019570168
3338_7,0.99832565
4272_9,0.9987356
4826_1,0.0019877742
10529_3,0.0034834242
12398_1,0.002434382
6965_10,0.9965166
10737_9,0.99877447
9356_1,0.0014103585
2087_3,0.0013250223
5802_4,0.99719906
6514_8,0.99877447
11607_4,0.004609572
9117_4,0.0045384313
2011_10,0.99861145
11952_4,0.0153063545
8753_4,0.9986749
5338_8,0.99856746
10799_3,0.009859855
6388_3,0.0039454065
4667_1,0.0013885231
11302_9,0.9985896
6587_4,0.004264634
6822_8,0.99869555
9725_10,0.9984988
7237_10,0.99827254
7710_1,0.0010649626
6090_1,0.0022170132
9864_4,0.8392076
9759_1,0.0014325365
8926_10,0.26020145
2454_1,0.002631674
4364_1,0.0014550629
10672_1,0.0011879054
7703_4,0.001264422
7289_1,0.0012065897
6370_2,0.0153063545
8898_7,0.9987551
245_8,0.9984269
7786_2,0.0020829707
12092_8,0.9985896
12495_3,0.0053018946
2762_2,0.0015011822
11009_1,0.0011879054
7735_1,0.0153063545
5377_8,0.99701905
6074_3,0.0012255674
2133_1,0.0014103585
2291_1,0.0022170132
767_1,0.020488555
2677_3,0.0014325365
5801_2,0.001867566
11416_7,0.99856746
7083_3,0.0038244836
7268_1,0.0015487612
8613_1,0.005554925
446_10,0.9987551
6513_7,0.0226292
11229_4,0.0020507437
11155_4,0.0057302467
10298_9,0.9984269
1521_8,0.9988121
5682_1,0.02017732
11575_3,0.0034296038
10144_1,0.0022518474
5819_10,0.99854493
7287_4,0.001648483
11507_10,0.9988121
10458_7,0.9986749
5935_1,0.0012843083
4126_1,0.0010987311
3777_10,0.99861145
1720_3,0.001477943
11112_2,0.0015978455
6222_9,0.9988121
8019_1,0.0015978455
10067_4,0.003538086
5991_9,0.99877447
10203_10,0.99871576
2485_1,0.0011513996
5910_2,0.005220126
3940_9,0.9987356
9140_10,0.9949397
9558_10,0.9988121
4582_7,0.9623913
3323_1,0.001810211
5038_4,0.0016743994
12405_10,0.99847525
11620_4,0.0015247865
8774_7,0.997851
10164_9,0.99832565
4112_3,0.021287354
629_7,0.010248601
2732_7,0.9969722
4356_3,0.9978173
514_9,0.9988305
168_1,0.0012843083
7157_1,0.0017007225
11193_7,0.0034834242
12163_1,0.0015011822
259_2,0.0015731123
9977_1,0.0013250223
5169_10,0.99863297
7439_10,0.99879336
10261_1,0.0018969199
6623_7,0.0894546
2834_9,0.99869555
2930_10,0.99863297
3232_10,0.9987551
533_10,0.9986541
6006_4,0.0012065897
9029_4,0.0022518474
7738_4,0.06804042
52_4,0.0038244836
374_4,0.98934746
4502_1,0.0019267346
10309_8,0.033336822
7541_8,0.983343
1874_1,0.0063883206
6884_1,0.0012255674
7285_1,0.0012065897
3385_2,0.0019570168
7078_2,0.0016743994
10788_10,0.99884856
6361_7,0.9394706
5761_10,0.9984022
8946_1,0.0014325365
393_1,0.0015011822
458_4,0.0012448432
7435_10,0.99869555
10816_2,0.0015487612
1606_10,0.99871576
1742_3,0.001264422
7167_8,0.8539127
1249_9,0.99863297
473_9,0.9987551
3475_9,0.9953904
2316_3,0.0010987311
3739_2,0.0013670255
4746_9,0.9987551
9924_8,0.99477994
2202_8,0.9987551
11531_1,0.0053018946
11138_7,0.9986749
3402_1,0.0015487612
4547_10,0.99863297
2786_2,0.01461567
1570_8,0.99877447
3095_3,0.004609572
4745_1,0.0018969199
165_4,0.9635062
1578_4,0.002019014
495_10,0.99863297
12414_1,0.0014325365
1383_1,0.0048297215
10438_3,0.0013885231
812_3,0.0015247865
9588_9,0.99847525
7785_10,0.9987551
11169_4,0.0021827165
7476_10,0.9986541
8196_1,0.0010005045
6526_7,0.99390244
1695_3,0.0033766124
11077_10,0.9983516
7642_7,0.99580115
7618_3,0.947381
353_10,0.99871576
210_9,0.8499712
9455_10,0.9986541
520_2,0.0012255674
7615_10,0.99869555
7475_9,0.99871576
6894_7,0.99877447
8622_2,0.0013458604
11149_3,0.0013458604
6154_3,0.0039454065
2514_7,0.9965166
4359_1,0.0074606435
8797_4,0.0013885231
10023_8,0.8198933
1212_4,0.9977482
9985_1,0.0017546144
4182_1,0.0013885231
10662_10,0.9966234
3907_7,0.9988305
11342_10,0.9986749
1483_3,0.0017274586
10510_7,0.9980122
8522_2,0.0012843083
6049_4,0.0054692742
2687_9,0.99884856
9766_7,0.5165345
6792_1,0.0012255674
5990_10,0.9987551
11699_2,0.0015978455
3446_4,0.0023596606
10448_7,0.97702265
5629_1,0.0013670255
2831_1,0.0015978455
4351_10,0.9988121
2547_1,0.001867566
2778_2,0.0039454065
7307_10,0.98707944
11148_3,0.0011513996
907_3,0.0020507437
2184_1,0.0017007225
2030_8,0.9988121
11051_4,0.0022518474
9150_4,0.0030278352
12418_7,0.997981
10724_10,0.99847525
8876_8,0.99879336
1620_7,0.9881309
12423_9,0.9969246
3642_1,0.0025909794
10214_10,0.99863297
4575_3,0.005384938
2692_7,0.994615
3919_1,0.0013885231
11971_8,0.0017007225
11676_10,0.99711037
8047_1,0.0012255674
4009_8,0.99879336
7929_9,0.99871576
2432_10,0.99877447
8933_8,0.9984269
1375_1,0.011597362
1861_7,0.9985896
10897_10,0.9986749
2828_10,0.0018386653
4568_10,0.9985896
1535_7,0.9982993
7282_8,0.9977482
12365_10,0.9951703
6682_3,0.0031236487
1393_8,0.997783
7270_1,0.0017274586
1680_10,0.9984269
8207_8,0.9988121
8612_2,0.001477943
5640_9,0.99824536
96_10,0.9987356
12093_2,0.004905406
2068_9,0.99879336
9799_10,0.9987551
8730_1,0.0013045068
1000_3,0.011597362
742_2,0.007345827
10432_10,0.9986541
9425_2,0.0013670255
11636_3,0.0022518474
6564_2,0.0012065897
5706_9,0.9988121
8594_3,0.001648483
9488_9,0.9976404
12283_8,0.99877447
6579_3,0.0010649626
6738_10,0.9987551
9007_2,0.0031726828
2723_8,0.99871576
5115_3,0.089136936
9469_10,0.997917
1444_1,0.0012448432
5688_1,0.0015978455
12390_4,0.0019570168
1681_1,0.0011160143
9048_7,0.92892635
10207_3,0.0025909794
3817_9,0.9988305
2200_10,0.99845123
4250_8,0.9988121
12213_10,0.9987356
11602_4,0.76699245
4507_4,0.002396731
3817_1,0.0012843083
9394_1,0.0020829707
9129_1,0.001477943
3675_7,0.99824536
1670_4,0.997981
1151_1,0.0034296038
8818_4,0.03410043
4810_7,0.9984022
4979_1,0.0015731123
80_4,0.001477943
5506_9,0.9978173
7451_10,0.9984022
4539_10,0.99879336
6914_10,0.9984988
2807_10,0.9987356
10229_10,0.9986749
10908_8,0.99818975
7709_9,0.99877447
10872_9,0.99856746
8487_1,0.0011513996
1140_9,0.99845123
558_10,0.99869555
9935_8,0.99869555
1084_8,0.99861145
6185_9,0.9985896
9278_7,0.06705628
3756_7,0.99444515
4308_1,0.0014103585
121_8,0.9988121
11072_8,0.9982993
9420_7,0.99732697
3955_1,0.0013885231
9591_10,0.015424551
11176_1,0.0013045068
11882_2,0.0015487612
12458_10,0.9941801
303_10,0.99863297
3779_8,0.997851
1805_4,0.0024726235
12054_2,0.0021489493
1990_4,0.001477943
7331_1,0.0017546144
6243_8,0.9943581
7201_1,0.0011160143
6230_7,0.9939964
11252_3,0.0019267346
8379_8,0.9986749
11890_1,0.18832396
6977_1,0.0010987311
5481_1,0.0016743994
6013_7,0.020645931
11638_4,0.12678517
3302_1,0.0062899017
4837_4,0.92468774
737_1,0.0015011822
6128_3,0.001622967
3749_4,0.0019877742
580_3,0.0031726828
11031_10,0.9986541
6644_1,0.0012843083
8517_1,0.0014325365
4883_3,0.0015978455
4273_4,0.001264422
404_1,0.0017546144
12108_10,0.99861145
10005_8,0.9032942
7140_4,0.16079244
258_8,0.9986749
6746_7,0.9988305
7189_2,0.005220126
11626_4,0.0023231625
10785_10,0.9986541
11007_1,0.0013885231
8987_7,0.9761292
275_1,0.0014325365
2554_10,0.9988121
2682_1,0.0015247865
3797_1,0.001133569
7383_1,0.0018386653
9816_9,0.99837697
11057_8,0.9980122
11901_3,0.0017274586
11501_3,0.0040072887
11999_2,0.0019570168
740_3,0.0014325365
3109_8,0.99854493
2773_8,0.99871576
5725_4,0.0025509126
4423_3,0.0013885231
4035_2,0.0012448432
6550_7,0.17217186
711_4,0.07477005
10773_4,0.0036499873
11202_1,0.0012448432
1054_2,0.0010987311
2207_10,0.9987551
9809_4,0.004198795
11349_10,0.99871576
5195_4,0.001477943
6881_4,0.9871788
7537_3,0.0017546144
99_3,0.0014103585
6589_9,0.9988121
11781_10,0.99861145
4337_3,0.0014103585
4928_10,0.99871576
6310_1,0.0017821962
11867_8,0.0057302467
9462_2,0.0028449094
12224_9,0.9875683
1195_3,0.0010987311
11324_10,0.9986541
11272_4,0.0020507437
2461_7,0.9987356
4034_7,0.99884856
2340_10,0.99884856
9827_9,0.9984988
4660_4,0.0025509126
2448_1,0.0012255674
7485_7,0.20339088
7003_10,0.99854493
6204_1,0.002396731
1920_10,0.99869555
6824_1,0.0023231625
6668_10,0.99861145
7359_1,0.0014550629
2753_4,0.997981
7320_10,0.99804294
3661_10,0.9985896
1059_1,0.0027149855
5067_10,0.99877447
5724_3,0.0016743994
11265_2,0.001032231
11331_1,0.0015731123
5398_10,0.9987551
9328_2,0.0011879054
100_4,0.051462766
6118_10,0.9987551
320_3,0.0011695102
4395_10,0.9986541
7256_4,0.0035936027
3949_10,0.99869555
7097_1,0.9986749
6971_2,0.10123348
9855_2,0.008711384
457_8,0.99869555
9929_7,0.0112445615
9574_10,0.9987551
12261_4,0.98242307
5228_9,0.9984022
11684_2,0.0010817152
7913_9,0.99886644
9595_3,0.001648483
10501_10,0.99837697
10610_7,0.99788433
8573_7,0.9953181
1823_2,0.001032231
12070_4,0.0044683837
6995_8,0.9987356
4929_1,0.0013670255
2555_4,0.0023596606
6583_7,0.9987551
2490_1,0.001622967
8203_7,0.99854493
7861_3,0.0013885231
2548_2,0.0038244836
12291_7,0.9981614
756_1,0.0021157034
9275_7,0.9985896
9234_9,0.998884
10598_10,0.9957353
8252_8,0.9976404
3585_2,0.0011160143
11561_1,0.0015487612
690_10,0.99861145
7203_10,0.9985221
11141_10,0.99869555
5583_10,0.99863297
7341_10,0.99856746
10623_8,0.99884856
868_4,0.0018386653
778_9,0.99886644
4653_10,0.49194404
7450_4,0.99884856
8836_8,0.99871576
226_9,0.002396731
464_10,0.9988305
2850_9,0.99863297
10242_8,0.98840266
2403_10,0.99877447
3397_10,0.99879336
1003_4,0.99804294
10940_10,0.9959299
3349_10,0.9986541
5909_1,0.0012065897
12021_8,0.9987356
5019_1,0.011961098
1809_7,0.99869555
4435_10,0.9984988
10029_1,0.0015247865
8234_2,0.002889581
3760_1,0.001810211
10952_10,0.99871576
1487_9,0.99879336
46_10,0.9985221
4917_4,0.001016244
2000_9,0.9987551
10974_2,0.0946777
11275_8,0.9757624
1816_10,0.9987356
4848_3,0.0024726235
11730_3,0.008445628
1903_10,0.9986749
12331_9,0.9890131
10360_9,0.9986541
9243_10,0.9987551
10115_8,0.9988121
11417_3,0.0019877742
6259_4,0.003707253
316_10,0.99877447
1100_4,0.9974885
7919_2,0.0014103585
1871_2,0.0011695102
12488_8,0.99871576
10239_9,0.99832565
7832_2,0.0012255674
8808_1,0.0012448432
7241_2,0.0012448432
4412_2,0.005554925
807_10,0.9839708
9728_8,0.3380771
5665_2,0.001867566
491_2,0.0021489493
7938_1,0.0013458604
3513_8,0.99854493
8942_1,0.0015011822
11520_7,0.9967269
11478_3,0.99847525
5627_10,0.30362853
3462_2,0.0022872274
5161_10,0.9987356
6545_2,0.0011695102
6513_4,0.99629277
3032_1,0.0015011822
7403_2,0.0015978455
11878_3,0.001133569
11348_8,0.99854493
4979_7,0.96765566
7131_1,0.001133569
3972_3,0.0039454065
2925_2,0.010169657
5346_3,0.0015731123
10709_3,0.0067975316
10999_2,0.001622967
5974_10,0.99586606
9008_10,0.9988121
1324_10,0.99884856
10454_8,0.009859855
8336_8,0.02145073
5869_10,0.9988305
9922_3,0.0012065897
2081_2,0.001810211
5811_7,0.9987551
1619_10,0.9980732
5461_7,0.9984022
9152_2,0.0012448432
9071_8,0.9988305
4688_10,0.99877447
8956_10,0.9988121
1883_4,0.0012448432
5707_1,0.0012065897
7529_3,0.002434382
83_1,0.0013458604
10440_1,0.001133569
3673_1,0.001016244
6983_4,0.0027149855
2546_4,0.9875683
6698_3,0.004681822
10689_3,0.007011795
9986_10,0.9987356
5614_10,0.6721165
10094_4,0.015906392
12468_10,0.99877447
3828_10,0.99821776
10524_2,0.0013250223
2016_2,0.0014103585
7583_4,0.0017546144
4795_8,0.9985896
7564_3,0.971779
1366_3,0.0019877742
508_4,0.0029349516
9509_3,0.8558512
1587_3,0.001264422
12376_4,0.010986943
2525_8,0.9978173
2877_2,0.001622967
9485_9,0.99877447
12023_8,0.99871576
11544_10,0.9988121
198_3,0.0010987311
4390_1,0.0013458604
993_8,0.992062
7965_9,0.9985221
8865_1,0.0012255674
6638_1,0.0027576222
141_8,0.99845123
136_2,0.0013670255
3004_10,0.9986749
3457_9,0.99877447
11488_1,0.0013458604
644_2,0.0017007225
8387_9,0.997917
5026_3,0.012241275
8936_7,0.99832565
453_4,0.013428254
8547_3,0.00619299
10542_4,0.002631674
5231_9,0.9967775
9592_10,0.9984022
8591_7,0.99886644
6686_10,0.9984269
7246_10,0.99886644
2194_4,0.0020507437
11533_9,0.99877447
6109_10,0.99509466
9092_3,0.0013670255
11223_8,0.99856746
10829_9,0.9988305
9857_3,0.0015247865
2223_10,0.9966234
8052_10,0.99854493
11604_3,0.0012448432
4448_1,0.96691406
5394_8,0.9975656
10168_9,0.99886644
11943_4,0.0016743994
7311_8,0.99861145
1362_9,0.99580115
9165_8,0.99884856
12294_10,0.9988121
6086_9,0.99869555
608_8,0.99886644
4592_10,0.047425874
708_10,0.9980732
6548_4,0.99242276
7552_4,0.04177388
9263_8,0.99854493
5393_1,0.0021157034
220_10,0.9974885
10640_7,0.99854493
4086_10,0.99869555
11026_3,0.001622967
12466_10,0.99877447
905_3,0.0020507437
92_8,0.33155245
11362_10,0.99869555
5030_8,0.9986541
2909_7,0.004681822
8402_7,0.9987356
4046_10,0.9983516
4065_9,0.9981614
6460_4,0.9986541
11108_1,0.0014550629
1139_1,0.0012255674
2457_3,0.005641909
2675_7,0.22067817
9360_1,0.0022872274
5750_8,0.9985896
7125_2,0.99863297
6637_8,0.99847525
3290_7,0.99818975
3979_8,0.99871576
2100_1,0.001264422
10836_1,0.0022518474
10904_3,0.001867566
5226_7,0.99832565
22_8,0.99854493
2726_10,0.9986541
11405_8,0.99869555
11204_2,0.0021827165
6201_9,0.9988305
1653_10,0.9984269
9500_7,0.99863297
12104_7,0.9987551
1499_3,0.0032730647
1415_1,0.0014325365
11285_2,0.692642
4481_1,0.99128854
10249_8,0.99879336
2391_9,0.99856746
2186_3,0.009125638
56_10,0.9986541
127_10,0.99869555
5509_9,0.008061991
9855_9,0.47999117
7522_10,0.99877447
11751_9,0.997783
3330_3,0.01627746
4055_8,0.99879336
3694_3,0.0021157034
6911_4,0.001477943
9677_10,0.99871576
9706_1,0.0015731123
426_4,0.0019570168
2995_2,0.0017546144
7914_8,0.99871576
11344_9,0.9953181
680_8,0.99854493
2094_3,0.9683812
2009_9,0.99877447
7309_7,0.99869555
138_1,0.0012255674
2689_9,0.99869555
6050_2,0.002019014
8987_2,0.0032224844
2053_8,0.99861145
12245_4,0.10894506
12020_10,0.027169231
10364_10,0.99879336
11581_1,0.0012448432
12079_10,0.9811669
6537_1,0.001264422
2739_10,0.99854493
8719_1,0.0018386653
9436_1,0.0012448432
5029_3,0.0014550629
8321_10,0.99361163
7135_9,0.99856746
9512_10,0.99832565
6397_7,0.03410043
9457_9,0.9974885
7740_2,0.001477943
10591_2,0.0012448432
9856_4,0.002019014
2456_1,0.0032730647
10543_7,0.99856746
544_4,0.9975656
3679_10,0.99861145
9042_1,0.0015487612
5368_8,0.99854493
8276_3,0.0016743994
1984_2,0.0015247865
4205_7,0.97821885
5765_7,0.99629277
5202_1,0.0013250223
4127_4,0.99701905
12316_9,0.998884
657_1,0.0011879054
12205_2,0.0017821962
3426_10,0.99886644
5616_10,0.99871576
11644_3,0.001477943
795_10,0.99877447
12416_2,0.002631674
115_3,0.0011160143
55_10,0.9985221
11187_10,0.9985221
9072_4,0.99804294
875_4,0.004905406
4196_1,0.001867566
293_10,0.0028449094
5564_1,0.0015011822
6811_8,0.99821776
9135_3,0.0017546144
9964_8,0.99869555
981_9,0.004133968
8506_10,0.99871576
4459_9,0.9984022
7609_1,0.0017546144
6246_10,0.9981614
5989_4,0.0017274586
11839_10,0.99845123
9186_2,0.004681822
3411_10,0.99444515
8677_1,0.0021827165
9125_4,0.010408315
2166_8,0.9928786
11827_4,0.0015731123
2574_2,0.0019267346
4789_4,0.9324533
1093_4,0.0013670255
8195_1,0.0016743994
11011_10,0.99193794
3944_9,0.9943581
10606_10,0.9984022
5029_7,0.9904406
9496_8,0.9986541
9256_8,0.9988121
5640_3,0.0037654138
8164_8,0.998103
10413_3,0.003538086
4838_2,0.0016743994
12265_9,0.997981
6222_1,0.0015011822
883_8,0.9971551
395_8,0.99732697
1182_7,0.99871576
8701_7,0.99854493
8863_4,0.0015978455
10943_3,0.0013885231
10692_10,0.99788433
11872_7,0.9988305
4729_9,0.9986749
920_10,0.99871576
9352_4,0.0021827165
10095_9,0.9985221
8986_2,0.001810211
7061_2,0.0014325365
2746_1,0.001622967
10359_8,0.9985896
6826_7,0.0031236487
7075_3,0.0031726828
8237_10,0.99884856
9103_10,0.9984988
6538_9,0.9985221
3085_4,0.9978173
10759_9,0.040845715
12249_2,0.0017821962
6774_4,0.002396731
3564_2,0.012053779
144_2,0.0017274586
12112_3,0.001477943
8166_10,0.9985896
10817_8,0.9988121
7462_10,0.9987551
7626_2,0.0028449094
8221_2,0.010818449
2528_10,0.012241275
6765_3,0.0014550629
1267_8,0.9987356
8257_10,0.9986749
11501_8,0.9988121
11196_10,0.99884856
10006_7,0.9979493
2104_2,0.0013670255
9067_8,0.11920291
4760_4,0.0019570168
4372_7,0.9984269
3441_2,0.0015978455
10439_3,0.0013885231
6604_1,0.0014325365
10689_10,0.9986541
11289_4,0.0023596606
2051_7,0.99832565
42_10,0.99879336
1567_7,0.0019570168
4890_9,0.99824536
2583_1,0.0010484692
5376_2,0.0021489493
2539_10,0.9984022
390_4,0.0031236487
11509_1,0.0015731123
7481_8,0.9974885
10840_2,0.0010987311
9433_1,0.9978173
7774_10,0.9986749
2654_7,0.002434382
9582_7,0.99827254
1780_3,0.0032730647
4032_8,0.9898303
3130_9,0.9988305
1920_3,0.0014550629
5056_7,0.9982993
4537_10,0.9984988
2505_1,0.0017546144
3942_2,0.0017546144
483_2,0.0040072887
2771_3,0.0013670255
4872_8,0.997851
7897_1,0.0011160143
12039_8,0.9987356
11008_4,0.0019877742
4090_7,0.99832565
3051_4,0.0057302467
5700_1,0.0011695102
3498_10,0.99877447
5676_7,0.99740905
5565_1,0.0012448432
9347_10,0.9927672
4178_1,0.0045384313
6303_4,0.005384938
1579_7,0.011869121
5783_9,0.9974491
4001_8,0.99863297
11698_2,0.0011160143
7029_3,0.0012843083
268_3,0.0013045068
7098_1,0.9987551
6608_9,0.9985896
1123_1,0.0015247865
7523_10,0.9984988
10647_3,0.0013045068
12232_8,0.99854493
8103_4,0.9697854
7336_7,0.9986749
7049_8,0.99877447
9694_3,0.0074606435
5894_3,0.0020829707
10981_4,0.0019267346
10104_10,0.9988121
5752_7,0.99856746
2622_2,0.0014550629
11529_2,0.0012065897
5040_1,0.001810211
1870_8,0.9987551
7368_3,0.0013670255
843_1,0.0067975316
4972_8,0.99371004
4615_9,0.9987551
8191_10,0.9986541
6940_10,0.86613256
4924_4,0.003538086
10392_2,0.0013458604
3339_7,0.9954615
3594_10,0.9986749
10354_7,0.9449947
6594_10,0.9982993
11311_1,0.0011879054
4409_10,0.99877447
1669_4,0.746139
7819_1,0.0027576222
6704_1,0.0014103585
667_10,0.9984988
6444_1,0.006692851
1223_3,0.0012255674
10089_9,0.9987356
6699_1,0.001264422
814_7,0.99719906
2363_10,0.9984022
1697_2,0.0019877742
6345_4,0.001133569
10109_1,0.0015487612
4563_7,0.99719906
1924_1,0.0021489493
11416_2,0.0021827165
539_7,0.99788433
5937_9,0.99854493
1912_8,0.9980732
4135_3,0.0030278352
4141_7,0.99821776
7217_2,0.00498227
5538_3,0.0014325365
2657_10,0.99871576
6279_4,0.39373463
7706_1,0.0024726235
10409_10,0.9977482
6780_1,0.001477943
6251_10,0.998884
12227_1,0.0015978455
1146_10,0.9988121
10977_9,0.9985221
3857_1,0.0015978455
7622_8,0.979354
2548_7,0.99863297
8602_9,0.998103
8885_8,0.99863297
472_4,0.0036499873
11700_9,0.9986749
10268_3,0.0012065897
7569_10,0.9987356
475_1,0.0018969199
4719_1,0.0017007225
8851_3,0.0013458604
6320_10,0.9939964
4290_7,0.8940517
7936_10,0.9985221
4616_1,0.0015247865
3616_7,0.99861145
4849_3,0.002019014
3689_7,0.9877587
11224_7,0.97520185
8893_7,0.008061991
11126_7,0.9987551
4816_8,0.99877447
5895_3,0.001477943
9373_1,0.0021157034
2445_3,0.027169231
556_1,0.0011695102
11855_1,0.9982993
11346_8,0.99827254
8621_8,0.99854493
10259_3,0.0025909794
2354_3,0.0022518474
8477_10,0.99861145
11408_7,0.0269635
8490_1,0.020332353
175_8,0.9969722
3376_1,0.0022518474
3888_7,0.9988121
11655_2,0.0020507437
9630_10,0.9985221
8121_1,0.001810211
10758_4,0.0019877742
1979_10,0.99854493
9702_8,0.99818975
1064_1,0.0022170132
850_4,0.0021489493
1624_1,0.4572352
5885_10,0.9987551
8246_8,0.9981324
4073_7,0.9986749
5116_2,0.0015978455
5379_2,0.001810211
75_1,0.0020829707
5895_10,0.99856746
10651_9,0.99861145
1776_7,0.9981324
8500_1,0.0015011822
11026_9,0.99884856
12195_1,0.0036499873
1832_7,0.9988121
11424_8,0.9985896
1744_8,0.9988121
9699_1,0.001622967
11840_10,0.9986749
8955_1,0.5874699
1571_4,0.0015487612
6434_9,0.99871576
7214_10,0.9977482
153_4,0.9964619
3914_1,0.9834705
5005_8,0.9986749
8283_4,0.0037654138
8846_1,0.0012843083
3708_1,0.9964064
5123_10,0.9985221
2868_7,0.99869555
6395_10,0.9986541
5788_4,0.7324005
2380_8,0.99856746
462_7,0.99879336
11697_7,0.99890125
3577_3,0.0010987311
5569_4,0.007345827
348_1,0.0017274586
9194_10,0.9986541
1001_4,0.0038244836
6869_4,0.9969722
7182_1,0.0023596606
2089_4,0.0019877742
3496_1,0.9961755
938_1,0.0031236487
10325_9,0.99553156
786_10,0.99877447
4562_9,0.9986541
2566_9,0.9987551
10732_3,0.0014550629
7621_1,0.0019267346
11747_10,0.99827254
11271_4,0.001867566
9057_10,0.9988121
12374_3,0.0038244836
9130_9,0.99298817
9735_3,0.001264422
4305_7,0.99877447
10477_9,0.9986749
5498_9,0.99884856
4452_8,0.9987356
7993_1,0.0023596606
3245_9,0.9988121
11289_10,0.9942697
2678_10,0.9986749
6836_1,0.0012843083
10936_3,0.001477943
6870_4,0.0009850082
10109_10,0.61578125
9907_7,0.0226292
4801_2,0.0019570168
3684_10,0.9988305
12305_9,0.9987551
530_10,0.997917
10977_2,0.0014325365
9819_10,0.9986749
5057_1,0.0036499873
8703_10,0.9985221
8997_2,0.0012843083
5766_7,0.9838472
9436_8,0.99861145
39_9,0.9987551
6052_4,0.001867566
9748_9,0.9956006
8395_1,0.0011513996
688_7,0.0020507437
4688_3,0.0053018946
6287_3,0.0012065897
1945_8,0.9981324
11830_2,0.0062899017
4042_2,0.0011695102
10160_3,0.0012065897
2069_4,0.0025509126
11039_1,0.0020507437
6675_3,0.0025509126
9189_2,0.01883313
3683_10,0.9987551
5536_10,0.9968273
11089_1,0.0011160143
9064_7,0.997981
2079_1,0.0011160143
648_3,0.0018969199
12300_10,0.9986749
5755_8,0.9980732
3460_1,0.0012255674
151_2,0.0023231625
6990_4,0.004681822
11356_10,0.9985896
3062_2,0.0013670255
4310_1,0.0019267346
9393_9,0.99629277
5886_1,0.004905406
7359_10,0.99847525
3210_1,0.001648483
4689_10,0.99863297
11111_10,0.9985896
1413_3,0.0017007225
2502_8,0.99869555
10737_2,0.015424551
6525_10,0.99629277
4416_4,0.0012843083
1705_4,0.0036499873
1485_10,0.9984988
4406_9,0.99732697
3365_8,0.99863297
6825_9,0.99863297
9214_1,0.05921025
8171_1,0.0019570168
12138_7,0.001810211
2421_8,0.99871576
7727_4,0.0015731123
8236_8,0.9207897
4802_8,0.9986749
5429_2,0.005220126
6584_1,0.9966756
5429_8,0.99845123
2124_8,0.99847525
11670_3,0.0012255674
7527_1,0.0015978455
11193_3,0.0034296038
3647_10,0.9985221
2084_3,0.0048297215
8481_10,0.9988121
2458_8,0.99871576
8705_1,0.0021157034
4919_4,0.0145035805
1621_1,0.0018969199
6059_1,0.0011879054
4132_1,0.007011795
10953_9,0.99586606
6692_8,0.99886644
3604_3,0.0018969199
6432_1,0.0015978455
10932_8,0.99879336
7248_3,0.97754294
3837_4,0.0031236487
8770_8,0.998884
12067_7,0.9979493
7351_1,0.001477943
11556_1,0.9898303
8220_1,0.0047552
8008_4,0.0018386653
6500_1,0.0015731123
8303_4,0.0038844768
6765_10,0.99877447
4701_3,0.0023596606
8956_1,0.0017546144
11443_8,0.9982993
7119_7,0.99845123
11761_2,0.0015731123
9921_9,0.99371004
2275_9,0.99877447
8849_2,0.0015487612
2791_3,0.0017007225
9105_10,0.99861145
1991_7,0.9986749
41_9,0.9987356
9259_1,0.0017274586
3785_3,0.9230392
12335_3,0.0011879054
7020_1,0.0011513996
9490_4,0.9953181
11296_1,0.0014325365
7641_2,0.0011879054
8163_7,0.9986749
7342_10,0.9986749
766_8,0.9987551
5399_1,0.001648483
1565_7,0.99871576
12_9,0.99877447
11574_10,0.9988121
8194_8,0.9985221
6110_10,0.998103
8108_1,0.0017274586
3852_4,0.0015247865
11474_2,0.0013250223
11554_10,0.9988121
1798_3,0.0014550629
11814_10,0.9988305
5072_9,0.98803884
4389_10,0.99879336
8148_10,0.9986749
5840_2,0.002434382
1972_7,0.99736834
10169_3,0.001133569
8651_1,0.0017821962
6399_3,0.0011879054
8965_1,0.002396731
8853_1,0.002434382
2841_9,0.9988121
6658_1,0.030444348
11515_1,0.001264422
4474_1,0.002019014
8221_10,0.99863297
12204_10,0.9988121
10671_1,0.0012065897
7335_3,0.0017007225
4050_3,0.994615
9465_8,0.99871576
11620_8,0.9986541
11998_8,0.9988121
11188_2,0.0017007225
6656_1,0.0012255674
3416_4,0.0018386653
11558_9,0.998103
2752_4,0.0027576222
10330_9,0.9984269
9323_7,0.99854493
12232_4,0.96691406
5699_7,0.9987356
1020_2,0.0020507437
1161_1,0.0021827165
10187_10,0.99854493
4585_10,0.89256257
7570_10,0.99832565
9752_1,0.0019570168
4956_1,0.0023231625
1355_2,0.0017007225
10456_1,0.0015247865
8757_10,0.9981614
2286_3,0.0011160143
1297_7,0.9881309
5326_8,0.99879336
11535_10,0.99871576
4783_10,0.99861145
4292_2,0.0015487612
2856_1,0.0017546144
450_10,0.99821776
9611_1,0.9908744
2403_1,0.0047552
2037_7,0.0123361
9580_1,0.008061991
1694_7,0.9986541
11385_10,0.998884
493_1,0.0013458604
9013_10,0.99879336
11235_3,0.016403032
10793_3,0.0014103585
2197_10,0.9987551
1887_2,0.0010817152
6617_7,0.9986541
12028_1,0.0010987311
5413_1,0.0025909794
1134_1,0.0016743994
1290_2,0.0017546144
12241_8,0.9079672
965_3,0.9492946
2044_10,0.99877447
7782_10,0.99863297
6087_4,0.99701905
3600_2,0.0022170132
1588_3,0.029535338
10421_8,0.01757688
3390_10,0.9949397
6531_1,0.0015731123
9792_10,0.99854493
3755_9,0.99884856
11471_7,0.997065
10427_10,0.99879336
4011_3,0.0015978455
8784_7,0.0032224844
10714_9,0.99879336
6031_9,0.9985221
8130_10,0.9986749
4772_9,0.99877447
6599_7,0.99856746
11335_2,0.0019267346
6412_1,0.001264422
998_7,0.9985896
9542_10,0.9987551
1490_3,0.0010649626
4142_10,0.997783
8371_10,0.99818975
5457_8,0.99877447
5001_8,0.99871576
150_9,0.99879336
8487_10,0.99877447
10024_3,0.0013458604
3687_8,0.99871576
6171_10,0.99877447
5462_8,0.9988305
1372_4,0.0022170132
7361_8,0.9985221
1030_9,0.99827254
3341_8,0.9957353
7677_2,0.0015487612
6584_7,0.9988305
2372_10,0.76559335
5898_9,0.99854493
7370_7,0.99821776
3018_9,0.9988121
4899_9,0.9967775
2385_4,0.005641909
8433_9,0.9988121
1989_8,0.9966756
10401_7,0.0023596606
5668_1,0.0038844768
11516_3,0.0010649626
12419_1,0.0038844768
5402_7,0.9951703
10537_9,0.99877447
117_10,0.9986749
6756_4,0.0030278352
4051_3,0.0018386653
9687_10,0.9978173
11011_2,0.0010817152
8460_8,0.9986749
5155_3,0.0013250223
2473_2,0.0017007225
4074_1,0.001477943
4730_10,0.9984988
5310_2,0.0022518474
6630_10,0.9988121
4363_1,0.0017821962
1022_3,0.002434382
8247_10,0.99863297
7437_10,0.9985896
3846_7,0.99871576
7298_1,0.0010649626
11955_4,0.002396731
9448_10,0.99771273
142_1,0.0018969199
2260_3,0.0012843083
9012_4,0.0033766124
5321_9,0.7446563
527_10,0.99854493
2898_3,0.0012255674
12302_9,0.9988121
1463_4,0.064653486
5278_1,0.0015731123
6450_1,0.0017007225
9704_1,0.0017546144
2673_2,0.0013045068
10175_2,0.001264422
8006_2,0.0022170132
9492_4,0.005641909
4595_3,0.998103
9499_2,0.0015011822
7869_1,0.001264422
4047_10,0.99879336
4962_7,0.99827254
4052_2,0.0011160143
1423_10,0.9985221
7376_2,0.0017007225
1067_9,0.9984988
3289_1,0.0028449094
5780_9,0.008985428
2965_2,0.008445628
4127_10,0.99877447
10156_3,0.0025909794
11164_1,0.0038844768
1422_10,0.9985221
9470_4,0.005384938
7733_3,0.9736447
3814_3,0.0015731123
9900_1,0.0014103585
5363_3,0.002889581
2878_7,0.9975656
11647_2,0.004264634
1729_1,0.0010649626
2263_1,0.002019014
11707_2,0.0015978455
10722_7,0.9988121
6321_9,0.9740426
7339_10,0.99863297
8003_9,0.99869555
11009_10,0.9981614
9458_1,0.001867566
10359_1,0.0010484692
5530_3,0.003707253
3377_9,0.9987356
2256_9,0.99863297
9036_1,0.0018386653
7621_7,0.06903793
9992_4,0.04922211
1004_10,0.99861145
6339_3,0.0011160143
5554_10,0.99821776
10128_10,0.9986749
4540_10,0.9984988
1410_7,0.9971551
7072_1,0.0018386653
4324_4,0.0011695102
9611_7,0.006003596
7571_10,0.99863297
11337_1,0.0057302467
1169_1,0.0022518474
10881_4,0.0015011822
8782_4,0.0016743994
5357_10,0.99871576
9318_7,0.997065
9071_3,0.99877447
485_4,0.001133569
3164_2,0.9891816
1343_10,0.9980122
571_10,0.99886644
6749_10,0.99871576
1945_4,0.0029810332
8132_3,0.0017007225
12380_4,0.0016743994
11183_4,0.0043994132
10526_10,0.9975656
7234_10,0.99877447
3054_7,0.9986541
5217_1,0.0011513996
7106_8,0.9984022
11043_10,0.99861145
8447_2,0.005641909
9744_10,0.99871576
10638_9,0.9959299
8778_10,0.9984022
3666_9,0.99832565
4223_10,0.9987551
1642_2,0.0038244836
10541_8,0.9757624
8067_1,0.0012065897
11116_10,0.008061991
8701_1,0.0023231625
6422_8,0.9987551
9168_1,0.0017274586
4130_1,0.0022170132
8492_1,0.0014325365
6430_3,0.0017274586
9306_8,0.98571813
10487_7,0.99863297
6687_1,0.0063883206
11869_1,0.0013670255
9224_10,0.9987356
1625_9,0.9988305
8651_7,0.9092645
3702_4,0.0022872274
4470_7,0.0020829707
31_4,0.02350945
11316_10,0.99877447
5961_8,0.99877447
4428_2,0.0020829707
2540_4,0.0013670255
4855_2,0.0043994132
9997_2,0.0013885231
12214_2,0.001867566
12383_2,0.0029349516
12344_4,0.004198795
8147_10,0.99879336
2019_10,0.99871576
8161_3,0.0011695102
7312_10,0.97539
9310_8,0.9982993
11966_1,0.0012843083
8962_1,0.0019570168
5661_4,0.0015247865
5765_4,0.001622967
10934_8,0.99879336
5801_9,0.9898303
190_2,0.0009850082
880_8,0.17050801
10677_10,0.9975274
10520_10,0.9987551
6697_7,0.018264279
11582_1,0.002019014
1986_1,0.0010987311
6021_4,0.0014550629
7220_8,0.9814534
5870_1,0.0014550629
1459_7,0.9986749
1733_8,0.99863297
7060_9,0.99871576
5249_9,0.9987356
8845_9,0.9988121
10133_8,0.99711037
3041_9,0.9988305
11504_1,0.0038244836
6261_8,0.9986541
2942_10,0.99877447
5522_10,0.99827254
4260_8,0.99701905
1600_2,0.0014325365
1698_10,0.99845123
5823_10,0.99832565
2413_9,0.9853843
7316_9,0.9980732
5963_2,0.0013670255
9960_10,0.99856746
6014_9,0.99879336
2357_4,0.0014550629
9788_10,0.993807
8100_2,0.0017274586
4099_9,0.9974885
10894_2,0.0015011822
7940_1,0.0011695102
3605_4,0.55380696
11270_3,0.004681822
2306_8,0.99861145
3825_10,0.9985221
161_7,0.9953904
12121_9,0.99869555
7916_10,0.9005298
10598_4,0.0023596606
3484_10,0.9987551
8967_1,0.0017821962
4005_2,0.0012448432
10355_4,0.99486035
5215_10,0.9877587
943_3,0.0015731123
11786_10,0.99856746
5938_2,0.0013670255
998_2,0.0012255674
4333_4,0.0010484692
6606_9,0.9979493
5251_2,0.009485713
4152_4,0.0032730647
3148_2,0.9933072
3344_7,0.7126323
9832_3,0.024423089
2689_3,0.023689471
3400_10,0.99657035
4000_4,0.97719735
3934_3,0.0057302467
9014_9,0.99657035
2339_9,0.99884856
8833_1,0.0022518474
10197_8,0.99871576
8811_1,0.003707253
1805_7,0.9987356
2238_7,0.99845123
2487_9,0.9798227
1737_1,0.0012065897
4085_2,0.001264422
5665_10,0.9967269
9721_4,0.001810211
10577_9,0.9987356
8892_7,0.994615
4503_10,0.99877447
9348_3,0.004133968
10382_10,0.99845123
8339_3,0.0011695102
5199_10,0.9988305
1897_1,0.0013250223
3578_9,0.99879336
9192_7,0.99719906
12154_2,0.0031726828
5089_2,0.0014325365
8988_7,0.98527133
10170_8,0.82782817
6690_8,0.99879336
2549_2,0.002396731
6546_3,0.0013670255
5283_2,0.001477943
8131_9,0.99884856
4745_8,0.9987356
7251_1,0.004198795
1829_8,0.99869555
11922_9,0.99879336
10322_1,0.0018969199
3163_4,0.0027149855
11849_9,0.99877447
11809_10,0.99879336
1275_3,0.0038844768
11694_4,0.0023231625
12112_8,0.00619299
11212_4,0.99687636
5124_10,0.99861145
5362_2,0.0023596606
2680_9,0.99863297
11181_4,0.96405166
4345_1,0.0015247865
8916_7,0.9966234
10042_8,0.99871576
10324_8,0.99879336
4425_3,0.9969246
9133_3,0.05033063
11028_10,0.99856746
1941_7,0.99861145
10142_3,0.018978037
4572_1,0.001648483
10512_1,0.001477943
7180_7,0.99827254
3948_1,0.0012843083
1238_4,0.0015011822
5269_9,0.9888419
12346_8,0.013222822
11481_4,0.997981
1943_3,0.0013250223
4742_1,0.0014550629
2433_1,0.0021157034
4422_3,0.002889581
342_1,0.0011513996
736_8,0.99837697
3036_10,0.0035936027
9336_7,0.28577045
9205_1,0.001032231
9923_8,0.98677725
8875_2,0.0022518474
2023_7,0.15253651
4102_1,0.0057302467
11345_1,0.0015978455
6736_9,0.9988121
7839_8,0.99879336
8572_10,0.9987551
7211_1,0.0025909794
6666_2,0.0011695102
1978_7,0.99869555
3156_1,0.002673006
3333_7,0.93195957
3720_4,0.99029154
1450_3,0.9722044
8563_10,0.9875683
9087_9,0.9988121
6843_10,0.99871576
3485_7,0.9666631
4259_10,0.99877447
10186_10,0.9986749
3312_3,0.0018969199
7624_4,0.8601343
7930_3,0.0018386653
8407_10,0.9985221
1771_4,0.022802636
11919_4,0.0015487612
425_2,0.0013458604
11795_2,0.0028449094
6767_1,0.0013885231
2996_9,0.99869555
990_1,0.0011695102
3757_3,0.0074606435
2981_2,0.0015011822
10277_2,0.0013250223
662_9,0.87663436
5311_3,0.0020829707
3796_10,0.9968273
3846_1,0.0015487612
5651_2,0.001477943
6649_3,0.001133569
10779_2,0.0018969199
4548_10,0.99824536
7275_10,0.99871576
1605_9,0.9979493
3580_4,0.0057302467
5712_2,0.0012255674
5287_10,0.997065
3230_9,0.997917
7936_1,0.0012843083
9983_3,0.0012448432
9959_7,0.9987356
5739_4,0.004905406
4308_10,0.99847525
4854_8,0.9959927
8620_7,0.99580115
7923_9,0.9988121
11686_10,0.9988121
8253_1,0.007011795
11030_4,0.9791955
3995_9,0.99871576
10763_9,0.9988121
6780_8,0.99847525
10895_1,0.0010484692
11778_1,0.03594832
8512_10,0.9987551
1061_1,0.0012255674
10584_3,0.0021157034
212_4,0.0013250223
1908_2,0.0028449094
10958_1,0.004331502
980_7,0.9983516
2686_10,0.99877447
2088_1,0.001622967
6075_1,0.0021827165
9782_10,0.99877447
9180_3,0.001622967
2478_3,0.0018386653
1634_2,0.0010987311
6810_8,0.87191176
2562_10,0.99854493
3841_7,0.9976769
5387_1,0.001264422
9047_7,0.997851
4962_4,0.3242354
8597_8,0.99861145
1515_1,0.0011695102
1974_1,0.0032730647
9935_3,0.9987356
2404_4,0.012624948
8638_1,0.0010987311
8720_1,0.001477943
11411_2,0.002396731
7676_3,0.017442483
11756_9,0.9984269
4195_1,0.001133569
11787_10,0.99832565
11838_1,0.0021489493
11748_1,0.0013045068
7309_3,0.94165415
502_4,0.0018386653
1239_10,0.99788433
8925_4,0.0025509126
4242_1,0.0013670255
2112_2,0.001133569
6359_8,0.9988121
8034_9,0.99869555
807_3,0.013020489
7852_4,0.0017821962
8014_10,0.9984022
4823_8,0.99845123
8448_10,0.9975656
3564_8,0.99635005
858_4,0.9987551
8529_7,0.045352582
6515_3,0.0010484692
2646_10,0.9984988
4278_1,0.0028009268
5641_7,0.006692851
5382_4,0.0030753699
3300_8,0.99869555
4849_9,0.9988121
12013_1,0.0027149855
107_4,0.9967775
10046_10,0.99837697
9141_10,0.99827254
10297_10,0.99879336
634_10,0.9988305
438_2,0.0012065897
11794_8,0.9988305
3937_4,0.0025509126
3602_4,0.001648483
11851_1,0.0012843083
8690_7,0.9968273
2697_2,0.0025909794
805_10,0.99884856
7572_1,0.0015011822
10553_1,0.0012448432
5246_2,0.0020829707
2064_8,0.998103
11856_1,0.0015978455
9026_7,0.9966756
4449_7,0.86748546
8579_10,0.9986541
8503_7,0.997917
5734_1,0.19072402
11507_1,0.0021489493
7956_10,0.9985896
11245_2,0.0013670255
6142_2,0.016914913
10657_1,0.0019570168
7992_1,0.0014103585
11347_9,0.98228765
5278_8,0.99861145
6362_10,0.003538086
10214_2,0.0014103585
9184_7,0.9988121
2666_10,0.9988305
7527_7,0.9987356
2001_1,0.005641909
12000_4,0.004264634
10302_3,0.0034834242
7160_10,0.99863297
2757_10,0.9986749
3792_3,0.003707253
6199_1,0.0011879054
10467_3,0.001622967
531_10,0.99854493
8193_9,0.9975656
248_7,0.9984022
187_1,0.0019877742
5193_8,0.017176708
5138_8,0.9984022
8467_1,0.07477005
11029_8,0.9984269
667_4,0.0043994132
3714_1,0.001477943
8102_4,0.99821776
9195_4,0.0013045068
1432_3,0.0021157034
9095_10,0.9079672
11510_2,0.0021827165
5644_1,0.023153413
2556_8,0.99861145
11887_2,0.0016743994
5374_1,0.008315778
5356_3,0.0048297215
10209_1,0.0024726235
2001_8,0.9980122
6088_1,0.73866904
6140_4,0.7690802
11494_4,0.021287354
11631_7,0.997981
4818_1,0.0012448432
10914_1,0.0017546144
4472_8,0.9987551
8735_9,0.99871576
11190_1,0.0075772414
462_4,0.0037654138
6566_4,0.002019014
4598_4,0.96095175
11566_1,0.0015731123
2560_3,0.0021489493
11969_4,0.002673006
8765_1,0.0011513996
9957_10,0.99351174
5210_10,0.9981324
5007_10,0.9988305
10290_10,0.9987551
10319_1,0.0025114634
1848_2,0.0012448432
1319_3,0.0015247865
11248_10,0.99877447
379_1,0.0017274586
3469_10,0.9987551
437_2,0.0015011822
3648_1,0.46089542
8834_1,0.0014550629
3316_1,0.0012448432
9563_2,0.03704717
4500_9,0.99861145
6226_3,0.008445628
5653_3,0.0020507437
5415_2,0.001032231
6725_4,0.0027576222
9462_10,0.99869555
3471_3,0.09602549
7259_2,0.0015978455
8181_3,0.0014550629
10749_1,0.0027576222
12283_1,0.0010005045
402_1,0.0013045068
8024_10,0.9985896
11114_1,0.0014325365
461_1,0.0013045068
10025_2,0.0014103585
3358_4,0.018978037
2022_1,0.0022872274
12493_7,0.9987551
4131_9,0.99877447
9852_4,0.001810211
7122_1,0.0023231625
1994_10,0.99856746
10723_9,0.9900636
3900_8,0.9987551
7741_10,0.99869555
4287_9,0.99869555
10195_10,0.9983516
10941_3,0.0013250223
1615_1,0.001133569
12337_3,0.0012255674
2259_2,0.0010817152
6179_10,0.99879336
138_8,0.9978173
6482_3,0.001867566
10362_4,0.0011879054
1341_10,0.99818975
8299_8,0.92523
7839_2,0.0011513996
6659_7,0.9976404
7143_10,0.9987551
12445_1,0.0011695102
3796_3,0.0017007225
4180_10,0.99877447
7775_10,0.9987551
8946_9,0.9984269
1936_7,0.9981614
8387_1,0.0013250223
10092_8,0.9984022
5729_10,0.9985221
1399_7,0.998103
4011_8,0.9986749
7868_8,0.99890125
3546_8,0.9986749
8643_9,0.99863297
6033_1,0.0013045068
428_10,0.9982993
3385_10,0.99854493
3073_2,0.0012065897
4169_8,0.9986749
8191_3,0.0027576222
211_3,0.0015487612
297_2,0.0020829707
4286_8,0.98951083
535_10,0.9985221
4851_4,0.0024726235
9707_1,0.001810211
9740_10,0.9845754
5410_1,0.0011160143
1436_1,0.0032224844
3766_10,0.99847525
2483_9,0.99884856
1937_10,0.99884856
2939_3,0.0051396107
3372_1,0.0012448432
7825_10,0.9987356
7780_10,0.9988121
7656_10,0.99871576
4850_7,0.9987356
5083_4,0.0013458604
10429_1,0.0015731123
8009_2,0.0013670255
10879_4,0.004070138
7328_1,0.001622967
10055_1,0.0011513996
11715_7,0.9728308
1547_1,0.001264422
7665_9,0.31489265
6061_10,0.9975274
10800_1,0.0019877742
10234_3,0.0015247865
11334_2,0.619241
3106_1,0.001867566
12173_3,0.0015247865
2076_10,0.9988121
4414_7,0.9975656
7679_9,0.99760324
2010_1,0.0012255674
9460_9,0.9982993
11261_4,0.0011160143
7500_10,0.997285
9503_4,0.0016743994
5937_4,0.0030753699
87_10,0.9982993
2968_1,0.0010987311
6728_9,0.99847525
9954_4,0.001264422
5875_8,0.99863297
12429_10,0.99818975
11247_10,0.99854493
8879_4,0.99847525
2999_1,0.0018969199
11448_8,0.052618954
3629_1,0.0015978455
1302_1,0.0025909794
10851_1,0.001622967
9533_4,0.0010649626
4078_2,0.0011879054
7813_3,0.001264422
11284_10,0.9985896
3509_8,0.99886644
11198_3,0.0014325365
9197_9,0.99863297
3603_3,0.9965166
6472_7,0.9988305
2410_2,0.004198795
10240_10,0.99740905
6507_4,0.0038844768
1511_2,0.002889581
5475_2,0.0013670255
5728_1,0.0012255674
5294_1,0.0016743994
12024_10,0.9984988
2355_1,0.004133968
4088_9,0.9987356
2580_10,0.9986749
9423_1,0.0017546144
6836_7,0.99863297
11806_1,0.0014325365
8412_1,0.003538086
770_10,0.9981324
1029_10,0.9981324
11288_4,0.9959927
690_3,0.0023596606
1925_9,0.99871576
2116_10,0.99821776
8597_2,0.0033766124
8734_4,0.001648483
5549_3,0.0015247865
5447_7,0.99724233
2519_4,0.006903838
11323_7,0.99390244
9338_1,0.001477943
3299_10,0.99869555
10585_8,0.9987551
3945_7,0.0033766124
813_1,0.0014103585
1300_9,0.99818975
5849_7,0.9985221
5535_8,0.99856746
3612_2,0.001264422
11064_2,0.0014550629
376_10,0.59690315
8504_2,0.0013885231
8198_1,0.0012255674
6485_1,0.0012255674
9011_3,0.0039454065
6766_1,0.0021827165
7282_3,0.0063883206
1450_10,0.9927672
10644_8,0.9977482
5424_2,0.98998636
86_3,0.0015247865
1221_1,0.0013045068
2309_3,0.0015731123
5190_4,0.0017274586
11498_1,0.08570928
11959_10,0.9986749
10465_10,0.99879336
3922_4,0.9837225
9710_9,0.44981557
2014_1,0.0019267346
3791_9,0.987375
3548_4,0.0014325365
6001_3,0.0013885231
11920_4,0.010169657
10152_9,0.9987551
10305_1,0.12252322
10626_1,0.0021489493
3057_3,0.9859364
5387_8,0.0029810332
8138_2,0.0029810332
11134_1,0.0036499873
8341_2,0.0016743994
6687_9,0.99879336
671_3,0.08449275
1156_2,0.001622967
11841_9,0.9987551
7193_9,0.9987551
2257_10,0.9986749
5261_3,0.9744348
10475_2,0.0014550629
11175_2,0.009559399
8122_9,0.9988121
6266_7,0.99879336
4340_9,0.997917
331_4,0.022457054
854_7,0.99871576
6800_10,0.99871576
982_8,0.9986541
5916_7,0.99818975
5871_2,0.0020507437
4106_9,0.99871576
8506_1,0.0032224844
4610_9,0.99884856
5086_4,0.0065897712
453_9,0.9965166
4611_3,0.0012255674
3764_4,0.0012843083
7644_4,0.0012448432
4037_2,0.001477943
1595_10,0.99879336
7792_3,0.0014103585
10068_3,0.0024726235
7199_10,0.99869555
2050_3,0.0020507437
2460_7,0.9987551
9299_1,0.0022872274
6297_4,0.0018386653
7797_10,0.9987356
11272_8,0.99863297
7808_9,0.9984988
5806_3,0.0013250223
4573_10,0.1877276
3935_7,0.98282325
3502_1,0.0013045068
5744_10,0.0031236487
10548_10,0.9986541
3746_7,0.72758853
3851_10,0.99863297
2648_2,0.001867566
11397_3,0.0014550629
1024_4,0.017442483
4034_2,0.0014103585
7010_10,0.9983516
10429_9,0.9988121
8086_1,0.0011879054
6463_4,0.0017821962
3540_3,0.001648483
7608_8,0.99871576
5123_4,0.994615
8139_4,0.002019014
2535_10,0.9719925
4187_1,0.0021157034
1711_4,0.0025509126
6197_4,0.001264422
4953_7,0.99847525
578_9,0.99837697
4244_10,0.997285
3893_8,0.997917
4903_7,0.99863297
9850_8,0.9987356
11450_3,0.0015487612
4926_8,0.99871576
804_1,0.0018386653
5933_7,0.979354
4407_1,0.0074606435
7951_7,0.99724233
9759_10,0.99879336
3936_8,0.9962346
6998_1,0.0021157034
8967_7,0.9984269
5061_4,0.0020829707
7787_3,0.0019877742
8320_10,0.9987356
967_7,0.042722195
11996_7,0.990732
4233_8,0.99863297
2494_8,0.99390244
6804_8,0.99847525
1452_3,0.080936715
10327_7,0.9985221
1510_1,0.0020829707
7223_4,0.0021489493
2280_10,0.9967269
4092_9,0.99869555
11305_1,0.0013250223
10599_1,0.0011160143
9545_4,0.9539661
6423_8,0.99837697
12314_1,0.0013670255
8470_1,0.0029810332
8957_8,0.9984269
1725_9,0.99847525
11127_1,0.0043994132
6570_8,0.99760324
10477_1,0.0014103585
5503_4,0.002019014
12251_8,0.9987356
3474_10,0.99886644
7269_1,0.0011513996
997_3,0.0013250223
10781_10,0.9986749
6598_10,0.99845123
9225_1,0.0017821962
20_9,0.99869555
9671_9,0.9798227
8627_3,0.0012843083
12404_4,0.99760324
1110_7,0.99877447
6979_1,0.0013885231
9082_1,0.0031236487
3626_7,0.9942697
4856_4,0.99566853
11510_9,0.9988121
7024_10,0.9988305
1501_9,0.0145035805
4185_9,0.0028009268
8671_9,0.9988305
2225_10,0.99863297
199_4,0.997981
6027_9,0.99861145
359_4,0.0019267346
4065_3,0.0017007225
12333_7,0.99827254
1963_10,0.99804294
9106_1,0.001867566
10478_1,0.0021489493
10859_9,0.99861145
357_1,0.0010817152
6982_10,0.99877447
460_8,0.9988121
9266_2,0.0015011822
351_10,0.99863297
9562_10,0.9984269
9784_3,0.004331502
5949_7,0.9987356
6489_1,0.01461567
1607_9,0.99740905
4482_10,0.99847525
8816_8,0.0018969199
2427_1,0.002673006
4838_9,0.9987356
10961_9,0.9982993
6708_10,0.99879336
1045_9,0.9959299
3607_3,0.011331754
4325_9,0.99877447
4779_1,0.0013670255
4624_9,0.99879336
4564_10,0.9974491
7132_9,0.9985896
506_2,0.0010649626
5939_1,0.0011160143
3219_10,0.9986541
8620_4,0.0025114634
2049_1,0.001477943
3367_9,0.97737074
7408_9,0.9983516
8850_2,0.0011879054
870_4,0.0018386653
8056_8,0.0140636265
11367_10,0.99821776
6160_10,0.99877447
6712_8,0.7641884
5267_8,0.9988305
1191_1,0.001622967
1513_3,0.0031236487
4741_10,0.0040072887
9807_2,0.001133569
6926_10,0.99884856
6382_10,0.99869555
6636_8,0.9987551
6592_10,0.9988121
11308_10,0.9987551
10853_3,0.0010484692
1774_7,0.9832145
8259_10,0.9988305
8649_8,0.99837697
10739_2,0.001648483
9843_7,0.032589745
5984_10,0.9988121
8658_1,0.0013458604
10386_1,0.0016743994
3271_4,0.0067975316
6167_1,0.00096975197
529_1,0.0010484692
5696_2,0.65885663
1601_10,0.9964619
10744_8,0.9984269
6121_9,0.010570489
2598_10,0.9987551
9209_10,0.9984988
3831_1,0.0010987311
7171_9,0.9987551
1850_10,0.9987551
8728_7,0.9978173
7698_7,0.99884856
5954_10,0.9988121
7104_7,0.002019014
5617_2,0.004905406
3896_1,0.0015487612
4355_1,0.0015247865
4212_7,0.997851
622_1,0.001477943
3368_8,0.99804294
2870_1,0.0020507437
12107_9,0.99879336
8016_8,0.9987551
8752_4,0.9939964
10653_10,0.99871576
7245_10,0.9988305
9742_9,0.9983516
7637_4,0.9730365
11903_10,0.9309621
9818_3,0.0019267346
373_2,0.0021827165
110_10,0.99877447
2450_10,0.9986749
9009_3,0.0010817152
9132_2,0.001032231
11076_1,0.0011879054
4285_4,0.0021157034
109_8,0.0021827165
2585_8,0.99877447
7781_1,0.0021489493
1359_10,0.99629277
9773_3,0.001264422
10328_10,0.9987551
12063_1,0.0038844768
12061_1,0.0017274586
555_7,0.99711037
2288_4,0.0013045068
1259_10,0.81167597
12098_1,0.0011695102
6493_9,0.9984022
324_3,0.0013885231
7834_8,0.0023231625
8918_7,0.9981614
10736_9,0.9988121
5272_3,0.0019570168
4302_1,0.0030278352
646_1,0.003707253
10868_9,0.99856746
9654_8,0.9969246
10790_10,0.9988305
10589_3,0.0015011822
6364_10,0.99863297
8477_1,0.001133569
6938_2,0.0029810332
9420_3,0.002019014
1527_10,0.9988121
5769_1,0.0015487612
1655_9,0.99884856
3917_10,0.99856746
8666_4,0.0015487612
11820_2,0.05184547
11633_8,0.99837697
6136_4,0.0012255674
10293_1,0.0014325365
1084_1,0.0012448432
12287_9,0.99879336
11297_1,0.0015487612
6913_1,0.0022872274
11371_10,0.99856746
9937_4,0.0065897712
11341_10,0.99837697
5233_9,0.99884856
4358_10,0.9987551
10735_10,0.99886644
5234_1,0.001867566
7523_1,0.0021827165
5758_3,0.0014103585
11916_10,0.99877447
10276_8,0.9975274
5950_4,0.9923044
10329_10,0.9986541
8419_1,0.0010649626
3343_4,0.001133569
3640_3,0.0032224844
10160_7,0.97134733
1181_10,0.99879336
9181_1,0.0020507437
5778_7,0.9943581
3659_9,0.016152835
4695_10,0.99877447
25_10,0.99890125
6127_2,0.0015978455
1343_2,0.0074606435
1110_4,0.0018969199
12166_10,0.9984988
1853_8,0.99818975
6651_1,0.0015978455
4927_1,0.0012843083
10933_3,0.021948254
6911_9,0.99869555
467_9,0.99821776
2267_4,0.0016743994
9005_3,0.0021157034
10493_1,0.0013885231
8159_7,0.9986541
10039_1,0.0015731123
5147_1,0.0016743994
12176_10,0.99863297
9299_9,0.9988305
2824_10,0.9981614
7695_1,0.0012448432
8870_9,0.9986541
4063_8,0.9984022
396_2,0.0016743994
9016_3,0.0029349516
10148_10,0.9987551
2028_8,0.99879336
3738_7,0.91181
11365_1,0.04672496
9987_9,0.99890125
4050_10,0.9986749
8028_9,0.99724233
10161_7,0.9918121
5997_3,0.0039454065
7771_1,0.99736834
765_9,0.99863297
6558_1,0.0012843083
9148_9,0.997981
10100_10,0.9988305
11870_3,0.0017274586
143_4,0.001477943
5865_10,0.9984022
2364_10,0.99861145
4695_2,0.0016743994
3150_10,0.99877447
4181_10,0.99861145
8121_8,0.99869555
3263_10,0.99884856
9178_8,0.9987551
11323_2,0.0016743994
8922_10,0.9986541
7884_3,0.8812066
6474_1,0.0012065897
9697_8,0.9981324
9184_1,0.0015011822
9483_9,0.99856746
5353_10,0.9987356
5978_2,0.0010649626
7162_4,0.38421878
12175_3,0.0013045068
8229_8,0.99821776
8618_2,0.0013045068
854_1,0.0016743994
1379_10,0.9967269
10833_9,0.9974885
2244_4,0.002673006
8145_3,0.0015011822
9069_3,0.0032730647
691_7,0.9981614
421_1,0.0011513996
951_1,0.9563089
4966_4,0.0027576222
9116_10,0.99861145
7903_10,0.99877447
3684_3,0.0034296038
9435_1,0.0012843083
4998_1,0.0013250223
9698_1,0.0017546144
209_10,0.9908744
10314_9,0.9988305
6677_8,0.99854493
3044_7,0.99861145
1322_1,0.0012255674
3185_1,0.001648483
6619_1,0.0025114634
3765_7,0.009936419
3348_9,0.9974885
11833_4,0.003707253
2250_1,0.0011879054
7760_10,0.99821776
8619_8,0.9987356
5790_9,0.9986749
9197_1,0.0019570168
4350_2,0.0017546144
11545_10,0.9987356
12448_10,0.9984988
7160_2,0.0010649626
5966_4,0.9976404
5284_10,0.99824536
5276_8,0.018404892
7498_1,0.002019014
10729_9,0.99879336
1827_3,0.0011513996
3111_1,0.001264422
8298_8,0.199308
12447_7,0.99861145
8035_3,0.024237636
1203_7,0.99732697
7620_1,0.0021827165
2375_4,0.001477943
4026_2,0.0016743994
1925_1,0.0010817152
3658_1,0.0024726235
114_10,0.99879336
3386_2,0.0021157034
377_9,0.9965166
8855_10,0.9987356
10476_10,0.99871576
9073_4,0.0029810332
3255_2,0.0020507437
2918_9,0.99847525
5221_7,0.9988305
7546_1,0.0014550629
8080_7,0.98187524
7434_10,0.983343
1772_1,0.0012448432
2690_9,0.99824536
7133_9,0.9986541
9947_9,0.9969246
11865_1,0.002673006
6346_10,0.9988121
2945_3,0.0012843083
3625_8,0.99869555
694_4,0.0035936027
6795_10,0.998103
9353_4,0.99740905
12345_10,0.99821776
5316_2,0.0032224844
12204_2,0.0017821962
2186_10,0.9986541
5568_1,0.0030278352
11080_1,0.0017274586
228_1,0.0014550629
7795_1,0.0012065897
4886_3,0.61624324
11547_9,0.99605453
7494_2,0.0036499873
5466_2,0.0013250223
3655_8,0.99879336
4790_1,0.0012448432
12370_10,0.96909106
546_3,0.002631674
11818_8,0.9987356
9426_7,0.9988121
1524_3,0.009859855
6486_3,0.001810211
5288_3,0.0065897712
6797_3,0.0013670255
8130_4,0.042403832
4064_1,0.0014103585
4832_1,0.001648483
7232_1,0.0020829707
7279_3,0.244363
8356_3,0.93721074
3556_4,0.9964064
4097_7,0.99863297
7801_1,0.0035936027
8393_1,0.0034834242
5847_7,0.99871576
4470_4,0.001867566
6922_3,0.0011695102
1094_7,0.9832145
10740_10,0.99884856
4933_8,0.9987356
7794_10,0.99869555
7218_1,0.0030278352
12470_7,0.14903529
2980_7,0.99871576
10896_4,0.0038844768
8652_8,0.99788433
3638_4,0.016529558
9497_3,0.15354918
9266_8,0.9988305
7392_9,0.99253935
10_7,0.99724233
2466_7,0.9980732
1612_2,0.004331502
10262_7,0.99732697
2193_4,0.001867566
179_10,0.9987356
6025_4,0.018689308
7633_7,0.9911527
9716_1,0.0015011822
9487_10,0.99879336
9800_9,0.99869555
6424_8,0.992062
835_4,0.0015978455
11351_4,0.0035936027
5508_2,0.0018969199
12395_1,0.0027576222
11986_7,0.9984269
9947_3,0.9962346
11529_8,0.99824536
93_1,0.0027576222
9914_8,0.8610715
7953_9,0.9984269
9418_2,0.0014325365
9089_8,0.9984022
10337_10,0.99879336
4440_1,0.001032231
890_1,0.0013045068
6965_3,0.0051396107
6540_7,0.9986541
7693_10,0.99824536
6470_2,0.0022518474
9262_3,0.0017821962
1901_10,0.001264422
5107_10,0.99884856
6013_3,0.009708476
9295_3,0.0019570168
3450_9,0.99879336
820_9,0.6907677
3207_10,0.99871576
2620_9,0.99687636
9175_1,0.0012843083
3058_3,0.0010817152
4648_2,0.020488555
2012_9,0.9987356
8131_1,0.0017274586
4808_4,0.0029349516
9182_7,0.99856746
6829_3,0.0014550629
10736_3,0.0016743994
12347_10,0.99193794
9973_9,0.99879336
5320_4,0.005060332
4462_2,0.0023596606
2573_10,0.29299974
5580_1,0.0012065897
11771_1,0.0044683837
10782_2,0.93439513
7719_3,0.002889581
1897_10,0.99390244
8797_8,0.9987551
5464_10,0.998884
6480_1,0.0014550629
10346_4,0.0011513996
9386_7,0.9984988
1027_4,0.99732697
11905_10,0.99871576
7804_10,0.99863297
1491_1,0.0011160143
6521_1,0.0011160143
11835_1,0.0010987311
9661_3,0.0013250223
9476_7,0.979354
1398_8,0.99771273
7373_2,0.0019570168
10278_7,0.9987356
1422_4,0.002019014
2823_1,0.001133569
2691_3,0.001622967
5825_4,0.0017821962
4113_1,0.0017007225
10081_10,0.9981614
6700_1,0.0010817152
4482_3,0.9977482
652_8,0.99469805
5364_3,0.0013458604
2853_7,0.9971551
4328_10,0.9985896
2636_7,0.99788433
10850_10,0.9986749
12059_1,0.0012255674
4135_8,0.99871576
6311_2,0.0012448432
12379_3,0.0019877742
7288_4,0.005641909
1463_9,0.9985896
2112_7,0.99863297
3942_8,0.52195853
7693_1,0.0032224844
2451_10,0.9985896
11441_10,0.998884
11331_8,0.990732
7233_2,0.0017007225
649_2,0.998103
6388_10,0.9986749
3861_10,0.99351174
4188_10,0.9987551
10556_10,0.9988305
5855_4,0.002631674
7153_2,0.001867566
9710_2,0.0013045068
7607_10,0.9988121
4534_7,0.0034296038
11074_1,0.0015247865
9650_7,0.9984988
10921_4,0.0013045068
6121_1,0.0020507437
10458_1,0.0033766124
9602_1,0.0010649626
9693_3,0.97068775
9188_3,0.12940274
6333_9,0.9984988
8905_10,0.99871576
1335_7,0.9985896
11513_10,0.99861145
6925_10,0.99869555
10928_10,0.99869555
12454_1,0.0011160143
6286_10,0.99854493
5163_10,0.99869555
10200_7,0.99824536
3501_10,0.9987356
6574_3,0.015424551
5169_1,0.0040072887
2640_8,0.99871576
7117_10,0.9987356
3569_3,0.001810211
9810_10,0.9976404
2080_2,0.0015247865
3437_2,0.0021827165
7503_8,0.99884856
3753_3,0.00818791
10868_1,0.0018386653
12385_10,0.11240509
11870_8,0.99854493
6694_9,0.99871576
11824_10,0.99854493
1750_4,0.00498227
572_10,0.025565214
970_4,0.14270912
12211_10,0.7150262
6972_7,0.9988305
1554_1,0.8025555
8868_7,0.9987356
501_1,0.0013885231
2023_1,0.0013045068
4272_3,0.0012065897
2536_10,0.9962346
2819_7,0.0014550629
1810_1,0.001477943
11364_3,0.02517884
6086_1,0.0010987311
1901_3,0.0013045068
2847_3,0.0013250223
6224_1,0.0020829707
4305_1,0.0015487612
3685_3,0.0016743994
6292_2,0.001264422
10626_8,0.99879336
10721_4,0.0022872274
8086_9,0.9986541
7886_8,0.9986749
6601_2,0.0038244836
3806_8,0.7181993
2611_1,0.0011513996
1696_10,0.8062431
3823_10,0.62658125
6917_4,0.001622967
9469_4,0.0022518474
9498_9,0.99890125
11046_1,0.0012448432
6519_9,0.9986541
10676_8,0.997981
3139_9,0.99884856
1098_9,0.99886644
2588_8,0.004198795
9924_1,0.0013045068
2131_3,0.0013045068
236_3,0.0015978455
5390_2,0.0031726828
11292_10,0.0015731123
4149_8,0.99845123
610_1,0.0025114634
10184_1,0.0027576222
9123_3,0.9539661
3220_3,0.0016743994
9124_2,0.0012065897
9103_1,0.001810211
2896_10,0.99863297
8478_1,0.0015487612
11845_2,0.0021157034
3646_1,0.9941801
12254_7,0.9985896
857_7,0.99869555
592_3,0.9977482
1276_9,0.99869555
5096_10,0.99871576
10725_1,0.001867566
8426_4,0.007121429
10244_2,0.0011879054
4786_9,0.9979493
8358_7,0.014281935
5266_7,0.9983516
3581_10,0.9985221
12349_1,0.29138398
3429_4,0.00581996
9807_9,0.9984988
6631_2,0.0013670255
4981_1,0.0015731123
273_1,0.003538086
733_7,0.99687636
4982_3,0.004070138
2347_10,0.99863297
6263_10,0.9987356
3699_9,0.9962346
2270_8,0.9987551
8095_10,0.9744348
3347_8,0.99845123
4161_4,0.0025909794
3331_3,0.001622967
6845_3,0.0015247865
9272_4,0.0020507437
997_7,0.9518632
1798_10,0.99879336
4262_10,0.9984022
4868_7,0.9986749
7487_1,0.0012448432
8262_10,0.9986541
12397_1,0.0013250223
4786_4,0.002434382
3240_9,0.99371004
10992_10,0.99884856
8209_1,0.0013045068
6089_10,0.9987551
9735_7,0.998103
2554_4,0.84286314
8995_10,0.99869555
5732_4,0.002631674
1088_8,0.99861145
12345_4,0.0048297215
9364_4,0.18359362
12348_1,0.0015978455
3311_2,0.0019267346
6707_4,0.002631674
7048_7,0.99856746
9736_4,0.8267118
2975_10,0.99861145
982_4,0.0022518474
3227_4,0.0023596606
5185_1,0.0018386653
2131_8,0.9988121
6941_8,0.99869555
11936_8,0.9956006
2383_8,0.9012275
3057_9,0.99879336
8058_1,0.0013045068
4622_8,0.99469805
2208_10,0.9869795
12144_8,0.97702265
2737_10,0.9986541
3550_3,0.0032224844
2789_8,0.99884856
11757_9,0.9983516
10676_4,0.010986943
2855_2,0.0011879054
2740_3,0.0014550629
8609_7,0.99856746
2147_4,0.0074606435
8093_2,0.0018969199
10335_1,0.0067975316
1098_4,0.0015978455
6255_10,0.032589745
7276_1,0.0011879054
11301_10,0.9987356
1334_3,0.0020507437
8983_9,0.99884856
1694_1,0.0019570168
9658_1,0.0011879054
8438_8,0.99029154
536_3,0.0011695102
7074_10,0.9985896
1992_2,0.0027576222
5040_8,0.8056322
753_2,0.0015731123
7967_4,0.005554925
3763_2,0.07921033
3953_2,0.0015247865
3351_4,0.03541073
1704_8,0.99845123
6817_10,0.9986749
11914_4,0.0019267346
12071_10,0.9971551
6969_4,0.0016743994
11992_1,0.0015011822
11532_4,0.007011795
5253_9,0.99869555
5596_9,0.99886644
6560_1,0.0024726235
8082_1,0.0013045068
864_2,0.0014325365
5929_8,0.0074606435
10217_4,0.0015731123
11277_4,0.56241685
10701_10,0.99711037
1245_8,0.9987356
10024_9,0.99771273
3344_1,0.0022518474
12006_10,0.99586606
1031_1,0.0015731123
665_10,0.9976404
10460_1,0.0074606435
7038_9,0.03384404
7843_8,0.9985896
5095_9,0.99863297
11426_3,0.0010987311
265_9,0.9988305
7163_4,0.001867566
77_2,0.0054692742
4709_10,0.99884856
11151_9,0.009125638
2269_1,0.0030753699
820_1,0.0023231625
1451_7,0.0028009268
281_1,0.0028449094
6598_1,0.001648483
4341_1,0.004133968
9560_3,0.0010817152
4698_1,0.002019014
7408_3,0.04304285
11729_4,0.001477943
11489_3,0.0036499873
9711_1,0.001032231
9994_10,0.99877447
586_8,0.99879336
8047_10,0.9988121
4531_7,0.99635005
1293_1,0.0014103585
7581_3,0.0012843083
5129_4,0.99740905
1748_1,0.008847355
8155_1,0.0012255674
8827_7,0.026155619
6616_8,0.9988121
1040_9,0.9987356
10942_1,0.0013670255
5306_1,0.0015487612
8168_1,0.0029349516
291_9,0.99884856
383_9,0.9988305
11908_9,0.9975656
7898_10,0.99869555
4043_2,0.0014325365
3376_8,0.0032730647
3067_7,0.005641909
11496_8,0.9987551
9885_2,0.0107351625
3554_10,0.99869555
2986_3,0.0064882697
1332_7,0.9390248
5585_8,0.9984988
5981_3,0.0010987311
1556_1,0.0010987311
8523_10,0.9987551
11792_1,0.0014550629
7610_10,0.99861145
12114_9,0.9987551
8589_1,0.0013045068
3898_8,0.99886644
5101_10,0.9987356
9607_1,0.054198727
6673_8,0.99884856
7662_1,0.0012065897
2241_1,0.0030753699
6674_2,0.0013670255
7797_1,0.0025909794
6400_2,0.0012448432
628_8,0.063714996
4898_4,0.0062899017
11592_2,0.01243165
1311_2,0.0015247865
5494_3,0.0017821962
7067_10,0.9985896
11267_10,0.9987356
6797_10,0.9986541
9987_1,0.0011879054
9740_3,0.0030278352
6743_1,0.0011513996
5302_1,0.0017274586
8464_8,0.98892784
7846_4,0.997851
5990_1,0.001477943
10889_2,0.0019877742
11406_8,0.99854493
9093_4,0.0017007225
8501_1,0.0013885231
8431_4,0.001810211
8076_1,0.0013885231
6831_8,0.99701905
984_8,0.99869555
369_1,0.0019267346
9668_10,0.99871576
2972_10,0.99861145
5611_1,0.0013458604
659_1,0.0013885231
6360_7,0.97702265
7628_7,0.0021157034
5311_9,0.9911527
2005_10,0.9986749
5396_1,0.0025114634
1308_3,0.001264422
4737_3,0.0059110695
8042_1,0.001264422
11585_3,0.0017821962
1182_2,0.0017546144
2581_9,0.99818975
10496_1,0.0017821962
3561_7,0.92892635
8272_1,0.0017007225
6571_4,0.6934729
3125_7,0.997981
9120_3,0.0029810332
12220_1,0.0019267346
5783_3,0.0032224844
105_8,0.9986749
11885_9,0.99856746
11317_1,0.0039454065
7999_7,0.99847525
5800_7,0.9985896
2811_8,0.9971551
7381_9,0.99701905
9828_7,0.9986749
7849_4,0.87873113
8174_4,0.0015247865
9320_1,0.0012843083
5747_7,0.9986749
11097_3,0.0011695102
6472_2,0.001622967
1200_10,0.99861145
10125_4,0.0023231625
5422_10,0.99869555
9889_9,0.99879336
7370_2,0.0014103585
696_4,0.0025509126
8609_4,0.993807
11850_7,0.9883128
889_7,0.99371004
8695_2,0.0014325365
4944_1,0.0038844768
6899_8,0.9981324
3388_10,0.9986541
1051_1,0.016403032
431_2,0.0022518474
2353_1,0.023870835
5131_3,0.0012065897
482_9,0.99856746
1283_10,0.9985221
10884_1,0.001477943
221_9,0.9976404
8688_3,0.0012065897
9891_10,0.9988121
705_10,0.99869555
5604_1,0.0010817152
4960_3,0.0017274586
12439_1,0.0017821962
8897_1,0.0010649626
3549_8,0.9953181
7301_7,0.0045384313
8183_3,0.016657041
7751_10,0.99877447
9084_9,0.9984269
3048_1,0.0025909794
8443_1,0.0012843083
3373_3,0.0017007225
3867_4,0.0017007225
604_3,0.001133569
2162_1,0.001264422
4367_9,0.9984269
10255_10,0.99861145
1909_9,0.997783
1446_3,0.0015978455
1247_1,0.001264422
2703_1,0.0014550629
921_1,0.0019877742
156_9,0.99818975
7516_4,0.025371313
6155_4,0.7690802
8991_3,0.99155444
3813_3,0.0037654138
551_4,0.08210663
12326_1,0.0012065897
5102_3,0.99837697
10901_3,0.001264422
1517_1,0.0014550629
8762_10,0.99861145
1282_10,0.9988121
2531_9,0.56324285
7764_8,0.9984988
2906_8,0.9985896
6730_7,0.9845754
7749_9,0.9987551
7765_3,0.012624948
12412_7,0.99736834
582_4,0.0016743994
5792_1,0.00498227
2174_7,0.99847525
7605_10,0.9986541
2721_1,0.0013045068
2151_10,0.99861145
8152_1,0.0014325365
6488_7,0.9532751
9446_8,0.99854493
10617_8,0.9980122
12455_2,0.15507847
7377_10,0.99869555
11891_2,0.004681822
4319_4,0.002019014
1050_9,0.06008665
9109_2,0.001810211
10500_1,0.0013045068
11749_7,0.9969246
12250_2,0.0018969199
1193_2,0.0013885231
8313_8,0.99861145
8918_4,0.0015487612
7122_10,0.99877447
6210_8,0.99877447
10050_8,0.9987551
4921_10,0.9985896
1857_7,0.99863297
9718_10,0.99863297
2482_1,0.0019267346
2624_1,0.0010987311
3284_2,0.0031236487
11435_3,0.0067975316
10971_7,0.9987551
2606_4,0.99736834
7540_9,0.9987551
10929_4,0.9986749
8566_8,0.0020829707
4693_1,0.0022170132
1281_2,0.0027149855
267_1,0.001264422
2133_10,0.9984269
6762_8,0.99871576
1043_9,0.99877447
2812_4,0.0038244836
6981_4,0.0017274586
4038_9,0.9988305
4256_10,0.997851
8206_1,0.0018969199
2060_2,0.0074606435
7372_1,0.0012065897
732_3,0.0022518474
5367_7,0.9985221
9765_10,0.9985896
8843_4,0.001477943
9723_10,0.99856746
11966_8,0.9911527
5087_8,0.9651191
9379_9,0.9987356
9615_2,0.001133569
991_7,0.99854493
4461_4,0.0022170132
5857_1,0.0016743994
2358_3,0.0024726235
5247_10,0.99845123
12430_8,0.98445636
5943_4,0.0065897712
11917_10,0.99863297
4144_4,0.9449947
3128_7,0.9987356
5152_10,0.99877447
8028_1,0.0015731123
788_1,0.0017274586
9552_2,0.23510839
12051_4,0.0023231625
701_4,0.06512755
5738_7,0.004198795
5953_1,0.001477943
3694_10,0.9987551
12371_10,0.9987551
650_10,0.99871576
3772_8,0.9978173
3919_9,0.99821776
12420_10,0.997851
6164_1,0.0017821962
12202_10,0.9986749
4142_3,0.0010817152
285_4,0.0045384313
9190_4,0.0012255674
9297_10,0.99871576
2857_1,0.001622967
5576_10,0.9987356
7603_1,0.0012065897
1987_10,0.99586606
6978_1,0.0012065897
2390_3,0.0015011822
662_4,0.0013250223
7957_1,0.93581736
3009_2,0.0015731123
9574_1,0.0012065897
703_2,0.0010987311
11871_4,0.0022518474
8056_2,0.0015487612
11468_2,0.0023231625
7549_10,0.99856746
4506_1,0.08035747
160_1,0.0017007225
2400_1,0.94966936
146_8,0.9983516
1174_7,0.99869555
1623_2,0.00498227
2909_1,0.0029349516
9284_3,0.0022170132
753_7,0.6475754
456_1,0.1289633
329_1,0.0019877742
1996_10,0.99871576
7468_10,0.9988121
11219_3,0.99586606
5749_8,0.99863297
1563_2,0.0022170132
9713_8,0.8929365
12467_2,0.0015731123
5686_2,0.0016743994
6424_2,0.001477943
11137_10,0.99869555
5613_7,0.9984269
2113_2,0.0019267346
8623_8,0.9728308
2086_10,0.99886644
6846_8,0.9986541
3230_2,0.0013885231
4973_4,0.0028009268
2935_2,0.002019014
12176_1,0.001016244
6272_9,0.54988235
728_10,0.9982993
9843_2,0.0019570168
4897_2,0.0020507437
12121_3,0.0011160143
11934_4,0.0038844768
1453_2,0.0014103585
9676_9,0.99856746
3072_10,0.9987356
6667_2,0.9984022
8932_9,0.99879336
9452_10,0.9953181
953_2,0.004070138
3268_3,0.0038844768
6276_1,0.0015247865
2522_3,0.0020507437
2630_10,0.9987356
2031_10,0.99869555
3754_10,0.007011795
10791_1,0.0020829707
7755_3,0.0023596606
11180_10,0.9986749
8020_9,0.99736834
3767_4,0.9988121
3519_10,0.99724233
8180_9,0.9986749
11639_4,0.0021489493
7540_2,0.0015487612
4746_1,0.0017821962
4027_1,0.0028009268
952_1,0.004133968
4070_1,0.49380526
8346_1,0.9224824
1499_9,0.004609572
1601_4,0.0012448432
1698_1,0.0015731123
3055_3,0.0016743994
7744_1,0.004198795
3183_8,0.99879336
9482_1,0.0017274586
3712_4,0.014172365
9260_4,0.99827254
10042_1,0.0014103585
3873_3,0.0015247865
11273_10,0.98215127
2918_1,0.08449275
1292_3,0.0017274586
1837_2,0.00498227
4650_4,0.0030278352
8686_4,0.006903838
11307_8,0.971564
10044_2,0.0011513996
12035_1,0.0017821962
2259_9,0.9987356
6582_1,0.9585377
10194_1,0.0012065897
7932_10,0.0065897712
8064_8,0.99580115
5017_4,0.9986749
6456_9,0.99863297
10768_8,0.99877447
9479_10,0.99877447
9734_4,0.0022872274
2245_1,0.0013250223
7275_3,0.0021157034
1193_10,0.99869555
3883_4,0.002434382
5456_3,0.88563144
10014_2,0.0019877742
8045_9,0.99740905
9093_7,0.9986749
9971_1,0.001133569
1052_3,0.0025909794
10952_1,0.0022872274
3449_7,0.8749346
2488_1,0.0627892
8422_3,0.001622967
1541_10,0.99877447
11863_1,0.001867566
10102_2,0.0032730647
3838_9,0.99869555
8538_3,0.0019570168
12432_1,0.0015731123
6339_10,0.99847525
1860_10,0.99877447
11402_1,0.0017007225
10770_2,0.0025114634
8046_8,0.99856746
2748_3,0.016657041
361_9,0.99863297
8427_10,0.9988121
11792_10,0.99856746
10331_9,0.9986541
3506_1,0.0011160143
7374_7,0.9988305
5658_9,0.99863297
7170_2,0.0022872274
6144_1,0.001648483
5035_7,0.9988305
4566_3,0.0015731123
9544_1,0.0019877742
1959_9,0.992062
2390_9,0.99871576
4960_9,0.99879336
3425_2,0.0011695102
4000_10,0.9986749
12418_3,0.0018969199
9771_10,0.9986749
621_7,0.9981324
3510_1,0.0014325365
6893_7,0.028220987
3680_9,0.99877447
3118_9,0.9968273
5433_7,0.99788433
8381_9,0.9986541
10205_10,0.99863297
1437_1,0.001648483
5675_2,0.0015487612
1597_7,0.9984269
1549_1,0.0027576222
11391_10,0.99869555
12101_8,0.99856746
9356_8,0.99845123
10128_1,0.0020829707
11249_4,0.005220126
12441_2,0.0012255674
7486_2,0.0013670255
4905_9,0.9980122
5441_1,0.0037654138
2613_10,0.99827254
10351_3,0.0035936027
10459_10,0.99818975
2565_8,0.9988305
1338_1,0.0013250223
823_7,0.9983516
8924_7,0.9980732
1382_10,0.9968273
4150_7,0.0019267346
6004_8,0.99611557
2508_10,0.99837697
10935_8,0.99879336
692_7,0.9982993
7778_10,0.99884856
2016_10,0.99871576
1042_3,0.0013670255
7823_1,0.0030278352
149_1,0.0030278352
5551_3,0.0028009268
366_8,0.99879336
3483_10,0.99884856
278_1,0.0017007225
9951_4,0.025565214
2731_10,0.99869555
4403_10,0.9988121
5307_1,0.0047552
8185_9,0.9986749
11059_8,0.9988305
10273_10,0.99877447
5336_4,0.001648483
5147_7,0.47922954
1525_1,0.0015978455
8507_7,0.9980122
8501_10,0.99871576
2424_2,0.20118472
8959_9,0.9988305
11318_8,0.9986749
1270_8,0.99832565
1655_1,0.0011695102
10161_1,0.0012065897
8531_10,0.9969246
9144_4,0.027795624
1201_2,0.002673006
11822_10,0.99879336
11486_3,0.0013670255
8038_10,0.9988121
1981_2,0.009268014
11901_10,0.9986541
5441_9,0.99879336
11709_9,0.9988305
9333_8,0.9985896
7881_3,0.003538086
2815_9,0.966156
3251_3,0.0013670255
1792_3,0.0024726235
8625_2,0.0020507437
4221_3,0.005220126
2742_10,0.9986541
11118_4,0.08299415
11613_3,0.0012065897
6104_1,0.0013670255
3046_1,0.001133569
8729_4,0.0012255674
1827_10,0.99863297
762_7,0.026355354
8855_2,0.0017007225
7573_3,0.001477943
8616_4,0.014728613
4830_7,0.99863297
6646_1,0.05834584
8746_4,0.009559399
1875_7,0.020645931
1221_10,0.99869555
11842_2,0.0013458604
3002_1,0.0038844768
5776_1,0.0025114634
5479_10,0.9988121
6034_4,0.001133569
10984_1,0.0024726235
12043_2,0.0014103585
4961_8,0.99877447
9601_10,0.004609572
2216_4,0.001867566
1189_10,0.99879336
8461_4,0.001867566
2575_10,0.9988121
3782_1,0.0012843083
8927_8,0.9988305
7006_4,0.0017821962
6103_7,0.96124375
3218_10,0.99879336
797_10,0.9969722
76_4,0.07585818
9497_7,0.98998636
9637_1,0.0014550629
1070_10,0.99854493
9732_10,0.0014325365
8144_3,0.0022170132
6247_10,0.008577485
10230_7,0.99877447
10731_3,0.0012255674
740_8,0.967163
2145_8,0.9988305
834_8,0.998103
6621_10,0.99871576
1749_4,0.0019267346
5730_10,0.99869555
11167_4,0.0032730647
1106_9,0.99877447
8152_10,0.9980732
11968_8,0.98998636
7728_9,0.99877447
237_1,0.001622967
10754_1,0.0011695102
1055_10,0.9988305
65_7,0.99871576
4092_3,0.0019570168
3337_7,0.9986541
3163_8,0.006003596
7645_1,0.001264422
10883_1,0.001648483
4597_7,0.998103
11850_1,0.0013670255
1025_10,0.9987356
11908_2,0.0017007225
7838_4,0.997981
7725_7,0.99827254
8146_9,0.99879336
3741_8,0.99845123
323_2,0.0017007225
8244_3,0.0013885231
4593_1,0.0011513996
6902_1,0.001810211
1791_1,0.0015978455
11490_10,0.99818975
4200_1,0.0034834242
1611_2,0.0034834242
3215_10,0.99871576
5864_10,0.0015011822
3776_1,0.036769465
6356_9,0.9985221
9139_10,0.9980732
5115_10,0.99845123
3064_10,0.99871576
149_9,0.99856746
2873_3,0.0015487612
3790_1,0.0012843083
3136_9,0.9982993
1696_3,0.014392335
4961_2,0.99854493
11918_10,0.9986541
3663_10,0.9987551
8115_3,0.967163
3690_8,0.9954615
11431_1,0.0018969199
3830_10,0.9969246
11896_10,0.99879336
8753_10,0.9982993
10121_1,0.032344334
1142_7,0.99871576
7188_7,0.99871576
7044_1,0.0014325365
11750_4,0.0014325365
7688_10,0.9987356
12292_10,0.99879336
5533_1,0.005384938
4147_4,0.0017007225
8515_2,0.001477943
10756_3,0.0021157034
11899_10,0.9986541
11867_2,0.0053018946
7814_8,0.9987356
1855_10,0.9986541
10357_2,0.0018386653
5218_1,0.0022518474
6641_9,0.9843364
5777_10,0.94853723
11982_1,0.001648483
10980_10,0.99861145
8585_8,0.99580115
941_2,0.001477943
1697_7,0.9956006
9872_8,0.9987356
2377_4,0.002434382
2033_8,0.9984269
5864_1,0.0034834242
4295_7,0.9985221
2610_1,0.0010817152
1730_10,0.02145073
11095_8,0.99847525
1699_8,0.9957353
344_9,0.99832565
7136_3,0.0017821962
2402_10,0.9875683
472_10,0.99845123
170_7,0.98657167
7019_1,0.0013045068
11798_10,0.9987551
7549_2,0.0013458604
8414_10,0.99856746
573_3,0.0023596606
6678_1,0.99827254
10002_3,0.0031726828
3905_3,0.97737074
1849_4,0.00498227
7959_2,0.0017007225
597_4,0.0017007225
2719_8,0.9984269
10519_1,0.0013670255
6112_1,0.001264422
1322_9,0.9987551
12415_8,0.99863297
6727_1,0.0020507437
12393_1,0.0011879054
8545_9,0.9986749
528_7,0.9988305
12267_8,0.99854493
5842_10,0.9971551
8471_2,0.0226292
3912_9,0.99253935
4831_8,0.9988121
5767_3,0.001133569
10631_9,0.99845123
8069_8,0.99871576
190_9,0.99869555
12343_7,0.99847525
645_1,0.0010817152
10326_1,0.0014550629
11271_9,0.02178117
11808_8,0.99861145
3200_2,0.001810211
4518_2,0.001477943
8307_2,0.0016743994
2057_10,0.9984269
3705_1,0.0010987311
11581_7,0.99871576
11777_9,0.9951703
1367_3,0.017442483
12248_9,0.9987356
2994_8,0.9987356
5170_1,0.0014325365
8781_7,0.98951083
9137_1,0.0010987311
9970_4,0.77864933
3412_7,0.8504686
9399_1,0.0013045068
7917_8,0.005060332
1157_1,0.0020829707
12489_10,0.9987356
5365_8,0.99884856
9295_10,0.9976769
11505_1,0.0012255674
8647_4,0.0031726828
6609_2,0.0022872274
6859_1,0.9875683
2436_10,0.9982993
4255_4,0.9939964
12347_1,0.0027576222
4237_4,0.0010987311
11687_10,0.99863297
2964_7,0.01461567
2836_4,0.0013045068
1944_4,0.9980122
3218_1,0.0017007225
2752_10,0.99824536
9994_3,0.0017546144
11566_8,0.99863297
5741_10,0.99879336
7127_10,0.99854493
11864_2,0.001032231
5159_9,0.9986541
658_3,0.0018386653
10177_3,0.004609572
4843_1,0.00092538487
1441_1,0.02350945
2741_2,0.0014550629
6045_3,0.0015731123
7020_8,0.99869555
2120_1,0.0013250223
2336_1,0.0015247865
10167_9,0.99871576
10251_3,0.0013250223
9335_4,0.0028009268
6670_3,0.003538086
9937_7,0.0016743994
3258_7,0.9984269
3234_7,0.9985896
3601_1,0.0010817152
5635_9,0.983597
11427_7,0.9988305
3349_4,0.0014325365
1334_10,0.99869555
10474_10,0.9987356
2361_10,0.9986541
1471_2,0.0023231625
10705_10,0.99869555
10559_7,0.16079244
3070_10,0.9987356
10087_1,0.0021157034
1952_7,0.8868131
682_9,0.99155444
6576_10,0.9980122
956_3,0.001622967
3960_1,0.0020829707
62_2,0.0013885231
3200_8,0.9987551
2127_1,0.0031726828
6878_9,0.9988305
1600_10,0.99847525
11995_7,0.9839708
5239_2,0.0011160143
6018_7,0.99877447
9185_1,0.0013045068
4707_7,0.9976769
12407_10,0.9987551
5831_10,0.9988305
2264_7,0.99847525
7226_8,0.9983516
6337_7,0.9982993
5047_3,0.008315778
228_10,0.9986749
4230_1,0.0019570168
4058_8,0.9986749
5634_4,0.001032231
11680_1,0.0025509126
1320_9,0.9985896
12461_8,0.99877447
10076_10,0.99871576
9170_8,0.9986749
4519_10,0.9987551
5906_2,0.002673006
2065_8,0.998103
8453_10,0.998884
262_1,0.0014550629
454_10,0.99884856
11532_8,0.9988305
8169_2,0.99029154
6873_8,0.9981614
10061_4,0.0010005045
11565_4,0.0028449094
258_1,0.0067975316
5896_1,0.0012255674
4395_1,0.0015247865
3774_1,0.0013045068
12340_8,0.86476797
7497_8,0.99869555
4321_2,0.004070138
6258_2,0.0013250223
3950_1,0.0012065897
9998_8,0.99877447
3524_8,0.9988121
2003_10,0.99821776
10366_3,0.006903838
2602_10,0.99861145
8684_8,0.9986541
12268_9,0.99871576
4846_8,0.99861145
5969_1,0.0015487612
173_4,0.0010649626
2790_10,0.9987356
2637_1,0.0014103585
10239_1,0.0011695102
5120_9,0.9982993
3802_10,0.99861145
6897_7,0.0013670255
8478_9,0.9986541
2441_4,0.0025114634
4827_1,0.006692851
4326_1,0.0014103585
252_3,0.0018386653
7201_8,0.05184547
801_2,0.53289616
10008_4,0.020488555
6740_10,0.9988121
674_3,0.95257413
6341_9,0.9987551
1882_7,0.99566853
10843_10,0.9987551
1593_4,0.0039454065
3592_1,0.96458924
4658_4,0.9615338
2564_2,0.0013458604
7229_9,0.99879336
4186_1,0.0014103585
10227_3,0.0015247865
4580_3,0.0033766124
10367_3,0.0040072887
10034_9,0.9986541
6834_10,0.9987551
11326_9,0.9987551
4683_1,0.001810211
5596_1,0.0022872274
4238_3,0.001264422
11881_10,0.99824536
11910_2,0.0011879054
934_1,0.0013250223
3660_8,0.9988305
365_1,0.0013670255
3677_9,0.99861145
6522_10,0.013222822
3167_10,0.998103
6104_10,0.99861145
2584_2,0.0030278352
4264_8,0.9985896
5648_9,0.9982993
1863_9,0.9988305
7464_10,0.9987551
7643_8,0.99863297
7030_10,0.99871576
2768_2,0.0012255674
3845_1,0.0011513996
11590_10,0.99879336
8578_3,0.0015011822
8733_9,0.9954615
4099_1,0.0014103585
5810_1,0.0010484692
442_3,0.005220126
1374_9,0.9926542
7704_10,0.005554925
4526_1,0.0015011822
2978_8,0.9985896
3096_1,0.0015487612
1589_9,0.99877447
11197_7,0.9988305
6751_8,0.9986749
10043_10,0.99877447
4045_2,0.001133569
7706_8,0.99856746
1876_10,0.99740905
4224_9,0.9986541
10833_1,0.0013458604
11549_10,0.997981
7081_8,0.99869555
6410_8,0.99837697
10609_9,0.9987551
9910_1,0.0011513996
4474_7,0.9986541
9775_9,0.99879336
9245_10,0.9986749
11514_8,0.9984269
3182_4,0.99760324
3127_3,0.0034296038
7311_1,0.0011513996
4266_10,0.99869555
12410_10,0.9986541
7548_1,0.0021827165
10446_2,0.014392335
4854_2,0.0012843083
1152_8,0.9988121
11660_4,0.9883128
3452_2,0.0010484692
2401_7,0.9961755
11703_7,0.997917
4053_2,0.0010817152
4882_9,0.99884856
8050_7,0.99711037
9053_4,0.026556572
12313_10,0.9987356
12085_1,0.0012255674
2130_2,0.0011513996
8499_10,0.9984022
9230_3,0.0017546144
2697_10,0.99884856
7682_3,0.0028449094
1473_7,0.026759284
3124_4,0.001133569
10694_10,0.9988121
11541_9,0.9967775
7033_10,0.9984269
305_10,0.997981
12164_8,0.99854493
7594_2,0.060975183
2101_3,0.002434382
9579_2,0.0013458604
1482_4,0.99724233
4362_1,0.0015487612
1263_9,0.9988121
2543_9,0.99869555
8642_1,0.001264422
229_1,0.001810211
12045_10,0.99877447
810_9,0.9987551
5188_7,0.99827254
2690_1,0.0014103585
922_3,0.004133968
10957_10,0.9988305
9275_3,0.0011879054
7289_10,0.99861145
1809_2,0.0010817152
11846_1,0.99804294
5888_10,0.99845123
1506_7,0.9985896
6255_1,0.0014550629
4995_7,0.99863297
2423_1,0.0012843083
4030_8,0.99869555
4839_7,0.9984269
364_1,0.001477943
3510_9,0.99871576
2092_10,0.99877447
600_1,0.0013885231
5490_9,0.9988305
9442_8,0.004681822
5330_8,0.9976769
10858_10,0.971779
2746_8,0.9986749
848_9,0.97966766
6713_1,0.99469805
8274_10,0.99869555
2507_1,0.0025114634
4558_1,0.0024726235
957_2,0.0019267346
11667_8,0.97754294
2374_2,0.0013670255
8156_1,0.002019014
1080_8,0.9984269
11274_8,0.9984022
12467_10,0.99886644
5941_1,0.9986541
6205_1,0.002434382
4517_9,0.9988305
102_4,0.0019267346
6022_8,0.99877447
10054_3,0.0014550629
3907_3,0.0014103585
5232_8,0.055412795
10064_2,0.96765566
6529_1,0.0017007225
11003_1,0.0012843083
9151_7,0.99827254
6612_8,0.9974885
12189_10,0.9987356
6510_2,0.0019267346
3129_7,0.99341017
7864_2,0.0013045068
11603_3,0.9957353
10741_9,0.9987356
2235_7,0.9953904
2125_2,0.0018969199
2050_10,0.99877447
8397_1,0.002631674
5275_1,0.9952448
7755_10,0.9987551
12065_4,0.9962346
269_8,0.99884856
1933_2,0.0034296038
9182_3,0.6312534
3153_10,0.9979493
3922_7,0.99821776
2674_3,0.0044683837
7407_4,0.0024726235
737_7,0.99724233
5223_1,0.001810211
10937_1,0.0025909794
9026_4,0.002673006
1564_8,0.9987551
1724_10,0.99871576
1224_3,0.9795114
8536_4,0.001477943
11215_8,0.9309621
3063_10,0.9985896
9559_9,0.96641046
5165_2,0.0020829707
9396_1,0.001622967
6404_1,0.001133569
6019_1,0.99837697
7249_8,0.8098782
1765_1,0.0011160143
7685_4,0.45974308
8196_10,0.99879336
11749_1,0.0014103585
1257_10,0.99845123
3488_8,0.9980732
8605_8,0.99832565
6697_4,0.00818791
11540_1,0.0010817152
6262_4,0.018404892
1998_8,0.99856746
3019_1,0.0014103585
1087_2,0.001648483
8356_8,0.9959299
10036_10,0.99863297
10547_10,0.99871576
2562_1,0.0015731123
5096_3,0.001810211
12128_1,0.0017821962
2574_10,0.9987356
10144_8,0.99869555
3678_1,0.00096975197
2579_2,0.0043994132
6695_7,0.45437384
1465_7,0.99837697
11846_9,0.99845123
1219_9,0.99856746
4936_9,0.9987356
12382_4,0.040845715
8807_1,0.0015731123
7700_1,0.0014550629
4209_8,0.99877447
10178_10,0.9987551
9835_8,0.9976404
161_3,0.0014325365
670_3,0.0044683837
7158_10,0.99837697
9502_4,0.0019267346
9880_1,0.0022170132
39_3,0.9954615
11161_9,0.9959927
12026_9,0.9987551
4439_3,0.0010817152
8303_10,0.9981614
408_7,0.99736834
1065_9,0.99509466
5188_2,0.0012448432
929_10,0.9987356
4765_7,0.99886644
2117_4,0.0022170132
6653_4,0.001622967
2342_1,0.001867566
8445_1,0.0012843083
1708_1,0.0022872274
7995_10,0.99871576
1104_4,0.002631674
3847_1,0.0015978455
7276_10,0.9988305
11269_7,0.0033766124
3158_1,0.006097562
11061_1,0.0015247865
851_7,0.99711037
8214_2,0.001264422
9174_1,0.0011879054
7040_3,0.004331502
4082_4,0.004609572
3553_8,0.99832565
6733_10,0.9986541
4910_3,0.017309094
10149_1,0.0010649626
5609_4,0.0014325365
4174_3,0.002019014
9213_1,0.0018969199
2881_9,0.99871576
1408_3,0.0039454065
10832_1,0.002673006
7216_3,0.003538086
9905_10,0.99871576
9050_3,0.0015978455
3789_4,0.001648483
6490_8,0.99444515
7649_7,0.9984269
6901_8,0.9982993
11597_9,0.9987356
3259_1,0.0012448432
5936_3,0.001622967
1214_2,0.97966766
2840_1,0.0013670255
1956_10,0.99869555
2392_2,0.0012843083
239_9,0.99871576
6860_8,0.9572778
1716_9,0.9987356
9595_10,0.9914225
1630_1,0.0016743994
11293_3,0.9334308
8288_10,0.99861145
6618_7,0.9983516
12378_1,0.0015731123
11560_1,0.0012255674
12124_8,0.9987356
486_10,0.0031726828
6654_3,0.0048297215
6915_10,0.998103
8773_1,0.01243165
10211_4,0.91274774
5769_9,0.9986541
10038_4,0.0014325365
3737_9,0.9987551
11512_1,0.006692851
8025_7,0.9977482
397_7,0.9981614
10670_9,0.99861145
11648_4,0.0018386653
10361_1,0.0013250223
12439_8,0.99861145
9958_8,0.9949397
8659_1,0.0013250223
12400_1,0.0014325365
10680_7,0.3706809
2435_10,0.99856746
5506_4,0.0012065897
9025_3,0.0022872274
5749_4,0.0012843083
5090_1,0.001133569
2688_9,0.9984269
8397_10,0.99861145
8610_8,0.99657035
9398_10,0.99854493
5144_10,0.99879336
10797_10,0.9982993
9623_2,0.0014103585
3269_8,0.99871576
5480_7,0.9988305
43_1,0.001648483
4156_1,0.0022170132
1629_1,0.001622967
6536_10,0.99845123
8384_1,0.0014325365
2820_10,0.99863297
7976_3,0.0016743994
3745_10,0.9394706
11258_8,0.99879336
7908_7,0.9980122
9166_7,0.9987551
8976_8,0.998884
3692_1,0.0012065897
4937_4,0.0028449094
11935_9,0.99886644
7722_7,0.99827254
8757_4,0.0013670255
1218_10,0.9984269
3620_8,0.0015247865
9017_4,0.0012843083
8300_3,0.0011513996
11325_4,0.0017007225
1093_8,0.9988121
166_4,0.0062899017
6088_10,0.9987551
2149_10,0.9988305
4884_9,0.9984269
9786_1,0.0015731123
4258_3,0.0051396107
9890_1,0.0021157034
8911_1,0.0032730647
11618_3,0.0033766124
4510_1,0.0014550629
3173_4,0.08819005
10418_1,0.0015731123
8954_1,0.0015978455
723_2,0.0019877742
1164_1,0.001133569
11404_4,0.001867566
5737_3,0.004681822
10073_3,0.001133569
1900_8,0.0029810332
9532_10,0.99845123
839_4,0.005220126
4562_1,0.007011795
3963_3,0.0015487612
5220_10,0.0037654138
663_9,0.9983516
10156_8,0.99854493
3759_7,0.26932558
5153_4,0.98102194
7580_3,0.0013250223
12403_10,0.99884856
4893_8,0.9987551
892_8,0.99856746
79_2,0.0013458604
10716_8,0.99886644
11452_7,0.92944044
1214_7,0.997065
8901_10,0.9967269
12221_10,0.9986749
2055_9,0.020023443
5911_3,0.001810211
10866_3,0.0027149855
10063_1,0.0013670255
10563_9,0.99821776
11931_8,0.0054692742
1180_1,0.0014103585
8194_1,0.0013670255
7837_4,0.9985896
1876_1,0.0019267346
9203_1,0.001648483
10091_1,0.001133569
2434_9,0.99740905
7908_1,0.0025509126
8591_4,0.9124362
4222_7,0.66823107
11430_4,0.997851
757_1,0.0013885231
6442_8,0.997783
10056_8,0.9962346
3179_2,0.0014550629
3130_3,0.05379964
11921_7,0.9988121
4139_9,0.9987551
195_10,0.9987551
6286_1,0.0039454065
5701_2,0.004331502
7470_8,0.99869555
9205_9,0.02517884
10683_8,0.9968273
672_4,0.0705596
604_10,0.99877447
7757_10,0.9987551
5228_4,0.99509466
3998_10,0.9979493
7444_4,0.9964619
9684_10,0.99871576
8455_7,0.9983516
3989_8,0.99871576
1115_3,0.002631674
6469_4,0.0021157034
4524_8,0.98187524
3103_7,0.9700135
3108_8,0.99877447
2219_10,0.9986749
10269_8,0.7162186
838_4,0.0025909794
5367_1,0.0017274586
9110_10,0.9987551
5736_1,0.0011513996
5100_4,0.005220126
3399_4,0.0019877742
7575_9,0.9984269
7954_9,0.99856746
870_7,0.99879336
3811_9,0.0044683837
8011_9,0.99854493
8172_10,0.9987356
3209_4,0.0013670255
7380_10,0.99390244
10210_3,0.0035936027
8162_9,0.9987356
10784_9,0.9986749
482_1,0.0021489493
1452_9,0.99863297
2686_4,0.0020829707
543_8,0.9984988
495_2,0.001264422
2887_9,0.9985221
11780_1,0.0013670255
9742_2,0.0014325365
1762_1,0.0014103585
5264_9,0.9986541
7958_4,0.99101454
6010_10,0.99879336
1284_9,0.9981324
10420_3,0.0011513996
7736_7,0.007121429
1178_10,0.9984269
529_10,0.99863297
4063_4,0.0075772414
10480_8,0.99847525
2412_2,0.0015011822
5206_3,0.0037654138
11963_9,0.99724233
663_1,0.0030278352
352_4,0.001477943
7504_3,0.99827254
8678_1,0.002019014
2330_2,0.99732697
12282_1,0.0010817152
6485_10,0.0034296038
9306_1,0.0013250223
7468_4,0.0013670255
12207_1,0.0012255674
6701_7,0.0048297215
9861_7,0.0335895
6318_7,0.9898303
11612_1,0.0012065897
4800_10,0.0015011822
5360_3,0.002396731
4977_4,0.002019014
1678_9,0.99856746
5017_8,0.9984022
3087_9,0.32960746
1915_8,0.25386098
574_10,0.9987356
6062_8,0.9987356
2860_4,0.99847525
1800_4,0.0053018946
1928_9,0.9986749
9890_10,0.99832565
12159_8,0.99832565
649_7,0.9986541
8708_1,0.0018386653
8181_10,0.99871576
3495_1,0.0013045068
11612_10,0.99788433
6919_10,0.9987356
12217_9,0.9982993
9276_4,0.0030278352
3520_9,0.99871576
6492_4,0.0033244372
3900_2,0.16132024
12298_9,0.998103
12394_1,0.0011513996
4873_8,0.0037654138
4797_1,0.0067975316
3197_9,0.99877447
2474_10,0.99824536
4042_10,0.9988121
10641_1,0.0011513996
10882_2,0.0015011822
4803_4,0.00619299
7459_10,0.9983516
1828_1,0.0012065897
1718_10,0.99886644
9603_1,0.0021157034
940_7,0.99760324
3074_4,0.0027576222
8802_10,0.9985896
7180_4,0.0013670255
5250_1,0.0025114634
2734_7,0.99827254
2354_8,0.99832565
6805_1,0.0023596606
11156_4,0.001477943
2734_3,0.28338456
12216_1,0.001477943
660_8,0.99886644
8978_10,0.9987356
6272_1,0.0032730647
8294_4,0.0021827165
11956_8,0.99854493
3265_1,0.0015487612
705_2,0.9950177
9058_9,0.9987356
3582_3,0.0017821962
6985_1,0.001133569
5611_9,0.9984269
9491_3,0.0015731123
9945_3,0.0011160143
1840_10,0.99879336
12280_3,0.0011879054
1932_10,0.99884856
8682_10,0.9983516
5418_9,0.99861145
3354_9,0.9986749
8078_3,0.0017546144
7747_1,0.0017821962
2669_7,0.99871576
9180_7,0.9965166
1320_1,0.0012065897
7742_8,0.9981324
6232_9,0.9975274
3459_9,0.99856746
1008_2,0.0036499873
7987_8,0.9984988
5078_7,0.9978173
10660_10,0.9967775
10325_2,0.0011879054
4951_3,0.0025509126
10502_7,0.41822162
7548_9,0.029090757
2870_10,0.99351174
8136_4,0.9957353
9870_8,0.008711384
7588_4,0.0024726235
7845_2,0.0013250223
10334_7,0.99863297
4860_1,0.0044683837
4855_9,0.99818975
1337_10,0.99869555
6403_3,0.01566365
9447_10,0.9986749
4724_3,0.0040072887
10895_10,0.9985896
2171_4,0.002434382
5361_9,0.9985221
11056_2,0.0014325365
9772_10,0.99879336
5719_8,0.99877447
3050_7,0.9953181
4406_1,0.0033766124
9833_4,0.99553156
1217_2,0.0033766124
2632_1,0.0013045068
3250_1,0.97423947
5130_9,0.99854493
3526_7,0.9693242
2793_3,0.001622967
10708_3,0.001648483
6415_8,0.9985221
11258_2,0.012920473
11451_1,0.005641909
7724_2,0.001867566
4276_4,0.0010817152
6058_1,0.0016743994
4086_1,0.0027576222
3670_8,0.9985221
7125_8,0.99854493
9377_8,0.9974885
763_2,0.0038244836
7882_8,0.9988121
757_9,0.99736834
389_1,0.0013670255
9102_10,0.99877447
9384_7,0.007232764
5684_8,0.99804294
12090_4,0.0021489493
12002_4,0.001622967
5443_7,0.99861145
8782_9,0.9961755
9878_9,0.9981614
9640_1,0.002434382
999_3,0.007121429
6249_3,0.997851
1656_7,0.998884
6649_10,0.9975656
4630_1,0.0013045068
11300_8,0.998103
5894_10,0.9049869
3198_1,0.0017274586
7924_2,0.012241275
6318_1,0.009559399
8075_2,0.05582314
10005_2,0.5637983
6431_8,0.9988305
635_2,0.01566365
1803_3,0.0010987311
5721_4,0.0014325365
1116_7,0.99879336
1456_4,0.6930576
51_10,0.9987551
7155_9,0.9988305
929_2,0.0016743994
12269_1,0.0011695102
10597_1,0.0011695102
9005_7,0.0063883206
10467_9,0.9984988
2251_9,0.99869555
1977_9,0.99877447
8539_8,0.008445628
2416_1,0.0013250223
8508_9,0.997917
10401_1,0.0013250223
12217_2,0.010902373
5484_1,0.0019570168
3833_10,0.99871576
465_4,0.002889581
7591_7,0.9983516
11485_9,0.99845123
3728_1,0.001133569
5538_8,0.99886644
10751_4,0.0015731123
8883_8,0.9986749
6581_1,0.0063883206
5476_1,0.0010817152
4338_9,0.9988121
10343_1,0.0037654138
2914_10,0.99879336
6103_1,0.6232622
7691_1,0.0017274586
3444_3,0.0024726235
2397_8,0.99884856
8255_8,0.9986749
1660_1,0.0015487612
10154_2,0.9985221
2138_3,0.0012843083
9614_3,0.0012065897
2682_10,0.9987356
1813_3,0.0022518474
10581_3,0.001810211
3733_4,0.0011160143
5210_4,0.0017274586
11961_8,0.9988121
7928_4,0.0010987311
12156_4,0.0012065897
11025_4,0.0043994132
11233_10,0.9988305
473_1,0.0013250223
6648_2,0.0011879054
2451_1,0.001648483
7679_2,0.0010817152
2954_9,0.9987551
9652_10,0.9987356
724_3,0.0053018946
7592_4,0.0017274586
7669_9,0.9985896
3816_1,0.0015247865
1401_4,0.01461567
8551_2,0.0033244372
7901_8,0.99877447
10552_4,0.0017007225
330_10,0.99837697
232_4,0.002673006
12351_8,0.99845123
12451_10,0.9987551
5884_9,0.99580115
603_4,0.0017007225
3415_7,0.07263671
8727_1,0.0013885231
10099_4,0.0051396107
7989_10,0.99884856
2329_2,0.0037654138
5774_1,0.0010987311
8201_3,0.9939964
3491_1,0.001622967
12210_10,0.96095175
7604_8,0.9953181
1676_10,0.9988121
6477_9,0.99847525
2521_10,0.9986541
9140_2,0.0021489493
2463_4,0.0054692742
587_8,0.99879336
7120_10,0.03904829
7734_10,0.9987356
7322_10,0.99861145
3803_2,0.0012448432
2417_4,0.0025114634
7757_4,0.0017274586
478_9,0.99818975
12269_9,0.99879336
10472_3,0.0012255674
2858_9,0.9988305
414_9,0.008847355
2552_4,0.0017007225
11615_8,0.9981614
201_2,0.0010987311
5624_3,0.006003596
5080_8,0.9977482
4507_10,0.01214717
1527_3,0.0039454065
6282_1,0.0019267346
3911_1,0.0015731123
4616_9,0.9987356
9562_4,0.9943581
9975_8,0.9966756
7584_10,0.9987356
1121_1,0.0013885231
382_10,0.99877447
11309_1,0.0013045068
5424_10,0.9987551
8697_8,0.9981614
12420_2,0.00498227
5052_10,0.99863297
1037_1,0.0014550629
346_7,0.058776557
2285_8,0.99869555
10867_1,0.001477943
4335_9,0.99821776
9088_7,0.06142404
11037_8,0.997981
1993_4,0.0020829707
11469_3,0.0013250223
1834_2,0.0010987311
10723_4,0.0022170132
5377_3,0.004070138
1812_1,0.0017007225
2760_8,0.9986749
12062_10,0.004198795
1847_1,0.0011695102
1280_3,0.011508149
2106_8,0.99824536
5414_1,0.007937994
4930_10,0.9986749
5024_9,0.9988121
5295_9,0.9923044
5427_10,0.9984269
10526_2,0.0010649626
5517_2,0.80746067
3971_8,0.99837697
12260_7,0.99824536
3676_10,0.99854493
4132_7,0.9988121
6721_8,0.9964619
2381_7,0.9988305
818_1,0.0013670255
6503_7,0.8244619
12068_7,0.99871576
8847_1,0.0012448432
10698_8,0.99827254
2347_3,0.0014550629
9337_10,0.9964064
9070_4,0.05834584
7962_10,0.99879336
12183_4,0.004070138
12410_3,0.9908744
7988_9,0.023689471
8980_8,0.99821776
8568_4,0.007345827
8374_7,0.9987356
3561_4,0.0017007225
692_4,0.9981614
4259_1,0.006692851
1627_1,0.002019014
7064_9,0.9988305
5410_7,0.998103
10003_3,0.002673006
12068_3,0.0011160143
8048_7,0.98469365
2590_1,0.001133569
3464_2,0.9984988
8423_10,0.9832145
5036_4,0.008985428
10030_3,0.044680875
5500_9,0.99879336
10129_10,0.9983516
1549_10,0.998103
6463_10,0.9988305
1026_2,0.0023231625
6681_10,0.99824536
11004_1,0.0018969199
6191_10,0.9981614
9253_4,0.9968273
3193_10,0.99861145
7563_1,0.0010817152
3104_7,0.9983516
6369_9,0.99861145
606_1,0.001810211
6069_10,0.9986541
6966_7,0.99845123
8945_4,0.0022170132
4920_1,0.0015978455
7358_10,0.99871576
9665_10,0.99871576
5005_1,0.001810211
12324_2,0.001264422
1878_1,0.0013458604
5917_2,0.001264422
11912_7,0.99854493
11692_1,0.0028009268
11505_10,0.9985896
5416_8,0.9988305
12072_1,0.001133569
4436_10,0.99832565
11762_1,0.0013670255
5805_10,0.9986541
9464_1,0.0013670255
9412_2,0.0015247865
11262_4,0.99657035
853_7,0.9984269
7087_4,0.0018386653
1896_10,0.99832565
9749_4,0.64779824
7431_2,0.0032224844
10253_3,0.00095473166
10675_4,0.99711037
4275_4,0.0017007225
5399_8,0.9987551
9388_10,0.8474635
7019_10,0.9986541
10223_2,0.0015011822
10216_1,0.0018386653
2097_3,0.0012065897
4243_3,0.0012065897
8672_1,0.0012448432
1260_3,0.0017546144
1734_10,0.99863297
2955_9,0.99869555
12033_1,0.0013458604
8243_3,0.0013458604
8741_2,0.27551943
6481_7,0.9986749
7053_1,0.0017274586
1624_8,0.9978173
2900_1,0.0017007225
4328_1,0.001477943
11732_7,0.99884856
746_1,0.0019570168
6004_3,0.0012255674
6162_2,0.0012065897
9375_4,0.0032224844
10924_4,0.002673006
6304_4,0.0018386653
10035_10,0.9988121
8867_2,0.0011695102
9781_10,0.99879336
8902_8,0.99701905
1006_8,0.0054692742
7230_1,0.0018386653
8788_9,0.9983516
2079_10,0.99877447
11987_3,0.0013885231
2724_7,0.99635005
8534_2,0.0013045068
7052_1,0.0014325365
4390_8,0.9985896
520_10,0.98657167
3936_3,0.0018969199
5160_3,0.0020829707
10519_8,0.99845123
8906_1,0.0009850082
8750_4,0.91964257
8606_3,0.87321484
12038_2,0.90894175
2939_8,0.99854493
5721_10,0.9987551
6798_8,0.99877447
11820_10,0.9986749
6435_10,0.001810211
404_8,0.99886644
6066_9,0.99871576
7921_3,0.0021157034
5468_3,0.0022170132
7034_10,0.99871576
4309_3,0.0028449094
8201_7,0.99879336
3656_10,0.99877447
8786_4,0.9975656
10564_3,0.0017274586
7401_4,0.0011513996
1163_1,0.011597362
9915_10,0.99884856
11080_10,0.9956006
4710_10,0.9987356
131_1,0.14366761
6387_3,0.0011513996
3906_1,0.0010817152
2075_1,0.0011879054
11663_10,0.9984988
6149_3,0.0021827165
6703_8,0.99869555
2440_8,0.99861145
10500_7,0.99444515
7349_1,0.0040072887
10695_1,0.001622967
6905_1,0.0012065897
4902_4,0.99719906
5298_9,0.9987356
6701_4,0.11676401
1344_10,0.997981
284_10,0.9986749
9114_10,0.99869555
12102_10,0.99871576
11448_2,0.0012448432
1053_10,0.99863297
8341_10,0.9979493
433_1,0.002019014
9534_4,0.0014325365
6471_2,0.0029810332
8971_10,0.99886644
433_8,0.997851
298_10,0.99760324
5965_1,0.0011695102
10408_10,0.9986541
9112_3,0.001648483
6726_9,0.9988305
1048_8,0.99871576
11046_9,0.9977482
4808_7,0.9986749
7027_9,0.99884856
12435_8,0.9988121
5480_1,0.0022170132
8823_8,0.99877447
554_9,0.99861145
7167_2,0.001032231
10762_3,0.0023596606
9036_8,0.99845123
12185_4,0.99711037
7763_10,0.99879336
10271_8,0.9563089
1159_8,0.99869555
11063_1,0.0011513996
12479_4,0.0012065897
11179_4,0.001264422
1736_1,0.001032231
4840_7,0.99861145
8233_2,0.1710612
1082_9,0.9868787
8378_7,0.98201376
7777_9,0.9988121
1883_9,0.9985896
7350_10,0.99871576
704_8,0.99877447
6554_8,0.99719906
1750_10,0.9984269
4969_2,0.0011513996
10339_8,0.99884856
1902_4,0.057493284
5578_1,0.001648483
5502_1,0.0012843083
7250_2,0.0010649626
8856_4,0.0021489493
10840_9,0.9987356
9730_10,0.99827254
11146_2,0.0017821962
5988_3,0.0010005045
9734_8,0.99871576
12338_8,0.947381
9813_1,0.0067975316
8928_2,0.76803803
5431_2,0.0011695102
9467_9,0.9939964
4933_4,0.0021827165
11280_10,0.05379964
10279_9,0.99861145
7024_1,0.0011879054
9115_3,0.0031726828
5701_10,0.9987551
9539_1,0.0015978455
7655_7,0.9986541
4518_10,0.9988121
3039_4,0.9049869
8654_3,0.0031726828
8893_4,0.9898303
3598_9,0.9987356
6443_1,0.0015978455
3843_1,0.0015487612
3848_9,0.9986749
3149_1,0.0020507437
2152_1,0.0014550629
11564_1,0.0012255674
4391_8,0.99856746
950_10,0.99877447
10531_10,0.99879336
904_3,0.0017821962
5293_9,0.99879336
2173_1,0.0015247865
5992_2,0.0011695102
782_3,0.003707253
1295_8,0.9984988
9659_1,0.0015011822
2214_3,0.0019877742
10772_3,0.0021157034
7515_9,0.9606575
7294_2,0.0017007225
7761_1,0.0036499873
9027_9,0.9982993
6595_1,0.0013670255
11003_8,0.99837697
601_10,0.9983516
2991_8,0.99818975
10937_8,0.9930962
7545_1,0.0013885231
9747_1,0.0013885231
7653_7,0.9966234
6886_1,0.001264422
8054_8,0.9965166
7299_9,0.99856746
2289_3,0.99847525
6569_1,0.0010987311
10909_2,0.0015247865
4022_7,0.997981
5407_1,0.00096975197
10211_8,0.896614
9194_1,0.0045384313
8113_8,0.99804294
12010_1,0.0022170132
7373_7,0.99856746
3535_10,0.9987356
5265_10,0.99863297
7032_1,0.0028449094
3391_10,0.99854493
969_9,0.99877447
450_2,0.09947021
12296_3,0.008985428
10855_10,0.9984022
2741_10,0.9986749
12403_1,0.001477943
6118_4,0.0030753699
9001_1,0.005554925
172_4,0.001477943
4405_7,0.87663436
8923_8,0.9988305
5396_10,0.99871576
7183_1,0.0011695102
3261_7,0.9987551
7445_10,0.99871576
11412_2,0.002673006
4765_3,0.006903838
5248_9,0.9985896
3172_2,0.0019570168
10813_4,0.012241275
8054_1,0.0011879054
5535_1,0.00092538487
1306_8,0.9986541
135_3,0.008445628
10646_10,0.99877447
9906_1,0.0013045068
8156_10,0.99879336
2806_1,0.0013458604
9501_4,0.0013045068
1882_3,0.0013885231
11895_4,0.002631674
5420_10,0.99879336
11791_10,0.99869555
3798_2,0.0012843083
3282_8,0.99863297
1278_1,0.001477943
1011_4,0.0022872274
5263_9,0.99818975
11301_1,0.0021489493
1946_7,0.99879336
3246_10,0.99804294
4130_8,0.99884856
4172_10,0.9983516
2619_2,0.0011695102
5197_4,0.0028449094
6060_9,0.99879336
7430_1,0.0012448432
3511_10,0.99869555
6970_1,0.0017274586
931_4,0.0014550629
12374_10,0.99877447
10217_7,0.99736834
964_7,0.9985896
4859_1,0.0018386653
5525_1,0.0012843083
11471_1,0.004070138
5030_4,0.0015731123
12177_2,0.0015247865
8892_2,0.0014325365
1073_4,0.0029810332
7406_1,0.0015011822
6345_9,0.9988305
7395_7,0.0015978455
9952_7,0.99818975
5851_4,0.0025114634
6880_7,0.9981324
642_9,0.99863297
6271_9,0.9987356
10983_1,0.001477943
5602_1,0.0013885231
3834_1,0.0011513996
6961_3,0.9984022
10102_8,0.9986749
6988_1,0.0017274586
5803_9,0.99856746
6009_1,0.0010649626
10294_2,0.0013670255
9811_10,0.99740905
11298_8,0.9984022
4625_10,0.99869555
11263_3,0.001264422
11502_3,0.023870835
9690_10,0.0627892
4453_10,0.99879336
9741_10,0.99847525
12191_9,0.9980122
8019_8,0.9988305
2298_4,0.0015247865
1489_4,0.0012843083
4228_7,0.99486035
10905_1,0.0012843083
5103_10,0.9988305
5641_1,0.0014325365
11567_1,0.0011695102
4040_10,0.99871576
4777_10,0.9988305
9612_10,0.99879336
3830_1,0.0015978455
8781_2,0.0012065897
9415_3,0.99856746
9171_3,0.0016743994
478_3,0.0024726235
10979_8,0.9987551
7073_4,0.0031726828
5419_10,0.99863297
8505_3,0.0013670255
7559_1,0.99771273
3827_9,0.92683524
9242_1,0.006003596
3133_10,0.99877447
9051_4,0.908618
8604_10,0.9988121
4811_8,0.9987551
10697_10,0.99879336
6142_10,0.9986749
6740_1,0.0022872274
7806_8,0.99869555
8326_4,0.99845123
12425_3,0.0013670255
11113_1,0.001477943
8096_1,0.0014325365
512_8,0.99871576
11144_7,0.9982993
2073_4,0.001016244
6966_4,0.0051396107
12122_3,0.98625773
429_10,0.9532751
10294_9,0.99827254
9955_3,0.0025509126
10878_10,0.9983516
9365_1,0.001477943
7317_8,0.99832565
2863_8,0.90397453
11935_3,0.0023596606
2180_2,0.012624948
267_10,0.99886644
72_8,0.048496004
936_9,0.997783
2363_4,0.0017546144
11722_9,0.99856746
1353_7,0.00818791
3883_7,0.9943581
9475_8,0.99871576
2328_2,0.0013670255
11982_9,0.9987551
10413_8,0.9966234
1277_2,0.0047552
6299_4,0.001133569
7536_9,0.9988305
8368_2,0.0028449094
634_1,0.002396731
10095_3,0.99444515
8821_4,0.0028009268
5669_10,0.9985221
4600_8,0.09534946
10859_1,0.0012448432
140_9,0.9875683
153_8,0.99832565
8013_9,0.89478946
12389_1,0.9890131
8443_7,0.9988121
12290_10,0.99771273
12152_10,0.99847525
6442_3,0.09670579
7557_4,0.94458723
3699_4,0.0335895
6461_2,0.998103
8641_10,0.99879336
10771_1,0.0015247865
10539_2,0.0027576222
10406_1,0.0064882697
9617_4,0.0025509126
9403_10,0.9987551
3015_1,0.0153063545
181_10,0.9985221
2879_4,0.002673006
1758_8,0.99832565
9992_10,0.99869555
10769_7,0.0043994132
5616_3,0.0032730647
721_4,0.0033244372
3035_1,0.0017821962
7877_4,0.0013670255
5554_4,0.0012843083
1475_7,0.9966234
1538_7,0.9985896
3499_10,0.9615338
8815_4,0.9582261
5817_8,0.00619299
4179_1,0.0022872274
3719_10,0.9984022
2538_2,0.0015011822
4873_3,0.0024726235
7283_9,0.9986749
1997_4,0.8969756
11036_4,0.0037654138
4123_4,0.9981324
3520_3,0.0012065897
10320_1,0.0013670255
10185_10,0.99879336
10193_1,0.0030753699
2506_7,0.99869555
9868_10,0.99869555
5603_2,0.0013458604
8392_3,0.002019014
5322_4,0.0010987311
12117_10,0.99877447
2411_8,0.7749242
9393_4,0.0025509126
5968_8,0.9985221
6860_1,0.001477943
12144_4,0.88038635
2706_10,0.99863297
5655_1,0.005384938
2555_8,0.9943581
6091_9,0.9987356
712_9,0.99861145
9445_10,0.9986749
1777_10,0.6334103
490_8,0.019419348
318_10,0.99760324
10143_9,0.9984269
3608_8,0.99871576
686_4,0.99821776
12147_1,0.0012255674
6782_10,0.99832565
5560_10,0.99879336
11621_8,0.99863297
11909_10,0.9984988
11938_9,0.99879336
1877_1,0.0015731123
1298_1,0.001133569
11154_3,0.0011695102
10898_7,0.99014014
9980_8,0.9985221
9719_10,0.9980732
516_1,0.0013458604
2541_1,0.0013458604
23_10,0.99827254
3517_1,0.0013670255
10839_9,0.99879336
11461_9,0.99687636
10150_2,0.0013458604
10664_9,0.99877447
6750_10,0.99788433
11165_4,0.99804294
3463_4,0.0016743994
287_1,0.0013250223
5582_1,0.001867566
1136_1,0.0011879054
10316_1,0.0025509126
1684_8,0.99869555
3556_9,0.3348069
11680_9,0.9987551
10775_10,0.99871576
5558_2,0.0013045068
6203_10,0.9985896
4057_4,0.00581996
9010_8,0.99869555
1033_9,0.99871576
12116_9,0.9986541
8401_10,0.99863297
9863_4,0.0015978455
2777_1,0.0012843083
5797_3,0.0019267346
9929_3,0.001133569
4177_1,0.001477943
2205_8,0.99877447
2839_8,0.9986749
7161_10,0.9988305
11724_4,0.2877678
10369_9,0.99877447
8702_2,0.0022170132
1028_10,0.9986749
7226_4,0.010570489
8799_3,0.0018969199
1573_8,0.9984988
12041_7,0.9966234
6207_7,0.88602656
399_8,0.99760324
1034_2,0.0013458604
1610_4,0.14657521
596_10,0.9986749
6474_7,0.99832565
4464_3,0.0023596606
10637_2,0.0028009268
3272_10,0.9987551
10194_7,0.86385167
11906_3,0.0013458604
3666_3,0.006003596
6148_4,0.0032224844
4595_8,0.9983516
6146_1,0.0015247865
7512_10,0.9987551
12333_1,0.0011160143
3490_4,0.67832696
8495_1,0.0011879054
955_4,0.0017007225
10582_10,0.997981
9477_8,0.99856746
7132_3,0.0025509126
5214_1,0.0040072887
8258_10,0.99821776
10387_1,0.0015731123
268_10,0.99657035
8153_2,0.0014550629
7353_3,0.0014550629
7847_10,0.9987551
12028_10,0.9988121
2998_8,0.14657521
2641_8,0.99884856
11923_8,0.99847525
12322_1,0.0018969199
11816_3,0.002434382
7111_3,0.0013670255
8107_10,0.9465967
8835_8,0.005384938
10142_10,0.9986541
4445_3,0.0010817152
976_8,0.99837697
1996_4,0.9666631
11496_3,0.0019877742
1644_4,0.0013045068
8573_3,0.0029810332
10835_9,0.98159516
11531_8,0.99877447
5802_8,0.99818975
2501_3,0.0036499873
530_2,0.0013670255
1051_10,0.9988121
6629_1,0.0015011822
10350_1,0.99128854
2943_10,0.99856746
7661_1,0.001867566
8359_3,0.0029349516
10218_7,0.994089
10548_1,0.0015978455
906_7,0.99832565
2708_9,0.99845123
12478_4,0.021287354
10222_1,0.0018386653
3560_2,0.0013045068
3371_9,0.9976404
10009_3,0.0019267346
3142_3,0.0021489493
3876_9,0.9987551
6662_2,0.0014103585
4691_1,0.0014550629
2491_4,0.997285
12485_4,0.047074176
1716_3,0.9891816
10767_10,0.99553156
4083_2,0.0014325365
7656_3,0.0019877742
2532_8,0.9981324
11243_8,0.9985896
11878_9,0.9986541
3627_8,0.9904406
9049_10,0.02479816
2950_4,0.92892635
4553_8,0.99863297
10414_1,0.0062899017
4281_7,0.9986541
7905_4,0.99736834
10800_8,0.998103
1562_4,0.0022518474
7604_4,0.0012448432
5752_2,0.002434382
9465_1,0.001622967
2701_4,0.987375
12432_7,0.9073123
7583_9,0.9988121
4003_10,0.9987551
11082_2,0.0032224844
7650_3,0.0013885231
2215_7,0.9988121
6597_9,0.9986541
12268_1,0.0017821962
8650_7,0.99724233
8311_2,0.004070138
10764_10,0.99886644
5462_2,0.0019267346
10303_9,0.99884856
12132_4,0.0074606435
11786_2,0.0034296038
6248_2,0.0033766124
5570_2,0.002673006
8367_4,0.0032224844
2416_7,0.9987551
4073_1,0.002631674
4642_2,0.0020829707
580_10,0.99877447
3328_4,0.0024726235
9524_9,0.9987356
11980_2,0.016914913
7812_9,0.9988305
3567_7,0.99877447
9592_2,0.001648483
8421_1,0.001810211
2618_1,0.0014103585
2367_3,0.0025909794
10613_1,0.0010649626
7657_2,0.0034296038
10992_4,0.002673006
10663_4,0.97046465
9589_4,0.004681822
5184_8,0.9942697
7352_7,0.99871576
6483_4,0.0025114634
914_10,0.9986541
1239_4,0.321247
4465_4,0.9079672
82_10,0.99827254
3696_4,0.0017546144
1507_8,0.9985221
12211_3,0.0013458604
4003_3,0.001477943
3738_3,0.0015247865
12089_10,0.9987356
593_1,0.0017821962
7555_3,0.0022872274
9897_9,0.99871576
299_1,0.0025909794
2774_3,0.0010817152
4723_8,0.99869555
1636_2,0.0017007225
3383_8,0.9988121
5360_10,0.99879336
11542_10,0.99877447
1964_1,0.0012448432
10323_10,0.997285
5166_1,0.0011695102
12371_1,0.0010005045
7426_1,0.0011879054
11832_4,0.0022872274
684_9,0.9980732
519_7,0.91181
1712_8,0.9986541
5973_9,0.99884856
2820_3,0.0019570168
5023_7,0.99877447
2625_1,0.0013670255
2699_9,0.9987551
7123_1,0.0010484692
7327_10,0.9987356
944_8,0.9986541
9757_10,0.99884856
12491_9,0.9988305
12301_10,0.99879336
421_9,0.99879336
6655_2,0.004133968
610_9,0.997851
3020_1,0.002019014
1797_10,0.99879336
1248_3,0.0067975316
2524_10,0.9988121
10596_3,0.006903838
9326_3,0.001477943
9346_2,0.0015487612
3890_8,0.99879336
7836_9,0.9987356
12388_7,0.99837697
3205_2,0.001622967
1547_9,0.99869555
2706_1,0.001867566
391_10,0.9986541
1544_10,0.9987356
7861_8,0.99740905
1448_2,0.0014550629
6451_3,0.0019570168
12187_3,0.0015978455
11702_4,0.997285
5947_1,0.0017821962
1282_3,0.0013045068
7492_2,0.0012255674
7724_7,0.99719906
1564_1,0.9984022
4425_9,0.99869555
9416_9,0.9983516
10826_10,0.9987551
4402_10,0.99877447
9332_3,0.0013670255
5856_1,0.0014550629
2784_2,0.0013045068
3216_1,0.0153063545
8057_9,0.9988305
526_10,0.9987551
4376_1,0.0010817152
9513_9,0.9981324
9972_9,0.99821776
339_1,0.0017821962
11898_1,0.001810211
9282_4,0.005641909
2303_4,0.0011879054
10199_1,0.001133569
11660_10,0.99871576
714_4,0.0012448432
9283_9,0.7981868
2972_2,0.01627746
9060_7,0.9988305
3562_8,0.9974885
11064_8,0.9988121
4190_10,0.9953181
12472_10,0.99879336
2942_1,0.001477943
9560_9,0.9987551
2692_4,0.0019570168
12057_1,0.0011879054
11197_2,0.013742321
5827_4,0.99869555
4752_1,0.0018969199
8114_3,0.002434382
5643_7,0.9987356
9127_2,0.0025509126
10540_10,0.99724233
7342_2,0.0011879054
4651_4,0.7620701
8798_1,0.0017007225
5973_3,0.0013250223
8314_2,0.0011695102
7856_1,0.0018386653
1255_4,0.001648483
9615_8,0.9957353
7261_4,0.0022518474
9700_9,0.0038844768
5938_10,0.99863297
970_7,0.26208568
7715_8,0.99879336
4643_2,0.002019014
7069_1,0.0015731123
8600_10,0.99861145
10275_3,0.002434382
9519_1,0.0010987311
8861_10,0.99719906
8558_4,0.0012255674
7495_4,0.02211659
4727_10,0.004331502
9647_8,0.9683812
7192_3,0.99736834
8772_8,0.9988121
1198_4,0.0012843083
4249_7,0.9394706
6816_2,0.0018386653
10243_9,0.9985896
8365_1,0.001477943
2529_10,0.891055
2538_10,0.9984269
5946_1,0.001622967
6716_8,0.6770471
2633_7,0.99861145
10513_1,0.0016743994
4847_1,0.0027576222
2552_10,0.9984988
7166_9,0.99871576
398_8,0.99856746
6925_4,0.0019877742
9873_9,0.9985896
3598_4,0.0024726235
5996_3,0.0019570168
4024_10,0.99871576
3184_10,0.9987356
3801_2,0.0019570168
1722_10,0.99871576
9344_1,0.0012843083
2874_2,0.0014325365
2914_4,0.0014550629
9643_3,0.004264634
1756_10,0.99861145
2781_1,0.0017821962
3559_1,0.0011695102
6250_1,0.0038844768
10960_9,0.9959927
565_8,0.997783
8749_9,0.9979493
11273_4,0.0013045068
6933_4,0.0033766124
7295_1,0.0013045068
12267_1,0.0012448432
9844_4,0.0014103585
1949_3,0.0034834242
10048_1,0.0013885231
7242_2,0.0015011822
1722_2,0.001264422
9869_1,0.019271135
609_1,0.001622967
9383_7,0.0034834242
6593_4,0.91789335
3284_10,0.99879336
6190_1,0.96405166
8305_10,0.9983516
20_1,0.0019570168
10037_1,0.010169657
1751_10,0.99827254
6821_7,0.9985896
4780_10,0.99854493
1290_10,0.9987356
10777_2,0.0013250223
3450_1,0.00096975197
747_3,0.001133569
9262_10,0.9985221
7206_10,0.9988121
3700_4,0.0094125895
2953_4,0.004609572
6828_8,0.99821776
10831_7,0.9986749
5014_1,0.0014550629
11679_10,0.99877447
3476_9,0.9927672
12052_8,0.99832565
8635_3,0.088820286
6475_10,0.9986749
8531_2,0.0025509126
9018_7,0.9984988
1492_9,0.9941801
10993_10,0.99877447
1896_2,0.0010484692
8241_1,0.0023596606
3568_8,0.99711037
9424_9,0.9987356
3791_1,0.0013250223
2117_10,0.9986749
4679_8,0.9986541
1217_7,0.9986749
7969_3,0.0017274586
2271_10,0.99863297
5772_9,0.97821885
1347_8,0.9988121
11800_1,0.0015247865
8820_10,0.997981
10014_7,0.0027149855
9864_8,0.9985896
6926_4,0.01461567
1842_10,0.99863297
756_7,0.5883275
7657_10,0.9988305
12416_7,0.997783
833_7,0.9433476
8746_10,0.99879336
6374_10,0.9984269
24_10,0.9976769
5133_10,0.99871576
2937_1,0.0031236487
9845_8,0.9988121
6236_7,0.002889581
8525_7,0.9158089
10398_10,0.9979493
6555_7,0.9978173
5873_3,0.9730365
12235_8,0.9983516
8972_2,0.002673006
6313_1,0.0017546144
3277_1,0.039342504
9661_10,0.99486035
11759_4,0.0013458604
7960_2,0.024053553
2710_7,0.9979493
3152_1,0.001477943
3186_8,0.9988121
6180_2,0.001648483
3303_1,0.0019267346
250_1,0.0018386653
8902_1,0.0011879054
7964_9,0.9987356
78_1,0.001032231
9162_9,0.9984988
11868_8,0.9984022
8522_8,0.71582144
8517_8,0.997917
12341_4,0.0015978455
3300_1,0.0013885231
2961_10,0.99871576
11309_10,0.99856746
381_10,0.9988305
6537_10,0.9987551
4623_10,0.9987551
12425_10,0.9986749
817_7,0.99788433
1853_3,0.008847355
3586_10,0.99884856
6148_9,0.9988121
5020_10,0.9984988
6486_10,0.99837697
560_8,0.9988121
11210_3,0.994089
4714_1,0.0010817152
7175_7,0.9964619
10289_9,0.9987551
2497_2,0.98934746
6359_3,0.0039454065
4905_3,0.0011879054
4701_10,0.99863297
292_10,0.9988305
4010_9,0.99821776
1591_2,0.9981614
619_10,0.9984988
8563_1,0.001032231
488_4,0.002434382
3148_10,0.99877447
2046_4,0.002631674
11560_8,0.99453074
8694_7,0.9987356
11041_10,0.99586606
6159_8,0.99861145
10205_1,0.0034834242
7840_9,0.9976404
3298_10,0.9988121
2854_7,0.9985896
3521_8,0.9984022
8317_2,0.002019014
10564_7,0.99824536
7951_3,0.9962346
9834_8,0.99687636
4809_9,0.99884856
4675_1,0.013325147
9493_10,0.99854493
7841_4,0.9967775
8076_10,0.008711384
3242_8,0.99863297
11666_3,0.0031236487
9341_2,0.99719906
10384_1,0.0015978455
1558_9,0.99869555
9790_10,0.01784874
12149_2,0.0017007225
11533_4,0.0021827165
4438_3,0.023689471
11177_4,0.001477943
8657_7,0.99879336
4485_4,0.2247353
1313_3,0.0013250223
7383_10,0.99879336
11875_8,0.9987356
9838_7,0.997285
33_3,0.0012843083
5747_1,0.0015487612
1420_8,0.9987551
7292_9,0.99869555
5218_7,0.9563089
3359_9,0.99629277
10947_8,0.9964619
219_1,0.0011879054
6374_3,0.0013250223
9686_10,0.9982993
6757_10,0.99869555
1003_8,0.99856746
9313_9,0.99861145
6175_10,0.9986749
5391_7,0.9986541
1085_1,0.0010987311
9054_1,0.013532149
8543_10,0.9988305
686_8,0.99804294
6959_3,0.004905406
11014_4,0.0034834242
9204_8,0.99879336
9029_7,0.9988305
10441_9,0.9987551
5245_10,0.9987551
1480_7,0.0031236487
6426_3,0.98998636
1700_1,0.001648483
2783_10,0.99837697
6152_8,0.99861145
12282_10,0.9987551
2948_4,0.0022170132
11974_2,0.0023231625
5944_7,0.29421496
9370_8,0.9951703
711_10,0.99869555
6169_8,0.9988305
12329_1,0.001477943
4904_1,0.0011160143
2070_3,0.001622967
25_3,0.0015731123
1819_4,0.0031726828
8642_10,0.4291901
11504_10,0.9985896
10193_7,0.9986749
8917_4,0.001477943
9380_2,0.0012065897
10048_8,0.9988305
7288_9,0.9986541
8128_4,0.0019570168
7800_3,0.0013045068
5852_1,0.0018969199
8027_1,0.0013670255
10317_1,0.0011695102
10280_8,0.021287354
3959_10,0.9988305
6115_10,0.99863297
6078_8,0.9904406
12273_9,0.99877447
1497_10,0.99469805
2969_9,0.9988121
2577_1,0.0016743994
4519_1,0.0022170132
8596_4,0.0016743994
254_3,0.97068775
7005_8,0.9985896
5426_10,0.99869555
965_9,0.98934746
2044_4,0.0015487612
9006_3,0.0014325365
11462_10,0.99821776
4990_7,0.001867566
163_7,0.9686196
3134_3,0.0019877742
2922_4,0.0030278352
5777_1,0.001133569
6340_7,0.99701905
7896_1,0.0013045068
2321_8,0.99847525
2187_1,0.99869555
1831_9,0.9987551
9321_10,0.9987356
9970_10,0.99879336
2978_4,0.001622967
7491_3,0.0018386653
2491_10,0.9845754
749_1,0.001477943
4751_2,0.0019267346
3276_1,0.0017007225
10889_9,0.99856746
5887_1,0.0013670255
8806_9,0.9988121
8569_2,0.0013885231
3209_10,0.99879336
7139_10,0.99871576
5052_3,0.0015731123
5773_3,0.0015247865
1663_9,0.99861145
3575_7,0.25982568
12017_1,0.0013250223
12460_8,0.99869555
7925_2,0.001477943
1643_10,0.99869555
4537_1,0.0014103585
10651_3,0.0013885231
12075_10,0.99869555
4823_1,0.001264422
5392_7,0.9979493
5436_9,0.9987551
3088_8,0.99879336
6607_9,0.9984022
7648_1,0.0014103585
1073_8,0.9985221
4587_8,0.9967775
9463_10,0.997981
11962_1,0.0019570168
8718_4,0.0043994132
7781_10,0.9986749
11495_2,0.0019877742
2772_4,0.006692851
4029_1,0.0015247865
2080_10,0.99877447
6250_9,0.9986749
2985_9,0.4420343
2935_7,0.9891816
7900_1,0.0013458604
2433_8,0.9987551
12366_1,0.0015978455
10910_2,0.0025114634
5265_3,0.0010484692
9603_10,0.99863297
11989_3,0.0030753699
2929_4,0.19012183
1796_1,0.0009850082
10659_2,0.01784874
4978_9,0.99861145
11823_8,0.99837697
1732_8,0.99845123
1103_4,0.0017274586
8958_1,0.0018969199
8607_4,0.2146914
5820_9,0.9988121
8885_3,0.0023596606
3718_10,0.99854493
3822_1,0.004198795
9886_10,0.9988121
9806_10,0.9984022
10009_10,0.9986749
5979_2,0.001648483
11937_3,0.0017007225
4776_8,0.9987551
9009_7,0.9896718
8094_7,0.9981324
828_3,0.0030278352
3318_1,0.0011513996
3558_4,0.0033766124
7967_8,0.9986749
5275_7,0.9905874
5130_1,0.0013250223
1327_9,0.9986541
11526_8,0.99847525
32_10,0.9987551
10697_1,0.0012448432
9966_1,0.001133569
3132_1,0.046378206
967_2,0.0017274586
6483_10,0.9986749
698_10,0.99863297
7848_2,0.0013458604
9349_1,0.0038244836
10532_9,0.9988121
11819_2,0.0021157034
6812_1,0.0013885231
5401_1,0.0015487612
3528_1,0.0013885231
12239_1,0.0013250223
1479_4,0.001133569
2732_4,0.9334308
6806_10,0.9987551
2119_9,0.99861145
8565_9,0.036220055
1914_8,0.99824536
4835_1,0.0012065897
1029_2,0.0011879054
9228_4,0.001648483
2391_2,0.0019267346
9674_9,0.99861145
9404_9,0.9883128
5987_1,0.0034834242
9237_8,0.99877447
9879_2,0.001648483
1370_10,0.997065
10662_1,0.0029810332
6937_7,0.78858316
6355_9,0.9974491
3784_4,0.004198795
9136_10,0.99863297
9557_4,0.0022518474
12013_7,0.99884856
1114_4,0.015906392
6890_10,0.9982993
3238_8,0.99869555
1790_10,0.99879336
4277_8,0.9983516
2257_4,0.0025114634
7677_10,0.9986541
1618_4,0.78199726
7314_1,0.002019014
10332_1,0.0014550629
7746_2,0.99390244
9303_3,0.001477943
12321_9,0.9985221
10341_2,0.0013250223
7745_9,0.99879336
11104_7,0.99861145
10855_1,0.0010987311
10300_1,0.0013458604
2037_2,0.0022518474
7754_9,0.99827254
9503_10,0.99861145
396_7,0.9985221
583_2,0.0015731123
4469_3,0.009055264
11038_1,0.0019877742
2285_4,0.0032224844
5069_8,0.0063883206
8736_8,0.99884856
9486_3,0.004609572
11669_10,0.99687636
8598_1,0.0015731123
1344_3,0.001133569
11789_3,0.0034834242
9605_2,0.0017007225
10122_2,0.0012255674
3752_10,0.99847525
3864_4,0.0031726828
10505_7,0.99242276
3822_8,0.99871576
8146_4,0.0024726235
11114_8,0.99509466
7847_2,0.002019014
10300_10,0.9987356
7021_10,0.99863297
8_9,0.007011795
7199_2,0.0023231625
9392_9,0.9966756
8234_7,0.99444515
12328_7,0.997851
9918_9,0.9522199
10066_7,0.967163
5482_2,0.0014325365
6914_4,0.0019267346
4665_7,0.08819005
613_4,0.047780063
577_8,0.9986541
12490_4,0.9962346
8637_3,0.0015978455
11815_4,0.0024726235
9490_10,0.99854493
4388_3,0.0014103585
11778_10,0.9984022
4988_10,0.9986541
6590_3,0.9986749
4761_7,0.9787127
8828_4,0.002434382
10382_3,0.0015247865
3321_1,0.9980732
2550_10,0.9988305
12104_1,0.0037654138
6431_1,0.0014550629
8829_8,0.994615
858_7,0.96323055
197_1,0.0022872274
3599_7,0.9184803
10808_2,0.92107415
12050_4,0.0030278352
6348_1,0.0021489493
11051_8,0.97068775
11216_4,0.9921841
8360_3,0.013636835
9570_2,0.0015487612
8040_4,0.0029349516
3664_8,0.99871576
10003_8,0.9988305
3763_7,0.9981614
9692_9,0.99371004
4503_1,0.0011695102
10985_2,0.0022170132
121_4,0.036493763
5651_10,0.99869555
9416_3,0.0013458604
9128_8,0.9950177
8955_8,0.9986541
8787_4,0.0023596606
1622_9,0.9985221
762_3,0.0011879054
6915_2,0.0017007225
8998_4,0.0015487612
8200_10,0.9981614
1878_8,0.99863297
5969_10,0.99821776
8000_3,0.005641909
8161_10,0.99879336
9805_4,0.0033766124
3815_10,0.99877447
3783_3,0.15405756
4924_10,0.9984988
7952_1,0.001648483
4060_8,0.15662017
775_1,0.0012255674
696_10,0.9988121
8751_10,0.997851
6073_10,0.9986541
9982_1,0.015906392
3706_10,0.99847525
5996_8,0.99361163
3107_10,0.9988305
8913_8,0.9984022
8982_9,0.9988305
8938_3,0.11124121
3008_3,0.001867566
3787_2,0.0014103585
6146_9,0.97046465
5664_1,0.0015011822
2408_3,0.03904829
6153_2,0.0019570168
7023_7,0.9939964
2571_3,0.0013250223
6808_4,0.0022872274
6425_9,0.9987356
11139_4,0.0015978455
320_7,0.006097562
3098_1,0.0010005045
5369_10,0.96641046
480_3,0.0033244372
7884_9,0.99856746
5247_1,0.0012255674
3192_2,0.0013458604
12127_1,0.0013458604
1237_7,0.9988121
612_3,0.003538086
6016_7,0.9695556
10490_1,0.0019570168
5180_8,0.9987551
3122_4,0.0015247865
2845_8,0.9961755
9000_8,0.99871576
448_2,0.004264634
1207_10,0.99877447
11989_8,0.9981324
11102_9,0.99879336
1761_1,0.0018386653
9815_3,0.0033244372
12023_1,0.002396731
9901_10,0.9987356
11740_2,0.33025518
4702_10,0.997981
4885_3,0.021287354
0_2,0.0015247865
2273_2,0.001133569
11340_8,0.9983516
12012_4,0.908618
10534_10,0.99832565
8424_2,0.0015247865
8716_3,0.0030278352
7154_10,0.9988121
5001_1,0.0014550629
6511_3,0.0021827165
3308_7,0.99804294
2720_2,0.0018386653
1183_10,0.9987551
12387_2,0.0013045068
6580_2,0.0016743994
4431_9,0.9986541
11828_7,0.9953904
6737_10,0.9987356
7505_4,0.0031236487
4798_2,0.01048909
4773_1,0.0015247865
6719_3,0.0012065897
6475_3,0.00581996
11733_3,0.0048297215
9360_7,0.70212173
5571_1,0.0011695102
10316_10,0.9979493
5068_3,0.044680875
11188_8,0.029090757
7291_3,0.0013458604
6233_3,0.0011513996
11710_1,0.99128854
3780_7,0.99788433
3210_10,0.9987551
2885_3,0.0015487612
2912_4,0.004198795
3320_4,0.0011513996
11275_4,0.0123361
8406_1,0.001264422
8275_10,0.9390248
4862_9,0.9988121
11817_2,0.0021489493
302_10,0.9976769
11341_1,0.0030278352
4626_1,0.0015487612
1030_2,0.002631674
4799_8,0.99854493
4845_1,0.0010484692
3458_1,0.0012843083
9535_9,0.99879336
6553_10,0.9978173
486_4,0.0034834242
11162_7,0.99856746
7689_7,0.9911527
12058_1,0.0012255674
3740_1,0.001622967
11656_8,0.9890131
9795_1,0.0013045068
1947_1,0.001264422
1468_1,0.001810211
4158_10,0.99871576
5876_1,0.001810211
12084_4,0.13028543
5434_7,0.997065
7984_9,0.9981614
2217_8,0.99856746
2300_4,0.0022872274
8707_7,0.98657167
3345_10,0.99856746
7375_8,0.9563089
1150_2,0.0012065897
8557_10,0.99890125
5590_8,0.9984022
5270_1,0.0025909794
10339_4,0.0013670255
6789_3,0.97903574
4289_1,0.0012448432
693_4,0.012241275
326_1,0.9981324
9786_8,0.9933072
6610_10,0.9987551
11350_9,0.5096576
10907_1,0.001867566
3285_8,0.99863297
10964_4,0.0018386653
5411_1,0.001810211
6188_10,0.971779
7110_3,0.0012255674
7355_8,0.0269635
12116_1,0.16132024
1187_1,0.0015247865
12167_7,0.99854493
5530_9,0.62245935
2829_10,0.011869121
9549_4,0.001477943
8805_10,0.99818975
10265_3,0.9429286
5227_3,0.0011513996
8693_10,0.9988305
6331_10,0.9988305
9079_4,0.0020829707
7200_1,0.0015731123
9322_10,0.9986541
2899_4,0.0014325365
6478_10,0.9985896
4659_1,0.0019267346
6755_1,0.0014325365
10385_10,0.99863297
11861_1,0.0010649626
5483_10,0.9987551
4012_10,0.99863297
7146_9,0.99877447
3782_9,0.99845123
12181_4,0.0025509126
10663_10,0.120438814
4712_1,0.0011513996
11071_10,0.99863297
11171_3,0.001133569
9043_10,0.9988305
9912_10,0.9982993
7306_9,0.99845123
12382_9,0.99847525
11654_9,0.9988305
8848_1,0.0014325365
4076_3,0.001264422
8248_3,0.005220126
10011_1,0.0012065897
11769_1,0.00096975197
4164_9,0.99871576
1831_1,0.0015487612
4164_1,0.0011879054
318_3,0.0028009268
7221_10,0.9987551
10912_8,0.99884856
1321_4,0.998103
7712_7,0.99566853
2680_4,0.0011879054
8374_1,0.00096975197
995_7,0.99854493
2009_1,0.001622967
3905_9,0.9974491
3348_3,0.0027576222
6466_1,0.0012448432
11900_10,0.99879336
1634_7,0.99469805
8245_4,0.008315778
8561_1,0.0013458604
2072_2,0.001032231
12060_10,0.997851
8178_3,0.0021157034
8778_1,0.002631674
10489_8,0.99877447
10118_8,0.9984022
3470_8,0.9987356
8014_4,0.98934746
582_10,0.9984022
8984_8,0.99884856
9085_8,0.9984988
8894_2,0.0013045068
3762_2,0.52532125
3815_2,0.0010987311
5903_9,0.99854493
8907_10,0.9981614
6140_7,0.9986541
9279_4,0.5280467
2948_9,0.99879336
10588_10,0.99879336
8239_1,0.0011695102
6986_2,0.0018386653
5308_3,0.0015487612
11984_8,0.010902373
9984_4,0.9981614
11803_8,0.9988305
2925_10,0.99854493
11396_10,0.9686196
8998_7,0.9966756
4511_7,0.99879336
5780_2,0.0031236487
9838_4,0.0023231625
422_10,0.9700135
11389_10,0.99509466
8511_3,0.447581
2089_10,0.99879336
5818_3,0.0032730647
566_9,0.98571813
452_10,0.99879336
4451_9,0.9988305
6105_1,0.0048297215
2158_10,0.0025909794
10395_2,0.99824536
11291_3,0.0012065897
2408_8,0.99861145
3698_9,0.9982993
6060_2,0.0014103585
9509_10,0.9967269
7136_10,0.9983516
5557_10,0.9986749
7155_2,0.0013250223
11421_10,0.99879336
3620_4,0.00581996
2176_4,0.0028009268
8970_1,0.97423947
11186_10,0.9987356
9604_3,0.0040072887
6047_10,0.9981324
4487_9,0.99837697
11880_3,0.0015731123
2650_2,0.0020507437
5279_1,0.0012065897
9289_1,0.0015487612
11673_10,0.99877447
6890_2,0.001810211
2668_10,0.997981
942_1,0.0012448432
264_1,0.0015247865
10157_1,0.0048297215
791_10,0.9985896
11434_9,0.9978173
5630_2,0.0014325365
9392_1,0.016152835
12471_3,0.007815888
8593_9,0.7940658
10333_10,0.9981614
9146_8,0.99818975
5404_7,0.07585818
7662_9,0.9988121
11068_1,0.0011160143
4460_2,0.0016743994
5002_10,0.9987356
9269_9,0.99879336
1639_10,0.9985896
9045_1,0.0014103585
9944_8,0.0029349516
4091_4,0.0017546144
6889_4,0.0010817152
71_9,0.99869555
10173_8,0.9987551
2513_8,0.9981324
7507_1,0.0013458604
1235_2,0.0014325365
3325_1,0.001264422
4146_7,0.0015978455
7286_8,0.9969722
4096_1,0.0014325365
3897_7,0.9986749
11240_10,0.9988305
4109_1,0.0011160143
9566_4,0.0025114634
2038_8,0.9987551
6985_7,0.99469805
6967_9,0.99871576
11020_10,0.99871576
3291_1,0.0014325365
9763_3,0.0027149855
1943_7,0.997917
7599_7,0.99390244
8158_8,0.9988121
4140_3,0.0012065897
11840_2,0.0013250223
9675_1,0.0013670255
10878_1,0.0012065897
10760_1,0.001133569
260_1,0.0018386653
8188_10,0.99871576
3260_1,0.0012448432
6172_9,0.9987356
10021_3,0.0032730647
7784_10,0.9985221
4066_1,0.0051396107
12325_10,0.9983516
9894_8,0.99837697
1242_1,0.0023231625
2059_1,0.0013885231
10686_7,0.99854493
8110_2,0.0013250223
8398_7,0.99298817
6096_9,0.99845123
9422_3,0.018978037
2919_4,0.99869555
10248_1,0.007815888
7480_1,0.0013458604
3248_8,0.9987551
10264_2,0.0012448432
7401_10,0.7588682
10528_1,0.0038244836
7623_8,0.33720353
3968_2,0.001810211
10918_4,0.0011695102
5146_7,0.9985221
12466_4,0.0021157034
10395_10,0.7053793
3862_8,0.99877447
2247_1,0.0019267346
2979_9,0.9986749
3271_9,0.99884856
5225_1,0.0011160143
5662_1,0.0031236487
12087_3,0.6281794
10765_10,0.9988121
1256_4,0.0017007225
2057_1,0.0013885231
2610_7,0.9968273
2065_2,0.0018969199
4410_3,0.009268014
6847_10,0.9987551
1927_1,0.0022170132
4201_9,0.99845123
2578_8,0.9988121
74_10,0.99877447
8324_10,0.9987356
4762_8,0.9974885
10612_3,0.0013045068
11353_10,0.99361163
10709_8,0.9983516
3978_7,0.9986541
954_4,0.0012065897
2493_10,0.99371004
8293_7,0.99871576
9454_1,0.0012448432
8982_1,0.0012448432
5201_3,0.010328153
9758_1,0.0011160143
5999_8,0.9974885
11000_1,0.0012065897
647_1,0.001622967
7345_9,0.99877447
5105_3,0.0040072887
9488_4,0.0014550629
11810_10,0.99879336
5343_8,0.99701905
1671_7,0.99863297
6414_2,0.0038244836
3749_8,0.99804294
2310_2,0.0011879054
8460_2,0.0012065897
12305_1,0.0011695102
11672_1,0.001648483
11726_10,0.9988305
11659_2,0.0027576222
8684_2,0.001477943
6546_10,0.99837697
1980_8,0.9976769
3113_10,0.99854493
8440_1,0.001016244
7473_7,0.9988305
726_7,0.99821776
11165_10,0.9988121
9830_2,0.010091315
6409_10,0.99856746
11455_3,0.001264422
993_3,0.002434382
3186_1,0.001648483
11631_4,0.001477943
3225_1,0.0015011822
4442_1,0.0013045068
6775_9,0.99884856
230_7,0.9927672
5971_4,0.002631674
763_10,0.99861145
9943_10,0.99879336
10098_9,0.99824536
7219_10,0.99869555
6348_8,0.9987551
5774_10,0.9985221
1842_4,0.0014103585
3544_8,0.9979493
5661_10,0.99854493
8698_1,0.0014103585
7576_1,0.0013670255
584_3,0.9927672
9963_8,0.9928786
11653_8,0.99877447
4269_1,0.0011879054
728_1,0.001264422
7118_2,0.001622967
6305_4,0.9916842
5970_4,0.0019570168
4729_1,0.0015731123
7638_10,0.99155444
2709_10,0.9976404
1461_7,0.99827254
5302_10,0.9988305
3589_10,0.9986749
3897_4,0.0033244372
9883_1,0.0015011822
9903_4,0.0021157034
9789_1,0.0012843083
2971_4,0.0016743994
5015_7,0.9988121
9215_1,0.0015011822
8553_2,0.0032730647
5671_3,0.0017546144
748_7,0.93439513
8222_10,0.99863297
9336_3,0.7279754
1585_1,0.0021157034
10634_8,0.99869555
4549_8,0.9987551
7014_10,0.9987551
2412_10,0.99863297
5779_10,0.9984269
11949_4,0.005384938
6879_8,0.02865267
4432_2,0.006097562
5825_10,0.9974885
10422_9,0.9956006
4575_10,0.9986749
11520_1,0.0044683837
6612_1,0.001477943
4206_7,0.99863297
1611_10,0.7779754
8170_10,0.9987356
96_1,0.0012448432
715_10,0.9987551
10032_8,0.9982993
2585_1,0.0013670255
7477_3,0.12765263
2778_10,0.99854493
6807_1,0.99871576
6378_1,0.032836955
1752_10,0.99877447
2305_8,0.9986541
7423_3,0.0019877742
496_9,0.99837697
10829_1,0.0015247865
7012_9,0.86838096
7701_7,0.99871576
6858_8,0.9988121
2723_4,0.0057302467
5720_1,0.0022872274
1531_9,0.9976769
3052_8,0.9984988
2728_7,0.99879336
2275_4,0.0037654138
11211_1,0.0043994132
4603_3,0.0031236487
2273_9,0.99879336
11662_2,0.0019267346
4887_3,0.001810211
8155_9,0.99861145
2373_4,0.0031236487
1754_1,0.0017007225
12247_9,0.99845123
10327_1,0.0017007225
8968_3,0.0013250223
370_8,0.99861145
559_10,0.99832565
8273_3,0.0034834242
8125_2,0.0014103585
8666_9,0.9911527
4827_7,0.983597
9737_10,0.9987356
5604_8,0.054198727
8331_10,0.99824536
886_2,0.0015487612
4413_7,0.0025909794
4116_7,0.99877447
3675_1,0.0024726235
496_3,0.0019570168
8837_4,0.7424217
3099_2,0.0022518474
5518_4,0.015906392
6953_9,0.99886644
1240_9,0.9976769
8614_1,0.0025509126
1628_8,0.013532149
1673_3,0.0014550629
10806_8,0.9985221
780_9,0.99869555
6957_8,0.99884856
10903_8,0.99879336
9908_7,0.0023596606
4696_9,0.99869555
3816_7,0.99854493
489_9,0.9987356
2254_1,0.0019877742
122_8,0.8958876
3171_8,0.99740905
54_3,0.98646784
8826_4,0.9834705
7686_1,0.0010987311
10875_3,0.0013045068
4858_10,0.97539
1268_8,0.0044683837
3497_10,0.9977482
6527_1,0.001477943
1345_9,0.9956006
10092_4,0.0014103585
11571_9,0.9986749
2899_10,0.9986749
5381_10,0.99884856
8722_1,0.0011879054
10521_10,0.99869555
296_9,0.9984022
6184_1,0.0019267346
6657_10,0.99869555
5972_9,0.99837697
8599_7,0.0017546144
6125_1,0.001032231
5834_2,0.00818791
12479_9,0.9987551
3253_2,0.004198795
4986_9,0.99879336
6439_7,0.998103
9659_8,0.9988305
3375_3,0.0030753699
3155_10,0.9986749
3478_9,0.987375
6251_1,0.0013045068
6281_1,0.0010817152
4669_8,0.9981614
2843_2,0.0011879054
8137_8,0.9987551
9390_10,0.99871576
11401_3,0.0011513996
1455_4,0.017712297
8418_9,0.9988305
7064_4,0.0021489493
7467_4,0.01395571
12492_10,0.9987551
1969_4,0.002673006
5388_8,0.99827254
3287_2,0.0017007225
3493_1,0.0017821962
11682_8,0.9988305
7860_3,0.0019570168
5507_4,0.0034296038
11741_10,0.99871576
8041_8,0.99877447
3525_7,0.99863297
12256_9,0.997285
1559_10,0.9987551
5477_9,0.9988305
736_2,0.0033766124
29_10,0.99869555
12257_7,0.99877447
11184_3,0.001264422
5323_4,0.0013670255
11315_3,0.0022872274
1400_4,0.0063883206
7978_3,0.0030753699
6543_10,0.028870907
2120_10,0.99869555
3033_10,0.99886644
4096_7,0.9987551
10945_1,0.8610715
10726_7,0.998884
10568_10,0.9987551
8966_8,0.99879336
12274_4,0.001622967
10560_4,0.0021489493
12352_8,0.021287354
5860_1,0.0015978455
11828_1,0.0013250223
10752_7,0.9932025
6501_4,0.0013670255
561_1,0.0013885231
6796_1,0.0017546144
2626_4,0.9953181
9089_3,0.0016743994
10921_10,0.99879336
6969_10,0.9980122
1039_1,0.002631674
9561_2,0.0021827165
2651_10,0.99871576
8929_7,0.99879336
6434_2,0.994615
3954_1,0.0012065897
12408_10,0.9984988
9230_8,0.99847525
6626_1,0.002434382
1913_2,0.0014325365
9277_10,0.99854493
8177_8,0.9987551
7174_2,0.0017821962
10000_7,0.997783
849_1,0.001648483
9768_1,0.0014550629
2852_7,0.0715912
7872_10,0.9976769
7331_7,0.9980122
9716_8,0.9966756
5672_1,0.997285
11305_7,0.9985896
4750_2,0.0015978455
3606_7,0.9985221
10329_1,0.0011513996
4407_8,0.9987551
4298_8,0.99884856
1526_3,0.015906392
1177_8,0.79117644
8366_3,0.001648483
1848_9,0.9987356
9689_1,0.0014325365
4883_7,0.026556572
10485_10,0.9987551
10851_9,0.9976404
1550_7,0.9986749
5088_7,0.9549844
7420_7,0.99877447
8306_4,0.0063883206
7474_9,0.99863297
5297_10,0.99877447
9105_1,0.001264422
4806_8,0.99879336
11659_10,0.99869555
5491_4,0.99687636
4175_1,0.0022518474
8726_1,0.0013670255
9049_4,0.0013670255
3266_10,0.99877447
1396_1,0.0033244372
8364_4,0.01798621
3945_2,0.0012448432
196_4,0.0016743994
279_1,0.001032231
12203_2,0.0013458604
8613_8,0.9986541
3839_10,0.99856746
2780_7,0.009340025
10493_10,0.9988121
6866_9,0.99837697
4044_10,0.9988305
2435_1,0.0017274586
1976_4,0.96405166
8649_3,0.0015731123
7299_1,0.0012255674
6018_2,0.0012843083
9729_8,0.99877447
3154_10,0.9985221
950_1,0.0022518474
1409_4,0.004198795
5175_10,0.99863297
9722_4,0.0025509126
4077_2,0.0021489493
7067_1,0.0017546144
10984_10,0.9987356
7117_1,0.0012448432
2121_10,0.9988121
1386_10,0.9985896
12236_10,0.99871576
11844_1,0.0016743994
8085_9,0.99719906
333_3,0.0076956474
6522_3,0.0029810332
249_7,0.9986749
1199_1,0.0011513996
499_8,0.99847525
10033_1,0.0013670255
7699_9,0.99861145
4829_7,0.9879462
665_1,0.001264422
6743_8,0.7634837
10153_10,0.9977482
4757_2,0.28897023
6942_10,0.99871576
3895_7,0.99818975
11128_1,0.0017821962
4404_3,0.0014325365
10811_1,0.0010649626
1165_7,0.08329193
10907_8,0.9985896
1859_10,0.99877447
5836_10,0.99701905
10158_2,0.997851
899_3,0.0019877742
8631_1,0.7599387
7153_8,0.99827254
847_2,0.0021827165
4418_10,0.9986541
12320_10,0.9981324
11242_8,0.95150405
7046_7,0.9987551
1819_10,0.99871576
1651_10,0.9764905
8280_10,0.99869555
2062_9,0.9988305
4781_8,0.99877447
10314_1,0.0020507437
1934_1,0.0018969199
12230_7,0.99869555
6689_9,0.9987551
987_4,0.0012065897
9881_2,0.001810211
4571_7,0.99886644
569_4,0.010986943
11392_3,0.7879312
10716_2,0.0019570168
7643_3,0.0025509126
7429_8,0.99863297
11315_7,0.40672946
3097_9,0.9943581
10398_1,0.001264422
6299_8,0.99788433
5951_2,0.0013885231
8930_8,0.9988121
1852_4,0.0017546144
2857_7,0.99863297
4544_9,0.979354
9492_10,0.0053018946
1947_8,0.9959299
9178_2,0.0014325365
6290_3,0.0013045068
6313_8,0.99871576
6975_8,0.9985896
12258_10,0.9988305
3970_10,0.9988305
8096_7,0.99771273
10872_3,0.0014325365
3660_1,0.001867566
7958_10,0.99871576
652_1,0.0012448432
10331_1,0.0013458604
2368_4,0.0020507437
12367_1,0.0011513996
12125_3,0.007345827
5785_8,0.9987356
5213_10,0.40659136
6334_8,0.9985221
8005_4,0.005641909
8405_7,0.9976769
4629_2,0.001648483
9342_8,0.99837697
11634_3,0.0022872274
2878_2,0.002631674
6195_1,0.002434382
6994_8,0.9988121
12170_3,0.74539834
7384_1,0.0011695102
1047_8,0.9984022
669_2,0.002434382
2976_1,0.0013670255
4718_1,0.001477943
1203_1,0.0017546144
9113_10,0.9988305
2928_1,0.0022170132
10734_8,0.9982993
6469_7,0.9988121
2896_3,0.005220126
12061_8,0.99879336
240_9,0.99877447
8580_1,0.010570489
1961_1,0.60288024
6145_1,0.0013250223
11028_4,0.9986749
7664_1,0.0012255674
3022_1,0.028220987
7893_8,0.997917
1149_8,0.9988305
8301_8,0.9932025
8210_10,0.99837697
9949_8,0.9978173
2961_4,0.0029810332
9796_10,0.9975656
4397_7,0.9988305
2936_3,0.0032224844
11382_10,0.99871576
11671_1,0.0011513996
10864_1,0.001032231
11253_4,0.0015731123
4692_3,0.001264422
11905_2,0.001648483
12066_1,0.014842417
789_8,0.9984022
7700_8,0.8213309
7697_7,0.9976769
8628_4,0.001867566
5719_2,0.0021827165
4761_2,0.0013670255
8777_1,0.0025509126
3525_1,0.0017821962
11990_4,0.0025509126
432_10,0.99879336
4115_3,0.0033244372
10888_10,0.9971551
6995_2,0.05033063
11910_10,0.99788433
8895_1,0.0014325365
12149_10,0.97966766
11782_8,0.9458012
12139_7,0.99724233
380_2,0.001867566
5242_10,0.99657035
3542_9,0.9985221
6821_1,0.013636835
6931_1,0.001810211
5958_9,0.99371004
5332_2,0.0014325365
2630_2,0.0010005045
6387_7,0.99818975
7899_8,0.95565146
11017_3,0.001622967
11800_10,0.99856746
10926_10,0.99871576
9866_10,0.99477994
3203_2,0.0012065897
11276_4,0.0017821962
8342_2,0.16885696
6167_10,0.9977482
36_3,0.0015247865
3340_1,0.001133569
3997_9,0.99884856
2627_10,0.99854493
4204_1,0.0023596606
1018_4,0.9983516
10951_1,0.0013045068
5315_4,0.9985896
6301_7,0.9987551
12038_10,0.99871576
3164_10,0.9984022
10989_8,0.99869555
2449_9,0.9986749
4375_1,0.0013885231
7037_3,0.057493284
33_7,0.99861145
7457_10,0.9984988
2082_3,0.0011160143
1316_10,0.99886644
9097_3,0.002396731
5804_10,0.99869555
9411_1,0.0010005045
118_10,0.99879336
560_3,0.0062899017
8914_9,0.5133025
2745_4,0.92523
2607_1,0.0014325365
4405_4,0.008711384
10451_1,0.0011513996
1887_7,0.997981
725_2,0.0031236487
5118_4,0.003707253
9536_1,0.001264422
127_3,0.0022872274
2833_8,0.9984269
131_7,0.91181
7789_10,0.99863297
6294_7,0.99886644
3872_4,0.0015011822
5454_7,0.99879336
11162_1,0.001133569
1685_1,0.0011695102
8352_2,0.0021827165
5003_1,0.0013885231
262_9,0.99871576
8233_8,0.9987356
1814_10,0.998103
1967_10,0.466481
7545_10,0.99469805
12386_2,0.0035936027
9531_9,0.99863297
3013_1,0.0017007225
6835_10,0.9987356
1279_3,0.6437773
2411_1,0.0017007225
9537_1,0.0012065897
3446_10,0.99877447
656_4,0.008985428
7085_1,0.001264422
8355_1,0.0011879054
1869_3,0.011508149
2317_2,0.0010987311
11228_4,0.0014550629
3987_8,0.9988305
509_3,0.0011160143
5168_8,0.9986749
9267_10,0.9986749
912_10,0.99854493
10275_9,0.99845123
2855_10,0.9980122
6079_4,0.0033766124
2728_1,0.0013250223
9895_4,0.009125638
8230_7,0.9988121
5152_4,0.00619299
4137_8,0.99821776
919_10,0.99869555
1481_1,0.0017007225
2468_1,0.0014103585
383_1,0.001133569
11552_4,0.0023231625
856_7,0.99832565
9047_1,0.0016743994
2300_9,0.99821776
1346_7,0.9981614
6316_4,0.14080817
7983_10,0.99837697
9685_10,0.9904406
2745_10,0.8407826
8149_1,0.0012843083
9478_1,0.0013670255
3126_3,0.0017274586
11629_10,0.99886644
5858_8,0.9985896
200_8,0.99877447
7721_4,0.0044683837
12334_8,0.9987356
9582_4,0.0031236487
5696_9,0.9984269
3823_3,0.0044683837
11571_4,0.0075772414
1349_9,0.99884856
4306_7,0.9985896
6924_1,0.15559098
10639_10,0.78365755
5674_1,0.011597362
11321_1,0.0013045068
771_4,0.0030753699
3519_1,0.0021827165
2378_2,0.0013670255
5677_10,0.99879336
2807_4,0.004133968
10165_9,0.99877447
6940_1,0.0013670255
11015_3,0.0045384313
1055_3,0.002019014
11055_9,0.9986749
8173_1,0.0021489493
10743_1,0.0013885231
11927_3,0.016152835
8785_4,0.997065
10995_1,0.0014550629
11899_1,0.0012255674
10078_10,0.99871576
11831_8,0.9795114
8182_1,0.77390057
9664_2,0.001133569
12229_9,0.9985896
6076_2,0.001264422
8529_2,0.0018969199
4686_1,0.0021157034
8174_9,0.9987551
7395_4,0.0027576222
1803_10,0.99854493
2508_1,0.0011695102
452_2,0.0015011822
8830_4,0.89029425
3240_4,0.9981614
578_2,0.001648483
3093_2,0.004681822
9543_1,0.001622967
9065_4,0.0025909794
534_4,0.9834705
9762_2,0.0017274586
3037_1,0.0037654138
4632_7,0.99879336
5064_8,0.99101454
9962_10,0.99884856
9340_10,0.9961755
5881_1,0.0013670255
4642_10,0.9987551
5293_4,0.9849274
6721_1,0.0014325365
9869_7,0.9986749
7070_10,0.99886644
12486_9,0.99869555
4943_9,0.9953904
7939_10,0.99469805
5786_3,0.0037654138
10357_7,0.01883313
7147_10,0.99869555
8627_10,0.9986749
3370_1,0.0033244372
4117_10,0.99854493
8178_7,0.99877447
968_8,0.9987551
5931_8,0.9981614
6459_2,0.0017007225
2480_3,0.0030278352
5511_10,0.034358688
7554_2,0.001133569
9276_8,0.99884856
140_2,0.002631674
2776_10,0.9987551
3690_1,0.00581996
6369_2,0.0020507437
7438_10,0.99861145
872_9,0.99390244
2389_2,0.0022170132
2882_3,0.01384861
10404_9,0.99861145
5790_4,0.002631674
2382_7,0.9986749
7798_1,0.0015011822
272_1,0.0015487612
298_1,0.0028449094
11414_7,0.9974885
9255_4,0.31827325
5914_4,0.001867566
2974_7,0.99845123
6739_7,0.9983516
1229_7,0.9926542
2268_10,0.9987356
2352_7,0.9962346
9329_10,0.9979493
11380_10,0.99877447
215_4,0.0014103585
9915_2,0.0013250223
541_1,0.0017007225
10975_2,0.001622967
6946_9,0.9954615
3286_7,0.99847525
7482_10,0.9987551
48_4,0.008847355
10046_4,0.035144847
6295_1,0.0012255674
6417_4,0.0012065897
2401_4,0.0015731123
8608_1,0.22884513
3500_8,0.115560874
11903_3,0.0018969199
4012_2,0.015424551
11415_4,0.9967775
5835_4,0.002434382
9039_4,0.00619299
6526_1,0.002396731
6379_8,0.99771273
6136_10,0.99856746
6094_4,0.006692851
11608_9,0.97462875
3745_3,0.7409249
10694_1,0.0019877742
3222_10,0.99877447
3394_4,0.0015247865
7790_10,0.998103
2982_10,0.9986541
12253_3,0.9987551
5900_1,0.014728613
3398_4,0.99509466
10038_7,0.98657167
1520_8,0.9986541
11756_2,0.5149187
6228_1,0.0014325365
6226_7,0.99847525
4377_10,0.99869555
9730_1,0.001133569
11088_4,0.0031726828
7867_10,0.99879336
5072_1,0.0017007225
7935_3,0.7405498
4536_3,0.002019014
6989_2,0.0012255674
8101_8,0.9986749
3364_7,0.9927672
7862_1,0.002019014
8562_2,0.002019014
9783_9,0.9986749
7272_1,0.0013885231
1025_3,0.0019877742
9432_7,0.99014014
4153_8,0.99879336
8528_1,0.001477943
8427_4,0.004133968
5417_1,0.0023231625
6575_1,0.0031236487
10041_8,0.9986749
7589_4,0.012920473
10391_9,0.99869555
1400_7,0.9983516
9428_2,0.0023231625
7106_3,0.001477943
5695_10,0.99884856
6430_10,0.99884856
11722_4,0.004331502
11328_1,0.00093994394
9020_3,0.010902373
183_10,0.9981324
6674_10,0.99869555
5495_10,0.9987551
2237_7,0.9976769
11943_7,0.99869555
5872_10,0.99847525
5043_9,0.99877447
3869_1,0.0019877742
5113_4,0.01784874
4671_3,0.0012065897
9220_4,0.5062863
7330_1,0.0010649626
5344_3,0.001867566
11965_1,0.0020829707
7620_9,0.99854493
7044_10,0.99869555
6296_10,0.9984988
8204_1,0.0012255674
7661_9,0.9982993
11708_2,0.0015247865
2415_7,0.997783
7840_4,0.0017007225
2628_10,0.99886644
4633_3,0.013636835
7320_2,0.001264422
11755_1,0.9719925
2589_2,0.0018969199
5044_10,0.9988121
5189_1,0.0017821962
7926_7,0.9986749
2454_10,0.99871576
3368_1,0.0012843083
12223_7,0.99657035
7348_1,0.0014325365
12007_8,0.9987356
5501_7,0.98549646
4025_8,0.9987356
6447_10,0.9981614
5438_3,0.009125638
7910_10,0.99845123
377_1,0.0017007225
409_8,0.99877447
2150_9,0.99856746
11986_2,0.0025114634
2544_2,0.9449947
5141_10,0.9988121
8305_3,0.9838472
8329_10,0.9987551
2333_8,0.9879462
5171_4,0.001133569
5412_10,0.9987551
1081_10,0.99877447
10773_7,0.99856746
1969_10,0.9964064
8276_10,0.99847525
1244_1,0.0015011822
7113_2,0.0030278352
9535_2,0.0019877742
4627_7,0.9987356
10757_4,0.0063883206
10091_10,0.9981614
5211_10,0.0027576222
7510_7,0.98282325
11674_10,0.99877447
5299_8,0.9985896
3515_8,0.9952448
10143_3,0.96432143
2274_10,0.99884856
2372_3,0.7879312
3116_8,0.99869555
7340_3,0.0013045068
1394_9,0.99869555
2047_9,0.99837697
8587_2,0.92683524
11579_10,0.021615336
942_10,0.9987551
9355_4,0.01065251
8812_10,0.99863297
4732_2,0.0024726235
3180_10,0.99879336
310_9,0.99553156
3980_8,0.9986749
6923_2,0.0017274586
2424_9,0.9986749
1092_4,0.002396731
9238_7,0.9984022
2382_2,0.0012065897
3579_1,0.012053779
6801_8,0.99861145
3768_8,0.9980122
11717_10,0.99879336
10001_9,0.9987356
355_10,0.9984988
8896_1,0.0020507437
9772_1,0.0022518474
7624_10,0.99509466
1102_3,0.0010987311
10949_9,0.99871576
1269_10,0.9987551
11768_4,0.0010649626
5555_4,0.99771273
2233_9,0.9987356
6567_8,0.9518632
12130_8,0.99871576
8587_7,0.9988121
10973_1,0.0014325365
3863_10,0.9987356
9220_8,0.9161096
7579_10,0.9988305
4411_10,0.9896718
2093_8,0.9971551
10883_10,0.99804294
3583_3,0.001477943
1396_8,0.99827254
1930_3,0.0014103585
8779_1,0.001477943
12478_9,0.9988121
176_9,0.9985896
11733_10,0.99861145
11368_1,0.00096975197
4077_8,0.99701905
11056_7,0.9986541
5567_3,0.0023231625
8549_3,0.0021157034
9743_1,0.002434382
6916_9,0.9986749
6147_1,0.4020399
7820_7,0.99871576
1352_7,0.9975274
5337_10,0.99871576
12285_3,0.0013670255
8992_2,0.0013250223
4644_2,0.0015978455
9793_10,0.9988305
2359_10,0.997981
2137_9,0.99847525
10559_3,0.0018969199
2679_3,0.0015978455
10010_2,0.0014103585
11987_10,0.99847525
8824_10,0.99884856
11418_7,0.9984988
2423_9,0.9986749
1576_7,0.78464925
7947_4,0.0015487612
1714_10,0.99871576
6006_8,0.99871576
939_8,0.99863297
3755_4,0.0021489493
3213_3,0.0032224844
164_2,0.002434382
1123_10,0.99861145
7397_7,0.98527133
822_1,0.0010649626
5631_2,0.0067975316
10464_10,0.998103
11397_10,0.9988305
10679_3,0.0054692742
8205_1,0.0012843083
6947_10,0.99711037
2000_1,0.0017821962
4075_7,0.99877447
1388_8,0.8665848
446_1,0.0011513996
1063_2,0.0013250223
6030_3,0.0030753699
5613_2,0.0012255674
8759_3,0.99854493
12169_1,0.0017007225
5111_4,0.004198795
2891_4,0.007345827
827_1,0.0038244836
6229_8,0.015784562
2212_4,0.9984269
4788_9,0.99818975
8859_1,0.0012843083
9798_10,0.99879336
9763_9,0.99253935
3889_7,0.99837697
3275_8,0.99856746
5106_10,0.99863297
7576_10,0.99863297
9405_3,0.0017821962
7108_1,0.003707253
9794_10,0.99861145
2653_10,0.92892635
10545_10,0.99827254
12306_10,0.9987551
4696_2,0.001032231
7982_10,0.9987356
11066_3,0.0031236487
10034_1,0.001264422
6035_3,0.0015731123
9518_9,0.99863297
1266_8,0.9988121
11336_9,0.99869555
4159_10,0.9986749
9375_8,0.9988305
5204_1,0.0011513996
3360_10,0.99877447
5659_1,0.023330767
8839_4,0.86060363
4529_7,0.99856746
3283_2,0.0153063545
5376_7,0.9987356
5379_8,0.9986749
5266_4,0.0013885231
7463_9,0.99827254
3595_1,0.001477943
3141_10,0.9983516
9986_2,0.16344546
4279_1,0.0013250223
1427_4,0.45968243
8357_10,0.96182173
715_4,0.018546565
8482_9,0.99863297
3091_10,0.99827254
5735_7,0.9843364
3100_4,0.0013670255
11447_8,0.99804294
4577_1,0.0013670255
10287_10,0.99827254
3384_3,0.002434382
3820_9,0.99863297
8883_3,0.0013250223
11279_10,0.004198795
3093_8,0.9959927
10465_3,0.0015978455
4423_10,0.99871576
601_3,0.002889581
1902_10,0.9988305
1509_8,0.997285
3019_9,0.9988305
11994_9,0.9985221
4246_2,0.0013670255
842_10,0.99861145
4917_8,0.99854493
68_1,0.0030753699
6613_2,0.001810211
7230_10,0.9987551
6183_4,0.0013670255
338_10,0.99818975
6182_8,0.9988305
2409_1,0.0014325365
9965_8,0.99877447
1336_10,0.8601343
4456_2,0.0010005045
12437_8,0.9987551
8437_10,0.9988305
409_4,0.0012255674
2303_10,0.5452857
2144_9,0.9953181
2302_8,0.99879336
385_9,0.9967775
3617_8,0.9986749
5450_7,0.9966234
6882_4,0.001032231
2980_4,0.005554925
9828_4,0.0012255674
10745_8,0.99869555
3478_1,0.39012727
2167_2,0.0019267346
5562_2,0.0012843083
8771_7,0.0021157034
8372_10,0.9986749
10749_8,0.99029154
7394_10,0.09534946
3711_7,0.99854493
5375_1,0.0027149855
7881_7,0.99845123
7023_2,0.0013045068
206_10,0.99877447
4760_9,0.9986749
12026_1,0.0014103585
12182_10,0.9975274
1821_8,0.99856746
10828_1,0.0015731123
2446_10,0.80162543
5327_10,0.9975656
5727_3,0.0013250223
11460_4,0.0021157034
6484_10,0.99863297
3555_4,0.10856642
10641_8,0.99877447
650_3,0.002019014
1467_10,0.99877447
7651_3,0.0012448432
11459_4,0.0075772414
9255_10,0.99856746
7888_10,0.9988121
4118_2,0.001133569
2540_9,0.9987551
2152_7,0.8749346
2614_10,0.9986541
2892_10,0.9987551
3878_1,0.0013885231
273_10,0.99886644
5565_10,0.98625773
444_10,0.9984269
11062_10,0.9987356
5184_1,0.0013250223
12140_3,0.0014325365
3254_8,0.9969722
11537_7,0.0016743994
7606_10,0.99869555
6120_2,0.0013250223
7416_10,0.99871576
10759_3,0.0023596606
12255_9,0.99877447
1114_10,0.99877447
6827_8,0.9950177
10246_2,0.0031236487
204_9,0.9987356
5816_10,0.99818975
2693_9,0.9986749
2578_2,0.0018386653
4958_3,0.0025909794
7873_10,0.99861145
8795_2,0.001622967
1431_3,0.0015011822
11635_7,0.9952448
1327_3,0.0010484692
10813_7,0.99788433
9764_4,0.009055264
5861_8,0.9869795
8995_3,0.0015731123
2243_1,0.0015487612
11708_7,0.99871576
1998_2,0.0017274586
11887_8,0.9988305
4836_10,0.8098782
1603_4,0.0028009268
9860_4,0.0014325365
1728_1,0.0023231625
12108_1,0.0011513996
9756_4,0.99788433
1325_3,0.0030278352
5174_1,0.004264634
9917_2,0.001648483
6101_1,0.0017274586
2010_10,0.99871576
1132_8,0.9986749
8516_1,0.0015247865
3563_1,0.0012448432
2362_10,0.9941801
10971_1,0.0018386653
8672_9,0.99856746
2863_2,0.0013250223
2750_1,0.0028009268
8599_4,0.0017546144
12115_7,0.99837697
4921_2,0.0011160143
2975_2,0.0014325365
4245_8,0.9987551
10778_10,0.9988121
7816_7,0.9987356
9131_1,0.99101454
5541_3,0.0018386653
7956_1,0.001477943
780_3,0.006903838
1052_10,0.9984988
6842_8,0.9987356
8279_10,0.99863297
9653_3,0.0022872274
3025_1,0.001867566
1174_1,0.0019267346
1039_10,0.99879336
4609_10,0.9988121
2150_1,0.0017274586
6289_7,0.9964064
2963_2,0.0018386653
8801_1,0.0140636265
5196_7,0.9985221
5723_2,0.0015011822
10530_10,0.9987551
9473_1,0.0022170132
3355_3,0.0010484692
5388_3,0.005384938
12102_2,0.0013250223
11038_10,0.99486035
9672_1,0.0014550629
6875_8,0.99827254
4754_8,0.99847525
6814_3,0.0011513996
8937_3,0.004681822
7077_4,0.9928786
1782_1,0.0015011822
631_4,0.014281935
7876_1,0.0013458604
74_4,0.0018386653
2846_9,0.020804489
4190_1,0.001477943
7843_4,0.9983516
7528_7,0.99341017
2396_8,0.9984022
790_1,0.0011695102
2020_7,0.99824536
2526_1,0.0012065897
8104_8,0.99863297
12372_2,0.0044683837
417_1,0.99657035
1318_2,0.0015978455
4530_1,0.0012448432
2370_4,0.99863297
1886_10,0.9988121
9386_1,0.0015487612
7863_1,0.0012065897
3864_10,0.998884
6559_2,0.0013885231
7855_7,0.99827254
1672_1,0.0013670255
8453_2,0.0019267346
8373_3,0.0015978455
9770_10,0.99879336
12009_1,0.002019014
2770_3,0.002631674
4618_7,0.99869555
9797_10,0.99863297
6605_1,0.0015247865
10176_1,0.004198795
8949_10,0.99871576
5401_7,0.997783
3295_7,0.99871576
4791_1,0.0020507437
4016_1,0.0011513996
4314_10,0.9965166
2903_1,0.0012448432
3835_9,0.994615
7532_1,0.0013670255
729_10,0.99818975
5753_1,0.93045825
11976_2,0.0037654138
3027_1,0.0022518474
9721_9,0.9981324
11295_3,0.001867566
3241_1,0.0016743994
5389_9,0.998884
9889_1,0.0051396107
3522_4,0.0012065897
10865_8,0.9988121
1015_8,0.997917
5048_10,0.9988121
2671_2,0.013222822
2841_4,0.0017546144
4928_1,0.004905406
10499_1,0.01107216
9409_10,0.9987356
974_10,0.9953181
11582_7,0.11516223
9988_10,0.99847525
3463_8,0.99871576
5194_1,0.054600604
3377_4,0.002673006
4352_1,0.0017546144
10862_1,0.0015978455
1545_7,0.9918121
9801_10,0.99869555
1905_2,0.0015247865
12276_9,0.99871576
7544_1,0.0011695102
10056_1,0.0013670255
3623_1,0.0025114634
4013_7,0.99740905
1294_4,0.005554925
10285_9,0.9986749
7793_10,0.9986749
3809_9,0.9985896
4586_3,0.0019267346
7511_1,0.18832396
10873_4,0.001648483
4888_8,0.98445636
4349_10,0.9969246
1531_3,0.0025114634
8884_3,0.0017274586
7336_3,0.98951083
9688_10,0.99847525
7208_1,0.0013045068
4355_8,0.9986541
6098_2,0.0015011822
9106_10,0.99856746
6422_1,0.0013670255
2054_9,0.99605453
550_8,0.99760324
402_8,0.998103
11832_10,0.99869555
10256_10,0.9988121
6131_1,0.0013885231
11907_4,0.0012065897
4459_4,0.0054692742
8555_7,0.99871576
5079_2,0.001622967
10304_2,0.0018969199
10489_1,0.0012255674
566_3,0.0028009268
1999_1,0.0022170132
590_1,0.0019267346
11159_1,0.001867566
10612_9,0.9975274
10810_2,0.009559399
11658_4,0.0021827165
1950_9,0.9980122
8977_4,0.041462272
9040_1,0.0012843083
2891_10,0.9977482
2966_10,0.99871576
8665_4,0.10894506
6600_1,0.0021489493
9308_1,0.0031726828
7870_10,0.99869555
10511_1,0.0013458604
7235_8,0.63770795
132_9,0.99863297
1575_8,0.9985896
3328_8,0.9984022
3273_1,0.0011879054
9475_4,0.971564
10938_7,0.11318691
8143_7,0.9986541
9003_10,0.99818975
9854_10,0.9987551
9932_2,0.0032730647
1017_7,0.8962514
4386_9,0.99871576
1105_3,0.0015487612
7315_7,0.024053553
37_9,0.998884
8409_10,0.9986749
12118_1,0.010169657
1665_8,0.99877447
10284_1,0.0015011822
8922_3,0.002019014
2524_2,0.0024726235
11205_2,0.001264422
4676_8,0.99845123
10479_4,0.43074587
9849_8,0.81227237
4841_3,0.199308
9153_9,0.99877447
9279_8,0.99886644
11008_10,0.99871576
614_10,0.9986541
167_2,0.0014550629
2041_1,0.001648483
6509_8,0.9988121
9832_7,0.9984022
5939_7,0.82893884
3267_3,0.002673006
3555_9,0.997783
1668_7,0.52051157
11048_1,0.0015978455
1856_3,0.0017546144
4426_10,0.9988305
8457_3,0.0036499873
6603_10,0.9980732
4738_1,0.0025114634
11762_8,0.9981614
2078_10,0.99871576
6754_1,0.002889581
11721_2,0.0032224844
11558_3,0.569299
973_10,0.99837697
814_4,0.0018386653
2102_3,0.0018386653
11394_4,0.98625773
312_4,0.001622967
2994_1,0.0029810332
5649_7,0.9988121
7281_8,0.99856746
2756_4,0.0065897712
2137_1,0.0015011822
8696_2,0.0018386653
1158_3,0.39583457
4531_1,0.0010484692
10047_10,0.9987356
683_7,0.95791227
8645_10,0.99029154
889_3,0.01395571
4202_2,0.0014103585
3859_10,0.9987356
5038_8,0.99879336
6906_9,0.9987551
4154_8,0.99871576
9548_1,0.0017007225
4434_9,0.97068775
9235_9,0.97112906
2368_8,0.9985221
8391_2,0.0014325365
1391_7,0.99827254
4317_1,0.0010484692
8345_4,0.010013569
8610_1,0.0021827165
2888_10,0.99854493
5597_3,0.0025909794
4900_7,0.98159516
3016_2,0.0022518474
1057_2,0.002019014
5143_8,0.99863297
6932_2,0.0011695102
7879_10,0.9986541
9300_3,0.001477943
12142_2,0.002631674
3426_3,0.01107216
7977_7,0.34466398
1573_3,0.9213576
336_10,0.9987551
4248_10,0.9975274
9693_7,0.0028449094
7753_4,0.9666631
2290_10,0.9977482
9156_8,0.99869555
5526_4,0.001622967
3896_8,0.9983516
8520_7,0.99869555
3566_4,0.01065251
6386_7,0.99837697
4201_1,0.9987551
372_9,0.99884856
6768_8,0.99818975
9177_8,0.99856746
1079_1,0.012527932
934_10,0.99871576
11918_2,0.0011695102
4867_4,0.002396731
12449_8,0.9987551
7907_10,0.99863297
4508_3,0.037326884
1075_2,0.0014550629
11466_8,0.9953181
10935_2,0.17953056
4826_9,0.9977482
4814_7,0.99879336
8676_4,0.09670579
1058_1,0.0013885231
7831_2,0.0011695102
1150_9,0.99871576
5395_1,0.001622967
5435_7,0.99871576
1745_1,0.0015011822
11278_4,0.0017007225
8629_1,0.010169657
3145_9,0.9987356
8108_10,0.99869555
6377_1,0.0028009268
10298_1,0.0013458604
12265_1,0.0031726828
11930_8,0.008445628
2511_10,0.9988305
7955_1,0.0011513996
2335_9,0.99877447
3194_10,0.9987356
6724_10,0.997783
9406_1,0.9968273
11369_1,0.0017007225
1972_4,0.001032231
6900_8,0.9984988
7813_7,0.9988121
785_7,0.99711037
6368_3,0.0051396107
2163_1,0.0012065897
11487_8,0.99879336
4292_7,0.9986749
7451_4,0.0019570168
11465_2,0.0015731123
7641_8,0.9985896
8250_8,0.9984022
4490_1,0.0017274586
10452_1,0.0019267346
7442_3,0.0015011822
3027_9,0.9988305
235_7,0.9987356
3750_7,0.997981
8700_1,0.0012065897
3584_10,0.9981614
7217_7,0.99832565
7769_10,0.99877447
10149_9,0.9978173
7607_2,0.0013670255
7749_1,0.001264422
12067_1,0.0021157034
388_10,0.99879336
6596_1,0.0020829707
10242_2,0.0022170132
3853_1,0.0010817152
5726_4,0.0015731123
9031_9,0.15152934
1543_7,0.997981
1442_8,0.9987551
6336_10,0.99818975
5929_4,0.37960833
3378_3,0.99580115
183_4,0.5434691
3518_9,0.99861145
5870_8,0.9988305
5053_4,0.0012255674
7330_7,0.99821776
9553_9,0.99824536
9552_10,0.9985221
8515_10,0.0027149855
1666_9,0.9988121
6661_3,0.0038844768
8721_1,0.0019267346
1368_1,0.0033766124
5076_9,0.9977482
12353_2,0.0059110695
1099_7,0.9985896
8669_9,0.994615
2564_8,0.99824536
4369_10,0.99869555
11951_4,0.0017821962
11384_3,0.013428254
7459_3,0.0034834242
6776_9,0.9987356
6673_3,0.0011513996
2500_8,0.99871576
8739_3,0.0011695102
3828_1,0.0025509126
7945_2,0.9962346
7934_10,0.9988305
4571_1,0.001867566
11689_7,0.99863297
3681_10,0.9988121
5110_4,0.0017546144
5953_8,0.9981324
10906_4,0.0013885231
3424_8,0.99837697
6492_7,0.9975656
10450_1,0.0015487612
4856_8,0.007345827
12019_1,0.0012065897
1390_8,0.99863297
6452_4,0.005060332
4916_4,0.0015731123
3979_3,0.0011513996
6023_3,0.0013458604
5762_1,0.0014550629
4176_9,0.9985896
7194_2,0.0017546144
3143_7,0.97719735
954_8,0.99869555
5291_1,0.0032730647
2258_1,0.001622967
5412_1,0.0011513996
4088_3,0.0014325365
4312_1,0.0012065897
517_1,0.0012065897
5601_1,0.0022170132
288_1,0.0029810332
234_3,0.024237636
6665_8,0.9988305
6957_3,0.0011513996
4454_2,0.0012843083
3270_8,0.99877447
4500_3,0.9390248
7551_1,0.0012065897
9033_4,0.8587186
2619_10,0.15253651
10093_10,0.9987551
5483_2,0.0017274586
8383_1,0.0012843083
11683_1,0.0015247865
10649_1,0.0032730647
181_3,0.004133968
3668_2,0.0013458604
3769_1,0.0019877742
11519_3,0.009708476
5716_10,0.99818975
10918_8,0.9986541
3103_1,0.0013458604
7210_10,0.99863297
2515_8,0.99877447
8424_9,0.99101454
1404_10,0.99871576
3158_10,0.9980122
4996_2,0.001867566
5493_3,0.0023596606
8540_9,0.99854493
8960_8,0.9986749
11274_3,0.0017546144
11067_10,0.9985221
3335_2,0.0025114634
6578_4,0.0019267346
916_10,0.99877447
3844_1,0.0017546144
7108_8,0.99711037
565_2,0.0033244372
11622_3,0.0020507437
10700_1,0.0013250223
10483_1,0.019419348
8951_9,0.9986541
6326_8,0.9988305
3035_8,0.9988121
2292_10,0.99861145
11013_4,0.0021489493
10618_1,0.0018969199
11544_1,0.0011695102
7550_10,0.99863297
289_8,0.99871576
6571_10,0.99871576
6056_10,0.96641046
10814_1,0.0009850082
9377_1,0.0014103585
1577_8,0.0033244372
9268_9,0.9988305
10116_10,0.9986749
7411_10,0.99884856
12279_4,0.96691406
3575_1,0.0015731123
8105_8,0.99863297
6092_10,0.99879336
12406_1,0.001133569
1117_2,0.0013045068
12358_7,0.99477994
4469_9,0.9987356
7055_2,0.0022518474
10412_8,0.99863297
12155_10,0.8828326
11222_3,0.001032231
9622_9,0.9987356
8992_8,0.99854493
5305_3,0.0065897712
8111_10,0.9988121
3436_1,0.0015247865
2748_8,0.998884
6527_10,0.9987551
672_8,0.9988305
8172_4,0.059646945
5513_10,0.99856746
741_7,0.4170934
8886_7,0.99877447
6939_1,0.0013885231
12235_1,0.0015247865
10607_1,0.0010005045
4708_10,0.99854493
9034_10,0.99863297
6600_10,0.99869555
2934_1,0.0016743994
12168_10,0.99871576
9362_9,0.998884
9627_8,0.99861145
9547_8,0.99711037
4108_2,0.0013458604
10293_9,0.9695556
10105_8,0.99856746
11864_7,0.99879336
2843_7,0.014172365
836_9,0.99821776
6201_1,0.0011879054
8192_4,0.9883128
2596_1,0.001648483
6847_3,0.0021827165
8794_1,0.001477943
7281_4,0.0012065897
9678_2,0.001867566
10950_3,0.0017821962
5845_4,0.001867566
6187_10,0.9982993
4684_9,0.9982993
10852_1,0.004905406
11542_3,0.0014325365
5385_1,0.005641909
9597_3,0.002019014
8975_3,0.9759464
10766_3,0.024237636
4236_8,0.98866826
118_1,0.0011513996
7278_7,0.9986749
11069_7,0.99869555
1002_3,0.1732882
4210_7,0.99877447
8514_10,0.99861145
9676_1,0.004264634
11826_10,0.9987356
8216_8,0.9988121
575_4,0.0014325365
3867_8,0.9984022
321_10,0.9984269
1654_1,0.002631674
973_4,0.0027576222
8796_3,0.0019877742
145_1,0.0013885231
2649_2,0.0035936027
2432_2,0.0031726828
5713_10,0.9987356
6851_1,0.992062
3523_7,0.99740905
9862_9,0.9983516
8888_9,0.9802808
12343_1,0.0011879054
2298_9,0.99871576
7129_1,0.0014550629
12163_7,0.6570985
1090_1,0.0017546144
8249_7,0.99879336
3716_7,0.99804294
8095_4,0.0015978455
9739_8,0.99877447
7041_1,0.0015731123
7673_10,0.9987551
210_4,0.001867566
283_8,0.997917
12361_9,0.99871576
9254_10,0.9986749
5598_1,0.0015731123
128_10,0.9988305
11557_7,0.99732697
10232_10,0.9967775
10747_7,0.9986541
9984_9,0.9986541
9618_1,0.0017007225
7976_10,0.9953904
5788_10,0.99804294
7378_4,0.7134316
2047_3,0.0027576222
10053_10,0.9986749
8399_4,0.0022518474
7925_10,0.99879336
6830_9,0.9979493
2530_9,0.99832565
9521_1,0.0015731123
784_10,0.9987356
10417_7,0.9986749
2198_9,0.9988121
8219_8,0.9985896
6896_4,0.00581996
5341_7,0.99879336
2386_9,0.9979493
2323_8,0.05834584
9028_2,0.0012448432
6983_7,0.997285
9885_7,0.9986749
11720_1,0.0014550629
8409_3,0.0017274586
5797_7,0.9985896
7729_9,0.99879336
10591_10,0.99869555
9593_9,0.99879336
6364_4,0.0012255674
7215_3,0.0039454065
3653_2,0.0013670255
4533_8,0.684264
10899_8,0.99861145
8312_10,0.99877447
9543_10,0.9987551
5608_8,0.993807
1432_10,0.9984269
5562_9,0.9988305
12171_9,0.99687636
4428_10,0.9986749
2062_2,0.0013458604
8468_8,0.997917
827_8,0.9985896
11539_3,0.002019014
4215_3,0.0012843083
11310_3,0.0035936027
4525_1,0.001133569
2093_1,0.0010817152
11238_4,0.0040072887
5523_8,0.99877447
9848_9,0.9988121
10000_4,0.0012065897
10304_7,0.99884856
511_3,0.007121429
1807_7,0.99701905
9080_7,0.7013041
1808_9,0.9988305
6283_8,0.99856746
5913_1,0.0011160143
685_1,0.64400125
9505_8,0.034880888
7152_1,0.0012065897
11292_1,0.0020829707
8334_10,0.9987551
11476_1,0.0015011822
3431_10,0.9985896
4019_1,0.0013670255
7292_3,0.005641909
1990_7,0.9980732
1574_1,0.002019014
5516_8,0.9985896
4687_10,0.99832565
11493_2,0.0013045068
771_9,0.9985221
8864_1,0.0014325365
3001_7,0.99771273
423_2,0.0014550629
5062_7,0.31195062
5198_1,0.0013885231
7303_1,0.0011160143
7433_2,0.0012843083
3085_7,0.99879336
3293_9,0.99871576
12426_7,0.99837697
5775_3,0.0022872274
7358_1,0.0014325365
3851_2,0.002434382
4785_10,0.9962346
9650_4,0.0010649626
553_9,0.9978173
401_10,0.99877447
11522_8,0.99837697
5222_7,0.99635005
5042_7,0.99736834
2638_7,0.007815888
11883_10,0.9987356
11476_10,0.9984022
4999_10,0.99871576
10360_1,0.0033766124
3443_9,0.9986749
1138_1,0.9549844
1898_10,0.9987551
6069_3,0.0013670255
12101_2,0.0010484692
1953_10,0.39326853
8679_10,0.9987551
10348_10,0.99847525
2208_3,0.04304285
3886_8,0.99871576
3734_2,0.0030278352
1330_10,0.99477994
4639_3,0.0033244372
6837_7,0.9977482
6520_8,0.99886644
653_10,0.99847525
5373_1,0.057493284
8074_10,0.9984269
3906_8,0.9777139
9264_1,0.0017546144
2160_2,0.89947516
624_3,0.997285
3899_1,0.002673006
2181_7,0.0014550629
7932_4,0.708616
8278_1,0.0014325365
7162_9,0.99871576
185_4,0.0031726828
1997_8,0.9954615
7295_9,0.0025509126
1083_3,0.0014550629
4678_2,0.0014325365
4859_10,0.9939964
9091_8,0.99879336
397_3,0.001133569
11157_9,0.17384852
11261_10,0.99871576
10828_9,0.99869555
2452_7,0.99732697
10268_7,0.9987356
10306_1,0.0076956474
18_8,0.998884
7998_10,0.9983516
8574_10,0.9984988
2953_10,0.99884856
8996_9,0.99877447
7389_9,0.99879336
202_4,0.0017821962
5612_4,0.77321637
9916_8,0.028870907
7606_1,0.0013670255
1585_8,0.9930962
11803_2,0.001622967
236_10,0.9985896
7827_4,0.0023231625
5423_2,0.7318259
3625_1,0.003707253
9887_9,0.99877447
3429_8,0.99861145
372_2,0.0020829707
1228_4,0.0013458604
7891_10,0.9840936
4387_1,0.001016244
6067_1,0.001477943
7822_1,0.001867566
10898_2,0.0010987311
512_2,0.0013885231
647_9,0.001810211
5361_4,0.001648483
8583_4,0.001133569
2858_2,0.010169657
4920_10,0.9986749
6857_2,0.0048297215
925_2,0.0017007225
2959_3,0.1877276
11481_10,0.009125638
10824_1,0.9688562
1577_4,0.0015011822
2231_7,0.99701905
11545_3,0.0025909794
1539_2,0.0019877742
9657_4,0.0014103585
10362_7,0.9976769
11131_2,0.0016743994
9833_7,0.9986541
8495_10,0.99861145
11781_2,0.0019877742
1056_8,0.9986541
9402_1,0.0012843083
6212_1,0.0014550629
3151_1,0.0015978455
5921_3,0.010818449
2198_4,0.003707253
269_2,0.9582261
11464_8,0.9985221
30_4,0.004905406
5300_1,0.0011160143
2277_3,0.0013458604
10410_10,0.99854493
5233_1,0.0040072887
4336_10,0.012624948
3084_10,0.99854493
2908_8,0.9987551
2814_4,0.3413629
8347_10,0.99886644
2319_1,0.0016743994
16_1,0.0013885231
821_10,0.9988121
2793_10,0.99861145
9909_9,0.99847525
6934_3,0.2295352
9138_1,0.001264422
702_1,0.0012255674
3886_3,0.0014325365
8311_8,0.99871576
9199_1,0.001264422
1254_10,0.99871576
6590_7,0.9984988
3040_8,0.99856746
849_7,0.993807
7555_10,0.9988305
9668_3,0.011961098
10942_7,0.9863631
11343_2,0.002889581
7906_10,0.9986541
11671_10,0.9916842
126_4,0.013636835
9623_8,0.99886644
2872_3,0.0012448432
11895_10,0.9987551
3245_1,0.0015247865
6145_8,0.99871576
1022_10,0.99788433
6261_1,0.0044683837
6888_3,0.9190633
12443_1,0.0010817152
7433_10,0.99854493
6512_7,0.9981324
4161_9,0.99863297
6745_7,0.8250265
1993_10,0.9980732
6325_3,0.0029810332
12484_9,0.9984269
2204_10,0.99877447
8065_7,0.99298817
1705_7,0.994089
9370_1,0.0018386653
6150_1,0.0015978455
3587_10,0.99863297
1906_1,0.0011879054
5706_4,0.9984022
3854_9,0.99856746
9655_3,0.002673006
6736_2,0.0014550629
2096_9,0.95791227
2846_2,0.008577485
11849_1,0.0011160143
5224_1,0.0013458604
2987_8,0.99827254
11058_8,0.95759624
2917_3,0.0015731123
459_9,0.9986749
9418_7,0.99856746
5803_2,0.0021827165
6742_10,0.99869555
2268_4,0.049958523
6832_7,0.997917
4834_7,0.99845123
9532_1,0.0033766124
8197_8,0.99877447
7728_1,0.0019877742
1958_2,0.002434382
5380_8,0.99847525
4896_2,0.0012255674
9529_2,0.00093994394
3322_7,0.99837697
7629_4,0.0015978455
9962_4,0.9926542
9277_4,0.0019877742
1071_2,0.0012843083
8266_2,0.0029349516
6812_8,0.9977482
3196_7,0.99193794
3430_2,0.0027149855
6052_10,0.9988305
221_3,0.0013885231
3244_1,0.001810211
4846_1,0.0012065897
2876_7,0.97737074
4247_4,0.0013885231
11608_1,0.0020507437
564_4,0.004609572
1978_2,0.0027576222
4089_10,0.0038244836
1633_8,0.9985896
8983_4,0.00818791
10909_7,0.99861145
8135_8,0.005220126
12238_1,0.001133569
9564_3,0.0023596606
10174_9,0.99847525
1690_9,0.99869555
4756_8,0.9984022
10718_10,0.9987356
3489_7,0.4527476
2124_1,0.0012448432
3842_3,0.0015247865
2700_4,0.0011879054
5960_8,0.9988305
6193_1,0.0021489493
6719_7,0.9964619
7922_8,0.99586606
12132_8,0.99861145
10169_8,0.99869555
1486_4,0.0034834242
8455_1,0.0037654138
10019_1,0.0012448432
7028_10,0.99824536
787_9,0.9987551
2414_4,0.001622967
7182_7,0.9888419
5548_9,0.99361163
3963_7,0.9975656
1584_7,0.6867903
6825_3,0.0015978455
6588_3,0.0038244836
10573_3,0.05033063
6693_10,0.9987356
5541_7,0.9966756
12053_9,0.9986541
3662_9,0.9987551
6829_10,0.99884856
285_10,0.99877447
1270_4,0.004609572
4320_10,0.010986943
1333_3,0.0017007225
6618_1,0.9985221
10119_1,0.0017546144
2886_1,0.0012255674
8811_7,0.9985221
11087_9,0.9986749
3436_8,0.99856746
10479_10,0.9979493
8365_9,0.9988121
12140_8,0.9984269
6981_7,0.013121271
10447_2,0.0014325365
10352_1,0.0011695102
943_8,0.998884
513_1,0.002019014
11192_1,0.0062899017
587_3,0.0023231625
3420_10,0.5496406
10030_7,0.9736447
3026_10,0.99869555
3145_1,0.0067975316
2230_9,0.7272012
5193_1,0.0011160143
11337_8,0.99869555
3601_9,0.99879336
3628_10,0.9987356
4952_10,0.99837697
1775_10,0.99879336
8141_4,0.0014325365
572_3,0.0019877742
6732_3,0.002631674
4274_4,0.001477943
5892_3,0.0021157034
7035_10,0.99869555
5354_4,0.76242405
4264_4,0.0013250223
8151_9,0.9987551
376_2,0.002434382
5352_1,0.001264422
1365_8,0.997851
8272_10,0.9987356
6942_4,0.002631674
9067_4,0.9953181
11428_1,0.001622967
7308_3,0.94539934
8349_10,0.99871576
11336_4,0.99854493
551_9,0.9987356
4721_10,0.99879336
4862_1,0.004133968
5469_4,0.0016743994
3834_10,0.9987551
4717_10,0.9988305
4202_9,0.99879336
5335_4,0.96323055
7587_8,0.99861145
10827_4,0.004331502
3432_1,0.0011879054
6110_4,0.99845123
5618_7,0.97788346
11808_1,0.0012255674
9293_4,0.97344345
2163_8,0.9750122
4802_1,0.0022872274
5476_7,0.99877447
9991_1,0.0014550629
2681_10,0.9986541
11728_2,0.9879462
1466_8,0.99877447
4853_7,0.9985896
3668_9,0.9987356
5334_7,0.9985896
12017_8,0.9984988
2046_9,0.9985221
2652_7,0.99371004
2250_8,0.99863297
2253_1,0.0027149855
9733_10,0.9977482
3_4,0.98657167
6129_8,0.13432105
6858_3,0.0039454065
371_8,0.9219218
1111_3,0.0040072887
12330_1,0.0024726235
3219_1,0.0013885231
11372_9,0.9987356
1434_4,0.003538086
8232_7,0.99611557
7883_1,0.0011513996
9151_2,0.09842542
10574_3,0.0053018946
9376_8,0.9984988
7737_1,0.1229438
7410_8,0.99832565
10488_7,0.9961755
5906_10,0.9988305
5308_10,0.9987356
11266_2,0.001032231
7627_1,0.001810211
218_3,0.00096975197
9031_2,0.001648483
3427_10,0.9987356
8532_3,0.001133569
6588_9,0.9985896
9744_1,0.0014103585
3061_1,0.001867566
11668_9,0.9987356
9331_1,0.0020507437
238_9,0.9987551
10593_8,0.9964064
4441_9,0.99869555
3717_3,0.0011879054
5618_4,0.0027149855
4353_10,0.99856746
1268_2,0.002631674
5178_3,0.0014103585
2991_1,0.0023596606
9976_9,0.9987356
7891_1,0.0015487612
445_3,0.0015731123
11158_7,0.9985221
10328_1,0.0014325365
9137_9,0.9987356
7399_2,0.001264422
1187_7,0.99854493
10642_1,0.001264422
3939_3,0.0033244372
5310_9,0.9988121
2087_9,0.99879336
57_4,0.0023231625
4645_10,0.99832565
1734_4,0.01627746
8924_1,0.0011695102
4418_3,0.0011695102
9403_1,0.0010649626
12065_10,0.99879336
6763_3,0.10087862
3882_8,0.9985221
7286_3,0.004198795
9259_9,0.9987356
5134_3,0.0017274586
10166_4,0.9967269
8362_3,0.037608635
9701_4,0.3473157
4227_7,0.9982993
8483_10,0.9984022
6002_3,0.0011695102
5815_9,0.99879336
9385_10,0.9984022
11047_1,0.0014103585
6306_1,0.0019877742
9141_2,0.0010987311
4594_1,0.0014325365
10471_4,0.0059110695
48_9,0.9986749
8133_8,0.99863297
8493_1,0.0053018946
3425_8,0.998103
5731_9,0.9984269
4373_10,0.9984988
4366_10,0.97719735
6123_10,0.0075772414
1430_3,0.0012843083
508_7,0.47347462
11600_10,0.9987356
11767_8,0.99869555
1597_1,0.0011160143
7257_8,0.99863297
244_2,0.001264422
116_4,0.004609572
7856_10,0.9988305
7640_9,0.9986541
10956_8,0.99877447
11002_3,0.18242551
11666_10,0.99879336
7683_4,0.0032224844
10846_4,0.0010987311
1317_2,0.0011695102
5_7,0.10818895
8526_2,0.001477943
1526_7,0.9982993
3144_9,0.9987551
241_7,0.9987551
8953_1,0.0012065897
5919_8,0.998884
7983_4,0.0015731123
5222_2,0.0015247865
1662_1,0.0018969199
5830_10,0.9987551
859_1,0.0020829707
10761_8,0.0045384313
12037_7,0.99832565
2629_10,0.99879336
1019_10,0.9985896
11270_10,0.9966756
620_8,0.9983516
6718_10,0.0111580305
1402_8,0.9976404
6804_1,0.0018386653
11743_1,0.0012843083
3117_10,0.9982993
7441_9,0.99788433
4553_2,0.0015487612
5182_10,0.99884856
81_9,0.86838096
8343_10,0.9987356
2030_1,0.001264422
7866_7,0.9985896
11132_1,0.0015011822
879_3,0.0015487612
6547_10,0.99871576
11166_4,0.001622967
7427_1,0.0011695102
5848_4,0.03308598
10734_2,0.001264422
11263_10,0.9984269
9761_7,0.0057302467
7582_10,0.9986749
3849_1,0.0013458604
8242_10,0.99871576
309_10,0.9981614
5492_1,0.0021489493
4294_2,0.10706346
7222_7,0.9966234
3365_1,0.0011513996
11084_7,0.9987356
50_10,0.99869555
3234_1,0.002396731
10155_7,0.9914225
1181_1,0.0014550629
1505_3,0.001810211
11926_1,0.0013250223
12174_3,0.0019267346
4589_4,0.0013670255
12421_8,0.9987551
1079_8,0.9986541
4852_8,0.9982993
11753_8,0.99869555
11257_10,0.99886644
8270_1,0.0017274586
7690_3,0.0020507437
12354_8,0.23934935
11419_8,0.9985896
7587_4,0.97887486
818_9,0.86293024
10431_10,0.99871576
12056_4,0.98951083
7595_10,0.9985896
2601_1,0.0013250223
10022_10,0.9987551
4124_1,0.0025909794
11573_10,0.99871576
9868_1,0.0012255674
7093_1,0.0043994132
4993_3,0.0014550629
3192_8,0.99869555
8269_10,0.99837697
5767_10,0.9986749
8440_7,0.8204695
1038_10,0.99566853
525_9,0.99879336
689_3,0.0014550629
10989_1,0.0010005045
6166_4,0.0015011822
6452_10,0.99877447
3217_1,0.0010484692
11629_4,0.0014103585
4338_1,0.0011160143
2822_1,0.002019014
11252_7,0.03308598
11097_9,0.9988121
7124_10,0.99869555
261_3,0.0013670255
7828_10,0.9986749
9030_7,0.111627996
9723_2,0.001264422
6924_9,0.99877447
11945_4,0.987375
11811_2,0.0019877742
3115_8,0.9984269
4381_9,0.9984022
676_1,0.36772424
8002_9,0.9985221
9209_3,0.99657035
1677_10,0.99854493
7094_7,0.99877447
12193_8,0.99856746
1227_7,0.9974885
9186_10,0.99854493
6117_1,0.0015011822
8621_2,0.99580115
9729_1,0.001648483
12239_7,0.005384938
2465_2,0.0015978455
4360_10,0.9988121
10538_1,0.0010987311
3439_4,0.6064984
256_10,0.99827254
7114_1,0.0025509126
3206_3,0.046378206
229_10,0.97262347
7501_3,0.0024726235
3639_1,0.99014014
9751_9,0.99879336
8277_3,0.0012448432
5276_4,0.0035936027
1804_8,0.99854493
8497_1,0.0016743994
7742_1,0.001477943
9755_7,0.9635062
8429_8,0.99861145
769_3,0.9390248
7452_10,0.9984022
1004_4,0.0015487612
6393_10,0.9984022
7457_1,0.0021827165
8182_10,0.9988121
11589_9,0.99863297
4718_8,0.9953904
5315_10,0.9988121
9927_3,0.0018386653
6391_1,0.0015011822
532_3,0.0022170132
10544_10,0.99856746
3576_4,0.0021157034
5420_4,0.0048297215
7140_10,0.9987551
11018_4,0.0015978455
7443_8,0.99854493
7399_9,0.99847525
12129_10,0.99861145
6876_3,0.05921025
9227_1,0.73028994
4983_1,0.0020507437
2502_1,0.0021157034
2584_9,0.9989183
5637_2,0.0019570168
6497_10,0.9987551
8464_2,0.0014103585
2070_10,0.5279859
4574_3,0.0016743994
1642_10,0.99847525
356_9,0.99863297
8052_4,0.99845123
2457_10,0.99879336
6322_4,0.0011695102
2218_10,0.99869555
10669_7,0.9986749
5296_2,0.0014550629
1118_1,0.001810211
8588_1,0.0014550629
12348_10,0.9987551
7990_9,0.99804294
819_7,0.0030278352
10552_7,0.2786492
9126_4,0.0019877742
11190_9,0.5842712
6696_2,0.0012065897
4906_10,0.99863297
6809_4,0.99611557
10032_1,0.005641909
2694_10,0.9988121
6411_8,0.9986749
11967_9,0.9964619
10190_1,0.0029810332
316_1,0.0015978455
5644_9,0.34202188
12083_10,0.9986749
9280_3,0.0051396107
11735_2,0.006903838
5219_1,0.0017821962
6810_3,0.0015731123
7817_2,0.001133569
6753_9,0.010986943
16_8,0.9984988
3908_1,0.001477943
11502_10,0.9988121
523_1,0.0011513996
11213_10,0.99869555
5058_8,0.99861145
3290_1,0.0022170132
2954_4,0.016529558
7148_1,0.024053553
4455_7,0.9785493
1873_7,0.9981324
4796_2,0.002434382
6317_3,0.007011795
11153_10,0.9988121
3319_1,0.0013250223
1247_9,0.9987551
9119_1,0.0013045068
7904_10,0.9983516
4892_1,0.0014325365
4608_8,0.99740905
4756_4,0.0017821962
230_1,0.006692851
6730_1,0.0027149855
6639_8,0.99719906
1726_1,0.0021157034
4540_2,0.0013458604
1898_1,0.0012255674
877_1,0.0015487612
10416_9,0.9987356
1359_2,0.064653486
8886_1,0.0013885231
553_1,0.0013250223
5252_10,0.99863297
8808_9,0.9985221
8792_10,0.9987551
11723_10,0.99877447
6977_9,0.042403832
5050_2,0.001133569
6413_8,0.9988121
9880_8,0.99861145
5827_10,0.99871576
5271_10,0.99869555
12231_2,0.0024726235
9913_1,0.0015487612
3058_10,0.9987551
1278_10,0.9898303
4923_9,0.9986749
4662_1,0.001264422
10857_2,0.0032224844
5033_7,0.9964619
7681_10,0.99869555
8916_3,0.0013885231
10603_3,0.0017546144
8940_3,0.97788346
2381_1,0.012920473
9188_8,0.99837697
5290_8,0.99242276
6746_1,0.46897304
1001_10,0.99861145
1190_1,0.0022518474
1858_1,0.0012255674
5645_10,0.9987551
3021_9,0.9988121
9801_2,0.9686196
2498_4,0.0017007225
7972_10,0.9988121
1200_1,0.0016743994
9626_4,0.98571813
11750_10,0.9984988
9571_10,0.9985221
11593_10,0.9987356
4432_10,0.99854493
10324_1,0.0030753699
9123_10,0.99390244
10155_1,0.0013670255
12237_10,0.99861145
2828_2,0.011508149
6375_4,0.004070138
8264_10,0.99871576
6131_7,0.9967269
2950_10,0.99869555
3584_1,0.0013250223
3077_9,0.99871576
8867_10,0.99877447
4189_9,0.9988305
2297_9,0.9985221
3607_8,0.99863297
339_10,0.9986541
6450_10,0.99863297
8537_9,0.997917
5663_10,0.9986749
7179_10,0.9986541
1929_10,0.9851576
7363_10,0.99845123
7073_10,0.9986541
8472_10,0.9987356
2397_4,0.0048297215
5710_3,0.0021827165
12429_1,0.0013045068
4841_9,0.7866228
5819_2,0.001867566
7112_8,0.9980732
1087_10,0.9988305
10766_8,0.9981614
10675_8,0.9339146
11953_3,0.0027149855
1927_9,0.99861145
10455_9,0.29380956
451_8,0.99863297
10796_8,0.98159516
5288_7,0.9986749
4368_2,0.0013045068
10456_10,0.99877447
9981_1,0.0014550629
11403_1,0.0013045068
5219_7,0.99788433
11929_4,0.06512755
5481_10,0.998884
3829_4,0.0015247865
11367_4,0.0025114634
8154_10,0.9987356
2754_2,0.0013670255
2299_10,0.9987356
8868_1,0.0011513996
4566_10,0.9984988
6688_1,0.0017821962
2666_4,0.0013885231
11892_10,0.9988121
2667_10,0.9603612
9244_9,0.99869555
12498_7,0.030675802
3493_9,0.99580115
7565_10,0.99879336
2916_7,0.9986541
12473_8,0.87536144
3142_9,0.99861145
3289_10,0.99879336
11159_10,0.99871576
8428_2,0.0013670255
4152_8,0.9981614
10754_8,0.9987551
11718_1,0.0013250223
5408_1,0.0013458604
5686_8,0.9986749
7479_8,0.99856746
5160_10,0.9983516
3138_1,0.0023231625
10343_9,0.9987356
9524_3,0.011508149
7794_1,0.0014103585
5433_1,0.002673006
3380_8,0.99861145
7222_3,0.0015978455
1751_4,0.99824536
3914_10,0.9124362
8022_3,0.0013045068
3975_4,0.0021157034
8177_1,0.0014325365
5670_1,0.0012255674
203_10,0.99861145
4315_2,0.004070138
8296_8,0.9872773
971_10,0.99877447
12018_1,0.0013250223
3714_9,0.99886644
4342_2,0.004609572
4965_3,0.0012065897
5126_8,0.99884856
10686_3,0.30197924
7290_10,0.99879336
8474_8,0.9987551
7633_2,0.0022872274
2226_10,0.98646784
1436_9,0.4736572
813_10,0.99879336
11865_7,0.997981
4937_9,0.99879336
4613_9,0.0433658
8129_9,0.99818975
2376_4,0.0038844768
6861_1,0.0010649626
9104_2,0.0022170132
10590_3,0.0011695102
11021_4,0.003707253
9480_10,0.9981324
12212_10,0.99845123
11766_7,0.99879336
5356_7,0.99847525
9572_7,0.99879336
3264_8,0.99869555
11794_1,0.0014325365
11739_2,0.96210754
731_8,0.99863297
6278_9,0.997851
625_10,0.9988121
7252_2,0.0012255674
5171_10,0.99854493
9149_3,0.0013045068
10780_3,0.0028009268
1568_9,0.99879336
7291_9,0.9987551
2288_8,0.9987356
3126_9,0.9974885
3352_7,0.99856746
9455_1,0.001264422
1709_7,0.99818975
9309_2,0.001016244
994_3,0.0023231625
4173_10,0.99605453
113_3,0.001477943
10472_10,0.99687636
7193_1,0.001133569
9978_3,0.0013670255
783_8,0.99869555
7585_10,0.99871576
2135_9,0.966156
10887_10,0.9982993
4075_2,0.001622967
10521_2,0.0021827165
844_1,0.0013458604
6691_3,0.0013885231
3879_4,0.0036499873
3511_1,0.0012065897
332_1,0.0022518474
7398_4,0.0022518474
1845_1,0.0022170132
3890_3,0.0029349516
3781_9,0.9985896
3723_1,0.0013458604
2908_1,0.001016244
7625_3,0.0014325365
6310_10,0.99869555
9432_4,0.99863297
1820_10,0.99871576
6809_8,0.9984988
9911_1,0.0010987311
12001_8,0.9986541
7266_7,0.9987551
263_10,0.99869555
2109_3,0.004331502
7293_4,0.9863631
8874_8,0.99879336
2143_4,0.99877447
4307_9,0.99869555
4176_1,0.0013458604
8369_3,0.74539834
12317_1,0.001622967
1687_4,0.0014550629
12082_1,0.0025909794
3396_10,0.9986749
9129_9,0.9984988
10090_10,0.9987551
11841_1,0.0022170132
12447_4,0.0012448432
11624_10,0.99871576
8624_10,0.9656413
9290_1,0.0023596606
1108_8,0.056652423
4300_10,0.9987551
2553_4,0.0019267346
10550_8,0.9877587
8884_10,0.0044683837
6760_2,0.0014550629
1177_3,0.1999321
9939_2,0.99701905
2100_7,0.99854493
9677_1,0.0047552
2511_4,0.0022872274
4115_8,0.99879336
437_9,0.9974491
6698_10,0.9984269
11049_9,0.99863297
10168_4,0.0015011822
8071_8,0.9980122
12474_4,0.9978173
3775_10,0.99879336
7478_10,0.99879336
4312_8,0.9930962
3105_7,0.9982993
640_9,0.99869555
6891_1,0.001133569
1849_10,0.9985896
8528_7,0.9942697
9032_4,0.6111499
11743_9,0.99871576
2813_10,0.99837697
846_2,0.0040072887
3695_4,0.99629277
5972_3,0.0012448432
4831_1,0.0012448432
11826_1,0.0014103585
7684_10,0.99861145
7042_8,0.9986541
10247_10,0.99884856
6766_8,0.9983516
2091_2,0.018689308
5108_2,0.002434382
10644_1,0.004609572
5955_2,0.002019014
9451_10,0.9987356
11518_10,0.3231665
3871_1,0.0019570168
5013_1,0.0010987311
5056_4,0.012241275
3688_1,0.0010649626
2325_2,0.0032224844
6330_4,0.0014325365
8783_1,0.0017821962
3848_3,0.002019014
5901_10,0.9984988
10947_3,0.0022170132
4590_10,0.99871576
4337_10,0.0038244836
11029_3,0.0013250223
10980_3,0.009125638
165_7,0.99155444
474_8,0.9986749
3175_8,0.99856746
11764_1,0.0011513996
2164_7,0.9977482
8891_8,0.9988121
8294_9,0.99871576
6602_7,0.0028009268
8187_8,0.99847525
2609_2,0.001622967
6506_8,0.99877447
2207_1,0.0013458604
2467_9,0.99886644
7440_1,0.0027576222
6417_8,0.0973904
12278_7,0.99871576
4495_3,0.008445628
8223_10,0.9987551
3659_4,0.23722236
1120_3,0.001622967
9713_3,0.006003596
808_10,0.9987356
11164_10,0.9986749
3536_10,0.99856746
10930_1,0.001133569
6868_4,0.0011695102
2248_1,0.0014325365
3624_4,0.00581996
1442_1,0.0013458604
10167_4,0.001622967
10645_10,0.8749346
4414_1,0.27474037
6409_2,0.0013250223
10486_1,0.001264422
2983_7,0.9986541
4985_4,0.0018969199
3566_9,0.99879336
8340_4,0.9572778
10246_9,0.99788433
7380_1,0.9353465
12381_3,0.044680875
11723_4,0.0013045068
7478_1,0.0017821962
900_9,0.9986749
3364_2,0.0022518474
6570_1,0.0019877742
9309_8,0.99854493
6044_1,0.001477943
9261_2,0.0013458604
5690_8,0.997285
5326_2,0.0013045068
11179_10,0.9985221
8908_1,0.0013250223
10224_9,0.9986541
7318_10,0.99877447
11098_8,0.9933072
10120_1,0.0014103585
4561_2,0.0057302467
4409_3,0.0034296038
4301_9,0.0013045068
9254_3,0.0020507437
10717_9,0.99869555
10619_2,0.04115289
5924_1,0.0022170132
11657_10,0.99832565
6373_4,0.0014103585
10469_10,0.9986749
5531_9,0.016029146
1089_10,0.99818975
5082_10,0.9988121
4267_1,0.0012448432
3006_10,0.99856746
9318_3,0.0013458604
11877_1,0.001622967
7274_1,0.0017007225
12450_7,0.99845123
148_9,0.684264
10353_10,0.025957355
1368_8,0.15152934
9408_7,0.9979493
5739_7,0.997917
7036_10,0.9987356
11554_2,0.0022518474
4601_9,0.99877447
10376_3,0.9728308
2486_8,0.9987356
5745_4,0.002434382
873_3,0.0024726235
7009_1,0.001477943
542_7,0.99886644
12008_8,0.99871576
8040_8,0.9986541
4048_2,0.0014325365
4895_10,0.99863297
11789_9,0.9985896
5084_7,0.9977482
9207_10,0.99861145
923_4,0.0016743994
106_3,0.10158945
1125_1,0.001264422
839_10,0.9984022
5285_10,0.9985896
7444_7,0.99724233
1566_8,0.9988121
3285_1,0.0017546144
6203_2,0.001648483
11147_3,0.0038244836
11152_3,0.0011160143
3335_9,0.99877447
6689_1,0.001133569
6557_7,0.9987551
3362_10,0.9987356
101_3,0.014281935
10692_4,0.0014103585
4462_7,0.99832565
265_1,0.0013458604
1369_3,0.010818449
9112_10,0.99871576
7870_1,0.0013670255
6102_10,0.99854493
3973_10,0.99837697
8232_1,0.0013250223
3177_10,0.9986541
11598_10,0.0063883206
882_2,0.40192252
5660_10,0.9962346
1685_10,0.9987356
2064_1,0.0013045068
2296_9,0.99861145
3648_10,0.9967775
5486_4,0.0011513996
2496_8,0.99856746
9579_10,0.9962346
10776_10,0.9987551
5889_10,0.9918121
8292_1,0.001810211
10547_3,0.0015247865
10415_7,0.9984269
10741_1,0.0014103585
10196_1,0.0013250223
12155_2,0.0010005045
2224_3,0.0012448432
10356_7,0.9928786
7202_1,0.0012448432
11973_10,0.99788433
1792_8,0.9980122
7894_9,0.9988305
11413_1,0.0065897712
10596_10,0.99861145
2462_2,0.4947512
9451_1,0.0011879054
2895_1,0.0011879054
2513_4,0.0017821962
11950_7,0.105948284
10566_9,0.9984988
2209_4,0.99351174
9292_4,0.003707253
5575_8,0.99856746
1688_4,0.0018969199
440_8,0.9984022
6324_10,0.99877447
8296_2,0.0015978455
9460_1,0.0017821962
3992_8,0.99869555
11425_10,0.9987356
147_4,0.014172365
2897_4,0.8101787
6214_4,0.0028009268
11157_4,0.001622967
4204_8,0.9988121
7255_2,0.0057302467
8435_1,0.0027576222
11354_2,0.0013250223
2136_9,0.99740905
295_1,0.0063883206
335_10,0.99879336
8791_4,0.0028009268
2817_1,0.0012255674
1629_8,0.99818975
6826_3,0.0012065897
5550_8,0.9987356
3572_10,0.9987551
4543_10,0.9985221
2789_1,0.0015487612
12288_7,0.9984022
9769_9,0.99879336
1257_1,0.002673006
6180_10,0.99879336
8881_8,0.9987551
7075_10,0.9988305
10254_1,0.001648483
12214_10,0.9984022
829_10,0.9985896
5633_8,0.9985896
6202_7,0.18892181
4843_10,0.9986541
7564_8,0.99861145
3539_4,0.04208773
9634_9,0.9986749
7578_9,0.99879336
6642_9,0.9988305
3438_8,0.9957353
11407_4,0.0024726235
9891_1,0.0012448432
3875_4,0.0017546144
6447_2,0.001810211
5027_8,0.9986541
11415_7,0.99821776
7762_9,0.0018386653
7263_10,0.9987356
6556_1,0.031143833
5491_10,0.9988121
3418_8,0.9983516
4137_1,0.0015731123
5519_7,0.99871576
3435_9,0.99879336
10199_10,0.99869555
5212_4,0.26932558
11891_10,0.9988305
4989_7,0.0030753699
2883_3,0.0013250223
9154_2,0.81640637
8384_10,0.997851
4082_10,0.99863297
4334_2,0.0015978455
5652_10,0.99869555
4544_2,0.0018386653
4987_8,0.9986749
9648_3,0.0015011822
10755_4,0.054198727
4386_1,0.001264422
4619_4,0.0027149855
5860_7,0.99845123
11492_1,0.001810211
2126_9,0.9986541
8355_7,0.99845123
6560_10,0.9985896
4026_9,0.99879336
4019_7,0.99687636
455_10,0.99877447
6637_1,0.9971551
7490_3,0.0033766124
10533_10,0.99832565
7417_7,0.99804294
3392_2,0.0018969199
460_1,0.09203287
5364_10,0.99877447
234_7,0.99879336
709_4,0.0027576222
2753_9,0.99871576
9434_10,0.99824536
2835_7,0.99884856
6849_1,0.0023596606
11186_3,0.001264422
10902_8,0.9987551
2617_2,0.0012255674
7423_9,0.9926542
4699_1,0.0031726828
12312_10,0.99856746
6185_4,0.0024726235
3742_3,0.0010484692
1314_8,0.9984988
7985_1,0.99469805
3669_4,0.001622967
2791_8,0.9985221
2295_8,0.9988121
12111_1,0.0015978455
11827_10,0.9988121
10191_1,0.0027149855
5264_2,0.07585818
11002_8,0.9988121
12423_2,0.0018969199
3551_7,0.997851
10804_3,0.9959299
3670_4,0.0015978455
8408_10,0.99869555
1307_10,0.9985221
10906_10,0.9985896
4039_2,0.0011879054
1010_9,0.99871576
8764_1,0.004681822
10894_10,0.99869555
1249_1,0.0011879054
1844_9,0.99869555
3252_9,0.9988121
12272_1,0.0030278352
5599_10,0.9987551
6265_8,0.99879336
4497_4,0.0027149855
3925_2,0.0011695102
7935_9,0.9984988
12146_1,0.0012255674
2345_3,0.0023596606
11171_10,0.99877447
6726_1,0.0010649626
11129_9,0.98934746
616_10,0.9987551
11349_3,0.0014103585
2485_10,0.9985221
3212_4,0.0019570168
5578_10,0.99871576
2252_9,0.99879336
11643_3,0.001648483
12081_4,0.0023596606
4104_10,0.99877447
4504_7,0.99845123
6354_10,0.9984988
12118_8,0.9988305
9680_10,0.9875683
7173_10,0.99877447
1965_3,0.0017007225
2674_7,0.6955449
1425_1,0.0015731123
4017_8,0.99879336
3835_2,0.99732697
1335_4,0.021287354
627_1,0.0017274586
8330_3,0.99760324
8907_1,0.0015247865
11801_10,0.99877447
3231_1,0.0013045068
860_4,0.0018386653
2902_8,0.9989183
11550_4,0.9914225
4944_10,0.99856746
10190_10,0.009708476
4090_3,0.0011160143
3863_1,0.001016244
3904_9,0.99879336
917_4,0.0029810332
5540_2,0.0015011822
9183_7,0.9974885
2570_4,0.0013885231
11868_1,0.001867566
7438_3,0.01065251
10484_2,0.0013250223
1988_8,0.9988305
46_2,0.0023596606
6624_4,0.0015011822
4666_7,0.99128854
11479_4,0.0015978455
308_1,0.0010817152
5400_9,0.9984022
5258_1,0.0010987311
432_3,0.001477943
7245_1,0.0012448432
7082_1,0.0018969199
9698_10,0.99687636
1085_9,0.99854493
9999_10,0.9986541
4235_7,0.99580115
11603_10,0.99824536
4457_3,0.014842417
5022_8,0.9986541
12278_3,0.0053018946
12076_2,0.001477943
7239_4,0.0025509126
4691_10,0.99877447
9820_2,0.0063883206
5932_1,0.71780384
10265_9,0.99847525
9247_2,0.0014103585
4581_3,0.007815888
11060_7,0.99827254
10349_2,0.0019570168
9821_3,0.0020507437
3375_7,0.9956006
5515_10,0.9985221
3921_8,0.9974885
6671_8,0.99871576
7051_7,0.9985221
743_7,0.99736834
8230_3,0.0094125895
11203_2,0.0018969199
11616_1,0.0013045068
8033_9,0.9987356
1472_10,0.9984988
1932_3,0.0012448432
6827_2,0.0010987311
6912_4,0.0015978455
12024_1,0.0012255674
10625_1,0.001622967
9528_10,0.9986749
6663_3,0.0012065897
10727_1,0.0030278352
6646_10,0.9988121
7632_7,0.99856746
8518_2,0.0015487612
6398_9,0.9985896
488_8,0.9988305
4133_1,0.001867566
4128_10,0.9987356
5883_10,0.99845123
10240_1,0.001133569
8791_8,0.9987551
10917_8,0.99879336
9097_10,0.9987356
8438_1,0.0011695102
7536_1,0.00581996
7542_3,0.0031236487
3928_7,0.9975656
12477_2,0.0028449094
9157_3,0.0013045068
2694_2,0.99861145
3632_3,0.007937994
7169_10,0.998884
6931_7,0.007815888
11474_10,0.99879336
2252_1,0.0011879054
1261_7,0.011508149
523_9,0.97838473
12233_2,0.0013885231
4731_9,0.9988121
12376_10,0.9961755
11834_4,0.004681822
7063_9,0.997065
5289_1,0.0016743994
9632_3,0.004681822
11086_1,0.0013458604
8224_10,0.99871576
8013_3,0.9730365
8003_3,0.0011879054
2281_8,0.99854493
4643_7,0.99861145
7942_3,0.0021827165
11067_2,0.001622967
5577_1,0.0012448432
5796_1,0.0012255674
11514_1,0.0013458604
1867_1,0.002396731
4804_2,0.0015978455
4547_1,0.0012843083
6391_7,0.98866826
6260_9,0.99877447
5355_10,0.8025555
12358_4,0.0059110695
860_7,0.99869555
3768_1,0.99711037
8742_3,0.9966234
10786_4,0.0012065897
5337_3,0.001622967
11260_10,0.99854493
7364_1,0.0015247865
4434_2,0.001810211
10604_8,0.9986541
9587_7,0.0075772414
738_1,0.09670579
3757_8,0.9987551
6970_10,0.9987356
6194_1,0.0012448432
4559_10,0.3451053
2334_3,0.002396731
10636_3,0.0031726828
4192_1,0.0013045068
1579_4,0.7498207
7168_10,0.9988121
3789_9,0.9967269
5617_7,0.9986749
5757_8,0.9980122
1431_7,0.002434382
6130_4,0.0076956474
12092_3,0.0031236487
7918_3,0.0030753699
5386_10,0.3431216
2794_9,0.99635005
2394_2,0.001622967
10690_7,0.99869555
6406_4,0.0027149855
12288_2,0.002396731
7405_4,0.26208568
6153_10,0.0021157034
5577_9,0.99869555
1462_1,0.001477943
7732_9,0.9982993
9046_10,0.9986749
11086_8,0.99847525
1426_7,0.9988121
12174_10,0.99861145
5537_1,0.0010484692
11746_1,0.0013670255
12203_10,0.99869555
11585_7,0.99856746
9765_1,0.001622967
6295_8,0.9987551
3991_4,0.0032730647
11134_10,0.9986541
12379_7,0.9849274
7316_2,0.001133569
6955_4,0.0014550629
8092_7,0.99879336
9788_1,0.0013250223
9494_1,0.0011160143
721_10,0.99877447
1250_9,0.99861145
3204_2,0.0075772414
6539_9,0.99869555
7944_1,0.0011513996
8632_8,0.9987356
2787_10,0.9985896
11497_1,0.0017274586
8577_9,0.99879336
2717_8,0.9980122
3251_8,0.99877447
11714_7,0.99824536
3868_7,0.99871576
7394_1,0.0030753699
481_7,0.9686196
5237_2,0.0019267346
11148_9,0.99818975
11946_7,0.99847525
7301_1,0.0013045068
384_9,0.9983516
8535_2,0.0012255674
8067_8,0.9988121
8452_2,0.0014103585
7361_1,0.0012843083
4017_3,0.0013670255
6304_9,0.99863297
7326_10,0.99877447
399_1,0.0011879054
9003_1,0.0014550629
11314_8,0.006903838
4909_10,0.99871576
10463_10,0.9988121
7355_2,0.004070138
3553_2,0.9334308
4404_10,0.9987551
9304_1,0.0018969199
7903_1,0.001133569
4429_3,0.0033766124
6287_7,0.99863297
10461_1,0.0012843083
668_10,0.012527932
7560_10,0.9987551
2785_1,0.0013250223
2801_10,0.99884856
4318_9,0.99877447
244_9,0.99877447
12435_2,0.0017007225
2788_9,0.9987551
2537_7,0.96538115
928_1,0.0013458604
3312_7,0.9988305
12147_10,0.99879336
5414_9,0.99824536
9871_1,0.001477943
1308_8,0.9988305
7668_1,0.0012065897
5571_10,0.99869555
2052_10,0.99863297
7089_9,0.9985221
6411_2,0.0022518474
8514_1,0.0014325365
5921_10,0.99879336
3264_1,0.0011513996
319_1,0.0038844768
3433_10,0.9988305
1610_8,0.99871576
8002_3,0.001264422
8099_9,0.9559813
5418_1,0.0011513996
6247_3,0.013532149
5153_8,0.7053793
12201_1,0.0015487612
8900_1,0.0010484692
10908_2,0.0028009268
598_1,0.0021827165
10590_9,0.99014014
6706_10,0.99879336
12299_9,0.99877447
2159_7,0.99687636
186_1,0.0013458604
3008_8,0.9984269
831_7,0.99877447
2717_3,0.0020507437
5174_10,0.9986541
3088_3,0.0011695102
6262_8,0.9981324
12303_1,0.0019877742
9904_8,0.99879336
10097_10,0.99871576
6242_8,0.9987551
9653_10,0.99879336
12499_1,0.0017274586
894_1,0.5402569
8935_7,0.9984988
3184_2,0.0019877742
2226_4,0.0020829707
592_10,0.99879336
2173_8,0.9988305
10967_2,0.0014103585
3332_3,0.9219218
1074_2,0.0015978455
2396_4,0.0013250223
2627_4,0.9976769
5982_9,0.9986749
1386_1,0.0019570168
7325_4,0.9953904
112_2,0.0020507437
8856_10,0.99827254
1948_1,0.0015487612
5791_4,0.74871993
1007_9,0.9987551
3758_3,0.0015247865
6455_2,0.0014325365
6464_9,0.9988121
5403_10,0.99879336
7076_10,0.99877447
6123_3,0.0013885231
2832_7,0.99884856
9287_10,0.99886644
3665_10,0.99827254
4488_4,0.0022518474
5861_1,0.0013250223
2222_10,0.9986749
9608_1,0.0015487612
6225_4,0.0017007225
5643_3,0.0015247865
8720_7,0.98998636
4955_7,0.99845123
6839_1,0.0014550629
7396_1,0.0017274586
6234_8,0.9959927
10423_1,0.0015011822
2158_1,0.0012448432
6929_8,0.9985221
7593_3,0.01395571
636_1,0.0009850082
2747_7,0.9969246
7398_10,0.9985221
6852_4,0.0018969199
9938_3,0.0015978455
3989_3,0.99371004
1104_9,0.9968273
5897_3,0.0029349516
5254_3,0.0011695102
4824_1,0.0038244836
10945_8,0.9927672
11486_8,0.99871576
2542_1,0.001477943
1824_10,0.9986749
10181_2,0.0019267346
2492_9,0.99879336
8111_1,0.001648483
5844_9,0.9988121
1369_7,0.0023596606
10775_4,0.0025909794
9617_9,0.99854493
4709_1,0.0015731123
7043_2,0.001810211
5166_10,0.9986541
1604_8,0.99884856
8576_8,0.9988121
1916_7,0.97520185
10286_10,0.99611557
10241_1,0.0017274586
12441_9,0.9985221
4529_1,0.0013885231
1553_3,0.0018969199
3985_4,0.4153731
5542_8,0.99856746
10857_9,0.99861145
7600_1,0.0013670255
12095_9,0.99635005
3134_10,0.99877447
9472_3,0.007232764
1058_10,0.99877447
7328_9,0.99869555
3865_3,0.0030278352
7409_3,0.0017546144
4795_1,0.0013885231
11596_10,0.99847525
3758_8,0.0335895
5099_4,0.0025114634
7707_10,0.99863297
1412_3,0.0034834242
4720_10,0.99879336
978_7,0.99871576
6165_8,0.9989183
1307_1,0.0012065897
2322_7,0.11920291
5328_10,0.9986541
11934_8,0.99871576
1940_3,0.24508502
6270_10,0.001810211
5262_8,0.9988305
4068_9,0.9987551
1208_3,0.993807
10220_3,0.0015978455
5091_1,0.0010005045
2738_1,0.0012255674
8909_3,0.0027149855
932_2,0.9546474
863_10,0.99827254
454_1,0.0057302467
10525_4,0.0015978455
175_4,0.00619299
4551_1,0.0021489493
5666_1,0.0013885231
4324_10,0.9985896
8189_1,0.0015487612
12064_10,0.99635005
8622_10,0.9983516
1115_9,0.99629277
9593_1,0.0021157034
5579_10,0.9987356
3467_1,0.016152835
11409_1,0.001477943
8682_1,0.0010005045
7866_1,0.0023231625
6111_8,0.06008665
524_9,0.9986749
9837_7,0.99871576
2215_1,0.0023231625
6840_10,0.9986749
7384_8,0.9986749
6353_7,0.9987551
8650_3,0.0076956474
1890_10,0.99854493
10402_8,0.99804294
3770_4,0.0017007225
3086_1,0.0011695102
1487_3,0.0015247865
2995_10,0.99879336
2356_7,0.95565146
5320_10,0.99818975
3235_1,0.0014325365
6802_1,0.0017546144
11329_9,0.008847355
1143_8,0.9967775
5768_3,0.611614
8004_1,0.0022170132
5453_3,0.001810211
11288_10,0.01048909
3278_10,0.99869555
11856_7,0.9967269
12057_10,0.99861145
1825_4,0.0022518474
3319_10,0.9986749
5956_7,0.99884856
4875_10,0.9982993
562_1,0.001477943
11359_8,0.99847525
12454_10,0.01507263
10621_2,0.0013250223
10407_2,0.0017007225
3532_2,0.0014550629
10162_4,0.9939964
7084_4,0.9666631
167_10,0.9984022
3362_1,0.027169231
6370_10,0.99886644
2281_3,0.93991333
10454_1,0.0013045068
12387_8,0.9979493
8375_8,0.983597
9656_3,0.0045384313
9387_1,0.0019267346
4907_1,0.0010817152
4697_9,0.99877447
4217_1,0.0013458604
8860_10,0.9916842
7312_3,0.01107216
9326_10,0.9986541
3785_8,0.98951083
2255_1,0.0022872274
9950_3,0.40785658
558_2,0.0011160143
413_8,0.99854493
7837_9,0.9985896
9192_1,0.0011160143
7_1,0.0013250223
9674_1,0.0013885231
9771_4,0.0030753699
3331_10,0.99854493
11444_8,0.019719128
3009_7,0.99863297
5584_1,0.0011879054
12044_10,0.9986541
5952_9,0.99861145
4989_2,0.0011513996
5722_3,0.0017007225
6207_4,0.11240509
7646_1,0.0013670255
1811_3,0.0012843083
1197_3,0.0022518474
709_9,0.9986749
8554_9,0.9933072
1706_9,0.9969722
10060_10,0.9986749
6818_1,0.0028009268
7255_9,0.9983516
3790_7,0.9985896
7833_9,0.0034296038
7448_4,0.0020507437
3456_1,0.0012065897
3881_3,0.0017274586
11049_1,0.0013458604
1269_1,0.0017546144
7803_10,0.9987356
1413_9,0.9405718
1289_8,0.9988121
3967_9,0.99847525
7533_10,0.9988121
5372_8,0.9965166
1518_1,0.001648483
10752_3,0.002019014
4863_3,0.001477943
699_1,0.0012448432
11537_3,0.00498227
9241_7,0.9987551
876_3,0.018978037
11234_4,0.7472472
5942_4,0.9032942
1778_10,0.27202454
2631_9,0.5053709
7425_9,0.99879336
3410_10,0.99854493
9155_10,0.9984269
4396_10,0.99871576
8894_7,0.99871576
6034_10,0.07316472
12105_1,0.0013885231
11645_7,0.9985221
1821_4,0.007232764
9028_7,0.99832565
4670_7,0.99871576
4720_3,0.0010649626
10001_1,0.0012255674
8363_2,0.0013250223
5681_9,0.99861145
8165_10,0.99884856
11961_2,0.0014103585
406_1,0.0013670255
8313_1,0.0012843083
11945_7,0.983597
9454_9,0.99832565
9523_10,0.99854493
10516_10,0.99845123
6036_3,0.001477943
5046_1,0.0015487612
9019_9,0.9981324
5471_10,0.9985896
11862_7,0.0025114634
651_1,0.99242276
3131_9,0.99869555
9912_1,0.0014325365
6231_2,0.003538086
5523_2,0.02931223
1817_1,0.0018386653
8880_7,0.9985896
6080_4,0.0012448432
9940_1,0.99871576
3409_4,0.99804294
3713_4,0.011419616
3447_3,0.002631674
3460_8,0.9988121
9397_10,0.9980122
5528_8,0.9980122
7658_10,0.99854493
5893_10,0.9988121
1646_1,0.0015487612
9620_7,0.008985428
66_3,0.9951703
1691_10,0.9984988
4311_7,0.9943581
12091_1,0.0015247865
5391_1,0.0014325365
576_4,0.0017546144
4734_9,0.9777139
6008_10,0.99871576
8527_7,0.994615
6048_10,0.008577485
5102_10,0.99877447
6794_10,0.9987356
3473_3,0.0015487612
2025_9,0.9988305
9728_2,0.0027149855
10704_10,0.99635005
9094_4,0.9962346
7838_9,0.99877447
5779_1,0.0013885231
5342_4,0.30321574
9291_10,0.99871576
7028_2,0.0013458604
1331_9,0.99553156
9913_8,0.99869555
10250_10,0.9987551
9227_8,0.99863297
6278_4,0.0033244372
2302_1,0.004905406
7000_2,0.0013045068
416_2,0.39233688
6846_1,0.0019877742
3253_9,0.9988121
1712_1,0.0013045068
9720_10,0.9974885
769_9,0.9988121
6635_10,0.99856746
1421_10,0.005220126
6803_1,0.0013458604
4290_4,0.0027149855
2465_7,0.5449225
70_8,0.9988121
5176_10,0.9987551
305_2,0.0014103585
11094_3,0.0011513996
1109_10,0.9988305
95_3,0.97684664
2378_10,0.99877447
3270_3,0.0011879054
6999_4,0.96741027
7594_8,0.010013569
9549_10,0.9987551
8263_4,0.37113664
10379_9,0.99871576
11187_1,0.8454327
2278_3,0.0030278352
11180_4,0.896614
745_10,0.99877447
9794_4,0.005060332
6565_1,0.001810211
9608_8,0.99863297
12222_1,0.0010005045
9330_9,0.99854493
3611_9,0.9988121
1775_4,0.0107351625
3635_1,0.0017821962
3893_1,0.001622967
2802_1,0.004331502
2481_10,0.9353465
1540_3,0.9962346
2205_4,0.0012843083
10970_7,0.9984988
8287_2,0.001477943
484_1,0.0012255674
249_2,0.0034834242
12073_10,0.99879336
1443_7,0.9984988
4985_7,0.9981324
12247_1,0.016152835
3170_3,0.0014325365
2900_10,0.99877447
1930_9,0.9987551
12309_10,0.9986749
10720_8,0.9987551
5260_4,0.0017274586
5212_8,0.9988305
3872_10,0.9985896
9705_1,0.0014103585
10367_8,0.9988305
10063_10,0.9987551
9682_1,0.11516223
7356_8,0.99861145
6045_7,0.97788346
3181_10,0.9987551
7212_9,0.98951083
8801_9,0.99863297
2910_3,0.39583457
5031_7,0.99879336
1416_1,0.0015731123
8903_10,0.9986749
10620_4,0.0020507437
8957_1,0.0010987311
3374_1,0.0016743994
9196_1,0.0014550629
5167_10,0.99788433
10900_1,0.0022518474
5405_2,0.0011695102
1546_1,0.6855286
12331_4,0.0021489493
4733_9,0.99861145
6682_10,0.99886644
1356_8,0.9987356
2301_2,0.0012065897
11565_7,0.9981614
8731_7,0.99877447
1638_10,0.9988305
7280_3,0.0037654138
51_4,0.0022872274
355_4,0.007345827
485_10,0.9986749
554_4,0.0018969199
8059_3,0.0012065897
3645_4,0.0076956474
7332_7,0.9986541
10877_2,0.0030753699
10837_1,0.0010484692
6273_10,0.99509466
11773_2,0.0012843083
744_1,0.0014325365
9762_8,0.9986749
831_4,0.0027149855
4450_3,0.0015978455
5338_4,0.0019570168
6741_2,0.0036499873
5962_9,0.99824536
10363_3,0.0025509126
9063_10,0.9988121
2739_1,0.0024726235
5920_2,0.0011695102
5200_9,0.9984269
6498_10,0.9987551
591_1,0.12984344
8010_9,0.9985221
369_8,0.99837697
9971_9,0.9987551
11735_8,0.9985221
11278_10,0.99854493
1464_9,0.993807
3787_8,0.99863297
10097_2,0.002889581
3728_8,0.9986541
9996_2,0.0015487612
8676_10,0.9986749
9718_4,0.0025509126
9280_7,0.99824536
8343_4,0.011597362
3505_1,0.002396731
8863_10,0.9988121
5682_10,0.3094409
4704_2,0.385606
11106_7,0.15974104
10541_2,0.026155619
6601_9,0.99869555
11387_10,0.99861145
8864_10,0.99847525
7139_4,0.0033766124
10068_8,0.9987356
2572_1,0.0017007225
3819_10,0.99871576
11954_1,0.0012843083
2525_4,0.002889581
12440_7,0.9985221
1489_10,0.99879336
12422_7,0.51781476
5463_10,0.99879336
5684_1,0.0010649626
30_9,0.99879336
1255_8,0.9988305
3993_4,0.0012255674
10386_7,0.0039454065
10111_10,0.088820286
2915_9,0.07585818
4621_1,0.0015247865
3671_9,0.9988121
1069_4,0.001810211
2060_10,0.9429286
3788_2,0.005641909
3_7,0.9971551
7722_1,0.0012255674
9601_1,0.0012448432
3294_3,0.0032224844
4361_1,0.0012843083
6626_7,0.064653486
5799_10,0.97462875
332_10,0.9987356
4320_4,0.0043994132
4545_9,0.9986749
6029_1,0.0010649626
6329_1,0.0038244836
5586_1,0.001648483
9401_1,0.0014325365
7087_10,0.997065
5200_1,0.0015247865
9707_7,0.020645931
5006_10,0.98866826
4702_4,0.080936715
11207_10,0.99444515
3593_1,0.0015011822
3050_3,0.23934935
6036_7,0.0035936027
2221_2,0.0013045068
6895_1,0.00619299
5678_10,0.9987551
8395_10,0.9987356
8193_1,0.0013458604
11689_4,0.0027576222
10207_10,0.99871576
5028_4,0.0013045068
26_3,0.005220126
11774_10,0.99788433
59_3,0.0015487612
7339_4,0.0014103585
2141_7,0.004681822
10647_10,0.99871576
7703_8,0.00818791
5904_10,0.99771273
11952_7,0.9980122
6355_1,0.0010484692
7465_1,0.0014103585
1244_9,0.99871576
5129_9,0.99869555
4015_10,0.9988305
435_1,0.0015731123
8974_3,0.0057302467
2294_2,0.0017274586
5028_8,0.99837697
3850_1,0.0012255674
3162_10,0.99856746
7690_10,0.99824536
10957_1,0.69678426
8809_10,0.9974885
8509_2,0.001477943
2314_1,0.0017546144
2587_9,0.9988121
6823_8,0.9987551
9761_2,0.001622967
2699_4,0.010013569
10291_3,0.0025509126
3015_7,0.99863297
10059_10,0.9987551
8018_1,0.0012843083
9487_1,0.0018969199
12074_4,0.0010987311
2051_1,0.001648483
3997_1,0.0012448432
9323_2,0.9953904
10231_9,0.9988305
10129_2,0.0014325365
1491_10,0.9987356
5601_10,0.9984269
6980_9,0.9986541
8952_1,0.0012255674
12021_1,0.0014325365
11719_1,0.0013250223
4620_8,0.91964257
9819_4,0.009708476
1682_2,0.9985221
5635_4,0.034358688
4634_10,0.9987551
8725_8,0.9988121
9919_9,0.99821776
5839_9,0.99253935
10643_1,0.0025909794
4447_9,0.032836955
7614_7,0.9965166
441_4,0.0034296038
1713_1,0.0017274586
507_7,0.9986541
6592_1,0.0022170132
6378_9,0.9987551
10206_4,0.01214717
11627_8,0.10017222
11991_4,0.39024344
5759_3,0.0012448432
2655_3,0.0015731123
8628_7,0.99869555
12364_2,0.0015731123
11107_7,0.8484707
3166_2,0.0063883206
4168_1,0.019568678
10876_7,0.9651191
5609_10,0.86476797
600_8,0.99854493
7243_2,0.0017274586
7300_9,0.99861145
9144_10,0.9964619
4539_3,0.64957863
8007_10,0.997285
8486_1,0.0011513996
6213_2,0.022457054
4742_10,0.9984988
1421_1,0.0011513996
4061_9,0.9967269
10451_7,0.9987356
1062_8,0.9985896
12281_1,0.008577485
5994_3,0.0013045068
10055_10,0.9976404
2602_1,0.0045384313
11107_4,0.002396731
4007_3,0.037326884
10444_9,0.99877447
1635_7,0.011508149
12049_8,0.9988121
3988_3,0.0075772414
12414_8,0.9957353
7074_1,0.0011695102
11854_7,0.998103
2445_8,0.99869555
2187_9,0.99863297
11675_10,0.99711037
5648_1,0.0010649626
1614_4,0.0023231625
9395_2,0.0011513996
5372_1,0.001867566
12082_10,0.9987551
12029_10,0.9939964
983_4,0.99444515
11356_3,0.09203287
4254_10,0.9981614
6017_4,0.78530854
2330_10,0.9429286
1089_1,0.0019570168
8017_3,0.001648483
5248_1,0.9976769
9041_8,0.9985896
3855_1,0.0028449094
10976_1,0.0011879054
7926_4,0.87873113
7758_4,0.002631674
8081_7,0.99341017
9267_4,0.99861145
6381_9,0.99827254
6172_4,0.005220126
12411_8,0.9988121
5216_10,0.99871576
10999_8,0.9984988
2460_1,0.0035936027
7815_7,0.997285
8586_7,0.67854
21_1,0.001477943
2467_1,0.0015487612
7979_8,0.9986749
3744_7,0.99832565
7205_1,0.0013045068
6862_7,0.9969722
12031_10,0.99869555
12458_1,0.0013670255
10410_1,0.0013250223
2624_10,0.98087597
12083_1,0.0021157034
47_2,0.0013885231
676_7,0.99877447
5425_10,0.9983516
1899_2,0.001133569
9666_1,0.0013250223
3151_10,0.9987356
1745_8,0.0013885231
7646_8,0.96458924
10011_9,0.9988305
10061_10,0.99861145
6792_9,0.99863297
5150_3,0.0021489493
593_10,0.99863297
6170_4,0.9985896
2029_2,0.0011695102
3026_4,0.01243165
1086_10,0.9986749
1594_8,0.9986541
227_1,0.0011695102
5932_7,0.9961755
2681_1,0.0013885231
4270_10,0.99879336
10065_1,0.0018969199
6640_9,0.99879336
1160_10,0.99879336
3078_1,0.0021489493
1546_7,0.9988121
12315_1,0.0013250223
8699_1,0.0025909794
11438_4,0.0014325365
2034_7,0.967163
7899_1,0.0025909794
1006_3,0.0011695102
3732_7,0.029986506
11094_7,0.70456684
1477_4,0.005060332
8912_10,0.9986541
8140_4,0.99771273
7542_9,0.99877447
2556_1,0.23651622
10075_10,0.9987356
12212_2,0.0025909794
218_10,0.9759464
8385_1,0.0014325365
5716_2,0.0014103585
11655_10,0.9985221
6235_1,0.0014325365
2823_10,0.947381
7094_2,0.99771273
465_10,0.9987356
4968_4,0.0017546144
222_10,0.99847525
464_4,0.012920473
2593_10,0.997851
11946_3,0.0015247865
6083_1,0.0011513996
8158_3,0.002396731
2646_3,0.0012255674
8282_4,0.017045317
12482_2,0.001622967
1020_7,0.008847355
7554_10,0.19193278
4492_2,0.0013045068
4468_4,0.0031236487
7365_8,0.9984988
9777_9,0.99869555
9505_3,0.9425068
10546_1,0.0015247865
2179_7,0.9965166
9325_9,0.99771273
9042_10,0.99877447
7631_2,0.0012065897
1583_2,0.0031726828
10449_2,0.0023231625
8021_9,0.99824536
9282_9,0.9988121
5261_9,0.99580115
9127_8,0.99877447
6408_2,0.00498227
7306_1,0.0013885231
2955_4,0.0030753699
6401_10,0.99827254
278_10,0.9985896
1954_8,0.17553806
2592_8,0.9985896
2040_10,0.99863297
4779_10,0.9975274
7274_8,0.9985896
8094_2,0.0022170132
9359_9,0.9976769
10732_10,0.99869555
7824_7,0.9983516
493_7,0.99827254
2458_2,0.0022872274
67_3,0.001133569
1495_1,0.0013670255
2984_1,0.007011795
9979_4,0.0019570168
2790_1,0.004681822
8948_1,0.0013458604
4249_1,0.020645931
5994_10,0.99877447
5119_2,0.0015978455
6539_2,0.0010484692
12006_2,0.0022872274
555_4,0.0023596606
9508_9,0.9905874
2282_2,0.0011695102
4119_7,0.99869555
1224_8,0.99871576
492_10,0.9975274
7062_9,0.99884856
6663_10,0.99856746
9410_8,0.99877447
6033_8,0.99869555
4704_9,0.9986749
1347_3,0.0013045068
6920_7,0.99879336
7736_1,0.002434382
2884_3,0.0012065897
1870_2,0.0021489493
4058_3,0.0014103585
3089_8,0.99879336
932_9,0.9986749
5666_10,0.99884856
5770_1,0.0021827165
10982_10,0.9988121
5977_1,0.0013670255
7678_2,0.28397995
7788_10,0.99871576
6328_1,0.0019877742
5806_10,0.99863297
595_1,0.0024726235
8235_7,0.9987356
10822_2,0.0014325365
12353_7,0.4707366
5381_1,0.0043994132
504_8,0.99818975
4876_10,0.99856746
5244_10,0.9988121
12010_8,0.9987356
7263_2,0.95292586
10315_10,0.9986541
9967_1,0.0011879054
126_10,0.9987551
3861_1,0.0011695102
10221_8,0.96405166
7844_3,0.006903838
10976_8,0.99861145
9372_8,0.9918121
5633_2,0.0017007225
3833_4,0.0013045068
5256_8,0.9987551
8840_1,0.001264422
2122_10,0.99871576
4607_4,0.0016743994
12025_9,0.9987551
10884_9,0.9957353
2473_10,0.997851
12330_8,0.9951703
6997_3,0.0013045068
4505_9,0.9984269
1302_8,0.9987551
4382_3,0.016529558
9645_8,0.9971551
4138_2,0.0015011822
2419_1,0.0017274586
3059_8,0.99827254
8239_9,0.99879336
105_3,0.0014550629
1129_9,0.9986541
9065_10,0.9986541
3249_1,0.0015247865
4864_8,0.99580115
11748_8,0.9986749
561_10,0.9988305
1261_1,0.0020829707
10944_1,0.0015247865
11503_1,0.0067975316
8089_9,0.9985896
3224_10,0.99879336
4550_3,0.98677725
8097_7,0.9977482
11042_1,0.0017546144
4590_3,0.00619299
10838_8,0.9980732
5500_3,0.0019267346
6779_10,0.9986541
7489_2,0.0012065897
4145_8,0.99847525
2477_2,0.997981
11428_7,0.0031236487
5178_8,0.99856746
1604_1,0.0013670255
2269_7,0.9984269
683_2,0.0020829707
12373_10,0.9987356
12362_10,0.9984269
1486_9,0.93721074
4922_1,0.0012448432
5689_8,0.014172365
11287_9,0.9805807
4578_4,0.0017274586
361_1,0.076407686
6750_4,0.99553156
10004_9,0.9988121
3649_9,0.9985896
12485_8,0.99871576
4867_10,0.99863297
10463_2,0.0028449094
8449_9,0.99877447
10573_10,0.9987551
12488_3,0.0029810332
1649_2,0.0014103585
12064_1,0.7345006
4892_10,0.9987356
8877_3,0.0028449094
11816_9,0.99884856
10235_10,0.9983516
8204_7,0.998103
8608_10,0.99788433
475_10,0.9986541
10150_8,0.99877447
4661_10,0.3233801
434_8,0.99832565
10121_10,0.99869555
438_9,0.9987551
2866_1,0.00498227
10667_2,0.03461884
9575_8,0.99863297
910_10,0.99879336
1631_7,0.998103
10585_3,0.027795624
1060_8,0.99788433
8817_1,0.001867566
10511_10,0.9985896
11854_2,0.0036499873
4429_7,0.99871576
7462_4,0.0012255674
7668_10,0.99732697
6258_8,0.9981324
12481_1,0.0025114634
3948_7,0.9966756
624_10,0.99861145
6418_8,0.99861145
4211_7,0.9976769
10606_1,0.0018386653
3052_1,0.0012255674
12091_8,0.99863297
5559_10,0.99869555
6462_8,0.99879336
6215_1,0.0023231625
10996_1,0.0025509126
1139_10,0.019124037
11400_8,0.9985221
10075_3,0.002019014
9034_4,0.008577485
8963_7,0.99847525
622_10,0.9988305
4570_3,0.018264279
12242_2,0.0015731123
10595_1,0.0017274586
5524_1,0.0043994132
10074_3,0.8193158
10761_4,0.0053018946
5215_1,0.0015487612
7480_8,0.997851
3940_4,0.7244806
375_10,0.07004896
11998_3,0.002019014
11759_10,0.99879336
12180_7,0.9787127
9000_2,0.0032224844
4251_3,0.01048909
7944_10,0.99869555
12444_1,0.003538086
7400_1,0.0020829707
4122_8,0.9985896
8849_10,0.99854493
5656_4,0.009125638
4091_7,0.9988121
8699_10,0.99863297
8750_9,0.99871576
3813_10,0.9987356
1836_4,0.00498227
1644_9,0.9987356
5764_10,0.99854493
1328_1,0.8933094
2332_2,0.9635062
1851_1,0.002396731
9281_2,0.0015247865
9870_1,0.0015247865
3201_1,0.0013045068
9589_10,0.0028449094
3137_1,0.0019570168
10655_10,0.99869555
10722_1,0.003707253
10338_9,0.99871576
2561_4,0.9623913
8646_8,0.9904406
10077_7,0.99861145
2091_10,0.9988121
12110_7,0.99128854
8961_4,0.002019014
10497_1,0.0012843083
3909_3,0.005554925
2535_3,0.3643251
8969_3,0.0038244836
160_10,0.9985221
10280_4,0.0013045068
5117_1,0.0021489493
2371_4,0.0014550629
12014_10,0.99863297
8665_8,0.9988305
5386_3,0.001032231
1284_1,0.0011879054
6541_7,0.9130583
6919_4,0.0015978455
7066_10,0.99886644
1189_3,0.0015487612
247_8,0.99879336
4144_8,0.99871576
1788_10,0.9982993
3875_9,0.9980122
9484_2,0.002019014
6650_1,0.0030753699
526_3,0.0021489493
10810_8,0.994615
3361_2,0.0017274586
3721_1,0.0013885231
8024_2,0.0013885231
11882_10,0.997285
6015_1,0.001264422
10950_8,0.9977482
10595_10,0.99871576
6215_8,0.929951
7506_1,0.001264422
9448_2,0.0013458604
10267_4,0.00581996
1890_4,0.02297737
11388_1,0.0013045068
4033_2,0.001264422
10188_1,0.0023596606
3685_10,0.9987551
2329_10,0.9964619
2672_10,0.99869555
3356_10,0.9966234
7505_9,0.99804294
8789_7,0.99760324
4655_1,0.001133569
7490_7,0.9985221
10703_9,0.9026096
2088_9,0.9988121
5114_3,0.001016244
3317_8,0.015543648
2826_2,0.96323055
8346_8,0.997981
2036_1,0.0021827165
11081_2,0.0017274586
5313_7,0.04401865
266_4,0.0022518474
7378_7,0.9437636
7420_2,0.008711384
9637_8,0.99877447
8788_2,0.0015978455
4953_2,0.0018969199
8212_9,0.99827254
10437_9,0.99884856
9397_1,0.0015978455
4598_10,0.99871576
2772_10,0.9983516
83_10,0.9988121
6217_1,0.0014325365
11725_10,0.99879336
4380_9,0.9987356
2974_1,0.0015011822
12363_7,0.9988121
3246_1,0.0011695102
6087_9,0.9987356
3419_9,0.9987551
6587_9,0.99871576
2450_1,0.0019877742
2475_10,0.9987551
11551_7,0.9981614
7614_4,0.0019877742
10136_10,0.99871576
5844_3,0.001477943
7473_1,0.0012448432
6772_4,0.019568678
6253_1,0.0012448432
4036_10,0.997917
11948_10,0.9984022
11435_9,0.9988121
6106_9,0.9988305
12271_1,0.0048297215
12030_3,0.002889581
11640_3,0.0013045068
5589_10,0.8587186
6352_1,0.9984022
2523_4,0.9805807
8198_8,0.99854493
7283_4,0.001810211
4330_3,0.87450653
7882_3,0.87450653
9815_8,0.99877447
1714_1,0.0013885231
3836_1,0.0012065897
8618_7,0.86476797
1759_3,0.005641909
9317_2,0.0017546144
6186_4,0.0067975316
3779_1,0.001133569
10096_9,0.9988305
3277_7,0.99877447
6023_10,0.9988121
4863_7,0.99740905
11194_2,0.0022518474
11227_2,0.0012843083
11983_1,0.0021489493
337_9,0.9987356
11441_3,0.0014550629
6668_1,0.0011513996
4333_9,0.9981324
3773_8,0.99861145
5370_9,0.99871576
4959_10,0.010013569
9431_3,0.001810211
6834_3,0.002434382
9952_3,0.0014103585
9810_1,0.0034834242
697_4,0.0015978455
4528_3,0.0012448432
5817_1,0.001133569
9052_7,0.64980084
11494_8,0.9987551
4516_1,0.001867566
2810_9,0.9986749
1105_10,0.99861145
6873_2,0.0017821962
8171_10,0.99856746
9568_10,0.9988121
879_10,0.99871576
8493_8,0.7314424
9437_10,0.997851
3841_1,0.0014325365
3852_7,0.9801293
7414_9,0.9982993
6048_1,0.0015247865
2921_1,0.0011513996
6752_1,0.001032231
7997_1,0.66366893
640_1,0.0015978455
9576_3,0.002434382
4110_4,0.57892436
11407_7,0.99586606
410_10,0.9988305
11167_10,0.99871576
8383_10,0.99821776
392_7,0.99869555
1459_4,0.0038844768
11929_10,0.9984269
12362_4,0.0033766124
4046_2,0.0012065897
2597_10,0.9985896
11246_4,0.0014550629
8692_8,0.9988305
3986_9,0.99877447
391_1,0.0011879054
2504_7,0.9987551
11644_10,0.99886644
1788_1,0.0029349516
5286_1,0.0011160143
3486_1,0.9986749
4486_7,0.24292332
4614_3,0.15405756
11360_4,0.0014103585
2315_10,0.9988305
3637_10,0.96909106
6479_3,0.0013670255
10306_8,0.99877447
2225_1,0.0019877742
9688_3,0.0012065897
8999_2,0.001264422
6793_1,0.0012065897
1785_8,0.9984269
3902_1,0.0038244836
3805_1,0.001264422
6867_8,0.994615
761_2,0.007345827
9493_4,0.0018969199
4805_4,0.99856746
583_8,0.9985896
9470_9,0.99879336
9859_8,0.99014014
6633_8,0.99879336
518_10,0.02145073
10730_1,0.0040072887
1855_4,0.0022518474
5191_8,0.99341017
9191_1,0.0017007225
1113_3,0.0017007225
2973_8,0.99861145
10712_1,0.001477943
7729_1,0.0027149855
2730_1,0.0015978455
10170_1,0.0011879054
8238_10,0.9988121
9495_10,0.99877447
11652_1,0.0025114634
4911_2,0.002673006
7514_1,0.001016244
8164_2,0.0013250223
10389_7,0.99635005
7557_10,0.99854493
852_4,0.0021489493
1584_1,0.0031236487
2387_2,0.0017546144
6073_4,0.0015731123
7047_10,0.9988305
6338_7,0.99856746
1741_4,0.0020829707
3697_1,0.013636835
5444_2,0.0022518474
10082_1,0.093678
6135_4,0.004681822
9242_8,0.9981324
7864_8,0.9987356
3466_2,0.0013250223
9852_9,0.99886644
12390_7,0.979354
5189_9,0.9988121
6771_9,0.9986541
223_3,0.99837697
8322_4,0.0015011822
4465_8,0.99553156
6597_2,0.0020829707
3477_8,0.99877447
4736_8,0.7972413
4581_8,0.99879336
5898_3,0.001264422
12335_7,0.99832565
7321_7,0.99877447
128_4,0.001867566
9116_3,0.52147114
9152_8,0.99879336
3613_3,0.0039454065
1095_8,0.99877447
225_10,0.9988121
12445_10,0.99861145
596_1,0.0017007225
6693_1,0.003707253
7535_4,0.9984269
3135_4,0.0017546144
7435_2,0.0033766124
758_3,0.0018386653
11838_10,0.99863297
8539_2,0.0014550629
671_8,0.99877447
53_4,0.011777842
8718_10,0.99877447
10447_7,0.9985221
86_10,0.79438496
7042_1,0.0016743994
5821_3,0.0017546144
4604_4,0.0015247865
7906_2,0.001133569
11449_2,0.0015731123
6505_8,0.99869555
8160_3,0.98421544
1054_9,0.99879336
6300_7,0.9959927
10058_8,0.99863297
3990_10,0.9987551
9233_4,0.0014325365
9314_2,0.024423089
4213_10,0.99804294
3407_10,0.99879336
1982_1,0.0020507437
9686_1,0.0010649626
11246_10,0.015906392
617_4,0.9978173
12182_1,0.0010987311
5687_1,0.0032224844
1559_2,0.0013670255
3596_7,0.99856746
4991_10,0.99863297
3315_8,0.9522199
1192_1,0.001648483
1454_8,0.99871576
9836_3,0.0020829707
8088_4,0.0039454065
1651_2,0.0032224844
4641_10,0.99824536
10624_1,0.0030753699
2902_2,0.909907
10435_7,0.9987551
11623_2,0.0015731123
1609_1,0.0014103585
2623_1,0.0011513996
4444_8,0.9975656
12412_3,0.0023596606
8496_1,0.0012843083
4279_8,0.997783
9053_10,0.9695556
11747_3,0.0024726235
9754_4,0.99724233
1795_2,0.0015731123
6017_10,0.9985896
8964_7,0.99884856
1118_7,0.99879336
11564_7,0.99832565
9897_1,0.0014550629
7731_1,0.001016244
7391_2,0.0010484692
6670_7,0.9965166
8347_1,0.001264422
5000_4,0.001622967
3513_1,0.0011160143
9427_4,0.0017546144
6840_1,0.0012255674
9217_9,0.99863297
5545_8,0.99877447
9858_10,0.9984269
1909_2,0.0016743994
8416_10,0.99877447
11079_3,0.0022170132
4638_4,0.95292586
324_10,0.99856746
9126_10,0.99863297
9069_7,0.97134733
10555_10,0.9988121
9626_8,0.98657167
6629_10,0.9987551
8419_10,0.99871576
5437_8,0.001477943
2463_10,0.9987356
10540_1,0.0019570168
10579_1,0.0014325365
11517_8,0.92683524
5306_10,0.9981324
4996_9,0.99879336
8251_7,0.99818975
7382_1,0.0012843083
4284_9,0.9987356
772_10,0.99871576
5394_1,0.0015731123
10576_9,0.99847525
635_8,0.99877447
9315_2,0.001264422
9642_4,0.0010484692
7225_10,0.99871576
1806_3,0.9813107
4484_1,0.0015247865
4912_10,0.99847525
4837_10,0.99553156
11025_10,0.99580115
1419_10,0.99854493
8789_4,0.0019570168
1507_1,0.010248601
6478_1,0.0015011822
7774_1,0.0014550629
7805_10,0.997065
11142_10,0.997285
3832_10,0.9986749
1830_3,0.0014325365
2676_4,0.001648483
1595_1,0.0015247865
8044_9,0.9987551
8476_1,0.0022170132
5190_8,0.8864204
4941_2,0.001264422
10114_8,0.99863297
11931_3,0.0013885231
11970_10,0.9978173
5572_1,0.0015978455
32_3,0.3551037
10026_10,0.99886644
10554_2,0.0019877742
6440_7,0.99879336
7636_1,0.0031726828
7973_9,0.9988121
2920_10,0.9988121
9531_1,0.0010484692
568_4,0.0022518474
6091_3,0.9284088
5700_9,0.9987356
4934_7,0.99871576
5988_10,0.99879336
5162_1,0.0064882697
1043_4,0.0015011822
11574_2,0.13206616
2592_1,0.0017007225
4881_3,0.9700135
447_10,0.99856746
6922_8,0.99877447
9314_10,0.99877447
10693_10,0.99719906
257_9,0.99877447
2090_10,0.9983516
7826_1,0.001016244
7851_4,0.0022170132
1606_1,0.0012065897
4446_1,0.0023231625
10655_2,0.0010817152
11116_2,0.0020829707
1631_1,0.0014325365
11696_10,0.99845123
2114_3,0.0017007225
10728_8,0.9987356
8006_9,0.9986541
5963_10,0.9968273
2094_10,0.99871576
10113_1,0.001133569
2832_4,0.0027149855
9600_1,0.002019014
7776_1,0.0015978455
567_9,0.04922211
4700_10,0.99837697
1143_1,0.0010817152
7853_1,0.0021157034
11178_1,0.0017007225
7770_3,0.002019014
11696_2,0.0012448432
6077_9,0.9988121
5952_1,0.0013250223
507_1,0.0019877742
11888_3,0.05184547
7857_3,0.0015011822
1381_7,0.05834584
5080_2,0.0013045068
9831_10,0.99845123
7231_1,0.005554925
6012_3,0.0013458604
6843_4,0.004331502
7120_1,0.001622967
9248_1,0.0065897712
5313_4,0.76838577
8434_2,0.0019570168
10224_2,0.0039454065
7303_10,0.9987356
1796_8,0.006692851
9302_4,0.0019570168
2232_4,0.027376488
5333_3,0.0012843083
1340_3,0.001648483
5472_2,0.0011513996
1768_3,0.0011695102
3140_1,0.001622967
6264_3,0.0038244836
6699_8,0.99869555
2085_7,0.99837697
5319_4,0.0035936027
7561_4,0.05033063
992_1,0.0012843083
193_4,0.0013885231
19_10,0.99877447
6225_8,0.99736834
933_10,0.9986541
11245_10,0.99879336
6152_3,0.007345827
10163_7,0.99877447
9382_4,0.001810211
4655_8,0.99869555
5195_10,0.9988305
8989_4,0.02479816
5309_10,0.99871576
2183_2,0.0014325365
7597_10,0.9985896
1272_8,0.9986541
10107_9,0.9987551
3067_1,0.0013045068
390_10,0.9985221
5746_4,0.0018969199
7145_4,0.008445628
1612_8,0.99847525
7968_4,0.9757624
3793_9,0.99827254
2719_1,0.00818791
1645_10,0.9985896
9934_2,0.008061991
9288_4,0.0019570168
937_4,0.0076956474
10385_1,0.0012255674
3726_1,0.0011695102
2700_10,0.9987356
11824_1,0.0012065897
4133_10,0.99847525
9873_2,0.0013885231
8769_1,0.0013250223
11806_10,0.9988305
903_4,0.0034834242
727_3,0.31090358
2426_2,0.0010987311
8663_1,0.0015731123
11163_8,0.9979493
1505_7,0.9986541
4758_10,0.9987551
2119_4,0.0017274586
7351_8,0.9987551
5638_10,0.99854493
11236_10,0.9987356
9351_3,0.0036499873
8732_4,0.7465088
4771_1,0.0027149855
4094_10,0.99884856
8314_7,0.0031236487
5273_10,0.99879336
1773_1,0.0010005045
7415_1,0.0013458604
677_1,0.0021157034
5585_1,0.0012843083
1523_10,0.9984269
6855_1,0.001032231
6634_9,0.99845123
3866_2,0.0011879054
7165_3,0.0012448432
7516_7,0.99611557
2239_8,0.9980732
1248_8,0.99877447
6839_8,0.99863297
2648_10,0.9987356
5246_9,0.9969722
9445_1,0.0013250223
4323_4,0.001810211
4356_10,0.99687636
9447_4,0.99341017
4022_3,0.0022872274
6239_3,0.0013670255
447_4,0.045692034
6717_8,0.99611557
2470_9,0.99877447
4816_1,0.0013045068
1682_10,0.6796041
67_10,0.99879336
724_10,0.9985896
7678_9,0.99629277
2889_4,0.002631674
7487_9,0.99877447
1411_4,0.0015731123
7447_8,0.99847525
3856_1,0.0015247865
4412_10,0.006903838
8939_2,0.0011879054
3314_9,0.99818975
2776_1,0.01678549
7986_8,0.9988305
12084_10,0.99863297
9529_10,0.9984022
11599_7,0.9458012
11688_3,0.0017274586
11559_1,0.0021489493
5838_2,0.0032224844
6397_4,0.99877447
3551_4,0.0035936027
5646_10,0.9987551
7760_2,0.0015247865
4983_7,0.9988305
3870_1,0.0013670255
5621_9,0.99736834
8716_9,0.9987356
2017_10,0.9986541
579_10,0.9987551
2659_1,0.0010817152
10364_2,0.005641909
837_8,0.08035747
226_4,0.0012255674
4836_1,0.0011879054
11389_3,0.36477757
5284_2,0.001264422
4277_4,0.003538086
3821_10,0.99732697
6593_8,0.99760324
5060_7,0.99101454
5121_8,0.99856746
3810_7,0.0067975316
3941_8,0.98934746
12291_1,0.0013045068
1082_1,0.00498227
931_9,0.99824536
10202_4,0.9546474
11004_9,0.9988305
5243_7,0.9943581
2861_1,0.001648483
11992_10,0.99818975
11358_9,0.9986749
3996_10,0.9967269
12434_8,0.9724148
8310_7,0.99879336
3894_9,0.9986749
3021_1,0.0022518474
1652_10,0.99871576
90_2,0.9688562
283_1,0.0028449094
9809_8,0.9976404
2693_2,0.9980732
5717_1,0.0025509126
6051_9,0.99837697
4542_1,0.0013045068
5104_8,0.9988305
10139_10,0.9942697
6129_1,0.0017821962
859_8,0.997783
3107_1,0.0013045068
2595_2,0.001867566
2676_10,0.9976769
3634_2,0.0021489493
6953_1,0.001133569
4430_4,0.0014550629
79_8,0.99845123
7318_2,0.0014103585
863_4,0.0021827165
6393_3,0.9884919
6910_3,0.607896
4438_9,0.9981614
4242_9,0.9975274
5813_4,0.001867566
203_3,0.0010484692
7333_10,0.9988305
11658_8,0.9985896
11206_4,0.0021827165
6208_7,0.9988305
7273_8,0.998103
5518_10,0.99821776
7092_1,0.11476479
10508_7,0.8774768
1196_9,0.99863297
10037_7,0.9956006
6468_8,0.99886644
8502_4,0.0226292
1017_1,0.0015978455
4_10,0.9987356
8439_1,0.001264422
7048_3,0.0013250223
3238_1,0.0015731123
11610_1,0.0024726235
3468_10,0.99877447
184_3,0.0019267346
12227_7,0.96691406
4872_3,0.0044683837
11139_10,0.9986749
4316_7,0.0065897712
3071_1,0.002889581
335_2,0.002019014
10847_1,0.0021157034
4646_10,0.99856746
9382_10,0.99877447
6577_1,0.0013670255
4549_1,0.0012255674
2459_9,0.9987356
102_8,0.87831426
1581_1,0.0014550629
2439_10,0.9987551
6988_9,0.96741027
2024_1,0.0013885231
12375_1,0.0017274586
6084_4,0.007121429
6617_3,0.0011695102
815_3,0.0064882697
1857_1,0.0021157034
7428_1,0.001648483
5943_8,0.9978173
11811_10,0.9986541
10844_1,0.0010987311
1275_7,0.9988305
1910_1,0.0013670255
3306_8,0.9987551
4735_1,0.0013458604
10819_1,0.0018969199
9571_2,0.0012255674
1037_10,0.99824536
7177_4,0.059646945
5066_10,0.9987551
4888_2,0.0023596606
10646_2,0.002019014
7929_1,0.0011513996
5181_1,0.001648483
1387_1,0.016657041
1304_8,0.9987551
2108_1,0.002631674
9875_10,0.99879336
10200_1,0.0014103585
11665_9,0.99879336
6685_1,0.0019570168
10234_9,0.9987356
6622_9,0.998103
9703_7,0.9987356
7504_8,0.997783
1267_3,0.0028449094
902_3,0.004070138
10674_2,0.01214717
5237_10,0.99871576
5270_10,0.99869555
1701_7,0.9980122
3222_2,0.002631674
6116_10,0.008315778
11543_10,0.9966234
8189_7,0.0044683837
8737_8,0.99879336
6856_7,0.9984988
2035_8,0.99879336
5011_10,0.9987356
6135_9,0.99879336
9172_1,0.001032231
5822_1,0.0012448432
8816_3,0.001264422
1124_1,0.0012843083
5422_4,0.8025555
3275_2,0.0019267346
2076_2,0.0013885231
5223_8,0.9988305
1814_3,0.001622967
6171_2,0.0059110695
3228_1,0.0031236487
3693_3,0.0010987311
8891_2,0.0017007225
1171_8,0.99856746
9496_1,0.920218
8702_10,0.99818975
11287_4,0.0013045068
2157_10,0.9987551
6058_8,0.9985896
4025_2,0.0011160143
5097_8,0.99879336
2335_1,0.001133569
6945_1,0.001032231
2970_4,0.0024726235
10473_10,0.99879336
10139_1,0.0017007225
7680_10,0.99824536
10705_1,0.0013458604
9883_10,0.9987356
2808_10,0.99869555
6543_2,0.0017274586
3482_3,0.003538086
2547_7,0.88483775
8378_4,0.001264422
7746_10,0.99869555
5007_4,0.6500231
1623_8,0.9986541
10762_9,0.99877447
8604_1,0.0015731123
868_7,0.99611557
7902_1,0.0013250223
3644_1,0.0054692742
330_1,0.0015978455
2519_7,0.91490096
716_2,0.9985221
9908_1,0.0014325365
1410_2,0.0029810332
1154_4,0.0032224844
589_10,0.99854493
10182_3,0.008577485
6872_8,0.9988305
7232_8,0.99871576
4339_8,0.99861145
6652_2,0.0012255674
8692_1,0.0015731123
4585_2,0.9967775
5846_4,0.9888419
4401_1,0.0012843083
4848_10,0.9951703
1727_1,0.0015011822
8038_2,0.0015247865
2532_1,0.001648483
11010_9,0.99854493
4915_10,0.9987551
6047_4,0.0014550629
10358_3,0.31827325
697_10,0.9985221
7648_7,0.99869555
5495_4,0.0011695102
6611_2,0.0020829707
12099_8,0.9987356
1109_1,0.002434382
6874_1,0.001810211
8072_4,0.39864054
11231_10,0.99861145
10871_7,0.99818975
9990_10,0.99869555
645_10,0.9984022
9345_1,0.0015487612
5298_1,0.002631674
5971_10,0.06705628
5079_8,0.99879336
6022_3,0.001133569
4954_7,0.9985896
5063_8,0.9987551
843_10,0.9988121
556_7,0.9961755
1498_1,0.0013045068
9374_7,0.99701905
8728_1,0.008445628
8297_10,0.2991052
5760_10,0.7627777
7403_10,0.9339146
964_3,0.0021157034
8842_9,0.9988121
11552_10,0.99879336
5592_2,0.001810211
3531_9,0.9985896
9383_3,0.0027149855
6576_1,0.001622967
125_3,0.001622967
8382_2,0.0019267346
3786_9,0.9988305
8636_9,0.99854493
12225_10,0.99724233
8958_8,0.9988121
5981_10,0.39606813
9594_10,0.997917
9802_3,0.001016244
4353_3,0.938576
10567_8,0.9987356
3982_7,0.99788433
3292_7,0.99469805
1739_3,0.0011879054
3356_3,0.0038844768
5253_4,0.0015487612
1186_10,0.99877447
12218_8,0.9986541
1361_9,0.99854493
11423_4,0.0015247865
5649_1,0.001032231
11988_10,0.9974885
393_7,0.9984988
8081_2,0.0018386653
10290_1,0.0014325365
5548_1,0.024609927
2266_3,0.005220126
341_1,0.0012065897
2081_10,0.99879336
6268_1,0.0022170132
2267_9,0.99879336
82_3,0.001264422
11259_10,0.99877447
6760_7,0.983343
6352_9,0.99856746
10733_3,0.5405904
7418_2,0.0012065897
11562_8,0.99886644
8895_9,0.9987356
7911_7,0.9026096
4885_10,0.99879336
542_4,0.002019014
6099_7,0.99890125
5355_1,0.0010987311
3969_1,0.001867566
11541_4,0.99771273
6413_1,0.0014103585
3725_7,0.9986541
11757_1,0.0018969199
7663_1,0.0022170132
3161_3,0.9845754
9119_10,0.9982993
7726_3,0.25683197
1764_8,0.99877447
7211_7,0.997783
8069_4,0.0029349516
7119_2,0.0017546144
1163_10,0.9988305
5836_2,0.0014550629
1921_8,0.9988305
892_1,0.0015247865
7629_8,0.99854493
5605_1,0.001264422
3955_10,0.9988121
5093_4,0.0014325365
6366_4,0.003538086
11267_2,0.001032231
522_2,0.0032730647
7659_10,0.99869555
11779_4,0.14270912
5226_1,0.993807
8767_10,0.99101454
1315_4,0.001032231
8179_8,0.99869555
10270_10,0.99871576
8218_1,0.3011565
4363_10,0.9987356
9701_9,0.26511872
9774_10,0.99861145
8326_10,0.99845123
1529_10,0.99877447
9090_8,0.9988121
8596_7,0.9724148
3508_1,0.0045384313
2272_8,0.9987551
1226_7,0.99253935
40_8,0.9986749
1159_1,0.0015487612
11508_1,0.001477943
2869_8,0.997981
4068_1,0.0010817152
7510_1,0.0015487612
2967_3,0.0013250223
8307_10,0.97023994
9920_8,0.99879336
9102_1,0.0044683837
3586_4,0.99736834
2278_10,0.9988121
9459_9,0.99877447
3080_10,0.99854493
8960_1,0.0012255674
11294_8,0.99611557
5241_1,0.0013250223
4515_10,0.9987356
5855_7,0.9976769
12107_2,0.0011879054
6435_2,0.001622967
5813_10,0.99863297
12008_1,0.0013250223
1613_10,0.99884856
9381_9,0.9928786
4467_10,0.9983516
1439_8,0.99877447
1021_2,0.0012065897
2718_1,0.0018386653
11439_8,0.9984988
10931_10,0.9987356
4326_10,0.99863297
6216_1,0.0011695102
10369_4,0.0014325365
1586_7,0.7166154
1310_2,0.0021157034
293_1,0.0013458604
5968_1,0.0012255674
9338_10,0.9985896
418_4,0.0014325365
4522_1,0.0012255674
3925_8,0.997981
9748_1,0.0011513996
7142_8,0.9987551
8862_1,0.005384938
10812_2,0.0015011822
3262_7,0.99827254
11540_10,0.0031726828
1236_2,0.0012065897
10321_10,0.9986749
5782_1,0.0013045068
11765_8,0.997783
6365_7,0.9755769
6265_2,0.0031236487
5426_1,0.0025509126
5312_7,0.99856746
1786_3,0.0023231625
10137_2,0.002889581
9816_3,0.0014325365
11925_10,0.9950177
3041_3,0.0030753699
6742_1,0.0011695102
10786_7,0.99879336
10687_4,0.024237636
7057_7,0.0015487612
7532_9,0.99863297
4162_8,0.99854493
9911_10,0.9986749
2369_3,0.0018969199
2967_9,0.99832565
9515_7,0.9983516
12035_9,0.99788433
9088_4,0.017712297
3037_8,0.99863297
1198_10,0.9987356
8186_8,0.9966756
3455_8,0.9988305
6676_3,0.97482115
4071_8,0.99861145
2244_7,0.99788433
1252_7,0.9566342
12178_3,0.0012255674
5623_4,0.009708476
10938_1,0.0013045068
2265_4,0.6753365
7442_7,0.007345827
7676_9,0.9987356
10666_1,0.0014103585
9430_3,0.028220987
8329_2,0.0011879054
11933_10,0.99877447
7868_1,0.0012065897
6471_7,0.9988305
2191_1,0.0010817152
3918_1,0.0012065897
9767_10,0.9985896
11297_8,0.97887486
6763_8,0.99871576
2621_9,0.99869555
4056_4,0.0025114634
8584_4,0.0012448432
4541_9,0.9984022
1474_4,0.9928786
3748_7,0.99869555
1314_1,0.0017274586
6195_10,0.9988121
3485_1,0.002396731
5448_7,0.007815888
12392_10,0.99486035
5807_10,0.99869555
11783_4,0.9979493
5693_1,0.0017546144
5031_3,0.0013885231
9684_1,0.0025114634
924_10,0.9981324
12254_3,0.008847355
277_1,0.0038244836
4384_10,0.99879336
8288_4,0.0020829707
3056_3,0.0015731123
4683_9,0.9986749
907_7,0.99832565
6720_7,0.9890131
12192_1,0.0023231625
11090_8,0.7905303
4682_7,0.99863297
11698_10,0.99856746
1530_1,0.0015247865
3017_9,0.99884856
9702_1,0.0015978455
5761_3,0.0022872274
9920_2,0.95976204
8250_1,0.99736834
11900_3,0.7994423
6128_10,0.00498227
8667_10,0.9988121
8304_3,0.0019877742
1049_9,0.99804294
10262_4,0.0051396107
7315_3,0.0014103585
4935_10,0.9987356
2453_1,0.001477943
4820_10,0.99832565
3111_10,0.99879336
10351_8,0.9985221
146_1,0.0020829707
6093_9,0.9985896
7215_10,0.99863297
6098_9,0.99854493
2873_10,0.9986749
2683_10,0.99877447
6886_9,0.99804294
4992_8,0.993807
1038_1,0.0014550629
988_3,0.0015487612
212_7,0.001810211
6838_1,0.0022170132
4865_8,0.99832565
6908_9,0.99871576
8548_10,0.9985896
2297_4,0.0022872274
3455_4,0.010013569
5743_2,0.0027576222
5820_1,0.883236
4636_3,0.0067975316
8184_4,0.0017546144
7413_7,0.99861145
10750_7,0.9988305
10064_10,0.99869555
408_3,0.0014325365
10388_10,0.99832565
8380_4,0.0015731123
8904_2,0.0035936027
10854_10,0.9984988
11511_10,0.9985896
259_10,0.9988121
1580_1,0.0010649626
11775_1,0.0013045068
8674_1,0.0025909794
9540_10,0.99871576
6177_4,0.0010987311
11074_8,0.99884856
7191_7,0.9738444
7496_1,0.0010649626
4424_9,0.99847525
5733_9,0.9980732
2887_2,0.0014103585
239_2,0.0025509126
10920_1,0.001477943
10342_9,0.99871576
12321_1,0.0012843083
1833_3,0.0014103585
5494_7,0.9985896
8687_8,0.99879336
1076_8,0.9988121
7638_3,0.0025509126
1361_3,0.0020507437
1884_4,0.0017821962
2056_10,0.9986749
5_4,0.0019570168
1034_10,0.9984022
4008_8,0.9986541
4239_4,0.005220126
7257_4,0.0044683837
9541_8,0.9987356
5869_1,0.0014103585
1326_4,0.0012448432
936_2,0.0021489493
10473_4,0.0018969199
12413_2,0.0019267346
5934_9,0.020645931
2419_7,0.9984988
49_4,0.0035936027
2129_9,0.99871576
12356_1,0.0014325365
9268_2,0.0014550629
7915_7,0.998103
11405_3,0.97423947
7526_9,0.99871576
6639_2,0.0010817152
7939_1,0.001133569
8934_1,0.0038244836
2422_1,0.001032231
3885_4,0.004905406
1703_3,0.9967775
7530_9,0.9987356
5833_1,0.0011513996
9858_4,0.0015731123
12307_3,0.0023231625
9341_10,0.99832565
4490_10,0.99871576
9292_10,0.9974885
7830_1,0.0018969199
5329_1,0.0012843083
5205_10,0.99854493
2172_1,0.0014103585
8857_4,0.0017821962
7933_1,0.0022518474
12277_4,0.026556572
9853_10,0.9930962
5927_8,0.99884856
4453_4,0.0027576222
3034_1,0.0011513996
3469_1,0.0012255674
12014_2,0.0023231625
3802_3,0.006692851
10911_8,0.011777842
7519_1,0.0015247865
4155_1,0.0025509126
7873_1,0.001133569
7002_10,0.9988121
11597_1,0.001648483
9043_3,0.0032224844
7623_3,0.9764905
6615_9,0.99871576
5982_1,0.0012448432
492_1,0.0013045068
7105_1,0.0014103585
7072_8,0.9988121
7585_3,0.994089
114_2,0.0017546144
675_2,0.0038844768
5141_1,0.31658053
11299_1,0.001477943
7008_4,0.001867566
4963_4,0.0044683837
9363_8,0.9980122
12419_8,0.9959927
499_2,0.78858316
4741_1,0.0010987311
3160_10,0.006003596
4605_7,0.9974885
7181_4,0.0017546144
2620_3,0.0013458604
7101_7,0.9984022
3358_8,0.99854493
11150_3,0.95531917
11555_3,0.0067975316
11975_2,0.81699115
44_8,0.99877447
4699_10,0.99877447
6042_2,0.0025909794
10368_3,0.938124
2409_8,0.99821776
5933_1,0.0027576222
7460_1,0.0016743994
11653_3,0.9985896
1699_4,0.9908744
6189_4,0.001477943
12263_10,0.99879336
700_7,0.9987356
1974_9,0.9984022
4664_1,0.0025909794
2083_3,0.0017546144
3454_1,0.001133569
3196_4,0.9983516
7920_2,0.001477943
10257_10,0.9988121
12344_10,0.99821776
130_9,0.99854493
315_4,0.013636835
5923_10,0.9987551
1234_10,0.99861145
7402_2,0.0014103585
4634_1,0.002434382
2558_10,0.9987551
11220_10,0.9777139
7652_10,0.99863297
1070_1,0.0027576222
3018_1,0.007011795
6365_1,0.0013458604
6081_4,0.24364243
1015_4,0.8868131
7071_10,0.99732697
4682_1,0.0013045068
5242_1,0.0973904
5125_9,0.9988121
11299_7,0.9986749
7445_1,0.0021157034
8206_10,0.9987356
7878_7,0.998884
11630_4,0.0025909794
9391_8,0.025957355
4755_2,0.0014103585
36_8,0.9987356
617_9,0.9986749
987_7,0.9984988
1185_1,0.001264422
11135_1,0.001032231
6457_2,0.0012255674
8337_7,0.9988121
9931_9,0.9987356
6932_10,0.9766692
9504_3,0.0013045068
2333_2,0.0015978455
10397_10,0.9982993
6200_4,0.0019267346
8004_10,0.99724233
10818_10,0.9988121
164_7,0.0059110695
6945_9,0.99854493
2551_10,0.9984269
10887_3,0.0012843083
8942_8,0.99884856
6779_1,0.002673006
9818_10,0.998884
11352_4,0.0031726828
1035_9,0.99877447
9212_2,0.0012448432
8530_3,0.0017007225
7858_3,0.0015731123
1777_4,0.0038244836
6976_10,0.99877447
9426_2,0.001133569
2154_1,0.0038244836
7037_9,0.9975656
1501_1,0.0023231625
12448_2,0.0012255674
1005_2,0.0013670255
8031_1,0.0032730647
8084_8,0.9988121
11933_3,0.0011160143
3206_10,0.99869555
10197_2,0.0018386653
8838_9,0.0140636265
7720_1,0.0013670255
9739_3,0.010902373
8312_4,0.0012843083
3492_9,0.99854493
1133_8,0.99740905
3255_9,0.99845123
10625_8,0.99827254
12307_9,0.047780063
325_10,0.9987356
4393_10,0.99879336
8755_2,0.0015011822
2645_4,0.0012255674
10712_8,0.99635005
10358_7,0.9949397
10913_1,0.002889581
8406_7,0.9987551
12131_8,0.9986749
8306_7,0.99847525
8722_9,0.9988121
6363_3,0.0012065897
6876_10,0.99877447
10802_8,0.920218
6078_2,0.0015247865
4558_8,0.99854493
643_4,0.0017274586
9956_10,0.9986541
7267_8,0.9985896
10491_7,0.99879336
5105_8,0.99869555
7213_10,0.9986541
8442_2,0.01507263
11035_10,0.99863297
9961_3,0.02096424
2616_1,0.0010987311
7666_4,0.0025509126
548_4,0.0031236487
2425_10,0.99879336
4173_1,0.0011513996
3558_10,0.9977482
4117_3,0.00498227
9803_3,0.0011160143
1545_1,0.001133569
6564_7,0.99879336
1306_1,0.0017007225
632_1,0.0011695102
3132_8,0.99869555
5755_2,0.001477943
5282_1,0.0016743994
5891_10,0.99863297
3961_7,0.99877447
4107_1,0.07696084
2370_8,0.99861145
1363_1,0.0012843083
5359_9,0.9988121
759_10,0.99861145
727_8,0.9987356
1875_1,0.0015731123
10586_1,0.0011695102
4906_1,0.001016244
11685_4,0.0017274586
1632_1,0.004264634
4913_10,0.9986541
11375_1,0.0021157034
423_10,0.99847525
5957_9,0.99854493
9389_1,0.0011879054
10450_7,0.9984988
4205_1,0.3115316
2983_1,0.001264422
7895_1,0.0013670255
2761_4,0.0015011822
3359_1,0.0013250223
687_9,0.9986541
8150_1,0.004070138
1647_10,0.99847525
10920_8,0.99854493
4813_8,0.9986541
4628_10,0.99863297
5738_4,0.0014103585
11255_3,0.0013670255
7801_10,0.99871576
3258_2,0.0017546144
10513_7,0.25982568
9358_8,0.9988305
6864_2,0.0010005045
3038_8,0.9986749
6928_1,0.7078088
10277_10,0.99877447
9231_1,0.0011879054
8098_7,0.9986749
11550_10,0.99771273
10233_7,0.99854493
180_3,0.030908957
538_8,0.99869555
4977_9,0.99879336
11386_3,0.001867566
1045_3,0.0017007225
61_1,0.002889581
6907_8,0.998103
11368_10,0.99711037
10_3,0.001622967
7034_3,0.0017821962
3051_10,0.9980732
362_9,0.9986749
8037_7,0.99847525
11408_4,0.0017546144
8783_7,0.99832565
1755_10,0.9986541
3610_3,0.0011513996
1376_3,0.0020507437
4970_9,0.997783
7802_9,0.99847525
4169_1,0.001133569
2063_4,0.9987551
2825_10,0.9987356
10758_10,0.9986749
10778_2,0.0017274586
979_10,0.99869555
11700_4,0.997783
7848_10,0.0054692742
1294_7,0.9987356
4806_4,0.9983516
10159_4,0.0014550629
3461_4,0.9984988
10312_1,0.0012065897
4297_1,0.0013885231
5081_2,0.0023231625
2156_1,0.0014550629
8417_1,0.0017007225
10182_10,0.99871576
11732_2,0.0015487612
10078_3,0.0013250223
4772_1,0.0013458604
6187_4,0.0016743994
4219_10,0.99871576
5208_8,0.99824536
4935_2,0.0027149855
6528_10,0.9987356
4080_1,0.0015731123
6147_10,0.96691406
1352_2,0.0017546144
5675_9,0.9977482
3024_4,0.0013458604
6930_3,0.0016743994
7005_1,0.0017546144
380_9,0.99847525
5923_3,0.0025509126
1246_9,0.99871576
3081_8,0.9987356
11913_3,0.005384938
4112_8,0.9693242
1440_8,0.9988305
12123_7,0.6638869
3731_1,0.0011695102
420_10,0.99818975
5862_1,0.00096975197
10864_7,0.9988305
3484_1,0.0013885231
9438_4,0.0028009268
7032_10,0.99884856
7670_2,0.001622967
5251_9,0.99871576
5296_7,0.99788433
9161_7,0.026155619
6446_4,0.0076956474
11694_8,0.99371004
1674_9,0.9988121
8831_10,0.97719735
11813_10,0.9986749
3380_1,0.0011879054
8653_10,0.99869555
10485_1,0.0014325365
3771_9,0.99740905
5534_1,0.0013458604
2_7,0.997981
2334_9,0.9988305
8327_4,0.0036499873
8552_9,0.99886644
9117_10,0.99845123
11953_10,0.9988121
7015_4,0.0020829707
9649_10,0.9986749
1701_1,0.007011795
1946_3,0.0019877742
1536_10,0.99877447
6419_7,0.9987551
6619_10,0.99827254
3715_10,0.9988121
6001_9,0.99869555
4555_9,0.9987356
6367_4,0.004070138
8350_10,0.99824536
8376_7,0.99879336
8231_1,0.0011879054
11595_9,0.9988121
10372_4,0.0269635
2711_8,0.99877447
407_4,0.0015011822
10798_10,0.99871576
5358_1,0.0033244372
158_1,0.001032231
6578_7,0.99580115
217_8,0.9984269
4535_10,0.99861145
4887_10,0.9962346
5595_4,0.98228765
1837_9,0.99854493
7723_1,0.0012065897
1935_7,0.03541073
7357_4,0.0013458604
3293_3,0.0017007225
5176_1,0.0012065897
10930_7,0.06325053
4618_1,0.004198795
15_2,0.0015978455
4009_1,0.0014103585
3854_1,0.001810211
2889_10,0.9986749
2737_1,0.9623913
9811_3,0.004070138
12016_2,0.0031236487
8470_10,0.98582757
2965_7,0.0022170132
6620_1,0.0012843083
7447_3,0.0016743994
1197_9,0.9984269
9750_9,0.99884856
3001_1,0.0017274586
8068_2,0.002434382
5660_1,0.02211659
5595_10,0.9986749
4377_4,0.005384938
7354_8,0.9984022
11858_1,0.0011879054
7611_2,0.0013670255
6855_7,0.8688268
11522_1,0.0015487612
21_9,0.99879336
3423_9,0.99861145
2061_8,0.99879336
5594_10,0.9986541
6106_3,0.0027149855
9222_1,0.57284224
2305_3,0.0013670255
12493_4,0.99155444
8841_9,0.99390244
3824_8,0.99879336
703_8,0.99827254
1638_1,0.0010484692
11339_4,0.0013045068
10173_1,0.001648483
6481_2,0.48157573
9468_2,0.8601343
1830_9,0.99877447
9940_8,0.20055768
7768_1,0.0016743994
414_2,0.0017007225
9554_3,0.001867566
2894_4,0.0010484692
2509_7,0.9986749
2430_2,0.004609572
10244_7,0.14706452
2874_9,0.004331502
4615_4,0.9976404
9011_10,0.99877447
8977_9,0.99869555
6709_9,0.016152835
7963_3,0.987375
7531_10,0.99863297
5058_3,0.001810211
2875_2,0.005554925
9191_8,0.99824536
2596_10,0.99863297
9660_8,0.9987356
3682_1,0.0017274586
4189_1,0.001264422
739_10,0.99879336
836_4,0.0022170132
2422_7,0.0076956474
4318_1,0.0014103585
1443_2,0.001622967
2782_8,0.99877447
10260_1,0.96378
10624_10,0.77864933
3288_8,0.9981324
155_2,0.00096975197
4941_9,0.99861145
1449_8,0.9988121
10575_1,0.0016743994
3568_4,0.9942697
261_9,0.99863297
10420_9,0.9988121
4008_1,0.04304285
4263_9,0.9984988
11924_4,0.0025114634
11488_7,0.99837697
1599_1,0.0020507437
11383_10,0.9986749
1800_9,0.99845123
9705_10,0.9986749
10044_8,0.998103
471_3,0.0019267346
3494_9,0.9988305
11492_10,0.9976404
257_3,0.07316472
10745_1,0.0030753699
7305_1,0.002631674
6239_8,0.99886644
3068_10,0.997981
2862_1,0.0015011822
11217_4,0.23792991
10650_9,0.99871576
3588_10,0.99877447
8345_10,0.8338664
9980_2,0.0013250223
8901_1,0.0013045068
5438_8,0.99879336
10879_10,0.99869555
9064_3,0.030214587
193_9,0.99629277
470_4,0.003707253
5128_7,0.997917
10542_10,0.9073123
205_10,0.99837697
8091_7,0.99877447
11383_3,0.0022170132
10274_2,0.001810211
7865_7,0.9986749
7525_1,0.9974491
2168_2,0.0010817152
11082_8,0.9984269
1991_2,0.004905406
10524_10,0.9988305
4628_3,0.011508149
4269_7,0.99869555
7367_2,0.0027149855
1390_1,0.002673006
7158_1,0.001810211
12442_10,0.99586606
8388_1,0.0011695102
7980_7,0.6686639
3054_1,0.0011513996
11143_2,0.021615336
2238_1,0.0011695102
949_3,0.002019014
42_4,0.0023596606
4093_7,0.9986749
3657_3,0.0011879054
9812_10,0.9987551
6879_3,0.0028009268
2189_8,0.99856746
11804_1,0.0014325365
5280_10,0.9988121
411_8,0.82275945
5673_1,0.0019570168
11633_2,0.0017274586
10389_1,0.001133569
9516_10,0.9984269
12169_8,0.9984269
232_7,0.9763105
6061_4,0.0012255674
6755_8,0.99863297
2880_10,0.99871576
4187_7,0.01395571
4175_7,0.9985896
11674_3,0.0022170132
10397_1,0.0023596606
4334_10,0.9980122
7654_10,0.99877447
1657_9,0.9988121
2025_2,0.0010649626
2276_4,0.001264422
1957_10,0.9986541
11627_4,0.0025909794
11799_4,0.0028449094
10251_10,0.99869555
1231_4,0.0013885231
8302_8,0.99845123
12342_7,0.0140636265
8105_3,0.98934746
3892_4,0.0011879054
8473_9,0.9984988
448_8,0.99877447
7317_2,0.001622967
2074_1,0.0020507437
12249_7,0.99847525
5467_2,0.002673006
12109_1,0.001867566
11511_1,0.0017007225
9476_3,0.9982993
1170_10,0.99869555
8970_9,0.9986749
12308_1,0.0013670255
3101_8,0.99856746
3066_1,0.001133569
11519_7,0.005554925
5314_2,0.0025509126
9160_4,0.006903838
6512_3,0.0064882697
7836_4,0.007121429
11429_1,0.014172365
12043_9,0.9987551
270_1,0.0014325365
821_1,0.0021489493
4572_10,0.9984269
11437_1,0.0014550629
4899_3,0.0022518474
8226_9,0.9983516
5445_9,0.9988305
2459_2,0.036769465
12192_7,0.9987551
5459_9,0.99486035
7308_7,0.99298817
11308_1,0.0013250223
4122_3,0.0015247865
144_9,0.997783
12145_4,0.0011695102
8511_8,0.9987356
11319_7,0.9986749
9257_10,0.99856746
6737_3,0.0013670255
9327_9,0.9984988
1246_1,0.0011160143
11239_10,0.9987356
2915_1,0.0014550629
6019_10,0.99877447
1151_9,0.9986749
11796_2,0.0019877742
10400_9,0.06008665
9599_10,0.9957353
2283_3,0.0014103585
5474_3,0.0016743994
2670_3,0.0014325365
6_3,0.011687259
69_4,0.006003596
11234_10,0.998103
6575_10,0.9985896
9391_1,0.0017821962
12053_1,0.0015247865
1387_8,0.9981324
2649_9,0.9985896
9004_4,0.0021489493
8723_1,0.0019267346
11609_1,0.0012843083
9585_2,0.0016743994
2736_1,0.0013670255
6607_2,0.0013885231
11939_2,0.0013458604
2024_8,0.99861145
1503_8,0.011869121
10177_10,0.99824536
10266_1,0.0013250223
547_7,0.9930962
5272_10,0.99869555
5204_9,0.9988121
9369_2,0.0021489493
6273_1,0.0011513996
10825_7,0.9987551
644_8,0.9952448
347_1,0.002396731
12309_1,0.0014103585
5502_10,0.9986541
7203_1,0.0017274586
8714_2,0.0025909794
713_8,0.9987356
10289_1,0.0025114634
7666_8,0.02017732
6753_1,0.0014103585
6350_1,0.001264422
11232_8,0.99856746
10551_1,0.0015247865
5967_7,0.9980122
1049_3,0.0019267346
11238_10,0.034358688
8043_9,0.99877447
8751_4,0.94891727
6514_2,0.0025909794
1461_3,0.0015978455
12137_8,0.9985896
9884_1,0.0010649626
4652_10,0.9988121
3169_4,0.0012448432
4138_8,0.9986749
6125_7,0.0032730647
7298_8,0.99854493
4602_8,0.99155444
3523_1,0.002434382
10990_1,0.0015978455
9278_1,0.001477943
2614_3,0.001867566
4762_3,0.0011513996
2557_9,0.99861145
9390_1,0.0011160143
7144_10,0.99877447
6655_7,0.9979493
9806_3,0.0013670255
986_10,0.9986749
9969_10,0.9985896
8915_1,0.03963884
3888_2,0.0053018946
1963_1,0.002019014
10523_9,0.9939964
9995_2,0.6173396
4491_1,0.0015011822
926_10,0.9987551
5679_7,0.18476751
5201_8,0.03384404
9785_3,0.0011160143
337_1,0.0014550629
4129_3,0.0025114634
9231_8,0.088820286
2058_2,0.0012448432
4801_10,0.9987356
2116_1,0.0014325365
11539_10,0.9986541
200_4,0.8418256
8271_10,0.99856746
10088_8,0.5961981
10816_10,0.9988121
80_7,0.98159516
9331_7,0.9988121
3866_9,0.9986541
4534_3,0.0112445615
8981_9,0.9984022
510_7,0.99827254
4980_1,0.0011879054
3336_1,0.0030278352
1934_7,0.02517884
2815_4,0.9986749
6606_4,0.0019877742
11802_1,0.3925369
6312_9,0.99869555
1914_2,0.0025509126
1970_8,0.99861145
9791_10,0.997981
3721_10,0.9811669
7947_10,0.99871576
8009_10,0.99824536
3370_7,0.01798621
8943_3,0.0335895
5873_10,0.9941801
7379_1,0.0013045068
3585_10,0.9986541
6934_10,0.9987356
5841_1,0.98657167
1354_7,0.9987356
9215_10,0.9979493
2668_4,0.001016244
8441_8,0.9984269
5255_7,0.23022676
3649_1,0.001810211
1169_10,0.9988121
2366_7,0.9988305
4229_1,0.0012065897
29_3,0.007815888
6109_2,0.0012843083
11174_4,0.001648483
12477_7,0.01395571
11713_1,0.0015247865
2231_2,0.0048297215
7598_8,0.99877447
5095_3,0.0011513996
3062_10,0.99847525
11451_7,0.9986749
7100_3,0.001133569
11005_1,0.001264422
9902_8,0.9988305
8850_10,0.9967269
5542_2,0.1066906
9371_1,0.0022170132
8042_7,0.99879336
1757_1,0.001477943
2256_1,0.0014103585
9793_3,0.001477943
11791_2,0.8204695
4814_2,0.002019014
630_7,0.99856746
10622_10,0.99884856
5781_1,0.001648483
7422_10,0.99821776
10084_10,0.99869555
9550_9,0.9985896
11646_8,0.9985896
110_1,0.0022518474
4811_1,0.0015487612
9559_4,0.002673006
2755_10,0.99877447
698_1,0.0020507437
8437_1,0.0027576222
1470_8,0.99863297
11449_8,0.0022518474
8078_8,0.9987551
238_1,0.0014103585
4950_10,0.99877447
10793_7,0.9987551
8497_10,0.99863297
9160_9,0.049958523
8472_1,0.0011695102
1583_8,0.9975656
2923_3,0.0011695102
9770_4,0.9888419
10706_2,0.013121271
4573_2,0.0028449094
11176_10,0.99869555
616_1,0.0013045068
4574_8,0.9986541
8465_10,0.9984269
4049_9,0.9986749
3707_3,0.0011513996
4398_10,0.99871576
11727_1,0.0017821962
7244_8,0.99884856
549_3,0.0021489493
9461_1,0.65246284
6748_3,0.0013670255
7093_10,0.9987551
9115_10,0.99869555
8284_9,0.99869555
469_8,0.983597
1281_9,0.9988121
2816_3,0.98242307
11001_7,0.997851
6987_2,0.0013885231
5428_3,0.0018969199
5992_10,0.9988305
2315_1,0.0012065897
7329_7,0.99863297
3956_1,0.0012843083
11453_1,0.0017821962
726_1,0.0013250223
10517_1,0.0033766124
4494_8,0.9980122
11980_10,0.9987356
2926_1,0.003538086
1671_2,0.98201376
8291_4,0.0011879054
948_8,0.99657035
8122_1,0.005060332
9343_10,0.9983516
6011_10,0.99827254
7156_4,0.0020829707
9596_2,0.0016743994
10583_10,0.9985896
3190_10,0.99879336
10841_10,0.9986749
6122_8,0.006003596
1315_10,0.9987356
3667_1,0.011331754
4225_2,0.0013458604
11268_8,0.99711037
412_7,0.9985896
4891_10,0.99871576
4791_10,0.99877447
4463_2,0.0025509126
3173_7,0.9651191
2937_8,0.9986541
9438_10,0.9984988
9900_9,0.99863297
424_10,0.99884856
955_10,0.9986541
10060_3,0.0013885231
6063_9,0.9987551
1960_1,0.0012843083
1456_8,0.99847525
1859_2,0.0029810332
1262_8,0.99871576
5325_4,0.0031236487
5944_4,0.0033244372
2805_4,0.10557884
11591_1,0.0016743994
3257_1,0.0111580305
11444_3,0.001622967
5446_3,0.0025909794
11801_1,0.99155444
8653_2,0.0012255674
10939_1,0.0010817152
10079_10,0.998103
8188_1,0.0018386653
3825_3,0.0022170132
6659_2,0.0025509126
9779_2,0.0018969199
2852_2,0.0013045068
11117_7,0.95531917
4367_3,0.016152835
7538_4,0.92788786
9183_3,0.0031726828
1910_8,0.9984269
4563_4,0.0031236487
7743_7,0.99886644
6770_1,0.0015247865
10133_4,0.006003596
6279_8,0.9985221
7907_1,0.001477943
1458_2,0.0017546144
12427_1,0.0032224844
3221_10,0.9988121
1614_10,0.9987551
2761_10,0.992062
5151_4,0.0021157034
8803_8,0.99877447
10726_1,0.0013458604
824_8,0.9987551
12377_10,0.09534946
3401_3,0.0038844768
3603_7,0.25757825
3655_4,0.0015011822
9963_3,0.0051396107
4266_1,0.0010987311
1176_4,0.0018969199
959_4,0.0023596606
4494_1,0.0015731123
12381_10,0.9985221
4603_8,0.99580115
625_2,0.9964064
7597_3,0.0024726235
594_9,0.99553156
10998_10,0.99818975
5122_10,0.99863297
9820_10,0.99863297
2428_1,0.0011879054
10928_1,0.0010649626
9083_2,0.947381
8669_1,0.0015731123
9159_9,0.9986749
4171_10,0.9985221
7985_8,0.99863297
4181_1,0.0011513996
4577_8,0.9974491
910_4,0.015424551
10673_4,0.08601587
1530_10,0.99877447
2436_4,0.0075772414
3934_10,0.9984988
9273_1,0.0030753699
3188_9,0.99886644
1826_4,0.0019877742
4777_1,0.0012843083
7449_10,0.99879336
490_2,0.99371004
1351_1,0.001016244
9172_7,0.99837697
6211_8,0.99861145
7114_8,0.9985221
1316_2,0.0015731123
6531_10,0.9984269
4381_3,0.0015731123
10347_1,0.005060332
5497_8,0.9987551
7041_10,0.9987551
4466_4,0.0011879054
1690_1,0.0012448432
912_1,0.001264422
10342_1,0.0013670255
6323_4,0.002396731
3243_1,0.01883313
9143_1,0.011869121
7175_3,0.0012255674
1962_7,0.99847525
11135_7,0.9967269
8524_1,0.0017821962
10026_3,0.0036499873
3031_4,0.9875683
1766_2,0.001648483
6042_10,0.99827254
3357_7,0.99847525
11065_10,0.9981324
11641_9,0.99871576
4389_2,0.0019877742
10946_1,0.0011160143
6385_10,0.9987551
5520_4,0.9974885
8036_8,0.99871576
4726_4,0.9807288
1510_8,0.99580115
11016_8,0.9987356
893_1,0.002019014
655_3,0.0023596606
12226_7,0.46529636
3878_10,0.9985896
8589_8,0.99854493
4108_10,0.9942697
8586_3,0.0015487612
2326_9,0.998884
155_8,0.00581996
11073_7,0.9744348
1672_10,0.99877447
1715_8,0.997917
10443_7,0.99856746
9673_1,0.001264422
10731_9,0.99845123
4427_3,0.00581996
422_3,0.0020829707
7121_3,0.0027576222
4415_4,0.26095408
11599_1,0.0015487612
6015_9,0.997285
3470_1,0.0017546144
3951_10,0.9986541
2665_10,0.99879336
10295_10,0.9986541
3220_10,0.9981614
4748_1,0.0013458604
189_9,0.99879336
3502_9,0.0054692742
10561_9,0.99869555
5051_4,0.0027576222
7644_7,0.9971551
559_4,0.99155444
3236_1,0.0011160143
9985_9,0.99879336
3512_7,0.9941801
10318_1,0.00093994394
3509_1,0.9951703
7686_10,0.9983516
8947_8,0.9986541
6783_10,0.9982993
9836_10,0.99863297
971_3,0.0029810332
1127_1,0.0013885231
8953_7,0.9983516
5763_10,0.99818975
9147_10,0.99863297
10688_1,0.0010649626
2148_7,0.9977482
8997_10,0.99871576
3094_10,0.9987356
1152_3,0.020645931
1907_10,0.9982993
1845_10,0.9988121
6852_7,0.9985896
5573_10,0.9987356
8709_2,0.016152835
2882_10,0.99869555
11230_8,0.9979493
10124_3,0.002396731
12361_1,0.001622967
8117_4,0.0032730647
1192_10,0.99871576
1657_4,0.0025909794
10319_8,0.997917
10954_1,0.0030753699
2048_10,0.6796041
5763_4,0.010013569
9491_10,0.9984269
4081_3,0.99351174
4877_9,0.99827254
10981_9,0.99879336
11440_1,0.0014325365
7608_2,0.0015011822
194_1,0.0014550629
7116_7,0.8311431
2118_10,0.9985896
9997_10,0.9988121
3880_1,0.0015487612
4197_10,0.9744348
1166_10,0.01812472
3504_8,0.99847525
3170_10,0.9987356
1477_8,0.9982993
881_8,0.9988305
10229_2,0.0017007225
9515_1,0.0014103585
6714_7,0.008061991
8570_8,0.0020829707
6892_10,0.9987356
8710_10,0.99871576
9135_10,0.9987551
10924_10,0.99861145
5252_4,0.004609572
6581_10,0.9987551
8837_10,0.9984988
3820_1,0.0010987311
9914_3,0.002673006
3141_1,0.0015247865
7893_1,0.0011513996
306_1,0.0013250223
2527_3,0.002631674
8148_2,0.0031726828
9778_10,0.99869555
10438_9,0.9987551
5230_4,0.34323165
1691_1,0.002396731
6124_10,0.97788346
5256_3,0.21337716
4294_7,0.99732697
10575_10,0.9986541
9610_9,0.99827254
563_10,0.99740905
6328_10,0.99871576
6903_2,0.0013250223
6899_4,0.0013885231
7166_4,0.00619299
2993_4,0.006692851
10771_8,0.9982993
11298_1,0.0012448432
9101_2,0.001477943
7716_3,0.0019267346
2722_1,0.002889581
5227_8,0.9987551
241_1,0.0010817152
192_2,0.0015011822
9006_10,0.9987551
5505_7,0.03704717
10822_8,0.9988305
1046_1,0.0011513996
1865_3,0.002434382
11845_7,0.99879336
6675_7,0.9985221
6240_1,0.00095473166
10392_8,0.9987551
3405_10,0.99861145
11919_10,0.99877447
2294_9,0.9988305
1097_3,0.008445628
6888_10,0.9985896
12373_1,0.001867566
11785_10,0.99804294
11805_1,0.0017546144
2328_9,0.997917
2636_1,0.0014550629
12359_7,0.9985221
7733_8,0.9883128
9877_1,0.9263037
12266_7,0.9987356
8274_1,0.004264634
11727_8,0.99861145
12389_8,0.9986541
2464_4,0.99711037
4930_1,0.0027576222
11304_9,0.99877447
2140_1,0.0045384313
11168_9,0.9980732
1772_9,0.99877447
3857_8,0.99877447
4559_3,0.0018386653
6986_8,0.0044683837
9647_1,0.0032224844
11714_1,0.0013670255
5436_2,0.01384861
2736_9,0.9987551
4499_8,0.9986541
2701_10,0.9988305
11604_8,0.9987551
6133_1,0.010091315
4151_3,0.99861145
3978_3,0.0013670255
1973_9,0.99871576
11752_10,0.99877447
10192_10,0.99732697
8318_4,0.001016244
5685_1,0.0012255674
8978_4,0.019419348
12289_10,0.997981
5603_9,0.9987551
5209_10,0.9979493
8360_7,0.0015011822
5690_2,0.0010987311
8463_10,0.0035936027
5304_10,0.99854493
720_10,0.99845123
9301_3,0.0025909794
1392_1,0.0035936027
10893_4,0.0038244836
1299_9,0.01812472
5552_2,0.0021157034
4348_4,0.0051396107
12384_4,0.51257056
11947_2,0.06325053
1740_3,0.0012065897
7869_10,0.997981
5959_7,0.9986749
2301_8,0.9988305
5572_7,0.99788433
3716_1,0.07477005
8558_7,0.99832565
12210_1,0.0013670255
3744_4,0.0065897712
12487_2,0.0015011822
5348_7,0.997917
1065_1,0.0011879054
1414_10,0.9980732
2672_4,0.0028009268
1014_8,0.040845715
2248_10,0.99827254
2221_8,0.99856746
4576_1,0.0012448432
10578_10,0.99863297
8525_2,0.016914913
5332_8,0.8844391
12007_2,0.0013458604
1107_2,0.0021489493
8295_10,0.9986749
10093_1,0.001477943
6441_1,0.0018969199
10422_3,0.0011879054
11034_3,0.0012255674
3379_9,0.99863297
7512_1,0.0015487612
12165_1,0.0011513996
11634_10,0.997065
4567_10,0.99361163
6971_8,0.9985221
2145_3,0.0031236487
5639_1,0.0014550629
8049_7,0.9981324
7953_1,0.012920473
12440_4,0.0012065897
9134_8,0.99877447
5720_10,0.9988121
1851_10,0.9985896
3673_10,0.99863297
9037_3,0.06052939
8547_10,0.9987551
111_10,0.99824536
5279_9,0.99879336
2379_9,0.99863297
6000_10,0.9962346
990_7,0.0019267346
1519_9,0.99771273
5987_7,0.99657035
2959_7,0.99869555
8898_2,0.0011513996
5746_10,0.9987356
6268_8,0.009559399
5449_7,0.02211659
5561_1,0.001477943
11470_3,0.0011695102
11837_1,0.0022518474
6761_10,0.9987356
1590_1,0.0017546144
927_10,0.9987356
1495_9,0.9974491
10529_7,0.99827254
7704_2,0.0018386653
10707_3,0.0021489493
3862_1,0.0014550629
3612_7,0.9987356
8212_2,0.0010987311
10649_10,0.9980122
9767_1,0.001264422
4054_3,0.0015487612
9783_3,0.001867566
3116_2,0.0025114634
4631_10,0.9988305
7228_1,0.0015247865
2744_8,0.99611557
6028_10,0.99863297
10812_9,0.99804294
417_10,0.9987551
11876_10,0.9984269
946_7,0.34687307
8265_10,0.99877447
6833_10,0.99877447
4150_4,0.0015247865
899_9,0.9987356
223_10,0.99869555
7369_3,0.013428254
5075_8,0.07004896
6634_1,0.0011695102
3486_8,0.99837697
11473_1,0.018264279
3276_10,0.99869555
3272_2,0.0037654138
2727_3,0.0045384313
4134_7,0.032589745
5744_3,0.0057302467
8715_1,0.0013250223
4812_1,0.0013250223
6841_1,0.002019014
6822_1,0.95531917
3211_4,0.004264634
5489_2,0.0010649626
1168_1,0.0012843083
3056_9,0.99856746
4516_10,0.99869555
9542_1,0.0011879054
4400_10,0.99879336
2766_10,0.9985896
6470_8,0.99856746
5434_1,0.0030753699
1406_4,0.099120855
11479_8,0.99837697
9881_10,0.9981614
10276_1,0.001264422
2875_8,0.99818975
1254_2,0.002631674
8017_10,0.25571522
9694_10,0.9546474
9522_1,0.001810211
11379_2,0.0016743994
7357_10,0.99856746
6080_9,0.99869555
2039_10,0.9988305
7086_8,0.99871576
4757_10,0.9988121
2472_10,0.971779
9442_1,0.0012448432
12438_10,0.9984022
747_8,0.9984022
6786_4,0.035144847
11942_8,0.9923044
8611_9,0.99877447
9240_8,0.998884
7411_4,0.0015487612
5196_4,0.0012843083
5709_3,0.0035936027
6758_3,0.0012255674
1933_9,0.9987551
4464_8,0.99877447
11100_9,0.9959299
3636_10,0.9985896
12328_1,0.004264634
6783_4,0.007232764
11381_10,0.9986541
4509_3,0.002673006
4775_7,0.8539127
10633_8,0.9757624
9161_1,0.0019267346
2277_8,0.99879336
7402_10,0.11240509
2713_1,0.0012065897
1312_1,0.0011160143
3633_1,0.9582261
8943_10,0.9987356
11734_3,0.08819005
12120_7,0.99657035
6285_1,0.0034834242
9296_1,0.0013045068
8696_9,0.99886644
7243_10,0.9986541
10135_8,0.05340333
6094_10,0.9982993
6962_4,0.004133968
3916_1,0.0013885231
3650_10,0.997285
58_8,0.99871576
10858_1,0.0017546144
11894_8,0.9987356
759_1,0.0016743994
10311_1,0.010248601
1127_10,0.9984269
6723_7,0.99371004
4966_7,0.99740905
7196_4,0.00619299
6244_1,0.0015011822
9510_10,0.9988121
3471_10,0.99877447
9840_2,0.63883525
11886_9,0.9981614
7880_10,0.99832565
6358_10,0.9988121
6280_2,0.0015247865
2580_3,0.0015731123
122_4,0.001810211
5713_2,0.0020829707
7187_7,0.9959299
8601_8,0.9981614
52_10,0.99879336
2447_7,0.9984988
4828_4,0.0011513996
5371_1,0.002019014
5066_1,0.0011513996
12184_2,0.0019877742
85_2,0.0020829707
10067_7,0.99871576
3999_9,0.99879336
11623_10,0.99871576
10826_4,0.0021827165
3780_1,0.0013885231
10195_1,0.001264422
7875_4,0.0019267346
8510_4,0.001810211
9916_2,0.0015011822
10023_4,0.2666436
6870_8,0.99845123
4753_9,0.99877447
11120_7,0.026355354
2516_10,0.9942697
1719_10,0.9984269
4426_4,0.0021489493
7835_7,0.99605453
5148_7,0.05379964
2997_7,0.0040072887
2211_7,0.9263037
626_4,0.08329193
779_1,0.0025909794
9712_10,0.99847525
1504_9,0.99871576
8903_3,0.0015978455
359_7,0.997065
7465_7,0.99879336
10966_2,0.0019570168
8227_2,0.0027576222
10746_2,0.002396731
10356_1,0.016403032
12286_1,0.0013045068
11128_7,0.025565214
12489_3,0.0032224844
1264_1,0.001264422
3871_10,0.9985896
9248_10,0.9814534
3094_4,0.0039454065
7472_9,0.99821776
3537_2,0.0027576222
9727_2,0.0022872274
5453_8,0.9975274
2283_10,0.997783
7533_2,0.0013250223
6468_1,0.0025909794
12274_9,0.99863297
10713_3,0.0014550629
8518_7,0.9966234
1838_10,0.9987551
5304_1,0.36048904
4227_1,0.0019267346
5342_9,0.99877447
1754_8,0.9984269
4800_1,0.0015731123
10717_3,0.009859855
1919_1,0.0013885231
6851_7,0.92523
322_8,0.03567855
3028_4,0.0034296038
7463_2,0.0027149855
7999_1,0.001264422
3036_1,0.0022170132
11154_7,0.9943581
10501_1,0.0015011822
12272_8,0.9988305
1738_8,0.99861145
3242_1,0.002434382
6178_4,0.002631674
3405_4,0.909907
4663_7,0.9986749
11348_1,0.0012448432
7304_1,0.0013670255
2962_1,0.0012843083
11701_8,0.9984988
9354_9,0.9988121
9846_7,0.9967269
12496_10,0.99845123
5652_1,0.005384938
7371_9,0.99877447
10131_3,0.0011160143
9826_4,0.0014550629
6141_10,0.9988121
7472_3,0.007121429
2622_8,0.997783
10281_9,0.9986541
8668_2,0.0015247865
2348_9,0.9984988
12047_2,0.0011513996
11373_10,0.9984988
4254_1,0.0012843083
524_1,0.2635994
5808_1,0.0025114634
515_1,0.001622967
6414_9,0.120025635
8938_8,0.997851
12391_8,0.99877447
776_8,0.99884856
12197_7,0.99863297
4582_1,0.994089
3638_10,0.99869555
6338_3,0.0023231625
1165_2,0.0018969199
5574_1,0.002434382
7319_2,0.0014103585
595_10,0.9987551
6694_1,0.0017274586
12209_3,0.001133569
3268_10,0.99837697
12492_4,0.0019570168
4738_10,0.9986541
947_3,0.110855594
7726_10,0.9984269
94_10,0.9979493
11760_1,0.0035936027
10978_10,0.99847525
10072_1,0.0010817152
2346_10,0.99861145
5008_9,0.9986749
5135_2,0.0018969199
7979_3,0.99861145
10863_10,0.002889581
2862_9,0.9967269
7562_9,0.9988121
8023_4,0.0015731123
341_9,0.99871576
6321_4,0.005060332
9936_1,0.0015487612
9581_10,0.9988121
3750_2,0.0010987311
8298_2,0.0027576222
5900_10,0.99877447
6308_1,0.0011879054
1609_10,0.99760324
11054_1,0.001477943
7031_3,0.0012255674
9507_9,0.9986541
3121_1,0.001133569
7521_1,0.0017821962
4830_1,0.0019877742
6686_2,0.0016743994
1618_10,0.008847355
2190_10,0.9988305
6943_8,0.9429286
1385_7,0.99869555
544_8,0.99856746
3225_10,0.99845123
1044_3,0.0019570168
11691_7,0.004905406
6124_3,0.0036499873
7326_1,0.0014550629
1471_10,0.99832565
5010_1,0.0015011822
2695_9,0.99854493
1222_2,0.0013045068
1012_8,0.001648483
5459_1,0.001810211
4734_1,0.0011513996
3138_8,0.99871576
5674_7,0.99827254
6815_1,0.0012448432
8285_10,0.99863297
5504_10,0.9987356
6800_4,0.0014103585
5292_10,0.99869555
5121_1,0.002631674
9861_1,0.9872773
2645_10,0.99863297
9422_7,0.9985896
5144_1,0.0014325365
3877_9,0.99856746
7822_8,0.9985896
3324_2,0.0031236487
5559_3,0.002396731
9969_3,0.0038244836
2296_2,0.004905406
10021_9,0.9988121
11111_1,0.0017274586
1371_1,0.0015731123
4321_9,0.002631674
9706_7,0.96295285
11782_1,0.0012255674
141_1,0.005384938
3106_7,0.9984988
1817_10,0.99871576
4508_10,0.9988121
10922_3,0.0014325365
2304_7,0.9161096
2229_4,0.01065251
4283_9,0.9987356
9087_2,0.010986943
6003_9,0.9987551
12126_8,0.99879336
6067_10,0.9988305
8714_9,0.9986749
11932_1,0.1576549
2293_8,0.9988305
6184_8,0.9606575
8448_2,0.0030278352
8269_3,0.0012065897
7495_7,0.9976404
8282_10,0.9985221
2351_7,0.005060332
11688_7,0.99856746
3805_8,0.9905874
5158_1,0.0011160143
12476_8,0.9986541
8265_1,0.0022518474
2194_10,0.99871576
3465_3,0.0015247865
5234_10,0.9988305
6903_10,0.7371582
8085_1,0.0013045068
869_7,0.99629277
12034_1,0.001648483
6297_10,0.9987551
3194_1,0.001133569
8725_1,0.004331502
9563_10,0.99854493
11075_1,0.001477943
5734_10,0.99687636
5357_2,0.0013458604
6453_10,0.9987551
3263_3,0.007345827
12360_7,0.99861145
6477_1,0.006903838
11863_8,0.9952448
8459_3,0.0030753699
10594_10,0.98215127
2237_1,0.0031726828
7511_7,0.997981
3626_3,0.117572136
6288_2,0.001622967
125_7,0.9953904
3318_7,0.99837697
5525_7,0.99804294
9695_1,0.00096975197
5917_8,0.99871576
8486_7,0.99871576
6032_3,0.0013045068
7759_9,0.9986749
3456_10,0.99863297
1692_3,0.0020507437
2107_3,0.0019570168
11215_2,0.0032224844
1309_7,0.99847525
6650_8,0.9987551
5722_9,0.9988121
4479_4,0.0032224844
347_7,0.99771273
9399_10,0.99877447
2475_1,0.0021157034
8229_3,0.16451646
4869_2,0.0011879054
9691_1,0.001264422
1227_3,0.0022518474
360_3,0.0020507437
10047_1,0.0013250223
1607_3,0.0023596606
797_1,0.0037654138
9489_2,0.0063883206
1742_7,0.9985896
10531_3,0.0057302467
4947_1,0.001264422
10873_8,0.9877587
1429_7,0.9969722
10962_3,0.0012065897
3305_4,0.32167304
12160_8,0.9985221
9236_1,0.0022170132
3718_1,0.001648483
3434_8,0.99856746
10933_8,0.99837697
798_10,0.9986749
9879_9,0.9959927
6644_10,0.99847525
10978_1,0.0017007225
7867_2,0.0018386653
4369_2,0.0013045068
1251_4,0.95565146
1500_2,0.002019014
7574_10,0.99871576
5470_1,0.0015731123
2407_10,0.86522406
3451_3,0.0017821962
9385_1,0.0018969199
4078_8,0.039342504
3229_1,0.0015247865
1786_8,0.9984022
5173_2,0.0018386653
1211_8,0.98840266
4303_1,0.0044683837
6011_3,0.0011879054
4513_4,0.0013885231
11745_9,0.99879336
9675_9,0.99869555
11981_3,0.002434382
5977_10,0.99193794
5023_4,0.0028009268
8704_9,0.99856746
8644_10,0.99845123
10557_3,0.0013885231
6549_7,0.9985896
5557_3,0.0010817152
6402_2,0.0013045068
2642_4,0.003538086
11796_10,0.002631674
7102_1,0.0010817152
7968_8,0.99818975
11764_7,0.9905874
9415_9,0.9984988
4817_8,0.9987356
1007_4,0.0038844768
10943_9,0.99821776
7280_10,0.9987551
6068_2,0.0013250223
845_10,0.99687636
8377_3,0.001016244
8445_9,0.99884856
563_4,0.8407826
8761_9,0.99845123
1552_1,0.0013885231
9630_1,0.001264422
6444_7,0.9984269
3188_1,0.0012843083
2142_4,0.002396731
2045_10,0.9984988
2477_10,0.99884856
2597_1,0.0013045068
3137_8,0.99869555
1345_1,0.0017274586
8498_7,0.9984988
6550_4,0.9092645
9583_9,0.99856746
7506_7,0.9977482
9316_7,0.99854493
11473_10,0.99879336
3003_10,0.9985221
8532_7,0.0045384313
5654_1,0.007345827
822_10,0.97344345
1312_10,0.9987551
9665_4,0.021948254
4442_10,0.9987356
11758_7,0.99869555
11185_1,0.0025509126
11588_3,0.009559399
3366_10,0.9987356
7050_8,0.15405756
4778_4,0.0018969199
1_3,0.0017007225
2838_2,0.004133968
6910_8,0.9986749
3257_8,0.99869555
9111_7,0.9986541
6458_7,0.20118472
5622_8,0.99856746
12469_7,0.99879336
9670_10,0.99871576
8092_4,0.0012843083
1683_9,0.098079324
6181_4,0.004905406
8965_8,0.9984269
5186_1,0.0014550629
1250_2,0.0019267346
4705_10,0.9988305
10261_8,0.99854493
350_4,0.9814534
12302_3,0.0031726828
776_1,0.9984022
7424_10,0.99863297
10383_8,0.99863297
360_9,0.99869555
5798_10,0.99854493
10720_4,0.021125194
6009_8,0.9988121
2319_8,0.9985221
7053_10,0.99854493
11210_8,0.9988305
1985_10,0.9980732
6056_1,0.007232764
10315_1,0.0019267346
9_4,0.9763105
6530_4,0.001810211
1367_10,0.12852514
4564_2,0.0012843083
4343_10,0.0048297215
654_3,0.005554925
4857_1,0.0010649626
1377_10,0.9984988
8072_10,0.9984022
11433_7,0.9987356
6586_1,0.0013458604
10255_1,0.0025909794
350_10,0.9980732
6853_8,0.99877447
3693_10,0.9987356
2589_10,0.9850429
895_1,0.0018969199
6854_7,0.9985896
1274_2,0.001810211
9179_8,0.9986541
10141_8,0.99854493
10727_9,0.9988121
1158_7,0.9984022
9949_3,0.0036499873
7798_10,0.9988121
5964_7,0.9876639
11221_10,0.9987356
3053_3,0.004681822
8817_9,0.9986749
5850_2,0.0018386653
9635_3,0.0010649626
5000_10,0.9987551
10040_2,0.004198795
3065_1,0.0034834242
2196_1,0.8327813
12428_7,0.9985896
8454_1,0.0015247865
11456_10,0.9986541
5918_4,0.0034296038
10687_7,0.9986541
10507_7,0.005060332
9051_8,0.99871576
6315_4,0.0032730647
11266_10,0.99861145
5890_3,0.009708476
6257_8,0.9830851
2923_8,0.99877447
2952_1,0.0010987311
7269_8,0.9987356
1116_1,0.0015011822
11084_1,0.004264634
10287_1,0.0028009268
5704_9,0.9967269
11218_8,0.9987356
12275_2,0.0034834242
1414_4,0.002889581
7998_4,0.008315778
3286_1,0.0015011822
2515_1,0.001648483
851_1,0.0022872274
5181_10,0.99869555
5358_9,0.99871576
2677_10,0.9987551
34_8,0.99890125
9232_8,0.99788433
5835_10,0.99863297
10796_4,0.9324533
5553_8,0.9988121
666_4,0.9092645
9450_1,0.0012448432
10820_8,0.99863297
7994_10,0.99869555
8948_9,0.9988305
3301_2,0.0023596606
2801_1,0.001477943
4934_2,0.001622967
1539_10,0.99886644
10949_4,0.002631674
4394_10,0.9988121
4098_8,0.0025509126
1617_7,0.0043994132
9569_3,0.0037654138
8593_1,0.0012065897
3449_1,0.0011695102
8372_1,0.0010484692
815_7,0.9975274
348_7,0.007232764
7220_1,0.0022872274
2633_1,0.0011695102
1752_3,0.10374863
3347_2,0.01784874
4967_7,0.9986749
10910_8,0.9988305
3147_1,0.007937994
7791_4,0.027169231
1588_7,0.9980732
8405_2,0.0025114634
3826_10,0.99886644
3178_2,0.0013458604
4420_4,0.05033063
246_2,0.002019014
8462_7,0.99879336
8264_3,0.009125638
2695_3,0.0015731123
7258_4,0.06325053
5787_8,0.99629277
11668_2,0.0014550629
5529_4,0.9837225
8923_2,0.0015487612
4784_1,0.002019014
7730_1,0.0021489493
4455_4,0.002631674
6416_1,0.0015731123
87_1,0.0013045068
9548_8,0.9988121
1285_1,0.0011695102
7695_10,0.99863297
4364_10,0.99871576
9394_8,0.07211221
1253_1,0.0012843083
2481_1,0.0030278352
6790_1,0.0015978455
9989_10,0.99863297
1483_8,0.9986749
8772_1,0.002019014
2993_10,0.9954615
1801_1,0.0018969199
9434_1,0.0011513996
7938_10,0.99854493
2262_1,0.0013458604
5076_1,0.001648483
10994_2,0.0013670255
4749_7,0.9984022
8309_8,0.99788433
7031_10,0.9987356
2711_3,0.004133968
8655_7,0.99871576
11329_4,0.99804294
9076_3,0.014392335
11647_10,0.99832565
7934_1,0.0038844768
9114_1,0.0012255674
6510_7,0.99732697
11487_1,0.0013885231
2348_3,0.23934935
12325_1,0.0023596606
6405_10,0.9843364
357_7,0.99879336
12253_10,0.81167597
4927_10,0.9987356
8636_1,0.0014325365
11184_10,0.9987551
9974_3,0.9032942
6516_1,0.99804294
2167_9,0.9964064
10794_10,0.9987356
966_4,0.002434382
10040_10,0.99886644
5940_9,0.030908957
9181_8,0.99605453
2196_8,0.9987356
6361_4,0.0015978455
4243_9,0.034358688
581_9,0.99884856
7195_1,0.0012255674
2986_10,0.9987356
4344_1,0.0010987311
7176_10,0.99863297
7857_10,0.9975656
6487_1,0.001264422
3692_10,0.9985221
12198_10,0.99869555
10569_7,0.99863297
9850_2,0.01395571
6415_1,0.0011513996
6373_10,0.9984022
5103_1,0.001133569
11048_8,0.99886644
2055_1,0.0017007225
2920_1,0.0015731123
8667_3,0.0025114634
7059_3,0.001810211
3887_2,0.0013250223
12356_10,0.005060332
5402_2,0.0015978455
10274_8,0.9966234
11831_4,0.0012843083
5375_7,0.9984988
7875_7,0.008711384
2733_8,0.019124037
6420_8,0.99821776
2240_10,0.997981
10627_9,0.9986749
7319_8,0.9984988
7782_1,0.001133569
857_1,0.0012448432
351_4,0.99760324
9260_10,0.9967775
6891_10,0.99886644
8205_10,0.009559399
1179_3,0.0010987311
9061_4,0.0021827165
3571_9,0.9986541
11352_9,0.9986541
11770_10,0.99877447
10714_2,0.0017274586
5397_3,0.0039454065
2360_1,0.0015487612
9459_4,0.99566853
7493_1,0.0570714
6799_10,0.99879336
2313_8,0.9985221
7602_10,0.9988121
1731_10,0.99871576
8502_10,0.9891816
5632_1,0.001133569
3723_10,0.99879336
6473_3,0.005384938
3596_3,0.0012255674
8583_7,0.9982993
10902_1,0.0013670255
1032_1,0.004681822
2931_1,0.001264422
9930_3,0.0019570168
11825_10,0.99863297
5384_10,0.9974491
2492_4,0.0015978455
5008_4,0.0021157034
7334_4,0.0015487612
10082_8,0.9722044
1395_1,0.0015978455
8140_7,0.2946207
2400_8,0.99879336
11462_2,0.0020829707
6632_10,0.9984988
11499_3,0.007815888
5576_1,0.0031236487
1172_7,0.9985221
3053_8,0.9988121
4119_1,0.0012448432
8165_2,0.8433798
8333_8,0.997981
2242_1,0.0012843083
6132_1,0.0020829707
12270_9,0.99877447
11456_4,0.9224824
6898_1,0.0017821962
2512_2,0.0012255674
7045_7,0.99854493
2808_4,0.0013885231
6257_4,0.0012448432
1971_7,0.9981324
10565_10,0.99847525
930_10,0.99837697
196_9,0.99863297
6535_1,0.0025114634
5257_1,0.0011879054
6759_4,0.0038244836
5016_2,0.001264422
10959_1,0.010013569
4450_10,0.998884
6678_10,0.99877447
11286_8,0.9921841
7200_8,0.9987551
6660_7,0.99837697
12481_10,0.99871576
10278_4,0.007232764
6233_8,0.99687636
579_1,0.001016244
8519_3,0.002434382
1220_10,0.99871576
2342_10,0.9988121
1860_1,0.001867566
7273_3,0.36977014
4653_2,0.9403531
6878_4,0.0015731123
502_7,0.9984269
2406_2,0.0025114634
2021_1,0.0012065897
874_8,0.9980122
4949_2,0.007232764
5054_3,0.0030278352
689_7,0.9985896
9643_7,0.998884
6445_3,0.0017821962
2377_9,0.9987551
6107_8,0.9666631
10368_8,0.99879336
10444_1,0.0014550629
5498_1,0.0021827165
1018_7,0.9988305
2718_9,0.008985428
2418_2,0.0017546144
7412_7,0.0014325365
213_10,0.99847525
9417_2,0.0010649626
1194_2,0.0028009268
9366_8,0.99884856
4769_1,0.001810211
6667_9,0.99879336
9361_2,0.0012448432
2182_8,0.9957353
10677_4,0.9983516
3931_10,0.9969246
120_9,0.99877447
10837_10,0.99854493
10830_1,0.0015011822
3679_2,0.006903838
9094_9,0.99869555
7880_2,0.0030753699
4969_9,0.99884856
3418_3,0.0012065897
5490_4,0.0020507437
264_10,0.99871576
1602_10,0.99724233
5019_9,0.032836955
12000_9,0.9980122
10794_4,0.0012448432
2504_3,0.9981324
12340_4,0.7017131
7732_2,0.0017821962
2028_1,0.0010649626
3986_4,0.0025509126
5100_10,0.99869555
2135_1,0.0015487612
10227_7,0.6861598
4413_1,0.18184364
5205_2,0.0012843083
45_9,0.99877447
12151_10,0.8601343
11055_1,0.0012448432
2632_9,0.99871576
7047_3,0.001477943
1915_1,0.0015731123
9666_10,0.99884856
10027_1,0.0013045068
11024_2,0.001264422
6482_7,0.99832565
8060_3,0.0014325365
9876_8,0.9985896
3839_1,0.0017546144
3682_9,0.9987356
5962_3,0.0019877742
222_3,0.0013250223
10460_10,0.99884856
8543_1,0.002019014
9443_1,0.0015978455
10201_1,0.9988305
5046_9,0.9988121
5899_1,0.0013458604
10140_1,0.0017821962
5009_1,0.0067975316
4626_8,0.9986541
9033_10,0.9987356
3243_9,0.99877447
6379_1,0.001264422
4949_8,0.9985896
6119_10,0.99877447
10336_7,0.99879336
7344_1,0.0017274586
3294_7,0.99877447
4385_2,0.0023231625
2172_9,0.9988121
8295_3,0.0013670255
1031_10,0.9988305
7577_10,0.9982993
6778_4,0.001810211
3154_2,0.0021489493
9585_7,0.99879336
3445_2,0.0019267346
7416_3,0.06052939
9780_10,0.99879336
480_10,0.99871576
837_4,0.041462272
10166_8,0.99879336
3695_7,0.011597362
12417_9,0.9834705
3932_3,0.0013458604
11790_3,0.002396731
6917_9,0.99879336
1975_4,0.9891816
11249_10,0.037608635
7366_7,0.99863297
4579_8,0.99871576
8415_10,0.9987356
2004_1,0.32082132
7599_3,0.0012065897
12259_8,0.7898827
11005_7,0.9923044
11914_7,0.009559399
8498_1,0.0017007225
944_2,0.0013885231
7183_10,0.9982993
4422_10,0.9986541
6791_10,0.99863297
9286_1,0.0022170132
3325_10,0.9986749
5599_2,0.001264422
3064_1,0.0023596606
209_4,0.001133569
1904_10,0.9986749
10699_3,0.0044683837
577_3,0.002673006
3157_1,0.002434382
1582_2,0.0013458604
8044_2,0.001264422
11208_1,0.007232764
4708_3,0.97482115
10439_8,0.9988305
11083_7,0.037892424
8066_3,0.001016244
11327_8,0.9987356
9224_1,0.002434382
2165_8,0.9957353
9892_10,0.9988121
4402_1,0.0013250223
11804_10,0.99827254
1296_8,0.99869555
10562_1,0.0014103585
5003_10,0.9988121
10448_1,0.0013885231
3274_7,0.9987356
6344_4,0.0027576222
8129_4,0.002434382
9525_2,0.0015487612
661_1,0.0012448432
9398_3,0.0013458604
3639_7,0.9988305
5527_7,0.99845123
7790_3,0.9942697
9550_1,0.008985428
2042_3,0.0027576222
366_1,0.0015978455
8446_3,0.9939964
7859_1,0.0015011822
5587_3,0.0013670255
10604_3,0.0011879054
5245_1,0.0014103585
804_8,0.9986749
9098_3,0.009559399
6240_10,0.9988121
3960_10,0.99871576
10536_8,0.99871576
8793_1,0.0015731123
1586_1,0.0012065897
7131_9,0.99605453
11338_9,0.9988121
1053_4,0.010818449
11170_4,0.0029349516
6806_1,0.0017274586
3741_4,0.002019014
1231_7,0.9830851
5499_8,0.99869555
12452_3,0.007011795
5331_9,0.99879336
3302_7,0.07369626
6214_8,0.99877447
6908_1,0.0024726235
8510_8,0.012241275
10522_10,0.99837697
2844_2,0.0017274586
11797_3,0.001810211
11237_10,0.99854493
6762_3,0.0022518474
897_1,0.004198795
10312_9,0.99861145
10272_1,0.0011160143
10814_9,0.9961755
4504_1,0.0013458604
9389_9,0.9953904
9035_1,0.001810211
11306_1,0.0011160143
6309_4,0.99687636
5179_10,0.9980732
6099_4,0.0021827165
887_8,0.99886644
10220_10,0.99877447
286_10,0.9976404
5809_10,0.99854493
7725_3,0.002434382
9722_7,0.9969722
9104_7,0.9964064
7313_7,0.99877447
1706_1,0.002673006
11737_4,0.0017821962
11203_10,0.99847525
7767_4,0.0017274586
1822_1,0.001032231
5113_8,0.99856746
5456_9,0.9986749
6005_1,0.002434382
2026_2,0.0014103585
1379_1,0.001648483
3048_10,0.9988305
5070_10,0.99837697
8985_1,0.001648483
1643_1,0.0043994132
400_1,0.001648483
7546_10,0.99877447
3438_4,0.0035936027
12136_8,0.9928786
6850_2,0.04177388
9054_8,0.99869555
1555_10,0.99879336
7103_1,0.001810211
6218_1,0.0014550629
1619_3,0.0015011822
5187_8,0.9966756
8575_2,0.0014550629
1593_10,0.9986749
3910_1,0.0023596606
5743_10,0.9981614
3061_8,0.023689471
9633_8,0.9988121
2488_9,0.99771273
11711_4,0.0018969199
11282_10,0.9985221
8919_10,0.99884856
6139_10,0.99879336
8032_1,0.0017546144
4287_4,0.002889581
11044_1,0.0013670255
11123_8,0.9985896
1828_9,0.99879336
4232_3,0.099820666
7258_9,0.99877447
1078_4,0.0013045068
9967_10,0.13072868
4975_3,0.001622967
9974_8,0.03704717
424_2,0.0014325365
7181_9,0.99861145
10703_3,0.0029810332
3157_10,0.99863297
11096_10,0.99886644
2185_10,0.99877447
2779_4,0.007937994
9342_1,0.0013458604
3615_8,0.9986749
6777_10,0.99869555
5440_8,0.9986541
706_1,0.9949397
5909_8,0.99877447
9578_3,0.00581996
3393_4,0.0021827165
428_3,0.0019570168
651_9,0.99877447
12433_8,0.99824536
8643_4,0.0038244836
5826_10,0.9988305
4060_1,0.0013885231
3310_8,0.9984022
8941_3,0.004681822
11493_7,0.99879336
7896_8,0.9984269
541_7,0.99869555
10614_1,0.0017546144
3751_1,0.0013670255
7851_8,0.9985896
5940_1,0.7516481
911_1,0.001032231
1233_1,0.0013458604
4995_1,0.0040072887
2771_9,0.99871576
5085_8,0.997285
6521_8,0.99869555
8106_3,0.001867566
2962_7,0.0226292
1621_9,0.99837697
4981_8,0.9975274
11884_2,0.001477943
6038_10,0.9986541
7118_10,0.99827254
10365_1,0.0011879054
677_9,0.99879336
95_10,0.99877447
8211_3,0.9678993
11906_8,0.99818975
3038_2,0.002019014
10503_1,0.001133569
11260_4,0.0017007225
11333_3,0.0013670255
6954_10,0.9987551
143_8,0.03875619
6458_3,0.0027576222
8784_2,0.001016244
2604_1,0.0019877742
4374_9,0.99863297
1323_3,0.024053553
2647_2,0.20561504
363_3,0.0017821962
7556_1,0.0029349516
11101_4,0.00498227
8945_7,0.9987551
10630_4,0.0012843083
11174_8,0.99863297
7927_3,0.001648483
8433_1,0.0011513996
8814_1,0.0013670255
11746_8,0.9986541
2462_10,0.99856746
10036_1,0.0013250223
10628_1,0.0012448432
4782_1,0.0022872274
11244_8,0.9983516
4815_1,0.0019570168
6974_7,0.9988305
10180_1,0.001622967
3538_1,0.0011879054
9319_9,0.9986749
3542_2,0.001648483
5583_1,0.0010817152
215_8,0.99879336
6949_1,0.0012448432
11401_10,0.99863297
3468_4,0.0022170132
9478_7,0.009859855
12368_2,0.0012843083
7534_4,0.0023231625
9256_2,0.019870715
2192_10,0.9987551
10617_3,0.0017274586
1464_1,0.0013045068
969_4,0.035144847
702_7,0.99341017
470_10,0.9987356
2575_1,0.0009850082
3059_2,0.0013885231
7229_3,0.0020507437
7437_3,0.0025114634
2560_7,0.998103
8444_4,0.001810211
1900_4,0.99824536
9057_4,0.016529558
10101_4,0.0010649626
4914_2,0.0010987311
11896_4,0.015906392
10430_1,0.0013885231
786_3,0.0017274586
9834_1,0.0029349516
2040_1,0.0013045068
1435_3,0.001622967
168_8,0.99821776
6504_9,0.9985221
3677_1,0.0011879054
3652_10,0.99871576
9821_10,0.9988121
8695_8,0.9984269
5728_10,0.98187524
2856_8,0.9987356
11548_3,0.0020829707
9435_7,0.99863297
7910_2,0.002631674
4658_7,0.04922211
10111_1,0.0015731123
12306_1,0.001133569
6380_9,0.994615
3507_10,0.99879336
11085_7,0.99837697
4268_8,0.99861145
1702_2,0.0032730647
3045_9,0.99877447
3338_2,0.001867566
9288_8,0.99877447
1580_8,0.9986541
11976_10,0.8244619
9216_1,0.0011695102
2015_10,0.99863297
7665_2,0.0015247865
10545_2,0.0015247865
3819_4,0.3909408
8005_10,0.99580115
772_1,0.0015978455
3882_3,0.0019267346
9001_8,0.99879336
3000_1,0.0011695102
3357_4,0.0022170132
2559_4,0.0038844768
2178_4,0.0015487612
2249_9,0.9988305
9616_10,0.9988121
11797_9,0.99854493
9061_10,0.9987356
10994_10,0.9986749
1076_3,0.0013045068
10774_2,0.001648483
10983_10,0.99879336
9271_10,0.99884856
3205_9,0.99871576
4987_4,0.896614
10926_1,0.004198795
9150_8,0.9981614
614_2,0.0022872274
12332_4,0.99854493
9100_2,0.0019877742
10499_8,0.007232764
6143_9,0.99877447
4113_8,0.99724233
4705_4,0.0023596606
3115_1,0.0013250223
1041_2,0.0030278352
11601_9,0.0987726
11045_8,0.99298817
10615_8,0.040237945
7631_7,0.99824536
11829_3,0.0017274586
6941_1,0.0027149855
112_10,0.9964064
4220_8,0.08035747
2812_10,0.9988121
10221_2,0.0015731123
1944_9,0.90665317
5866_8,0.99863297
11615_1,0.0014103585
3066_10,0.99877447
5757_3,0.0011513996
10569_1,0.0012065897
10633_3,0.0012843083
58_3,0.0014325365
1126_10,0.9985896
4357_10,0.998884
6768_4,0.44408256
11354_10,0.99847525
6412_10,0.9987356
7547_1,0.001648483
5198_10,0.99890125
5697_3,0.027795624
9757_3,0.0017821962
8034_3,0.0014103585
8612_8,0.9980122
8691_7,0.9933072
6731_3,0.011331754
12190_1,0.0014550629
3180_1,0.0011513996
11068_10,0.99861145
3752_4,0.001477943
1995_3,0.010986943
5517_10,0.99877447
6532_9,0.9987356
4435_1,0.0013045068
5527_4,0.001622967
5059_4,0.0017007225
12044_4,0.004331502
3479_3,0.0014103585
8399_8,0.99351174
8897_7,0.9987356
8342_9,0.9787127
7018_3,0.0013670255
2497_7,0.99827254
10152_1,0.0015011822
11583_4,0.0031726828
3156_10,0.99553156
5259_4,0.0028009268
2581_1,0.0025509126
5224_7,0.997783
9024_3,0.0017007225
8026_10,0.9986749
9588_3,0.001648483
11001_1,0.001810211
6432_9,0.99856746
8524_9,0.9988121
12457_3,0.0011695102
8426_8,0.99861145
11355_10,0.99871576
10337_1,0.0015247865
11911_3,0.0031236487
2655_10,0.9791955
4265_3,0.89368117
6542_3,0.9949397
9681_1,0.0013458604
287_8,0.99824536
1864_1,0.0013045068
7655_4,0.002631674
3613_7,0.99854493
11041_1,0.0013458604
12070_8,0.87621135
10856_10,0.99877447
7365_4,0.0012065897
10025_8,0.9987356
4693_10,0.99869555
9580_7,0.9986749
4669_2,0.002434382
274_9,0.99871576
1570_2,0.107812636
11040_8,0.99871576
2243_7,0.047074176
7043_10,0.9688562
3719_2,0.0015487612
7635_7,0.010091315
2327_2,0.0010817152
4229_9,0.9977482
4121_3,0.0015247865
6064_1,0.0014550629
364_10,0.9986749
1161_10,0.99869555
463_1,0.0013045068
9291_4,0.8951567
8827_1,0.001867566
2292_1,0.001622967
6935_9,0.9976404
9226_1,0.0019570168
7612_4,0.010013569
8575_7,0.9740426
3475_1,0.0012843083
1880_7,0.48084435
7265_7,0.99884856
8626_1,0.0013250223
733_1,0.002631674
12100_10,0.99847525
1069_10,0.9987551
11364_10,0.99861145
5496_1,0.0015011822
7253_1,0.001133569
3159_1,0.0038244836
9131_10,0.9987551
413_4,0.9953904
10818_1,0.0010817152
479_3,0.00818791
173_7,0.99701905
9522_10,0.9988121
333_10,0.9987356
2819_1,0.001133569
5723_8,0.99854493
99_10,0.9987551
7247_4,0.0027149855
4711_9,0.9988121
8555_3,0.001622967
6330_10,0.99871576
8921_1,0.002673006
803_10,0.9985896
6219_1,0.0012843083
10077_3,0.0022872274
1274_7,0.99884856
2307_3,0.0022518474
8114_8,0.99877447
1503_1,0.001622967
2004_10,0.99856746
712_3,0.0038244836
557_4,0.0038844768
9651_8,0.9988305
11701_4,0.0023596606
6325_9,0.99861145
1684_1,0.0014325365
1435_10,0.99879336
5754_10,0.9987356
12098_10,0.9982993
3707_10,0.99879336
2521_1,0.004133968
1793_1,0.0015011822
2725_3,0.002396731
5051_8,0.9988305
2691_7,0.99818975
4111_10,0.99861145
3239_3,0.0015011822
8124_8,0.9986541
4990_4,0.0017274586
9565_9,0.9987551
6657_3,0.0016743994
5882_4,0.0013250223
8571_1,0.07585818
6815_10,0.9986749
487_10,0.99029154
11567_9,0.9987356
10631_1,0.00096975197
7070_2,0.0011695102
8708_10,0.9985221
1889_4,0.0035936027
1838_3,0.0017546144
6383_3,0.0014103585
4735_9,0.6897238
11430_7,0.9974885
11590_1,0.001867566
11023_3,0.0023596606
10870_8,0.9986749
6734_10,0.99877447
10174_1,0.0015011822
7905_10,0.99877447
9555_4,0.0013885231
6303_9,0.99869555
1426_1,0.001016244
5482_8,0.9532751
7605_2,0.0011160143
10249_1,0.0023596606
2466_1,0.0027149855
4055_1,0.0027149855
9839_8,0.99771273
3953_9,0.9988121
6563_4,0.001477943
10776_4,0.0012065897
7596_2,0.001648483
10490_9,0.99886644
3800_1,0.0012448432
10669_1,0.0038244836
6276_8,0.9615338
3110_1,0.0019267346
12434_1,0.0015978455
10189_1,0.0013885231
10639_4,0.0015487612
7734_1,0.0019570168
8763_4,0.0051396107
2702_1,0.013742321
10179_1,0.0019267346
2317_7,0.07316472
4677_8,0.99845123
11805_7,0.00581996
1339_2,0.002019014
9919_4,0.012920473
1425_8,0.9985221
3926_7,0.04208773
12395_10,0.9986541
6284_4,0.0017007225
11069_1,0.0022518474
4998_10,0.99877447
8055_2,0.0014103585
9179_3,0.0010649626
11577_10,0.99804294
1480_1,0.0012255674
4561_10,0.99879336
4698_10,0.9988121
9312_1,0.001648483
6561_4,0.03704717
8353_10,0.9986541
11580_3,0.001810211
10536_2,0.005060332
957_10,0.99869555
1768_8,0.9985221
12197_1,0.0012065897
11459_10,0.8086723
2271_3,0.008061991
6973_1,0.0019570168
4199_8,0.9957353
6582_8,0.99856746
5843_1,0.0027576222
4140_9,0.9986541
11105_3,0.0015011822
2395_3,0.0013885231
10715_9,0.99884856
6611_7,0.9987356
2043_7,0.99832565
2884_9,0.998103
4946_8,0.0043994132
9642_7,0.9986541
5211_1,0.0016743994
10661_9,0.99871576
4368_10,0.007121429
12086_4,0.0019570168
6465_8,0.9980122
4706_1,0.0020829707
4694_10,0.9959299
12150_10,0.99869555
208_3,0.0009850082
2587_3,0.0037654138
2804_3,0.3235938
2837_3,0.0019570168
11070_1,0.0014103585
11909_4,0.005384938
9945_10,0.9964619
9281_9,0.9983516
8458_2,0.0040072887
9882_2,0.0020829707
172_7,0.9985221
7632_2,0.0018386653
12246_9,0.99854493
3889_1,0.0009850082
11140_4,0.0013885231
5240_9,0.99877447
7965_4,0.0015011822
3387_3,0.0017274586
10817_4,0.0013885231
3332_10,0.98582757
1156_9,0.9932025
6585_1,0.001622967
7931_3,0.0017274586
8268_4,0.0013458604
6443_10,0.9951703
373_10,0.9986541
5912_4,0.0076956474
11475_7,0.9981324
10738_4,0.0075772414
11175_10,0.99837697
9008_2,0.97539
2218_3,0.0016743994
585_10,0.99863297
3448_2,0.29299974
3860_8,0.9458012
8335_7,0.7185944
1907_1,0.001648483
9169_9,0.99824536
10375_8,0.9988121
10432_4,0.69014156
11399_1,0.08151975
3430_7,0.99879336
2859_4,0.005384938
3899_10,0.9988305
9648_8,0.99863297
9233_8,0.9982993
10574_10,0.9987356
3489_4,0.0040072887
8115_8,0.99877447
11495_8,0.99886644
6885_7,0.9697854
1534_10,0.684475
11721_9,0.9986541
11610_10,0.997981
2712_8,0.99837697
3140_10,0.99845123
4880_10,0.99847525
1592_10,0.9985896
425_10,0.99869555
5798_1,0.0012843083
2212_8,0.99879336
2685_3,0.0011695102
9625_2,0.001264422
8492_7,0.9986749
4932_3,0.45507753
1704_3,0.015424551
301_4,0.002673006
2599_10,0.018264279
2364_4,0.0024726235
2323_3,0.0024726235
1885_8,0.99469805
1232_1,0.0011513996
12055_1,0.0011879054
2894_10,0.9985896
5347_3,0.9949397
1799_4,0.007011795
7460_9,0.036220055
8798_10,0.9987356
2134_4,0.98228765
2964_2,0.006003596
345_3,0.0021157034
2670_8,0.9975656
10282_10,0.99861145
5587_8,0.9697854
6115_2,0.0015978455
6974_1,0.0031236487
8500_10,0.9985896
5073_8,0.38876304
5291_8,0.9985896
11728_7,0.9190633
3207_4,0.0013458604
2553_8,0.99877447
10896_10,0.9985896
9321_2,0.0016743994
1484_4,0.0013885231
2106_2,0.020645931
5487_4,0.0012448432
4835_10,0.023153413
1023_3,0.001622967
11524_10,0.99877447
10672_7,0.97539
9769_3,0.0011879054
590_7,0.99854493
11530_3,0.0011879054
349_2,0.0020507437
2165_4,0.0012843083
1574_9,0.9956006
2792_1,0.0013250223
980_2,0.001648483
5745_7,0.9981614
4323_7,0.99701905
11569_7,0.9985221
3637_1,0.0019570168
4511_1,0.0018386653
8404_10,0.99863297
8947_4,0.0038844768
12317_10,0.9986541
3927_4,0.9969722
461_8,0.99884856
11651_2,0.0010817152
7697_4,0.0013045068
7799_10,0.9987356
2111_8,0.9984988
9745_7,0.9986541
4419_4,0.002019014
9337_4,0.006903838
3908_10,0.9985896
9211_3,0.0022170132
489_1,0.001867566
9229_8,0.01214717
381_1,0.001477943
1355_7,0.9984988
12100_1,0.0013885231
6126_4,0.001477943
8315_8,0.99871576
7513_10,0.9988305
5547_1,0.005384938
8050_1,0.001622967
7332_1,0.1334152
9044_8,0.99869555
8491_1,0.013532149
1919_8,0.9987356
4076_7,0.98677725
9251_2,0.0032224844
7325_10,0.99863297
177_8,0.9927672
8104_4,0.0011513996
919_4,0.0013670255
9417_8,0.9986749
9440_9,0.99635005
11105_9,0.99879336
7670_10,0.9976404
7404_8,0.997851
5120_2,0.001867566
10153_1,0.0013250223
1763_10,0.99854493
9316_4,0.009125638
6396_8,0.99871576
8865_10,0.9988305
4552_8,0.0029810332
874_4,0.0014325365
6690_2,0.0017007225
11970_3,0.015906392
1202_4,0.14511536
6024_1,0.002673006
10117_9,0.9985896
9511_1,0.030444348
2314_10,0.9985221
6053_3,0.0016743994
10165_2,0.0030753699
8410_2,0.0017821962
1457_1,0.001032231
9651_3,0.0018969199
537_2,0.001648483
7191_3,0.98677725
10258_8,0.9980122
4774_8,0.9967775
3560_8,0.99845123
5960_1,0.001477943
881_4,0.0023231625
2420_1,0.0012065897
4959_4,0.0017546144
7138_1,0.001264422
9317_10,0.99869555
5454_4,0.0012448432
7450_9,0.99444515
9679_10,0.99837697
10988_3,0.003707253
2932_3,0.86703575
10110_1,0.0012255674
9165_2,0.0013670255
11712_2,0.0013885231
8979_1,0.0010987311
12426_3,0.0010817152
1630_7,0.99788433
11990_10,0.9974491
5395_10,0.99879336
896_1,0.0012255674
11463_9,0.99845123
7096_1,0.001648483
6198_10,0.99861145
8141_10,0.99871576
2650_10,0.99854493
12337_9,0.9986541
1995_10,0.9969722
6349_1,0.001477943
12270_2,0.001264422
12494_2,0.0021489493
7081_4,0.0025909794
3010_7,0.014281935
2924_2,0.0015011822
3185_10,0.99444515
1377_2,0.99486035
4858_3,0.17953056
4351_3,0.0013250223
6865_2,0.0015487612
9527_3,0.008315778
6223_7,0.9986541
11598_4,0.0033766124
10605_1,0.0018386653
4609_2,0.0014103585
3736_7,0.9988305
5615_1,0.0022518474
11109_7,0.99821776
3924_3,0.0018969199
7452_1,0.011419616
4288_8,0.755637
8825_2,0.0013250223
3168_7,0.99879336
6407_1,0.0014103585
7016_3,0.005641909
129_1,0.0015487612
9808_3,0.0012448432
5620_10,0.99629277
6404_10,0.99869555
10781_1,0.002889581
2446_1,0.0033244372
2191_10,0.99863297
10848_1,0.0014550629
11201_10,0.99736834
6818_9,0.9987356
4607_7,0.4795037
2410_7,0.9988121
9656_9,0.9986749
7841_7,0.9957353
11422_7,0.99724233
7376_8,0.9838472
10804_8,0.99869555
11793_7,0.9987356
509_7,0.99351174
12459_10,0.9986541
354_10,0.9890131
2740_10,0.99845123
1469_1,0.0015978455
9219_10,0.047780063
7248_7,0.99856746
5620_1,0.001867566
12160_1,0.001867566
6037_10,0.9977482
8338_1,0.0011513996
1954_1,0.027169231
6996_9,0.99724233
9888_8,0.99877447
5470_7,0.99877447
11915_4,0.99242276
7057_4,0.02145073
10320_10,0.9984269
4447_3,0.004681822
9711_9,0.99856746
5077_3,0.0012065897
10912_4,0.7329743
3224_3,0.1187934
9946_7,0.99771273
10650_4,0.14755519
9613_1,0.0012448432
4909_3,0.0013885231
5607_8,0.9983516
3315_1,0.001477943
9271_1,0.0012843083
4248_4,0.018689308
5849_4,0.0031236487
3944_1,0.0010649626
3580_10,0.99861145
4592_1,0.001477943
6375_10,0.9987551
5955_9,0.9987356
11613_7,0.99856746
8278_10,0.9986749
11339_9,0.99879336
6813_2,0.0017274586
3747_3,0.0013045068
5916_1,0.0017007225
3298_1,0.0032730647
11303_1,0.0015978455
5758_7,0.9988121
11652_9,0.99884856
8748_2,0.004264634
11092_2,0.0013250223
8729_8,0.99884856
6332_4,0.0035936027
3700_10,0.9987356
10507_2,0.0017274586
2287_4,0.001264422
10549_10,0.99861145
3005_10,0.9987551
5657_1,0.0021157034
873_8,0.9953904
2274_1,0.0047552
3208_4,0.0015487612
2663_10,0.9983516
8134_7,0.004264634
7443_1,0.97719735
7507_8,0.99845123
1423_1,0.0015731123
4014_1,0.0021489493
9662_1,0.001648483
2512_9,0.99877447
8415_2,0.001133569
7672_3,0.0015011822
5925_1,0.0017274586
2654_2,0.0011513996
1780_10,0.99444515
8813_9,0.99886644
9378_7,0.9987356
12120_3,0.0013045068
8985_7,0.998884
5771_3,0.0011513996
7305_10,0.9987356
8681_4,0.002631674
7415_10,0.99863297
9346_8,0.9986541
9750_3,0.0023231625
9083_9,0.9988305
12255_2,0.0014550629
5035_1,0.0014325365
12384_10,0.7588682
8381_4,0.0028449094
825_1,0.0012448432
2034_1,0.0015247865
439_10,0.9985221
5753_10,0.99719906
10370_10,0.99854493
3395_2,0.0013045068
8101_2,0.0013458604
7885_1,0.004331502
3266_2,0.9881309
4623_4,0.0014325365
8123_9,0.9986541
1787_1,0.0010484692
4001_4,0.018264279
3530_2,0.0013670255
684_1,0.0015247865
744_10,0.9241418
8439_7,0.99877447
8678_9,0.9987356
11851_8,0.9983516
1237_2,0.0025114634
4557_3,0.0014103585
1847_10,0.99871576
4002_1,0.0014325365
1620_1,0.9986749
549_10,0.99877447
4984_4,0.9905874
4673_8,0.8333246
1373_1,0.001622967
6927_1,0.007345827
9201_2,0.0027149855
4293_7,0.9986749
826_3,0.0013458604
6337_1,0.0017546144
9978_9,0.99877447
11379_10,0.9987551
3874_1,0.013532149
9943_1,0.001016244
7236_4,0.99719906
7816_1,0.0014325365
3849_8,0.9988305
1167_10,0.9987551
9667_3,0.031143833
2506_1,0.0015978455
1372_10,0.7898827
6788_9,0.99861145
4792_2,0.0015731123
7909_2,0.0021827165
2213_2,0.0012448432
434_1,0.0010484692
9245_1,0.0013670255
5822_10,0.99869555
5406_1,0.0015247865
2011_1,0.0015731123
6805_10,0.9984022
2557_2,0.001133569
4343_1,0.0012448432
1493_4,0.0018386653
947_8,0.0013458604
9494_7,0.9856076
10228_10,0.03308598
707_10,0.99871576
2018_10,0.9986541
11093_10,0.9987356
11113_10,0.9987356
11596_1,0.0015247865
7453_1,0.0017546144
9045_8,0.9986749
12264_7,0.99890125
7271_9,0.9986749
4560_1,0.001810211
11223_1,0.001477943
3939_7,0.9984022
2714_2,0.002434382
1940_9,0.9978173
3640_10,0.9986541
1724_1,0.001622967
5383_3,0.0030278352
7323_10,0.9959299
7345_4,0.0014550629
775_9,0.99877447
11995_1,0.001016244
400_10,0.99879336
10279_4,0.0013458604
673_8,0.13523209
4168_10,0.997285
11761_7,0.9985221
491_9,0.99856746
11472_1,0.0015011822
10045_7,0.99736834
9449_4,0.0028449094
12496_3,0.0014103585
12422_1,0.0017007225
8159_4,0.0032224844
8668_8,0.77932185
7572_10,0.9987356
6696_9,0.99856746
64_10,0.99869555
2715_1,0.005554925
9333_4,0.004264634
3722_10,0.99854493
5692_8,0.9984988
10074_7,0.998103
1717_3,0.9933072
825_8,0.99877447
7796_10,0.9987551
5550_3,0.002019014
6114_10,0.007232764
4440_8,0.9949397
9616_4,0.001810211
12090_8,0.9981324
10728_1,0.0705596
4419_10,0.9986541
282_1,0.0020507437
4825_9,0.99824536
91_10,0.9984022
10399_2,0.0017821962
6773_4,0.02211659
1364_10,0.9986541
2806_9,0.99861145
4520_2,0.0017546144
8211_9,0.9985896
3594_2,0.0017546144
11353_4,0.0027149855
307_1,0.001622967
10963_4,0.0015487612
4023_7,0.9572778
11450_10,0.99821776
3567_4,0.94776917
4751_7,0.9988121
9798_2,0.001867566
1864_8,0.99879336
3168_2,0.0067975316
6506_2,0.01812472
12484_2,0.034880888
11999_8,0.0027576222
3571_3,0.0018969199
147_10,0.99854493
6691_9,0.9987356
11295_8,0.9987356
9344_10,0.99877447
9513_2,0.0011160143
11066_7,0.9891816
4330_8,0.9987551
5194_10,0.9975656
11676_1,0.0015978455
4587_1,0.0013885231
11964_4,0.9500415
12456_1,0.0012065897
6054_10,0.9978173
2140_7,0.0054692742
1388_1,0.29706192
10681_2,0.0014325365
4614_8,0.99871576
2604_7,0.055005286
4234_1,0.0017274586
4261_8,0.9977482
4907_8,0.9981324
4134_4,0.006692851
4125_8,0.99871576
3795_9,0.99869555
1356_4,0.0015731123
10711_2,0.9582261
4728_7,0.9923044
8254_8,0.99827254
10769_2,0.004681822
7185_8,0.99869555
2842_9,0.15507847
4565_1,0.001622967
3030_9,0.9984269
2997_1,0.0015487612
1311_9,0.001648483
12499_10,0.9985221
9830_10,0.9988121
1774_4,0.0033244372
6676_10,0.9987551
6502_9,0.9976769
1521_1,0.8238959
4253_1,0.0014325365
2775_2,0.002673006
7324_4,0.0010484692
1207_4,0.012053779
9903_7,0.9987356
3195_2,0.0019877742
9213_10,0.99845123
7751_1,0.001648483
1616_8,0.9982993
1482_10,0.99847525
6772_7,0.99832565
2008_10,0.9987551
6799_4,0.0022872274
5004_9,0.99869555
3487_2,0.001264422
10892_4,0.0044683837
10839_4,0.001867566
922_8,0.99869555
4163_1,0.0010817152
10738_8,0.9984988
10678_7,0.9986749
5892_10,0.99856746
6202_1,0.0012255674
5792_10,0.9988121
12161_4,0.004905406
1097_9,0.99886644
2930_3,0.0012448432
4087_3,0.002434382
11875_3,0.0021827165
11770_4,0.0021489493
847_7,0.9985221
10620_9,0.99863297
1455_10,0.99879336
12294_1,0.0012065897
5653_10,0.99884856
1874_9,0.9982993
10487_3,0.008985428
22_3,0.0017546144
2760_1,0.001477943
9822_7,0.01384861
1068_10,0.99854493
11117_1,0.0012065897
10409_2,0.99877447
1877_7,0.909907
7347_1,0.0031236487
4231_1,0.001477943
1122_1,0.0022170132
933_3,0.007011795
11883_4,0.0028449094
8386_10,0.9987356
12297_7,0.99732697
11847_8,0.9988121
5511_1,0.001264422
9587_2,0.004070138
10027_8,0.9850429
7210_4,0.0033766124
2490_9,0.005554925
4889_10,0.9975274
8192_9,0.99877447
12133_1,0.0013670255
2098_1,0.01678549
2941_9,0.9987551
5742_3,0.0017007225
10645_4,0.0011160143
1162_10,0.99871576
4383_10,0.99879336
5325_8,0.99821776
1324_1,0.0013885231
1374_1,0.0028449094
116_10,0.99869555
2898_10,0.99788433
8799_10,0.99884856
6654_10,0.9985221
8630_1,0.0011513996
3452_7,0.9984022
3609_8,0.997981
4740_1,0.0015011822
8368_10,0.99877447
11960_7,0.9863631
3583_10,0.004905406
1581_8,0.54083294
1378_1,0.07585818
968_2,0.0013250223
4524_1,0.0012843083
5036_8,0.9988305
12287_3,0.0014550629
9236_10,0.0043994132
5447_3,0.0028449094
11016_1,0.0018969199
1935_3,0.0024726235
5300_7,0.9986541
7775_2,0.9012275
4398_3,0.0013885231
5692_2,0.001622967
3517_8,0.99871576
6007_1,0.0013045068
10127_2,0.0014325365
6614_10,0.9975274
2767_10,0.99804294
3187_2,0.0010484692
6473_10,0.997783
12263_1,0.0013250223
10838_2,0.0011695102
7367_9,0.997065
8873_10,0.99879336
6016_1,0.0025509126
10363_7,0.99788433
3541_2,0.0015731123
6416_10,0.99871576
4538_10,0.9987551
56_3,0.0045384313
7946_8,0.9986749
6003_4,0.005554925
974_4,0.001648483
11651_9,0.99871576
10283_1,0.0019267346
12334_2,0.0011513996
972_1,0.9968273
1513_8,0.9976769
6141_3,0.0017546144
4195_7,0.9987356
10176_9,0.99856746
1918_2,0.0013250223
12117_1,0.0053018946
7567_1,0.0029810332
2949_10,0.99884856
11937_9,0.9988121
8513_2,0.002434382
3913_8,0.008445628
1310_8,0.99861145
10461_10,0.9987551
3309_8,0.9987356
862_9,0.99847525
4040_2,0.0013885231
78_8,0.9977482
3491_7,0.019271135
10862_9,0.99877447
4763_7,0.9719925
7421_1,0.033336822
5350_1,0.0014325365
11491_10,0.9988305
9975_4,0.001867566
10123_10,0.99879336
11573_1,0.0011879054
2337_9,0.99879336
251_8,0.99877447
1942_1,0.0032224844
2940_7,0.9984022
4342_7,0.054600604
11250_2,0.0019570168
4224_1,0.0015011822
10106_10,0.99861145
7764_2,0.0020829707
937_10,0.9987356
3112_10,0.9986749
9922_8,0.9884919
3259_7,0.9975656
7828_1,0.001133569
4031_7,0.9891816
1277_7,0.9875683
3162_2,0.015543648
7_9,0.9987551
1832_4,0.19012183
10997_1,0.0067975316
10572_10,0.99871576
12194_1,0.0011695102
4648_10,0.99861145
7207_9,0.9918121
11000_7,0.9962346
4943_2,0.0014325365
10601_10,0.9985896
4731_1,0.013532149
9272_8,0.85919183
11551_1,0.0010484692
9074_3,0.008711384
2486_3,0.0024726235
618_1,0.0016743994
8683_8,0.99863297
2618_10,0.9978173
8471_9,0.99856746
6394_4,0.0015731123
6456_2,0.4929814
3195_8,0.9986749
4188_1,0.0014325365
3985_10,0.99856746
7099_10,0.99824536
1558_2,0.0011879054
2877_8,0.97462875
3928_1,0.0013670255
7206_3,0.0017821962
8088_10,0.99879336
8167_10,0.99854493
8590_8,0.99856746
6973_7,0.98282325
4974_7,0.99879336
10151_1,0.0015487612
5268_4,0.0020507437
5258_7,0.99869555
1478_8,0.9986749
5094_10,0.99861145
10126_4,0.0017821962
9357_2,0.0017274586
7750_3,0.0021827165
11628_3,0.0038844768
9124_7,0.9976769
1802_7,0.99861145
4820_4,0.009559399
10019_8,0.99847525
154_9,0.9988305
5049_4,0.0013885231
4372_1,0.0017821962
7807_10,0.99879336
5127_10,0.99879336
11480_2,0.0038244836
10145_1,0.0021157034
7090_10,0.9978173
1288_1,0.97023994
11316_2,0.0016743994
8428_9,0.0153063545
1843_9,0.9986541
1916_1,0.0012255674
2657_2,0.0013458604
10504_1,0.0015247865
11621_3,0.0019570168
10148_1,0.0012448432
3339_4,0.005220126
8202_2,0.0013045068
7796_1,0.0010987311
4625_2,0.0015011822
11859_4,0.0020829707
8261_1,0.0015731123
4670_3,0.9539661
8412_10,0.99879336
1010_1,0.0028449094
436_10,0.99871576
9351_7,0.9943581
3767_8,0.9979493
4794_1,0.0011513996
8447_10,0.96741027
6182_2,0.0013670255
8754_3,0.0021157034
2709_3,0.0015011822
5882_9,0.99847525
6916_3,0.614394
11886_1,0.0019570168
123_4,0.99856746
2827_9,0.9984269
11440_8,0.9986749
4100_8,0.99821776
11645_1,0.0015487612
7949_10,0.9986749
2017_1,0.0013458604
3451_7,0.9986749
10986_10,0.99871576
1541_2,0.66082937
12336_7,0.99732697
9787_1,0.0017007225
5282_10,0.99877447
9568_4,0.9984022
8222_1,0.0011160143
5415_9,0.9987551
8485_8,0.684264
6449_1,0.0015487612
466_1,0.0011695102
11997_1,0.9954615
6144_10,0.99871576
3309_4,0.0013045068
8655_1,0.0012448432
10141_1,0.9950177
7469_10,0.99871576
4445_10,0.99821776
6651_7,0.99871576
6711_7,0.0067975316
3329_4,0.034358688
8000_10,0.99854493
2279_8,0.997917
5012_7,0.99877447
2437_3,0.007121429
505_9,0.9987356
9070_10,0.9984022
1234_3,0.0012843083
4880_1,0.0014325365
3981_4,0.060975183
134_1,0.0011879054
3211_10,0.9988305
2559_10,0.99871576
4512_3,0.0015247865
5957_1,0.0015731123
11626_9,0.99871576
915_10,0.9987551
5569_10,0.99863297
12396_9,0.9985221
6494_2,0.001648483
3262_1,0.0012255674
3916_10,0.9985221
787_1,0.001648483
11092_9,0.9985896
2818_10,0.99869555
5271_2,0.0038844768
4057_7,0.99869555
5042_1,0.0018969199
1204_1,0.0025909794
3651_2,0.0010817152
11763_8,0.9986749
7766_10,0.99863297
3498_1,0.0013458604
11578_10,0.99869555
3691_1,0.0013045068
11947_10,0.99877447
11475_2,0.001477943
8568_9,0.99869555
8247_2,0.001477943
9544_7,0.9980732
9753_8,0.23792991
6824_7,0.09401018
2799_1,0.001867566
10459_1,0.0012448432
1894_10,0.0023596606
9726_7,0.9666631
10923_1,0.0014550629
7946_3,0.0023231625
7509_10,0.99884856
3273_9,0.9635062
2716_3,0.002889581
4622_1,0.0028449094
1204_8,0.9987356
71_4,0.015784562
6508_9,0.9986541
7819_10,0.99861145
695_10,0.99832565
10844_10,0.9985221
2413_1,0.93195957
8768_1,0.0015731123
4536_10,0.99871576
2576_9,0.99871576
4473_2,0.0063883206
65_2,0.0015247865
6114_2,0.0033244372
7458_1,0.0013670255
10815_2,0.0029349516
8344_1,0.0025509126
1975_9,0.99837697
1659_1,0.0014325365
11030_10,0.99871576
5405_7,0.99553156
2539_3,0.0021157034
6565_8,0.49414092
1826_10,0.9983516
2577_8,0.9985221
6032_7,0.98087597
3146_9,0.9988305
798_1,0.0015011822
63_10,0.99879336
11819_10,0.99861145
2905_7,0.9872773
2716_10,0.9985221
1717_10,0.9987356
1036_3,0.021125194
11583_10,0.9988305
962_9,0.9986541
10203_2,0.0019877742
12225_1,0.0013458604
10322_9,0.99854493
7601_2,0.0039454065
1675_4,0.98926485
8235_3,0.0013250223
680_2,0.0013670255
5208_3,0.0014550629
10678_2,0.993807
6072_10,0.9988121
1216_1,0.001264422
11434_1,0.001264422
12480_8,0.9984269
8844_10,0.99879336
10506_1,0.0011879054
9766_3,0.9984022
7804_4,0.10374863
44_4,0.0027149855
11226_1,0.0027149855
11378_2,0.001810211
7805_1,0.0015731123
4692_10,0.99509466
2928_9,0.9981324
8785_10,0.99879336
3083_8,0.9985221
626_10,0.9987551
9228_10,0.99847525
66_10,0.99821776
3824_3,0.9911527
7115_8,0.9981324
11893_10,0.99871576
1628_1,0.0017007225
2236_4,0.001810211
2032_1,0.0015487612
6613_10,0.9984269
1582_8,0.0034834242
304_2,0.0010987311
2441_10,0.99879336
12437_1,0.0012065897
9822_1,0.0015011822
10481_3,0.0022170132
9193_10,0.99847525
3233_9,0.99847525
7430_8,0.99884856
10049_1,0.0013670255
6384_10,0.9986541
3993_9,0.9987551
4545_2,0.002434382
11500_4,0.9987356
12127_10,0.99886644
7277_2,0.0012843083
8927_3,0.0019267346
5970_9,0.81047887
12115_4,0.3826027
6132_10,0.9986749
4178_9,0.99845123
11453_7,0.8969756
6569_9,0.99869555
3924_7,0.9943581
6425_1,0.001032231
1141_1,0.0013458604
3366_2,0.002434382
6700_7,0.99827254
7948_8,0.0065897712
2750_8,0.9987356
11326_1,0.0015487612
231_8,0.99869555
8941_8,0.9984988
8304_7,0.0153063545
12179_2,0.002396731
3808_1,0.0018386653
2710_1,0.0022170132
4833_1,0.001622967
10405_7,0.99877447
449_9,0.99879336
7259_10,0.99760324
8513_10,0.9987356
801_8,0.9988121
11322_8,0.99847525
8417_9,0.99879336
7059_8,0.026759284
681_3,0.0014550629
3135_9,0.9988121
7172_3,0.0015247865
11061_10,0.9988305
9555_9,0.99821776
1331_1,0.0011160143
9155_3,0.0012255674
8765_8,0.9985896
4714_8,0.9985896
7593_9,0.9986749
7769_1,0.0015247865
5016_8,0.96458924
11917_2,0.0012255674
3311_8,0.99566853
6784_4,0.0021489493
6685_7,0.9954615
1232_8,0.99869555
765_2,0.004070138
6159_2,0.0010987311
12037_3,0.0017007225
60_8,0.9982993
6138_10,0.9988121
4759_4,0.0014550629
631_10,0.99877447
5993_10,0.99871576
2751_10,0.99869555
7234_1,0.0017821962
7966_3,0.0014103585
296_4,0.002396731
8252_4,0.002631674
10333_1,0.0012255674
5950_10,0.9985896
2735_9,0.99877447
900_1,0.0028449094
2350_3,0.005384938
1457_10,0.0015011822
10226_10,0.9987551
9198_7,0.99837697
1072_2,0.0027576222
8332_10,0.99845123
6264_8,0.9986749
1092_9,0.9985221
11888_10,0.9986749
11702_8,0.9974491
8704_1,0.001264422
11458_10,0.9983516
8218_9,0.9965166
3739_8,0.99847525
4787_3,0.244363
12097_10,0.99486035
7894_1,0.0015247865
11601_2,0.0011879054
4417_1,0.014842417
11108_10,0.9986749
5673_8,0.99854493
481_2,0.0017007225
6892_2,0.0011695102
5203_1,0.07263671
18_1,0.6396235
5488_8,0.9986749
750_7,0.9795114
1478_4,0.0029810332
11340_2,0.0014103585
8735_3,0.0047552
7404_3,0.001867566
5681_2,0.0016743994
5863_10,0.9700135
602_1,0.0012255674
9474_7,0.9969722
12075_3,0.018264279
1148_8,0.015784562
2192_4,0.0028009268
1394_1,0.0013045068
2643_3,0.021287354
8214_7,0.9984988
6728_1,0.001867566
5397_8,0.99877447
7056_7,0.9985896
2669_3,0.0013045068
10713_10,0.99886644
1349_4,0.0011695102
3254_1,0.0011695102
9717_10,0.9977482
11358_4,0.0012843083
12262_1,0.001477943
1332_1,0.0012843083
6116_2,0.0023596606
6324_3,0.0017007225
10808_8,0.99788433
11632_4,0.16026603
2881_3,0.0013250223
3524_1,0.0010649626
10503_8,0.99719906
11525_1,0.0014103585
9973_4,0.001264422
9804_1,0.0012255674
1865_8,0.997065
8001_9,0.9987551
5776_8,0.315947
11848_10,0.99871576
4809_3,0.001622967
841_9,0.9986749
227_10,0.99845123
1833_9,0.9987551
9471_10,0.9986541
960_3,0.0019267346
10763_1,0.0019877742
1330_1,0.0012255674
326_9,0.99879336
3392_10,0.99863297
5883_2,0.0021827165
12168_1,0.001264422
7525_10,0.9985221
10578_1,0.0021827165
9173_3,0.0010649626
7214_2,0.0017821962
7163_10,0.9981614
5177_8,0.99854493
3372_7,0.99861145
6041_8,0.9980732
1590_10,0.9986749
31_10,0.99861145
2533_8,0.9988305
7927_10,0.9986749
5037_2,0.002631674
6046_2,0.0022872274
2099_3,0.002434382
133_1,0.13523209
205_2,0.0015978455
374_9,0.99847525
8944_10,0.9984988
799_4,0.0715912
8832_9,0.99856746
3836_10,0.99879336
2940_1,0.008445628
946_1,0.007011795
9310_1,0.0015731123
5853_8,0.91181
10852_9,0.99879336
4061_4,0.032344334
10301_10,0.9985221
11104_3,0.001264422
9339_3,0.013325147
537_10,0.99879336
8661_7,0.8984106
9381_4,0.0038244836
12473_3,0.0025114634
5140_8,0.9984022
4624_4,0.001648483
9156_3,0.0022872274
5980_2,0.0011513996
5920_7,0.99884856
4013_1,0.0022170132
11879_2,0.001264422
1317_10,0.9987551
4647_10,0.99832565
2550_1,0.0012065897
641_8,0.43191364
10069_10,0.99869555
12215_10,0.5959041
6293_10,0.99877447
1416_7,0.0067975316
8561_9,0.99854493
1981_10,0.99701905
1667_2,0.001867566
9680_1,0.0012448432
888_1,0.0013670255
2202_4,0.0011513996
8835_2,0.0013885231
9340_3,0.9985221
8742_10,0.9984022
1892_2,0.001264422
11940_10,0.9985221
5976_2,0.0015487612
5430_8,0.99827254
9125_9,0.25238404
5217_8,0.99879336
5257_10,0.99837697
5487_8,0.98866826
10815_8,0.99869555
12438_1,0.0020829707
11433_3,0.0019570168
11570_1,0.03594832
11880_10,0.9986749
1983_3,0.007937994
2916_1,0.0010987311
8119_10,0.9987356
10960_2,0.001810211
2798_2,0.001622967
2797_1,0.019271135
9931_4,0.0014103585
6244_10,0.9981614
8361_2,0.001867566
7098_10,0.99861145
9107_10,0.9985221
9860_10,0.99804294
10252_1,0.0014325365
12015_8,0.9954615
2696_4,0.9757624
9301_8,0.9988121
799_7,0.99827254
9411_7,0.9977482
4172_1,0.0011695102
8008_10,0.9988305
11436_1,0.0013670255
3464_10,0.9987356
5826_3,0.0019570168
5460_4,0.0014325365
8920_3,0.8624676
1465_3,0.007815888
7571_1,0.001133569
3416_10,0.9985221
11088_7,0.99824536
7007_10,0.9986749
11317_7,0.99818975
11639_7,0.99837697
1871_10,0.9988305
1551_7,0.99788433
4089_4,0.0010987311
8145_9,0.9987551
1243_7,0.9983516
9082_8,0.9986541
11807_8,0.9986541
6154_10,0.9987551
2082_8,0.99884856
9142_4,0.0051396107
6126_8,0.9966234
9774_1,0.0043994132
5137_10,0.99869555
11085_1,0.0010817152
4541_1,0.0013670255
10478_10,0.99861145
8479_3,0.0013885231
11220_1,0.0012255674
0_10,0.9987551
5235_8,0.9986541
457_2,0.0012448432
6784_7,0.99886644
11527_10,0.9988121
5935_7,0.9986541
3697_10,0.99871576
8318_10,0.99871576
6770_8,0.9980122
11760_7,0.99856746
10344_9,0.9987551
12363_4,0.0064882697
2233_2,0.0011879054
12184_10,0.99863297
4668_8,0.9980732
2293_4,0.0017007225
5886_8,0.9987551
8403_4,0.004198795
2493_3,0.0015978455
7224_2,0.0013458604
7753_10,0.9987551
476_9,0.99824536
3760_7,0.99566853
8371_1,0.0015731123
2541_10,0.9982993
12052_2,0.0034296038
2320_1,0.0015011822
5598_8,0.9983516
12342_1,0.001133569
7391_9,0.9980732
2615_1,0.0012065897
11251_4,0.0031236487
9946_2,0.0013670255
10571_10,0.9985896
3984_1,0.001133569
4633_10,0.9988121
548_10,0.99877447
1732_1,0.0013885231
3559_7,0.99871576
10212_7,0.9850429
8950_7,0.9986541
8157_10,0.9988121
5986_9,0.99871576
10263_7,0.8413048
2168_10,0.99856746
4424_4,0.6702846
6944_10,0.029535338
11467_7,0.9988121
3630_8,0.9984269
2405_1,0.0010987311
7517_1,0.0014550629
8116_10,0.9974885
5368_4,0.0044683837
2045_1,0.0017007225
11303_8,0.99871576
11077_2,0.003538086
6314_10,0.99884856
12137_4,0.001810211
12180_1,0.0011695102
6403_10,0.9969722
2019_1,0.001477943
7921_7,0.99827254
3977_10,0.99818975
11277_9,0.9977482
8398_1,0.0013250223
1429_3,0.0012255674
9628_4,0.001810211
2472_3,0.008315778
5811_4,0.0013250223
11663_3,0.0015731123
3153_1,0.0018386653
11881_2,0.0014550629
767_7,0.9969246
12243_10,0.99877447
10969_8,0.9981614
8689_10,0.9871788
1854_10,0.99863297
12392_4,0.0014550629
6627_2,0.0012448432
6819_10,0.99869555
1587_9,0.027585285
6999_10,0.9984988
9128_1,0.040845715
7141_1,0.0023231625
4485_8,0.9985896
7368_7,0.9975274
7698_4,0.12168575
8376_3,0.007121429
1862_1,0.0015731123
11217_9,0.99871576
5179_4,0.6345433
6524_3,0.0035936027
11877_10,0.9987551
6055_10,0.998884
9372_1,0.0013885231
8029_1,0.0014325365
9546_10,0.9951703
5514_10,0.99884856
8869_8,0.99869555
8290_10,0.9988305
11619_9,0.99824536
5949_4,0.22884513
10146_1,0.9928786
11776_10,0.997285
2146_9,0.9980732
6461_10,0.99879336
10480_4,0.009859855
9021_10,0.7833262
11802_10,0.9987551
9139_2,0.0027576222
5590_4,0.006003596
5631_9,0.9985221
6333_3,0.004264634
10455_1,0.001477943
10394_1,0.001477943
8814_8,0.99869555
11264_3,0.0044683837
2255_9,0.9987356
3915_8,0.9666631
3386_10,0.99879336
5531_2,0.0014325365
1676_4,0.0022872274
7711_8,0.99863297
7871_9,0.99871576
11101_8,0.9984988
11562_1,0.0014103585
11609_10,0.99869555
9556_1,0.0012843083
7149_3,0.99509466
11807_3,0.0027149855
12106_10,0.99869555
4763_1,0.030214587
2007_3,0.0029349516
8454_8,0.99884856
4656_10,0.998103
717_8,0.99869555
3501_4,0.0065897712
6562_4,0.004609572
3926_1,0.0023596606
7497_1,0.0013045068
4257_9,0.9984269
4111_1,0.0012255674
9865_10,0.9985221
8323_4,0.0014325365
2228_4,0.0076956474
1180_7,0.9984988
6315_8,0.99871576
12271_10,0.9979493
4567_2,0.009268014
8745_8,0.9982993
4994_1,0.0010484692
2842_4,0.0040072887
674_9,0.99869555
4431_3,0.0065897712
2534_4,0.08509905
378_9,0.9987356
6039_9,0.2885691
9551_7,0.99869555
1273_7,0.0057302467
4222_4,0.0016743994
7469_1,0.0012255674
8733_3,0.9339146
9324_4,0.0013885231
8888_4,0.002434382
2872_9,0.9966234
2123_8,0.99847525
4982_7,0.99687636
10668_1,0.0028009268
2014_7,0.99469805
4211_3,0.0012065897
1202_9,0.9987356
5450_4,0.001264422
2484_1,0.047425874
2427_8,0.99884856
405_3,0.001264422
1_10,0.9987551
4498_4,0.99719906
50_3,0.0019877742
10113_9,0.9988121
8919_3,0.0038244836
1338_7,0.81047887
9817_8,0.99869555
10824_7,0.141756
12165_8,0.9951703
11975_8,0.22405545
8537_1,0.011961098
4443_9,0.99877447
207_3,0.0015011822
4247_8,0.99390244
11333_9,0.99861145
6357_2,0.002434382
4477_1,0.0020507437
8774_1,0.0010484692
10049_8,0.9987551
9621_2,0.0011513996
5428_10,0.99877447
11693_3,0.0030278352
8731_4,0.0054692742
11209_1,0.004070138
10581_10,0.0022518474
4289_10,0.9984269
511_7,0.99827254
7832_8,0.30528295
2567_9,0.9985896
4931_1,0.002396731
8770_2,0.0011879054
8999_9,0.9988121
9918_1,0.0010649626
2254_7,0.99832565
4095_1,0.025957355
8601_2,0.0023231625
10347_10,0.9988305
2911_4,0.0034296038
12157_7,0.9987551
5154_10,0.99869555
27_9,0.9987551
2586_9,0.9987551
6344_9,0.9988121
1888_4,0.0011879054
6630_1,0.0010817152
3202_10,0.99824536
1517_9,0.9987551
584_10,0.99821776
2683_4,0.013020489
1721_1,0.0012448432
4371_7,0.9932025
4697_3,0.9518632
2977_10,0.97702265
1835_3,0.0028449094
9872_1,0.0015247865
4794_9,0.9623913
5345_10,0.9984022
1230_10,0.9988121
2438_2,0.0010987311
5709_9,0.9988305
8007_1,0.0014103585
7236_10,0.99711037
7978_10,0.9984022
10608_1,0.0011695102
10968_1,0.0013885231
3650_1,0.001264422
7966_8,0.9984269
8435_9,0.9988305
6095_3,0.0030278352
12457_8,0.9988121
611_10,0.99861145
7589_7,0.9977482
4378_4,0.005384938
9019_3,0.0025909794
794_1,0.0021827165
5112_4,0.0027149855
8698_7,0.99193794
2729_1,0.0014325365
9090_1,0.001133569
9641_8,0.99877447
5065_7,0.9798227
3147_10,0.99869555
3971_4,0.00581996
7000_8,0.99871576
6716_1,0.001477943
11482_7,0.28977346
9263_4,0.00498227
7901_1,0.0022518474
8213_2,0.0010005045
1113_8,0.9987551
1013_7,0.99863297
2195_9,0.99877447
1371_8,0.9967269
7239_7,0.9981324
11376_1,0.0013885231
3506_9,0.9987551
3413_2,0.0013045068
8641_1,0.0010817152
11587_2,0.001867566
7639_7,0.9986541
8100_8,0.9982993
8151_2,0.0014325365
10464_2,0.0012448432
2043_3,0.0027576222
4454_8,0.99863297
6562_8,0.9988121
8549_8,0.97539
1209_3,0.0022518474
2566_4,0.0028449094
5871_10,0.99871576
6459_7,0.9985896
11006_8,0.98998636
3313_8,0.99863297
5290_2,0.0015978455
9687_1,0.0017007225
4165_10,0.9985221
11120_4,0.008847355
3379_2,0.0020507437
5814_1,0.86838096
3414_7,0.9988305
7750_7,0.9974885
9727_7,0.9984022
3850_9,0.9987356
5954_2,0.14903529
9685_1,0.0011695102
9307_3,0.014281935
8727_9,0.9977482
9746_1,0.001133569
9365_8,0.99877447
3361_10,0.9984988
4554_3,0.0011879054
8952_9,0.9987551
4301_1,0.0010817152
10764_4,0.9967775
2738_10,0.9511422
3554_1,0.0010817152
5724_8,0.99818975
8804_4,0.05340333
468_8,0.9988305
10527_10,0.99871576
5117_7,0.9986541
3390_4,0.02297737
5875_3,0.0024726235
10380_7,0.99886644
887_2,0.9953181
2707_8,0.87621135
11371_3,0.04115289
535_4,0.0013458604
10700_10,0.9606575
3047_10,0.99845123
5930_3,0.0015011822
6044_10,0.99837697
8679_4,0.99854493
2261_10,0.99877447
9577_10,0.9988305
1999_7,0.99854493
6010_3,0.0030753699
861_4,0.0018969199
4360_2,0.0018386653
5373_7,0.06142404
10760_8,0.9983516
12436_10,0.99869555
5149_3,0.002631674
7091_4,0.0022872274
5135_9,0.997981
5552_8,0.99477994
1713_9,0.9987356
11445_4,0.0031236487
11146_7,0.9987356
5286_9,0.9987551
10518_1,0.0013250223
1122_8,0.99732697
7680_1,0.00498227
11042_8,0.99821776
6336_1,0.0014103585
11784_10,0.9984988
8759_10,0.9988121
4362_10,0.9986749
4483_2,0.0013458604
7501_8,0.9987356
3516_2,0.0013670255
3965_10,0.9982993
4066_8,0.992062
7802_2,0.0035936027
1074_7,0.9988305
4555_3,0.0011513996
11477_1,0.0011513996
5712_10,0.9986541
1175_8,0.9988305
6283_4,0.0017007225
11717_1,0.0011513996
8029_8,0.99877447
5794_8,0.99879336
8717_2,0.0013250223
10682_10,0.997981
4610_1,0.0023596606
4908_9,0.99847525
8325_2,0.0018386653
11330_4,0.0029810332
5717_10,0.2549725
11421_3,0.010169657
4725_2,0.0015731123
2284_9,0.99871576
12433_1,0.0015978455
10799_10,0.99788433
3213_10,0.99804294
10997_10,0.99877447
3482_9,0.99877447
430_4,0.0013885231
6524_9,0.99863297
2270_1,0.0021489493
6410_4,0.00818791
224_10,0.997917
10915_8,0.99869555
8882_3,0.001622967
3578_3,0.0017821962
7696_1,0.6675812
7307_1,0.0013670255
10043_1,0.009268014
6380_4,0.08570928
3109_2,0.0018386653
398_4,0.0032224844
10498_1,0.0011513996
3565_8,0.99877447
7844_9,0.9988305
5879_3,0.20244318
5004_1,0.0011879054
9347_2,0.0017821962
2213_8,0.99877447
3654_8,0.99845123
642_2,0.0010649626
9412_8,0.99877447
7418_10,0.9982993
2012_1,0.0014550629
308_9,0.99884856
11695_8,0.9984269
7369_10,0.9985896
7363_3,0.0145035805
7834_3,0.002019014
7705_10,0.99845123
4554_8,0.9987551
4773_7,0.99871576
11944_2,0.9738444
12303_10,0.97737074
272_10,0.99341017
11678_10,0.9987356
8157_1,0.34643075
1360_7,0.99341017
1702_7,0.99629277
7409_8,0.9987551
3865_8,0.99847525
8266_10,0.99845123
3543_3,0.0025509126
8542_4,0.0014103585
2188_4,0.0019267346
7928_10,0.4773105
8271_1,0.0017007225
2667_3,0.0021827165
136_9,0.99861145
2365_8,0.9975274
9516_1,0.0012255674
6205_9,0.99884856
12411_1,0.0018969199
10549_2,0.42530686
2114_10,0.9987356
8379_3,0.0017546144
1555_2,0.001867566
7010_4,0.78727776
10425_1,0.0010484692
2970_10,0.99854493
1976_8,0.99871576
4894_8,0.99586606
995_1,0.0022872274
12087_10,0.99863297
5002_1,0.001016244
10204_2,0.0013045068
7689_2,0.0013885231
8685_4,0.11008788
4183_1,0.0019267346
7719_7,0.9977482
6350_8,0.99886644
6163_8,0.9984022
11247_4,0.0022872274
8962_8,0.9984022
7849_9,0.99869555
4177_9,0.99856746
4680_1,0.96765566
10965_8,0.99879336
3534_10,0.9988121
9782_4,0.0040072887
9525_9,0.9988121
3743_10,0.8031738
1688_10,0.99877447
4400_4,0.0063883206
1660_8,0.6286354
8241_9,0.9987551
1238_8,0.9985896
1081_3,0.0015011822
6151_2,0.0012843083
6025_8,0.001477943
661_9,0.99509466
5670_8,0.99871576
6122_1,0.0025909794
1767_10,0.9988305
5629_10,0.9987551
8256_10,0.99832565
8572_4,0.0019570168
11580_7,0.97737074
525_3,0.0021489493
2128_3,0.5122046
10254_8,0.99861145
3082_2,0.0013670255
7127_1,0.0011513996
9927_7,0.0031726828
5694_9,0.99854493
8063_10,0.987375
10768_1,0.001648483
7375_1,0.0053018946
6220_10,0.99869555
4477_10,0.99877447
1350_8,0.9987356
9354_4,0.9984988
9015_2,0.9977482
719_1,0.001477943
10544_3,0.0019570168
4496_10,0.9974885
3912_1,0.001622967
10120_10,0.9982993
6958_2,0.0010817152
10964_7,0.9969246
4974_1,0.0038844768
5591_9,0.9987356
2295_3,0.0145035805
17_8,0.99711037
10442_2,0.0025509126
3043_10,0.99863297
5243_1,0.0011513996
5145_8,0.9985221
5727_7,0.9918121
3406_10,0.99845123
3552_7,0.99740905
1512_1,0.0020507437
9214_9,0.99869555
3060_3,0.01784874
9086_3,0.9539661
10428_1,0.0017007225
11198_10,0.99818975
1743_4,0.001622967
7795_10,0.9985221
9863_10,0.99861145
182_3,0.22781274
9644_4,0.03875619
10744_2,0.0015731123
3393_10,0.99861145
3657_8,0.99854493
10435_1,0.0012255674
9206_10,0.9988121
4005_10,0.9984269
5901_3,0.0028449094
498_10,0.99856746
9583_2,0.0018969199
2336_10,0.9987551
6107_1,0.0022872274
7079_7,0.9987551
2769_4,0.032100707
4787_8,0.99877447
11123_1,0.001133569
6466_10,0.99871576
6311_9,0.99845123
1236_7,0.9985221
3635_9,0.99879336
1230_2,0.0012843083
8721_7,0.9986541
7878_3,0.0034834242
11731_7,0.9982993
8732_8,0.9988305
8083_8,0.06052939
3146_1,0.002019014
11395_10,0.9987551
2998_2,0.0011695102
3766_4,0.02517884
353_3,0.0020829707
8688_7,0.9921841
6137_10,0.99869555
11950_3,0.027376488
5663_1,0.002396731
1108_3,0.0014550629
10425_10,0.9987551
913_10,0.9983516
7852_8,0.99871576
14_1,0.002019014
12062_1,0.0013458604
1162_1,0.0013885231
8648_10,0.9986541
10605_10,0.9988121
1091_1,0.003707253
7723_8,0.9952448
5474_8,0.9987356
8308_1,0.0011879054
9586_8,0.9976404
5317_4,0.0015247865
11283_8,0.0033766124
9575_3,0.0011879054
8846_9,0.19559409
8756_1,0.0018969199
7973_4,0.0017007225
9845_3,0.0011879054
11335_9,0.9987356
456_8,0.9986749
378_1,0.0019267346
9176_1,0.0013250223
6371_10,0.9985221
3152_10,0.9986749
7441_4,0.0015978455
10123_4,0.0030753699
6777_1,0.19682619
7479_1,0.0029810332
5563_1,0.0013885231
9076_7,0.9985221
11744_1,0.0038844768
1040_4,0.0017821962
920_1,0.0013045068
3599_4,0.0015011822
9629_3,0.045692034
12346_1,0.0027576222
4237_8,0.574723
6596_10,0.9804314
11576_1,0.0019267346
1140_1,0.001133569
2945_8,0.98201376
7518_9,0.9976769
3435_1,0.0014103585
8219_3,0.0010987311
6758_10,0.99877447
484_8,0.9987551
10012_1,0.0012255674
718_10,0.99879336
12293_7,0.9986749
6241_3,0.0015978455
10635_10,0.9983516
2563_1,0.0017007225
7682_10,0.9981324
4993_7,0.99877447
12153_4,0.004905406
8559_7,0.018264279
9700_4,0.99788433
660_2,0.0018969199
11457_4,0.0014325365
7146_1,0.0035936027
3771_2,0.0023231625
8333_3,0.002889581
11740_7,0.9984269
7035_2,0.0022872274
7054_1,0.0014550629
12292_4,0.0014325365
8881_4,0.11436852
7264_8,0.99879336
11168_1,0.0029810332
1145_9,0.99884856
781_9,0.99877447
5694_4,0.0014103585
2637_10,0.9987551
5812_8,0.9930962
6335_10,0.9986749
10491_3,0.0019570168
4684_2,0.0012843083
3810_2,0.0019570168
12264_3,0.0017546144
8018_10,0.9987551
12185_10,0.99832565
3959_3,0.028007522
9829_7,0.99884856
4694_4,0.0034834242
3884_1,0.0018386653
8027_10,0.9988305
743_2,0.0010987311
7036_1,0.0013458604
3081_1,0.001264422
4606_10,0.9986541
503_2,0.0025114634
6989_10,0.99856746
10059_1,0.0027576222
1380_9,0.8327813
3247_1,0.001648483
6308_8,0.99877447
1592_2,0.001264422
3167_1,0.0014103585
6357_10,0.99884856
7107_7,0.997917
5335_8,0.99879336
11948_2,0.0021827165
10805_4,0.70416015
638_7,0.997851
4311_2,0.002434382
11795_8,0.99856746
8031_9,0.9982993
11930_2,0.99832565
7886_3,0.012053779
7253_10,0.99879336
10955_3,0.11318691
10680_2,0.0014325365
8754_10,0.9951703
9556_8,0.9987356
3076_10,0.9967269
1544_3,0.0044683837
2726_3,0.17724052
8545_3,0.001477943
3175_3,0.0025114634
2864_9,0.010818449
547_4,0.0010987311
2831_9,0.9965166
5321_4,0.0051396107
4675_8,0.99871576
11787_4,0.002019014
2837_10,0.99879336
7730_8,0.9986541
2309_10,0.9986749
9078_7,0.99863297
8160_10,0.9986749
7824_1,0.0011513996
9926_8,0.011331754
3507_1,0.006692851
5878_3,0.111627996
6708_4,0.0028449094
1096_3,0.001477943
4556_8,0.99869555
3667_10,0.9967775
9565_3,0.002019014
4737_9,0.99863297
12134_1,0.0027149855
9413_7,0.99856746
1002_9,0.99827254
4889_4,0.994615
3453_1,0.04672496
2763_2,0.0013458604
8248_8,0.98187524
1881_1,0.0059110695
3528_10,0.99861145
3630_1,0.13432105
11390_10,0.99879336
3991_8,0.92523
7650_8,0.010818449
4527_8,0.99863297
10307_2,0.9964064
8872_4,0.0015731123
1741_10,0.9976769
12170_9,0.9651191
11196_4,0.001622967
5524_10,0.99804294
1926_3,0.0036499873
1279_8,0.94208187
1444_8,0.9961755
8975_8,0.99854493
7157_10,0.99877447
11973_2,0.001648483
7022_1,0.84645087
6939_10,0.031858858
6732_9,0.03138043
3689_1,0.0011513996
10228_1,0.0017274586
6314_3,0.002889581
4285_8,0.97482115
10086_10,0.9976404
9899_1,0.0014325365
7556_10,0.99877447
12299_3,0.009936419
11872_3,0.0153063545
4257_1,0.0024726235
3028_7,0.005220126
2545_10,0.9987356
8036_4,0.0034834242
5948_2,0.002631674
12113_1,0.0028449094
1738_4,0.0031236487
9808_10,0.9959927
2629_4,0.0044683837
12003_9,0.7078088
6725_8,0.09401018
5383_8,0.99740905
12097_1,0.0013045068
11402_9,0.99869555
3877_3,0.002889581
3765_4,0.997851
11431_7,0.9984988
7419_3,0.0063883206
9844_8,0.9939964
9753_1,0.0012255674
12377_1,0.9984022
2775_10,0.9837225
11106_1,0.0022518474
10015_8,0.9981614
9473_9,0.9987356
3633_9,0.99869555
9022_8,0.99863297
608_1,0.0017007225
10724_1,0.0012255674
1059_10,0.9988305
8413_3,0.0012843083
2013_1,0.0011160143
2814_10,0.99856746
9166_4,0.13892843
6566_7,0.97462875
9352_10,0.99877447
8123_1,0.0018969199
10825_3,0.0010649626
3735_8,0.99871576
7595_2,0.0015731123
4946_1,0.0067975316
8327_9,0.9987356
5140_2,0.0019877742
10986_1,0.001032231
7385_8,0.20055768
3722_1,0.0012448432
9799_2,0.0065897712
1288_8,0.9985896
8089_1,0.02931223
11279_4,0.95531917
4845_10,0.9985896
8354_8,0.9988305
1373_10,0.018404892
5431_7,0.99824536
1245_2,0.0022872274
11429_7,0.99871576
11606_4,0.0034296038
4192_10,0.007011795
3443_1,0.0030278352
4957_2,0.10017222
4971_8,0.9986749
913_1,0.005060332
10311_10,0.99877447
10558_9,0.9988121
304_10,0.9984269
7499_9,0.9988305
6529_10,0.99856746
2069_10,0.99869555
1366_10,0.9986541
10303_3,0.0017546144
4476_8,0.99871576
8032_10,0.9986749
8392_8,0.28577045
10158_9,0.9987356
10886_7,0.9984022
1789_2,0.0025509126
3113_1,0.0013670255
7713_1,0.0012843083
2685_10,0.99877447
9760_10,0.99861145
12401_10,0.9988305
2489_10,0.99877447
6382_1,0.0013670255
2352_2,0.001648483
9440_1,0.001477943
10695_10,0.99818975
7297_8,0.9740426
11703_4,0.020804489
4733_1,0.0031726828
1769_4,0.0019877742
12219_7,0.9987356
1725_1,0.001810211
1711_8,0.01107216
7466_8,0.9983516
6987_10,0.99871576
12351_1,0.0013885231
4929_10,0.99879336
10281_4,0.0012065897
11555_7,0.9984022
2075_9,0.9981614
755_10,0.9939964
11705_8,0.99861145
1434_10,0.9988305
6189_7,0.6955449
3645_7,0.9224824
2963_9,0.9988121
3487_9,0.9988305
6368_7,0.9942697
2240_1,0.0017274586
10126_9,0.99879336
5366_1,0.0028449094
8058_10,0.99869555
10746_8,0.99847525
4852_3,0.0011160143
5371_7,0.997783
303_2,0.0038244836
7169_4,0.008711384
4284_3,0.004681822
7539_2,0.0016743994
11410_1,0.03875619
4710_2,0.0017274586
7660_1,0.0022518474
10378_8,0.99390244
10580_10,0.99818975
4295_1,0.0014550629
4433_1,0.0032224844
6959_9,0.99879336
6769_4,0.027795624
11996_1,0.0014103585
10341_7,0.85195273
2337_1,0.0013458604
11119_8,0.99871576
4228_2,0.001867566
3680_1,0.0013670255
11256_1,0.0011513996
1884_7,0.9987356
4750_8,0.9985221
4890_3,0.9975656
7159_10,0.9988121
10622_1,0.0011879054
11753_1,0.007011795
8352_10,0.99871576
2188_9,0.9988121
6913_9,0.9986749
9193_1,0.0012843083
9572_4,0.0025114634
5136_2,0.0021489493
4799_2,0.0014325365
5045_8,0.99856746
9538_1,0.0020829707
1565_4,0.0034296038
12134_7,0.99854493
1437_8,0.9974885
5319_9,0.9988121
3709_10,0.9988121
2642_8,0.9988305
11143_9,0.9985221
864_10,0.99832565
9283_3,0.0015011822
5089_9,0.9986541
9917_10,0.9984022
3800_7,0.14080817
6074_7,0.9988305
6433_7,0.9988121
6715_1,0.0015978455
594_1,0.0011695102
2469_1,0.0019877742
3155_1,0.9877587
7458_10,0.010408315
2020_1,0.0012255674
6921_8,0.99877447
9662_7,0.9988121
9567_7,0.99253935
5187_1,0.0009850082
6831_4,0.0014103585
7829_4,0.0064882697
3868_3,0.9730365
2224_10,0.9982993
12015_1,0.0013885231
841_1,0.004133968
224_3,0.0010817152
4805_9,0.99879336
7513_2,0.96641046
7065_3,0.0012843083
6192_3,0.013020489
6075_10,0.99854493
10611_7,0.9986541
10471_10,0.99861145
4198_10,0.010818449
10756_7,0.99351174
11960_1,0.0031236487
2885_9,0.99879336
6837_3,0.0011879054
1917_2,0.003707253
7143_3,0.001133569
1762_10,0.99877447
12066_10,0.99879336
8410_7,0.28061637
10729_4,0.0021827165
6967_3,0.0031236487
734_7,0.9981614
1524_10,0.99884856
2479_9,0.18476751
130_4,0.0012065897
201_9,0.99863297
6157_9,0.9987356
9362_2,0.0033766124
3858_10,0.99760324
9895_10,0.9988305
9953_3,0.001032231
4667_7,0.99788433
1951_1,0.0013250223
8724_8,0.9987356
2886_7,0.9984988
7491_10,0.9988305
10403_4,0.95976204
7362_10,0.030214587
9466_9,0.99871576
9079_7,0.99832565
10171_1,0.002889581
9511_9,0.997851
8775_1,0.0019570168
6462_2,0.0018386653
3129_2,0.0013458604
12461_1,0.0010484692
8541_10,0.9891816
4241_7,0.9974491
6533_10,0.008380454
12131_2,0.001810211
11577_4,0.001867566
6063_3,0.0013458604
1760_9,0.99509466
3396_1,0.002019014
5385_8,0.9981324
7212_2,0.0017546144
3522_8,0.99788433
1397_10,0.019870715
387_8,0.99884856
4143_9,0.9987551
9483_2,0.0027149855
3250_10,0.9988121
8758_4,0.02096424
7551_10,0.99879336
2068_1,0.004264634
9534_9,0.9987551
11561_8,0.99818975
3083_2,0.0011695102
2973_1,0.014728613
6574_10,0.9987551
5442_2,0.0015011822
6343_3,0.007345827
6723_1,0.0016743994
6252_8,0.9969246
8465_1,0.0012065897
1906_7,0.02865267
7492_7,0.99861145
5508_7,0.9329437
5936_8,0.9152046
5086_8,0.99635005
2134_7,0.9980732
8301_4,0.81582016
8423_2,0.0017821962
6241_10,0.9987356
8550_4,0.0033766124
3330_10,0.99856746
8825_8,0.9987356
8030_1,0.0014325365
4884_4,0.010328153
8391_9,0.99847525
9776_1,0.0027149855
1389_7,0.9959299
12224_4,0.004681822
2162_7,0.99877447
8490_10,0.9988121
12003_4,0.0012448432
11043_3,0.9976769
7266_2,0.0013458604
4480_10,0.6846858
11954_9,0.99861145
3280_2,0.001477943
8084_2,0.00093994394
3913_4,0.007232764
7353_10,0.9984269
3161_10,0.99856746
3941_1,0.001477943
7992_9,0.9896718
10742_10,0.99886644
69_10,0.99861145
10415_3,0.001648483
4818_10,0.998884
5563_10,0.9979493
7018_10,0.9984988
8873_4,0.0015011822
10593_3,0.0023231625
12251_3,0.0020829707
731_4,0.001648483
1195_10,0.9988121
7337_1,0.0017821962
2448_7,0.9988305
4444_2,0.0013885231
9223_2,0.0014103585
463_8,0.99854493
4335_4,0.0017821962
9635_8,0.034358688
8738_4,0.9539661
6724_1,0.0010817152
5504_1,0.0013250223
10185_1,0.002673006
901_9,0.99877447
10452_8,0.99879336
8289_10,0.9987551
10112_1,0.0012448432
9950_8,0.99845123
8644_4,0.002673006
11534_7,0.99832565
5708_4,0.0019877742
6781_1,0.0012255674
3582_10,0.99845123
4591_7,0.8828326
3327_1,0.027376488
9536_9,0.99877447
3047_2,0.005641909
2830_9,0.9987356
4300_1,0.0017007225
4160_4,0.0040072887
11783_10,0.9984022
6029_9,0.99863297
6907_2,0.008511303
691_2,0.0013045068
585_1,0.99351174
11182_3,0.09203287
10433_2,0.0009850082
11201_2,0.73829186
588_7,0.99869555
2522_10,0.9986541
7002_2,0.0025509126
2059_10,0.9987356
4925_10,0.9911527
7791_9,0.9988305
6392_10,0.9986749
3305_7,0.99886644
11951_10,0.99687636
12167_1,0.001133569
5814_10,0.99877447
2590_10,0.9986749
10571_3,0.0067975316
5452_4,0.0020507437
6480_10,0.99863297
11050_8,0.99884856
11523_3,0.0019877742
6556_8,0.9986749
597_9,0.9985221
4049_3,0.001477943
6652_8,0.99886644
5591_4,0.01395571
12295_1,0.0011513996
11478_10,0.99879336
6436_1,0.001867566
2487_2,0.001648483
7520_7,0.99877447
5203_9,0.99879336
6162_10,0.99869555
3840_4,0.0039454065
7471_10,0.9988305
5021_1,0.0013885231
5593_10,0.99486035
7489_10,0.9988121
1208_10,0.9974885
11983_10,0.9986749
23_4,0.0021157034
3622_7,0.99701905
7821_1,0.0013458604
9726_3,0.0111580305
2890_10,0.9986541
11695_4,0.5381945
3751_10,0.9986749
5136_8,0.9987356
8730_7,0.998884
4341_7,0.006903838
9148_3,0.0014550629
6385_3,0.0022872274
8560_8,0.007121429
766_2,0.0019267346
8847_10,0.99827254
7455_1,0.0010817152
3187_8,0.9700135
9683_1,0.001648483
7744_10,0.99879336
11136_10,0.9986541
214_1,0.0023231625
2105_9,0.9987551
1265_10,0.99128854
9122_2,0.99486035
9296_10,0.99845123
8107_2,0.0029349516
8134_2,0.0015247865
3788_10,0.9988305
2429_10,0.99856746
8567_1,0.0012843083
7400_10,0.9884919
1789_7,0.9738444
11098_2,0.0017546144
918_10,0.99611557
3389_10,0.9019207
3754_1,0.0075772414
8807_9,0.9961755
7900_9,0.99871576
6541_1,0.0027576222
981_1,0.0015731123
2142_9,0.99837697
1639_1,0.0011879054
4162_1,0.0011879054
2476_10,0.99837697
9941_4,0.0123361
4020_3,0.0021157034
6823_4,0.010248601
6236_2,0.001477943
7793_4,0.0018386653
7431_9,0.99869555
6864_7,0.9273633
184_9,0.9976404
735_7,0.9984988
1673_8,0.99884856
6209_1,0.0012448432
4167_10,0.9988121
7854_1,0.0029810332
6281_7,0.99869555
3045_1,0.0010987311
598_9,0.9988121
5411_10,0.99877447
3781_4,0.0034834242
10627_2,0.0014103585
11283_2,0.96691406
4594_8,0.99701905
12424_7,0.9932025
6705_8,0.99832565
5274_8,0.0044683837
2107_7,0.9849274
10685_7,0.008847355
1992_10,0.9975656
6711_1,0.0013885231
1899_10,0.99863297
6307_9,0.9987356
5702_10,0.99863297
6865_7,0.9986749
5047_10,0.99856746
2762_8,0.99832565
2830_4,0.0019877742
9305_7,0.9987356
4358_1,0.002019014
7558_10,0.99877447
8607_10,0.99854493
4599_9,0.99788433
5267_4,0.005641909
5667_10,0.99824536
10108_8,0.99879336
8432_3,0.0015011822
845_2,0.001264422
552_2,0.012053779
169_7,0.9983516
12311_1,0.0015487612
5884_3,0.0023596606
2938_4,0.979354
11378_7,0.98549646
7337_10,0.99869555
4378_7,0.99854493
4660_10,0.99863297
2461_4,0.002631674
7011_10,0.99869555
9907_2,0.0011879054
6134_2,0.0021827165
1548_1,0.0018386653
157_3,0.0018386653
2189_2,0.0013045068
9021_3,0.8568123
7699_1,0.0012065897
9298_1,0.0010484692
539_3,0.0023231625
10243_2,0.0014550629
8659_9,0.99854493
10748_8,0.99854493
6757_4,0.001477943
7196_8,0.9986749
2579_9,0.9987551
5896_10,0.9981614
2308_9,0.99869555
12318_1,0.0040072887
12244_4,0.5613651
10131_7,0.05033063
3608_4,0.84389514
10891_10,0.9988305
10517_10,0.9986541
2180_8,0.998103
2498_7,0.99856746
3382_1,0.0015247865
12196_4,0.0021157034
7079_3,0.01065251
562_8,0.026355354
984_3,0.0020829707
7756_10,0.9988305
11553_1,0.0010649626
1880_4,0.8679338
9842_7,0.95430803
795_3,0.0015731123
11707_10,0.99486035
8457_9,0.99818975
2483_4,0.002396731
4903_3,0.97046465
12223_2,0.0011695102
8418_2,0.001032231
6194_10,0.9988305
3214_10,0.9987551
12208_3,0.0022872274
7001_10,0.99863297
8533_8,0.9978173
8236_4,0.0018969199
2867_1,0.0011695102
7876_9,0.9974491
9640_8,0.9988305
11866_3,0.0019267346
4262_4,0.0031236487
5711_4,0.99788433
214_9,0.99804294
9641_4,0.0051396107
9086_9,0.99879336
12088_2,0.0011160143
76_8,0.9987551
1537_10,0.99877447
10510_2,0.0011695102
778_1,0.001264422
458_9,0.99884856
12472_1,0.0011879054
7914_1,0.9871788
8595_10,0.99877447
7741_4,0.0016743994
9056_4,0.0014550629
538_4,0.0017821962
12049_4,0.00581996
9613_8,0.9985221
7051_4,0.006903838
2549_7,0.9987356
12139_3,0.0015247865
4006_7,0.0987726
11662_10,0.99879336
497_2,0.0017007225
5556_2,0.002889581
8287_10,0.9987356
4712_9,0.9985896
8237_1,0.0012065897
4466_9,0.99821776
4141_1,0.0023231625
3303_10,0.99832565
5384_2,0.0011879054
8494_1,0.0021827165
5127_2,0.004681822
6961_9,0.9985896
10856_1,0.0017821962
9421_7,0.99871576
3776_10,0.99869555
5958_1,0.0013250223
6227_8,0.9978173
10991_1,0.0016743994
7996_10,0.9988305
12372_9,0.9982993
1460_2,0.0016743994
10183_1,0.001264422
2829_4,0.001648483
9797_4,0.0011513996
2988_3,0.0012843083
3974_3,0.0075772414
11419_4,0.0013885231
11472_7,0.20882356
8489_7,0.99788433
11938_4,0.0020829707
1057_8,0.9984022
7213_1,0.0013250223
2615_10,0.9928786
3101_1,0.001264422
7553_1,0.009708476
10258_1,0.0010484692
8551_10,0.9986749
11233_4,0.0012255674
2996_4,0.002434382
8670_3,0.9879462
10586_9,0.9983516
501_10,0.9987551
11398_9,0.9987551
9223_8,0.9987356
5432_9,0.92683524
7517_10,0.9986541
11616_7,0.99856746
5055_2,0.0015731123
9285_1,0.001477943
5175_1,0.0012065897
872_1,0.0013045068
8890_7,0.9966756
178_2,0.0015978455
10660_4,0.23722236
11461_4,0.024423089
9461_8,0.99821776
3992_3,0.0012065897
1173_1,0.0015011822
8261_10,0.997783
10007_4,0.001032231
10751_10,0.9984988
5021_8,0.9988121
10553_7,0.997783
12464_8,0.9988121
8616_8,0.99861145
9697_1,0.0013670255
2800_1,0.0010817152
521_1,0.0013250223
7535_10,0.9987356
4352_9,0.9984988
2246_10,0.99871576
7039_4,0.0022518474
10344_4,0.0020507437
12195_10,0.99845123
3671_4,0.7690802
1767_2,0.001622967
6536_1,0.0016743994
8951_1,0.0013885231
12462_9,0.99871576
8489_2,0.010986943
11884_10,0.99877447
8602_1,0.0035936027
9229_1,0.0019570168
10611_3,0.0012448432
6764_4,0.98951083
2612_1,0.0015247865
213_3,0.001810211
1987_2,0.0027576222
3082_9,0.9985221
10504_7,0.99863297
8862_9,0.99740905
5512_10,0.9950177
3198_10,0.99845123
11521_1,0.0010649626
9841_8,0.99298817
1781_10,0.9986541
8389_1,0.001032231
10225_1,0.0012843083
1403_4,0.002019014
3792_8,0.99886644
4361_9,0.9988305
6579_7,0.9984269
3891_2,0.001867566
10782_8,0.9985221
12290_2,0.003538086
1710_1,0.0030753699
5507_7,0.99863297
10523_1,0.0018386653
6722_10,0.004198795
3401_10,0.99861145
8079_1,0.001622967
5650_10,0.99856746
1843_4,0.0022872274
8228_7,0.2782568
1138_8,0.9975656
7943_9,0.99869555
2219_4,0.0013250223
11675_4,0.012821214
7748_9,0.99879336
3859_1,0.0010484692
1497_1,0.0015978455
2115_10,0.99869555
9622_4,0.0014550629
9482_10,0.99863297
9084_2,0.0064882697
2744_1,0.0017274586
6599_3,0.0014325365
10991_10,0.9986541
8444_9,0.9951703
1362_3,0.003538086
6820_10,0.9987551
10806_3,0.004198795
5509_3,0.012053779
1939_8,0.99771273
498_1,0.0020829707
12238_10,0.26095408
4154_4,0.0015247865
11557_1,0.001133569
6658_7,0.9987356
1183_2,0.0030278352
3764_10,0.9881309
12421_3,0.0029349516
8166_1,0.0025509126
88_10,0.99877447
6291_7,0.9976404
4637_2,0.0018386653
4194_10,0.99847525
9020_10,0.99821776
9749_8,0.9951703
3308_1,0.0012065897
2569_9,0.99879336
9696_8,0.98866826
8680_1,0.0022518474
10469_3,0.0012448432
6208_1,0.0017274586
9862_3,0.95945925
7663_10,0.99657035
811_10,0.99871576
5452_8,0.99884856
4347_10,0.99869555
10922_8,0.99847525
10466_3,0.001477943
11650_8,0.9988305
5126_4,0.0020507437
3454_8,0.9986541
11021_10,0.9988305
1160_1,0.0021827165
1948_10,0.99879336
8741_10,0.8710367
8996_4,0.99486035
11572_2,0.0022872274
2183_7,0.96814114
1779_9,0.07369626
5466_10,0.9985896
1756_1,0.0013458604
7777_3,0.0014103585
429_3,0.0030753699
1736_10,0.99821776
1746_10,0.9986541
7613_8,0.9987551
4315_10,0.9984022
12186_10,0.99871576
4231_8,0.9985896
659_8,0.9986749
7739_10,0.99879336
43_10,0.9988121
2960_4,0.0014325365
11665_4,0.0019267346
4399_9,0.9988305
6993_8,0.9977482
6523_10,0.99854493
7068_1,0.001032231
3005_1,0.015424551
10419_8,0.9988121
3160_2,0.002396731
1881_10,0.056652423
5623_10,0.9964064
2263_10,0.99871576
5736_8,0.99877447
550_3,0.0015487612
368_4,0.02145073
9100_10,0.9987551
930_3,0.0025114634
866_10,0.9985221
11251_7,0.99871576
10708_9,0.9954615
247_2,0.0015011822
4080_10,0.99863297
2104_10,0.9988121
8_2,0.0025909794
1485_3,0.0012255674
3133_1,0.0028009268
331_10,0.99877447
12213_1,0.0020507437
2825_3,0.0017274586
8316_3,0.009708476
11102_3,0.0010987311
9719_1,0.0015247865
1951_7,0.99869555
10577_1,0.0012065897
9941_9,0.9988121
12246_1,0.0011160143
7579_4,0.0025909794
7111_7,0.9984022
1068_3,0.006003596
1872_4,0.9883128
834_4,0.99635005
12088_7,0.99242276
7785_3,0.9764905
7364_10,0.9986749
4441_2,0.0012843083
3957_10,0.99879336
7789_1,0.0015487612
3296_1,0.0022518474
6656_8,0.96741027
7366_2,0.0015978455
10579_10,0.9987356
1292_8,0.99869555
3172_10,0.99847525
4948_10,0.9987356
8690_3,0.0027576222
3279_1,0.0013045068
7221_3,0.0021157034
6376_2,0.0039454065
4901_4,0.0021489493
1591_10,0.99863297
2905_4,0.0025909794
8656_7,0.99253935
10100_3,0.9750122
6918_10,0.99879336
7105_8,0.9943581
8220_10,0.99605453
916_3,0.002673006
7831_8,0.0048297215
11118_10,0.9988305
7993_10,0.9984269
2665_3,0.0017821962
1680_2,0.0011160143
632_8,0.99871576
5838_10,0.9987551
4039_9,0.99871576
309_3,0.0039454065
6715_7,0.4462534
9130_4,0.011331754
722_10,0.9928786
9485_3,0.0018386653
5421_9,0.99371004
2053_4,0.0012255674
8824_4,0.0015487612
906_4,0.123365626
4325_4,0.011687259
3131_1,0.002019014
4732_10,0.017712297
7628_1,0.0019267346
3903_8,0.99847525
2781_7,0.9953904
2530_1,0.001477943
8740_9,0.9982993
9456_4,0.0016743994
8705_10,0.9985896
9894_4,0.0013885231
7573_10,0.99871576
117_1,0.0011879054
1578_7,0.36545667
2822_9,0.9984269
2544_10,0.99869555
10988_10,0.99861145
9846_3,0.0013885231
6242_3,0.003538086
5626_3,0.9905874
4053_9,0.9982993
10157_8,0.99847525
10582_2,0.0015247865
11091_1,0.0014325365
10436_8,0.99877447
3432_8,0.99879336
3007_3,0.9763105
11467_4,0.024423089
9877_8,0.0021489493
4839_1,0.0010649626
2766_3,0.004198795
11528_9,0.9986749
4327_1,0.001133569
8087_10,0.997851
3394_10,0.99877447
4690_4,0.024237636
11642_8,0.9968273
2603_1,0.0019570168
9578_8,0.9985896
8316_10,0.99871576
8184_9,0.99869555
9764_10,0.99886644
3248_2,0.0012448432
5784_3,0.0014103585
3686_1,0.0012255674
10901_10,0.9759464
606_9,0.9988121
6887_1,0.0019570168
4240_4,0.0047552
977_9,0.99869555
2232_7,0.99390244
4107_8,0.9981324
11897_10,0.9987356
10418_8,0.9987356
5274_1,0.0015487612
5978_10,0.99869555
6781_7,0.99253935
6704_10,0.9658996
8290_4,0.0037654138
9826_8,0.9984988
10066_1,0.002673006
1135_1,0.0013250223
6683_9,0.9988121
9991_8,0.9967269
1710_10,0.9966234
4774_2,0.0018969199
3621_2,0.80193585
9258_1,0.0017007225
12244_8,0.9987551
401_1,0.0011160143
11869_10,0.99871576
3092_3,0.0014103585
2910_7,0.99879336
961_1,0.021125194
6927_7,0.030444348
4819_2,0.0014103585
658_7,0.9968273
5477_2,0.001477943
7766_1,0.0022170132
4159_3,0.001867566
5010_10,0.9987356
11093_3,0.0015487612
7287_10,0.99877447
3462_9,0.9986541
1652_1,0.0016743994
12077_2,0.0023231625
3798_10,0.79117644
2696_10,0.99879336
2803_8,0.997851
11941_2,0.001477943
8090_8,0.99605453
6994_4,0.008061991
1242_7,0.9985896
8828_9,0.99827254
1346_1,0.0012448432
468_1,0.0010987311
3665_4,0.0017007225
4476_4,0.29380956
6043_9,0.997285
5830_3,0.001477943
3159_10,0.9984269
6975_1,0.9986749
7338_1,0.0010484692
1424_10,0.9985221
6487_7,0.99869555
3023_7,0.9979493
4749_3,0.9861514
4596_3,0.0019267346
4681_8,0.99856746
4235_1,0.001133569
2912_8,0.99629277
6552_1,0.0012448432
4329_1,0.0015011822
3876_1,0.0013045068
9168_9,0.99453074
8747_10,0.9976404
11842_10,0.99869555
5612_10,0.99760324
10371_8,0.99871576
4804_7,0.998103
4914_7,0.9961755
2520_3,0.9832145
8053_3,0.0010484692
11302_4,0.0018969199
4766_1,0.01461567
1820_4,0.0019267346
4668_1,0.0013045068
3521_2,0.0011160143
3467_7,0.99884856
1885_4,0.004133968
4206_1,0.0019267346
2774_10,0.99847525
12060_1,0.0013250223
5664_10,0.99771273
7078_10,0.9986749
4797_8,0.99871576
2735_3,0.001133569
7981_4,0.0021157034
10440_7,0.99869555
11611_7,0.99879336
5553_1,0.0013458604
12415_2,0.0038844768
10807_3,0.0034296038
5539_1,0.002019014
9489_10,0.99854493
11053_10,0.99854493
7493_10,0.99611557
10400_4,0.004264634
9856_10,0.99861145
6813_10,0.99877447
679_10,0.997981
7502_3,0.0017007225
3842_7,0.9980122
7800_10,0.9988121
4253_9,0.9984022
2103_1,0.0017274586
9581_3,0.014281935
7335_10,0.9962346
3304_8,0.04672496
12276_3,0.0020507437
5451_3,0.0019877742
1873_3,0.002434382
5857_7,0.0031726828
5423_10,0.99869555
6400_10,0.99869555
6419_3,0.0029810332
3775_4,0.0021489493
5165_8,0.997981
6555_1,0.0014550629
3806_4,0.0015011822
8584_7,0.9985221
5390_7,0.9167081
10965_1,0.0040072887
6680_9,0.9988305
5034_1,0.001867566
7718_2,0.001648483
2688_4,0.99788433
9107_2,0.0015487612
5993_1,0.0013458604
7456_10,0.99869555
8581_8,0.9988121
8852_3,0.0011695102
4239_10,0.9987356
9012_10,0.9984988
6661_9,0.99879336
6786_10,0.9933072
12257_3,0.0017546144
8700_8,0.99760324
8848_8,0.9964619
11377_4,0.0021157034
4722_2,0.0016743994
8546_9,0.997981
3091_4,0.0015247865
4124_7,0.5292026
10860_10,0.998884
2684_10,0.9987356
4968_10,0.99886644
10785_4,0.0013670255
4871_8,0.9985896
1064_8,0.99869555
9452_2,0.0011879054
9965_1,0.0011513996
1358_10,0.99861145
12094_10,0.9984988
415_10,0.99863297
8308_10,0.0025509126
11112_9,0.9986749
6271_4,0.0027576222
7324_8,0.9981614
7950_8,0.99877447
8880_3,0.0013458604
5610_7,0.99845123
3918_8,0.9988121
7209_2,0.0019570168
4916_10,0.99886644
6782_3,0.0022170132
5607_3,0.002889581
5492_10,0.99886644
2824_3,0.0013045068
1533_10,0.9988121
9663_9,0.99863297
11087_3,0.0013885231
3360_1,0.001622967
12040_1,0.0031236487
329_10,0.9987356
4819_7,0.7130322
11985_8,0.98527133
6491_4,0.0010817152
7151_10,0.9987551
6807_10,0.9986541
3353_10,0.99869555
3592_10,0.9983516
928_10,0.655336
3100_7,0.99854493
7390_3,0.0012065897
8466_8,0.9425068
777_10,0.9988305
10007_10,0.9988121
7673_1,0.0013458604
8255_1,0.997851
3734_8,0.99580115
6217_10,0.009268014
2264_1,0.0028449094
7637_7,0.99871576
3494_3,0.0018386653
1012_1,0.0022872274
9796_2,0.0016743994
444_2,0.0015011822
10968_8,0.99740905
8328_10,0.99847525
2417_8,0.9986749
253_3,0.0022170132
3740_8,0.99869555
5904_3,0.013742321
6664_8,0.9975656
12027_1,0.0012065897
8658_10,0.9933072
4505_1,0.0013045068
1008_10,0.993807
7922_3,0.0015978455
655_10,0.9988121
6383_10,0.99856746
5868_1,0.0015978455
7827_10,0.9987356
722_3,0.0021157034
3933_4,0.001648483
1358_3,0.009268014
8939_8,0.9984269
9502_10,0.9985221
4798_9,0.99884856
7088_3,0.0022170132
9904_3,0.0013045068
11214_2,0.0017546144
11293_8,0.080936715
11924_10,0.9987356
6168_8,0.9987356
4329_10,0.99877447
10345_3,0.001648483
5512_3,0.12721826
1291_1,0.0012843083
7568_3,0.0015011822
2747_4,0.0022518474
7484_1,0.0010649626
3915_2,0.0015731123
8527_4,0.0011695102
4686_10,0.9986749
6909_1,0.0027149855
10587_10,0.997917
9167_8,0.99856746
4739_4,0.0029810332
6266_4,0.0017821962
6155_10,0.99879336
11409_9,0.057918087
3874_7,0.0064882697
7049_3,0.0033766124
11158_2,0.0013250223
5714_10,0.99879336
11248_1,0.0011879054
8854_3,0.87705624
3191_4,0.87914675
5537_7,0.99854493
4919_7,0.99869555
8109_9,0.9987551
7476_4,0.023689471
5890_10,0.9988121
5837_10,0.9988121
2623_9,0.9988305
5033_1,0.002889581
12055_8,0.99863297
8420_4,0.004905406
5854_10,0.9988121
9631_7,0.9986749
11705_3,0.0015487612
3869_7,0.9987551
10836_9,0.99854493
7027_1,0.001648483
55_4,0.0015011822
11124_8,0.9985896
3533_3,0.0012448432
1552_10,0.99884856
11307_1,0.0013045068
11974_7,0.9943581
7246_3,0.0013670255
10648_3,0.0013250223
11991_10,0.01883313
10494_8,0.99861145
8109_1,0.0012843083
4764_1,0.0013045068
3527_1,0.0015011822
4059_9,0.99879336
3729_4,0.0011513996
5073_4,0.9437636
4984_9,0.9987551
2371_10,0.9983516
9597_10,0.9988121
10823_9,0.99869555
3123_10,0.9976769
2951_10,0.9986541
9800_1,0.00096975197
1824_3,0.0022170132
6238_2,0.02096424
8830_9,0.99818975
12355_8,0.0036499873
4002_10,0.9987356
405_10,0.08449275
4314_1,0.004070138
9201_10,0.9987356
10466_8,0.9985896
3736_2,0.0012065897
1641_10,0.99877447
3381_1,0.001810211
11711_9,0.9986749
4970_3,0.0032730647
6958_10,0.99871576
646_9,0.99863297
3590_9,0.9988305
7218_9,0.99871576
5091_10,0.99877447
8820_2,0.001622967
3938_8,0.99847525
2616_10,0.011331754
7808_1,0.0012843083
3508_10,0.9988305
8974_8,0.9986749
4383_4,0.99361163
6360_4,0.8828326
2759_8,0.997783
7417_1,0.0013670255
10880_1,0.0015011822
5488_2,0.0011513996
8015_9,0.9985896
6484_3,0.0013670255
10117_1,0.0011513996
11363_1,0.0013458604
3334_7,0.9968273
3369_7,0.0054692742
9609_1,0.0017274586
8396_10,0.9984269
8267_10,0.99871576
10335_7,0.9988121
1973_4,0.0017274586
7123_10,0.99871576
6949_9,0.99884856
10652_4,0.0043994132
10256_4,0.0013458604
4557_9,0.99871576
8929_1,0.0015731123
2429_1,0.0022170132
3994_1,0.0019570168
11454_7,0.001648483
11874_4,0.22746934
4891_3,0.0025909794
2216_7,0.9987551
2039_4,0.002889581
505_1,0.0022518474
313_1,0.001264422
3383_2,0.0022872274
9453_7,0.7252596
426_9,0.0024726235
311_10,0.9987551
11291_10,0.9987551
835_8,0.99847525
2143_9,0.99847525
8200_2,0.001622967
11716_2,0.99886644
3786_2,0.0067975316
3818_4,0.0012448432
12106_1,0.0013250223
2605_4,0.0030278352
10518_7,0.92468774
3932_8,0.9980732
7515_4,0.003707253
9857_10,0.9500415
449_3,0.9834705
3573_9,0.99877447
10198_8,0.62360615
2286_9,0.9987551
6906_3,0.0017546144
3807_2,0.0019267346
11602_8,0.9918121
10201_7,0.9987356
8717_8,0.99771273
10411_10,0.99879336
11099_3,0.013636835
5619_10,0.99854493
9252_10,0.9983516
6097_10,0.99861145
6467_1,0.0014550629
2757_2,0.0027149855
1869_10,0.99869555
5192_2,0.0034834242
11399_10,0.99863297
898_3,0.0075772414
6820_2,0.01107216
768_2,0.002434382
1783_10,0.9975274
8102_9,0.9977482
7818_2,0.6568784
2444_10,0.993807
3965_4,0.0012843083
7086_4,0.9976404
10556_3,0.31447145
5221_1,0.0038844768
4322_10,0.99863297
7371_1,0.0012065897
1318_8,0.97090924
8142_3,0.002434382
3413_10,0.99847525
3845_9,0.99869555
7323_1,0.001264422
5273_3,0.0017274586
11812_4,0.08359068
5737_7,0.99845123
7260_2,0.0019570168
5018_3,0.0022518474
7779_10,0.99879336
894_7,0.010570489
11940_3,0.0013045068
2471_7,0.99847525
6605_10,0.9956006
282_10,0.9850429
12402_3,0.006692851
7974_1,0.0022872274
12280_7,0.99824536
10917_2,0.0017274586
12164_1,0.0012065897
3181_1,0.0023231625
11240_1,0.0037654138
11255_9,0.99824536
2318_2,0.0015487612
4976_7,0.99821776
1822_8,0.9984022
11724_7,0.99821776
3499_3,0.0025909794
9439_9,0.9324533
5469_10,0.9988121
7612_9,0.99877447
3947_8,0.99879336
11269_1,0.0010817152
5771_8,0.9961755
4461_8,0.99884856
5683_9,0.9988121
639_1,0.0014103585
9896_3,0.9928786
5131_8,0.99771273
5961_3,0.0014325365
5741_2,0.001264422
6418_4,0.99886644
5416_1,0.001264422
3114_7,0.9986749
3587_3,0.0021489493
5472_10,0.9988305
9802_9,0.99845123
4313_3,0.99361163
2921_7,0.99856746
11468_8,0.99605453
12250_10,0.9986749
3481_10,0.98998636
2067_2,0.0012448432
8574_4,0.0014550629
861_9,0.9984988
10381_2,0.0014103585
5479_1,0.9959299
1107_9,0.9974885
4475_1,0.0010484692
469_2,0.0029810332
605_4,0.0022872274
2182_1,0.0011879054
9401_7,0.9987551
2518_8,0.9987551
5329_8,0.997783
3202_1,0.0019877742
256_4,0.9956006
7235_3,0.001810211
4661_3,0.7189892
11045_1,0.001867566
1417_4,0.005641909
4186_10,0.9982993
985_4,0.0016743994
6553_1,0.0014550629
3118_1,0.0013250223
3297_1,0.0017007225
5843_10,0.9968273
7645_7,0.99657035
11958_1,0.0015247865
10823_3,0.002396731
5097_4,0.9980122
4344_10,0.9984988
5442_8,0.99863297
11969_10,0.0053018946
7015_10,0.99869555
1419_4,0.99657035
914_1,0.0013458604
11911_8,0.01214717
5930_8,0.997917
3853_10,0.99871576
9404_1,0.0013250223
207_9,0.99869555
2018_1,0.0020507437
11192_7,0.99863297
6679_4,0.15974104
1184_3,0.0012448432
3291_10,0.99879336
12323_9,0.99877447
7524_1,0.001622967
443_8,0.99879336
7964_1,0.0013045068
730_1,0.0011879054
8969_7,0.9986749
8581_3,0.007011795
12152_4,0.001648483
4528_10,0.99837697
5984_2,0.0013885231
4446_10,0.99877447
7039_8,0.9985896
591_8,0.9985896
6869_7,0.9964064
1836_7,0.9986749
4183_10,0.99884856
8590_1,0.001810211
5647_10,0.9967269
11076_10,0.9988121
11241_1,0.0021157034
876_10,0.99879336
8390_1,0.001264422
1462_9,0.9987551
8362_7,0.006097562
3400_1,0.0018969199
2318_8,0.99863297
5389_4,0.006692851
8617_4,0.0014550629
9200_10,0.99845123
8878_10,0.99824536
12110_1,0.997981
9101_10,0.9987551
4967_3,0.0022518474
12436_1,0.0013458604
8845_4,0.002019014
3420_4,0.99788433
7428_7,0.99827254
11769_10,0.99869555
7025_1,0.00619299
1561_10,0.9986749
3704_1,0.0011695102
3529_8,0.9980732
12234_4,0.30819023
10600_3,0.0012843083
1028_4,0.0067975316
6764_10,0.9986749
1815_2,0.0017821962
10953_4,0.001477943
2809_7,0.9983516
8393_10,0.99832565
2743_1,0.97023994
10711_10,0.9986749
6173_10,0.9988305
9664_7,0.9985221
6335_3,0.0017274586
1665_4,0.0017546144
4174_10,0.9987551
2038_1,0.0031726828
3717_10,0.99687636
9361_10,0.9969246
415_1,0.0013670255
1460_9,0.99884856
5915_4,0.0034296038
7187_3,0.0013885231
11050_1,0.001477943
8822_10,0.9987551
12407_1,0.0014325365
4543_2,0.0012065897
10560_9,0.99877447
9108_10,0.9986749
2999_9,0.93195957
1703_7,0.99856746
206_2,0.0013458604
2095_3,0.0018386653
6454_8,0.99877447
2773_1,0.0014550629
6252_1,0.001622967
2848_7,0.18892181
6887_10,0.9987551
8660_1,0.0014325365
1675_9,0.99879336
9842_1,0.0018386653
9118_10,0.99877447
5793_4,0.0024726235
941_10,0.9986749
8832_1,0.0029810332
7584_3,0.0029810332
9746_10,0.99856746
1965_10,0.9986749
5346_10,0.9988121
9738_4,0.9962346
5905_9,0.9988121
336_1,0.0017821962
5621_1,0.0015487612
5976_10,0.99886644
3000_8,0.9971551
5172_7,0.99871576
311_3,0.0015731123
2035_4,0.013325147
6084_10,0.99845123
7284_9,0.997783
6449_8,0.9986749
8671_3,0.002631674
636_9,0.994615
11330_8,0.9984269
1300_1,0.115560874
11538_1,0.001648483
5159_3,0.008985428
3742_9,0.99863297
11281_9,0.9975656
4128_1,0.73866904
4382_7,0.99566853
862_3,0.0023596606
5941_8,0.9986749
8576_3,0.9339146
10570_1,0.0015011822
10682_3,0.5719459
12497_10,0.99854493
2026_7,0.9980122
9657_10,0.99877447
999_8,0.9984269
1664_2,0.6721165
1795_8,0.7627777
4280_4,0.9984269
952_10,0.9987356
4725_7,0.9988305
8162_2,0.0011160143
10062_9,0.9961755
4719_10,0.9988305
10388_4,0.014728613
6183_9,0.99877447
3703_8,0.9988305
11259_4,0.001867566
8578_8,0.99879336
12040_9,0.9988121
6500_7,0.99837697
3473_10,0.9987356
11784_4,0.0018386653
613_10,0.9980732
4631_1,0.0030278352
2426_10,0.97482115
7088_7,0.99879336
5851_7,0.9976769
3904_2,0.0012065897
1329_7,0.12378871
2160_7,0.088820286
4796_10,0.9985896
8760_1,0.001264422
7859_8,0.997917
4251_10,0.9985221
8143_4,0.0029810332
11713_9,0.9986749
5037_10,0.99879336
9621_7,0.99821776
2600_10,0.9982993
2027_1,0.0014103585
8225_1,0.0023231625
12463_10,0.008847355
7842_8,0.99827254
4768_2,0.013020489
2644_1,0.0014550629
4193_7,0.9950177
5150_7,0.99711037
5942_7,0.9988121
8293_1,0.0013458604
6046_10,0.009268014
12148_9,0.99879336
966_10,0.99509466
6428_8,0.99879336
12465_2,0.001810211
342_10,0.0021489493
9246_4,0.0011513996
8683_4,0.008061991
627_7,0.9981324
5614_4,0.028220987
4546_3,0.0028449094
4384_1,0.0019267346
3144_1,0.0036499873
9530_10,0.998103
10558_4,0.0013885231
619_1,0.0011695102
11594_9,0.99871576
6511_7,0.99863297
8351_7,0.9974885
9163_3,0.0014550629
12078_1,0.001264422
5489_8,0.9982993
4191_1,0.0033766124
2373_10,0.04054074
8664_4,0.008577485
4556_2,0.0017821962
9004_8,0.99886644
1357_4,0.001648483
152_10,0.9988121
2977_1,0.001133569
8812_1,0.0014550629
8544_4,0.0012448432
4821_2,0.001622967
7874_8,0.2594502
1689_1,0.0015247865
9654_1,0.0015011822
9363_2,0.0020507437
8959_1,0.0015487612
6113_1,0.9032942
10702_1,0.004609572
1839_4,0.0022170132
10587_1,0.0015731123
11715_3,0.9983516
12252_8,0.99869555
9480_3,0.0010987311
6438_1,0.0038244836
3762_9,0.997851
5350_10,0.99856746
3927_9,0.99854493
9598_2,0.0027149855
3930_3,0.0010484692
6647_1,0.0011879054
9251_10,0.9987356
5926_2,0.0025909794
11530_8,0.9979493
1625_3,0.0140636265
10515_8,0.9433476
11185_10,0.998103
8675_10,0.99884856
3701_1,0.0025509126
9222_10,0.99861145
6253_10,0.9984022
4657_7,0.9981324
10013_9,0.99845123
4938_10,0.9987551
3073_10,0.9986749
9081_8,0.9988305
6928_8,0.99871576
217_3,0.0013250223
2927_3,0.0012065897
2379_1,0.0017007225
10476_2,0.94122344
8640_10,0.99871576
2810_3,0.0015011822
6433_1,0.0017821962
6390_10,0.7498207
11829_8,0.99351174
7581_10,0.99884856
11836_3,0.0016743994
2794_1,0.0034834242
5263_1,0.001867566
1041_10,0.9988305
7296_1,0.011687259
10557_8,0.99863297
5339_9,0.9987356
4766_8,0.9987551
8126_3,0.0076956474
9876_2,0.0014325365
2443_4,0.0010987311
10179_10,0.99861145
6211_3,0.0018386653
925_10,0.99821776
5050_8,0.99879336
1891_10,0.9987356
4767_3,0.0025509126
11625_10,0.99877447
3388_2,0.0017007225
4908_3,0.006003596
11205_9,0.9966756
2228_10,0.99821776
11236_1,0.0017546144
2367_10,0.99879336
5060_3,0.0014325365
3292_1,0.0029349516
11282_2,0.0019267346
5307_10,0.9987551
6963_4,0.007937994
1319_10,0.9987551
9660_1,0.0021827165
7254_9,0.99879336
9441_10,0.9986541
3838_4,0.8193158
6209_8,0.9968273
3049_9,0.9987356
3033_4,0.99155444
784_4,0.0011695102
3921_3,0.0015731123
9196_8,0.99847525
7652_3,0.9968273
11650_1,0.0017821962
1548_10,0.9988121
10770_7,0.9965166
3283_9,0.9987551
1567_1,0.0014325365
10405_4,0.0015247865
6980_1,0.0012065897
12218_4,0.0047552
5250_10,0.99861145
11977_10,0.9988305
10602_2,0.0013250223
11178_10,0.99856746
9590_10,0.2921912
1260_10,0.9984269
8367_10,0.9987551
2571_7,0.025565214
7422_1,0.0014103585
5486_7,0.31658053
2282_8,0.99879336
6119_2,0.0021489493
1433_8,0.9988121
12365_4,0.9971551
10535_3,0.0030753699
5464_1,0.0014550629
9983_7,0.9981614
10209_7,0.99832565
3777_1,0.99341017
12443_10,0.9987551
1488_4,0.4709799
8670_9,0.99818975
1258_10,0.9987551
9_7,0.9988121
12175_9,0.9986749
211_10,0.9964619
6329_7,0.9988305
8866_10,0.99771273
5911_9,0.9988305
6100_1,0.0028009268
6342_9,0.50744575
5455_4,0.93045825
1215_1,0.0015011822
11020_3,0.0011513996
7975_1,0.0015247865
6720_2,0.002019014
8986_10,0.9988121
4874_9,0.9984269
7204_1,0.0011879054
2612_10,0.9978173
6923_9,0.99879336
5742_10,0.99856746
5044_3,0.13568954
5013_9,0.9965166
9752_8,0.99877447
1112_8,0.99884856
10925_8,0.9986749
7012_4,0.056652423
11484_10,0.99854493
883_4,0.81640637
2398_10,0.9986541
8990_8,0.9764905
1194_10,0.9985896
2313_1,0.0013670255
9584_1,0.0012448432
11638_10,0.9986541
5995_3,0.0031726828
4456_10,0.99886644
321_1,0.31954592
7147_1,0.064653486
10212_4,0.0019570168
7960_10,0.99827254
8022_7,0.9985221
11649_9,0.99879336
8442_8,0.9984988
8976_1,0.0023596606
9199_10,0.9988305
8925_10,0.9983516
3079_2,0.0011879054
7727_10,0.9987551
2338_1,0.0011695102
3221_2,0.0013045068
288_7,0.047425874
7150_10,0.99877447
7520_1,0.0013250223
11477_10,0.9971551
7765_9,0.99879336
10062_4,0.0013885231
10616_10,0.04177388
10592_8,0.9965166
6745_4,0.005220126
7912_2,0.0015731123
1130_8,0.99827254
11096_4,0.007011795
10081_1,0.0017007225
3808_10,0.99879336
394_4,0.004331502
7080_3,0.0025909794
4479_10,0.99847525
11417_7,0.99856746
8402_3,0.18417984
6669_9,0.987375
1494_10,0.9987356
7980_3,0.0019877742
11366_10,0.99566853
7566_1,0.0018386653
3778_1,0.15203224
317_2,0.0015978455
8475_7,0.997917
11012_2,0.008985428
11936_4,0.0023231625
145_9,0.99701905
11427_1,0.0010987311
2204_1,0.0013885231
3373_8,0.9986749
4640_4,0.81873685
521_7,0.96485513
2871_2,0.007937994
9823_8,0.0048297215
5893_1,0.0015978455
8541_2,0.0011695102
3403_3,0.0018969199
8660_9,0.9987356
7046_3,0.0013458604
338_1,0.0012065897
9541_1,0.0012255674
12179_7,0.99687636
9663_3,0.016529558
6948_3,0.002631674
10308_10,0.998884
11027_10,0.9985896
6174_3,0.0013458604
10151_8,0.99861145
10665_1,0.0017546144
6453_2,0.001264422
3619_2,0.0012255674
3114_1,0.013325147
1309_2,0.0012448432
8468_1,0.0016743994
8292_10,0.99856746
1955_1,0.0017274586
4498_9,0.9987356
8075_9,0.99879336
10528_8,0.9979493
253_10,0.9988305
9467_4,0.9954615
4018_10,0.99861145
2644_10,0.99824536
7240_7,0.9988121
10929_7,0.9981614
9743_10,0.99854493
4641_3,0.0020507437
5711_10,0.99869555
4912_2,0.001810211
455_1,0.006097562
2749_8,0.9840936
8780_8,0.34687307
2626_10,0.99877447
11745_2,0.0014550629
6952_8,0.99884856
4645_2,0.0015011822
10372_10,0.9986749
4282_2,0.0024726235
2195_1,0.001622967
11058_3,0.0013045068
9507_4,0.0460339
389_10,0.99611557
4388_10,0.9985896
9540_1,0.0017546144
6610_4,0.0013250223
8796_10,0.99869555
3746_1,0.0015011822
11083_1,0.0011160143
9901_1,0.0013670255
4165_1,0.0016743994
8928_9,0.9987356
8173_10,0.9988121
5161_1,0.0012843083
11458_4,0.0030278352
11206_9,0.99657035
3532_7,0.99847525
5088_1,0.001622967
11699_8,0.9976769
10114_2,0.001016244
8626_9,0.9966756
6702_2,0.001622967
3504_1,0.007815888
3353_4,0.0021489493
6960_10,0.99856746
5529_10,0.9987356
5510_9,0.99861145
1868_10,0.17953056
11166_10,0.012722708
8411_2,0.0011879054
9561_10,0.99854493
11290_2,0.0062899017
1167_4,0.0015731123
9577_3,0.009268014
1496_10,0.9987356
3042_10,0.99877447
4021_4,0.0017274586
6643_10,0.997851
806_10,0.99877447
1520_2,0.0013458604
11133_10,0.9986749
2783_1,0.0013250223
9570_10,0.9977482
2349_3,0.006097562
2242_9,0.22337706
6113_10,0.99854493
2153_1,0.0013670255
9167_3,0.0022170132
156_3,0.9933072
10607_7,0.99879336
4270_4,0.0012843083
4713_1,0.0013885231
2895_7,0.9984269
8240_1,0.0014103585
12241_2,0.0014103585
2919_10,0.99871576
11110_2,0.0027149855
4502_8,0.998103
11957_1,0.0011513996
12338_2,0.0023596606
2474_1,0.0030753699
781_4,0.0023596606
7528_1,0.0013885231
3252_2,0.0013670255
6778_8,0.9284088
3149_10,0.99871576
436_4,0.0014103585
2586_1,0.0013458604
3610_8,0.98282325
4392_10,0.99871576
8914_1,0.001648483
2197_1,0.0015247865
3323_10,0.99869555
975_4,0.001477943
9407_3,0.0029349516
12005_7,0.99845123
1911_1,0.0014325365
3956_10,0.9986749
1441_8,0.9988121
10787_3,0.0019877742
4569_10,0.99877447
11685_10,0.9976404
7810_10,0.99871576
3951_3,0.0012065897
6050_10,0.017176708
2758_2,0.001477943
2664_10,0.9988305
1537_2,0.001648483
7988_1,0.002434382
6090_10,0.99871576
11509_10,0.99856746
2227_3,0.0017274586
865_3,0.0031236487
7138_8,0.9988121
7924_8,0.9978173
10104_1,0.0010817152
3917_2,0.0014550629
169_4,0.0013885231
8630_7,0.99871576
7895_7,0.99824536
5485_10,0.99863297
8390_8,0.0032224844
11497_7,0.99854493
8964_3,0.0153063545
4647_4,0.0027149855
12231_7,0.9986541
9634_4,0.004264634
8582_10,0.99863297
9237_4,0.81286734
2847_8,0.99856746
10940_1,0.0010987311
2990_10,0.9986541
8377_8,0.99788433
1206_3,0.94699025
11719_9,0.998884
7003_1,0.0019267346
8012_4,0.00619299
2572_10,0.99635005
4126_8,0.9984269
9190_8,0.99837697
9625_8,0.99877447
4706_10,0.9961755
8697_2,0.0015247865
435_7,0.99847525
81_3,0.02479816
6713_8,0.5312094
5840_10,0.99877447
5671_8,0.99832565
5064_3,0.0014103585
1149_3,0.0012255674
12324_10,0.9988121
6705_1,0.0033766124
243_9,0.9987551
306_10,0.9983516
7134_3,0.0014103585
3227_10,0.9988121
1363_10,0.9986749
5134_9,0.5343695
5269_1,0.0038244836
10915_4,0.6500231
7591_2,0.0015487612
2326_2,0.0019877742
688_4,0.002434382
878_10,0.9986541
10245_9,0.9984022
7388_2,0.0015487612
4304_1,0.0010649626
6752_10,0.99854493
6881_8,0.9987356
10230_2,0.0014550629
6901_1,0.0025114634
441_10,0.9987356
4743_4,0.001477943
6228_7,0.0036499873
2563_7,0.9981614
6237_1,0.0012448432
8619_3,0.002673006
2749_4,0.9981614
12355_3,0.013532149
4915_2,0.0018969199
12234_7,0.9959927
3756_4,0.0037654138
10051_8,0.99863297
5068_9,0.998884
7767_10,0.9988121
12069_1,0.001477943
10634_3,0.0013670255
2787_1,0.002019014
5281_1,0.0028009268
1496_1,0.0013885231
8963_4,0.0021157034
983_7,0.9969246
8337_4,0.0015247865
783_1,0.0020829707
9939_8,0.99509466
6507_8,0.998884
3488_4,0.0019877742
9304_9,0.9979493
8664_10,0.99869555
2722_10,0.9988121
7716_10,0.9927672
8512_4,0.99553156
6002_7,0.9987551
1213_3,0.9986541
6351_7,0.99856746
3049_4,0.0013250223
10897_4,0.0019267346
1936_4,0.0044683837
12368_9,0.99740905
10982_1,0.0013670255
4116_4,0.0013670255
8243_7,0.00498227
11506_2,0.001810211
291_3,0.001810211
7745_1,0.0022872274
12190_9,0.99847525
7068_10,0.99877447
9649_3,0.0040072887
773_1,0.004133968
1727_10,0.99861145
346_2,0.05379964
4629_9,0.99827254
2509_1,0.0012448432
3664_3,0.98951083
1024_9,0.9988305
9514_1,0.001133569
3483_3,0.0013670255
10053_4,0.9966756
255_10,0.99832565
1922_10,0.8255897
10416_4,0.0021827165
9154_9,0.99879336
12359_3,0.0025114634
4850_4,0.003707253
12398_10,0.99869555
8910_1,0.0014550629
3797_8,0.997981
2428_9,0.95695716
7062_4,0.38618454
7130_9,0.9978173
7343_1,0.0013045068
7735_8,0.9987551
4104_3,0.0024726235
11518_1,0.0013045068
10784_4,0.018404892
3687_1,0.0012448432
796_10,0.99856746
2613_1,0.0025909794
3962_9,0.99877447
4637_9,0.9981324
10076_3,0.0012448432
2643_9,0.9987551
3588_1,0.8969756
6788_1,0.0013458604
1445_4,0.90295243
10630_7,0.0025509126
9173_10,0.9983516
3998_3,0.0020507437
11853_1,0.0028009268
2982_1,0.0015731123
2536_4,0.9927672
5912_10,0.9988121
3267_8,0.99861145
8966_4,0.00581996
7671_3,0.0014550629
1962_1,0.0033244372
3574_1,0.0028009268
10580_1,0.0014550629
10103_9,0.9953904
2101_8,0.9976769
9804_10,0.9988121
12413_9,0.997783
9696_2,0.0014325365
8988_1,0.001264422
882_9,0.99827254
8098_3,0.0016743994
6072_3,0.0022518474
9484_10,0.99856746
3448_10,0.9987551
12074_10,0.99821776
5880_1,0.0014103585
7658_1,0.0011879054
1286_8,0.99869555
7013_10,0.99869555
3590_1,0.0033244372
695_4,0.0011879054
8889_9,0.99605453
735_1,0.0013250223
2041_7,0.01243165
12041_3,0.0048297215
4918_3,0.059646945
1428_3,0.0017274586
1846_4,0.0013458604
11103_10,0.9981614
1026_10,0.997981
9731_3,0.0017274586
7481_1,0.0015487612
10191_10,0.9981324
8262_4,0.0011695102
903_10,0.9974885
4212_2,0.005220126
11611_1,0.0017546144
7814_1,0.0010484692
5116_10,0.99869555
150_4,0.0024726235
3618_2,0.001264422
10870_1,0.0014550629
8523_1,0.0011879054
2193_10,0.9987356
10237_10,0.9988305
2139_10,0.99879336
7691_7,0.99871576
9374_1,0.0018386653
11426_7,0.99884856
12319_1,0.0011879054
6817_2,0.001810211
745_1,0.0011513996
6632_1,0.0016743994
7149_8,0.9984269
9558_3,0.002019014
10509_1,0.0015247865
1528_2,0.010013569
3422_10,0.9987551
6112_8,0.9814534
3606_4,0.99832565
8768_7,0.993807
2871_8,0.80193585
12404_10,0.9987356
6936_3,0.9730365
855_4,0.0018969199
5703_3,0.002019014
9446_1,0.0011513996
1407_7,0.0053018946
8422_10,0.9988305
40_4,0.0145035805
344_4,0.001867566
11019_10,0.99877447
869_1,0.0012065897
2245_10,0.99821776
10002_8,0.99877447
5110_10,0.99863297
3201_9,0.99877447
10621_10,0.99804294
1213_7,0.09334688
2147_10,0.05340333
828_7,0.99877447
7600_8,0.99871576
4472_4,0.001264422
2759_2,0.001264422
10890_1,0.0021827165
1637_10,0.9980122
1667_10,0.99029154
10433_8,0.99884856
11350_4,0.0047552
9437_3,0.00619299
3748_3,0.0035936027
8062_10,0.9988121
11981_10,0.99845123
4214_7,0.9982993
6496_8,0.99871576
4489_4,0.0015731123
5965_7,0.9984988
2785_8,0.9986541
6838_9,0.99879336
4678_9,0.99821776
8564_10,0.99861145
4375_9,0.9984022
4654_10,0.9984022
2077_10,0.9985221
12491_4,0.0025114634
11483_10,0.99877447
11130_8,0.99736834
2177_2,0.5670977
1376_8,0.006903838
3557_2,0.0014325365
8039_3,0.008985428
6951_1,0.0034296038
3440_2,0.0033244372
10192_1,0.0030278352
5874_10,0.9985221
4258_10,0.9988121
8838_4,0.0047552
1090_8,0.99832565
10570_10,0.99863297
3421_7,0.9982993
1626_7,0.99879336
9887_2,0.07696084
4079_4,0.0015978455
8826_8,0.0015487612
8805_2,0.0011160143
9121_3,0.9986541
10916_3,0.12506539
9717_3,0.0021827165
8662_4,0.7102265
7393_3,0.74502754
12304_10,0.99804294
7063_3,0.24184734
7955_10,0.99740905
2266_9,0.99847525
3490_7,0.997783
11145_3,0.0021827165
1668_2,0.0010817152
1011_8,0.997917
8300_7,0.41929123
9995_8,0.99824536
1326_8,0.9966756
5232_2,0.0012448432
363_10,0.9987356
11772_2,0.0022518474
8771_3,0.0013045068
927_3,0.99101454
2569_2,0.002434382
5558_10,0.99804294
12375_10,0.9987356
2338_10,0.9988121
5773_10,0.99877447
4664_7,0.9988121
12295_7,0.9984022
4123_8,0.9988121
1553_10,0.9988305
3770_10,0.99586606
12011_2,0.0020507437
8033_1,0.0010817152
1395_7,0.006003596
8614_7,0.99827254
3784_8,0.9967269
8769_8,0.9942697
888_8,0.9985896
7799_2,0.001622967
6031_3,0.0016743994
11584_2,0.0022872274
4570_7,0.99856746
6990_8,0.99863297
7290_1,0.0015487612
1186_1,0.0010817152
1329_4,0.0013250223
6793_10,0.99861145
8562_10,0.9985896
8841_4,0.11636176
9234_1,0.91181
2992_3,0.0012065897
3761_4,0.0031236487
1144_1,0.0011879054
11737_10,0.9961755
6628_10,0.9986541
7619_4,0.010570489
5074_3,0.0064882697
2056_1,0.0023596606
812_7,0.009125638
615_3,0.0019877742
1473_3,0.0034296038
11642_1,0.0010987311
2957_8,0.9979493
3223_7,0.0034296038
4491_10,0.99879336
11617_8,0.9975274
2209_8,0.997851
10250_4,0.0012448432
8707_3,0.0123361
3581_2,0.0014550629
3089_2,0.0015731123
9367_4,0.0019877742
8890_3,0.0013670255
4657_3,0.0014103585
8474_1,0.006692851
1542_3,0.0013670255
9024_8,0.99832565
3176_1,0.0020829707
11219_8,0.99879336
1086_2,0.0012065897
11230_4,0.004905406
2543_3,0.25720495
3391_4,0.99869555
5876_10,0.99856746
6712_2,0.002434382
12468_1,0.0012065897
1801_10,0.9987551
6727_10,0.99847525
3072_3,0.0010987311
6079_7,0.99854493
1409_10,0.99832565
7709_2,0.0016743994
11484_2,0.002396731
10843_2,0.0013670255
3964_7,0.99453074
5691_7,0.9986749
5837_1,0.0014103585
963_8,0.9984022
3530_8,0.99635005
6558_8,0.99824536
3084_4,0.0018969199
3025_8,0.99760324
9396_8,0.009125638
7530_1,0.0014325365
6301_4,0.0013458604
2934_10,0.9984269
8286_9,0.9984269
12122_10,0.99869555
2799_8,0.99884856
3516_7,0.99832565
5715_10,0.99732697
6525_3,0.0025509126
12308_10,0.99724233
1305_9,0.9986749
8190_2,0.0018386653
8170_1,0.09401018
2355_7,0.99804294
9714_3,0.0015487612
9667_8,0.99863297
4861_1,0.0015731123
10028_10,0.9986541
3256_2,0.037326884
5974_2,0.001133569
9185_10,0.9987356
2507_10,0.9987551
8910_10,0.99877447
6791_1,0.0013885231
1692_10,0.96267307
5520_10,0.9968273
10119_10,0.9985896
1226_1,0.001133569
5998_7,0.9984269
4421_1,0.0014325365
7660_8,0.99845123
5532_4,0.99760324
2869_3,0.074231364
3795_2,0.0013670255
3602_10,0.99824536
1453_10,0.99879336
1298_8,0.99854493
6331_1,0.0015011822
7694_3,0.0013045068
11568_10,0.99657035
6426_7,0.99861145
609_7,0.993807
3352_4,0.0019570168
12451_3,0.0021827165
3228_7,0.9987356
945_7,0.97112906
8283_10,0.99879336
10780_7,0.994615
2944_1,0.0017274586
5697_7,0.9986749
9066_3,0.010902373
6254_7,0.99869555
384_4,0.007937994
1961_9,0.9988305
10085_2,0.0038844768
1726_10,0.997981
7937_1,0.0018969199
2561_10,0.9987551
9899_9,0.9987551
8694_2,0.006003596
4217_8,0.99871576
2425_3,0.0025114634
5809_1,0.0017821962
3122_7,0.99821776
1522_10,0.99837697
5582_10,0.99879336
12357_2,0.001867566
3166_10,0.997981
3176_9,0.99869555
9320_9,0.99869555
8187_1,0.0011513996
5573_1,0.0010987311
9078_2,0.0017274586
6706_4,0.5323036
8882_8,0.858244
2489_3,0.9309621
2768_10,0.9987551
2384_3,0.98549646
12494_8,0.9987551
10375_3,0.0033766124
403_7,0.99732697
6334_3,0.0023231625
9136_1,0.0017274586
10698_1,0.001622967
2203_4,0.011687259
2122_1,0.0010987311
2904_4,0.0018969199
12367_9,0.9890131
9638_8,0.9988305
2005_1,0.0010987311
4963_8,0.9979493
7575_1,0.012053779
9989_1,0.0027576222
8776_4,0.4262619
10188_10,0.99818975
8238_1,0.0015247865
9244_4,0.99871576
11142_2,0.0017274586
4365_7,0.99821776
5877_4,0.009708476
12135_8,0.99847525
3526_3,0.01812472
5209_4,0.0013458604
5991_2,0.0014325365
10888_1,0.001648483
1303_3,0.0018969199
5764_4,0.0074606435
2933_10,0.99856746
7297_1,0.0011695102
11156_10,0.9950177
1353_1,0.011777842
10017_1,0.009125638
4203_3,0.9834705
4546_9,0.99869555
6039_1,0.0019877742
5804_3,0.0032730647
9085_4,0.0025114634
10774_10,0.9988305
2178_7,0.9968273
2958_2,0.0020507437
11469_8,0.9985896
5378_2,0.047780063
4583_8,0.0074606435
9539_10,0.99854493
5090_8,0.9984988
12036_4,0.0019267346
1766_9,0.9983516
11536_7,0.9984022
4792_9,0.9981324
7615_1,0.001477943
9624_1,0.0010817152
5230_9,0.9987356
939_4,0.99818975
2353_7,0.99869555
8760_9,0.99861145
3231_9,0.9986541
8183_7,0.9984269
2156_10,0.983343
245_2,0.0022170132
12048_1,0.002434382
6572_9,0.9982993
10848_9,0.9987356
9576_10,0.99856746
3174_1,0.0012255674
9824_8,0.0035936027
8199_1,0.0014103585
10911_3,0.0012448432
2452_1,0.0018969199
7574_3,0.0023596606
8363_7,0.99298817
3672_9,0.9984022
11693_10,0.9987551
9731_10,0.9977482
280_1,0.0015487612
10065_8,0.99877447
10284_9,0.9942697
7990_1,0.0027576222
12256_4,0.053009775
7558_1,0.0019267346
9636_2,0.0018969199
8632_2,0.010902373
6157_3,0.32252598
9429_7,0.97737074
1447_1,0.0062899017
10948_8,0.998103
12300_4,0.0019267346
10208_1,0.002396731
5889_3,0.9950177
2376_9,0.997917
3354_2,0.0013458604
9530_1,0.8740772
2469_10,0.99877447
2229_10,0.009936419
12326_10,0.99740905
8097_2,0.0034834242
6502_3,0.0269635
8877_8,0.99879336
5408_7,0.014957086
3589_4,0.0037654138
5934_3,0.0015978455
3653_10,0.9986749
6900_1,0.001622967
3395_9,0.9987356
10302_7,0.9980732
10527_3,0.0010817152
10080_10,0.99879336
5818_10,0.9986749
3178_10,0.9980732
10636_8,0.9988121
9586_2,0.9984988
8548_2,0.0014550629
2851_1,0.0011695102
6874_7,0.98421544
5850_8,0.99879336
2392_10,0.99879336
7434_2,0.0018386653
11879_10,0.9986541
1190_10,0.9982993
8411_10,0.99854493
4833_9,0.0045384313
5853_1,0.0013670255
5485_4,0.0011160143
111_3,0.0019267346
6376_10,0.99886644
5425_1,0.0021827165
3189_2,0.0014103585
5053_8,0.99861145
1171_1,0.008061991
2206_4,0.0031236487
11912_4,0.0016743994
9874_7,0.99861145
3439_9,0.99847525
4221_8,0.99861145
6830_3,0.0011160143
960_8,0.99847525
11862_1,0.0035936027
8231_7,0.9952448
11765_1,0.0021157034
9849_1,0.0023231625
7518_4,0.99128854
3014_1,0.002631674
2534_10,0.99884856
5197_10,0.99886644
6775_2,0.0018386653
4649_1,0.0023231625
10748_3,0.0028449094
6943_4,0.0018969199
9692_1,0.0010817152
11972_7,0.009708476
7251_9,0.9984988
459_4,0.026155619
1101_8,0.9954615
358_4,0.003707253
7543_1,0.0030278352
3980_3,0.0045384313
1276_3,0.0019570168
12111_8,0.99788433
11876_4,0.0011695102
5473_8,0.9987356
1296_1,0.0010649626
7224_9,0.99818975
8035_10,0.99884856
10436_1,0.001264422
8475_1,0.992062
4293_2,0.0019267346
9867_2,0.001133569
4101_1,0.0015978455
6220_1,0.0011695102
6246_4,0.0063883206
2907_8,0.8976953
4532_2,0.0010649626
10753_8,0.9984269
328_10,0.99869555
1941_1,0.0027149855
7586_9,0.03875619
11294_1,0.001622967
7534_9,0.99879336
2675_3,0.0059110695
3837_10,0.9986541
5349_9,0.99863297
641_1,0.0013458604
9273_8,0.9980732
8120_4,0.0019570168
10610_1,0.0013670255
1829_1,0.0012843083
6406_10,0.99845123
4029_10,0.99877447
10845_10,0.9766692
2573_4,0.99711037
2033_3,0.0029349516
9633_4,0.99788433
6243_1,0.0023231625
7596_10,0.99871576
4208_8,0.9757624
6984_8,0.99635005
3656_1,0.001133569
2434_1,0.0023596606
10340_7,0.088504665
6130_9,0.9976769
8093_7,0.0035936027
7962_1,0.004681822
12178_7,0.0034834242
10931_2,0.0013045068
6857_10,0.9987356
11091_8,0.9982993
4167_2,0.0011513996
679_4,0.008445628
10147_1,0.0017007225
6875_1,0.0015247865
923_10,0.9986541
6200_8,0.97134733
7208_8,0.9986749
5363_8,0.9988305
4067_8,0.99390244
1773_7,0.9984988
1498_10,0.9969246
10497_10,0.9433476
3444_10,0.99847525
588_2,0.0013885231
9678_9,0.9987356
1983_9,0.9980732
5012_3,0.0017821962
12240_2,0.0012255674
5071_2,0.002019014
5078_2,0.0015731123
10069_3,0.0024726235
7407_8,0.99884856
7207_1,0.0012255674
2155_10,0.9987356
59_10,0.9988305
2531_1,0.0011513996
7772_8,0.99869555
11465_10,0.998103
