id,sentiment
12311_10,0.994615
8348_2,0.0064882697
5828_4,0.92944044
7186_2,0.00581996
12128_7,0.99128854
2913_8,0.99371004
4396_1,0.006003596
395_2,0.024987794
10616_1,0.0048297215
9074_9,0.9856076
9252_3,0.05582314
9896_9,0.9927672
574_4,0.007011795
11182_8,0.990732
11656_4,0.019124037
2322_4,0.96741027
8703_1,0.0044683837
7483_1,0.054600604
6007_10,0.987375
12424_4,0.00498227
4672_1,0.005060332
10841_3,0.0059110695
8954_7,0.619241
7392_1,0.0053018946
10288_8,0.9926542
5343_4,0.0037654138
4950_1,0.0043994132
9257_4,0.028436033
8689_3,0.03594832
4480_2,0.009559399
9286_10,0.98866826
12245_10,0.9939964
7529_7,0.99014014
4_4,0.007011795
5299_2,0.008315778
12077_8,0.9923044
10701_2,0.005060332
11579_1,0.004609572
10993_1,0.004198795
8913_1,0.007011795
1350_3,0.010986943
3804_2,0.0039454065
5025_3,0.08035747
5170_8,0.99155444
8225_8,0.99029154
6427_7,0.9921841
3165_3,0.0054692742
7902_9,0.99371004
8208_3,0.015189049
3577_8,0.9585377
4865_1,0.0035936027
9063_3,0.0047552
1106_1,0.008061991
1117_9,0.9933072
1050_4,0.9254997
10755_9,0.9635062
2729_8,0.97324073
10072_10,0.99029154
2904_7,0.98840266
4584_2,0.7004852
189_4,0.20561504
6302_4,0.0076956474
8138_9,0.9260366
1262_1,0.0067975316
2199_10,0.99155444
6551_7,0.4423956
8082_7,0.99029154
4897_8,0.9928786
7360_1,0.0075772414
11012_10,0.95976204
12046_1,0.008315778
2331_2,0.0140636265
8961_9,0.99253935
751_7,0.06903793
9884_10,0.9890131
10016_8,0.99253935
8023_10,0.9926542
2628_1,0.0067975316
5832_1,0.014281935
7302_1,0.004331502
4501_3,0.022457054
1121_7,0.96765566
8334_3,0.016029146
9789_10,0.89478946
4230_10,0.9933072
824_4,0.8679338
6803_9,0.9105454
3086_7,0.99253935
1135_8,0.993807
10136_1,0.004133968
11129_3,0.004609572
2072_8,0.017442483
9501_7,0.9921841
319_10,0.9905874
1693_7,0.9941801
10886_1,0.0038844768
9406_8,0.9930962
10376_10,0.99128854
9902_1,0.0062899017
9938_8,0.11716748
7080_9,0.9888419
11944_8,0.6279512
5249_1,0.004198795
9599_2,0.076407686
9620_1,0.006003596
11244_1,0.005641909
6841_10,0.99341017
10050_4,0.9046505
10512_9,0.99361163
11327_3,0.004905406
10681_8,0.98866826
808_3,0.008577485
546_7,0.99390244
10765_1,0.0053018946
7189_9,0.9926542
6005_9,0.9927672
11915_9,0.9918121
5740_10,0.99253935
7097_10,0.95292586
9573_10,0.9916842
5084_4,0.0053018946
12332_7,0.93991333
8154_1,0.006903838
5610_1,0.005060332
5323_9,0.9876639
11034_8,0.51952136
3977_2,0.009859855
12380_7,0.8253083
1737_8,0.97344345
6030_9,0.98866826
5918_7,0.99014014
7061_9,0.99361163
266_8,0.9942697
1375_10,0.9918121
8648_3,0.026155619
10146_10,0.9921841
4578_10,0.98173577
4685_8,0.9805807
11843_9,0.99193794
5467_10,0.9943581
10140_10,0.9942697
7721_8,0.9891816
11208_10,0.021615336
1063_10,0.9918121
8260_10,0.91398406
3182_9,0.9918121
2797_8,0.9882222
7613_2,0.019419348
11624_4,0.006692851
4847_10,0.99341017
10684_7,0.9840936
6312_1,0.0076956474
4925_3,0.006097562
4125_1,0.004331502
2394_10,0.99298817
12105_10,0.994615
7812_1,0.0044683837
1061_8,0.9918121
9343_3,0.013532149
7696_10,0.9939964
9355_10,0.9939964
782_9,0.99029154
9882_10,0.99390244
10642_10,0.99371004
7410_2,0.0045384313
9591_4,0.004681822
11902_3,0.020645931
3495_7,0.9092645
6733_1,0.0040072887
4552_1,0.0054692742
6722_1,0.007937994
188_10,0.9943581
5099_10,0.5636182
10313_1,0.009559399
6756_9,0.9914225
6622_2,0.007121429
4807_10,0.9943581
7173_3,0.004609572
11321_8,0.98951083
7909_9,0.9896718
8012_7,0.0111580305
8615_4,0.004905406
8117_10,0.9923044
1892_10,0.9914225
4617_1,0.005060332
1893_8,0.987375
5435_1,0.00498227
162_3,0.00498227
6516_10,0.99155444
11588_7,0.98934746
2006_1,0.004609572
1594_4,0.03410043
1472_1,0.0043994132
3647_1,0.1480472
174_7,0.97821885
5539_7,0.5848641
3384_10,0.9942697
3811_4,0.25460163
4079_8,0.9933072
1179_7,0.97887486
3069_9,0.9928786
3769_8,0.9916842
9247_10,0.9930962
10434_1,0.0045384313
1147_10,0.992062
5344_7,0.9898303
8073_10,0.99453074
7833_3,0.0038844768
8370_1,0.004331502
9007_8,0.113579586
6624_7,0.007345827
6683_3,0.0044683837
12275_7,0.99155444
11927_8,0.99298817
1560_10,0.994089
1325_9,0.9263037
3548_8,0.10631887
607_1,0.004331502
6702_7,0.92107415
5702_3,0.007345827
11345_8,0.993807
3428_4,0.03384404
7209_9,0.9927672
8425_8,0.99242276
3087_1,0.00619299
1119_8,0.966156
5715_3,0.004331502
8645_1,0.004070138
2149_3,0.0039454065
10403_10,0.9905874
5628_1,0.0064882697
5570_10,0.9939964
1613_3,0.0054692742
1454_4,0.008061991
5094_3,0.005384938
7982_1,0.027795624
6894_2,0.01395571
6554_1,0.00581996
4721_3,0.006003596
6904_4,0.010818449
893_8,0.9923044
4605_4,0.13892843
11516_7,0.14953136
11718_7,0.9930962
5956_1,0.0040072887
7455_9,0.9700135
6396_4,0.9927672
1223_8,0.9861514
8556_1,0.005220126
6108_8,0.967163
11690_1,0.0063883206
3778_9,0.9911527
3627_4,0.018546565
8256_4,0.6632874
533_1,0.0044683837
5235_4,0.0038844768
621_2,0.00581996
5365_1,0.008315778
8180_3,0.008847355
7396_7,0.9728308
9776_10,0.9932025
8175_10,0.9939964
3128_1,0.004681822
4606_1,0.0057302467
6158_2,0.004681822
3281_10,0.6019446
4723_4,0.14903529
11994_3,0.05184547
7701_1,0.0040072887
103_3,0.007232764
8908_10,0.9926542
8876_1,0.0038244836
7519_9,0.99014014
12456_8,0.99155444
9514_8,0.9923044
8680_8,0.9807288
12402_10,0.99341017
362_2,0.005641909
9825_7,0.9908744
2913_3,0.29767406
7164_8,0.9926542
11177_7,0.99242276
5707_10,0.9939964
8103_10,0.9916842
6289_1,0.00498227
11754_1,0.036220055
11640_10,0.9921841
9933_7,0.7789858
185_10,0.99193794
242_10,0.9933072
9369_8,0.98866826
7453_10,0.990732
7514_7,0.9877587
10860_2,0.006692851
8663_8,0.029535338
9108_1,0.005060332
7941_1,0.0053018946
10116_1,0.004264634
9841_4,0.16026603
4512_9,0.99242276
4853_2,0.14128141
2664_4,0.026759284
9966_10,0.9926542
5167_2,0.004070138
3894_2,0.006692851
3929_8,0.9891816
7165_10,0.9930962
5451_8,0.990732
2947_4,0.0076956474
4611_10,0.99101454
5807_1,0.0067975316
9464_8,0.9914225
3124_10,0.99341017
2705_4,0.120438814
12187_8,0.9932025
12319_10,0.993807
9874_3,0.6964747
3406_4,0.95976204
2327_10,0.99253935
605_10,0.9905874
8080_4,0.8697146
3074_10,0.99253935
2499_3,0.0075772414
1013_1,0.007345827
11535_1,0.005060332
4118_7,0.94891727
10492_8,0.99351174
2129_4,0.007011795
9814_10,0.98951083
10671_9,0.9888419
5980_10,0.99453074
2755_2,0.009268014
5461_2,0.07723878
11979_1,0.004905406
8810_1,0.0044683837
852_7,0.9884919
10961_4,0.011508149
7436_4,0.009125638
11281_3,0.01243165
4208_3,0.0053018946
8213_10,0.98866826
9851_2,0.01507263
4713_7,0.9918121
9528_1,0.99193794
3595_10,0.99155444
5785_3,0.0054692742
10370_3,0.00498227
1980_3,0.86748546
8800_4,0.9875683
4437_3,0.0064882697
28_3,0.0038244836
12171_1,0.6052159
9359_3,0.00619299
3831_9,0.9930962
10962_7,0.9869795
1500_9,0.5435902
11470_10,0.983597
11843_3,0.01395571
11200_4,0.02576056
1067_1,0.007345827
3333_1,0.40286186
4487_4,0.006903838
6428_1,0.0044683837
575_7,0.88483775
10904_9,0.9059898
11821_2,0.02931223
11605_1,0.0047552
1111_7,0.98187524
10295_1,0.005641909
1146_4,0.0045384313
2405_9,0.9053223
11081_10,0.9199307
2201_10,0.99361163
4844_1,0.005384938
11007_8,0.99361163
6535_7,0.98998636
2653_4,0.007011795
8245_10,0.9923044
9951_8,0.99253935
6133_8,0.96909106
10006_2,0.0040072887
7350_1,0.007121429
4509_9,0.99298817
948_1,0.0047552
3987_1,0.0047552
2947_10,0.98951083
6041_3,0.3422417
2946_1,0.0045384313
11967_4,0.004681822
1185_10,0.9939964
10323_2,0.8692713
11706_2,0.0043994132
3663_1,0.0051396107
5602_10,0.99361163
4870_10,0.9882222
1994_1,0.004609572
10807_7,0.98934746
6871_3,0.045015533
1175_2,0.008315778
10919_7,0.99128854
8127_10,0.9928786
12497_4,0.8940517
3274_1,0.9777139
2568_3,0.0053018946
840_2,0.0054692742
5626_10,0.9939964
7561_10,0.9942697
4600_3,0.0059110695
3324_9,0.95976204
8899_7,0.99193794
5592_8,0.12721826
12483_4,0.0043994132
7874_1,0.0037654138
5878_10,0.99371004
4303_9,0.98228765
9421_1,0.0051396107
10269_4,0.004070138
10615_2,0.030214587
2634_10,0.9928786
7522_1,0.0039454065
9289_10,0.98840266
4636_10,0.9874721
1241_7,0.1066906
9458_9,0.983597
11690_10,0.9933072
7176_4,0.6667681
6212_10,0.9839708
6319_1,0.004681822
5229_3,0.0051396107
466_9,0.99361163
8693_2,0.004609572
2952_10,0.993807
1128_1,0.005220126
3975_10,0.9888419
11365_10,0.9914225
2074_9,0.9916842
9768_10,0.99361163
4895_1,0.0035936027
5726_10,0.9890131
9993_10,0.98481095
11319_2,0.032100707
10561_2,0.19837458
5455_8,0.30673468
10684_3,0.0075772414
3652_3,0.006097562
7825_1,0.00818791
8806_1,0.0045384313
275_10,0.9693242
2246_1,0.004609572
11968_2,0.13614832
2528_1,0.024237636
8491_8,0.9868787
13_1,0.73335636
4530_8,0.99128854
5207_3,0.008061991
11648_10,0.96458924
8260_1,0.00498227
10730_10,0.99128854
10402_3,0.1066906
8077_1,0.004905406
8598_8,0.7988153
2809_3,0.006097562
12490_10,0.9871788
1447_9,0.99253935
1605_3,0.0043994132
2311_4,0.0043994132
3235_9,0.99242276
5725_10,0.99128854
9025_10,0.99193794
6049_9,0.9804314
4803_10,0.9930962
191_9,0.99242276
420_3,0.010986943
5238_2,0.004905406
1280_9,0.99128854
9408_4,0.0094125895
819_1,0.004681822
1656_4,0.007815888
9964_3,0.5104965
10404_4,0.024423089
12369_10,0.99453074
6423_1,0.007345827
9942_8,0.8272706
1519_1,0.011961098
100_10,0.99371004
3216_10,0.99361163
3909_10,0.9904406
5034_7,0.99351174
14_8,0.993807
5891_3,0.0053018946
8496_10,0.9941801
7429_1,0.00498227
9457_1,0.004331502
9602_8,0.971564
4198_1,0.004681822
154_2,0.0048297215
5070_2,0.00498227
4207_8,0.88563144
7758_8,0.9932025
4439_9,0.994089
12042_1,0.004331502
7244_1,0.0045384313
6854_1,0.00498227
11932_10,0.9591543
4151_10,0.96095175
7265_1,0.005220126
10272_7,0.9898303
4256_4,0.004681822
1225_7,0.9839708
956_10,0.993807
6389_2,0.0048297215
1365_4,0.009559399
4752_7,0.87705624
276_10,0.99390244
8766_9,0.9876639
11225_10,0.9942697
6920_1,0.0043994132
11536_1,0.005220126
1923_9,0.98481095
11460_10,0.99014014
10054_7,0.9882222
10845_1,0.004331502
10231_4,0.8710367
9430_8,0.9911527
3226_2,0.004070138
4298_3,0.005060332
10635_4,0.005384938
10567_4,0.006003596
5460_10,0.994089
7310_7,0.9759464
10330_2,0.0043994132
5151_9,0.011777842
11_3,0.008577485
1448_8,0.6466834
10130_8,0.99128854
2199_3,0.0047552
1761_10,0.9928786
2782_1,0.005060332
7618_10,0.9939964
85_10,0.99242276
5730_3,0.025957355
3641_1,0.004681822
8190_9,0.99390244
9533_10,0.9928786
9508_1,0.0043994132
237_8,0.99155444
3981_7,0.9849274
7194_9,0.98707944
10584_8,0.19682619
248_2,0.0044683837
8358_4,0.0047552
1218_1,0.0048297215
4191_10,0.05623634
3090_8,0.8484707
11923_2,0.008315778
1640_8,0.99155444
9972_3,0.0051396107
11818_4,0.93674946
4350_10,0.9730365
877_10,0.9257686
10017_8,0.99128854
7975_10,0.9927672
8436_1,0.74279505
6024_7,0.088504665
3112_1,0.00581996
951_10,0.99242276
1622_1,0.0044683837
191_3,0.018978037
5669_1,0.006692851
1891_4,0.01065251
12173_9,0.75833166
7887_7,0.93674946
3256_10,0.9908744
5419_1,0.005220126
7635_1,0.0040072887
8297_2,0.013742321
7137_8,0.93045825
7562_3,0.016152835
9944_1,0.0043994132
4288_1,0.004070138
8087_1,0.9916842
4771_10,0.99128854
10482_10,0.95695716
5324_10,0.9933072
3080_1,0.0065897712
10923_7,0.9850429
1753_7,0.99298817
317_10,0.992062
12474_8,0.9755769
773_8,0.9932025
388_1,0.012241275
12141_2,0.008445628
5667_1,0.9850429
1071_9,0.9927672
2897_10,0.992062
9481_4,0.7049733
12025_1,0.004133968
8879_7,0.9878528
5683_1,0.0039454065
7026_1,0.0044683837
2439_1,0.013636835
3631_7,0.7690802
1650_9,0.9863631
5378_7,0.99371004
9745_1,0.0043994132
11563_8,0.98951083
299_8,0.99253935
9471_2,0.004905406
1866_1,0.0063883206
2639_4,0.0047552
5122_1,0.13986564
12341_7,0.8071568
2936_8,0.99193794
8647_10,0.9927672
4255_9,0.99101454
7262_8,0.24926445
8413_10,0.8736466
10080_1,0.0040072887
3973_1,0.9022657
8752_9,0.9942697
4018_2,0.0053018946
7669_1,0.00581996
10421_4,0.009268014
7854_8,0.99193794
162_8,0.008445628
11614_9,0.9881309
11343_8,0.83867973
1708_7,0.26740816
7115_4,0.017309094
10498_10,0.979354
2944_8,0.9918121
10474_3,0.46368706
1263_1,0.0045384313
1693_4,0.0123361
9600_9,0.4260828
11173_2,0.008445628
3961_2,0.008985428
8011_1,0.008315778
7386_8,0.9433476
8787_8,0.992062
12349_9,0.99014014
1776_4,0.005554925
5885_4,0.990732
220_4,0.005641909
5547_8,0.99155444
2853_1,0.0051396107
2157_2,0.022802636
11667_2,0.0076956474
194_7,0.99371004
1633_1,0.0047552
6897_2,0.00619299
11568_2,0.22988081
9219_1,0.01214717
477_8,0.9933072
8980_3,0.30881524
4612_10,0.99298817
8030_10,0.99371004
1846_8,0.9928786
2786_8,0.99361163
2634_1,0.00581996
3110_8,0.9933072
11587_8,0.936285
11262_8,0.9914225
5680_7,0.9872773
4583_4,0.012821214
1451_1,0.004905406
4244_4,0.98866826
6176_4,0.0045384313
8851_10,0.9930962
908_9,0.9928786
7494_9,0.9801293
8061_3,0.006097562
789_1,0.0053018946
2374_7,0.9914225
11225_3,0.004681822
4467_4,0.005060332
8516_10,0.87234735
4121_10,0.99101454
10267_7,0.97134733
6040_8,0.99128854
8338_7,0.9933072
2903_7,0.99298817
6662_9,0.9939964
5333_10,0.9932025
7470_4,0.0043994132
8813_1,0.01048909
4514_3,0.15507847
9584_7,0.16885696
11706_8,0.99155444
11538_8,0.7779754
4210_1,0.004198795
8984_1,0.0039454065
3431_4,0.004609572
4973_10,0.9932025
12260_1,0.005641909
4267_10,0.9730365
9906_9,0.994089
670_7,0.57606506
6270_3,0.004264634
5164_4,0.007121429
9741_2,0.03541073
3761_8,0.9921841
2651_2,0.026155619
7448_10,0.9859364
7184_9,0.9921841
1313_9,0.9904406
10654_8,0.99361163
7151_1,0.0048297215
2320_10,0.9787127
12033_7,0.9730365
6429_1,0.0038244836
1420_4,0.9853843
3002_7,0.95531917
1299_1,0.008061991
7897_9,0.9839708
1529_4,0.005220126
9760_2,0.0037654138
11318_1,0.0044683837
2217_3,0.029986506
11641_2,0.00498227
7238_10,0.9930962
7710_8,0.9921841
12011_8,0.9928786
4495_7,0.51415634
11144_4,0.007121429
5625_2,0.006903838
2926_7,0.9802808
8538_8,0.95292586
8875_10,0.99371004
10881_10,0.9795114
1662_7,0.98469365
4560_9,0.9015746
6714_4,0.0033766124
9059_10,0.99351174
6631_10,0.9921841
8520_1,0.004609572
918_4,0.979354
3102_10,0.7779754
3611_2,0.004905406
8434_10,0.9933072
681_7,0.9933072
7386_4,0.004331502
7566_9,0.9763105
10110_10,0.99351174
10486_10,0.34011522
1492_3,0.005060332
11823_1,0.007121429
2331_9,0.9898303
2200_2,0.0062899017
9547_1,0.07779745
785_2,0.0038244836
5101_4,0.3034221
5657_10,0.98657167
6902_7,0.98549646
1490_9,0.992062
7148_9,0.99371004
7387_8,0.97090924
8277_9,0.9914225
6912_7,0.9926542
170_2,0.034880888
7702_10,0.9932025
4393_3,0.006003596
2608_3,0.7331653
4931_8,0.98421544
10589_10,0.987375
8623_4,0.0064882697
6057_2,0.0038844768
2704_9,0.99361163
1790_2,0.10447732
12370_1,0.005060332
159_1,0.0038244836
343_9,0.9856076
2128_9,0.9921841
11181_8,0.95430803
11775_10,0.99029154
3514_10,0.9923044
6993_2,0.004264634
2866_9,0.9905874
1000_9,0.9830851
11772_7,0.87450653
3355_9,0.7921428
8519_8,0.97134733
7879_3,0.017442483
4332_10,0.9863631
5403_1,0.004133968
1514_7,0.9755769
7904_1,0.0053018946
10550_2,0.011508149
11442_10,0.99298817
2821_3,0.005060332
5766_1,0.0048297215
8061_9,0.9861514
2166_1,0.004198795
6206_1,0.005641909
11124_2,0.02865267
7625_10,0.9403531
90_9,0.99128854
7959_10,0.9849274
7029_10,0.992062
779_8,0.99444515
1101_4,0.025957355
11189_4,0.18982127
9790_4,0.010169657
10861_1,0.0094125895
5902_2,0.0054692742
9545_10,0.85195273
3730_1,0.0034834242
4951_9,0.97482115
3295_1,0.0039454065
9495_2,0.010169657
2876_1,0.013325147
2796_1,0.009708476
10338_3,0.006692851
10913_7,0.013428254
4685_2,0.005554925
11586_1,0.006097562
4904_7,0.18330106
7110_7,0.9814534
2086_4,0.005641909
7372_7,0.97684664
135_9,0.983597
7038_3,0.63431686
1119_2,0.0065897712
5057_8,0.9623913
3479_10,0.99193794
6489_8,0.9916842
4910_8,0.99298817
5979_10,0.9918121
11304_1,0.0047552
2102_9,0.9932025
8048_1,0.009268014
12153_7,0.96124375
4832_8,0.9911527
3079_9,0.99390244
8254_2,0.0051396107
7981_7,0.98667485
611_1,0.18359362
307_10,0.8610715
8861_3,0.0065897712
4635_4,0.02297737
6197_7,0.92683524
6739_3,0.005220126
8588_9,0.99361163
8461_7,0.039937317
10089_1,0.009559399
2609_7,0.13939638
1418_3,0.009559399
2661_10,0.9635062
1253_9,0.9914225
8815_9,0.9911527
9867_8,0.9914225
2155_1,0.004609572
12259_4,0.0048297215
11224_3,0.0076956474
4781_1,0.004070138
4354_9,0.9941801
9629_9,0.9928786
3629_9,0.99029154
6445_10,0.993807
9526_10,0.9943581
5138_2,0.0063883206
349_10,0.9851576
2099_7,0.97068775
4411_1,0.0064882697
8127_3,0.006903838
5225_8,0.99101454
7970_3,0.0053018946
5688_7,0.98707944
12099_3,0.019124037
6020_4,0.08977329
3892_8,0.98549646
2098_8,0.993807
4851_7,0.9908744
10967_10,0.99298817
6230_4,0.005384938
2211_2,0.40427223
11978_10,0.98866826
8802_1,0.004198795
11010_3,0.005060332
10083_2,0.03904829
5588_10,0.4690338
958_10,0.9933072
6771_4,0.068288535
6767_9,0.97838473
7302_10,0.9930962
5324_3,0.005641909
7737_10,0.99341017
8603_10,0.04813677
3029_7,0.9932025
8640_2,0.0063883206
2139_1,0.0048297215
6305_10,0.99371004
6884_7,0.9914225
5534_8,0.09602549
7619_8,0.993807
10057_8,0.9891816
972_7,0.9927672
6245_8,0.82893884
6627_7,0.99155444
3621_10,0.23510839
2290_4,0.9850429
24_4,0.16238004
5689_1,0.0048297215
6497_4,0.023689471
12405_4,0.9890131
11720_7,0.99390244
10088_1,0.0039454065
9258_9,0.993807
354_4,0.97754294
4770_10,0.9896718
1035_3,0.004609572
739_1,0.00498227
6267_7,0.993807
1562_8,0.9916842
1438_1,0.00498227
281_8,0.9933072
1818_1,0.5248818
3943_3,0.0057302467
8116_4,0.16424818
6984_1,0.0045384313
5330_4,0.0057302467
8821_8,0.98866826
10484_10,0.99444515
1886_4,0.016914913
7943_2,0.008061991
6438_7,0.98934746
8931_10,0.9830851
10538_10,0.9923044
534_10,0.99444515
7329_2,0.007011795
6614_2,0.019271135
710_10,0.9885804
3120_4,0.01784874
9046_1,0.0045384313
5638_2,0.005554925
2455_4,0.0062899017
2652_3,0.0045384313
11006_4,0.004133968
5065_3,0.0057302467
9805_10,0.9933072
7092_8,0.9918121
1735_10,0.98998636
3609_1,0.009268014
1201_10,0.9942697
11024_9,0.994089
3807_10,0.99128854
4483_10,0.9911527
4510_7,0.971564
8037_1,0.0053018946
1760_1,0.004681822
133_8,0.98951083
9039_8,0.98582757
8462_4,0.1850619
2468_10,0.9911527
7684_3,0.0043994132
10350_9,0.9921841
1199_10,0.9939964
8560_1,0.0039454065
6405_3,0.004681822
1295_1,0.004264634
6420_1,0.005060332
12183_9,0.9918121
11619_1,0.005554925
1415_9,0.99193794
9414_1,0.0054692742
7640_4,0.013636835
9211_9,0.9926542
557_9,0.9928786
4501_9,0.99298817
8711_10,0.7701192
2402_1,0.072374016
4586_10,0.93581736
176_3,0.00818791
3545_1,0.0054692742
8932_1,0.004681822
5829_10,0.9928786
3409_10,0.9943581
3636_3,0.4315842
12048_7,0.9942697
10468_10,0.97112906
11546_10,0.9860443
9444_10,0.9914225
6275_1,0.5994851
152_4,0.45519862
4767_9,0.9884919
6751_1,0.0038844768
10245_4,0.8244619
5407_8,0.9730365
1923_1,0.0076956474
515_9,0.93581736
9988_1,0.96267307
5928_8,0.9939964
10163_4,0.7472472
7969_10,0.99253935
1494_4,0.7501869
11211_10,0.99444515
1957_1,0.0043994132
8484_7,0.90829307
848_2,0.004905406
5177_1,0.05340333
10667_10,0.9738444
3075_1,0.005384938
9443_10,0.9911527
1572_8,0.99253935
11285_8,0.9834705
3125_1,0.01798621
9265_9,0.99371004
4072_1,0.0054692742
6390_2,0.018546565
6496_4,0.76242405
8766_2,0.005220126
7787_10,0.9941801
5897_10,0.994089
9027_1,0.004609572
1538_2,0.006097562
1220_3,0.004070138
8600_3,0.05340333
11432_2,0.18982127
1424_4,0.32815257
7344_10,0.9939964
10842_1,0.009559399
10332_10,0.99351174
4340_4,0.022286188
4868_4,0.013532149
11216_9,0.98215127
12027_10,0.98201376
6785_7,0.9859364
8773_8,0.9932025
8119_4,0.86385167
10138_10,0.992062
7197_2,0.0039454065
1536_3,0.05834584
9981_7,0.9881309
4753_1,0.008847355
2795_7,0.006003596
6672_4,0.005220126
10805_7,0.9216402
5866_1,0.005554925
570_1,0.0039454065
11965_8,0.9877587
3288_1,0.029090757
8135_1,0.0043994132
10094_9,0.99361163
5845_10,0.99444515
3570_8,0.93195957
1240_1,0.020023443
231_1,0.00619299
10628_9,0.98998636
3536_1,0.017712297
1852_10,0.99128854
8202_7,0.9879462
5907_7,0.96814114
1759_10,0.88759494
4492_10,0.9904406
4844_7,0.98582757
3189_10,0.9930962
3403_10,0.99351174
5874_2,0.004198795
7809_10,0.9930962
3632_9,0.99390244
11767_2,0.91550726
9925_3,0.008577485
4218_1,0.009268014
12036_7,0.87147486
8973_2,0.0044683837
2464_10,0.99298817
4094_1,0.0048297215
10592_1,0.004331502
10648_9,0.994089
3887_10,0.99298817
9092_8,0.99390244
10666_10,0.99371004
8389_10,0.99193794
5281_10,0.9921841
6946_1,0.0038244836
1132_1,0.004905406
10052_4,0.09602549
768_10,0.9928786
5432_3,0.0043994132
7424_3,0.0047552
2366_2,0.0057302467
2865_3,0.008315778
7806_2,0.004264634
8878_3,0.087252244
6298_7,0.9927672
4517_4,0.009708476
12018_10,0.9932025
3662_1,0.0065897712
11393_10,0.98951083
2071_10,0.99351174
8217_8,0.99155444
6568_2,0.004133968
3840_10,0.994089
1666_3,0.11961367
2360_7,0.9891816
5778_4,0.12808825
5341_4,0.6570022
4044_2,0.004070138
2503_3,0.10894506
4095_10,0.99128854
2092_2,0.0054692742
2707_3,0.0037654138
573_10,0.8984106
6441_7,0.99155444
7565_3,0.0038244836
9499_7,0.6867903
657_10,0.9939964
8840_10,0.9850429
1407_4,0.20024472
12453_2,0.0076956474
8273_9,0.9933072
8366_7,0.9908744
10643_9,0.9695556
9998_1,0.0054692742
1385_1,0.004681822
1354_4,0.00581996
4674_7,0.99253935
3515_4,0.05623634
10426_8,0.9635062
10226_3,0.005060332
10391_4,0.019719128
9968_1,0.004609572
2893_3,0.0045384313
2546_9,0.8539127
37_1,0.0040072887
1757_10,0.9932025
1569_8,0.9916842
1466_3,0.005554925
7783_1,0.0038844768
9506_10,0.9939964
10835_3,0.004609572
2917_9,0.9874721
2495_7,0.9933072
1686_10,0.9939964
2414_7,0.7592254
5318_8,0.99390244
8858_8,0.9879462
8112_1,0.0051396107
6532_2,0.007937994
2526_10,0.99014014
11089_7,0.9926542
4297_8,0.99298817
3179_9,0.993807
5832_10,0.994089
10539_8,0.9843364
9226_10,0.9728308
9878_1,0.029986506
7940_10,0.9930962
7195_10,0.990732
2979_1,0.0044683837
3597_10,0.9939964
2931_8,0.019271135
8571_10,0.97324073
12148_1,0.004264634
4047_2,0.0053018946
6164_10,0.99341017
2214_8,0.994089
5903_1,0.011597362
7931_9,0.99242276
1205_3,0.06804042
5983_10,0.99351174
10424_7,0.9872773
11032_7,0.9635062
1303_10,0.68479127
10390_1,0.004331502
8349_2,0.005384938
3605_8,0.9878528
12273_1,0.00498227
60_1,0.008711384
3879_9,0.9834705
12431_4,0.71183175
4499_2,0.005060332
5786_10,0.012527932
5521_4,0.57749534
793_8,0.69966495
7948_3,0.009268014
9022_2,0.0051396107
11071_1,0.006003596
4991_3,0.92468774
8226_1,0.0051396107
8762_3,0.009859855
6918_4,0.2150209
844_10,0.9908744
11503_8,0.9885804
7406_8,0.99029154
7743_1,0.0064882697
514_3,0.0047552
10927_9,0.99253935
3731_7,0.9908744
8870_4,0.52658623
11099_10,0.9941801
8456_10,0.4030968
10944_7,0.9284088
7168_3,0.006097562
3378_10,0.97966766
8203_3,0.006903838
5676_1,0.004681822
5061_9,0.9928786
6238_8,0.9686196
1136_8,0.93439513
6234_3,0.004905406
9510_3,0.9832145
9632_7,0.95565146
4357_1,0.056652423
1176_9,0.9927672
10821_8,0.99390244
4143_4,0.8283842
5074_8,0.037892424
11673_1,0.0053018946
11072_2,0.00581996
1816_4,0.8327813
3974_7,0.6564174
796_4,0.89912134
8540_2,0.0065897712
10959_8,0.99371004
4576_10,0.98866826
7030_1,0.0059110695
3340_10,0.99155444
3223_3,0.008061991
3030_1,0.45713672
4194_1,0.007232764
11322_1,0.005220126
1785_1,0.005220126
7109_2,0.0065897712
4120_1,0.0051396107
3024_7,0.94122344
589_2,0.004905406
2480_10,0.9658996
4878_1,0.012821214
571_1,0.96458924
12156_8,0.94458723
7547_9,0.99101454
6577_10,0.99361163
7101_3,0.27923846
1731_3,0.8373541
10424_1,0.007345827
9056_10,0.993807
11959_3,0.6646491
6952_4,0.006097562
8709_10,0.45907614
4716_10,0.9898303
2393_10,0.99155444
4007_7,0.07004896
1196_2,0.18653922
8483_1,0.004198795
1840_3,0.0051396107
6108_1,0.005060332
4621_8,0.9914225
11332_4,0.98102194
8800_10,0.9896718
886_7,0.9939964
6495_8,0.11047115
6193_10,0.99193794
10297_1,0.004609572
4233_1,0.0043994132
3121_10,0.9927672
1681_10,0.9876639
5789_1,0.0043994132
6446_10,0.99390244
479_9,0.9933072
6401_1,0.006097562
7602_1,0.004331502
10792_1,0.0047552
11436_9,0.994615
6944_1,0.010013569
6275_9,0.10230471
7314_10,0.9941801
8887_9,0.9923044
1835_8,0.9845754
8403_7,0.99253935
2090_1,0.008711384
12310_1,0.0065897712
9795_9,0.99341017
4260_1,0.004133968
3214_4,0.0051396107
10974_8,0.9923044
3374_10,0.9511422
2251_2,0.004609572
2325_7,0.99193794
28_9,0.9928786
1758_2,0.0140636265
1222_8,0.9878528
1229_4,0.00619299
9791_2,0.86339164
3433_4,0.097734325
10847_10,0.993807
5020_2,0.0038244836
9652_3,0.004609572
1739_10,0.99155444
10441_4,0.7390459
9002_7,0.9851576
4304_8,0.9923044
290_9,0.9933072
1339_8,0.98998636
10899_1,0.0111580305
8723_8,0.9850429
12487_7,0.9826909
10384_7,0.4341014
4673_4,0.004198795
11679_1,0.0043994132
3938_2,0.012624948
2253_10,0.99361163
198_7,0.99444515
3346_3,0.013742321
11543_3,0.0047552
8463_1,0.0094125895
1297_2,0.0043994132
4689_1,0.0045384313
4681_1,0.004264634
961_8,0.99155444
9865_2,0.012241275
770_3,0.009125638
10495_2,0.014728613
6302_8,0.9791955
6232_4,0.006003596
10098_1,0.0057302467
8905_2,0.0051396107
8853_10,0.9933072
6081_10,0.99453074
12_4,0.008711384
1291_7,0.12940274
1679_1,0.37266928
996_7,0.7577944
3343_10,0.990732
6083_10,0.9939964
98_9,0.81960475
962_4,0.17469169
4857_8,0.9838472
12394_7,0.9795114
1321_10,0.9933072
8994_10,0.9916842
7788_1,0.00581996
9708_8,0.9324533
9523_1,0.004198795
11785_4,0.0038244836
5440_1,0.007011795
1091_7,0.9888419
11584_10,0.9795114
5369_3,0.11047115
3165_10,0.9532751
3686_10,0.99390244
7069_10,0.3455468
427_3,0.0051396107
895_8,0.8987666
4565_8,0.88602656
5139_9,0.99128854
5027_1,0.006903838
503_9,0.99155444
7630_1,0.0054692742
8552_1,0.0051396107
4322_3,0.011777842
3492_3,0.17161581
5301_4,0.0038244836
752_4,0.0057302467
4307_2,0.0076956474
4901_10,0.99128854
233_2,0.0043994132
10789_8,0.99253935
270_8,0.9928786
11442_1,0.007232764
3688_7,0.98201376
9928_7,0.9876639
6563_8,0.57630354
3437_7,0.983343
10495_8,0.99341017
8775_10,0.9928786
12172_3,0.012722708
10085_10,0.9930962
8394_9,0.96405166
2607_10,0.98934746
6645_10,0.993807
301_10,0.9939964
2153_10,0.9941801
1967_3,0.0054692742
9604_10,0.9911527
10665_10,0.9905874
5409_1,0.0044683837
6707_10,0.99298817
3847_7,0.9802808
9261_10,0.9930962
3772_1,0.004198795
8950_1,0.006903838
6591_2,0.028007522
2765_9,0.9740426
4166_10,0.9927672
11418_3,0.0065897712
7137_3,0.0065897712
3710_2,0.004264634
1153_4,0.02350945
4155_8,0.94853723
9221_10,0.9888419
8917_10,0.99341017
6066_4,0.1561049
5366_10,0.99453074
2520_9,0.9933072
11677_2,0.0045384313
4032_2,0.005384938
4041_2,0.0040072887
474_4,0.004264634
6392_2,0.007815888
6545_10,0.9918121
5009_10,0.98667485
3060_10,0.98215127
11033_10,0.9927672
297_10,0.9923044
9099_1,0.004331502
10496_10,0.8418256
5619_3,0.03875619
4226_1,0.0059110695
10483_8,0.994615
1966_9,0.993807
4024_2,0.0044683837
6448_9,0.993807
4252_1,0.005060332
250_10,0.9923044
10753_3,0.008445628
1005_7,0.635279
4415_9,0.9860443
240_4,0.98187524
108_10,0.9777139
1393_1,0.9152046
4236_2,0.6226888
9208_2,0.94539934
7156_10,0.99128854
6490_1,0.0076956474
3518_3,0.00498227
10308_1,0.004133968
8706_2,0.0065897712
8674_10,0.99155444
8240_10,0.99298817
11890_10,0.98951083
976_3,0.01214717
5025_8,0.9933072
10206_8,0.9928786
11921_3,0.00581996
8344_7,0.8365546
295_8,0.8022459
2121_1,0.006097562
6978_8,0.9928786
707_3,0.6383
751_1,0.0035936027
1931_10,0.9942697
7197_10,0.9930962
11032_3,0.005554925
416_10,0.90632194
1384_2,0.03138043
4114_2,0.0059110695
9450_10,0.99298817
6877_7,0.9683812
5092_9,0.992062
3402_9,0.87321484
9517_10,0.99253935
8566_2,0.004331502
4493_1,0.006903838
842_1,0.011869121
4926_1,0.9324533
3398_9,0.99128854
8857_10,0.9853843
3696_9,0.98625773
1952_1,0.004331502
5516_3,0.004905406
3297_10,0.9860443
8396_2,0.005220126
1928_4,0.008315778
7216_10,0.9932025
1648_3,0.006903838
9312_8,0.9845754
4392_2,0.00498227
4740_9,0.1821344
2985_4,0.0039454065
6407_10,0.98527133
4015_1,0.0054692742
911_10,0.9942697
7898_1,0.0051396107
5241_10,0.99298817
4955_4,0.44095072
4199_1,0.0145035805
8319_4,0.96432143
6340_1,0.0057302467
2003_1,0.005220126
11213_3,0.8000679
5109_4,0.004264634
9400_1,0.007121429
10719_7,0.990732
6848_8,0.9918121
11398_1,0.0054692742
2606_7,0.072374016
5646_1,0.0153063545
4103_10,0.7666432
8906_9,0.9928786
6997_10,0.9923044
9990_1,0.0075772414
6573_1,0.0051396107
8530_10,0.9403531
8382_9,0.9898303
4207_2,0.015543648
8794_10,0.9927672
917_9,0.98934746
10739_9,0.99341017
4286_1,0.0045384313
1763_1,0.005060332
5173_10,0.9830851
1764_1,0.010818449
3614_3,0.97462875
3880_10,0.97134733
4059_1,0.0040072887
8786_8,0.19775414
9553_2,0.0067975316
10599_8,0.03384404
1048_4,0.032589745
8136_7,0.021615336
8715_8,0.992062
7667_7,0.97903574
5647_2,0.0038244836
6267_1,0.0040072887
12444_10,0.86522406
7390_10,0.9757624
7260_7,0.9888419
6170_10,0.9923044
2181_2,0.005554925
6196_7,0.99298817
12058_9,0.9686196
8915_7,0.9868787
6816_10,0.9933072
730_9,0.9928786
5808_10,0.99298817
6256_2,0.004133968
5157_4,0.012527932
7970_10,0.99298817
6991_7,0.9933072
7112_4,0.0076956474
12136_4,0.12549345
1554_8,0.9928786
8289_4,0.19345194
12452_8,0.9942697
6181_8,0.9700135
6237_8,0.99341017
9724_10,0.9761292
7991_1,0.0040072887
8185_4,0.008445628
12162_1,0.004133968
8330_9,0.9853843
84_3,0.004331502
4879_4,0.0047552
1173_7,0.992062
11095_2,0.0045384313
9934_8,0.9932025
10791_9,0.9881309
5260_10,0.97702265
3123_3,0.0067975316
7500_1,0.0112445615
9472_8,0.99193794
6349_9,0.9871788
8706_8,0.9898303
12385_4,0.0074606435
12409_4,0.009125638
809_10,0.99371004
11380_2,0.005554925
4975_8,0.9928786
5069_3,0.006903838
8132_7,0.993807
5628_10,0.993807
12329_8,0.96323055
8217_3,0.005554925
251_2,0.937669
2901_7,0.98677725
4588_1,0.0043994132
2647_10,0.9600627
6020_9,0.9939964
7171_3,0.04885778
5880_10,0.9932025
4842_9,0.9914225
10657_10,0.99253935
11858_7,0.99101454
4656_4,0.017712297
9293_10,0.99029154
10702_10,0.99242276
6277_10,0.9905874
7223_10,0.9878528
11150_8,0.9921841
4768_9,0.9883128
5703_8,0.99193794
9249_9,0.9916842
12051_10,0.9933072
5740_4,0.05379964
4882_3,0.010169657
11575_10,0.9309621
385_1,0.006003596
1569_3,0.00581996
7449_1,0.005384938
1977_4,0.0057302467
6134_7,0.98657167
2384_8,0.9896718
2437_10,0.9911527
643_7,0.87663436
7334_10,0.9941801
12228_9,0.99298817
8579_2,0.0053018946
4093_4,0.00581996
233_8,0.9898303
11852_7,0.9905874
11027_4,0.007937994
5409_7,0.9876639
9332_10,0.98998636
6530_9,0.99014014
7815_1,0.00498227
8317_10,0.9908744
5382_9,0.9930962
3183_3,0.026759284
4997_8,0.0973904
11553_7,0.98934746
718_3,0.0038844768
7128_9,0.9927672
11977_1,0.0045384313
10820_3,0.013532149
3539_9,0.99193794
2386_1,0.0045384313
9837_4,0.8056322
2941_1,0.004264634
6669_1,0.004133968
10927_1,0.004198795
57_10,0.994089
12252_2,0.15456735
8926_3,0.47852883
3044_2,0.022286188
9758_10,0.9939964
4584_10,0.9904406
1467_1,0.0048297215
7846_9,0.9623913
1982_8,0.9872773
5705_1,0.011777842
9754_7,0.98840266
9594_1,0.0045384313
7405_10,0.99361163
8469_2,0.5905431
3713_10,0.99371004
3381_10,0.9914225
1913_10,0.908618
9423_8,0.9798227
115_9,0.9905874
9784_10,0.99155444
1148_4,0.009708476
2911_10,0.9930962
11328_9,0.993807
5087_1,0.0044683837
3983_10,0.42703825
5216_1,0.007815888
7961_10,0.9926542
10134_7,0.99101454
9379_2,0.006692851
4715_1,0.004070138
6501_10,0.9923044
4146_4,0.0038844768
12159_1,0.006097562
11661_10,0.9700135
7995_2,0.009125638
693_9,0.9927672
1411_10,0.9941801
7091_7,0.9932025
2576_1,0.006003596
8207_1,0.006003596
10877_10,0.9933072
5444_10,0.9933072
9409_1,0.004070138
10020_1,0.0047552
2349_8,0.98998636
4942_10,0.99298817
2839_1,0.004331502
9419_1,0.0045384313
10661_1,0.007121429
5659_10,0.99361163
639_7,0.9875683
5946_7,0.96641046
7231_7,0.992062
4220_4,0.11397346
3698_4,0.05582314
1060_2,0.01048909
2398_3,0.011419616
11073_3,0.0048297215
8336_2,0.0037654138
5975_3,0.9309621
4727_1,0.02297737
1596_8,0.99253935
5471_2,0.0065897712
11204_10,0.11716748
8810_10,0.9860443
11125_3,0.011961098
9607_10,0.9825575
6517_3,0.004681822
10232_1,0.010818449
7708_10,0.993807
1753_1,0.004198795
10946_7,0.97423947
668_4,0.006692851
3794_4,0.9928786
6867_1,0.8705973
9428_7,0.98215127
12366_9,0.993807
12056_9,0.992062
901_1,0.0063883206
7714_8,0.9928786
6389_8,0.1735682
4148_7,0.98677725
5062_1,0.006003596
6835_1,0.026355354
2901_3,0.008985428
4724_10,0.99361163
764_2,0.006692851
6729_1,0.004070138
8284_4,0.0063883206
11928_1,0.16721867
386_1,0.004264634
35_9,0.99155444
4458_4,0.0111580305
9627_2,0.016914913
8112_9,0.9923044
6026_8,0.98582757
12188_3,0.01757688
3477_3,0.019719128
12242_8,0.6533758
11594_4,0.04304285
11360_10,0.99351174
10299_1,0.0039454065
3829_10,0.99242276
8324_2,0.004681822
1285_9,0.9928786
11370_10,0.9943581
8051_4,0.71383077
4420_10,0.9930962
3843_7,0.9890131
10520_2,0.0053018946
12146_8,0.9943581
1502_10,0.9845754
6227_4,0.004331502
3191_10,0.9898303
4569_2,0.06052939
7647_8,0.9860443
6372_9,0.99155444
2105_2,0.018978037
4180_1,0.22270015
11212_10,0.9933072
1811_9,0.9943581
2868_3,0.0038244836
3773_3,0.008061991
8386_1,0.006692851
1072_8,0.9759464
10588_1,0.01757688
8858_1,0.006903838
10831_1,0.0045384313
11926_8,0.99361163
11521_10,0.9930962
4037_10,0.99444515
5119_7,0.94891727
11438_9,0.99155444
8275_2,0.004070138
4879_8,0.99193794
4520_10,0.9942697
2510_7,0.9825575
510_2,0.0059110695
1283_1,0.004198795
3733_8,0.99029154
7708_1,0.004198795
12219_1,0.0044683837
11654_4,0.01678549
3229_7,0.96405166
3579_8,0.9878528
1534_4,0.004905406
7498_10,0.9939964
11392_10,0.817283
2949_1,0.0059110695
407_7,0.9559813
12388_3,0.0057302467
7779_3,0.006903838
12409_10,0.9932025
199_8,0.99351174
9330_1,0.006097562
6196_2,0.9334308
1576_2,0.004905406
12123_4,0.0057302467
871_1,0.005554925
867_9,0.99341017
12186_1,0.0047552
11357_1,0.0040072887
9327_4,0.0062899017
3092_8,0.95430803
6097_1,0.007937994
4170_4,0.004609572
3724_3,0.011869121
4219_1,0.037608635
12233_10,0.99371004
12050_9,0.966156
124_10,0.99469805
9521_9,0.9918121
7991_10,0.9942697
12284_1,0.00818791
8452_10,0.99298817
986_3,0.0053018946
8504_8,0.7776378
9427_7,0.99253935
2359_3,0.7839885
7026_10,0.9916842
8726_8,0.91274774
4971_1,0.005220126
2990_1,0.0067975316
5285_2,0.008847355
9953_10,0.98173577
2170_8,0.99155444
10963_8,0.9777139
9176_8,0.993807
9639_7,0.9930962
1781_1,0.004264634
1293_10,0.99298817
10225_10,0.9896718
3821_1,0.00581996
1206_10,0.99361163
5513_1,0.007232764
12475_2,0.021287354
11508_9,0.9921841
6358_4,0.97887486
9646_1,0.004609572
7957_9,0.92359227
5183_9,0.990732
8322_10,0.2590751
4171_1,0.9462003
6498_2,0.00498227
11893_1,0.04115289
8209_10,0.9918121
4866_3,0.0075772414
1077_3,0.0048297215
10916_7,0.96741027
6027_4,0.004905406
9308_7,0.98667485
7130_1,0.004331502
3326_4,0.0065897712
6680_3,0.028220987
1707_8,0.42656046
5106_1,0.004198795
1408_10,0.99298817
6773_8,0.9932025
940_3,0.0040072887
10890_10,0.97903574
3678_10,0.9928786
6871_9,0.9856076
10196_8,0.99155444
12369_1,0.0057302467
4070_10,0.9921841
11755_7,0.9942697
9095_3,0.0051396107
10863_1,0.004681822
7109_7,0.9740426
1844_3,0.004198795
8228_2,0.0038844768
9631_4,0.006097562
3920_4,0.07892589
19_1,0.0054692742
3929_2,0.003707253
1506_2,0.005554925
6877_3,0.8344069
12154_7,0.0063883206
6572_3,0.007121429
1557_2,0.004905406
11836_7,0.045692034
9380_9,0.98951083
11725_4,0.0057302467
6317_9,0.9928786
5022_1,0.01798621
132_1,0.0034834242
9303_8,0.68846846
4739_10,0.9879462
11228_10,0.9943581
7913_1,0.89552265
1304_3,0.0059110695
2725_10,0.9930962
8484_2,0.0064882697
1866_9,0.99351174
12446_9,0.9921841
11406_1,0.004070138
7056_4,0.1850619
8615_10,0.99029154
12284_10,0.96741027
3279_9,0.99253935
9243_1,0.010818449
11_8,0.17553806
427_10,0.9916842
5446_7,0.84594244
846_7,0.008847355
2545_4,0.9314625
8635_10,0.99351174
4410_8,0.994089
875_10,0.99390244
392_2,0.00498227
8819_3,0.005060332
12202_1,0.006903838
1370_4,0.9914225
340_2,0.0051396107
179_1,0.0044683837
11332_8,0.9911527
10396_4,0.05582314
8321_1,0.0044683837
6384_3,0.00498227
5951_9,0.99242276
8137_1,0.0059110695
12009_10,0.99298817
2103_8,0.99128854
11153_2,0.0053018946
4945_10,0.9916842
3193_3,0.0047552
921_9,0.994089
10446_10,0.98646784
9961_9,0.99298817
11420_4,0.0140636265
6954_2,0.004070138
8430_2,0.016914913
6749_3,0.30951917
5997_7,0.987375
7611_7,0.92944044
6292_8,0.99253935
11314_1,0.0045384313
5143_2,0.006003596
9517_2,0.0059110695
8259_2,0.004070138
5114_8,0.9926542
3574_9,0.9916842
11464_3,0.0065897712
11457_10,0.99128854
2496_3,0.80837
6795_1,0.586286
1904_2,0.0048297215
11524_2,0.0076956474
8223_1,0.014281935
5566_3,0.004681822
3550_7,0.018978037
6059_10,0.99101454
4580_10,0.990732
177_1,0.00818791
8790_8,0.938576
7784_1,0.00498227
11892_1,0.141756
6235_10,0.24544656
6493_4,0.0075772414
764_8,0.99351174
4052_7,0.06779314
1663_1,0.005220126
10437_1,0.0051396107
1009_3,0.007937994
11664_4,0.010169657
8909_10,0.9890131
9200_3,0.99101454
7919_9,0.9904406
8603_1,0.0076956474
6976_2,0.9851576
4261_1,0.0065897712
6636_1,0.00581996
10707_9,0.9939964
1155_7,0.9932025
7050_4,0.036769465
1360_3,0.005060332
8176_7,0.98866826
3301_8,0.9826909
6684_3,0.0048297215
2742_3,0.004681822
7159_4,0.0054692742
8944_3,0.0038244836
2077_4,0.0062899017
7145_10,0.99128854
6216_7,0.98866826
8606_9,0.99361163
10608_10,0.9883128
8441_4,0.007232764
1782_8,0.99341017
10939_8,0.98951083
2702_7,0.99242276
9210_1,0.0057302467
9075_8,0.9930962
3412_3,0.008577485
2859_8,0.9928786
6326_4,0.11436852
94_2,0.0076956474
3691_10,0.99101454
2679_9,0.9887554
1568_4,0.004070138
3540_9,0.98677725
3710_10,0.9933072
5691_1,0.0094125895
9699_10,0.840259
9207_4,0.030908957
286_1,0.43470123
10891_1,0.004198795
6177_8,0.9921841
9817_2,0.0051396107
8871_9,0.091382116
290_1,0.0047552
8388_9,0.9911527
9195_7,0.99361163
1164_9,0.9923044
2332_8,0.99029154
5406_7,0.98951083
2476_3,0.0048297215
11381_3,0.007011795
6518_10,0.9891816
3474_1,0.0075772414
603_8,0.9908744
5448_4,0.0044683837
3624_8,0.990732
11569_1,0.004681822
9353_8,0.9933072
3119_2,0.01243165
382_4,0.011687259
8569_8,0.9339146
2312_10,0.994089
7531_1,0.0039454065
7150_4,0.013222822
5496_8,0.99361163
1979_1,0.016529558
4158_2,0.0064882697
4790_7,0.9730365
11971_1,0.007345827
197_10,0.9914225
3453_8,0.98934746
915_4,0.007232764
6991_2,0.79502225
7524_9,0.99029154
7474_4,0.8250265
284_2,0.015784562
12483_7,0.9918121
1141_10,0.96538115
7739_1,0.0039454065
6488_3,0.012624948
3117_1,0.011777842
6224_8,0.722527
9737_4,0.010169657
2399_10,0.99351174
1044_8,0.9932025
1153_8,0.99253935
11664_9,0.99390244
10015_4,0.9032942
7622_1,0.01048909
8743_10,0.9930962
356_3,0.0074606435
838_7,0.8864204
4922_10,0.9942697
3623_10,0.99253935
9424_1,0.007345827
8473_4,0.92892635
9996_10,0.9933072
11242_2,0.9850429
11889_10,0.9933072
11131_10,0.9939964
386_10,0.98707944
6534_8,0.9926542
11420_7,0.0053018946
3119_9,0.9933072
2708_2,0.005060332
2817_10,0.34709436
9425_7,0.99390244
11019_2,0.006903838
1747_1,0.14755519
4493_9,0.9826909
4728_1,0.004133968
6856_2,0.0059110695
10273_1,0.09704755
4822_8,0.979354
10475_10,0.9585377
2678_3,0.01784874
9979_8,0.99242276
8090_1,0.004609572
10022_4,0.0045384313
5137_1,0.00581996
6787_10,0.99351174
4027_9,0.99444515
208_10,0.98469365
569_7,0.9914225
761_10,0.9916842
2603_9,0.5496406
11692_9,0.91964257
4374_2,0.0048297215
5581_10,0.9926542
10601_1,0.59455127
637_3,0.0053018946
10238_2,0.8749346
6717_1,0.004264634
9145_10,0.8774768
1047_4,0.9700135
6173_1,0.0038244836
985_10,0.9918121
4964_1,0.004609572
7104_1,0.0047552
6293_3,0.92892635
9060_3,0.00581996
1894_4,0.0153063545
4650_10,0.99390244
12475_8,0.99128854
7563_9,0.994615
10996_9,0.99014014
8315_4,0.045352582
710_3,0.007345827
3856_7,0.99371004
10613_8,0.96909106
12141_9,0.987375
4666_1,0.0037654138
292_3,0.11476479
3316_7,0.9898303
10482_4,0.00619299
9703_1,0.1334152
6905_9,0.9908744
9138_10,0.9927672
10417_2,0.98527133
7977_1,0.004905406
9350_8,0.9744348
4514_10,0.9942697
3964_4,0.97023994
6014_4,0.5117166
10198_2,0.007011795
9059_1,0.00498227
11254_10,0.99351174
2032_7,0.990732
6895_7,0.0627892
6921_2,0.036769465
9174_8,0.9911527
367_8,0.9877587
11410_7,0.004609572
9387_7,0.86613256
2227_10,0.9905874
334_2,0.0044683837
334_9,0.9921841
10893_8,0.99029154
9414_10,0.8601343
9725_1,0.004133968
10779_9,0.9891816
8654_8,0.97134733
9032_7,0.9939964
9775_4,0.03904829
7687_1,0.005384938
12206_4,0.005384938
7720_8,0.99253935
6774_9,0.99101454
12469_1,0.016403032
7249_2,0.006003596
5146_3,0.007937994
8629_7,0.8736466
5292_3,0.98998636
8937_7,0.99390244
9221_4,0.98998636
3203_8,0.99253935
6964_2,0.96765566
6120_8,0.99101454
6962_9,0.9921841
4139_1,0.0047552
3957_4,0.0057302467
9305_3,0.97702265
6863_1,0.008445628
2164_4,0.16532342
12378_7,0.0063883206
10834_10,0.9942697
633_10,0.983343
10071_8,0.9928786
8167_1,0.0057302467
4232_9,0.9891816
6710_8,0.891055
6055_1,0.0054692742
8169_8,0.993807
10291_9,0.99029154
8149_10,0.9933072
2499_10,0.98951083
4370_2,0.004609572
4031_1,0.004681822
11372_3,0.008711384
9619_1,0.93195957
8822_4,0.9744348
7096_10,0.99361163
7009_10,0.9927672
2442_10,0.99390244
442_10,0.9927672
4783_1,0.009559399
11837_9,0.98582757
5214_8,0.99361163
134_8,0.9911527
10948_1,0.004609572
3011_7,0.9942697
4339_4,0.05184547
9638_3,0.024237636
7186_7,0.9918121
7702_2,0.005220126
6586_8,0.994089
2420_8,0.99242276
1911_8,0.9871788
4707_4,0.012624948
3954_10,0.99341017
12071_3,0.015784562
10010_9,0.9930962
8844_2,0.0053018946
12312_1,0.0076956474
4874_1,0.009559399
7270_7,0.9838472
3497_1,0.0044683837
9928_3,0.008847355
11109_1,0.004609572
9016_8,0.9871788
1125_10,0.9898303
9695_8,0.9883128
5756_9,0.008847355
11452_2,0.0053018946
8488_4,0.01883313
9825_2,0.0123361
7054_7,0.93991333
4359_10,0.9933072
11411_8,0.98582757
9618_8,0.98667485
12226_4,0.03875619
7752_10,0.9932025
9274_3,0.7364006
12069_10,0.9941801
4591_2,0.004070138
6065_8,0.8244619
2344_10,0.98998636
10299_10,0.99361163
8934_9,0.9883128
5041_8,0.994089
3885_7,0.82893884
3994_8,0.9905874
11907_9,0.9914225
10181_10,0.9921841
2714_9,0.9830851
1571_8,0.9928786
6621_4,0.19042274
1062_2,0.036493763
379_10,0.99361163
62_8,0.98282325
1926_8,0.99253935
3428_7,0.9883128
2175_8,0.99242276
2006_10,0.9651191
8633_7,0.97838473
12158_2,0.004905406
11572_8,0.9923044
8859_10,0.9927672
10919_2,0.0094125895
4131_3,0.87914675
6893_1,0.0065897712
9217_1,0.0039454065
1893_2,0.0062899017
1719_2,0.0035936027
5107_4,0.009708476
2284_3,0.00818791
1430_10,0.9939964
5207_10,0.94776917
2800_8,0.99155444
7550_1,0.93581736
9035_9,0.9838472
11548_10,0.9927672
6037_4,0.94966936
518_4,0.1576549
12237_2,0.0067975316
10266_7,0.98998636
12032_1,0.0059110695
2494_4,0.0057302467
8062_3,0.9697854
4665_1,0.0047552
6082_8,0.99351174
7225_4,0.005060332
9080_1,0.0076956474
9606_4,0.008445628
494_2,0.005641909
6274_10,0.99390244
4170_9,0.9845754
9218_10,0.9695556
10377_8,0.97887486
10597_10,0.99193794
958_4,0.007121429
9958_4,0.81757444
129_9,0.99390244
2804_9,0.9930962
8935_1,0.004905406
12229_3,0.009125638
5048_4,0.0047552
6509_4,0.004681822
1812_8,0.9932025
5695_1,0.011961098
2021_10,0.9926542
9892_2,0.02576056
9239_10,0.9911527
5398_2,0.0040072887
4458_7,0.9273633
11730_8,0.990732
9853_1,0.0044683837
2258_10,0.9933072
9345_10,0.9926542
64_3,0.01214717
10423_9,0.9890131
2220_9,0.9856076
192_10,0.99371004
12143_9,0.99029154
2113_7,0.99155444
5294_10,0.994089
7025_9,0.99371004
6300_3,0.01065251
8043_2,0.004198795
6628_1,0.013222822
12138_3,0.97684664
1333_7,0.08632348
10515_3,0.0045384313
11949_9,0.9908744
2854_1,0.004070138
142_8,0.9916842
3706_1,0.004264634
6149_10,0.97090924
8429_3,0.023870835
6151_10,0.9928786
4861_8,0.92892635
8764_9,0.97821885
540_1,0.008577485
10693_1,0.004681822
2346_4,0.53655577
1532_4,0.017309094
1099_2,0.004681822
3818_10,0.896614
2617_10,0.9257686
1709_1,0.004264634
4649_10,0.9926542
4085_10,0.99128854
4478_9,0.99155444
1032_10,0.99253935
3642_7,0.005554925
5656_8,0.9930962
11916_3,0.0335895
6672_10,0.97046465
4225_7,0.983343
996_3,0.009708476
7421_10,0.9928786
9431_7,0.98421544
11121_9,0.99390244
5054_8,0.9896718
9187_8,0.9843364
9096_7,0.9879462
10318_8,0.99101454
5348_2,0.01214717
6666_8,0.9928786
6648_9,0.34690073
1405_10,0.99341017
8981_4,0.9883128
10248_9,0.98469365
4101_8,0.9930962
3076_4,0.02096424
1598_1,0.0062899017
8430_10,0.99193794
9999_1,0.03384404
805_1,0.003538086
7821_7,0.9898303
10849_10,0.9939964
8400_7,0.98445636
4807_4,0.010169657
8353_4,0.063714996
10445_10,0.9838472
7058_2,0.011508149
9715_2,0.006692851
10934_3,0.0048297215
8215_10,0.99298817
7268_10,0.9927672
5521_8,0.47268346
8565_1,0.00818791
8197_3,0.003707253
12004_9,0.94776917
10257_3,0.034358688
6260_2,0.004681822
10481_9,0.993807
7598_2,0.00498227
8106_10,0.98549646
8049_3,0.008577485
7124_2,0.007232764
3858_1,0.005060332
1445_9,0.021615336
6346_1,0.006097562
678_7,0.77696157
10247_1,0.46635947
1287_8,0.9914225
11873_1,0.0044683837
7198_1,0.004609572
3237_7,0.42775524
2029_8,0.9891816
26_10,0.99361163
9153_1,0.0038244836
12004_2,0.03410043
4105_10,0.99341017
1168_10,0.993807
5312_4,0.95695716
2907_1,0.0044683837
7247_9,0.98934746
107_10,0.99361163
412_2,0.27904198
2078_4,0.28199843
7997_9,0.018264279
12397_10,0.9791955
10052_7,0.993807
6559_7,0.06656919
12143_4,0.099820666
3496_7,0.9916842
3569_10,0.9888419
9270_10,0.5496406
2811_3,0.0074606435
9673_7,0.0074606435
325_1,0.008847355
11741_3,0.004331502
10562_7,0.9813107
5687_9,0.992062
4601_4,0.0051396107
5698_8,0.0062899017
11257_4,0.013020489
4391_1,0.0062899017
4703_10,0.99361163
12191_3,0.0045384313
113_8,0.98582757
9831_1,0.0063883206
7388_7,0.99351174
1661_10,0.9939964
3703_2,0.004133968
6077_2,0.5428633
935_4,0.78431904
7617_7,0.992062
7387_3,0.006003596
7889_7,0.9736447
803_3,0.004198795
9557_9,0.9942697
4299_10,0.9921841
6785_3,0.00619299
5185_7,0.9911527
9590_1,0.8204695
10811_9,0.9943581
34_1,0.07316472
12221_2,0.0048297215
6436_10,0.9932025
8299_2,0.008577485
7242_9,0.99351174
3247_10,0.97046465
8466_3,0.0076956474
5784_9,0.99253935
794_7,0.9921841
4986_3,0.005554925
7786_7,0.9930962
9324_10,0.99101454
2095_9,0.990732
10798_1,0.0047552
4193_1,0.008445628
12063_10,0.994089
3976_7,0.9890131
8657_1,0.00818791
2850_4,0.05623634
4522_7,0.9898303
6028_1,0.21272226
6000_4,0.004609572
8712_1,0.0076956474
3969_8,0.9908744
4245_4,0.098079324
3873_7,0.9859364
68_9,0.99390244
890_9,0.98934746
5922_1,0.0059110695
2582_2,0.004681822
5704_4,0.0064882697
9307_8,0.03308598
4114_8,0.990732
5540_7,0.987375
157_10,0.9932025
748_1,0.005060332
7045_1,0.004609572
9526_3,0.06052939
6519_2,0.0047552
11254_4,0.026155619
9498_1,0.0043994132
7192_8,0.98677725
2388_1,0.0053018946
12002_8,0.9908744
8394_1,0.007937994
10656_8,0.9914225
7261_9,0.993807
10434_8,0.9175984
139_9,0.54722214
4538_1,0.004609572
4038_2,0.0044683837
12228_4,0.17050801
3619_8,0.99351174
10411_3,0.0460339
7278_1,0.004264634
2304_3,0.003707253
5636_3,0.6381696
8833_9,0.9884919
504_1,0.08359068
12313_1,0.004681822
11161_1,0.004198795
72_4,0.03541073
4976_1,0.0064882697
10018_8,0.47049332
12142_8,0.9883128
4821_8,0.983343
9058_2,0.0044683837
6347_1,0.0043994132
3346_8,0.99298817
1481_10,0.9926542
10178_1,0.005220126
2851_8,0.9888419
12095_3,0.0057302467
11978_3,0.021615336
7172_9,0.9930962
8450_1,0.0040072887
7464_1,0.03410043
12327_1,0.07751766
5622_4,0.006903838
9170_3,0.004331502
10955_10,0.96765566
6161_2,0.00619299
11222_10,0.9941801
3844_7,0.9879462
11443_3,0.0048297215
4004_7,0.19436781
11015_10,0.9928786
3860_1,0.00498227
11600_2,0.0075772414
6849_8,0.9927672
1966_1,0.0064882697
4828_8,0.9730365
675_8,0.049589027
9068_7,0.76838577
5924_8,0.99351174
10733_10,0.9728308
8369_7,0.9939964
5213_4,0.0067975316
2558_4,0.006692851
47_10,0.99253935
2601_10,0.09842542
7360_9,0.9921841
1289_1,0.00619299
9875_4,0.3352692
2449_1,0.013742321
10020_8,0.994615
6761_3,0.95362175
7544_10,0.99253935
4380_3,0.004070138
3946_10,0.9923044
6968_10,0.99014014
3006_2,0.0062899017
11942_1,0.0039454065
2715_9,0.99351174
6065_4,0.8872046
6866_1,0.35042137
6620_10,0.992062
3177_1,0.0044683837
4051_10,0.6772139
880_3,0.0039454065
6504_1,0.00581996
12193_3,0.004331502
8570_3,0.0034296038
8025_1,0.0057302467
12316_1,0.0059110695
10842_10,0.9941801
2066_10,0.99014014
4416_10,0.99029154
5327_1,0.0057302467
3500_1,0.0043994132
4072_7,0.98998636
5833_7,0.9777139
2989_8,0.9826909
1905_8,0.89947516
5421_1,0.005554925
1479_8,0.9916842
5092_1,0.0053018946
4840_1,0.021948254
54_10,0.9930962
9203_9,0.96267307
3949_2,0.004264634
3615_1,0.0045384313
8748_10,0.98481095
108_2,0.0112445615
2280_4,0.91274774
6454_3,0.93721074
4071_1,0.004905406
2022_9,0.99242276
2600_1,0.004133968
2482_10,0.9918121
7347_9,0.9932025
7190_4,0.009125638
7174_7,0.36749724
5823_3,0.9511422
8051_10,0.93991333
7503_2,0.0043994132
2341_1,0.0067975316
516_9,0.98646784
8309_4,0.010328153
10789_4,0.012722708
11286_1,0.0057302467
4770_1,0.008445628
7262_4,0.98173577
11636_9,0.9859364
2340_1,0.0045384313
3407_3,0.0043994132
2922_9,0.9887554
9708_2,0.015189049
2362_3,0.005060332
3729_8,0.9928786
2265_9,0.99341017
1439_1,0.004264634
8020_2,0.004681822
5581_2,0.95565146
6503_1,0.0075772414
10101_9,0.92944044
7853_8,0.99298817
6229_1,0.0059110695
1351_7,0.6239499
2764_10,0.99029154
4617_10,0.86476797
1265_2,0.004070138
11424_4,0.9241418
219_8,0.9869795
2241_10,0.9916842
8400_2,0.028436033
4399_1,0.0044683837
9110_4,0.11516223
294_1,0.010328153
4646_4,0.005641909
8267_3,0.029986506
8829_4,0.9462003
3174_7,0.99351174
6557_4,0.0065897712
8286_4,0.041462272
2611_8,0.8071568
3422_4,0.82275945
4632_4,0.57367843
6448_4,0.006692851
11485_3,0.11516223
8526_7,0.034880888
10172_9,0.94853723
5043_2,0.004070138
7865_1,0.005220126
6343_8,0.9928786
9225_9,0.9926542
2764_4,0.0047552
8446_10,0.24095318
3329_9,0.99341017
9142_8,0.9930962
9567_1,0.011777842
7933_8,0.9911527
5655_10,0.091382116
12076_10,0.994089
6455_7,0.99155444
7202_10,0.994089
7747_10,0.99298817
9072_10,0.9874721
11374_10,0.9928786
3032_9,0.9869795
3065_10,0.9905874
1216_10,0.9559813
732_8,0.983597
7586_4,0.13161905
12012_10,0.9884919
5280_4,0.005384938
2687_4,0.88523525
7659_3,0.004070138
2813_4,0.6525736
6992_9,0.8895288
5468_10,0.99298817
10035_1,0.0047552
10283_10,0.9888419
5439_8,0.97520185
8930_2,0.05184547
8681_7,0.9888419
8521_1,0.004331502
4213_1,0.01395571
9751_1,0.005220126
935_10,0.9918121
5082_1,0.004264634
1802_1,0.00498227
11455_10,0.9891816
1794_9,0.97539
3708_10,0.9927672
6174_8,0.9600627
2210_8,0.96182173
6259_7,0.7581527
12471_8,0.9921841
3260_10,0.99193794
4717_1,0.0045384313
8673_2,0.00581996
6362_3,0.0063883206
7986_1,0.0047552
10555_3,0.64037937
10468_2,0.004681822
5354_10,0.99242276
5760_2,0.005641909
1380_2,0.042722195
12054_9,0.9933072
3794_10,0.96538115
7842_1,0.005554925
2236_7,0.99029154
8449_1,0.010986943
9993_2,0.009268014
6947_1,0.0057302467
11369_10,0.9190633
8186_4,0.058776557
7017_2,0.896614
725_8,0.9787127
9298_8,0.9863631
1695_7,0.979354
7762_1,0.0067975316
3466_10,0.80654806
1794_4,0.004331502
3804_10,0.98934746
7642_3,0.004198795
9538_10,0.09704755
10107_2,0.004681822
4755_8,0.938124
9679_1,0.004331502
11300_1,0.005384938
8747_3,0.0054692742
4145_1,0.005384938
8066_7,0.9012275
6306_10,0.99101454
6021_10,0.9926542
4860_10,0.99242276
4608_2,0.00581996
2380_1,0.007937994
9709_8,0.99193794
8057_4,0.99193794
8624_1,0.0043994132
6117_10,0.9939964
3641_9,0.98187524
8710_3,0.009268014
9158_10,0.99101454
1129_2,0.005641909
8320_4,0.013428254
10219_4,0.0054692742
6625_1,0.009859855
1988_1,0.83548355
5032_1,0.01883313
1042_7,0.65610766
1895_4,0.0039454065
10057_1,0.0063883206
9898_10,0.99351174
3809_2,0.0043994132
7994_2,0.0074606435
2751_4,0.011597362
3102_1,0.004609572
12393_7,0.14270912
4521_7,0.28328544
11169_8,0.9898303
7227_4,0.98173577
4956_9,0.010013569
7592_9,0.99014014
656_7,0.9802808
11534_3,0.0043994132
774_8,0.99390244
7756_1,0.007937994
2720_8,0.98934746
11227_10,0.993807
10462_3,0.41016552
4041_10,0.9898303
7327_1,0.004070138
4056_8,0.99361163
11684_10,0.99371004
5544_8,0.9933072
3799_8,0.9918121
3593_10,0.992062
4602_4,0.026759284
2123_2,0.004609572
9773_10,0.99298817
10956_4,0.011869121
5139_3,0.0062899017
8804_10,0.9927672
1784_2,0.020804489
11022_1,0.004905406
9366_1,0.004133968
12113_7,0.9795114
2375_7,0.41111085
3911_10,0.99351174
10834_2,0.0053018946
9319_1,0.0053018946
3923_3,0.13614832
4630_10,0.994089
2625_10,0.9883128
10159_7,0.9926542
2339_1,0.0075772414
8577_3,0.006097562
4062_7,0.99193794
6677_2,0.004264634
7818_8,0.99253935
4939_2,0.0076956474
6937_4,0.9585377
1286_1,0.004905406
878_2,0.0038844768
2357_7,0.9888419
3397_3,0.966156
11214_10,0.95791227
8045_1,0.005384938
2943_1,0.05033063
1518_10,0.99128854
2792_9,0.9930962
6437_7,0.8224745
8734_7,0.98998636
6165_2,0.007937994
11956_2,0.005220126
7021_1,0.89552265
3369_1,0.5696133
5829_2,0.0065897712
11742_9,0.9930962
11370_1,0.008061991
1502_1,0.09602549
9933_1,0.0044683837
4619_10,0.9916842
6842_1,0.8558512
2770_10,0.9879462
2343_4,0.005060332
3071_8,0.9923044
3046_8,0.9898303
8354_4,0.0048297215
5632_10,0.99361163
3901_4,0.14953136
6950_10,0.9941801
2431_9,0.97324073
10614_9,0.99361163
41_4,0.58699644
5039_3,0.6374823
2827_1,0.004681822
2860_8,0.9888419
6868_9,0.9939964
4597_3,0.97788346
8795_10,0.96432143
11941_7,0.99029154
12442_1,0.004681822
9736_7,0.9896718
1102_9,0.9896718
4291_7,0.9943581
4523_1,0.0051396107
5349_1,0.00818791
3363_7,0.4926763
11393_3,0.007345827
1647_1,0.0054692742
6143_4,0.85776806
1863_1,0.0053018946
10099_9,0.98187524
4163_8,0.9874721
9357_8,0.9921841
10941_10,0.99014014
6883_10,0.9927672
11090_4,0.89552265
3480_1,0.7134316
10795_1,0.9425068
5865_1,0.006097562
2484_8,0.58545667
3023_4,0.008315778
2818_2,0.0038844768
719_7,0.054198727
5297_4,0.005384938
12194_10,0.9911527
2929_8,0.9927672
7911_2,0.008577485
10619_9,0.9651191
5192_9,0.9927672
2170_1,0.4030968
4659_10,0.98998636
8536_7,0.99014014
11119_1,0.0045384313
7887_3,0.97788346
11742_1,0.036493763
5867_7,0.98242307
7538_7,0.98173577
1834_9,0.994089
6499_8,0.006903838
2073_10,0.16291203
3881_10,0.9876639
802_7,0.9826909
1733_1,0.0047552
11527_1,0.00619299
4316_2,0.0048297215
9812_1,0.06656919
8911_10,0.9837225
7687_10,0.993807
4240_10,0.99193794
1778_1,0.0047552
11822_1,0.004331502
7820_1,0.004198795
235_4,0.19868536
8373_7,0.9904406
92_1,0.0047552
716_10,0.9693242
4028_7,0.9923044
5533_7,0.7892337
2605_9,0.9932025
6665_1,0.0054692742
178_10,0.994089
9886_2,0.09842542
11779_10,0.93991333
5124_4,0.0057302467
1956_2,0.007121429
2933_1,0.009859855
8737_1,0.008315778
8755_9,0.99390244
5032_8,0.994089
9246_10,0.9939964
9610_1,0.005060332
7011_2,0.006903838
1602_1,0.244363
3367_1,0.0051396107
2756_8,0.99341017
12042_9,0.99128854
2641_3,0.005220126
9202_10,0.99298817
1953_2,0.0076956474
5303_1,0.004609572
975_7,0.9863631
2447_4,0.16995624
294_8,0.9838472
11643_7,0.98866826
8743_1,0.004331502
2661_4,0.031618766
8638_10,0.9918121
4793_10,0.9921841
7461_8,0.98951083
830_4,0.0044683837
5770_7,0.8891444
1989_1,0.006003596
5514_3,0.005641909
5842_3,0.004331502
11813_1,0.006097562
7811_10,0.98282325
7707_4,0.014957086
1205_10,0.994089
10326_10,0.9860443
4881_9,0.9830851
8244_10,0.9923044
7647_1,0.005060332
4376_10,0.99361163
6744_2,0.024053553
6769_7,0.99361163
494_10,0.98242307
6188_4,0.004609572
5859_1,0.0053018946
6801_3,0.004331502
10990_8,0.9911527
6057_8,0.9353465
3017_1,0.34281904
7617_1,0.0123361
8340_7,0.9394706
746_7,0.95759624
9290_10,0.9722044
1525_10,0.99155444
11044_7,0.9908744
9367_10,0.9930962
5705_10,0.9911527
11375_10,0.99351174
11320_1,0.004905406
754_9,0.98282325
7040_10,0.99390244
10740_4,0.004133968
8839_10,0.9921841
11614_4,0.005384938
10867_9,0.9928786
12406_10,0.9916842
12081_10,0.9930962
8763_10,0.9939964
4103_1,0.004681822
5600_1,0.004681822
5345_2,0.0045384313
10679_8,0.96182173
11709_1,0.0062899017
6872_4,0.0035936027
9096_3,0.97112906
3417_9,0.9916842
5154_3,0.6444489
6071_10,0.9881309
5685_9,0.99242276
7937_10,0.9896718
3628_1,0.00619299
7374_2,0.005554925
1862_8,0.023870835
6602_1,0.004264634
1401_10,0.99193794
12157_3,0.008847355
5636_8,0.99253935
2049_10,0.99361163
9402_8,0.98421544
12455_10,0.99155444
11062_2,0.004133968
9163_10,0.971564
2879_7,0.72311395
2840_9,0.97997653
9893_8,0.9877587
11857_1,0.018978037
7776_10,0.99298817
10365_7,0.9511422
6186_7,0.9582261
7071_1,0.00581996
5132_1,0.0048297215
8971_4,0.011961098
3415_1,0.004681822
3622_1,0.0064882697
7446_10,0.99298817
4644_9,0.03846619
3923_10,0.98951083
3503_8,0.9905874
8685_7,0.7756048
1683_2,0.011961098
3417_4,0.004331502
10443_3,0.032100707
4620_3,0.43470123
5658_1,0.15405756
4185_1,0.00581996
3727_10,0.9923044
5334_1,0.0051396107
7113_7,0.9339146
8713_1,0.0039454065
2865_7,0.01048909
2956_4,0.012053779
2455_8,0.99361163
97_7,0.3090758
6789_10,0.9933072
8639_8,0.9898303
1563_8,0.9697854
3169_9,0.9930962
7627_10,0.82949203
1649_10,0.9927672
2287_10,0.9927672
9479_1,0.004681822
7705_1,0.007937994
10803_2,0.01065251
6076_9,0.9890131
4263_3,0.0074606435
4726_10,0.9932025
11738_9,0.994615
9250_9,0.9918121
2638_1,0.004070138
11357_7,0.96691406
12135_3,0.012821214
7296_10,0.9918121
10674_7,0.9918121
7674_9,0.99469805
5575_1,0.0044683837
8120_7,0.9896718
1617_1,0.0062899017
7090_3,0.0053018946
3793_4,0.009708476
2658_10,0.983597
9942_3,0.9184803
9520_9,0.9923044
10638_1,0.0059110695
9066_10,0.99361163
3408_4,0.004609572
7526_1,0.2520157
10821_3,0.0057302467
5887_10,0.99128854
12470_3,0.0045384313
4033_8,0.98282325
1949_10,0.98934746
9859_4,0.010013569
11183_9,0.99341017
8533_4,0.0065897712
10236_10,0.98549646
6111_3,0.3649473
5475_8,0.99128854
3342_3,0.0067975316
8335_1,0.9888419
4812_9,0.99341017
2306_4,0.8958876
4596_7,0.074231364
10431_2,0.005220126
5077_9,0.9875683
1301_9,0.98951083
8979_9,0.99101454
4226_9,0.99253935
5544_3,0.008577485
7954_2,0.0064882697
3935_4,0.014728613
7076_4,0.01883313
10208_10,0.99371004
3737_3,0.012920473
1689_8,0.9730365
6585_9,0.992062
6096_3,0.008577485
11052_4,0.005554925
7783_10,0.990732
5157_10,0.9757624
5465_10,0.99193794
11361_10,0.9826909
7560_3,0.86613256
9781_4,0.0075772414
11681_10,0.9918121
6127_7,0.967163
1799_9,0.98951083
10849_2,0.006003596
4274_7,0.96765566
15_10,0.9757624
11338_1,0.0047552
5750_2,0.0043994132
9335_8,0.99351174
8359_7,0.98481095
9527_7,0.9930962
1336_1,0.00581996
9893_3,0.007815888
11229_9,0.9930962
5948_9,0.9849274
9733_4,0.10631887
6377_8,0.99242276
1427_10,0.99128854
9023_3,0.0047552
2151_2,0.004133968
1744_1,0.0067975316
6367_10,0.9898303
9143_8,0.9693242
6176_8,0.9939964
11388_10,0.990732
1493_10,0.9856076
6615_1,0.004264634
4654_2,0.0057302467
599_9,0.98677725
7256_10,0.9914225
11993_1,0.021615336
992_7,0.99341017
8871_2,0.005641909
11483_1,0.0047552
3322_1,0.9814534
9827_4,0.9905874
8063_3,0.005554925
7397_3,0.016657041
3040_4,0.005220126
11682_2,0.18594718
8738_10,0.9932025
9905_4,0.0059110695
6437_1,0.005641909
4319_9,0.99390244
5353_4,0.8529355
12207_9,0.92683524
6166_7,0.98998636
12243_4,0.008315778
1219_1,0.004198795
10292_10,0.9933072
10132_10,0.99361163
6898_10,0.9928786
8469_8,0.971779
10393_1,0.79565805
7509_1,0.010986943
9468_9,0.9860443
9002_1,0.0043994132
891_9,0.9213576
5156_4,0.059646945
2321_1,0.004264634
11859_8,0.9896718
12262_7,0.9845754
6198_4,0.366193
5699_1,0.0065897712
4252_10,0.017712297
10618_10,0.9942697
3226_10,0.9941801
7227_7,0.9522199
11047_7,0.9905874
9569_7,0.99155444
8933_4,0.99014014
4513_8,0.9908744
1271_9,0.99390244
6327_2,0.004609572
10012_9,0.98840266
10090_3,0.005220126
8564_1,0.0045384313
10905_8,0.9930962
6828_2,0.0044683837
1730_1,0.00581996
3404_3,0.0054692742
12428_1,0.0062899017
5180_1,0.0074606435
10554_9,0.9878528
527_2,0.039937317
10296_8,0.9939964
543_4,0.46830428
10235_3,0.9199307
3743_4,0.26626185
8792_3,0.015784562
3597_1,0.008577485
12320_1,0.0062899017
11672_8,0.99477994
7237_4,0.029986506
3726_7,0.8253083
6643_2,0.004905406
2743_10,0.9939964
10184_9,0.9930962
1929_1,0.04208773
666_7,0.54455924
4548_4,0.004331502
4153_4,0.0044683837
7356_4,0.6077796
8843_10,0.99351174
7552_8,0.9939964
6494_8,0.99155444
3547_7,0.97684664
810_1,0.9683812
7672_9,0.992062
4945_3,0.005384938
12427_8,0.9883128
749_7,0.9918121
10706_10,0.99253935
10969_1,0.0047552
340_9,0.993807
2154_8,0.99444515
3715_1,0.0044683837
2388_10,0.99253935
5905_2,0.57463354
3774_10,0.9825575
3070_1,0.005060332
4789_10,0.9921841
1509_2,0.004133968
2350_8,0.99242276
11137_1,0.0044683837
10987_1,0.004905406
5815_1,0.9740426
7272_10,0.99371004
4651_10,0.99390244
4184_1,0.006903838
9636_10,0.99014014
8592_10,0.9049869
3068_3,0.01798621
8899_4,0.00498227
10018_1,0.005060332
5821_10,0.994089
3232_4,0.00498227
10795_10,0.98481095
7461_3,0.004681822
10874_7,0.2509128
9672_10,0.9932025
1908_10,0.936285
4014_9,0.0894546
10488_3,0.0063883206
2501_7,0.9928786
12339_3,0.1334152
2698_10,0.9905874
1674_1,0.007345827
10366_8,0.005220126
12059_10,0.99390244
8285_4,0.012920473
4120_8,0.9888419
4238_7,0.9921841
10516_1,0.01507263
2478_9,0.98469365
7807_2,0.004133968
10704_1,0.0053018946
791_4,0.0067975316
2514_4,0.9921841
3095_10,0.96295285
1770_10,0.99371004
11115_2,0.12378871
10797_1,0.04672496
11347_1,0.005060332
7077_10,0.99155444
403_1,0.0045384313
5852_7,0.8864204
8451_8,0.99371004
7013_1,0.004331502
10346_9,0.99486035
3055_7,0.9898303
4687_1,0.064653486
8467_10,0.9926542
11363_10,0.9923044
277_9,0.9921841
1715_2,0.045692034
9249_1,0.0038844768
1895_10,0.882022
5505_3,0.0047552
1323_9,0.99477994
4200_10,0.97520185
682_4,0.008577485
12020_4,0.0064882697
5824_10,0.9888419
4475_10,0.9943581
891_1,0.01243165
2713_8,0.98951083
2084_9,0.9241418
1535_3,0.0065897712
7862_8,0.99341017
8055_9,0.9914225
6604_7,0.9840936
7714_1,0.004681822
5606_7,0.9891816
7277_10,0.993807
3197_1,0.004609572
406_7,0.48535576
6948_9,0.99193794
4196_8,0.54698014
1723_10,0.99242276
11625_4,0.006003596
1259_1,0.005060332
5283_10,0.9921841
8407_4,0.012053779
5561_8,0.9928786
7653_3,0.0059110695
8646_1,0.0047552
8053_8,0.9861514
1879_7,0.97262347
1645_2,0.018689308
12222_7,0.82810634
3966_1,0.0051396107
4754_1,0.0051396107
8920_9,0.9843364
11920_9,0.9932025
4747_2,0.009268014
2108_8,0.03541073
9017_7,0.99361163
994_7,0.9891816
11155_10,0.9791955
6249_9,0.993807
5926_9,0.9932025
12486_1,0.14080817
4918_8,0.9905874
1357_9,0.99242276
6051_2,0.024053553
4589_10,0.8958876
12401_4,0.0053018946
4083_8,0.9918121
10373_10,0.992062
7467_8,0.9585377
2220_1,0.004905406
6882_7,0.9859364
10551_10,0.9942697
4043_10,0.99371004
11078_8,0.9777139
4280_9,0.9943581
8594_10,0.9943581
10652_9,0.99298817
2206_10,0.994089
9014_2,0.00619299
10215_4,0.005641909
3549_2,0.004133968
10445_1,0.003707253
10819_9,0.98951083
10691_1,0.006097562
3855_10,0.994615
7809_2,0.028870907
3022_7,0.983597
694_8,0.9923044
13_9,0.9928786
10972_10,0.99253935
9187_1,0.0059110695
12354_3,0.74298155
4793_1,0.005060332
10696_1,0.00818791
12446_1,0.0036499873
1488_10,0.99242276
904_10,0.006097562
11057_1,0.00619299
2132_8,0.9755769
1406_10,0.99242276
11366_3,0.004905406
9957_4,0.33878773
12096_1,0.003538086
3827_3,0.005384938
11686_2,0.0038244836
4387_9,0.99390244
9955_9,0.122103855
12103_10,0.9942697
11506_10,0.9916842
793_1,0.9606575
8001_1,0.004070138
8823_4,0.080936715
1787_7,0.99298817
5484_10,0.992062
3557_9,0.98998636
615_8,0.9926542
410_2,0.01784874
5800_2,0.0065897712
3143_4,0.005641909
11359_2,0.004070138
7016_10,0.9916842
3711_2,0.004609572
8580_10,0.7718435
5615_9,0.99242276
9202_2,0.004331502
4776_2,0.008711384
8436_10,0.99390244
2097_8,0.9872773
6935_4,0.9296961
2656_1,0.007937994
11446_7,0.99128854
5392_4,0.009268014
6451_9,0.994089
11054_8,0.9881309
8677_8,0.5496406
8761_3,0.16995624
9297_1,0.0036499873
12480_2,0.00581996
11736_9,0.9001793
4156_8,0.9926542
1955_10,0.99390244
12350_1,0.08419108
5439_1,0.0044683837
1342_10,0.9884919
7271_1,0.008577485
1868_4,0.6932653
4497_9,0.98657167
1729_10,0.99351174
4593_8,0.98102194
11296_7,0.98951083
9573_4,0.9863631
11678_2,0.01048909
6790_9,0.99351174
12298_2,0.00498227
9839_3,0.010818449
1348_1,0.004133968
7004_8,0.9879462
10414_10,0.9930962
3826_3,0.004264634
9313_4,0.9205043
10543_3,0.0045384313
6909_9,0.95759624
11377_10,0.994089
2591_9,0.9911527
11355_2,0.004331502
9274_8,0.9905874
4521_4,0.67976356
12208_9,0.9928786
4948_2,0.0044683837
3732_1,0.004198795
12096_10,0.99390244
7135_3,0.088820286
10310_8,0.99128854
1959_1,0.0051396107
10383_1,0.004133968
106_9,0.99155444
7085_7,0.9875683
11070_8,0.9930962
6850_10,0.99155444
12476_4,0.46514454
1917_10,0.9927672
1341_3,0.007345827
4062_1,0.007345827
5594_4,0.05184547
11963_1,0.07723878
2777_9,0.99029154
9871_7,0.9693242
949_8,0.044680875
7436_10,0.99242276
738_10,0.6438053
4893_1,0.006692851
6100_10,0.9492946
10219_9,0.99029154
4004_2,0.1592174
5945_10,0.9932025
10183_9,0.99371004
3465_10,0.9939964
4408_1,0.004198795
5810_7,0.9829547
188_3,0.024609927
7835_1,0.017176708
1648_9,0.98228765
7971_8,0.99128854
11809_1,0.0047552
5352_10,0.89733595
1476_8,0.9851576
602_10,0.9932025
9669_2,0.005554925
93_9,0.9932025
10787_10,0.96182173
10958_8,0.9914225
6608_1,0.00619299
7058_10,0.9930962
4401_10,0.98445636
9315_8,0.9730365
9670_3,0.008445628
10537_3,0.004070138
1033_2,0.004681822
12085_10,0.96378
9373_7,0.9911527
8302_2,0.006692851
10138_2,0.0145035805
6814_10,0.9933072
9778_1,0.004133968
5149_7,0.99361163
6191_3,0.950411
7466_3,0.009559399
10051_2,0.004264634
5262_2,0.030214587
2906_1,0.004681822
8625_9,0.937669
2118_4,0.0075772414
11547_3,0.004609572
11384_7,0.9918121
123_10,0.99351174
11115_7,0.9905874
9348_10,0.99371004
568_9,0.7905303
7731_9,0.9932025
6548_8,0.9227612
9235_4,0.007232764
430_10,0.9923044
10790_1,0.0045384313
10691_10,0.99193794
2324_9,0.99298817
11031_1,0.0057302467
5465_4,0.03384404
5545_4,0.004133968
5546_10,0.99101454
9010_2,0.0047552
7205_10,0.99193794
7580_10,0.9719925
2052_3,0.0044683837
6284_7,0.9927672
12001_3,0.005060332
3458_9,0.9942697
9013_2,0.005060332
5839_4,0.49365267
10809_10,0.9927672
3077_2,0.008847355
11373_3,0.0053018946
7083_9,0.99361163
10846_10,0.99341017
11815_10,0.99014014
4730_1,0.0044683837
3320_7,0.25312182
4782_10,0.98840266
3410_3,0.006003596
5142_10,0.99014014
3947_1,0.0067975316
3016_8,0.1289633
12114_4,0.5355843
11039_8,0.99242276
5902_7,0.97737074
5351_8,0.9888419
1654_10,0.9923044
5731_4,0.007345827
10985_9,0.98998636
8724_1,0.007011795
9854_3,0.005554925
2054_1,0.0043994132
11385_4,0.98571813
5919_4,0.0043994132
9898_1,0.0039454065
11874_8,0.9850429
4496_3,0.028007522
5231_1,0.004070138
10070_3,0.005220126
2345_8,0.9908744
9311_10,0.9930962
1036_10,0.9918121
6603_4,0.005641909
2138_9,0.97887486
10546_10,0.9930962
3217_10,0.99193794
12188_10,0.9932025
5986_2,0.020804489
352_10,0.9928786
8557_3,0.006903838
10453_10,0.9927672
4397_4,0.004198795
673_2,0.03904829
10305_10,0.994089
11985_1,0.006692851
3457_1,0.25478703
500_1,0.00498227
10637_9,0.75346667
8144_10,0.994615
8485_1,0.005641909
1632_7,0.929951
2404_8,0.99371004
11489_10,0.99390244
7590_1,0.0048297215
12460_2,0.45108464
11729_10,0.987375
2796_7,0.98803884
8015_2,0.0048297215
8258_4,0.004198795
2272_3,0.97462875
7178_10,0.99128854
8476_8,0.99469805
3411_4,0.010013569
8319_10,0.9868787
11799_10,0.9930962
8585_4,0.9759464
4640_10,0.9891816
12199_1,0.005384938
8380_7,0.9905874
8712_10,0.992062
12482_9,0.99298817
4813_1,0.005384938
119_9,0.9861514
7850_10,0.9898303
5536_1,0.007121429
10576_1,0.0048297215
2803_1,0.0051396107
11788_4,0.0038244836
6681_3,0.028220987
2503_10,0.992062
88_3,0.34193948
7389_4,0.9843364
8793_9,0.9932025
4911_7,0.9928786
6495_4,0.0054692742
10670_1,0.0053018946
2203_10,0.994089
7588_10,0.9878528
7095_7,0.9928786
6748_8,0.9805807
10348_1,0.0067975316
2568_8,0.9462003
10292_2,0.2150209
1112_3,0.005060332
5322_7,0.950411
4291_4,0.005554925
1212_7,0.49121186
7963_10,0.99253935
6156_1,0.009859855
713_1,0.005554925
11606_8,0.9926542
10975_10,0.99351174
4638_10,0.99361163
800_8,0.9884919
1389_3,0.0269635
10045_1,0.0051396107
3529_1,0.008847355
1921_2,0.0065897712
4824_8,0.987375
10688_10,0.9883128
84_10,0.99361163
225_3,0.00818791
9756_10,0.9905874
7601_8,0.7531037
6342_3,0.007232764
7711_1,0.0043994132
12133_7,0.99253935
8026_3,0.00581996
4551_10,0.99390244
545_4,0.008577485
343_1,0.42847252
10788_4,0.96538115
8711_2,0.008577485
5493_10,0.99390244
9358_1,0.9105454
2185_3,0.0044683837
9720_2,0.0040072887
4481_8,0.98934746
6528_2,0.00619299
11928_8,0.98421544
6591_7,0.99155444
10876_1,0.3263251
11253_10,0.010169657
2190_3,0.0335895
4281_3,0.0044683837
7971_3,0.007345827
11649_2,0.005220126
5199_3,0.010818449
12258_3,0.432303
5922_8,0.99341017
11136_1,0.0044683837
7941_10,0.9926542
1412_7,0.99361163
11053_3,0.9777139
5586_10,0.9918121
5762_9,0.9807288
8328_3,0.0074606435
10354_4,0.018404892
3563_8,0.99253935
8246_2,0.120438814
7740_10,0.9933072
4972_1,0.0062899017
832_4,0.9184803
11386_10,0.9896718
1273_3,0.040845715
5085_2,0.026556572
11414_4,0.97821885
885_8,0.9896718
3943_10,0.9798227
898_9,0.98951083
8168_10,0.99341017
9779_10,0.9916842
830_7,0.992062
77_10,0.9930962
648_8,0.9928786
10629_10,0.9881309
89_10,0.99341017
11955_9,0.994089
7883_9,0.99371004
243_4,0.018689308
5148_2,0.0040072887
1056_3,0.99298817
5206_10,0.99371004
8777_10,0.9876639
2969_2,0.004133968
6729_8,0.99298817
11860_1,0.34251657
6307_4,0.0145035805
11589_1,0.00619299
8016_1,0.004198795
3461_8,0.9927672
8767_1,0.0043994132
7692_10,0.9923044
12281_8,0.9896718
7763_1,0.03704717
5301_9,0.9802808
5112_10,0.9932025
10757_10,0.9905874
1066_8,0.9853843
5413_10,0.9941801
2733_3,0.008061991
8534_10,0.9916842
5915_8,0.98707944
10566_3,0.0057302467
10900_7,0.8976953
3120_10,0.9927672
4394_1,0.0051396107
3090_1,0.0043994132
4379_10,0.9932025
5259_7,0.03384404
10792_8,0.9885804
2599_1,0.004905406
1912_2,0.00498227
2517_1,0.98445636
2946_8,0.9941801
3020_8,0.9881309
1850_4,0.87997437
9463_2,0.0038244836
1721_10,0.99298817
7952_7,0.99341017
1806_9,0.99361163
11403_9,0.97134733
2013_7,0.97262347
5556_10,0.99361163
1746_3,0.026759284
11125_7,0.9932025
9270_4,0.1789559
7343_10,0.994089
12465_10,0.9939964
8550_9,0.9926542
6213_8,0.4873074
10861_10,0.9918121
4109_7,0.99155444
8652_1,0.004609572
11546_1,0.004331502
9133_7,0.9635062
5964_3,0.0038244836
1575_1,0.007815888
1337_4,0.04369106
7610_1,0.004198795
49_10,0.9941801
6505_2,0.006097562
7177_10,0.10818895
5947_7,0.94122344
1723_3,0.0075772414
9055_7,0.98571813
7972_1,0.004905406
5340_8,0.2562732
6938_8,0.26057756
12400_8,0.95791227
552_9,0.992062
11844_9,0.99253935
1080_1,0.004070138
3078_10,0.99341017
8713_9,0.9932025
7300_1,0.007937994
12464_1,0.0057302467
3812_10,0.23616374
3313_4,0.0145035805
6880_4,0.032100707
5478_9,0.9826909
10951_7,0.9798227
3327_8,0.96538115
6332_10,0.97737074
4385_8,0.9851576
2387_10,0.99253935
5756_3,0.0062899017
4020_7,0.97788346
6190_8,0.9928786
517_8,0.96267307
9018_3,0.097734325
9449_10,0.99341017
10715_3,0.0039454065
8195_8,0.9923044
9605_10,0.9390248
4309_9,0.9911527
1783_4,0.004264634
1658_10,0.9884919
1403_7,0.5877065
4268_1,0.0044683837
4822_1,0.0067975316
717_4,0.013532149
7768_10,0.9927672
7803_2,0.0054692742
7190_8,0.99193794
11035_1,0.004133968
6288_10,0.992062
10690_1,0.0059110695
714_10,0.9942697
9210_10,0.9930962
12462_1,0.004264634
9325_1,0.0043994132
8370_8,0.99390244
10583_1,0.010013569
4016_10,0.993807
6465_4,0.042722195
1512_9,0.9872773
4769_8,0.99341017
11160_7,0.98951083
2175_1,0.0040072887
12261_7,0.99390244
685_8,0.9834705
9208_10,0.96909106
6296_1,0.004264634
8210_4,0.009125638
11237_4,0.007232764
8139_10,0.99351174
6996_3,0.2885691
5168_1,0.0044683837
5528_3,0.022802636
6635_1,0.90087914
1670_8,0.99193794
7099_4,0.0074606435
2239_1,0.9744348
7313_4,0.5696133
3304_2,0.00498227
10505_1,0.005384938
9681_10,0.9928786
7569_4,0.7424217
9926_4,0.007232764
8339_8,0.9918121
8553_10,0.99242276
387_1,0.008061991
4715_9,0.96295285
11447_1,0.0140636265
7425_1,0.05582314
10514_1,0.0057302467
6979_10,0.9928786
3104_1,0.005384938
6833_4,0.048496004
5931_3,0.00818791
12103_2,0.0094125895
9413_1,0.004198795
2730_7,0.009268014
7293_10,0.9918121
8479_9,0.9911527
9099_7,0.9507779
2061_4,0.013020489
4680_7,0.9927672
4067_1,0.063714996
4663_2,0.0043994132
3069_1,0.004905406
8739_7,0.9923044
8279_2,0.030444348
11078_1,0.007232764
7917_1,0.004133968
7636_8,0.99128854
5071_8,0.8899121
1720_10,0.99242276
885_3,0.0051396107
734_1,0.00619299
6309_9,0.9930962
4346_3,0.005554925
4087_10,0.99341017
678_1,0.0034834242
8348_8,0.99128854
3572_2,0.7937462
10285_1,0.20882356
11126_4,0.036220055
8071_2,0.004905406
8150_10,0.99128854
4652_4,0.86522406
3674_8,0.98421544
1046_9,0.99351174
1986_8,0.99193794
2516_1,0.9167081
11758_1,0.00581996
4747_8,0.96095175
10426_4,0.007011795
4331_1,0.004331502
9146_3,0.004609572
312_10,0.9928786
4160_9,0.994089
5277_3,0.005060332
4896_7,0.36954257
4327_9,0.7264256
4136_3,0.008577485
2324_2,0.8951567
10407_10,0.9891816
5081_10,0.99351174
2892_2,0.032836955
367_3,0.005060332
6523_3,0.004264634
9037_7,0.3486174
8790_1,0.004264634
1839_8,0.9921841
4149_3,0.004681822
7950_3,0.0051396107
1686_2,0.018978037
7855_1,0.005220126
2844_10,0.99390244
4006_1,0.024987794
1077_10,0.9923044
9294_3,0.8003801
8866_1,0.01107216
8414_3,0.02297737
11736_3,0.49365267
11683_9,0.9764905
6399_10,0.91181
4876_2,0.005554925
8818_10,0.99298817
8874_3,0.0044683837
2595_7,0.9738444
9287_1,0.0153063545
11446_3,0.0075772414
10016_3,0.3963018
10381_8,0.99101454
2222_1,0.11838509
10875_7,0.98102194
5708_8,0.9863631
2727_9,0.99128854
823_1,0.00498227
3616_2,0.005060332
10522_1,0.006003596
5340_3,0.10230471
4218_9,0.98087597
6551_4,0.9049869
4506_7,0.98866826
487_3,0.00581996
3215_2,0.004681822
3884_10,0.99444515
8163_1,0.0036499873
4878_9,0.23109323
10428_10,0.98840266
6394_10,0.992062
5318_2,0.00498227
4829_3,0.03308598
9175_8,0.9896718
10213_7,0.0123361
1484_10,0.99371004
9646_10,0.9933072
755_1,0.0043994132
4988_1,0.007345827
10640_3,0.008577485
2780_4,0.005060332
5867_2,0.0044683837
9212_10,0.9876639
8554_4,0.12592277
4703_3,0.80837
8779_8,0.96641046
953_10,0.97788346
10349_8,0.99351174
3280_10,0.9933072
3646_8,0.99390244
6054_1,0.004198795
4894_3,0.8891444
11235_10,0.9863631
513_8,0.9904406
4166_1,0.0059110695
742_8,0.98159516
7671_10,0.99371004
2835_4,0.9811669
8556_10,0.9941801
4764_7,0.98469365
1626_3,0.0044683837
6883_4,0.010013569
1014_4,0.020488555
9419_10,0.9898303
7918_8,0.9334308
8912_2,0.010013569
7996_3,0.01243165
5045_2,0.004331502
9612_2,0.12635334
1658_2,0.005641909
4373_2,0.0048297215
11771_7,0.9905874
5458_4,0.01627746
10492_1,0.0045384313
5551_8,0.9904406
811_1,0.0053018946
12209_9,0.9658996
1514_1,0.047425874
6684_9,0.99351174
4604_7,0.99361163
3350_1,0.0065897712
3336_7,0.99155444
9645_4,0.004681822
1664_9,0.17189366
5109_8,0.9930962
9294_8,0.9851576
7439_3,0.0034296038
9098_10,0.9923044
10353_2,0.0074606435
2356_4,0.0062899017
884_1,0.8134608
704_2,0.0057302467
9429_4,0.05184547
11563_1,0.0038844768
10345_7,0.98087597
12301_4,0.006097562
1021_7,0.45205206
6353_1,0.030675802
2608_7,0.99341017
10508_1,0.0075772414
263_1,0.0039454065
10127_10,0.9927672
11517_4,0.01566365
4758_4,0.3712506
2210_4,0.42703825
12396_1,0.004331502
9405_7,0.98803884
5945_2,0.018689308
1931_3,0.04885778
3972_9,0.98242307
7949_3,0.42321962
1958_10,0.99361163
5834_7,0.98421544
11040_1,0.004609572
9453_1,0.004609572
5841_10,0.99193794
1144_10,0.99390244
5678_2,0.010986943
11361_3,0.004331502
5999_1,0.004264634
11810_4,0.79565805
10502_1,0.008985428
11821_10,0.9891816
8270_10,0.9012275
4627_4,0.98951083
5588_2,0.014842417
4877_1,0.004331502
2289_8,0.91398406
2582_10,0.9926542
8749_1,0.0076956474
1653_1,0.004331502
7060_3,0.0054692742
4299_1,0.005384938
7198_10,0.3907083
5597_9,0.9927672
11592_10,0.9941801
1516_1,0.00619299
1428_10,0.9918121
9349_7,0.99101454
4182_10,0.9863631
522_10,0.9757624
1942_9,0.99298817
2570_8,0.9911527
1188_2,0.013222822
7454_10,0.99390244
6859_8,0.99029154
4278_9,0.9930962
3538_8,0.9876639
6499_1,0.01107216
7715_1,0.0044683837
5847_1,0.005060332
2109_10,0.99341017
7570_2,0.008315778
3725_1,0.005060332
8736_2,0.3930355
2007_10,0.99351174
9738_10,0.9850429
2763_7,0.99155444
9081_2,0.08210663
6647_10,0.99351174
11207_1,0.14223188
5182_3,0.007232764
2171_10,0.9905874
9091_1,0.81077874
3970_3,0.007345827
7432_9,0.992062
2169_2,0.0037654138
720_1,0.0057302467
866_2,0.004264634
567_3,0.98421544
11812_8,0.7512834
11195_9,0.7538293
5877_10,0.994089
5526_9,0.9921841
792_8,0.9930962
8673_9,0.9930962
5163_1,0.004198795
4722_8,0.9939964
11423_8,0.9914225
3239_8,0.99371004
2235_4,0.025957355
5799_3,0.004331502
8592_2,0.005641909
5229_10,0.29209024
9285_10,0.9928786
6092_1,0.07004896
8940_10,0.9843364
12220_8,0.017309094
4417_10,0.9930962
10462_10,0.99341017
3241_9,0.85195273
8744_10,0.9939964
1016_3,0.04177388
7382_10,0.9928786
8458_8,0.9927672
629_4,0.008315778
1971_3,0.0074606435
4471_4,0.0057302467
7890_2,0.0074606435
10164_4,0.4770669
2176_8,0.87578696
2500_2,0.046378206
1155_2,0.005220126
7102_8,0.98445636
3618_10,0.99361163
4940_3,0.004905406
10263_3,0.007232764
12495_10,0.70851517
7170_9,0.9926542
7322_3,0.04369106
2938_10,0.14854057
8128_8,0.99242276
4900_1,0.0038244836
5672_7,0.6852127
3387_10,0.9926542
806_1,0.0062899017
7385_2,0.004133968
3043_4,0.004133968
6845_10,0.9876639
979_3,0.48877144
6853_3,0.0051396107
4871_4,0.012920473
12172_8,0.971564
4105_2,0.0039454065
3171_4,0.02350945
8686_10,0.99128854
10187_1,0.0040072887
5305_7,0.023870835
1728_10,0.99029154
11284_4,0.9688562
443_2,0.008315778
8542_9,0.993807
7634_2,0.01048909
2598_1,0.01678549
124_2,0.20118472
10145_8,0.9933072
63_1,0.004133968
5522_3,0.28437722
1264_9,0.99014014
12181_10,0.9881309
6508_1,0.006003596
2146_3,0.0064882697
5449_4,0.019419348
2660_9,0.994615
6594_4,0.004905406
6285_8,0.99128854
12200_10,0.9872773
6710_1,0.0063883206
10399_10,0.99128854
6703_1,0.0065897712
5795_8,0.9932025
3427_4,0.006097562
11306_10,0.9927672
6641_3,0.021125194
9364_9,0.83169055
6963_8,0.03308598
6896_10,0.9465967
10154_10,0.99193794
4690_10,0.993807
8125_8,0.9918121
4978_1,0.0076956474
4999_3,0.0054692742
8921_8,0.9872773
6089_3,0.011961098
12279_9,0.9898303
1209_7,0.9916842
2083_7,0.90397453
10162_10,0.9933072
1266_4,0.02297737
10892_8,0.99128854
4864_4,0.004198795
10743_7,0.08151975
6427_1,0.003707253
8633_1,0.020804489
6158_10,0.9928786
4952_3,0.004133968
7508_10,0.99298817
637_9,0.4951173
6734_2,0.37085173
10685_1,0.004198795
6269_4,0.007011795
9073_8,0.9730365
9551_2,0.005554925
5499_2,0.0037654138
3573_4,0.007011795
12089_1,0.0048297215
3962_1,0.010328153
2169_7,0.97903574
959_8,0.9811669
10514_9,0.94891727
4430_7,0.9750122
10802_1,0.14128141
280_10,0.99361163
8041_3,0.011331754
9040_9,0.99242276
10653_1,0.025371313
10783_7,0.9926542
4711_1,0.004133968
1523_4,0.18832396
3903_1,0.004905406
4216_8,0.3149453
10108_1,0.006003596
4098_4,0.004198795
9433_7,0.9877587
11013_10,0.9932025
3968_10,0.9890131
7916_3,0.006003596
5859_9,0.97997653
11194_7,0.95257413
9376_3,0.008061991
1808_4,0.013020489
12029_3,0.0065897712
5854_4,0.77864933
6573_9,0.99341017
6747_8,0.98527133
4366_1,0.005384938
5868_7,0.9939964
7712_3,0.01048909
11617_1,0.004905406
5362_10,0.9916842
1950_1,0.005060332
9724_1,0.006903838
7537_8,0.9891816
6950_1,0.0043994132
6035_8,0.99298817
11191_4,0.012241275
4759_9,0.994089
1228_7,0.0059110695
10380_1,0.028220987
271_7,0.9928786
7826_9,0.9780517
4336_2,0.01798621
4209_2,0.014728613
4898_7,0.8236123
2987_1,0.004264634
9976_4,0.004609572
7521_10,0.99101454
5680_2,0.005220126
4310_10,0.99193794
4484_10,0.9928786
5748_9,0.9916842
6798_3,0.45568302
9598_10,0.9918121
4834_2,0.005554925
2505_10,0.9933072
1984_8,0.96485513
476_1,0.91086304
11578_1,0.031143833
2223_3,0.41774648
8215_3,0.5544705
3108_1,0.009125638
4371_1,0.006097562
12399_4,0.29685804
4913_1,0.004609572
8431_8,0.87321484
3445_10,0.9943581
8268_10,0.9930962
4271_10,0.9927672
2136_3,0.0045384313
2479_1,0.007345827
11798_2,0.0047552
2893_10,0.99351174
7754_3,0.0062899017
7568_10,0.9890131
6221_8,0.993807
1687_10,0.99371004
4744_1,0.0040072887
3730_10,0.9863631
7543_10,0.9856076
4449_1,0.004681822
2802_8,0.9927672
2834_2,0.0037654138
11243_2,0.009859855
6638_10,0.9849274
3299_1,0.0051396107
1378_10,0.98866826
1867_9,0.99361163
3371_1,0.006903838
1340_10,0.9883128
1810_10,0.9927672
11773_10,0.9891816
2111_1,0.005384938
2234_4,0.87147486
4958_7,0.98951083
3514_1,0.006003596
8488_9,0.979354
1650_4,0.009125638
6538_3,0.0039454065
9930_9,0.9932025
10594_1,0.004331502
6248_8,0.9896718
1384_9,0.98527133
11526_3,0.01798621
9847_10,0.99298817
8994_1,0.0059110695
11595_1,0.004905406
9840_7,0.9914225
1027_9,0.99371004
11691_2,0.0038844768
1154_10,0.9905874
4599_4,0.010902373
2126_1,0.091058284
10719_3,0.0044683837
11925_2,0.0045384313
1938_2,0.00581996
7233_7,0.96641046
1747_8,0.9927672
4994_8,0.9830851
10696_10,0.95695716
7348_10,0.9921841
9121_8,0.95430803
902_10,0.98998636
8046_1,0.0040072887
3604_7,0.98625773
4886_8,0.99193794
2821_10,0.9916842
10180_8,0.9911527
11376_10,0.9914225
11195_2,0.0075772414
5625_9,0.993807
9284_9,0.99351174
6747_1,0.029090757
3910_9,0.51903373
11412_7,0.99014014
2456_10,0.9930962
6105_10,0.9933072
5732_10,0.9872773
1960_9,0.990732
6363_7,0.96641046
9596_10,0.9905874
8605_3,0.19620943
174_2,0.0057302467
8251_1,0.006903838
8567_10,0.938576
7007_3,0.08269735
2418_8,0.98840266
12030_8,0.98803884
7626_7,0.95292586
6070_3,0.0051396107
802_1,0.004331502
10801_10,0.9722044
8559_1,0.0044683837
2495_2,0.97134733
10777_9,0.9939964
2958_7,0.98998636
3701_10,0.98481095
2754_9,0.9939964
1210_1,0.0040072887
7830_10,0.99298817
4523_9,0.99014014
12408_4,0.007121429
5748_1,0.005641909
3982_2,0.00498227
9658_8,0.990732
73_10,0.9851576
3952_1,0.0094125895
4064_8,0.9834705
9835_4,0.9559813
12463_1,0.047425874
905_10,0.99128854
5634_8,0.9923044
800_3,0.004070138
11576_10,0.9932025
8546_4,0.006097562
8456_1,0.01048909
163_1,0.0051396107
7616_3,0.0048297215
17_3,0.028007522
620_2,0.004198795
4250_4,0.007232764
4403_1,0.0040072887
7107_3,0.9757624
9691_9,0.9876639
4069_8,0.99101454
3747_7,0.99193794
7930_10,0.9942697
1088_3,0.014281935
3683_1,0.0094125895
11138_1,0.008061991
1825_10,0.993807
9888_3,0.006903838
8079_10,0.9921841
1508_2,0.0048297215
2471_4,0.008985428
5238_7,0.99390244
4947_9,0.96432143
1791_10,0.49755862
5824_4,0.007345827
10408_2,0.06008665
6053_8,0.9849274
6811_4,0.0034296038
6398_4,0.0076956474
137_7,0.91022676
3920_9,0.9891816
8179_2,0.018264279
10602_8,0.024053553
10509_8,0.95292586
7346_3,0.004198795
2663_1,0.008445628
1342_2,0.16026603
5714_4,0.0047552
9669_10,0.9911527
6038_3,0.013742321
11957_10,0.9904406
750_2,0.0045384313
12386_10,0.16858302
7178_1,0.005384938
8070_8,0.8152325
8993_1,0.00498227
1178_4,0.11318691
10457_8,0.9923044
5287_1,0.004681822
3098_8,0.98571813
3505_8,0.99361163
10271_1,0.006903838
4354_3,0.004905406
4817_1,0.020488555
11313_1,0.0054692742
9023_10,0.9908744
8404_1,0.005384938
11847_1,0.0059110695
5374_9,0.9932025
1009_8,0.99298817
4197_1,0.004070138
10803_9,0.9881309
6609_9,0.97702265
519_1,0.004609572
7675_3,0.013532149
10204_10,0.9883128
10565_1,0.025371313
1641_1,0.0065897712
11170_10,0.9926542
451_2,0.007815888
4526_7,0.97702265
5639_9,0.9939964
5642_1,0.004609572
9159_3,0.9761292
11173_10,0.714628
10772_10,0.9462003
11172_10,0.9921841
10213_4,0.27435136
11256_9,0.99351174
5863_1,0.0038244836
5125_1,0.017045317
5624_10,0.9928786
10355_10,0.102664
6623_1,0.0054692742
3674_1,0.004264634
540_8,0.7762839
5202_10,0.9161096
9644_10,0.9930962
4780_1,0.005384938
2002_9,0.63367593
7228_10,0.99298817
4036_2,0.0044683837
9925_9,0.9838472
1137_10,0.99253935
5679_1,0.0062899017
9162_2,0.0047552
2849_3,0.004905406
3546_4,0.005060332
7164_1,0.004070138
1749_10,0.4006321
11988_2,0.00498227
365_10,0.99298817
7340_10,0.9891816
1543_3,0.0064882697
6008_2,0.06979493
2230_4,0.011508149
10105_3,0.0039454065
5443_1,0.00498227
5024_1,0.005554925
5630_8,0.9888419
7603_10,0.99444515
12205_10,0.9635062
5910_7,0.9928786
7006_8,0.98934746
3287_10,0.9916842
3136_1,0.004609572
6547_4,0.065604836
9329_1,0.0038844768
1679_10,0.99341017
1659_7,0.9853843
2015_1,0.006097562
5236_1,0.00619299
2201_2,0.0051396107
6026_3,0.027376488
12093_8,0.9923044
11394_10,0.021948254
9512_1,0.0038244836
8401_3,0.01395571
5239_8,0.98934746
5018_10,0.98469365
38_8,0.99371004
2968_7,0.25776508
5359_3,0.0047552
10419_4,0.023870835
1551_4,0.02145073
11346_1,0.021125194
809_1,0.005384938
9823_4,0.4518102
10125_8,0.992062
8819_10,0.9939964
9038_4,0.008445628
1968_1,0.00619299
6642_2,0.004264634
9015_10,0.99390244
12198_2,0.00619299
2758_9,0.76171577
9206_3,0.0038844768
4370_7,0.99242276
1985_2,0.028870907
3031_7,0.9890131
10172_1,0.004609572
4527_1,0.0039454065
5458_9,0.9930962
6534_1,0.0054692742
4347_1,0.004331502
11152_10,0.9932025
9238_3,0.16079244
6161_8,0.99371004
2299_1,0.01243165
1133_1,0.5496406
11774_3,0.015906392
1095_2,0.010013569
11311_10,0.9905874
1126_1,0.004198795
2385_9,0.9898303
10710_10,0.98998636
10106_1,0.0038244836
3363_1,0.005641909
11480_10,0.9939964
5183_1,0.004264634
7100_7,0.9839708
752_10,0.98951083
11958_8,0.9888419
2518_1,0.05379964
4744_9,0.9811669
53_7,0.72036827
12289_1,0.7108291
9239_4,0.03594832
8758_10,0.9933072
9050_9,0.9923044
10390_7,0.9927672
11780_8,0.05340333
9518_1,0.0057302467
3442_1,0.004198795
6316_9,0.9927672
2826_9,0.9911527
5908_10,0.994089
3720_7,0.9942697
8481_1,0.00498227
1188_10,0.994089
2784_10,0.9876639
12352_3,0.9898303
1771_10,0.9840936
5255_1,0.8895288
328_4,0.35678276
313_10,0.99029154
10530_1,0.0037654138
4866_7,0.99298817
8936_1,0.0045384313
10029_10,0.99014014
12383_10,0.7659437
1922_1,0.00498227
3012_7,0.9845754
11593_3,0.01243165
8661_1,0.009708476
10457_1,0.00619299
8074_4,0.9904406
11993_10,0.98187524
6_7,0.9914225
2542_9,0.9890131
11454_3,0.004264634
6776_4,0.94776917
9466_1,0.102664
11100_4,0.004198795
6429_10,0.9838472
11218_3,0.9838472
8310_1,0.004905406
7432_4,0.005554925
10115_1,0.012241275
11127_7,0.99298817
3306_2,0.018404892
6998_7,0.02865267
12166_2,0.004681822
7792_10,0.9877587
9250_1,0.0040072887
3351_7,0.9891816
3350_8,0.9911527
2393_3,0.1732882
5473_3,0.16184944
73_4,0.02145073
1504_1,0.0038844768
10317_10,0.990732
5795_1,0.00498227
1511_9,0.9263037
2537_2,0.16026603
8010_4,0.005060332
1616_3,0.006097562
4332_2,0.0048297215
8499_1,0.023330767
1636_8,0.9825575
7752_3,0.004681822
5848_7,0.9329437
5370_2,0.11516223
10600_10,0.98866826
5501_3,0.004198795
9948_7,0.9658996
10683_4,0.0074606435
10013_4,0.010013569
11704_2,0.0045384313
431_9,0.9891816
11855_10,0.97966766
2671_7,0.59561014
5831_2,0.008445628
7920_10,0.9939964
276_1,0.6456228
6245_2,0.08329193
89_3,0.0038244836
7871_1,0.0040072887
1707_1,0.0054692742
6640_1,0.004681822
723_10,0.9914225
11391_1,0.007815888
3534_3,0.004609572
10449_10,0.9928786
180_10,0.99341017
5128_1,0.005060332
471_10,0.9933072
2341_10,0.99371004
3204_7,0.9883128
1818_10,0.9939964
4489_10,0.33220208
12034_10,0.9566342
11264_10,0.9923044
8077_7,0.01395571
12206_10,0.9585377
11549_3,0.023153413
8993_10,0.98201376
1937_4,0.006097562
7778_3,0.012527932
9714_9,0.87147486
7219_4,0.0064882697
6518_4,0.0053018946
8421_10,0.99371004
10563_2,0.005554925
2527_9,0.99341017
11147_10,0.994089
832_7,0.908618
8972_7,0.009859855
2311_9,0.98866826
6794_1,0.005641909
1769_10,0.994089
11130_1,0.0065897712
8331_3,0.007121429
5564_10,0.9877587
2594_10,0.7962924
11037_1,0.0067975316
6679_9,0.99014014
419_4,0.010328153
2635_10,0.99193794
4436_4,0.3217796
10972_1,0.005220126
708_3,0.24292332
9113_1,0.0057302467
1438_9,0.99253935
2048_4,0.0045384313
4488_10,0.98228765
7889_3,0.021615336
11498_9,0.9930962
8780_1,0.05033063
2036_7,0.9923044
1861_1,0.0064882697
581_4,0.0075772414
9253_10,0.9932025
977_4,0.98571813
5693_7,0.99155444
6515_9,0.994089
9378_1,0.047425874
6695_2,0.010986943
8507_1,0.17781086
829_2,0.0039454065
11023_8,0.994089
70_1,0.019719128
3669_8,0.9905874
10033_8,0.9928786
9158_4,0.004331502
817_1,0.004681822
4679_1,0.005384938
8133_4,0.008577485
3531_1,0.34471908
10742_1,0.00498227
5579_3,0.0045384313
9041_1,0.006003596
4938_1,0.00498227
4246_9,0.90632194
4275_9,0.91550726
6819_3,0.004905406
6327_7,0.9394706
6101_10,0.09602549
11852_2,0.004133968
10252_10,0.992062
4348_8,0.16398025
5328_4,0.00581996
11964_9,0.9933072
8634_1,0.006903838
3702_8,0.9926542
1677_2,0.00619299
5907_1,0.0057302467
8432_10,0.99351174
3570_3,0.96182173
9624_10,0.9911527
11466_4,0.008985428
9062_10,0.99371004
12336_1,0.0039454065
3476_1,0.005220126
7033_2,0.005220126
2660_3,0.0064882697
741_1,0.004198795
11490_1,0.00818791
6580_7,0.9927672
1807_3,0.006097562
4785_1,0.00619299
6319_10,0.97423947
4437_8,0.9927672
3533_10,0.9926542
12119_3,0.01243165
151_8,0.9926542
7829_7,0.028007522
5497_1,0.0047552
7477_10,0.9923044
5879_10,0.99155444
8068_10,0.9914225
7989_3,0.98282325
8480_10,0.98998636
10352_10,0.99193794
120_2,0.0044683837
10135_3,0.010818449
8091_1,0.005060332
8505_8,0.98667485
3282_1,0.9193534
11570_10,0.99351174
11052_8,0.9700135
5549_10,0.993807
3891_8,0.99155444
3537_9,0.9904406
8503_3,0.071073666
3995_4,0.98571813
10979_3,0.0044683837
11681_1,0.0057302467
536_7,0.9898303
11739_8,0.99444515
6951_10,0.99390244
6210_2,0.005554925
1449_4,0.9265699
11860_10,0.98242307
11149_8,0.99341017
4021_7,0.99101454
5104_3,0.012722708
2989_3,0.0054692742
10112_10,0.9942697
6718_1,0.004070138
7654_4,0.78530854
9481_10,0.99371004
7984_2,0.004609572
1348_8,0.9939964
11079_8,0.9802808
9554_10,0.9928786
8617_8,0.99193794
315_8,0.9933072
6085_8,0.9939964
1823_9,0.99444515
3208_10,0.99298817
924_4,0.06008665
6479_10,0.9905874
7017_10,0.61173
8595_4,0.055005286
4532_10,0.99351174
5145_4,0.036769465
2358_7,0.81077874
11151_4,0.004609572
10238_7,0.990732
564_9,0.06008665
4054_10,0.9943581
8852_9,0.99341017
10137_10,0.9911527
7014_3,0.004264634
1533_4,0.0054692742
8257_2,0.6535693
8719_8,0.9861514
5041_1,0.004681822
1469_9,0.9334308
11726_3,0.0047552
2002_1,0.0044683837
12293_3,0.0062899017
3672_1,0.0038244836
11110_10,0.99193794
3931_1,0.31268474
6972_1,0.007232764
10186_1,0.005220126
9265_3,0.006097562
7412_3,0.17809659
5427_2,0.005220126
5006_4,0.019719128
3199_1,0.0039454065
6256_8,0.4050957
418_9,0.99128854
8834_9,0.99155444
5093_10,0.99242276
3190_2,0.0045384313
12360_4,0.0038844768
9477_1,0.0048297215
6085_1,0.004331502
7773_10,0.99444515
255_4,0.012053779
1661_1,0.0040072887
1627_10,0.993807
9204_2,0.06008665
3704_8,0.006003596
11898_9,0.992062
1137_1,0.010169657
101_9,0.9688562
1142_1,0.0047552
5314_8,0.9911527
10932_4,0.004198795
9639_2,0.00818791
12125_7,0.993807
10998_1,0.0044683837
5186_7,0.9539661
10340_1,0.51318055
7419_8,0.98657167
6929_3,0.0059110695
7238_4,0.0053018946
10869_7,0.96405166
4106_1,0.0039454065
6589_2,0.6478122
9619_7,0.9124362
7116_4,0.909907
8889_1,0.005384938
3901_9,0.99390244
7052_7,0.7631309
6439_1,0.004681822
5309_1,0.0062899017
4515_3,0.068537496
3029_4,0.008847355
10310_1,0.0051396107
12350_10,0.99341017
532_8,0.008577485
11145_8,0.990732
75_10,0.993807
6137_3,0.004070138
1637_2,0.006097562
12327_10,0.99390244
2177_7,0.98951083
1879_1,0.068537496
8745_2,0.0037654138
3099_8,0.98934746
7354_4,0.004198795
10103_1,0.003707253
3296_10,0.9933072
8494_9,0.9942697
3423_4,0.9407897
7609_8,0.02931223
4265_10,0.9853843
1872_7,0.9908744
10987_10,0.98657167
2849_7,0.9923044
628_1,0.0038844768
1391_1,0.0053018946
7456_1,0.0034834242
12150_1,0.005384938
7718_9,0.9930962
5787_3,0.016403032
12162_8,0.70069003
11670_7,0.97966766
1784_8,0.85145944
7483_8,0.9874721
9564_9,0.9591543
10832_9,0.9918121
12230_1,0.004133968
2291_8,0.9921841
8416_3,0.014957086
9486_10,0.98934746
8153_10,0.99351174
5164_10,0.9926542
6347_8,0.99029154
7773_2,0.007121429
12215_1,0.004681822
10039_8,0.9916842
9803_9,0.9933072
1589_1,0.004198795
1615_9,0.9908744
119_3,0.00498227
623_8,0.9921841
10427_1,0.0043994132
11697_4,0.032344334
6168_2,0.0053018946
2658_3,0.00619299
1841_4,0.007232764
10572_1,0.004609572
6964_8,0.9142907
5172_1,0.0067975316
989_7,0.86293024
159_10,0.99361163
5240_1,0.0044683837
11777_1,0.004133968
8350_3,0.00619299
2565_1,0.004198795
7694_10,0.9933072
7759_1,0.005554925
3003_4,0.015784562
7128_2,0.0040072887
8147_4,0.012053779
6595_9,0.99298817
8949_3,0.92788786
9848_4,0.0048297215
7496_8,0.9932025
11857_10,0.990732
3237_1,0.004331502
5404_1,0.004264634
10699_8,0.9881309
6138_4,0.0062899017
909_4,0.8250265
11833_10,0.9926542
11817_10,0.9932025
171_2,0.013428254
2517_7,0.87831426
10307_7,0.9666631
370_2,0.02297737
5995_8,0.98951083
4612_1,0.0051396107
6561_8,0.98934746
7454_1,0.003538086
2951_2,0.0045384313
8860_1,0.0057302467
411_3,0.091058284
664_3,0.0045384313
4345_10,0.9891816
4452_1,0.17078441
2833_2,0.0040072887
10374_3,0.28239405
9322_1,0.15304215
9923_3,0.0035936027
8687_3,0.94853723
7567_9,0.9861514
137_3,0.004609572
7872_1,0.0051396107
6968_4,0.004905406
1540_10,0.9928786
9157_10,0.97482115
4102_10,0.993807
6645_1,0.007232764
7630_10,0.9145963
3958_9,0.8906752
11437_9,0.99242276
6982_1,0.0053018946
4870_2,0.008985428
3545_7,0.9932025
204_1,0.0040072887
6844_10,0.9394706
4736_1,0.004070138
9120_9,0.9879462
1608_1,0.0048297215
1251_10,0.9939964
12315_10,0.99193794
11754_10,0.9942697
2399_3,0.024609927
11499_8,0.9719925
3870_10,0.98934746
5503_10,0.9927672
4045_10,0.99242276
3063_1,0.008711384
10914_7,0.9390248
8509_10,0.9888419
5872_1,0.00818791
5729_4,0.004905406
10865_2,0.006903838
10218_4,0.005060332
2096_4,0.01627746
11344_1,0.008985428
10623_2,0.0043994132
11241_10,0.9923044
7254_2,0.12808825
7892_1,0.004198795
3472_8,0.98582757
11637_4,0.605799
11853_9,0.9890131
1096_7,0.98998636
8508_3,0.02017732
9400_10,0.99341017
1128_10,0.9785493
5989_10,0.993807
8021_1,0.0035936027
7860_10,0.9933072
1131_10,0.9914225
5589_1,0.012821214
5662_8,0.9941801
2161_7,0.4094569
323_10,0.992062
2431_1,0.8879841
10147_7,0.99101454
2956_7,0.98707944
12005_3,0.01812472
477_2,0.007232764
202_9,0.994615
5710_10,0.993807
2262_7,0.98677725
7103_8,0.9853843
10237_3,0.03875619
12151_1,0.040845715
7485_2,0.01627746
2438_10,0.9927672
4069_2,0.005220126
5593_2,0.004070138
11163_1,0.07290027
6754_10,0.9930962
9147_2,0.00581996
9614_10,0.9926542
4427_7,0.82417905
1382_1,0.006903838
11132_7,0.97719735
6371_3,0.009559399
11221_4,0.011331754
10071_2,0.047074176
4936_2,0.0043994132
1797_3,0.78596646
6692_4,0.018546565
5816_1,0.00581996
6163_2,0.006003596
2042_8,0.9914225
856_3,0.008315778
1233_10,0.9941801
9537_10,0.9932025
9504_9,0.99242276
788_10,0.99361163
3399_8,0.9916842
7142_4,0.0067975316
10371_4,0.051462766
760_7,0.9890131
3614_10,0.994615
3314_1,0.006097562
3447_10,0.9926542
12240_10,0.15739572
10083_10,0.9942697
9936_10,0.9904406
7651_10,0.9933072
1470_1,0.005384938
2703_7,0.94458723
5637_10,0.9939964
6102_1,0.0039454065
8991_8,0.9740426
9606_10,0.9898303
10568_4,0.015543648
7126_10,0.98187524
4203_10,0.9914225
4486_2,0.004133968
3408_9,0.9882222
2867_8,0.9916842
7338_8,0.99242276
8065_4,0.0038844768
2510_3,0.006003596
2110_7,0.98866826
4097_4,0.6629874
7484_8,0.21239536
5789_10,0.9876639
8070_2,0.005384938
867_2,0.10123348
1364_3,0.00619299
10654_2,0.004331502
12417_4,0.9883128
10470_10,0.9933072
6544_10,0.009708476
8904_8,0.95292586
10282_2,0.02865267
497_9,0.9891816
2659_10,0.9884919
9609_7,0.9918121
3010_3,0.684264
9134_1,0.0045384313
8990_1,0.004264634
6960_4,0.3629974
9566_9,0.62589556
7923_4,0.007011795
4542_10,0.9923044
7185_3,0.007121429
1918_10,0.9875683
2316_8,0.97520185
5846_10,0.9728308
1023_10,0.9918121
7141_7,0.9905874
3724_10,0.9916842
3617_2,0.006903838
7095_1,0.0044683837
12201_10,0.9888419
10309_2,0.7240906
5584_8,0.99014014
2063_10,0.98866826
10874_1,0.018264279
4084_2,0.006097562
2765_1,0.0040072887
11390_3,0.01065251
4676_1,0.0112445615
2130_7,0.007815888
12032_7,0.00581996
9671_3,0.0034296038
816_7,0.9932025
11320_8,0.5643386
1458_8,0.9932025
1938_7,0.9916842
2861_8,0.9273633
5768_9,0.94853723
5049_9,0.9933072
8083_1,0.29696
4825_1,0.004681822
1740_9,0.99341017
3034_10,0.7634837
9977_7,0.95759624
8459_10,0.9923044
1103_10,0.27067295
3783_10,0.9926542
754_2,0.007121429
5580_10,0.9918121
3472_2,0.004264634
2640_3,0.8596637
5400_2,0.03384404
5881_10,0.9942697
10970_4,0.76803803
8842_1,0.004905406
5336_8,0.97788346
1398_1,0.00498227
12310_10,0.9942697
6012_8,0.9429286
1508_7,0.84695786
2981_8,0.98892784
576_8,0.9813107
9683_7,0.5102525
10336_1,0.006903838
3345_3,0.006692851
7683_7,0.9851576
6366_9,0.9918121
6741_9,0.9939964
11396_2,0.0067975316
4964_10,0.993807
12285_10,0.99371004
11018_9,0.99128854
3902_9,0.98840266
4147_8,0.9923044
1748_10,0.9914225
10084_3,0.49169996
3265_7,0.98934746
6160_1,0.0057302467
2984_10,0.99242276
1305_1,0.0047552
9075_4,0.9403531
11710_7,0.97788346
2443_10,0.99341017
938_10,0.99193794
1392_7,0.47633603
10406_8,0.9585377
4302_7,0.9785493
2836_8,0.98803884
2365_3,0.0047552
98_1,0.702938
8325_10,0.99371004
300_9,0.99341017
7667_1,0.98657167
4313_10,0.9879462
12450_3,0.036220055
8582_1,0.019870715
11325_9,0.8705973
8482_1,0.007011795
7304_8,0.992062
9439_1,0.004264634
2656_10,0.9927672
4306_3,0.0140636265
10079_1,0.0040072887
11172_1,0.0064882697
6095_9,0.99361163
5698_1,0.007121429
35_1,0.37410444
6043_3,0.005384938
2261_1,0.0048297215
4784_10,0.94966936
10936_7,0.9891816
5316_10,0.99193794
8361_8,0.97997653
10373_2,0.008061991
500_10,0.9904406
371_4,0.06008665
3434_4,0.005554925
3654_2,0.0048297215
11280_2,0.9563089
6542_9,0.96909106
10313_10,0.9921841
7267_1,0.0930168
11897_3,0.00619299
7321_2,0.00581996
1516_7,0.9905874
1640_1,0.007937994
9456_10,0.990732
2769_10,0.9914225
6280_7,0.99253935
12399_10,0.99351174
6206_7,0.9859364
8836_4,0.19345194
5254_9,0.9927672
10903_1,0.0064882697
3966_10,0.99155444
4048_10,0.9933072
1528_9,0.9926542
6219_10,0.990732
8280_4,0.006692851
7974_10,0.96485513
6956_8,0.9905874
5975_10,0.9941801
6759_10,0.992062
963_2,0.07751766
12158_10,0.9926542
148_1,0.23934935
8831_1,0.8255897
11556_9,0.98866826
9038_10,0.98469365
4421_10,0.9930962
5236_8,0.9927672
3753_10,0.9905874
9334_3,0.050705362
2444_4,0.00498227
2890_3,0.006097562
9132_9,0.9933072
11413_10,0.9896718
3424_4,0.98445636
1258_3,0.01627746
5277_10,0.99361163
706_10,0.99444515
3527_10,0.9926542
4081_9,0.7745834
3895_2,0.24871664
11528_2,0.00581996
7285_9,0.9932025
12339_7,0.9390248
729_1,0.057918087
6291_1,0.0047552
12296_9,0.98866826
5913_10,0.99351174
7770_10,0.99371004
9546_2,0.01883313
2383_4,0.99029154
6802_7,0.9928786
5445_2,0.00619299
687_3,0.004264634
9982_8,0.99128854
11830_10,0.9458012
4271_1,0.0051396107
7279_10,0.990732
1599_7,0.00619299
10880_10,0.99361163
2838_10,0.99351174
4234_9,0.9923044
7674_2,0.022457054
6156_8,0.99390244
11657_4,0.012920473
11738_2,0.004905406
11962_8,0.99193794
10966_8,0.97539
6421_1,0.00498227
1476_3,0.009559399
7022_8,0.99361163
11500_8,0.9921841
6263_2,0.0051396107
8989_9,0.99029154
2395_9,0.9539661
9311_1,0.055005286
6386_4,0.004331502
91_4,0.30621576
3759_3,0.004331502
11766_2,0.117572136
11290_7,0.6984323
5627_3,0.12721826
3278_1,0.0057302467
9682_9,0.9813107
11894_1,0.004070138
10387_9,0.9928786
884_8,0.99253935
8408_2,0.0065897712
5772_2,0.12252322
11422_1,0.069541745
9709_1,0.007937994
701_8,0.9904406
2721_8,0.9928786
4875_3,0.0051396107
6356_1,0.004681822
7446_3,0.0065897712
2440_4,0.008711384
9732_1,0.013742321
9109_10,0.98998636
7578_2,0.036220055
11017_8,0.06754669
12498_1,0.004198795
4942_2,0.004609572
4939_10,0.9941801
8451_4,0.0973904
6274_1,0.006903838
11635_4,0.008577485
8931_1,0.0053018946
109_4,0.9926542
11744_7,0.98998636
5351_4,0.97482115
1120_9,0.98934746
10494_2,0.007011795
5317_10,0.99444515
6139_2,0.007011795
12322_8,0.9878528
11239_3,0.0065897712
4815_7,0.95695716
11979_10,0.94853723
254_10,0.9798227
10286_3,0.004264634
6457_10,0.99242276
4662_8,0.9916842
6298_4,0.0045384313
2704_4,0.071073666
11313_10,0.98998636
187_10,0.994089
1166_1,0.0045384313
12126_3,0.0034834242
1813_9,0.9905874
6282_10,0.9932025
10525_7,0.99014014
8887_1,0.009559399
11605_7,0.009559399
6533_1,0.004198795
1210_8,0.9891816
11904_8,0.9891816
10659_10,0.9908744
7004_4,0.0045384313
10260_10,0.99193794
11997_7,0.005384938
7850_4,0.9603612
2085_3,0.004609572
11839_1,0.004331502
419_9,0.99371004
4157_10,0.993807
8253_8,0.99341017
11268_2,0.004133968
12119_10,0.9826909
10259_10,0.005641909
978_1,0.03963884
6848_4,0.0140636265
9368_4,0.00619299
7863_9,0.98998636
4157_3,0.0044683837
4184_10,0.98803884
2888_1,0.0039454065
8073_4,0.14463145
1755_1,0.36466444
7688_2,0.86293024
5966_7,0.99253935
10673_9,0.99193794
4110_7,0.7322091
699_9,0.99298817
9240_2,0.0043994132
3651_10,0.99341017
3933_7,0.9882222
2960_7,0.99242276
10664_1,0.0054692742
358_9,0.9923044
11200_10,0.98173577
4471_8,0.993807
11661_2,0.016152835
12304_1,0.0059110695
2442_4,0.76383626
7134_9,0.9904406
4214_2,0.0044683837
4869_8,0.98646784
6372_1,0.04885778
10236_4,0.01214717
12189_1,0.004609572
9715_8,0.9871788
5751_10,0.99014014
166_7,0.7972413
11889_2,0.0054692742
5098_1,0.014392335
8126_7,0.9933072
9302_7,0.9927672
10430_10,0.9923044
445_9,0.99193794
4550_10,0.99242276
10995_10,0.9930962
7154_1,0.0047552
3983_3,0.64567864
1446_9,0.9890131
865_10,0.9911527
3012_1,0.004609572
3562_3,0.008577485
2551_1,0.0043994132
6440_1,0.0075772414
10241_10,0.99242276
1542_7,0.34928992
1405_2,0.004198795
11835_10,0.9939964
4023_3,0.005220126
1287_1,0.005060332
11059_2,0.007121429
2583_8,0.98102194
1550_2,0.36192548
11382_3,0.0048297215
5567_10,0.99351174
11033_1,0.0047552
5543_1,0.005060332
8631_10,0.9911527
10871_1,0.0044683837
6955_9,0.99390244
6254_4,0.07696084
2179_4,0.012527932
7559_8,0.99361163
12431_8,0.9853843
279_10,0.99155444
2127_8,0.9916842
3803_10,0.7501869
12200_1,0.0040072887
3480_9,0.9908744
5156_8,0.994089
1718_2,0.0045384313
12145_9,0.99361163
1560_4,0.98159516
11646_1,0.004681822
10378_4,0.007121429
8281_3,0.00498227
10393_9,0.98998636
1402_4,0.009708476
3958_4,0.0040072887
3676_1,0.00498227
3709_1,0.004905406
10668_7,0.9888419
11972_1,0.00619299
4842_1,0.017712297
1889_8,0.9872773
3990_1,0.092359796
6467_7,0.009268014
5928_4,0.141756
4639_10,0.9851576
4748_8,0.9933072
5417_10,0.9923044
2351_4,0.14080817
4365_1,0.004681822
3591_2,0.004331502
5914_10,0.99253935
8099_2,0.013742321
5510_1,0.0037654138
314_10,0.98866826
8544_10,0.9923044
3799_1,0.00498227
5650_2,0.008711384
1646_7,0.8705973
11586_9,0.9930962
2389_9,0.9923044
908_3,0.0057302467
654_9,0.99371004
6323_9,0.9926542
3014_7,0.9069832
11312_9,0.78032786
5457_3,0.004264634
6071_3,0.0062899017
12459_1,0.0047552
8639_4,0.0039454065
3600_8,0.97737074
9052_3,0.18683577
528_1,0.004133968
7692_1,0.006903838
6885_3,0.00498227
11395_4,0.9695556
11763_1,0.020488555
3631_1,0.007937994
4296_3,0.01395571
4810_3,0.031858858
6660_2,0.0040072887
850_7,0.99029154
6731_10,0.9918121
12129_1,0.0048297215
11525_7,0.9927672
5782_10,0.9830851
4613_2,0.63770795
4460_8,0.98951083
2992_10,0.9930962
570_9,0.9923044
5908_4,0.04369106
4677_4,0.03567855
5791_10,0.99128854
5718_10,0.99351174
12453_10,0.7756048
8364_8,0.9853843
7761_10,0.97068775
3459_1,0.008577485
9169_1,0.00581996
12022_2,0.16640432
10869_1,0.02211659
4997_1,0.0040072887
2430_8,0.0094125895
5011_4,0.0051396107
3011_1,0.0054692742
8425_3,0.090092994
6517_8,0.9930962
9300_9,0.9930962
840_8,0.9697854
2662_10,0.99351174
2724_1,0.0047552
5654_10,0.9879462
5574_10,0.99242276
5606_3,0.006903838
7717_8,0.9888419
11202_10,0.99390244
6889_10,0.9923044
3712_10,0.9941801
3042_3,0.004905406
7858_8,0.9666631
4902_8,0.9939964
11885_1,0.0051396107
7582_1,0.0037654138
8450_7,0.9458012
9368_9,0.9105454
7616_8,0.9921841
4443_3,0.052618954
2344_1,0.0051396107
11861_9,0.9744348
7738_8,0.9932025
327_10,0.9926542
8175_4,0.0057302467
10189_10,0.994089
8691_1,0.0076956474
12236_2,0.0038244836
7341_3,0.046378206
3261_1,0.0065897712
8809_4,0.004609572
3735_3,0.0062899017
9339_8,0.9869795
8242_4,0.055412795
6787_4,0.8891444
4379_4,0.01214717
5967_4,0.5401963
5568_8,0.98228765
4579_4,0.0062899017
7066_1,0.004198795
12323_1,0.00619299
2673_9,0.97539
2639_7,0.990732
8323_10,0.9877587
246_10,0.9921841
653_1,0.007232764
2407_1,0.006003596
2795_1,0.004681822
11793_4,0.9079672
2848_4,0.02517884
6040_4,0.00818791
9388_2,0.00498227
909_10,0.99193794
2567_2,0.41929123
4473_8,0.9921841
4451_3,0.73545164
10296_1,0.009559399
5111_7,0.27894375
8281_9,0.99361163
4957_8,0.9722044
8249_1,0.045015533
1572_3,0.018404892
5718_2,0.020332353
5959_3,0.005641909
3013_9,0.9932025
3544_1,0.0044683837
11250_10,0.99253935
5162_9,0.9933072
8872_9,0.9933072
11122_8,0.99298817
991_4,0.006692851
6322_9,0.96458924
7065_8,0.9923044
9704_7,0.14755519
4317_9,0.45108464
11622_10,0.99341017
10725_7,0.9559813
6549_1,0.004070138
9062_3,0.0064882697
10253_7,0.9425068
4035_9,0.98998636
5437_1,0.0930168
1779_1,0.0039454065
8740_2,0.0044683837
10175_7,0.9860443
5331_4,0.0053018946
9506_3,0.00818791
11199_4,0.005554925
9948_2,0.00581996
252_9,0.9904406
1094_3,0.012722708
9145_3,0.0076956474
506_8,0.98998636
7126_1,0.007345827
3317_1,0.004609572
11439_4,0.0053018946
6583_1,0.00498227
2805_8,0.9939964
1841_10,0.99371004
2698_3,0.020645931
6956_4,0.17953056
7664_8,0.82275945
97_1,0.0062899017
4588_9,0.9623913
5220_1,0.004331502
45_2,0.0112445615
5812_4,0.15253651
6625_8,0.98159516
2816_9,0.75635755
11463_1,0.0062899017
158_9,0.9921841
6633_1,0.004331502
1184_10,0.87831426
3967_1,0.0930168
6653_7,0.82949203
6093_1,0.0047552
2932_7,0.56385833
1522_1,0.004681822
2529_1,0.009268014
1475_1,0.005060332
2027_8,0.99155444
1854_1,0.0067975316
6269_10,0.9868787
2184_7,0.9898303
4923_3,0.20244318
10827_9,0.99361163
10885_10,0.9918121
3281_1,0.004264634
1468_7,0.9559813
104_1,0.004681822
3898_3,0.006692851
10973_7,0.98840266
8900_7,0.9911527
10735_1,0.005554925
4992_1,0.005060332
368_8,0.9928786
6709_4,0.004198795
10453_1,0.004681822
139_4,0.7490872
12079_1,0.0039454065
7001_4,0.0044683837
10533_3,0.6575934
2307_8,0.99128854
7241_9,0.9927672
7717_3,0.004609572
6223_2,0.008711384
9500_2,0.0035936027
669_10,0.9911527
1596_3,0.016403032
3576_7,0.8198933
8263_8,0.99253935
6832_4,0.006097562
5158_9,0.9921841
5899_10,0.99361163
5794_4,0.9273633
8854_10,0.9882222
11036_7,0.9224824
8803_3,0.9826909
5733_4,0.011869121
5268_10,0.9942697
12297_2,0.0038244836
6862_1,0.005384938
5515_3,0.005060332
3382_10,0.99371004
6738_2,0.004681822
3832_1,0.0062899017
10210_7,0.99128854
12080_3,0.039937317
7748_2,0.007345827
4788_1,0.9885804
182_10,0.9926542
4478_4,0.00581996
6544_1,0.006003596
2705_7,0.90829307
10334_1,0.004133968
10374_10,0.97887486
2031_1,0.004609572
4671_7,0.9927672
6231_9,0.97719735
9077_3,0.0053018946
6381_1,0.006903838
216_2,0.016529558
9956_4,0.37868884
10882_9,0.014392335
6192_10,0.15253651
10442_8,0.99253935
3199_10,0.9933072
7649_3,0.0067975316
1793_9,0.98646784
7987_1,0.008061991
1678_1,0.023689471
8176_4,0.01883313
4674_2,0.019271135
5751_3,0.98657167
6904_9,0.990732
8869_1,0.0048297215
6844_2,0.004609572
8744_2,0.0044683837
5430_3,0.84594244
1556_9,0.9905874
10830_9,0.994089
5642_8,0.9871788
3337_1,0.004264634
5339_1,0.004070138
9198_1,0.004070138
5759_10,0.98445636
10632_9,0.9898303
2067_9,0.98840266
3442_10,0.9891816
3341_4,0.0047552
9055_4,0.012527932
5793_8,0.9233162
896_8,0.9849274
1804_2,0.0040072887
1134_8,0.9888419
5532_8,0.9890131
2453_9,0.99351174
8113_2,0.0038244836
12046_10,0.99371004
11873_8,0.9853843
4525_8,0.9005298
10377_2,0.0063883206
2008_1,0.0057302467
10288_1,0.008445628
1083_7,0.7227227
2415_2,0.91789335
6688_9,0.99242276
4448_9,0.9888419
9407_10,0.9923044
3976_4,0.9780517
3930_8,0.9905874
3950_10,0.9845754
5645_3,0.032344334
6064_9,0.99390244
8064_1,0.012821214
3643_1,0.0057302467
10321_1,0.0054692742
5858_1,0.030675802
8535_9,0.8692713
3643_7,0.026355354
10041_1,0.0064882697
11014_10,0.98866826
11776_4,0.008985428
8227_7,0.9928786
11445_8,0.98625773
8756_10,0.98840266
9328_10,0.99298817
11734_10,0.9911527
10118_1,0.004609572
9690_2,0.71839684
7713_8,0.9943581
545_7,0.9697854
10603_8,0.9896718
5925_9,0.990732
3105_1,0.0038244836
10134_4,0.011508149
6354_2,0.018404892
9866_2,0.0075772414
7553_10,0.9914225
11324_2,0.93721074
10532_1,0.0045384313
439_1,0.0040072887
11265_10,0.99341017
6568_8,0.994089
9218_3,0.007011795
1939_2,0.014728613
4215_7,0.9891816
9968_10,0.99361163
12022_10,0.9861514
897_8,0.009559399
7129_8,0.9911527
7414_4,0.0076956474
8118_9,0.9795114
6179_4,0.0067975316
10124_8,0.99371004
7379_7,0.9813107
1075_9,0.99390244
2594_3,0.005554925
11482_4,0.6727618
7675_10,0.9918121
3127_8,0.94539934
7440_10,0.9933072
10215_10,0.98201376
5098_10,0.99361163
10534_2,0.0047552
12364_7,0.87873113
5191_1,0.005060332
4179_9,0.8484707
1433_3,0.0045384313
12177_8,0.9876639
9519_8,0.9918121
5781_7,0.9916842
10031_8,0.9881309
2631_4,0.004070138
195_4,0.13799646
11432_7,0.96765566
3952_10,0.99371004
5805_2,0.0057302467
5555_10,0.994089
7161_4,0.007011795
1399_1,0.006003596
8332_3,0.004198795
2132_2,0.34237912
12031_1,0.013325147
8480_1,0.005220126
11103_4,0.006097562
12124_3,0.010248601
12072_9,0.9927672
9371_9,0.08601587
2144_4,0.0059110695
5668_10,0.99341017
11790_10,0.99253935
6933_7,0.95695716
4932_10,0.9911527
216_10,0.983343
5862_7,0.19682619
11669_3,0.005554925
7488_4,0.05223086
6402_10,0.99298817
3244_9,0.9916842
5108_7,0.9898303
10854_1,0.0034834242
3404_10,0.99361163
4282_7,0.0123361
483_10,0.9518632
2110_4,0.025371313
6199_8,0.9914225
7942_10,0.99298817
314_2,0.0051396107
6395_3,0.0075772414
274_1,0.004681822
3421_2,0.004331502
4100_1,0.0043994132
9232_1,0.006097562
7152_10,0.9932025
10721_7,0.9932025
3565_3,0.0040072887
4223_1,0.0059110695
3543_10,0.9904406
1256_7,0.98677725
6567_2,0.0051396107
10658_9,0.9882222
1381_1,0.00581996
2591_1,0.0039454065
4775_2,0.01048909
1743_8,0.7049733
3004_1,0.017045317
11712_7,0.77218723
2966_2,0.0057302467
3139_1,0.004070138
989_4,0.007345827
2141_1,0.00498227
8224_1,0.00619299
10222_8,0.2216875
6540_1,0.0053018946
7427_10,0.9930962
5519_1,0.98282325
945_2,0.0059110695
3996_3,0.005554925
10202_9,0.99371004
1328_9,0.990732
11425_2,0.0039454065
1252_4,0.008445628
10086_1,0.09203287
3946_3,0.0045384313
11834_8,0.9932025
10710_1,0.03541073
1858_8,0.98571813
1532_10,0.9928786
7082_10,0.9914225
9813_10,0.99371004
38_1,0.0048297215
271_4,0.08359068
7184_1,0.006003596
11866_10,0.9888419
5983_1,0.003538086
5026_10,0.9904406
9030_1,0.005554925
11133_1,0.0043994132
10130_2,0.004609572
8357_2,0.017045317
9824_1,0.23335676
7264_4,0.011869121
12449_2,0.0067975316
1735_1,0.026155619
618_7,0.9911527
6421_7,0.9802808
6294_4,0.009708476
2174_2,0.0043994132
5985_2,0.005220126
7121_10,0.042722195
7912_7,0.9888419
5015_1,0.0627892
6476_2,0.0064882697
9954_8,0.9888419
10122_10,0.99390244
9334_9,0.9780517
11751_3,0.04885778
11607_7,0.99341017
11310_10,0.99298817
300_1,0.007345827
6520_4,0.004681822
6735_10,0.9939964
10008_8,0.9905874
7817_7,0.7613611
3634_10,0.9941801
5927_2,0.012241275
3414_3,0.0036499873
12266_1,0.23440664
11276_7,0.9879462
5478_3,0.014957086
6992_1,0.008315778
8039_8,0.9904406
11491_4,0.4474603
7823_7,0.9908744
8662_9,0.9911527
9921_2,0.004264634
2058_9,0.9933072
3321_9,0.99390244
8634_7,0.36534342
2161_4,0.34398875
3441_9,0.99351174
10096_1,0.0048297215
774_4,0.12463858
12086_9,0.9798227
1968_8,0.91550726
3269_1,0.005220126
2988_10,0.99298817
853_1,0.045015533
5303_10,0.99390244
11628_10,0.9926542
7772_2,0.0045384313
2712_1,0.0038244836
7362_4,0.005060332
3681_2,0.0062899017
2066_1,0.0045384313
7089_3,0.9724148
7393_10,0.97068775
7284_1,0.00818791
12199_7,0.9807288
3512_1,0.754915
4349_2,0.008445628
11825_1,0.004198795
8351_3,0.007345827
467_3,0.006097562
2523_10,0.9926542
12078_8,0.99155444
1418_10,0.993807
6552_10,0.99298817
10070_10,0.9927672
10031_2,0.0044683837
7179_2,0.0040072887
4533_1,0.00498227
11788_10,0.9926542
833_3,0.07613248
9777_1,0.0053018946
6930_7,0.006903838
2310_10,0.992062
2924_8,0.9863631
7252_10,0.9905874
10216_10,0.9904406
104_10,0.97023994
4283_4,0.009708476
6351_4,0.0048297215
1272_4,0.00619299
11226_9,0.9861514
3342_10,0.97134733
3326_9,0.99101454
3541_8,0.99390244
8142_10,0.99128854
6491_10,0.98951083
2125_10,0.99298817
7008_10,0.99371004
5347_9,0.9916842
8420_9,0.983343
10767_3,0.013428254
12094_1,0.004070138
11904_1,0.0044683837
2635_1,0.004681822
4074_10,0.992062
2470_1,0.3115316
5888_3,0.0053018946
9164_4,0.068537496
11312_1,0.005060332
2588_3,0.004609572
9177_1,0.005060332
10361_9,0.99361163
9216_10,0.99128854
5754_3,0.031143833
12314_10,0.993807
9044_3,0.01883313
5677_2,0.00498227
6664_4,0.007937994
2308_3,0.00581996
7377_3,0.8587186
9149_8,0.9896718
5244_3,0.004609572
10656_3,0.0705596
10885_1,0.004331502
4296_9,0.96765566
1770_2,0.007345827
4940_10,0.9916842
3984_10,0.9926542
2976_10,0.9928786
2767_1,0.0039454065
11848_2,0.0044683837
3096_10,0.94891727
9792_3,0.006903838
9785_10,0.008445628
10264_8,0.9860443
12277_7,0.9890131
8110_8,0.9905874
10396_8,0.9916842
3233_2,0.00581996
1903_1,0.0094125895
4743_10,0.9859364
1417_9,0.99128854
2662_1,0.0059110695
11231_4,0.4368623
9747_10,0.99351174
27_4,0.0048297215
3310_2,0.22746934
3212_10,0.99361163
5608_3,0.0062899017
1241_4,0.013428254
5543_7,0.99128854
7945_9,0.987375
3705_7,0.99014014
1598_10,0.071073666
4273_10,0.9860443
5985_9,0.9874721
531_2,0.98667485
6744_7,0.86385167
10270_1,0.0045384313
11199_9,0.9927672
9755_4,0.647018
12080_10,0.9939964
5600_10,0.9939964
12216_10,0.9224824
10783_4,0.026556572
3307_1,0.004264634
10954_7,0.979354
9959_4,0.0037654138
10223_10,0.99253935
12130_1,0.9928786
11939_7,0.01627746
12318_10,0.9939964
6204_10,0.9927672
2927_9,0.9566342
2779_10,0.99253935
3661_1,0.00498227
9068_3,0.005060332
1970_2,0.9766692
7539_10,0.99014014
9241_3,0.0036499873
9350_3,0.054600604
7885_8,0.9942697
1078_9,0.9615338
6062_2,0.0062899017
1215_10,0.9878528
1561_3,0.0048297215
2159_1,0.0057302467
8637_10,0.9939964
8375_4,0.3985235
2864_1,0.006003596
186_9,0.9942697
1669_9,0.9911527
6936_9,0.9874721
7541_3,0.0335895
1515_7,0.9850429
5039_7,0.9688562
9269_1,0.02479816
4965_10,0.993807
10028_3,0.0062899017
3547_4,0.04304285
6070_10,0.9933072
11334_7,0.994089
4980_7,0.9898303
5063_2,0.006692851
11637_8,0.39198768
310_1,0.0038844768
9847_1,0.004331502
4433_9,0.9926542
4535_1,0.0076956474
11209_10,0.99193794
242_3,0.006903838
6150_7,0.016914913
7499_2,0.0038244836
10073_7,0.092359796
7352_3,0.004264634
6616_2,0.01048909
2148_1,0.00498227
322_1,0.0074606435
638_1,0.00498227
3236_10,0.9911527
11913_7,0.9849274
7188_4,0.008711384
3999_2,0.0045384313
1397_1,0.022802636
11768_8,0.9926542
10301_2,0.07779745
7486_10,0.99361163
7915_2,0.0032224844
103_10,0.9941801
2249_1,0.011597362
11559_9,0.99298817
11374_4,0.0057302467
7639_3,0.00581996
11922_3,0.007345827
6068_10,0.99477994
7681_3,0.31011954
3097_1,0.0051396107
10233_3,0.011508149
9111_1,0.0059110695
7240_2,0.004609572
10394_9,0.8984106
792_2,0.13251455
440_1,0.0044683837
11141_1,0.004331502
7488_7,0.9932025
2731_4,0.01566365
11632_10,0.055412795
7577_3,0.016914913
12047_8,0.9926542
7055_8,0.9933072
394_9,0.9926542
777_2,0.0051396107
6460_8,0.9914225
10412_2,0.004609572
9910_8,0.8984106
826_8,0.992062
7381_1,0.005220126
1700_8,0.858244
1131_2,0.008985428
6796_10,0.9932025
7084_8,0.9918121
5735_1,0.0053018946
6290_7,0.99155444
10506_8,0.9868787
2276_8,0.9353465
6221_1,0.9930962
1404_4,0.93581736
1440_1,0.006692851
8199_9,0.99298817
1145_2,0.008847355
5546_4,0.0269635
816_3,0.6487446
10535_10,0.99371004
2_3,0.004681822
6735_1,0.004264634
2684_4,0.0044683837
1765_10,0.96210754
4346_7,0.8548847
1157_9,0.009125638
4216_1,0.0048297215
3937_8,0.99253935
11140_10,0.992062
1635_1,0.004609572
4457_10,0.9826909
7250_8,0.9930962
3801_7,0.011508149
7892_10,0.9807288
11022_8,0.994615
5856_7,0.028007522
345_7,0.021615336
10809_3,0.46174482
9474_4,0.0064882697
5775_10,0.9927672
2845_3,0.005384938
1383_10,0.9916842
9171_7,0.9449947
10866_9,0.983597
12161_8,0.9142907
9118_1,0.005384938
9122_8,0.99390244
5142_1,0.0047552
2798_9,0.9908744
2260_8,0.987375
11677_10,0.9890131
2788_1,0.0044683837
8896_8,0.9930962
7685_10,0.9933072
760_1,0.0040072887
7811_4,0.007815888
1964_8,0.99341017
5059_10,0.9693242
4568_1,0.004133968
7475_1,0.005554925
11400_3,0.0053018946
6082_3,0.004133968
7961_4,0.83973396
7502_8,0.99361163
11351_10,0.9939964
9851_8,0.97821885
1172_1,0.005641909
1815_10,0.99298817
6218_8,0.97788346
9628_9,0.9908744
2312_3,0.004264634
5014_10,0.99029154
7845_8,0.9879462
4468_9,0.99128854
2247_10,0.99193794
4408_10,0.9918121
2957_2,0.010570489
4716_1,0.0059110695
9909_1,0.004609572
8611_1,0.0036499873
5055_10,0.992062
5828_10,0.9926542
1147_1,0.005060332
11716_10,0.20721471
5289_8,0.99361163
5566_10,0.99029154
3389_2,0.006003596
6169_4,0.0039454065
12019_10,0.9921841
4136_7,0.95150405
2421_3,0.0051396107
607_10,0.9941801
4084_8,0.9868787
7333_1,0.004198795
8208_7,0.7538293
2971_10,0.9908744
7508_1,0.0043994132
988_8,0.994089
1124_8,0.9930962
3658_10,0.9939964
5155_7,0.9928786
11362_2,0.8305941
8776_10,0.9927672
7294_10,0.9686196
10853_8,0.9851576
871_10,0.99341017
11513_1,0.009268014
5605_10,0.06418265
1235_8,0.49804685
623_2,0.019719128
1271_2,0.018404892
7590_7,0.9022657
5075_4,0.00619299
6175_4,0.0094125895
10629_1,0.0037654138
1474_7,0.76803803
9077_9,0.98159516
11630_7,0.98998636
11060_2,0.00581996
664_9,0.9918121
4778_10,0.99390244
3535_1,0.004070138
1130_1,0.004905406
10718_1,0.0044683837
3334_1,0.0038844768
7133_2,0.007011795
12073_1,0.004681822
7877_10,0.99193794
12286_10,0.9853843
8675_4,0.00818791
8968_7,0.02350945
8118_1,0.0047552
12109_10,0.99341017
6476_8,0.9932025
12248_2,0.005060332
9444_1,0.0039454065
9932_10,0.9930962
6863_9,0.99390244
7810_1,0.006097562
5463_1,0.0057302467
8385_10,0.9763105
5560_3,0.00498227
12391_2,0.011419616
3644_9,0.8494724
1225_1,0.0057302467
375_1,0.005384938
11515_7,0.9923044
3812_1,0.00619299
10747_1,0.0123361
8059_8,0.992062
633_1,0.007011795
9189_10,0.98934746
11404_8,0.9830851
11871_8,0.9879462
2883_8,0.9921841
9048_4,0.13799646
1066_1,0.0075772414
630_3,0.030675802
61_9,0.99371004
9264_10,0.9916842
5132_9,0.9927672
5796_9,0.99155444
11232_2,0.005060332
327_1,0.0038244836
9787_8,0.98998636
7780_2,0.00619299
2533_2,0.004070138
7349_10,0.99014014
2593_1,0.9736447
4672_8,0.99253935
11191_10,0.9875683
1301_1,0.0051396107
10632_4,0.0051396107
10750_1,0.006097562
2621_2,0.93581736
12045_4,0.7373473
4276_10,0.993807
9960_2,0.006097562
3307_8,0.99101454
3007_10,0.9850429
7204_9,0.9766692
3988_7,0.88875884
4129_8,0.99390244
2071_1,0.0047552
7310_3,0.98527133
855_9,0.9921841
5380_1,0.004331502
5067_2,0.0045384313
6320_2,0.01214717
1019_3,0.0044683837
8216_2,0.040237945
3814_7,0.979354
7888_4,0.3811044
3419_2,0.006097562
3039_8,0.9927672
12039_4,0.01214717
1191_7,0.99361163
2361_1,0.0043994132
8291_10,0.99444515
4954_3,0.010818449
12430_1,0.0057302467
7634_7,0.01678549
11902_10,0.9927672
1603_10,0.054198727
9395_8,0.029090757
9384_2,0.0053018946
11687_1,0.006692851
4148_3,0.10631887
171_7,0.9875683
11814_4,0.0037654138
8124_3,0.63725656
11387_1,0.004264634
3249_9,0.9928786
3591_10,0.99371004
10171_8,0.031618766
1100_9,0.97702265
7144_4,0.993807
8060_9,0.9891816
11063_10,0.9926542
3481_2,0.004198795
7413_4,0.0065897712
11121_2,0.015189049
4700_2,0.01065251
1566_4,0.061875988
11731_3,0.044348583
7346_10,0.992062
7890_10,0.093678
11704_10,0.9904406
4635_10,0.0269635
2369_8,0.08210663
9655_10,0.9933072
2115_2,0.005641909
6408_7,0.9522199
10470_1,0.017176708
11512_8,0.992062
11523_7,0.9878528
10379_3,0.00498227
9164_9,0.9860443
3150_1,0.15253651
2880_3,0.008847355
1608_7,0.97112906
2406_9,0.99351174
260_10,0.99361163
10658_3,0.005220126
10609_1,0.013020489
6861_7,0.03846619
10058_2,0.98571813
11618_10,0.9905874
3727_4,0.09073549
1924_10,0.990732
7471_1,0.007345827
1856_7,0.9213576
10132_3,0.04115289
4010_2,0.0043994132
11752_2,0.39735365
11122_2,0.004070138
11065_1,0.004609572
1211_1,0.004133968
8973_7,0.07343005
1888_9,0.9918121
8521_8,0.3346438
6671_4,0.8333246
4241_3,0.008985428
10925_4,0.0064882697
4030_2,0.004905406
9410_1,0.0038844768
10004_2,0.019124037
599_1,0.004609572
8656_1,0.0057302467
10087_7,0.98934746
5118_10,0.9930962
9780_4,0.0038844768
586_2,0.005384938
6464_4,0.007011795
7482_1,0.0051396107
11075_8,0.990732
11984_1,0.009125638
6808_9,0.99371004
6178_10,0.937669
12196_7,0.8062431
7771_10,0.9932025
10801_1,0.048496004
1243_2,0.0051396107
4028_2,0.0044683837
700_4,0.98549646
758_10,0.99298817
5393_8,0.99193794
3552_4,0.979354
3440_10,0.9943581
12357_7,0.9559813
10850_2,0.013222822
5083_10,0.99014014
790_10,0.3963018
302_3,0.008985428
11160_3,0.04922211
1170_1,0.004264634
6341_3,0.009268014
289_1,0.032589745
3075_7,0.9908744
12016_7,0.02931223
5998_3,0.0048297215
5295_1,0.0036499873
9712_2,0.004609572
9689_10,0.95292586
9441_1,0.004609572
7426_10,0.9932025
612_9,0.9933072
4331_8,0.36235553
1016_7,0.088820286
4463_7,0.9878528
9520_1,0.004133968
1557_10,0.9904406
6277_1,0.0062899017
2279_3,0.00619299
11591_10,0.9921841
3503_1,0.005641909
9814_1,0.007011795
11342_4,0.47268346
5133_1,0.007345827
11189_10,0.99155444
2343_8,0.9891816
2234_7,0.99014014
926_4,0.03963884
9829_2,0.0057302467
3338_7,0.97684664
4272_9,0.9926542
4826_1,0.0075772414
10529_3,0.006003596
12398_1,0.0067975316
6965_10,0.97134733
10737_9,0.98201376
9356_1,0.004681822
2087_3,0.00498227
5802_4,0.97539
6514_8,0.9921841
11607_4,0.52634275
9117_4,0.093678
2011_10,0.99014014
11952_4,0.024987794
8753_4,0.9918121
5338_8,0.990732
10799_3,0.027585285
6388_3,0.0111580305
4667_1,0.005220126
11302_9,0.9891816
6587_4,0.008315778
6822_8,0.992062
9725_10,0.9941801
7237_10,0.9881309
7710_1,0.003707253
6090_1,0.005554925
9864_4,0.89912134
9759_1,0.0051396107
8926_10,0.5004883
2454_1,0.0062899017
4364_1,0.0059110695
10672_1,0.0045384313
7703_4,0.0044683837
7289_1,0.004133968
6370_2,0.7100255
8898_7,0.99242276
245_8,0.98934746
7786_2,0.01065251
12092_8,0.98951083
12495_3,0.013428254
2762_2,0.0045384313
11009_1,0.0036499873
7735_1,0.13753249
5377_8,0.94458723
6074_3,0.0039454065
2133_1,0.0035936027
2291_1,0.00818791
767_1,0.023870835
2677_3,0.0054692742
5801_2,0.005060332
11416_7,0.98892784
7083_3,0.05921025
7268_1,0.0067975316
8613_1,0.017712297
446_10,0.9926542
6513_7,0.8305941
11229_4,0.008061991
11155_4,0.030675802
10298_9,0.9882222
1521_8,0.99341017
5682_1,0.0930168
11575_3,0.010328153
10144_1,0.0063883206
5819_10,0.983343
7287_4,0.007232764
11507_10,0.99351174
10458_7,0.99101454
5935_1,0.0044683837
4126_1,0.004070138
3777_10,0.99101454
1720_3,0.0047552
11112_2,0.005220126
6222_9,0.994089
8019_1,0.0051396107
10067_4,0.036493763
5991_9,0.99193794
10203_10,0.9923044
2485_1,0.006692851
5910_2,0.011687259
3940_9,0.9942697
9140_10,0.9507779
9558_10,0.99390244
4582_7,0.8539127
3323_1,0.004331502
5038_4,0.00581996
12405_10,0.9884919
11620_4,0.004331502
8774_7,0.96765566
10164_9,0.9868787
4112_3,0.44770175
629_7,0.061875988
2732_7,0.9615338
4356_3,0.92468774
514_9,0.99390244
168_1,0.0040072887
7157_1,0.005384938
11193_7,0.0226292
12163_1,0.0062899017
259_2,0.005384938
9977_1,0.0038244836
5169_10,0.9928786
7439_10,0.993807
10261_1,0.006003596
6623_7,0.95976204
2834_9,0.98934746
2930_10,0.9898303
3232_10,0.99371004
533_10,0.9884919
6006_4,0.004198795
9029_4,0.007121429
7738_4,0.5363129
52_4,0.04672496
374_4,0.95945925
4502_1,0.010013569
10309_8,0.43926623
7541_8,0.9798227
1874_1,0.09670579
6884_1,0.0038244836
7285_1,0.0048297215
3385_2,0.008847355
7078_2,0.0065897712
10788_10,0.99341017
6361_7,0.9888419
5761_10,0.9881309
8946_1,0.004681822
393_1,0.006903838
458_4,0.008711384
7435_10,0.99351174
10816_2,0.005220126
1606_10,0.994089
1742_3,0.00619299
7167_8,0.8407826
1249_9,0.9926542
473_9,0.9939964
3475_9,0.947381
2316_3,0.00498227
3739_2,0.004070138
4746_9,0.98998636
9924_8,0.98549646
2202_8,0.9918121
11531_1,0.01065251
11138_7,0.99193794
3402_1,0.006692851
4547_10,0.99351174
2786_2,0.4858436
1570_8,0.9923044
3095_3,0.009125638
4745_1,0.007232764
165_4,0.9309621
1578_4,0.0057302467
495_10,0.9914225
12414_1,0.007937994
1383_1,0.032836955
10438_3,0.005220126
812_3,0.011869121
9588_9,0.9875683
7785_10,0.99253935
11169_4,0.010013569
7476_10,0.9887554
8196_1,0.004070138
6526_7,0.7659437
1695_3,0.00818791
11077_10,0.9891816
7642_7,0.96641046
7618_3,0.8000679
353_10,0.99351174
210_9,0.80348235
9455_10,0.9921841
520_2,0.004681822
7615_10,0.9927672
7475_9,0.9908744
6894_7,0.9923044
8622_2,0.005384938
11149_3,0.005641909
6154_3,0.011331754
2514_7,0.97520185
4359_1,0.031143833
8797_4,0.006097562
10023_8,0.42751622
1212_4,0.9329437
9985_1,0.00818791
4182_1,0.0053018946
10662_10,0.9896718
3907_7,0.9927672
11342_10,0.99444515
1483_3,0.0062899017
10510_7,0.97262347
8522_2,0.005220126
6049_4,0.020804489
2687_9,0.99444515
9766_7,0.051082738
6792_1,0.004264634
5990_10,0.9928786
11699_2,0.0094125895
3446_4,0.0057302467
10448_7,0.6315943
5629_1,0.004681822
2831_1,0.004609572
4351_10,0.9939964
2547_1,0.0053018946
2778_2,0.01065251
7307_10,0.93991333
11148_3,0.0051396107
907_3,0.004609572
2184_1,0.0067975316
2030_8,0.99341017
11051_4,0.010328153
9150_4,0.00818791
12418_7,0.9875683
10724_10,0.98840266
8876_8,0.9926542
1620_7,0.3097018
12423_9,0.98951083
3642_1,0.027795624
10214_10,0.9896718
4575_3,0.04672496
2692_7,0.95257413
3919_1,0.004070138
11971_8,0.004905406
11676_10,0.967163
8047_1,0.004609572
4009_8,0.9914225
7929_9,0.9923044
2432_10,0.9933072
8933_8,0.9908744
1375_1,0.53776973
1861_7,0.99242276
10897_10,0.9932025
2828_10,0.00581996
4568_10,0.9943581
1535_7,0.9449947
7282_8,0.97966766
12365_10,0.9759464
6682_3,0.012821214
1393_8,0.96323055
7270_1,0.005641909
1680_10,0.9860443
8207_8,0.99351174
8612_2,0.004609572
5640_9,0.992062
96_10,0.9941801
12093_2,0.01461567
2068_9,0.99155444
9799_10,0.99361163
8730_1,0.0040072887
1000_3,0.36119288
742_2,0.24598956
10432_10,0.9927672
9425_2,0.0038244836
11636_3,0.01566365
6564_2,0.0043994132
5706_9,0.99361163
8594_3,0.00498227
9488_9,0.9728308
12283_8,0.99101454
6579_3,0.0034296038
6738_10,0.99341017
9007_2,0.018404892
2723_8,0.9927672
5115_3,0.9339146
9469_10,0.96485513
1444_1,0.004681822
5688_1,0.0044683837
12390_4,0.033336822
1681_1,0.0038244836
9048_7,0.9458012
10207_3,0.009125638
3817_9,0.9918121
2200_10,0.9923044
4250_8,0.99351174
12213_10,0.99298817
11602_4,0.42059958
4507_4,0.0057302467
3817_1,0.0047552
9394_1,0.0059110695
9129_1,0.005554925
3675_7,0.9859364
1670_4,0.98582757
1151_1,0.055412795
8818_4,0.073963374
4810_7,0.99242276
4979_1,0.0048297215
80_4,0.0075772414
5506_9,0.98527133
7451_10,0.9811669
4539_10,0.99341017
6914_10,0.9881309
2807_10,0.9863631
10229_10,0.99242276
10908_8,0.966156
7709_9,0.99242276
10872_9,0.992062
8487_1,0.0043994132
1140_9,0.983597
558_10,0.9905874
9935_8,0.992062
1084_8,0.9905874
6185_9,0.9921841
9278_7,0.55229825
3756_7,0.9839708
4308_1,0.0043994132
121_8,0.9926542
11072_8,0.9879462
9420_7,0.9697854
3955_1,0.004905406
9591_10,0.13161905
11176_1,0.004070138
11882_2,0.004331502
12458_10,0.9695556
303_10,0.993807
3779_8,0.98527133
1805_4,0.013020489
12054_2,0.004609572
1990_4,0.00498227
7331_1,0.00818791
6243_8,0.9688562
7201_1,0.004264634
6230_7,0.9284088
11252_3,0.005060332
8379_8,0.98866826
11890_1,0.122103855
6977_1,0.004609572
5481_1,0.00619299
6013_7,0.2549725
11638_4,0.23686911
3302_1,0.0226292
4837_4,0.9728308
737_1,0.006903838
6128_3,0.007011795
3749_4,0.022286188
580_3,0.009268014
11031_10,0.9930962
6644_1,0.005060332
8517_1,0.004681822
4883_3,0.005060332
4273_4,0.006097562
404_1,0.0051396107
12108_10,0.99361163
10005_8,0.61751264
7140_4,0.9623913
258_8,0.99242276
6746_7,0.9926542
7189_2,0.18802561
11626_4,0.02297737
10785_10,0.98625773
11007_1,0.0063883206
8987_7,0.83169055
275_1,0.0054692742
2554_10,0.9918121
2682_1,0.004331502
3797_1,0.0039454065
7383_1,0.005220126
9816_9,0.99014014
11057_8,0.9888419
11901_3,0.0094125895
11501_3,0.013532149
11999_2,0.0051396107
740_3,0.004905406
3109_8,0.99253935
2773_8,0.99155444
5725_4,0.007232764
4423_3,0.005641909
4035_2,0.004331502
6550_7,0.5547117
711_4,0.96378
10773_4,0.014728613
11202_1,0.005060332
1054_2,0.0038844768
2207_10,0.9933072
9809_4,0.0067975316
11349_10,0.9941801
5195_4,0.007345827
6881_4,0.9219218
7537_3,0.010818449
99_3,0.0051396107
6589_9,0.99361163
11781_10,0.9898303
4337_3,0.0054692742
4928_10,0.99242276
6310_1,0.0045384313
11867_8,0.25571522
9462_2,0.008445628
12224_9,0.9651191
1195_3,0.004331502
11324_10,0.9908744
11272_4,0.012821214
2461_7,0.99253935
4034_7,0.99390244
2340_10,0.99390244
9827_9,0.99029154
4660_4,0.051462766
2448_1,0.004681822
7485_7,0.3289335
7003_10,0.9904406
6204_1,0.005554925
1920_10,0.99128854
6824_1,0.024423089
6668_10,0.9927672
7359_1,0.004264634
2753_4,0.9787127
7320_10,0.99101454
3661_10,0.99341017
1059_1,0.014842417
5067_10,0.9921841
5724_3,0.004070138
11265_2,0.0051396107
11331_1,0.0044683837
5398_10,0.99390244
9328_2,0.0048297215
100_4,0.425844
6118_10,0.9927672
320_3,0.0043994132
4395_10,0.99351174
7256_4,0.0123361
3949_10,0.9923044
7097_1,0.9914225
6971_2,0.54722214
9855_2,0.03963884
457_8,0.9933072
9929_7,0.05379964
9574_10,0.9918121
12261_4,0.5248818
5228_9,0.99298817
11684_2,0.0037654138
7913_9,0.993807
9595_3,0.009708476
10501_10,0.9890976
10610_7,0.99101454
8573_7,0.9825575
1823_2,0.0037654138
12070_4,0.013532149
6995_8,0.9896718
4929_1,0.004198795
2555_4,0.012624948
6583_7,0.9911527
2490_1,0.00619299
8203_7,0.98998636
7861_3,0.004609572
2548_2,0.05379964
12291_7,0.9883128
756_1,0.00498227
9275_7,0.9872773
9234_9,0.99390244
10598_10,0.9914225
8252_8,0.87536144
3585_2,0.004198795
11561_1,0.004198795
690_10,0.99029154
7203_10,0.99371004
11141_10,0.99101454
5583_10,0.9927672
7341_10,0.9914225
10623_8,0.99361163
868_4,0.005060332
778_9,0.992062
4653_10,0.40674412
7450_4,0.9914225
8836_8,0.9943581
226_9,0.045692034
464_10,0.9939964
2850_9,0.9918121
10242_8,0.7472472
2403_10,0.9932025
3397_10,0.9928786
1003_4,0.9875683
10940_10,0.97754294
3349_10,0.9939964
5909_1,0.0047552
12021_8,0.9918121
5019_1,0.03904829
1809_7,0.9932025
4435_10,0.99453074
10029_1,0.0063883206
8234_2,0.040237945
3760_1,0.0051396107
10952_10,0.9914225
1487_9,0.99193794
46_10,0.98951083
4917_4,0.0034296038
2000_9,0.9883128
10974_2,0.43854475
11275_8,0.891811
1816_10,0.99444515
4848_3,0.018546565
11730_3,0.047074176
1903_10,0.9891816
12331_9,0.97702265
10360_9,0.99253935
9243_10,0.9911527
10115_8,0.99298817
11417_3,0.0065897712
6259_4,0.021125194
316_10,0.9914225
1100_4,0.9766692
7919_2,0.007937994
1871_2,0.0043994132
12488_8,0.9916842
10239_9,0.9908744
7832_2,0.003707253
8808_1,0.0043994132
7241_2,0.004070138
4412_2,0.011961098
807_10,0.8086723
9728_8,0.69097626
5665_2,0.005641909
491_2,0.006903838
7938_1,0.00581996
3513_8,0.992062
8942_1,0.0057302467
11520_7,0.9878528
11478_3,0.9911527
5627_10,0.68763
3462_2,0.012624948
5161_10,0.9939964
6545_2,0.004198795
6513_4,0.9736447
3032_1,0.0043994132
7403_2,0.006097562
11878_3,0.004198795
11348_8,0.99444515
4979_7,0.95976204
7131_1,0.004331502
3972_3,0.011331754
2925_2,0.033336822
5346_3,0.004264634
10709_3,0.054600604
10999_2,0.0057302467
5974_10,0.9807288
9008_10,0.9927672
1324_10,0.99371004
10454_8,0.10818895
8336_8,0.43206337
5869_10,0.9927672
9922_3,0.0044683837
2081_2,0.016529558
5811_7,0.98998636
1619_10,0.9891816
5461_7,0.9877587
9152_2,0.0039454065
9071_8,0.9928786
4688_10,0.9928786
8956_10,0.99351174
1883_4,0.004070138
5707_1,0.0043994132
7529_3,0.007011795
83_1,0.004681822
10440_1,0.004133968
3673_1,0.004133968
6983_4,0.00818791
2546_4,0.95430803
6698_3,0.012527932
10689_3,0.014281935
9986_10,0.9918121
5614_10,0.044348583
10094_4,0.06656919
12468_10,0.9927672
3828_10,0.9861514
10524_2,0.0043994132
2016_2,0.006692851
7583_4,0.0047552
4795_8,0.9914225
7564_3,0.63869447
1366_3,0.0075772414
508_4,0.012624948
9509_3,0.102664
1587_3,0.0036499873
12376_4,0.13117322
2525_8,0.9861514
2877_2,0.008061991
9485_9,0.9921841
12023_8,0.9914225
11544_10,0.9930962
198_3,0.004264634
4390_1,0.0047552
993_8,0.9871788
7965_9,0.99128854
8865_1,0.0040072887
6638_1,0.0063883206
141_8,0.9851576
136_2,0.003538086
3004_10,0.9916842
3457_9,0.99341017
11488_1,0.004681822
644_2,0.004133968
8387_9,0.97903574
5026_3,0.090092994
8936_7,0.9879462
453_4,0.0715912
8547_3,0.26038948
10542_4,0.0051396107
5231_9,0.98228765
9592_10,0.9896718
8591_7,0.9916842
6686_10,0.9927672
7246_10,0.993807
2194_4,0.006003596
11533_9,0.9939964
6109_10,0.95257413
9092_3,0.004681822
11223_8,0.99361163
10829_9,0.9923044
9857_3,0.0047552
2223_10,0.9805807
8052_10,0.9898303
11604_3,0.0054692742
4448_1,0.6292942
5394_8,0.9859364
10168_9,0.9914225
11943_4,0.005641909
7311_8,0.9871788
1362_9,0.8543993
9165_8,0.9932025
12294_10,0.99341017
6086_9,0.9943581
608_8,0.9941801
4592_10,0.34770322
708_10,0.9898303
6548_4,0.9563089
7552_4,0.18832396
9263_8,0.992062
5393_1,0.005641909
220_10,0.9518632
10640_7,0.9916842
4086_10,0.98840266
11026_3,0.004198795
12466_10,0.9942697
905_3,0.004609572
92_8,0.66044617
11362_10,0.9911527
5030_8,0.9898303
2909_7,0.016914913
8402_7,0.9896718
4046_10,0.98934746
4065_9,0.98582757
6460_4,0.98998636
11108_1,0.0038844768
1139_1,0.00581996
2457_3,0.8454327
2675_7,0.83815056
9360_1,0.008315778
5750_8,0.98998636
7125_2,0.9914225
6637_8,0.98549646
3290_7,0.9868787
3979_8,0.9927672
2100_1,0.0051396107
10836_1,0.0047552
10904_3,0.0048297215
5226_7,0.98840266
22_8,0.99361163
2726_10,0.9911527
11405_8,0.99242276
11204_2,0.0059110695
6201_9,0.9932025
1653_10,0.993807
9500_7,0.99014014
12104_7,0.9930962
1499_3,0.0111580305
1415_1,0.004331502
11285_2,0.019419348
4481_1,0.36088312
10249_8,0.9943581
2391_9,0.9896718
2186_3,0.22405545
56_10,0.99351174
127_10,0.992062
5509_9,0.032589745
9855_9,0.3494217
7522_10,0.9916842
11751_9,0.98582757
3330_3,0.1850619
4055_8,0.9918121
3694_3,0.0063883206
6911_4,0.00498227
9677_10,0.99341017
9706_1,0.006097562
426_4,0.006903838
2995_2,0.0054692742
7914_8,0.99029154
11344_9,0.9908744
680_8,0.9911527
2094_3,0.844409
2009_9,0.9939964
7309_7,0.9923044
138_1,0.0043994132
2689_9,0.9927672
6050_2,0.0140636265
8987_2,0.030908957
2053_8,0.9888419
12245_4,0.28279
12020_10,0.013121271
10364_10,0.9930962
11581_1,0.004070138
12079_10,0.6569335
6537_1,0.004681822
2739_10,0.9898303
8719_1,0.008315778
9436_1,0.0045384313
5029_3,0.004681822
8321_10,0.6762993
7135_9,0.99128854
9512_10,0.987375
6397_7,0.02211659
9457_9,0.98866826
7740_2,0.0043994132
10591_2,0.0048297215
9856_4,0.0059110695
2456_1,0.047074176
10543_7,0.9908744
544_4,0.98421544
3679_10,0.99193794
9042_1,0.004681822
5368_8,0.99101454
8276_3,0.007011795
1984_2,0.004331502
4205_7,0.9241418
5765_7,0.98421544
5202_1,0.0047552
4127_4,0.9814534
12316_9,0.99371004
657_1,0.004198795
12205_2,0.04672496
3426_10,0.99242276
5616_10,0.99029154
11644_3,0.005220126
795_10,0.9918121
12416_2,0.008847355
115_3,0.005220126
55_10,0.9911527
11187_10,0.9829547
9072_4,0.983343
875_4,0.03904829
4196_1,0.007345827
293_10,0.01507263
5564_1,0.00498227
6811_8,0.7783125
9135_3,0.0067975316
9964_8,0.9914225
981_9,0.031858858
8506_10,0.9932025
4459_9,0.98840266
7609_1,0.0074606435
6246_10,0.98707944
5989_4,0.004681822
11839_10,0.9898303
9186_2,0.023153413
3411_10,0.9764905
8677_1,0.011331754
9125_4,0.032344334
2166_8,0.9152046
11827_4,0.00818791
2574_2,0.008577485
4789_4,0.46879065
1093_4,0.0043994132
8195_1,0.010570489
11011_10,0.95430803
3944_9,0.9425068
10606_10,0.9908744
5029_7,0.97423947
9496_8,0.9869795
9256_8,0.99298817
5640_3,0.02931223
8164_8,0.9898303
10413_3,0.0153063545
4838_2,0.0040072887
12265_9,0.9763105
6222_1,0.005384938
883_8,0.96814114
395_8,0.9826909
1182_7,0.9888419
8701_7,0.9891816
8863_4,0.004198795
10943_3,0.005384938
10692_10,0.9759464
11872_7,0.9928786
4729_9,0.98998636
920_10,0.99371004
9352_4,0.00498227
10095_9,0.9926542
8986_2,0.0059110695
7061_2,0.0047552
2746_1,0.005220126
10359_8,0.9904406
6826_7,0.00818791
7075_3,0.017045317
8237_10,0.99193794
9103_10,0.9840936
6538_9,0.98866826
3085_4,0.94815457
10759_9,0.19498022
12249_2,0.0053018946
6774_4,0.010570489
3564_2,0.12085323
144_2,0.0054692742
12112_3,0.005060332
8166_10,0.9914225
10817_8,0.9933072
7462_10,0.99361163
7626_2,0.010013569
8221_2,0.110855594
2528_10,0.058776557
6765_3,0.0043994132
1267_8,0.992062
8257_10,0.9863631
11501_8,0.9942697
11196_10,0.99390244
10006_7,0.98657167
2104_2,0.0043994132
9067_8,0.6955449
4760_4,0.006003596
4372_7,0.992062
3441_2,0.0047552
10439_3,0.045015533
6604_1,0.005554925
10689_10,0.9916842
11289_4,0.01048909
2051_7,0.9888419
42_10,0.99341017
1567_7,0.007345827
4890_9,0.9926542
2583_1,0.004331502
5376_2,0.006003596
2539_10,0.9883128
390_4,0.015784562
11509_1,0.005554925
7481_8,0.7367796
10840_2,0.0038244836
9433_1,0.98469365
7774_10,0.99351174
2654_7,0.022802636
9582_7,0.97068775
1780_3,0.018546565
4032_8,0.95150405
3130_9,0.99371004
1920_3,0.00498227
5056_7,0.9874721
4537_10,0.9916842
2505_1,0.005060332
3942_2,0.0074606435
483_2,0.19284318
2771_3,0.0044683837
4872_8,0.98102194
7897_1,0.004070138
12039_8,0.99390244
11008_4,0.010986943
4090_7,0.9859364
3051_4,0.0076956474
5700_1,0.004070138
3498_10,0.99298817
5676_7,0.98282325
5565_1,0.003538086
9347_10,0.9233162
4178_1,0.08035747
6303_4,0.06804042
1579_7,0.06325053
5783_9,0.9832145
4001_8,0.9905874
11698_2,0.00581996
7029_3,0.004198795
268_3,0.0044683837
7098_1,0.99390244
6608_9,0.99253935
1123_1,0.005554925
7523_10,0.98998636
10647_3,0.0051396107
12232_8,0.99390244
8103_4,0.8828326
7336_7,0.9916842
7049_8,0.9911527
9694_3,0.013428254
5894_3,0.00818791
10981_4,0.005384938
10104_10,0.99371004
5752_7,0.99253935
2622_2,0.0064882697
11529_2,0.004133968
5040_1,0.0067975316
1870_8,0.9926542
7368_3,0.004609572
843_1,0.02211659
4972_8,0.9750122
4615_9,0.993807
8191_10,0.98934746
6940_10,0.35331663
4924_4,0.060975183
10392_2,0.0045384313
3339_7,0.91117966
3594_10,0.9927672
10354_7,0.98242307
6594_10,0.9868787
11311_1,0.0054692742
4409_10,0.99155444
1669_4,0.4736572
7819_1,0.009859855
6704_1,0.00619299
667_10,0.99029154
6444_1,0.017712297
1223_3,0.004264634
10089_9,0.9923044
6699_1,0.0039454065
814_7,0.8824279
2363_10,0.9911527
1697_2,0.0051396107
6345_4,0.0047552
10109_1,0.0054692742
4563_7,0.9465967
1924_1,0.022802636
11416_2,0.0076956474
539_7,0.83867973
5937_9,0.99351174
1912_8,0.9787127
4135_3,0.009268014
4141_7,0.9658996
7217_2,0.021287354
5538_3,0.0062899017
2657_10,0.99253935
6279_4,0.49902344
7706_1,0.01048909
10409_10,0.9693242
6780_1,0.008061991
6251_10,0.99298817
12227_1,0.005641909
1146_10,0.9942697
10977_9,0.99128854
3857_1,0.004905406
7622_8,0.63832814
2548_7,0.99029154
8602_9,0.9813107
8885_8,0.99101454
472_4,0.11961367
11700_9,0.99101454
10268_3,0.0039454065
7569_10,0.99361163
475_1,0.00498227
4719_1,0.00498227
8851_3,0.004198795
6320_10,0.9780517
4290_7,0.41253015
7936_10,0.99298817
4616_1,0.0051396107
3616_7,0.9908744
4849_3,0.016029146
3689_7,0.96538115
11224_7,0.5929023
8893_7,0.04208773
11126_7,0.9928786
4816_8,0.99242276
5895_3,0.0047552
9373_1,0.007011795
2445_3,0.10447732
556_1,0.0045384313
11855_1,0.98803884
11346_8,0.99193794
8621_8,0.98866826
10259_3,0.0076956474
2354_3,0.009559399
8477_10,0.990732
11408_7,0.12252322
8490_1,0.06441766
175_8,0.9798227
3376_1,0.00619299
3888_7,0.99390244
11655_2,0.012053779
9630_10,0.9883128
8121_1,0.005641909
10758_4,0.0059110695
1979_10,0.99298817
9702_8,0.9871788
1064_1,0.0062899017
850_4,0.01065251
1624_1,0.5914873
5885_10,0.99298817
8246_8,0.9829547
4073_7,0.993807
5116_2,0.025371313
5379_2,0.0054692742
75_1,0.00619299
5895_10,0.993807
10651_9,0.9914225
1776_7,0.9896718
8500_1,0.0045384313
11026_9,0.994615
12195_1,0.009859855
1832_7,0.99298817
11424_8,0.98625773
1744_8,0.9939964
9699_1,0.0051396107
11840_10,0.9916842
8955_1,0.586286
1571_4,0.0065897712
6434_9,0.9942697
7214_10,0.99029154
153_4,0.97997653
3914_1,0.57391727
5005_8,0.99193794
8283_4,0.091382116
8846_1,0.0044683837
3708_1,0.9780517
5123_10,0.99390244
2868_7,0.99298817
6395_10,0.99361163
5788_4,0.51952136
2380_8,0.9904406
462_7,0.9921841
11697_7,0.994089
3577_3,0.004070138
5569_4,0.010013569
348_1,0.0040072887
9194_10,0.99253935
1001_4,0.00818791
6869_4,0.947381
7182_1,0.0111580305
2089_4,0.0059110695
3496_1,0.96538115
938_1,0.013636835
10325_9,0.5929023
786_10,0.99351174
4562_9,0.9898303
2566_9,0.9926542
10732_3,0.00498227
7621_1,0.0051396107
11747_10,0.99477994
11271_4,0.011961098
9057_10,0.9939964
12374_3,0.007937994
9130_9,0.9005298
9735_3,0.0043994132
4305_7,0.9918121
10477_9,0.99361163
5498_9,0.9930962
4452_8,0.99253935
7993_1,0.007121429
3245_9,0.993807
11289_10,0.7235049
2678_10,0.9905874
6836_1,0.0045384313
10936_3,0.004609572
6870_4,0.0036499873
10109_10,0.1999321
9907_7,0.0226292
4801_2,0.009125638
3684_10,0.994089
12305_9,0.99351174
530_10,0.9840936
10977_2,0.004133968
9819_10,0.9874721
5057_1,0.011777842
8703_10,0.9918121
8997_2,0.0043994132
5766_7,0.987375
9436_8,0.99029154
39_9,0.99298817
6052_4,0.006003596
9748_9,0.91700584
8395_1,0.004133968
688_7,0.0053018946
4688_3,0.16995624
6287_3,0.0043994132
1945_8,0.98173577
11830_2,0.010986943
4042_2,0.004070138
10160_3,0.004609572
2069_4,0.022457054
11039_1,0.0064882697
6675_3,0.0053018946
9189_2,0.026759284
3683_10,0.9928786
5536_10,0.98951083
11089_1,0.0045384313
9064_7,0.987375
2079_1,0.0045384313
648_3,0.014842417
12300_10,0.994615
5755_8,0.97821885
3460_1,0.004331502
151_2,0.006097562
6990_4,0.0076956474
11356_10,0.99193794
3062_2,0.004609572
4310_1,0.00619299
9393_9,0.947381
5886_1,0.006692851
7359_10,0.99155444
3210_1,0.004264634
4689_10,0.98866826
11111_10,0.9932025
1413_3,0.004905406
2502_8,0.99298817
10737_2,0.0269635
6525_10,0.9700135
4416_4,0.0045384313
1705_4,0.0059110695
1485_10,0.9905874
4406_9,0.9877587
3365_8,0.99101454
6825_9,0.9928786
9214_1,0.061875988
8171_1,0.023689471
12138_7,0.0048297215
2421_8,0.992062
7727_4,0.0044683837
8236_8,0.888372
4802_8,0.99298817
5429_2,0.61748385
6584_1,0.9390248
5429_8,0.9914225
2124_8,0.9898303
11670_3,0.004609572
7527_1,0.004905406
11193_3,0.04115289
3647_10,0.9904406
2084_3,0.026556572
8481_10,0.99253935
2458_8,0.99390244
8705_1,0.008061991
4919_4,0.85919183
1621_1,0.005220126
6059_1,0.0039454065
4132_1,0.07004896
10953_9,0.9750122
6692_8,0.9930962
3604_3,0.0047552
6432_1,0.006003596
10932_8,0.99341017
7248_3,0.7725307
3837_4,0.006903838
8770_8,0.99253935
12067_7,0.9869795
7351_1,0.006097562
11556_1,0.97134733
8220_1,0.013325147
8008_4,0.0057302467
6500_1,0.0067975316
8303_4,0.008577485
6765_10,0.992062
4701_3,0.053009775
8956_1,0.0047552
11443_8,0.98549646
7119_7,0.9905874
11761_2,0.008061991
9921_9,0.9606575
2275_9,0.9941801
8849_2,0.0053018946
2791_3,0.00498227
9105_10,0.9918121
1991_7,0.9927672
41_9,0.9932025
9259_1,0.007232764
3785_3,0.47755417
12335_3,0.004681822
7020_1,0.004198795
9490_4,0.95565146
11296_1,0.00498227
7641_2,0.0037654138
8163_7,0.9930962
7342_10,0.9914225
766_8,0.99351174
5399_1,0.007011795
1565_7,0.9918121
12_9,0.9918121
11574_10,0.9932025
8194_8,0.9888419
6110_10,0.9908744
8108_1,0.0063883206
3852_4,0.005220126
11474_2,0.0045384313
11554_10,0.99341017
1798_3,0.0054692742
11814_10,0.9932025
5072_9,0.9802808
4389_10,0.992062
8148_10,0.9939964
5840_2,0.0064882697
1972_7,0.8407826
10169_3,0.005220126
8651_1,0.005384938
6399_3,0.0043994132
8965_1,0.0094125895
8853_1,0.02479816
2841_9,0.99371004
6658_1,0.024053553
11515_1,0.0047552
4474_1,0.005641909
8221_10,0.9921841
12204_10,0.9932025
10671_1,0.0040072887
7335_3,0.0059110695
4050_3,0.9449947
9465_8,0.9890131
11620_8,0.9916842
11998_8,0.99371004
11188_2,0.00619299
6656_1,0.003707253
3416_4,0.011508149
11558_9,0.9888419
2752_4,0.0075772414
10330_9,0.9888419
9323_7,0.9943581
12232_4,0.7895584
5699_7,0.9926542
1020_2,0.0075772414
1161_1,0.010013569
10187_10,0.99193794
4585_10,0.39163858
7570_10,0.98087597
9752_1,0.010328153
4956_1,0.014392335
1355_2,0.008711384
10456_1,0.0039454065
8757_10,0.9801293
2286_3,0.0037654138
1297_7,0.91789335
5326_8,0.99361163
11535_10,0.99361163
4783_10,0.9916842
4292_2,0.006003596
2856_1,0.004681822
450_10,0.9879462
9611_1,0.9046505
2403_1,0.027585285
2037_7,0.28120816
9580_1,0.03384404
1694_7,0.99361163
11385_10,0.9939964
493_1,0.004905406
9013_10,0.9928786
11235_3,0.06233104
10793_3,0.0039454065
2197_10,0.9926542
1887_2,0.0047552
6617_7,0.9918121
12028_1,0.0038844768
5413_1,0.005641909
1134_1,0.006903838
1290_2,0.016657041
12241_8,0.72990495
965_3,0.9394706
2044_10,0.99361163
7782_10,0.9904406
6087_4,0.9814534
3600_2,0.019124037
1588_3,0.19012183
10421_8,0.2180027
3390_10,0.9724148
6531_1,0.004905406
9792_10,0.97966766
3755_9,0.99298817
11471_7,0.9394706
10427_10,0.9933072
4011_3,0.004609572
8784_7,0.02096424
10714_9,0.9928786
6031_9,0.98657167
8130_10,0.99390244
4772_9,0.99155444
6599_7,0.9829547
11335_2,0.0065897712
6412_1,0.006692851
998_7,0.992062
9542_10,0.994089
1490_3,0.00498227
4142_10,0.98481095
8371_10,0.994615
5457_8,0.9930962
5001_8,0.9939964
150_9,0.9941801
8487_10,0.9916842
10024_3,0.0040072887
3687_8,0.9926542
6171_10,0.9943581
5462_8,0.99298817
1372_4,0.007232764
7361_8,0.99014014
1030_9,0.9845754
3341_8,0.98481095
7677_2,0.004681822
6584_7,0.9939964
2372_10,0.6285143
5898_9,0.9941801
7370_7,0.9757624
3018_9,0.99361163
4899_9,0.9591543
2385_4,0.023689471
8433_9,0.993807
1989_8,0.9263037
10401_7,0.01048909
5668_1,0.007937994
11516_3,0.004070138
12419_1,0.0065897712
5402_7,0.44552955
10537_9,0.9933072
117_10,0.9926542
6756_4,0.021615336
4051_3,0.009268014
9687_10,0.9887554
11011_2,0.0043994132
8460_8,0.98951083
5155_3,0.0059110695
2473_2,0.0047552
4074_1,0.005554925
4730_10,0.99242276
5310_2,0.005554925
6630_10,0.99390244
4363_1,0.005220126
1022_3,0.009125638
8247_10,0.98803884
7437_10,0.99298817
3846_7,0.99253935
7298_1,0.0044683837
11955_4,0.0075772414
9448_10,0.9606575
142_1,0.0054692742
2260_3,0.004681822
9012_4,0.012821214
5321_9,0.69678426
527_10,0.99390244
2898_3,0.0038244836
12302_9,0.99371004
1463_4,0.61682045
5278_1,0.004331502
6450_1,0.0045384313
9704_1,0.0153063545
2673_2,0.004331502
10175_2,0.004331502
8006_2,0.0065897712
9492_4,0.43326193
4595_3,0.98242307
9499_2,0.005384938
7869_1,0.004609572
4047_10,0.99298817
4962_7,0.98215127
4052_2,0.0045384313
1423_10,0.9795114
7376_2,0.008061991
1067_9,0.99298817
3289_1,0.024053553
5780_9,0.029986506
2965_2,0.05340333
4127_10,0.99242276
10156_3,0.0076956474
11164_1,0.008445628
1422_10,0.9795114
9470_4,0.009859855
7733_3,0.87663436
3814_3,0.0054692742
9900_1,0.0045384313
5363_3,0.007937994
2878_7,0.98187524
11647_2,0.015543648
1729_1,0.0044683837
2263_1,0.009268014
11707_2,0.0053018946
10722_7,0.992062
6321_9,0.9222025
7339_10,0.99298817
8003_9,0.99253935
11009_10,0.9766692
9458_1,0.005060332
10359_1,0.004331502
5530_3,0.0123361
3377_9,0.99193794
2256_9,0.9939964
9036_1,0.005060332
7621_7,0.21535073
9992_4,0.22815649
1004_10,0.9804314
6339_3,0.0040072887
5554_10,0.9849274
10128_10,0.9916842
4540_10,0.99341017
1410_7,0.96538115
7072_1,0.0067975316
4324_4,0.0043994132
9611_7,0.05623634
7571_10,0.9930962
11337_1,0.01757688
1169_1,0.008847355
10881_4,0.0040072887
8782_4,0.01461567
5357_10,0.98934746
9318_7,0.9724148
9071_3,0.9914225
485_4,0.0048297215
3164_2,0.9532751
1343_10,0.9921841
571_10,0.99390244
6749_10,0.9916842
1945_4,0.015189049
8132_3,0.008061991
12380_4,0.005554925
11183_4,0.14608724
10526_10,0.9780517
7234_10,0.9928786
3054_7,0.99371004
5217_1,0.0035936027
7106_8,0.9898303
11043_10,0.99298817
8447_2,0.013532149
9744_10,0.99242276
10638_9,0.9763105
8778_10,0.9881309
3666_9,0.9898303
4223_10,0.9927672
1642_2,0.0145035805
10541_8,0.9518632
8067_1,0.006097562
11116_10,0.5935504
8701_1,0.005060332
6422_8,0.9921841
9168_1,0.00498227
4130_1,0.005554925
8492_1,0.0057302467
6430_3,0.0057302467
9306_8,0.61878043
10487_7,0.98998636
6687_1,0.041462272
11869_1,0.005384938
9224_10,0.99155444
1625_9,0.9927672
8651_7,0.938124
3702_4,0.007815888
4470_7,0.007345827
31_4,0.036220055
11316_10,0.99371004
5961_8,0.99155444
4428_2,0.0059110695
2540_4,0.008711384
4855_2,0.20024472
9997_2,0.004681822
12214_2,0.006903838
12383_2,0.006097562
12344_4,0.2594502
8147_10,0.9939964
2019_10,0.9930962
8161_3,0.004264634
7312_10,0.97539
9310_8,0.9868787
11966_1,0.0040072887
8962_1,0.00619299
5661_4,0.005554925
5765_4,0.004681822
10934_8,0.9927672
5801_9,0.23475733
190_2,0.003707253
880_8,0.31268474
10677_10,0.97520185
10520_10,0.99351174
6697_7,0.8272706
11582_1,0.00498227
1986_1,0.0044683837
6021_4,0.0043994132
7220_8,0.9314625
5870_1,0.0051396107
1459_7,0.987375
1733_8,0.9918121
7060_9,0.9914225
5249_9,0.9933072
8845_9,0.99298817
10133_8,0.9309621
3041_9,0.9933072
11504_1,0.020645931
6261_8,0.99361163
2942_10,0.9939964
5522_10,0.9884919
4260_8,0.8879841
1600_2,0.007121429
1698_10,0.98951083
5823_10,0.9763105
2413_9,0.86703575
7316_9,0.9875683
5963_2,0.00498227
9960_10,0.99029154
6014_9,0.99341017
2357_4,0.0048297215
9788_10,0.89478946
8100_2,0.0063883206
4099_9,0.9802808
10894_2,0.006903838
7940_1,0.005384938
3605_4,0.88759494
11270_3,0.019719128
2306_8,0.9885804
3825_10,0.994089
161_7,0.94776917
12121_9,0.9908744
7916_10,0.89552265
10598_4,0.004331502
3484_10,0.9927672
8967_1,0.0045384313
4005_2,0.004198795
10355_4,0.9787127
5215_10,0.9124362
943_3,0.0044683837
11786_10,0.9921841
5938_2,0.004264634
998_2,0.0063883206
4333_4,0.0040072887
6606_9,0.9856076
5251_2,0.022457054
4152_4,0.07696084
3148_2,0.8587186
3344_7,0.6558322
9832_3,0.105948284
2689_3,0.08977329
3400_10,0.99128854
4000_4,0.9130583
3934_3,0.011508149
9014_9,0.9563089
2339_9,0.9930962
8833_1,0.0111580305
10197_8,0.9916842
8811_1,0.023330767
1805_7,0.993807
2238_7,0.9891816
2487_9,0.87234735
1737_1,0.005220126
4085_2,0.004331502
5665_10,0.98571813
9721_4,0.0064882697
10577_9,0.992062
8892_7,0.9142907
4503_10,0.9942697
9348_3,0.017442483
10382_10,0.99351174
8339_3,0.004905406
5199_10,0.9904406
1897_1,0.006692851
3578_9,0.99371004
9192_7,0.9795114
12154_2,0.01243165
5089_2,0.0047552
8988_7,0.94417685
10170_8,0.8255897
6690_8,0.99341017
2549_2,0.008711384
6546_3,0.0043994132
5283_2,0.004681822
8131_9,0.99371004
4745_8,0.9904406
7251_1,0.016529558
1829_8,0.990732
11922_9,0.99155444
10322_1,0.009559399
3163_4,0.006903838
11849_9,0.9927672
11809_10,0.9916842
1275_3,0.014842417
11694_4,0.01065251
12112_8,0.02096424
11212_4,0.98102194
5124_10,0.990732
5362_2,0.0076956474
2680_9,0.9928786
11181_4,0.67458665
4345_1,0.005384938
8916_7,0.9591543
10042_8,0.9926542
10324_8,0.9923044
4425_3,0.967163
9133_3,0.7397986
11028_10,0.9941801
1941_7,0.97520185
10142_3,0.15559098
4572_1,0.0054692742
10512_1,0.0044683837
7180_7,0.9859364
3948_1,0.005641909
1238_4,0.027169231
5269_9,0.9798227
12346_8,0.20307463
11481_4,0.98934746
1943_3,0.0048297215
4742_1,0.0047552
2433_1,0.0063883206
4422_3,0.011961098
342_1,0.0038844768
736_8,0.9930962
3036_10,0.0269635
9336_7,0.5818972
9205_1,0.0038844768
9923_8,0.9260366
8875_2,0.00581996
2023_7,0.020023443
4102_1,0.011777842
11345_1,0.0045384313
6736_9,0.994089
7839_8,0.99341017
8572_10,0.9923044
7211_1,0.007937994
6666_2,0.0044683837
1978_7,0.99361163
3156_1,0.008577485
3333_7,0.81844676
3720_4,0.971779
1450_3,0.9728308
8563_10,0.9582261
9087_9,0.9932025
6843_10,0.99253935
3485_7,0.5542292
4259_10,0.99453074
10186_10,0.9927672
3312_3,0.0112445615
7624_4,0.37119362
7930_3,0.005641909
8407_10,0.98866826
1771_4,0.8161134
11919_4,0.007937994
425_2,0.004609572
11795_2,0.0064882697
6767_1,0.01048909
2996_9,0.99253935
990_1,0.004331502
3757_3,0.24346253
2981_2,0.005220126
10277_2,0.0043994132
662_9,0.40380195
5311_3,0.013636835
3796_10,0.98242307
3846_1,0.007011795
5651_2,0.004198795
6649_3,0.00498227
10779_2,0.004133968
4548_10,0.9850429
7275_10,0.99453074
1605_9,0.98282325
3580_4,0.011777842
5712_2,0.0036499873
5287_10,0.983597
3230_9,0.9904406
7936_1,0.004905406
9983_3,0.004331502
9959_7,0.9927672
5739_4,0.04369106
4308_10,0.9826909
4854_8,0.94122344
8620_7,0.9546474
7923_9,0.9927672
11686_10,0.9911527
8253_1,0.024053553
11030_4,0.94966936
3995_9,0.9942697
10763_9,0.99361163
6780_8,0.99155444
10895_1,0.0038244836
11778_1,0.18742996
8512_10,0.99193794
1061_1,0.0053018946
10584_3,0.004905406
212_4,0.0047552
1908_2,0.0112445615
10958_1,0.00818791
980_7,0.97737074
2686_10,0.99298817
2088_1,0.0075772414
6075_1,0.00818791
9782_10,0.9923044
9180_3,0.018978037
2478_3,0.004905406
1634_2,0.0037654138
6810_8,0.9600627
2562_10,0.9914225
3841_7,0.9813107
5387_1,0.0045384313
9047_7,0.9834705
4962_4,0.9507779
8597_8,0.9888419
1515_1,0.0038244836
1974_1,0.02211659
9935_3,0.9932025
2404_4,0.1592174
8638_1,0.0038844768
8720_1,0.0053018946
11411_2,0.012722708
7676_3,0.08299415
11756_9,0.9933072
4195_1,0.004905406
11787_10,0.987375
11838_1,0.0062899017
11748_1,0.004331502
7309_3,0.98201376
502_4,0.015906392
1239_10,0.9559813
8925_4,0.009708476
4242_1,0.0053018946
2112_2,0.0038844768
6359_8,0.99469805
8034_9,0.99298817
807_3,0.047780063
7852_4,0.007815888
8014_10,0.9891816
4823_8,0.9918121
8448_10,0.97821885
3564_8,0.9695556
858_4,0.992062
8529_7,0.9744348
6515_3,0.004264634
2646_10,0.9837225
4278_1,0.009708476
5641_7,0.25293723
5382_4,0.007937994
3300_8,0.99341017
4849_9,0.99242276
12013_1,0.0047552
107_4,0.93674946
10046_10,0.9883128
9141_10,0.983343
10297_10,0.9927672
634_10,0.9927672
438_2,0.0043994132
11794_8,0.9932025
3937_4,0.013325147
3602_4,0.006003596
11851_1,0.004681822
8690_7,0.9837225
2697_2,0.006692851
805_10,0.99361163
7572_1,0.0038844768
10553_1,0.004905406
5246_2,0.006097562
2064_8,0.98242307
11856_1,0.004905406
9026_7,0.938576
4449_7,0.2137052
8579_10,0.99444515
8503_7,0.9814534
5734_1,0.19590156
11507_1,0.0063883206
7956_10,0.9911527
11245_2,0.0044683837
6142_2,0.05623634
10657_1,0.00619299
7992_1,0.004681822
11347_9,0.9700135
5278_8,0.99155444
6362_10,0.008061991
10214_2,0.007937994
9184_7,0.990732
2666_10,0.9933072
7527_7,0.9927672
2001_1,0.04813677
12000_4,0.018264279
10302_3,0.024609927
7160_10,0.9890131
2757_10,0.9927672
3792_3,0.03541073
6199_1,0.004133968
10467_3,0.005641909
531_10,0.9941801
8193_9,0.9896718
248_7,0.99341017
187_1,0.0047552
5193_8,0.13251455
5138_8,0.9876639
8467_1,0.2989005
11029_8,0.99253935
667_4,0.040845715
3714_1,0.00498227
8102_4,0.9825575
9195_4,0.004609572
1432_3,0.006003596
9095_10,0.8778961
11510_2,0.008847355
5644_1,0.45907614
2556_8,0.99014014
11887_2,0.003538086
5374_1,0.068537496
5356_3,0.014728613
10209_1,0.008985428
2001_8,0.98934746
6088_1,0.5355843
6140_4,0.7567173
11494_4,0.14270912
11631_7,0.9738444
4818_1,0.0048297215
10914_1,0.005220126
4472_8,0.99193794
8735_9,0.99155444
11190_1,0.011597362
462_4,0.007815888
6566_4,0.0140636265
4598_4,0.86613256
11566_1,0.00498227
2560_3,0.008577485
11969_4,0.007011795
8765_1,0.004681822
9957_10,0.9546474
5210_10,0.9853843
5007_10,0.993807
10290_10,0.99390244
10319_1,0.009268014
1848_2,0.0038844768
1319_3,0.00581996
11248_10,0.9933072
379_1,0.00581996
3469_10,0.994089
437_2,0.0051396107
3648_1,0.244363
8834_1,0.004609572
3316_1,0.0047552
9563_2,0.08601587
4500_9,0.9932025
6226_3,0.038178276
5653_3,0.0062899017
5415_2,0.0038244836
6725_4,0.006003596
9462_10,0.992062
3471_3,0.87621135
7259_2,0.0062899017
8181_3,0.0057302467
10749_1,0.01461567
12283_1,0.004609572
402_1,0.0038844768
8024_10,0.9926542
11114_1,0.004198795
461_1,0.005641909
10025_2,0.004198795
3358_4,0.012053779
2022_1,0.00619299
12493_7,0.99361163
4131_9,0.9930962
9852_4,0.01243165
7122_1,0.0057302467
1994_10,0.98998636
10723_9,0.9462003
3900_8,0.993807
7741_10,0.99298817
4287_9,0.9891816
10195_10,0.9911527
10941_3,0.0051396107
1615_1,0.0038244836
12337_3,0.0045384313
2259_2,0.0044683837
6179_10,0.9941801
138_8,0.9805807
6482_3,0.008315778
10362_4,0.004070138
1341_10,0.98421544
8299_8,0.9693242
7839_2,0.004070138
6659_7,0.89143354
7143_10,0.9943581
12445_1,0.004609572
3796_3,0.0064882697
4180_10,0.9926542
7775_10,0.9928786
8946_9,0.9896718
1936_7,0.97754294
8387_1,0.0053018946
10092_8,0.9877587
5729_10,0.990732
1399_7,0.9896718
4011_8,0.9916842
7868_8,0.99351174
3546_8,0.98646784
8643_9,0.9928786
6033_1,0.00498227
428_10,0.9826909
3385_10,0.99453074
3073_2,0.0054692742
4169_8,0.99128854
8191_3,0.090092994
211_3,0.0047552
297_2,0.008061991
4286_8,0.9036349
535_10,0.99390244
4851_4,0.0064882697
9707_1,0.0065897712
9740_10,0.94966936
5410_1,0.004264634
1436_1,0.0067975316
3766_10,0.9843364
2483_9,0.99371004
1937_10,0.9932025
2939_3,0.044680875
3372_1,0.0037654138
7825_10,0.99193794
7780_10,0.9923044
7656_10,0.9932025
4850_7,0.99361163
5083_4,0.005220126
10429_1,0.00619299
8009_2,0.003707253
10879_4,0.09842542
7328_1,0.0040072887
10055_1,0.0038844768
11715_7,0.97324073
1547_1,0.0043994132
7665_9,0.64735246
6061_10,0.96095175
10800_1,0.008445628
10234_3,0.0064882697
11334_2,0.074500255
3106_1,0.0067975316
12173_3,0.005220126
2076_10,0.9943581
4414_7,0.97821885
7679_9,0.98571813
2010_1,0.0040072887
9460_9,0.9811669
11261_4,0.004198795
7500_10,0.8620035
9503_4,0.007011795
5937_4,0.029535338
87_10,0.99351174
2968_1,0.0048297215
6728_9,0.98934746
9954_4,0.003707253
5875_8,0.9908744
12429_10,0.9872773
11247_10,0.99014014
8879_4,0.9908744
2999_1,0.0057302467
11448_8,0.3811044
3629_1,0.005554925
1302_1,0.01883313
10851_1,0.0053018946
9533_4,0.0035936027
4078_2,0.0039454065
7813_3,0.006692851
11284_10,0.99193794
3509_8,0.9939964
11198_3,0.00619299
9197_9,0.9884919
3603_3,0.98173577
6472_7,0.9941801
2410_2,0.008711384
10240_10,0.98469365
6507_4,0.041462272
1511_2,0.011961098
5475_2,0.0044683837
5728_1,0.0045384313
5294_1,0.014842417
12024_10,0.99242276
2355_1,0.014842417
4088_9,0.9927672
2580_10,0.990732
9423_1,0.006692851
6836_7,0.9932025
11806_1,0.004070138
8412_1,0.011869121
770_10,0.9830851
1029_10,0.97068775
11288_4,0.59455127
690_3,0.01065251
1925_9,0.99242276
2116_10,0.9872773
8597_2,0.009559399
8734_4,0.0039454065
5549_3,0.004331502
5447_7,0.89912134
2519_4,0.4668456
11323_7,0.9623913
9338_1,0.005060332
3299_10,0.9930962
10585_8,0.98951083
3945_7,0.010013569
813_1,0.004905406
1300_9,0.9911527
5849_7,0.9885804
5535_8,0.99155444
3612_2,0.0037654138
11064_2,0.005220126
376_10,0.23846151
8504_2,0.004609572
8198_1,0.004264634
6485_1,0.0039454065
9011_3,0.0067975316
6766_1,0.01065251
7282_3,0.03594832
1450_10,0.9914225
10644_8,0.9507779
5424_2,0.92468774
86_3,0.0039454065
1221_1,0.0048297215
2309_3,0.00581996
5190_4,0.00818791
11498_1,0.2163425
11959_10,0.9905874
10465_10,0.9928786
3922_4,0.95292586
9710_9,0.33860317
2014_1,0.005384938
3791_9,0.8062431
3548_4,0.0054692742
6001_3,0.0045384313
11920_4,0.016152835
10152_9,0.994089
10305_1,0.3292569
10626_1,0.009125638
3057_3,0.722527
5387_8,0.010328153
8138_2,0.007232764
11134_1,0.007011795
8341_2,0.0044683837
6687_9,0.9921841
671_3,0.025957355
1156_2,0.005220126
11841_9,0.9930962
7193_9,0.9921841
2257_10,0.9927672
5261_3,0.7318259
10475_2,0.006692851
11175_2,0.030908957
8122_9,0.99253935
6266_7,0.9943581
4340_9,0.9851576
331_4,0.07531231
854_7,0.99242276
6800_10,0.99351174
982_8,0.98951083
5916_7,0.96641046
5871_2,0.0054692742
4106_9,0.99371004
8506_1,0.024987794
4610_9,0.99351174
5086_4,0.03704717
453_9,0.98481095
4611_3,0.008315778
3764_4,0.004331502
7644_4,0.0045384313
4037_2,0.005384938
1595_10,0.9928786
7792_3,0.005641909
10068_3,0.007011795
7199_10,0.99029154
2050_3,0.0053018946
2460_7,0.9926542
9299_1,0.008711384
6297_4,0.006003596
7797_10,0.993807
11272_8,0.99298817
7808_9,0.98934746
5806_3,0.0047552
4573_10,0.15152934
3935_7,0.82104415
3502_1,0.004264634
5744_10,0.09041373
10548_10,0.9928786
3746_7,0.86293024
3851_10,0.99371004
2648_2,0.008711384
11397_3,0.0059110695
1024_4,0.16184944
4034_2,0.0038844768
7010_10,0.97344345
10429_9,0.99390244
8086_1,0.0044683837
6463_4,0.008577485
3540_3,0.0067975316
7608_8,0.9921841
5123_4,0.9856076
8139_4,0.0112445615
2535_10,0.96641046
4187_1,0.0063883206
1711_4,0.0062899017
6197_4,0.0040072887
4953_7,0.9881309
578_9,0.9860443
4244_10,0.97046465
3893_8,0.9875683
4903_7,0.9896718
9850_8,0.99341017
11450_3,0.004198795
4926_8,0.99155444
804_1,0.01678549
5933_7,0.9254997
4407_1,0.031618766
7951_7,0.98087597
9759_10,0.9914225
3936_8,0.97887486
6998_1,0.028007522
8967_7,0.98282325
5061_4,0.093678
7787_3,0.005060332
8320_10,0.9932025
967_7,0.015424551
11996_7,0.82782817
4233_8,0.99101454
2494_8,0.8906752
6804_8,0.9928786
1452_3,0.25571522
10327_7,0.9905874
1510_1,0.005554925
7223_4,0.010818449
2280_10,0.9532751
4092_9,0.99361163
11305_1,0.005384938
10599_1,0.00581996
9545_4,0.18476751
6423_8,0.9908744
12314_1,0.005384938
8470_1,0.010902373
8957_8,0.98866826
1725_9,0.99101454
11127_1,0.051082738
6570_8,0.96765566
10477_1,0.0051396107
5503_4,0.010013569
12251_8,0.9921841
3474_10,0.99351174
7269_1,0.004070138
997_3,0.0062899017
10781_10,0.9916842
6598_10,0.9896718
9225_1,0.006692851
20_9,0.9916842
9671_9,0.98549646
8627_3,0.0051396107
12404_4,0.9888419
1110_7,0.99253935
6979_1,0.005641909
9082_1,0.016152835
3626_7,0.97068775
4856_4,0.96641046
11510_9,0.99341017
7024_10,0.994089
1501_9,0.13706976
4185_9,0.016152835
8671_9,0.99361163
2225_10,0.9926542
199_4,0.9759464
6027_9,0.992062
359_4,0.005554925
4065_3,0.005220126
12333_7,0.99101454
1963_10,0.9826909
9106_1,0.0057302467
10478_1,0.010169657
10859_9,0.9908744
357_1,0.004133968
6982_10,0.9923044
460_8,0.9916842
9266_2,0.007011795
351_10,0.9928786
9562_10,0.9887554
9784_3,0.009708476
5949_7,0.98951083
6489_1,0.19713514
1607_9,0.9686196
4482_10,0.9932025
8816_8,0.00619299
2427_1,0.021948254
4838_9,0.9939964
10961_9,0.9896718
6708_10,0.99155444
1045_9,0.8250265
3607_3,0.05582314
4325_9,0.99371004
4779_1,0.004198795
4624_9,0.9932025
4564_10,0.9830851
7132_9,0.99155444
506_2,0.0043994132
5939_1,0.0040072887
3219_10,0.99371004
8620_4,0.0075772414
2049_1,0.005641909
3367_9,0.90397453
7408_9,0.9905874
8850_2,0.0053018946
870_4,0.005220126
8056_8,0.28726768
11367_10,0.99253935
6160_10,0.99371004
6712_8,0.86748546
5267_8,0.9930962
1191_1,0.0048297215
1513_3,0.01048909
4741_10,0.07369626
9807_2,0.004681822
6926_10,0.9926542
6382_10,0.99341017
6636_8,0.9914225
6592_10,0.99361163
11308_10,0.99351174
10853_3,0.0039454065
1774_7,0.86385167
8259_10,0.99351174
8649_8,0.9888419
10739_2,0.00498227
9843_7,0.06233104
5984_10,0.9941801
8658_1,0.004264634
10386_1,0.008847355
3271_4,0.01627746
6167_1,0.0040072887
529_1,0.004264634
5696_2,0.81873685
1601_10,0.9683812
10744_8,0.9853843
6121_9,0.8539127
2598_10,0.993807
9209_10,0.990732
3831_1,0.004905406
7171_9,0.98951083
1850_10,0.9926542
8728_7,0.98201376
7698_7,0.9923044
5954_10,0.99193794
7104_7,0.0054692742
5617_2,0.011687259
3896_1,0.007937994
4355_1,0.005641909
4212_7,0.9791955
622_1,0.004198795
3368_8,0.99029154
2870_1,0.0059110695
12107_9,0.99390244
8016_8,0.99341017
8752_4,0.98421544
10653_10,0.9926542
7245_10,0.9942697
9742_9,0.98951083
7637_4,0.888372
11903_10,0.90632194
9818_3,0.008711384
373_2,0.006692851
110_10,0.993807
2450_10,0.99390244
9009_3,0.0040072887
9132_2,0.004133968
11076_1,0.004070138
4285_4,0.0053018946
109_8,0.008315778
2585_8,0.9923044
7781_1,0.007937994
1359_10,0.96641046
9773_3,0.005220126
10328_10,0.9923044
12063_1,0.033336822
12061_1,0.007345827
555_7,0.98469365
2288_4,0.0044683837
1259_10,0.97684664
12098_1,0.004133968
6493_9,0.9837225
324_3,0.004681822
7834_8,0.0062899017
8918_7,0.99128854
10736_9,0.99371004
5272_3,0.0053018946
4302_1,0.007815888
646_1,0.07585818
10868_9,0.9928786
9654_8,0.98951083
10790_10,0.9933072
10589_3,0.004905406
6364_10,0.9860443
8477_1,0.004198795
6938_2,0.06632688
9420_3,0.009125638
1527_10,0.993807
5769_1,0.0047552
1655_9,0.9921841
3917_10,0.99101454
8666_4,0.009125638
11820_2,0.033336822
11633_8,0.9890131
6136_4,0.004198795
10293_1,0.005554925
1084_1,0.005384938
12287_9,0.99242276
11297_1,0.0048297215
6913_1,0.00498227
11371_10,0.9933072
9937_4,0.22067817
11341_10,0.9898303
5233_9,0.9930962
4358_10,0.9941801
10735_10,0.99351174
5234_1,0.00581996
7523_1,0.005220126
5758_3,0.0040072887
11916_10,0.99351174
10276_8,0.97887486
5950_4,0.7972413
10329_10,0.9918121
8419_1,0.004070138
3343_4,0.0036499873
3640_3,0.006692851
10160_7,0.7988153
1181_10,0.9928786
9181_1,0.009268014
5778_7,0.96765566
3659_9,0.26549944
4695_10,0.99361163
25_10,0.99298817
6127_2,0.0062899017
1343_2,0.009125638
1110_4,0.0047552
12166_10,0.9914225
1853_8,0.9927672
6651_1,0.004905406
4927_1,0.004198795
10933_3,0.43374157
6911_9,0.99253935
467_9,0.9908744
2267_4,0.004905406
9005_3,0.006692851
10493_1,0.005554925
8159_7,0.99361163
10039_1,0.00581996
5147_1,0.0075772414
12176_10,0.99128854
9299_9,0.9942697
2824_10,0.979354
7695_1,0.004264634
8870_9,0.99155444
4063_8,0.9845754
396_2,0.005384938
9016_3,0.008445628
10148_10,0.9939964
2028_8,0.99253935
3738_7,0.9462003
11365_1,0.063714996
9987_9,0.9941801
4050_10,0.9943581
8028_9,0.947381
10161_7,0.9811669
5997_3,0.01627746
7771_1,0.96378
765_9,0.98951083
6558_1,0.004198795
9148_9,0.992062
10100_10,0.9941801
11870_3,0.0062899017
143_4,0.0057302467
5865_10,0.99029154
2364_10,0.98951083
4695_2,0.0048297215
3150_10,0.99101454
4181_10,0.99014014
8121_8,0.9918121
3263_10,0.99390244
9178_8,0.99351174
11323_2,0.015424551
8922_10,0.9941801
7884_3,0.26189685
6474_1,0.0057302467
9697_8,0.98677725
9184_1,0.0048297215
9483_9,0.990732
5353_10,0.9918121
5978_2,0.004609572
7162_4,0.53679854
12175_3,0.004331502
8229_8,0.9878528
8618_2,0.003707253
854_1,0.004133968
1379_10,0.9744348
10833_9,0.97482115
2244_4,0.005384938
8145_3,0.006903838
9069_3,0.05223086
691_7,0.98549646
421_1,0.00619299
951_1,0.80069196
4966_4,0.007815888
9116_10,0.9916842
7903_10,0.9916842
3684_3,0.07613248
9435_1,0.007937994
4998_1,0.003707253
9698_1,0.00498227
209_10,0.95531917
10314_9,0.99351174
6677_8,0.9916842
3044_7,0.992062
1322_1,0.0038244836
3185_1,0.008315778
6619_1,0.007345827
3765_7,0.057493284
3348_9,0.98646784
11833_4,0.032344334
2250_1,0.00581996
7760_10,0.9881309
8619_8,0.9926542
5790_9,0.9888419
9197_1,0.005641909
4350_2,0.005554925
11545_10,0.9918121
12448_10,0.9868787
7160_2,0.0043994132
5966_4,0.9875683
5284_10,0.99101454
5276_8,0.10302443
7498_1,0.01784874
10729_9,0.99014014
1827_3,0.0037654138
3111_1,0.0045384313
8298_8,0.4583487
12447_7,0.98481095
8035_3,0.29971972
1203_7,0.98934746
7620_1,0.00581996
2375_4,0.005220126
4026_2,0.0053018946
1925_1,0.0040072887
3658_1,0.0051396107
114_10,0.9930962
3386_2,0.007345827
377_9,0.97023994
8855_10,0.9890131
10476_10,0.994089
9073_4,0.052618954
3255_2,0.0063883206
2918_9,0.98866826
5221_7,0.9933072
7546_1,0.004070138
8080_7,0.88483775
7434_10,0.6636962
1772_1,0.004198795
2690_9,0.98173577
7133_9,0.9908744
9947_9,0.9462003
11865_1,0.0111580305
6346_10,0.9930962
2945_3,0.0053018946
3625_8,0.9890131
694_4,0.010328153
6795_10,0.9891816
9353_4,0.9843364
12345_10,0.98549646
5316_2,0.01243165
12204_2,0.0059110695
2186_10,0.9930962
5568_1,0.015543648
11080_1,0.0045384313
228_1,0.004198795
7795_1,0.0051396107
4886_3,0.41703403
11547_9,0.9759464
7494_2,0.04369106
5466_2,0.005220126
3655_8,0.992062
4790_1,0.00498227
12370_10,0.9861514
546_3,0.007937994
11818_8,0.99444515
9426_7,0.9926542
1524_3,0.0987726
6486_3,0.005384938
5288_3,0.07369626
6797_3,0.0044683837
8130_4,0.754915
4064_1,0.005554925
4832_1,0.0051396107
7232_1,0.005384938
7279_3,0.010986943
8356_3,0.5835594
3556_4,0.82615143
4097_7,0.99298817
7801_1,0.03541073
8393_1,0.012821214
5847_7,0.99155444
4470_4,0.0065897712
6922_3,0.004609572
1094_7,0.5253688
10740_10,0.9933072
4933_8,0.9927672
7794_10,0.9939964
7218_1,0.013636835
12470_7,0.89143354
2980_7,0.99371004
10896_4,0.01048909
8652_8,0.97887486
3638_4,0.042403832
9497_3,0.16858302
9266_8,0.994089
7392_9,0.8370879
10_7,0.971779
2466_7,0.9843364
1612_2,0.021615336
10262_7,0.9869795
2193_4,0.007232764
179_10,0.99361163
6025_4,0.11961367
7633_7,0.98102194
9716_1,0.004070138
9487_10,0.99253935
9800_9,0.993807
6424_8,0.9888419
835_4,0.004133968
11351_4,0.008061991
5508_2,0.0054692742
12395_1,0.028007522
11986_7,0.9811669
9947_3,0.9814534
11529_8,0.9883128
93_1,0.007937994
9914_8,0.745954
7953_9,0.97068775
9418_2,0.005220126
9089_8,0.9914225
10337_10,0.99101454
4440_1,0.005220126
890_1,0.00498227
6965_3,0.04054074
6540_7,0.9868787
7693_10,0.9890131
6470_2,0.01065251
9262_3,0.010328153
1901_10,0.0036499873
5107_10,0.99371004
6013_3,0.04885778
9295_3,0.010328153
3450_9,0.9921841
820_9,0.7343101
3207_10,0.99298817
2620_9,0.9606575
9175_1,0.0040072887
3058_3,0.005060332
4648_2,0.2213507
2012_9,0.9914225
8131_1,0.00581996
4808_4,0.0153063545
9182_7,0.99014014
6829_3,0.004133968
10736_3,0.004331502
12347_10,0.94966936
9973_9,0.990732
5320_4,0.02211659
4462_2,0.00619299
2573_10,0.98421544
5580_1,0.0035936027
11771_1,0.022286188
10782_2,0.9458012
7719_3,0.008847355
1897_10,0.92944044
8797_8,0.992062
5464_10,0.9927672
6480_1,0.00619299
10346_4,0.0036499873
9386_7,0.9918121
1027_4,0.98998636
11905_10,0.9926542
7804_10,0.99298817
1491_1,0.004264634
6521_1,0.0039454065
11835_1,0.004070138
9661_3,0.0048297215
9476_7,0.647241
1398_8,0.9898303
7373_2,0.010328153
10278_7,0.99390244
1422_4,0.0067975316
2823_1,0.0053018946
2691_3,0.008711384
5825_4,0.007121429
4113_1,0.005060332
10081_10,0.983343
6700_1,0.004331502
4482_3,0.99029154
652_8,0.9314625
5364_3,0.007011795
2853_7,0.98934746
4328_10,0.9905874
2636_7,0.98998636
10850_10,0.99351174
12059_1,0.0047552
4135_8,0.9859364
6311_2,0.0039454065
12379_3,0.004681822
7288_4,0.016029146
1463_9,0.9905874
2112_7,0.9908744
3942_8,0.9437636
7693_1,0.00818791
2451_10,0.9928786
11441_10,0.9926542
11331_8,0.96641046
7233_2,0.005220126
649_2,0.9871788
6388_10,0.99371004
3861_10,0.60276324
4188_10,0.9905874
10556_10,0.9927672
5855_4,0.014842417
7153_2,0.00619299
9710_2,0.004198795
7607_10,0.99298817
4534_7,0.026155619
11074_1,0.0045384313
9650_7,0.98951083
10921_4,0.01395571
6121_1,0.02145073
10458_1,0.015424551
9602_1,0.004331502
9693_3,0.8568123
9188_3,0.6859495
6333_9,0.98677725
8905_10,0.9928786
1335_7,0.98840266
11513_10,0.990732
6925_10,0.98934746
10928_10,0.9918121
12454_1,0.0040072887
6286_10,0.9908744
5163_10,0.9896718
10200_7,0.98469365
3501_10,0.9928786
6574_3,0.016657041
5169_1,0.26114246
2640_8,0.99298817
7117_10,0.99253935
3569_3,0.0059110695
9810_10,0.94208187
2080_2,0.004264634
3437_2,0.0067975316
7503_8,0.9923044
3753_3,0.31289464
10868_1,0.0059110695
12385_10,0.08787644
11870_8,0.99014014
6694_9,0.9926542
11824_10,0.99477994
1750_4,0.07316472
572_10,0.31347233
970_4,0.06008665
12211_10,0.84695786
6972_7,0.99341017
1554_1,0.9511422
8868_7,0.98934746
501_1,0.0047552
2023_1,0.0044683837
4272_3,0.004681822
2536_10,0.8568123
2819_7,0.006903838
1810_1,0.0054692742
11364_3,0.74761593
6086_1,0.004070138
1901_3,0.0038844768
2847_3,0.007232764
6224_1,0.007232764
4305_1,0.0051396107
3685_3,0.006003596
6292_2,0.0039454065
10626_8,0.99298817
10721_4,0.01048909
8086_9,0.9928786
7886_8,0.9911527
6601_2,0.011687259
3806_8,0.6904547
2611_1,0.00498227
1696_10,0.5136685
3823_10,0.04922211
6917_4,0.0044683837
9469_4,0.009268014
9498_9,0.993807
11046_1,0.004198795
6519_9,0.9914225
10676_8,0.99101454
3139_9,0.99341017
1098_9,0.99341017
2588_8,0.028870907
9924_1,0.004681822
2131_3,0.004609572
236_3,0.008847355
5390_2,0.01757688
11292_10,0.00619299
4149_8,0.98657167
610_1,0.017712297
10184_1,0.010013569
9123_3,0.78199726
3220_3,0.007937994
9124_2,0.0037654138
9103_1,0.004609572
2896_10,0.99341017
8478_1,0.0048297215
11845_2,0.011687259
3646_1,0.5580862
12254_7,0.98866826
857_7,0.9905874
592_3,0.97903574
1276_9,0.992062
5096_10,0.993807
10725_1,0.009708476
8426_4,0.013532149
10244_2,0.0043994132
4786_9,0.9539661
8358_7,0.18892181
5266_7,0.9888419
3581_10,0.992062
12349_1,0.6841585
3429_4,0.08601587
9807_9,0.98840266
6631_2,0.004070138
4981_1,0.007232764
273_1,0.009859855
733_7,0.9840936
4982_3,0.015189049
2347_10,0.9916842
6263_10,0.9928786
3699_9,0.9859364
2270_8,0.9933072
8095_10,0.93991333
3347_8,0.99014014
4161_4,0.031618766
3331_3,0.0043994132
6845_3,0.0048297215
9272_4,0.01384861
997_7,0.84286314
1798_10,0.99371004
4262_10,0.99128854
4868_7,0.9921841
7487_1,0.0048297215
8262_10,0.9868787
12397_1,0.0051396107
4786_4,0.010570489
3240_9,0.9813107
10992_10,0.9941801
8209_1,0.0044683837
6089_10,0.9928786
9735_7,0.97482115
2554_4,0.6392295
8995_10,0.98951083
5732_4,0.005220126
1088_8,0.9918121
12345_4,0.013532149
9364_4,0.12168575
12348_1,0.0059110695
3311_2,0.0065897712
6707_4,0.008445628
7048_7,0.98582757
9736_4,0.6255811
2975_10,0.9908744
982_4,0.012821214
3227_4,0.010328153
5185_1,0.006903838
2131_8,0.9942697
6941_8,0.9914225
11936_8,0.9334308
2383_8,0.8568123
3057_9,0.99390244
8058_1,0.004331502
4622_8,0.9158089
2208_10,0.8895288
12144_8,0.91086304
2737_10,0.99351174
3550_3,0.010818449
2789_8,0.99298817
11757_9,0.99453074
10676_4,0.3243959
2855_2,0.0038244836
2740_3,0.0043994132
8609_7,0.98657167
2147_4,0.023153413
8093_2,0.005384938
10335_1,0.03410043
1098_4,0.007232764
6255_10,0.14487323
7276_1,0.0045384313
11301_10,0.9930962
1334_3,0.006692851
8983_9,0.992062
1694_1,0.006692851
9658_1,0.004331502
8438_8,0.7666432
536_3,0.004070138
7074_10,0.99371004
1992_2,0.005220126
5040_8,0.71383077
753_2,0.007815888
7967_4,0.010328153
3763_2,0.95531917
3953_2,0.006692851
3351_4,0.21833585
1704_8,0.98707944
6817_10,0.9942697
11914_4,0.005554925
12071_10,0.9807288
6969_4,0.005554925
11992_1,0.0047552
11532_4,0.4315842
5253_9,0.99101454
5596_9,0.993807
6560_1,0.008985428
8082_1,0.004331502
864_2,0.004905406
5929_8,0.0140636265
10217_4,0.0053018946
11277_4,0.38606882
10701_10,0.98646784
1245_8,0.99298817
10024_9,0.98102194
3344_1,0.01798621
12006_10,0.9353465
1031_1,0.0054692742
665_10,0.9348725
10460_1,0.009859855
7038_9,0.39466748
7843_8,0.9904406
5095_9,0.9923044
11426_3,0.0051396107
265_9,0.9933072
7163_4,0.0067975316
77_2,0.010986943
4709_10,0.9923044
11151_9,0.4956056
2269_1,0.04115289
820_1,0.005384938
1451_7,0.010328153
281_1,0.07004896
6598_1,0.0059110695
4341_1,0.010986943
9560_3,0.0034834242
4698_1,0.01678549
7408_3,0.24184734
11729_4,0.004681822
11489_3,0.008061991
9711_1,0.005384938
9994_10,0.99242276
586_8,0.9933072
8047_10,0.9926542
4531_7,0.9656413
1293_1,0.004331502
7581_3,0.004331502
5129_4,0.9394706
1748_1,0.040237945
8155_1,0.0038844768
8827_7,0.099820666
6616_8,0.9908744
1040_9,0.9904406
10942_1,0.0064882697
5306_1,0.005554925
8168_1,0.012920473
291_9,0.99390244
383_9,0.99253935
11908_9,0.98934746
7898_10,0.9923044
4043_2,0.00498227
3376_8,0.010818449
3067_7,0.022286188
11496_8,0.992062
9885_2,0.4162033
3554_10,0.99128854
2986_3,0.09434342
1332_7,0.62591344
5585_8,0.99253935
5981_3,0.0034834242
1556_1,0.004609572
8523_10,0.992062
11792_1,0.004264634
7610_10,0.9933072
12114_9,0.99029154
8589_1,0.0039454065
3898_8,0.99361163
5101_10,0.9943581
9607_1,0.13117322
6673_8,0.9928786
7662_1,0.0038844768
2241_1,0.0094125895
6674_2,0.0038844768
7797_1,0.007937994
6400_2,0.0054692742
628_8,0.12252322
4898_4,0.053009775
11592_2,0.0627892
1311_2,0.004905406
5494_3,0.0076956474
7067_10,0.9932025
11267_10,0.9926542
6797_10,0.9932025
9987_1,0.004198795
9740_3,0.029986506
6743_1,0.004198795
5302_1,0.005641909
8464_8,0.81047887
7846_4,0.9152046
5990_1,0.004331502
10889_2,0.0063883206
11406_8,0.98549646
9093_4,0.006097562
8501_1,0.004905406
8431_4,0.01784874
8076_1,0.005220126
6831_8,0.97482115
984_8,0.9928786
369_1,0.005384938
9668_10,0.9927672
2972_10,0.99341017
5611_1,0.0057302467
659_1,0.004264634
6360_7,0.8095773
7628_7,0.0064882697
5311_9,0.6810908
2005_10,0.9908744
5396_1,0.01065251
1308_3,0.0040072887
4737_3,0.030214587
8042_1,0.004198795
11585_3,0.0051396107
1182_2,0.004609572
2581_9,0.99193794
10496_1,0.00619299
3561_7,0.5681762
8272_1,0.005220126
6571_4,0.9507779
3125_7,0.983597
9120_3,0.82893884
12220_1,0.0064882697
5783_3,0.0153063545
105_8,0.9916842
11885_9,0.98646784
11317_1,0.006903838
7999_7,0.9914225
5800_7,0.98866826
2811_8,0.95430803
7381_9,0.99101454
9828_7,0.9905874
7849_4,0.607896
8174_4,0.0051396107
9320_1,0.0053018946
5747_7,0.9914225
11097_3,0.004070138
6472_2,0.005220126
1200_10,0.99128854
10125_4,0.006903838
5422_10,0.9916842
9889_9,0.9939964
7370_2,0.00581996
696_4,0.011597362
8609_4,0.88563144
11850_7,0.9449947
889_7,0.97423947
8695_2,0.00619299
4944_1,0.0075772414
6899_8,0.9860443
3388_10,0.99390244
1051_1,0.083890386
431_2,0.005060332
2353_1,0.16559312
5131_3,0.005060332
482_9,0.9926542
1283_10,0.9911527
10884_1,0.004264634
221_9,0.9896718
8688_3,0.0044683837
9891_10,0.9927672
705_10,0.99341017
5604_1,0.004198795
4960_3,0.0062899017
12439_1,0.0047552
8897_1,0.0048297215
3549_8,0.98934746
7301_7,0.006692851
8183_3,0.23545979
7751_10,0.9914225
9084_9,0.99242276
3048_1,0.006097562
8443_1,0.004905406
3373_3,0.006003596
3867_4,0.006003596
604_3,0.004198795
2162_1,0.004198795
4367_9,0.99128854
10255_10,0.9921841
1909_9,0.9872773
1446_3,0.009559399
1247_1,0.004198795
2703_1,0.0064882697
921_1,0.005060332
156_9,0.9871788
7516_4,0.19102567
6155_4,0.1592174
8991_3,0.7934263
3813_3,0.02479816
551_4,0.3024941
12326_1,0.0036499873
5102_3,0.9911527
10901_3,0.0038844768
1517_1,0.004070138
8762_10,0.9926542
1282_10,0.99253935
2531_9,0.31268474
7764_8,0.993807
2906_8,0.9898303
6730_7,0.91550726
7749_9,0.994089
7765_3,0.11436852
12412_7,0.98707944
582_4,0.0076956474
5792_1,0.01757688
2174_7,0.9908744
7605_10,0.9914225
2721_1,0.0051396107
2151_10,0.9941801
8152_1,0.0038844768
6488_7,0.6077214
9446_8,0.9904406
10617_8,0.9881309
12455_2,0.13477592
7377_10,0.99029154
11891_2,0.05184547
4319_4,0.006692851
1050_9,0.96267307
9109_2,0.0067975316
10500_1,0.0054692742
11749_7,0.9795114
12250_2,0.011777842
1193_2,0.005554925
8313_8,0.99193794
8918_4,0.004905406
7122_10,0.9932025
6210_8,0.9921841
10050_8,0.99351174
4921_10,0.99453074
1857_7,0.99101454
9718_10,0.9926542
2482_1,0.0062899017
2624_1,0.0039454065
3284_2,0.0062899017
11435_3,0.058776557
10971_7,0.99351174
2606_4,0.98707944
7540_9,0.99193794
10929_4,0.9908744
8566_8,0.0074606435
4693_1,0.0059110695
1281_2,0.010169657
267_1,0.004264634
2133_10,0.9923044
6762_8,0.9926542
1043_9,0.9930962
2812_4,0.020645931
6981_4,0.0047552
4038_9,0.9933072
4256_10,0.99014014
8206_1,0.004198795
2060_2,0.010986943
7372_1,0.0043994132
732_3,0.0059110695
5367_7,0.98481095
9765_10,0.99361163
8843_4,0.004609572
9723_10,0.992062
11966_8,0.913368
5087_8,0.6029971
9379_9,0.9927672
9615_2,0.0040072887
991_7,0.99014014
4461_4,0.007011795
5857_1,0.0094125895
2358_3,0.006903838
5247_10,0.98282325
12430_8,0.929951
5943_4,0.051462766
11917_10,0.99341017
4144_4,0.4050957
3128_7,0.9911527
5152_10,0.99253935
8028_1,0.009708476
788_1,0.005641909
9552_2,0.89805347
12051_4,0.006003596
701_4,0.28417853
5738_7,0.66508436
5953_1,0.004681822
3694_10,0.9923044
12371_10,0.99361163
650_10,0.99361163
3772_8,0.983343
3919_9,0.983597
12420_10,0.9832145
6164_1,0.005060332
12202_10,0.9914225
4142_3,0.0057302467
285_4,0.012624948
9190_4,0.0038844768
9297_10,0.9916842
2857_1,0.0047552
5576_10,0.99361163
7603_1,0.004331502
1987_10,0.9566342
6978_1,0.0045384313
2390_3,0.0054692742
662_4,0.003707253
7957_1,0.45640975
3009_2,0.0054692742
9574_1,0.0039454065
703_2,0.00581996
11871_4,0.005220126
8056_2,0.005060332
11468_2,0.0053018946
7549_10,0.9904406
4506_1,0.0963651
160_1,0.005220126
2400_1,0.25478703
146_8,0.98102194
1174_7,0.9914225
1623_2,0.042722195
2909_1,0.021125194
9284_3,0.007011795
753_7,0.31263223
456_1,0.15559098
329_1,0.0054692742
1996_10,0.9911527
7468_10,0.9921841
11219_3,0.96124375
5749_8,0.98934746
1563_2,0.0062899017
9713_8,0.30798206
12467_2,0.005220126
5686_2,0.00619299
6424_2,0.0064882697
11137_10,0.99351174
5613_7,0.97754294
2113_2,0.0057302467
8623_8,0.81227237
2086_10,0.993807
6846_8,0.9926542
3230_2,0.005384938
4973_4,0.274935
2935_2,0.004905406
12176_1,0.00619299
6272_9,0.95945925
728_10,0.98187524
9843_2,0.0053018946
4897_2,0.047074176
12121_3,0.004198795
11934_4,0.04208773
1453_2,0.0051396107
9676_9,0.99253935
3072_10,0.9932025
6667_2,0.98951083
8932_9,0.99361163
9452_10,0.9603612
953_2,0.30455852
3268_3,0.019719128
6276_1,0.004681822
2522_3,0.0064882697
2630_10,0.993807
2031_10,0.9908744
3754_10,0.07369626
10791_1,0.007345827
7755_3,0.00581996
11180_10,0.99253935
8020_9,0.96814114
3767_4,0.9923044
3519_10,0.98582757
8180_9,0.9926542
11639_4,0.0075772414
7540_2,0.0051396107
4746_1,0.013742321
4027_1,0.0111580305
952_1,0.02145073
4070_1,0.9152046
8346_1,0.7297124
1499_9,0.08694165
1601_4,0.0040072887
1698_1,0.006097562
3055_3,0.004681822
7744_1,0.01784874
3183_8,0.9930962
9482_1,0.005060332
3712_4,0.019124037
9260_4,0.98469365
10042_1,0.004070138
3873_3,0.008445628
11273_10,0.96814114
2918_1,0.14511536
1292_3,0.0059110695
1837_2,0.16291203
4650_4,0.007937994
8686_4,0.098079324
11307_8,0.8080672
10044_2,0.0043994132
12035_1,0.007011795
2259_9,0.99253935
6582_1,0.635279
10194_1,0.005641909
7932_10,0.07558479
8064_8,0.9700135
5017_4,0.98951083
6456_9,0.9941801
10768_8,0.9939964
9479_10,0.9905874
9734_4,0.012821214
2245_1,0.0047552
7275_3,0.011869121
1193_10,0.9943581
3883_4,0.008985428
5456_3,0.80348235
10014_2,0.007011795
8045_9,0.9851576
9093_7,0.9882222
9971_1,0.004905406
1052_3,0.01395571
10952_1,0.007232764
3449_7,0.98667485
2488_1,0.18039526
8422_3,0.00818791
1541_10,0.99193794
11863_1,0.005060332
10102_2,0.008847355
3838_9,0.9918121
8538_3,0.010328153
12432_1,0.0040072887
6339_10,0.9926542
1860_10,0.99242276
11402_1,0.005384938
10770_2,0.01395571
8046_8,0.9883128
2748_3,0.9001793
361_9,0.9914225
8427_10,0.9927672
11792_10,0.9875683
10331_9,0.98840266
3506_1,0.004070138
7374_7,0.99341017
5658_9,0.9923044
7170_2,0.009268014
6144_1,0.004905406
5035_7,0.993807
4566_3,0.0047552
9544_1,0.007345827
1959_9,0.929951
2390_9,0.99361163
4960_9,0.9939964
3425_2,0.0038844768
4000_10,0.99444515
12418_3,0.023153413
9771_10,0.994089
621_7,0.9825575
3510_1,0.0054692742
6893_7,0.39280254
3680_9,0.9932025
3118_9,0.9787127
5433_7,0.98215127
8381_9,0.9927672
10205_10,0.9933072
1437_1,0.0043994132
5675_2,0.004331502
1597_7,0.98657167
1549_1,0.02350945
11391_10,0.992062
12101_8,0.9908744
9356_8,0.9888419
10128_1,0.0140636265
11249_4,0.009708476
12441_2,0.005220126
7486_2,0.005641909
4905_9,0.98173577
5441_1,0.026759284
2613_10,0.9850429
10351_3,0.00619299
10459_10,0.9942697
2565_8,0.9932025
1338_1,0.0044683837
823_7,0.98707944
8924_7,0.9813107
1382_10,0.9780517
4150_7,0.0094125895
6004_8,0.96909106
2508_10,0.9911527
10935_8,0.993807
692_7,0.98187524
7778_10,0.99341017
2016_10,0.99351174
1042_3,0.021125194
7823_1,0.0067975316
149_1,0.009268014
5551_3,0.016403032
366_8,0.992062
3483_10,0.9941801
278_1,0.005641909
9951_4,0.025565214
2731_10,0.9930962
4403_10,0.9932025
5307_1,0.02145073
8185_9,0.994615
11059_8,0.99242276
10273_10,0.99242276
5336_4,0.004905406
5147_7,0.92892635
1525_1,0.004264634
8507_7,0.96538115
8501_10,0.9927672
2424_2,0.24508502
8959_9,0.9939964
11318_8,0.9928786
1270_8,0.9911527
1655_1,0.0043994132
10161_1,0.004331502
8531_10,0.9764905
9144_4,0.68510735
1201_2,0.0054692742
11822_10,0.994089
11486_3,0.0054692742
8038_10,0.99361163
1981_2,0.0705596
11901_10,0.9933072
5441_9,0.99193794
11709_9,0.990732
9333_8,0.99371004
7881_3,0.007345827
2815_9,0.96765566
3251_3,0.00619299
1792_3,0.0111580305
8625_2,0.0065897712
4221_3,0.020488555
2742_10,0.99351174
11118_4,0.68162084
11613_3,0.005060332
6104_1,0.006003596
3046_1,0.0051396107
8729_4,0.0047552
1827_10,0.9898303
762_7,0.742048
8855_2,0.0047552
7573_3,0.008061991
8616_4,0.036493763
4830_7,0.99193794
6646_1,0.39361808
8746_4,0.044680875
1875_7,0.60865223
1221_10,0.99298817
11842_2,0.004264634
3002_1,0.01883313
5776_1,0.008847355
5479_10,0.9932025
6034_4,0.0045384313
10984_1,0.0153063545
12043_2,0.0065897712
4961_8,0.99242276
9601_10,0.11047115
2216_4,0.00619299
1189_10,0.9939964
8461_4,0.005384938
2575_10,0.99371004
3782_1,0.0064882697
8927_8,0.99298817
7006_4,0.004609572
6103_7,0.9458012
3218_10,0.9939964
797_10,0.9522199
76_4,0.25146386
9497_7,0.277473
9637_1,0.0057302467
1070_10,0.9891816
9732_10,0.005384938
8144_3,0.005554925
6247_10,0.02096424
10230_7,0.9932025
10731_3,0.0038244836
740_8,0.9105454
2145_8,0.9928786
834_8,0.9838472
6621_10,0.9927672
1749_4,0.004609572
5730_10,0.99298817
11167_4,0.012920473
1106_9,0.99341017
8152_10,0.98549646
11968_8,0.89029425
7728_9,0.99298817
237_1,0.007345827
10754_1,0.004681822
1055_10,0.99371004
65_7,0.99193794
4092_3,0.007345827
3337_7,0.99029154
3163_8,0.033336822
7645_1,0.004070138
10883_1,0.0048297215
4597_7,0.98421544
11850_1,0.00581996
1025_10,0.9930962
11908_2,0.006003596
7838_4,0.9798227
7725_7,0.99128854
8146_9,0.99341017
3741_8,0.99453074
323_2,0.00619299
8244_3,0.004198795
4593_1,0.005060332
6902_1,0.0054692742
1791_1,0.006097562
11490_10,0.9802808
4200_1,0.0123361
1611_2,0.0065897712
3215_10,0.99341017
5864_10,0.0062899017
3776_1,0.1431877
6356_9,0.9927672
9139_10,0.8665848
5115_10,0.98998636
3064_10,0.99361163
149_9,0.9883128
2873_3,0.007121429
3790_1,0.005554925
3136_9,0.9757624
1696_3,0.16238004
4961_2,0.9850429
11918_10,0.99371004
3663_10,0.994615
8115_3,0.49951172
3690_8,0.9755769
11431_1,0.0044683837
3830_10,0.90958625
11896_10,0.992062
8753_10,0.9921841
10121_1,0.10087862
1142_7,0.9926542
7188_7,0.98934746
7044_1,0.004905406
11750_4,0.004133968
7688_10,0.9939964
12292_10,0.99444515
5533_1,0.12549345
4147_4,0.004331502
8515_2,0.008577485
10756_3,0.01214717
11899_10,0.99128854
11867_2,0.017442483
7814_8,0.99298817
1855_10,0.9941801
10357_2,0.0065897712
5218_1,0.010169657
6641_9,0.92683524
5777_10,0.30280328
11982_1,0.005384938
10980_10,0.9930962
8585_8,0.9465967
941_2,0.0053018946
1697_7,0.97482115
9872_8,0.9941801
2377_4,0.007345827
2033_8,0.9871788
5864_1,0.012624948
4295_7,0.9916842
2610_1,0.0039454065
1730_10,0.4431184
11095_8,0.9921841
1699_8,0.9740426
344_9,0.9918121
7136_3,0.0063883206
2402_10,0.983343
472_10,0.9914225
170_7,0.95292586
7019_1,0.0053018946
11798_10,0.99351174
7549_2,0.004905406
8414_10,0.98707944
573_3,0.009125638
6678_1,0.98677725
10002_3,0.03541073
3905_3,0.91367656
1849_4,0.1187934
7959_2,0.00619299
597_4,0.01107216
2719_8,0.99128854
10519_1,0.004133968
6112_1,0.0048297215
1322_9,0.99155444
12415_8,0.9904406
6727_1,0.005641909
12393_1,0.0048297215
8545_9,0.99371004
528_7,0.99341017
12267_8,0.990732
5842_10,0.99029154
8471_2,0.68326104
3912_9,0.6632328
4831_8,0.9933072
5767_3,0.004609572
10631_9,0.9872773
8069_8,0.9911527
190_9,0.99341017
12343_7,0.9923044
645_1,0.0054692742
10326_1,0.0043994132
11271_9,0.55229825
11808_8,0.9898303
3200_2,0.0067975316
4518_2,0.004905406
8307_2,0.0063883206
2057_10,0.9896718
3705_1,0.005060332
11581_7,0.9911527
11777_9,0.97737074
1367_3,0.9181873
12248_9,0.9932025
2994_8,0.99361163
5170_1,0.0054692742
8781_7,0.9686196
9137_1,0.004331502
9970_4,0.4804787
3412_7,0.42703825
9399_1,0.0038844768
7917_8,0.051462766
1157_1,0.007232764
12489_10,0.99361163
5365_8,0.99253935
9295_10,0.9814534
11505_1,0.0048297215
8647_4,0.017309094
6609_2,0.0074606435
6859_1,0.97046465
2436_10,0.9882222
4255_4,0.87997437
12347_1,0.028007522
4237_4,0.0037654138
11687_10,0.9921841
2964_7,0.74316794
2836_4,0.00498227
1944_4,0.9868787
3218_1,0.0051396107
2752_10,0.9942697
9994_3,0.005554925
11566_8,0.9928786
5741_10,0.99361163
7127_10,0.9875683
11864_2,0.0044683837
5159_9,0.9928786
658_3,0.005554925
10177_3,0.011869121
4843_1,0.0038844768
1441_1,0.70232594
2741_2,0.0045384313
6045_3,0.005384938
7020_8,0.9927672
2120_1,0.0053018946
2336_1,0.0039454065
10167_9,0.9911527
10251_3,0.0051396107
9335_4,0.01107216
6670_3,0.0824015
9937_7,0.007937994
3258_7,0.9911527
3234_7,0.9916842
3601_1,0.004133968
5635_9,0.7516481
11427_7,0.9928786
3349_4,0.007345827
1334_10,0.98951083
10474_10,0.992062
2361_10,0.9927672
1471_2,0.0048297215
10705_10,0.9927672
10559_7,0.12940274
3070_10,0.99155444
10087_1,0.0054692742
1952_7,0.77932185
682_9,0.8933094
6576_10,0.9942697
956_3,0.006097562
3960_1,0.010328153
62_2,0.005384938
3200_8,0.99361163
2127_1,0.01065251
6878_9,0.994089
1600_10,0.99298817
11995_7,0.8059378
5239_2,0.0045384313
6018_7,0.9930962
9185_1,0.0057302467
4707_7,0.9334308
12407_10,0.9932025
5831_10,0.99371004
2264_7,0.9882222
7226_8,0.9918121
6337_7,0.98527133
5047_3,0.06233104
228_10,0.9884919
4230_1,0.006903838
4058_8,0.9926542
5634_4,0.0038244836
11680_1,0.007232764
1320_9,0.99444515
12461_8,0.9932025
10076_10,0.99390244
9170_8,0.99101454
4519_10,0.99242276
5906_2,0.014728613
2065_8,0.98173577
8453_10,0.99351174
262_1,0.0048297215
454_10,0.9933072
11532_8,0.9943581
8169_2,0.9807288
6873_8,0.98625773
10061_4,0.004133968
11565_4,0.010986943
258_1,0.09203287
5896_1,0.005060332
4395_1,0.0043994132
3774_1,0.005384938
12340_8,0.38104677
7497_8,0.9926542
4321_2,0.011777842
6258_2,0.004681822
3950_1,0.004331502
9998_8,0.99361163
3524_8,0.99242276
2003_10,0.9563089
10366_3,0.18922128
2602_10,0.9932025
8684_8,0.99101454
12268_9,0.9916842
4846_8,0.992062
5969_1,0.008577485
173_4,0.0039454065
2790_10,0.99361163
2637_1,0.0053018946
10239_1,0.005060332
5120_9,0.98677725
3802_10,0.9926542
6897_7,0.008315778
8478_9,0.9908744
2441_4,0.009268014
4827_1,0.017712297
4326_1,0.00581996
252_3,0.0044683837
7201_8,0.7300975
801_2,0.47804147
10008_4,0.7507356
6740_10,0.99341017
674_3,0.49169996
6341_9,0.9928786
1882_7,0.81873685
10843_10,0.9939964
1593_4,0.008847355
3592_1,0.74890363
4658_4,0.61981654
2564_2,0.0044683837
7229_9,0.9921841
4186_1,0.0051396107
10227_3,0.006097562
4580_3,0.010013569
10367_3,0.019568678
10034_9,0.992062
6834_10,0.994089
11326_9,0.9908744
4683_1,0.0057302467
5596_1,0.007011795
4238_3,0.004070138
11881_10,0.98159516
11910_2,0.0054692742
934_1,0.004331502
3660_8,0.99390244
365_1,0.0053018946
3677_9,0.9916842
6522_10,0.3083985
3167_10,0.98625773
6104_10,0.9798227
2584_2,0.015189049
4264_8,0.992062
5648_9,0.99128854
1863_9,0.9927672
7464_10,0.9930962
7643_8,0.99253935
7030_10,0.9943581
2768_2,0.005060332
3845_1,0.0051396107
11590_10,0.99253935
8578_3,0.010986943
8733_9,0.97344345
4099_1,0.004905406
5810_1,0.0038244836
442_3,0.16398025
1374_9,0.93045825
7704_10,0.045352582
4526_1,0.0044683837
2978_8,0.99371004
3096_1,0.0047552
1589_9,0.9930962
11197_7,0.9918121
6751_8,0.99193794
10043_10,0.9939964
4045_2,0.0039454065
7706_8,0.9918121
1876_10,0.98657167
4224_9,0.9916842
10833_1,0.006097562
11549_10,0.9891816
7081_8,0.9927672
6410_8,0.98866826
10609_9,0.99193794
9910_1,0.004331502
4474_7,0.9896718
9775_9,0.9939964
9245_10,0.99341017
11514_8,0.9918121
3182_4,0.96210754
3127_3,0.013742321
7311_1,0.0057302467
4266_10,0.99298817
12410_10,0.99101454
7548_1,0.011961098
10446_2,0.07723878
4854_2,0.01461567
1152_8,0.9932025
11660_4,0.8665848
3452_2,0.0045384313
2401_7,0.93991333
11703_7,0.9881309
4053_2,0.0044683837
4882_9,0.9921841
8050_7,0.98215127
9053_4,0.065604836
12313_10,0.99444515
12085_1,0.004264634
2130_2,0.0038844768
8499_10,0.9918121
9230_3,0.0076956474
2697_10,0.9939964
7682_3,0.02350945
1473_7,0.087252244
3124_4,0.0036499873
10694_10,0.9933072
11541_9,0.9744348
7033_10,0.98866826
305_10,0.9807288
12164_8,0.9916842
7594_2,0.27299258
2101_3,0.007232764
9579_2,0.0053018946
1482_4,0.99029154
4362_1,0.0064882697
1263_9,0.99361163
2543_9,0.9933072
8642_1,0.0038244836
229_1,0.008061991
12045_10,0.9927672
810_9,0.9923044
5188_7,0.9838472
2690_1,0.0045384313
922_3,0.007345827
10957_10,0.99351174
9275_3,0.004681822
7289_10,0.994089
1809_2,0.0038244836
11846_1,0.98998636
5888_10,0.994089
1506_7,0.99029154
6255_1,0.0040072887
4995_7,0.98159516
2423_1,0.0038244836
4030_8,0.99014014
4839_7,0.98677725
364_1,0.00619299
3510_9,0.9923044
2092_10,0.99371004
600_1,0.0039454065
5490_9,0.993807
9442_8,0.05582314
5330_8,0.98421544
10858_10,0.97520185
2746_8,0.99101454
848_9,0.9425068
6713_1,0.9600627
8274_10,0.99341017
2507_1,0.008985428
4558_1,0.00619299
957_2,0.0053018946
11667_8,0.9615338
2374_2,0.0057302467
8156_1,0.009268014
1080_8,0.9522199
11274_8,0.9853843
12467_10,0.9942697
5941_1,0.9908744
6205_1,0.021125194
4517_9,0.9927672
102_4,0.006692851
6022_8,0.99242276
10054_3,0.00498227
3907_3,0.0044683837
5232_8,0.07477005
10064_2,0.9697854
6529_1,0.008061991
11003_1,0.004331502
9151_7,0.987375
6612_8,0.9465967
12189_10,0.99193794
6510_2,0.00498227
3129_7,0.9700135
7864_2,0.005220126
11603_3,0.6878397
10741_9,0.99341017
2235_7,0.97997653
2125_2,0.0062899017
2050_10,0.9926542
8397_1,0.01243165
5275_1,0.94891727
7755_10,0.99351174
12065_4,0.96124375
269_8,0.9918121
1933_2,0.010986943
9182_3,0.6501897
3153_10,0.9850429
3922_7,0.9904406
2674_3,0.008985428
7407_4,0.009708476
737_7,0.9700135
5223_1,0.010013569
10937_1,0.0062899017
9026_4,0.008711384
1564_8,0.9932025
1724_10,0.992062
1224_3,0.88875884
8536_4,0.005060332
11215_8,0.65665823
3063_10,0.9930962
9559_9,0.11636176
5165_2,0.004609572
9396_1,0.0051396107
6404_1,0.0039454065
6019_1,0.99298817
7249_8,0.8548847
1765_1,0.004070138
7685_4,0.37822944
8196_10,0.994089
11749_1,0.00498227
1257_10,0.98998636
3488_8,0.9850429
8605_8,0.9744348
6697_4,0.006692851
11540_1,0.004331502
6262_4,0.02576056
1998_8,0.9908744
3019_1,0.0038844768
1087_2,0.005384938
8356_8,0.9840936
10036_10,0.9932025
10547_10,0.99390244
2562_1,0.004681822
5096_3,0.00619299
12128_1,0.0051396107
2574_10,0.99155444
10144_8,0.99155444
3678_1,0.0045384313
2579_2,0.009559399
6695_7,0.74539834
1465_7,0.9908744
11846_9,0.9918121
1219_9,0.9930962
4936_9,0.99453074
12382_4,0.06979493
8807_1,0.0048297215
7700_1,0.0054692742
4209_8,0.99444515
10178_10,0.9868787
9835_8,0.983343
161_3,0.005641909
670_3,0.031143833
7158_10,0.98803884
9502_4,0.005641909
9880_1,0.011508149
39_3,0.9787127
11161_9,0.93195957
12026_9,0.99341017
4439_3,0.004070138
8303_10,0.9884919
408_7,0.9832145
1065_9,0.8504686
5188_2,0.004198795
929_10,0.99351174
4765_7,0.99351174
2117_4,0.008315778
6653_4,0.0076956474
2342_1,0.00619299
8445_1,0.0057302467
1708_1,0.0059110695
7995_10,0.9926542
1104_4,0.021948254
3847_1,0.0057302467
7276_10,0.99351174
11269_7,0.013020489
3158_1,0.18184364
11061_1,0.0048297215
851_7,0.983597
8214_2,0.0053018946
9174_1,0.0039454065
7040_3,0.030214587
4082_4,0.017712297
3553_8,0.9888419
6733_10,0.9918121
4910_3,0.045015533
10149_1,0.004198795
5609_4,0.01065251
4174_3,0.005384938
9213_1,0.0062899017
2881_9,0.99242276
1408_3,0.012527932
10832_1,0.02479816
7216_3,0.2877678
9905_10,0.9939964
9050_3,0.0053018946
3789_4,0.012241275
6490_8,0.9738444
7649_7,0.97903574
6901_8,0.983343
11597_9,0.9930962
3259_1,0.00498227
5936_3,0.013020489
1214_2,0.21568096
2840_1,0.005384938
1956_10,0.99253935
2392_2,0.0051396107
239_9,0.9939964
6860_8,0.87234735
1716_9,0.990732
9595_10,0.94815457
1630_1,0.007232764
11293_3,0.76524264
8288_10,0.9916842
6618_7,0.98657167
12378_1,0.00498227
11560_1,0.0038844768
12124_8,0.9923044
486_10,0.029760094
6654_3,0.01678549
6915_10,0.98201376
8773_1,0.2247353
10211_4,0.7148271
5769_9,0.9926542
10038_4,0.004133968
3737_9,0.9932025
11512_1,0.01461567
8025_7,0.9838472
397_7,0.98803884
10670_9,0.9921841
11648_4,0.0048297215
10361_1,0.004264634
12439_8,0.9923044
9958_8,0.9759464
8659_1,0.004905406
12400_1,0.004264634
10680_7,0.97023994
2435_10,0.9916842
5506_4,0.004070138
9025_3,0.009125638
5749_4,0.0036499873
5090_1,0.004198795
2688_9,0.9887554
8397_10,0.99155444
8610_8,0.9582261
9398_10,0.99242276
5144_10,0.9921841
10797_10,0.9877587
9623_2,0.010818449
3269_8,0.9930962
5480_7,0.9890131
43_1,0.004198795
4156_1,0.00619299
1629_1,0.0045384313
6536_10,0.99155444
8384_1,0.0043994132
2820_10,0.9914225
7976_3,0.0051396107
3745_10,0.8987666
11258_8,0.992062
7908_7,0.9881309
9166_7,0.98934746
8976_8,0.992062
3692_1,0.0043994132
4937_4,0.008315778
11935_9,0.9939964
7722_7,0.98998636
8757_4,0.0037654138
1218_10,0.9898303
3620_8,0.0047552
9017_4,0.004681822
8300_3,0.004133968
11325_4,0.005554925
1093_8,0.994615
166_4,0.45350388
6088_10,0.994089
2149_10,0.9941801
4884_9,0.9851576
9786_1,0.0063883206
4258_3,0.08299415
9890_1,0.007937994
8911_1,0.032344334
11618_3,0.011597362
4510_1,0.0059110695
3173_4,0.13706976
10418_1,0.00581996
8954_1,0.005641909
723_2,0.0053018946
1164_1,0.0040072887
11404_4,0.010013569
5737_3,0.029760094
10073_3,0.005384938
1900_8,0.01214717
9532_10,0.96765566
839_4,0.120025635
4562_1,0.01048909
3963_3,0.005384938
5220_10,0.0111580305
663_9,0.99029154
10156_8,0.9876639
3759_7,0.46879065
5153_4,0.9728308
7580_3,0.004681822
12403_10,0.99253935
4893_8,0.9928786
892_8,0.98951083
79_2,0.0048297215
10716_8,0.9932025
11452_7,0.5900707
1214_7,0.9656413
8901_10,0.9795114
12221_10,0.99155444
2055_9,0.08269735
5911_3,0.006903838
10866_3,0.0065897712
10063_1,0.004609572
10563_9,0.98646784
11931_8,0.051082738
1180_1,0.004609572
8194_1,0.0045384313
7837_4,0.99029154
1876_1,0.00619299
9203_1,0.004264634
10091_1,0.0040072887
2434_9,0.98527133
7908_1,0.03410043
8591_4,0.6744794
4222_7,0.5204963
11430_4,0.9755769
757_1,0.00498227
6442_8,0.8250265
10056_8,0.9588471
3179_2,0.003707253
3130_3,0.027795624
11921_7,0.99298817
4139_9,0.993807
195_10,0.992062
6286_1,0.10017222
5701_2,0.12592277
7470_8,0.99298817
9205_9,0.96378
10683_8,0.98667485
672_4,0.44480592
604_10,0.9941801
7757_10,0.99361163
5228_4,0.89442116
3998_10,0.9798227
7444_4,0.9407897
9684_10,0.99371004
8455_7,0.98934746
3989_8,0.9891816
1115_3,0.017176708
6469_4,0.010818449
4524_8,0.8333246
3103_7,0.755637
3108_8,0.9921841
2219_10,0.9921841
10269_8,0.52390754
838_4,0.009559399
5367_1,0.004133968
9110_10,0.99193794
5736_1,0.004070138
5100_4,0.011687259
3399_4,0.007011795
7575_9,0.99242276
7954_9,0.993807
870_7,0.99361163
3811_9,0.1338675
8011_9,0.9876639
8172_10,0.993807
3209_4,0.004905406
7380_10,0.94776917
10210_3,0.008711384
8162_9,0.9883128
10784_9,0.99341017
482_1,0.0065897712
1452_9,0.9896718
2686_4,0.007011795
543_8,0.9911527
495_2,0.0038844768
2887_9,0.987375
11780_1,0.0059110695
9742_2,0.004609572
1762_1,0.0043994132
5264_9,0.99193794
7958_4,0.9736447
6010_10,0.99444515
1284_9,0.9798227
10420_3,0.0039454065
7736_7,0.39957732
1178_10,0.99351174
529_10,0.99371004
4063_4,0.026556572
10480_8,0.9887554
2412_2,0.005060332
5206_3,0.008985428
11963_9,0.92892635
663_1,0.0074606435
352_4,0.008315778
7504_3,0.9840936
8678_1,0.105948284
2330_2,0.97423947
12282_1,0.005220126
6485_10,0.042403832
9306_1,0.005220126
7468_4,0.0051396107
12207_1,0.006003596
6701_7,0.027585285
9861_7,0.68573904
6318_7,0.86838096
11612_1,0.004331502
4800_10,0.020804489
5360_3,0.019870715
4977_4,0.013222822
1678_9,0.9898303
5017_8,0.9860443
3087_9,0.9429286
1915_8,0.6888872
574_10,0.9904406
6062_8,0.9933072
2860_4,0.9905874
1800_4,0.3263251
1928_9,0.99193794
9890_10,0.9933072
12159_8,0.99014014
649_7,0.98677725
8708_1,0.008985428
8181_10,0.9923044
3495_1,0.0044683837
11612_10,0.9759464
6919_10,0.99155444
12217_9,0.98582757
9276_4,0.010169657
3520_9,0.9916842
6492_4,0.18535662
3900_2,0.23952717
12298_9,0.9888419
12394_1,0.004905406
4873_8,0.0075772414
4797_1,0.011331754
3197_9,0.99361163
2474_10,0.9840936
4042_10,0.993807
10641_1,0.004133968
10882_2,0.005220126
4803_4,0.058776557
7459_10,0.9877587
1828_1,0.004681822
1718_10,0.99361163
9603_1,0.005220126
940_7,0.9875683
3074_4,0.014392335
8802_10,0.99444515
7180_4,0.003707253
5250_1,0.006903838
2734_7,0.98892784
2354_8,0.9879462
6805_1,0.006003596
11156_4,0.0051396107
2734_3,0.05184547
12216_1,0.004609572
660_8,0.99390244
8978_10,0.99242276
6272_1,0.010013569
8294_4,0.0075772414
11956_8,0.9914225
3265_1,0.004681822
705_2,0.88523525
9058_9,0.99155444
3582_3,0.007011795
6985_1,0.0035936027
5611_9,0.9878528
9491_3,0.06903793
9945_3,0.0048297215
1840_10,0.9939964
12280_3,0.004264634
1932_10,0.99371004
8682_10,0.9881309
5418_9,0.99128854
3354_9,0.9923044
8078_3,0.00818791
7747_1,0.0112445615
2669_7,0.9896718
9180_7,0.9403531
1320_1,0.005384938
7742_8,0.9876639
6232_9,0.97966766
3459_9,0.99477994
1008_2,0.023153413
7987_8,0.9884919
5078_7,0.9736447
10660_10,0.9738444
10325_2,0.0051396107
4951_3,0.021615336
10502_7,0.7076068
7548_9,0.4325427
2870_10,0.9015746
8136_4,0.94699025
9870_8,0.05184547
7588_4,0.013325147
7845_2,0.0039454065
10334_7,0.99014014
4860_1,0.022457054
4855_9,0.98657167
1337_10,0.99128854
6403_3,0.011687259
9447_10,0.9928786
4724_3,0.013222822
10895_10,0.9923044
2171_4,0.016029146
5361_9,0.98951083
11056_2,0.004331502
9772_10,0.99341017
5719_8,0.99298817
3050_7,0.9546474
4406_1,0.008985428
9833_4,0.95976204
1217_2,0.008847355
2632_1,0.0062899017
3250_1,0.9563089
5130_9,0.9861514
3526_7,0.47609246
2793_3,0.0048297215
10708_3,0.012722708
6415_8,0.99253935
11258_2,0.293607
11451_1,0.047425874
7724_2,0.051462766
4276_4,0.003538086
6058_1,0.0051396107
4086_1,0.011597362
3670_8,0.9872773
7125_8,0.9888419
9377_8,0.9885804
763_2,0.011687259
7882_8,0.99014014
757_9,0.98481095
389_1,0.0065897712
9102_10,0.9930962
9384_7,0.15817435
5684_8,0.9834705
12090_4,0.0053018946
12002_4,0.0043994132
5443_7,0.98840266
8782_9,0.9329437
9878_9,0.99390244
9640_1,0.00818791
999_3,0.16451646
6249_3,0.9863631
1656_7,0.9933072
6649_10,0.9755769
4630_1,0.0054692742
11300_8,0.98677725
5894_10,0.87147486
3198_1,0.0048297215
7924_2,0.6995624
6318_1,0.22988081
8075_2,0.0973904
10005_2,0.3926861
6431_8,0.993807
635_2,0.41727144
1803_3,0.005060332
5721_4,0.0044683837
1116_7,0.994089
1456_4,0.4804787
51_10,0.99351174
7155_9,0.9930962
929_2,0.0047552
12269_1,0.004264634
10597_1,0.0045384313
9005_7,0.08787644
10467_9,0.99361163
2251_9,0.99351174
1977_9,0.9923044
8539_8,0.10894506
2416_1,0.005554925
8508_9,0.9839708
10401_1,0.00498227
12217_2,0.25054586
5484_1,0.005060332
3833_10,0.99014014
465_4,0.0140636265
7591_7,0.9905874
11485_9,0.9916842
3728_1,0.004070138
5538_8,0.99298817
10751_4,0.0045384313
8883_8,0.990732
6581_1,0.017712297
5476_1,0.0036499873
4338_9,0.99298817
10343_1,0.008445628
2914_10,0.9943581
6103_1,0.9092645
7691_1,0.007121429
3444_3,0.0076956474
2397_8,0.99298817
8255_8,0.9923044
1660_1,0.005641909
10154_2,0.99128854
2138_3,0.005384938
9614_3,0.004133968
2682_10,0.9927672
1813_3,0.0065897712
10581_3,0.0035936027
3733_4,0.0045384313
5210_4,0.0065897712
11961_8,0.9939964
7928_4,0.0047552
12156_4,0.008985428
11025_4,0.015906392
11233_10,0.9939964
473_1,0.0045384313
6648_2,0.006003596
2451_1,0.004198795
7679_2,0.004070138
2954_9,0.99361163
9652_10,0.992062
724_3,0.014728613
7592_4,0.004905406
7669_9,0.992062
3816_1,0.003707253
1401_4,0.13523209
8551_2,0.013636835
7901_8,0.99351174
10552_4,0.005220126
330_10,0.9888419
232_4,0.005641909
12351_8,0.9872773
12451_10,0.994089
5884_9,0.9722044
603_4,0.004331502
3415_7,0.19163005
8727_1,0.0064882697
10099_4,0.013636835
7989_10,0.99341017
2329_2,0.028436033
5774_1,0.0054692742
8201_3,0.9026096
3491_1,0.00581996
12210_10,0.6041654
7604_8,0.8077641
1676_10,0.99351174
6477_9,0.99253935
2521_10,0.9941801
9140_2,0.0047552
2463_4,0.010013569
587_8,0.9932025
7120_10,0.054600604
7734_10,0.9941801
7322_10,0.9877587
3803_2,0.0039454065
2417_4,0.03461884
7757_4,0.0043994132
478_9,0.98282325
12269_9,0.99341017
10472_3,0.005554925
2858_9,0.992062
414_9,0.08632348
2552_4,0.0048297215
11615_8,0.9777139
201_2,0.0048297215
5624_3,0.012053779
5080_8,0.95565146
4507_10,0.013428254
1527_3,0.0074606435
6282_1,0.010169657
3911_1,0.006003596
4616_9,0.990732
9562_4,0.9724148
9975_8,0.8193158
7584_10,0.9926542
1121_1,0.005220126
382_10,0.9908744
11309_1,0.006097562
5424_10,0.99341017
8697_8,0.9825575
12420_2,0.012053779
5052_10,0.9928786
1037_1,0.006097562
346_7,0.014281935
2285_8,0.9918121
10867_1,0.004264634
4335_9,0.9849274
9088_7,0.57463354
11037_8,0.98421544
1993_4,0.008711384
11469_3,0.005060332
1834_2,0.0044683837
10723_4,0.008315778
5377_3,0.014281935
1812_1,0.009708476
2760_8,0.9933072
12062_10,0.0269635
1847_1,0.004070138
1280_3,0.18653922
2106_8,0.97838473
5414_1,0.02931223
4930_10,0.99341017
5024_9,0.99341017
5295_9,0.96182173
5427_10,0.9926542
10526_2,0.004070138
5517_2,0.95150405
3971_8,0.9740426
12260_7,0.9764905
3676_10,0.99341017
4132_7,0.99390244
6721_8,0.9830851
2381_7,0.99253935
818_1,0.0059110695
6503_7,0.13706976
12068_7,0.99014014
8847_1,0.0045384313
10698_8,0.98625773
2347_3,0.0038244836
9337_10,0.93581736
9070_4,0.07835981
7962_10,0.9942697
12183_4,0.06233104
12410_3,0.9890131
7988_9,0.9124362
8980_8,0.9881309
8568_4,0.012821214
8374_7,0.992062
3561_4,0.022802636
692_4,0.9830851
4259_1,0.07263671
1627_1,0.0064882697
7064_9,0.9939964
5410_7,0.9878528
10003_3,0.010986943
12068_3,0.0035936027
8048_7,0.83601975
2590_1,0.005060332
3464_2,0.9908744
8423_10,0.89912134
5036_4,0.04813677
10030_3,0.03963884
5500_9,0.9928786
10129_10,0.99155444
1549_10,0.9838472
6463_10,0.99361163
1026_2,0.008315778
6681_10,0.98173577
11004_1,0.00581996
6191_10,0.99155444
9253_4,0.9881309
3193_10,0.993807
7563_1,0.0036499873
3104_7,0.987375
6369_9,0.9911527
606_1,0.005384938
6069_10,0.99298817
6966_7,0.9916842
8945_4,0.007937994
4920_1,0.0044683837
7358_10,0.9891816
9665_10,0.99351174
5005_1,0.008315778
12324_2,0.004070138
1878_1,0.004905406
5917_2,0.007121429
11912_7,0.98866826
11692_1,0.009268014
11505_10,0.99341017
5416_8,0.9933072
12072_1,0.005641909
4436_10,0.98998636
11762_1,0.0047552
5805_10,0.99298817
9464_1,0.0038844768
9412_2,0.0044683837
11262_4,0.7879312
853_7,0.9888419
7087_4,0.006903838
1896_10,0.98866826
9749_4,0.08509905
7431_2,0.028870907
10253_3,0.0032224844
10675_4,0.9805807
4275_4,0.0074606435
5399_8,0.9933072
9388_10,0.6319067
7019_10,0.99351174
10223_2,0.0045384313
10216_1,0.0075772414
2097_3,0.0057302467
4243_3,0.0044683837
8672_1,0.005641909
1260_3,0.004609572
1734_10,0.9926542
2955_9,0.994089
12033_1,0.0038844768
8243_3,0.005060332
8741_2,0.5392259
6481_7,0.9908744
7053_1,0.006692851
1624_8,0.9850429
2900_1,0.007011795
4328_1,0.004681822
11732_7,0.99351174
746_1,0.00818791
6004_3,0.004198795
6162_2,0.005384938
9375_4,0.013742321
10924_4,0.0094125895
6304_4,0.006003596
10035_10,0.99371004
8867_2,0.0037654138
9781_10,0.9928786
8902_8,0.9832145
1006_8,0.057918087
7230_1,0.006692851
8788_9,0.9914225
2079_10,0.9942697
11987_3,0.0045384313
2724_7,0.96405166
8534_2,0.0044683837
7052_1,0.00581996
4390_8,0.990732
520_10,0.929951
3936_3,0.0076956474
5160_3,0.015784562
10519_8,0.98866826
8906_1,0.00498227
8750_4,0.920218
8606_3,0.8951567
12038_2,0.5068355
2939_8,0.98803884
5721_10,0.98998636
6798_8,0.993807
11820_10,0.9941801
6435_10,0.0051396107
404_8,0.994089
6066_9,0.99361163
7921_3,0.00581996
5468_3,0.03138043
7034_10,0.993807
4309_3,0.01798621
8201_7,0.99128854
3656_10,0.994089
8786_4,0.96741027
10564_3,0.0057302467
7401_4,0.0038244836
1163_1,0.30002728
9915_10,0.9923044
11080_10,0.966156
4710_10,0.9943581
131_1,0.18155324
6387_3,0.006003596
3906_1,0.004070138
2075_1,0.0051396107
11663_10,0.994089
6149_3,0.005641909
6703_8,0.99298817
2440_8,0.990732
10500_7,0.9407897
7349_1,0.014842417
10695_1,0.0064882697
6905_1,0.004198795
4902_4,0.9688562
5298_9,0.99298817
6701_4,0.10052487
1344_10,0.9845754
284_10,0.9881309
9114_10,0.9927672
12102_10,0.99193794
11448_2,0.0047552
1053_10,0.9904406
8341_10,0.9785493
433_1,0.00581996
9534_4,0.005554925
6471_2,0.011331754
8971_10,0.9933072
433_8,0.9804314
298_10,0.9877587
5965_1,0.004264634
10408_10,0.9926542
9112_3,0.007232764
6726_9,0.993807
1048_8,0.99253935
11046_9,0.98951083
4808_7,0.9908744
7027_9,0.9928786
12435_8,0.9939964
5480_1,0.0062899017
8823_8,0.9928786
554_9,0.9927672
7167_2,0.0035936027
10762_3,0.0047552
9036_8,0.98951083
12185_4,0.98159516
7763_10,0.99371004
10271_8,0.3987576
1159_8,0.99128854
11063_1,0.0044683837
12479_4,0.0053018946
11179_4,0.004681822
1736_1,0.0048297215
4840_7,0.992062
8233_2,0.16721867
1082_9,0.9114953
8378_7,0.6642953
7777_9,0.99390244
1883_9,0.99101454
7350_10,0.9921841
704_8,0.9914225
6554_8,0.9853843
1750_10,0.9885804
4969_2,0.0034296038
10339_8,0.992062
1902_4,0.09704755
5578_1,0.00581996
5502_1,0.004198795
7250_2,0.003707253
8856_4,0.005220126
10840_9,0.9928786
9730_10,0.9853843
11146_2,0.004905406
5988_3,0.0040072887
9734_8,0.99155444
12338_8,0.5681762
9813_1,0.020645931
8928_2,0.72632855
5431_2,0.005220126
9467_9,0.98934746
4933_4,0.0063883206
11280_10,0.24113183
10279_9,0.98934746
7024_1,0.0048297215
9115_3,0.0094125895
5701_10,0.9941801
9539_1,0.008711384
7655_7,0.99341017
4518_10,0.9939964
3039_4,0.7759446
8654_3,0.007937994
8893_4,0.88523525
3598_9,0.9926542
6443_1,0.007815888
3843_1,0.006097562
3848_9,0.9928786
3149_1,0.007345827
2152_1,0.005220126
11564_1,0.0038844768
4391_8,0.9875683
950_10,0.99155444
10531_10,0.99371004
904_3,0.0053018946
5293_9,0.9939964
2173_1,0.0064882697
5992_2,0.003707253
782_3,0.0094125895
1295_8,0.99341017
9659_1,0.007011795
2214_3,0.010902373
10772_3,0.0053018946
7515_9,0.7711549
7294_2,0.010169657
7761_1,0.01048909
9027_9,0.98173577
6595_1,0.004681822
11003_8,0.9875683
601_10,0.9918121
2991_8,0.9761292
10937_8,0.78727776
7545_1,0.00619299
9747_1,0.005220126
7653_7,0.97262347
6886_1,0.007121429
8054_8,0.9780517
7299_9,0.99371004
2289_3,0.9879462
6569_1,0.004198795
10909_2,0.00581996
4022_7,0.98667485
5407_1,0.004070138
10211_8,0.16913125
9194_1,0.008577485
8113_8,0.98667485
12010_1,0.008061991
7373_7,0.98549646
3535_10,0.9905874
5265_10,0.9930962
7032_1,0.011869121
3391_10,0.994089
969_9,0.9926542
450_2,0.14414886
12296_3,0.017712297
10855_10,0.9918121
2741_10,0.9916842
12403_1,0.0048297215
6118_4,0.009559399
9001_1,0.0111580305
172_4,0.007011795
4405_7,0.9403531
8923_8,0.99298817
5396_10,0.9916842
7183_1,0.005384938
3261_7,0.99242276
7445_10,0.9928786
11412_2,0.0076956474
4765_3,0.016403032
5248_9,0.99253935
3172_2,0.0064882697
10813_4,0.008061991
8054_1,0.0043994132
5535_1,0.004070138
1306_8,0.9904406
135_3,0.08181272
10646_10,0.99155444
9906_1,0.004331502
8156_10,0.993807
2806_1,0.004609572
9501_4,0.0039454065
1882_3,0.0065897712
11895_4,0.006903838
5420_10,0.9921841
11791_10,0.99298817
3798_2,0.0038844768
3282_8,0.9918121
1278_1,0.010169657
1011_4,0.007345827
5263_9,0.98527133
11301_1,0.0057302467
1946_7,0.9923044
3246_10,0.9805807
4130_8,0.9908744
4172_10,0.9927672
2619_2,0.0036499873
5197_4,0.028007522
6060_9,0.99155444
7430_1,0.005060332
3511_10,0.99193794
6970_1,0.007011795
931_4,0.006097562
12374_10,0.9941801
10217_7,0.9840936
964_7,0.99253935
4859_1,0.0059110695
5525_1,0.0059110695
11471_1,0.02096424
5030_4,0.004070138
12177_2,0.0051396107
8892_2,0.005060332
1073_4,0.01883313
7406_1,0.004609572
6345_9,0.9923044
7395_7,0.0063883206
9952_7,0.9883128
5851_4,0.0076956474
6880_7,0.9853843
642_9,0.9927672
6271_9,0.9928786
10983_1,0.0051396107
5602_1,0.0047552
3834_1,0.005554925
6961_3,0.9888419
10102_8,0.98657167
6988_1,0.006692851
5803_9,0.98677725
6009_1,0.0035936027
10294_2,0.0045384313
9811_10,0.9830851
11298_8,0.9911527
4625_10,0.9942697
11263_3,0.004331502
11502_3,0.04115289
9690_10,0.5353414
4453_10,0.99341017
9741_10,0.99128854
12191_9,0.9814534
8019_8,0.99361163
2298_4,0.008315778
1489_4,0.0064882697
4228_7,0.94699025
10905_1,0.0047552
5103_10,0.99361163
5641_1,0.005554925
11567_1,0.0036499873
4040_10,0.9928786
4777_10,0.994615
9612_10,0.994089
3830_1,0.005554925
8781_2,0.0040072887
9415_3,0.9927672
9171_3,0.0045384313
478_3,0.0062899017
10979_8,0.99193794
7073_4,0.18417984
5419_10,0.9888419
8505_3,0.0048297215
7559_1,0.9549844
3827_9,0.64620906
9242_1,0.034880888
3133_10,0.990732
9051_4,0.05223086
8604_10,0.9939964
4811_8,0.9926542
10697_10,0.990732
6142_10,0.99351174
6740_1,0.011869121
7806_8,0.99242276
8326_4,0.98421544
12425_3,0.004905406
11113_1,0.0048297215
8096_1,0.004609572
512_8,0.99253935
11144_7,0.9890131
2073_4,0.004905406
6966_4,0.39934304
12122_3,0.3676675
429_10,0.9462003
10294_9,0.99390244
9955_3,0.011777842
10878_10,0.98571813
9365_1,0.004133968
7317_8,0.98571813
2863_8,0.23828422
11935_3,0.007815888
2180_2,0.031858858
267_10,0.9930962
72_8,0.9001793
936_9,0.98951083
2363_4,0.0065897712
11722_9,0.99029154
1353_7,0.3394443
3883_7,0.96323055
9475_8,0.99351174
2328_2,0.0047552
11982_9,0.99341017
10413_8,0.9849274
1277_2,0.020804489
6299_4,0.0043994132
7536_9,0.99341017
8368_2,0.009859855
634_1,0.0053018946
10095_3,0.9724148
8821_4,0.0057302467
5669_10,0.9943581
4600_8,0.32840827
10859_1,0.004133968
140_9,0.43710256
153_8,0.9693242
8013_9,0.9254997
12389_1,0.98527133
8443_7,0.99371004
12290_10,0.9830851
12152_10,0.9916842
6442_3,0.11636176
7557_4,0.26473838
3699_4,0.71780384
6461_2,0.97046465
8641_10,0.9930962
10771_1,0.007121429
10539_2,0.006097562
10406_1,0.03541073
9617_4,0.009268014
9403_10,0.99361163
3015_1,0.07316472
181_10,0.99155444
2879_4,0.011597362
1758_8,0.98866826
9992_10,0.99101454
10769_7,0.010986943
5616_3,0.0075772414
721_4,0.016529558
3035_1,0.005220126
7877_4,0.0045384313
5554_4,0.004133968
1475_7,0.9834705
1538_7,0.99101454
3499_10,0.60241246
8815_4,0.5936093
5817_8,0.011869121
4179_1,0.006692851
3719_10,0.992062
2538_2,0.00498227
4873_3,0.016152835
7283_9,0.9890131
1997_4,0.37926343
11036_4,0.0067975316
4123_4,0.98527133
3520_3,0.004133968
10320_1,0.0043994132
10185_10,0.99341017
10193_1,0.0074606435
2506_7,0.99351174
9868_10,0.9926542
5603_2,0.0037654138
8392_3,0.0064882697
5322_4,0.003538086
12117_10,0.994089
2411_8,0.42059958
9393_4,0.0053018946
5968_8,0.9918121
6860_1,0.01065251
12144_4,0.06052939
2706_10,0.9911527
5655_1,0.15405756
2555_8,0.5794004
6091_9,0.99242276
712_9,0.99155444
9445_10,0.9930962
1777_10,0.59690315
490_8,0.45132655
318_10,0.98646784
10143_9,0.9911527
3608_8,0.9916842
686_4,0.9896718
12147_1,0.004198795
6782_10,0.9856076
5560_10,0.99341017
11621_8,0.99128854
11909_10,0.9881309
11938_9,0.9927672
1877_1,0.0044683837
1298_1,0.0043994132
11154_3,0.004264634
10898_7,0.950411
9980_8,0.98998636
9719_10,0.97046465
516_1,0.0053018946
2541_1,0.0045384313
23_10,0.992062
3517_1,0.004264634
10839_9,0.99390244
11461_9,0.987375
10150_2,0.0038244836
10664_9,0.99361163
6750_10,0.9795114
11165_4,0.98201376
3463_4,0.004264634
287_1,0.0044683837
5582_1,0.008315778
1136_1,0.004609572
10316_1,0.007937994
1684_8,0.98951083
3556_9,0.38133472
11680_9,0.99361163
10775_10,0.9932025
5558_2,0.004133968
6203_10,0.9923044
4057_4,0.020332353
9010_8,0.99361163
1033_9,0.9927672
12116_9,0.9923044
8401_10,0.99242276
9863_4,0.005384938
2777_1,0.004070138
5797_3,0.0048297215
9929_3,0.004198795
4177_1,0.006692851
2205_8,0.9932025
2839_8,0.9918121
7161_10,0.9914225
11724_4,0.34609914
10369_9,0.99361163
8702_2,0.005641909
1028_10,0.99341017
7226_4,0.0226292
8799_3,0.0074606435
1573_8,0.98866826
12041_7,0.9791955
6207_7,0.9230392
399_8,0.98215127
1034_2,0.0059110695
1610_4,0.14608724
596_10,0.98951083
6474_7,0.9939964
4464_3,0.014281935
10637_2,0.008445628
3272_10,0.99361163
10194_7,0.3532887
11906_3,0.004070138
3666_3,0.012821214
6148_4,0.03704717
4595_8,0.979354
6146_1,0.0051396107
7512_10,0.99341017
12333_1,0.004264634
3490_4,0.80069196
8495_1,0.004264634
955_4,0.005384938
10582_10,0.9875683
9477_8,0.98571813
7132_3,0.007345827
5214_1,0.012821214
8258_10,0.9861514
10387_1,0.120025635
268_10,0.8969756
8153_2,0.004070138
7353_3,0.005220126
7847_10,0.99341017
12028_10,0.992062
2998_8,0.11797801
2641_8,0.9933072
11923_8,0.98951083
12322_1,0.0051396107
11816_3,0.011508149
7111_3,0.005060332
8107_10,0.9449947
8835_8,0.43902567
10142_10,0.9905874
4445_3,0.0048297215
976_8,0.98840266
1996_4,0.66524744
11496_3,0.007815888
1644_4,0.0043994132
8573_3,0.0054692742
10835_9,0.7902067
11531_8,0.9926542
5802_8,0.9787127
2501_3,0.010169657
530_2,0.0051396107
1051_10,0.9928786
6629_1,0.0045384313
10350_1,0.86293024
2943_10,0.99242276
7661_1,0.00581996
8359_3,0.01065251
10218_7,0.97112906
10548_1,0.005060332
906_7,0.9849274
2708_9,0.9839708
12478_4,0.030214587
10222_1,0.005554925
3560_2,0.0034834242
3371_9,0.9683812
10009_3,0.0057302467
3142_3,0.010013569
3876_9,0.9911527
6662_2,0.0048297215
4691_1,0.006097562
2491_4,0.9851576
12485_4,0.031143833
1716_3,0.95791227
10767_10,0.9863631
4083_2,0.008711384
7656_3,0.0053018946
2532_8,0.9891816
11243_8,0.99128854
11878_9,0.994615
3627_8,0.94815457
9049_10,0.06705628
2950_4,0.2821962
4553_8,0.99444515
10414_1,0.014957086
4281_7,0.9918121
7905_4,0.9805807
10800_8,0.98866826
1562_4,0.007345827
7604_4,0.0053018946
5752_2,0.0107351625
9465_1,0.0045384313
2701_4,0.9429286
12432_7,0.96691406
7583_9,0.9926542
4003_10,0.99193794
11082_2,0.010013569
7650_3,0.004609572
2215_7,0.9921841
6597_9,0.98677725
12268_1,0.00581996
8650_7,0.9853843
8311_2,0.009268014
10764_10,0.9927672
5462_2,0.0065897712
10303_9,0.9932025
12132_4,0.010328153
11786_2,0.016657041
6248_2,0.028220987
5570_2,0.009559399
8367_4,0.027795624
2416_7,0.9927672
4073_1,0.006903838
4642_2,0.0067975316
580_10,0.99029154
3328_4,0.006097562
9524_9,0.9923044
11980_2,0.6512717
7812_9,0.99351174
3567_7,0.9930962
9592_2,0.0065897712
8421_1,0.005220126
2618_1,0.0062899017
2367_3,0.010818449
10613_1,0.0038844768
7657_2,0.009268014
10992_4,0.007011795
10663_4,0.90087914
9589_4,0.023689471
5184_8,0.9832145
7352_7,0.9923044
6483_4,0.009268014
914_10,0.993807
1239_4,0.6620048
4465_4,0.7392342
82_10,0.98934746
3696_4,0.016152835
1507_8,0.9908744
12211_3,0.007815888
4003_3,0.0063883206
3738_3,0.005220126
12089_10,0.99361163
593_1,0.0048297215
7555_3,0.007011795
9897_9,0.9943581
299_1,0.015543648
2774_3,0.0062899017
4723_8,0.9871788
1636_2,0.008847355
3383_8,0.99390244
5360_10,0.993807
11542_10,0.9939964
1964_1,0.0037654138
10323_10,0.94699025
5166_1,0.004264634
12371_1,0.0035936027
7426_1,0.006903838
11832_4,0.010818449
684_9,0.9722044
519_7,0.8499712
1712_8,0.9930962
5973_9,0.99390244
2820_3,0.0054692742
5023_7,0.9888419
2625_1,0.005060332
2699_9,0.9930962
7123_1,0.004331502
7327_10,0.9933072
944_8,0.9908744
9757_10,0.99341017
12491_9,0.9930962
12301_10,0.99242276
421_9,0.9933072
6655_2,0.01107216
610_9,0.99128854
3020_1,0.005220126
1797_10,0.9927672
1248_3,0.20465964
2524_10,0.99390244
10596_3,0.07723878
9326_3,0.005220126
9346_2,0.0063883206
3890_8,0.99253935
7836_9,0.9930962
12388_7,0.97966766
3205_2,0.0064882697
1547_9,0.9939964
2706_1,0.0065897712
391_10,0.9890131
1544_10,0.9923044
7861_8,0.96741027
1448_2,0.004681822
6451_3,0.01757688
12187_3,0.0074606435
11702_4,0.96182173
5947_1,0.0059110695
1282_3,0.00581996
7492_2,0.0048297215
7724_7,0.98657167
1564_1,0.9825575
4425_9,0.98951083
9416_9,0.9763105
10826_10,0.99128854
4402_10,0.99101454
9332_3,0.0048297215
5856_1,0.0043994132
2784_2,0.0040072887
3216_1,0.029986506
8057_9,0.9932025
526_10,0.99101454
4376_1,0.004609572
9513_9,0.98840266
9972_9,0.9884919
339_1,0.004331502
11898_1,0.005641909
9282_4,0.008847355
2303_4,0.0051396107
10199_1,0.004905406
11660_10,0.993807
714_4,0.0051396107
9283_9,0.70801073
2972_2,0.045352582
9060_7,0.99341017
3562_8,0.97887486
11064_8,0.9923044
4190_10,0.9757624
12472_10,0.9943581
2942_1,0.0047552
9560_9,0.9923044
2692_4,0.012624948
12057_1,0.0034834242
11197_2,0.069541745
5827_4,0.9921841
4752_1,0.005384938
8114_3,0.0062899017
5643_7,0.99193794
9127_2,0.008847355
10540_10,0.9032942
7342_2,0.004264634
4651_4,0.31027627
8798_1,0.00498227
5973_3,0.00619299
8314_2,0.0035936027
7856_1,0.0059110695
1255_4,0.006692851
9615_8,0.9730365
7261_4,0.029986506
9700_9,0.017442483
5938_10,0.9916842
970_7,0.13251455
7715_8,0.9943581
4643_2,0.009859855
7069_1,0.00498227
8600_10,0.99390244
10275_3,0.010986943
9519_1,0.004264634
8861_10,0.98159516
8558_4,0.0035936027
7495_4,0.10484337
4727_10,0.02931223
9647_8,0.9874721
7192_3,0.9500415
8772_8,0.9927672
1198_4,0.0043994132
4249_7,0.79975533
6816_2,0.008985428
10243_9,0.9939964
8365_1,0.007937994
2529_10,0.5817784
2538_10,0.994615
5946_1,0.004681822
6716_8,0.7567173
2633_7,0.990732
10513_1,0.010818449
4847_1,0.007345827
2552_10,0.9908744
7166_9,0.99351174
398_8,0.99101454
6925_4,0.007121429
9873_9,0.9904406
3598_4,0.007345827
5996_3,0.009559399
4024_10,0.9933072
3184_10,0.99341017
3801_2,0.004609572
1722_10,0.99390244
9344_1,0.004609572
2874_2,0.004331502
2914_4,0.005554925
9643_3,0.09203287
1756_10,0.9928786
2781_1,0.0062899017
3559_1,0.0039454065
6250_1,0.034358688
10960_9,0.9905874
565_8,0.9518632
8749_9,0.98926485
11273_4,0.005554925
6933_4,0.012053779
7295_1,0.0044683837
12267_1,0.0053018946
9844_4,0.0036499873
1949_3,0.01048909
10048_1,0.00619299
7242_2,0.006003596
1722_2,0.0044683837
9869_1,0.37960833
609_1,0.009125638
9383_7,0.009559399
6593_4,0.4956056
3284_10,0.9923044
6190_1,0.9829547
8305_10,0.9911527
20_1,0.005060332
10037_1,0.024987794
1751_10,0.99155444
6821_7,0.99193794
4780_10,0.98934746
1290_10,0.992062
10777_2,0.0045384313
3450_1,0.0040072887
747_3,0.0057302467
9262_10,0.99298817
7206_10,0.9942697
3700_4,0.2656899
2953_4,0.012821214
6828_8,0.98840266
10831_7,0.99193794
5014_1,0.0044683837
11679_10,0.9916842
3476_9,0.9839708
12052_8,0.98707944
8635_3,0.64352536
6475_10,0.9904406
8531_2,0.010013569
9018_7,0.9851576
1492_9,0.9805807
10993_10,0.9914225
1896_2,0.005060332
8241_1,0.0062899017
3568_8,0.9588471
9424_9,0.9869795
3791_1,0.004133968
2117_10,0.99371004
4679_8,0.99155444
1217_7,0.9908744
7969_3,0.0074606435
2271_10,0.9916842
5772_9,0.9429286
1347_8,0.9932025
11800_1,0.008711384
8820_10,0.990732
10014_7,0.018404892
9864_8,0.9896718
6926_4,0.13753249
1842_10,0.9930962
756_7,0.5559175
7657_10,0.994089
12416_7,0.9825575
833_7,0.71977776
8746_10,0.9939964
6374_10,0.9878528
24_10,0.98998636
5133_10,0.9923044
2937_1,0.01784874
9845_8,0.9918121
6236_7,0.0074606435
8525_7,0.37524846
10398_10,0.9798227
6555_7,0.9850429
5873_3,0.936285
12235_8,0.9850429
8972_2,0.032344334
6313_1,0.005060332
3277_1,0.92468774
9661_10,0.96182173
11759_4,0.0051396107
7960_2,0.064653486
2710_7,0.97754294
3152_1,0.004264634
3186_8,0.9926542
6180_2,0.006903838
3303_1,0.0067975316
250_1,0.007937994
8902_1,0.0048297215
7964_9,0.99390244
78_1,0.004070138
9162_9,0.9898303
11868_8,0.97838473
8522_8,0.77390057
8517_8,0.9872773
12341_4,0.007011795
3300_1,0.0044683837
2961_10,0.9942697
11309_10,0.99242276
381_10,0.9941801
6537_10,0.9918121
4623_10,0.9888419
12425_10,0.99253935
817_7,0.9785493
1853_3,0.7325918
3586_10,0.9939964
6148_9,0.99341017
5020_10,0.99351174
6486_10,0.938124
560_8,0.9941801
11210_3,0.79755676
4714_1,0.0038844768
7175_7,0.9666631
10289_9,0.99341017
2497_2,0.87663436
6359_3,0.01627746
4905_3,0.0038244836
4701_10,0.9941801
292_10,0.9930962
4010_9,0.9811669
1591_2,0.9845754
619_10,0.990732
8563_1,0.004905406
488_4,0.01384861
3148_10,0.993807
2046_4,0.010328153
11560_8,0.9572778
8694_7,0.9927672
11041_10,0.97821885
6159_8,0.9898303
10205_1,0.008847355
7840_9,0.98481095
3298_10,0.9933072
2854_7,0.9921841
3521_8,0.99014014
8317_2,0.0057302467
10564_7,0.99155444
7951_3,0.9724148
9834_8,0.9798227
4809_9,0.99371004
4675_1,0.018689308
9493_10,0.9890131
7841_4,0.9697854
8076_10,0.06705628
3242_8,0.99101454
11666_3,0.0063883206
9341_2,0.96432143
10384_1,0.0067975316
1558_9,0.9927672
9790_10,0.6345645
12149_2,0.008577485
11533_4,0.005641909
4438_3,0.07369626
11177_4,0.005554925
8657_7,0.99253935
4485_4,0.4474603
1313_3,0.0038844768
7383_10,0.9941801
11875_8,0.99029154
9838_7,0.9839708
33_3,0.006003596
5747_1,0.007232764
1420_8,0.99351174
7292_9,0.99193794
5218_7,0.5418937
3359_9,0.9390248
10947_8,0.98934746
219_1,0.004609572
6374_3,0.004681822
9686_10,0.97966766
6757_10,0.9888419
1003_8,0.98934746
9313_9,0.99193794
6175_10,0.9928786
5391_7,0.9923044
1085_1,0.0038244836
9054_1,0.039342504
8543_10,0.99371004
686_8,0.990732
6959_3,0.011869121
11014_4,0.70801073
9204_8,0.99351174
9029_7,0.9914225
10441_9,0.99351174
5245_10,0.99371004
1480_7,0.010328153
6426_3,0.9390248
1700_1,0.0075772414
2783_10,0.9943581
6152_8,0.99101454
12282_10,0.99193794
2948_4,0.007232764
11974_2,0.01048909
5944_7,0.20370752
9370_8,0.91212356
711_10,0.9927672
6169_8,0.9941801
12329_1,0.007011795
4904_1,0.0037654138
2070_3,0.004609572
25_3,0.0045384313
1819_4,0.009559399
8642_10,0.9805807
11504_10,0.9881309
10193_7,0.9908744
8917_4,0.00498227
9380_2,0.00498227
10048_8,0.9926542
7288_9,0.99128854
8128_4,0.008061991
7800_3,0.0054692742
5852_1,0.006903838
8027_1,0.005060332
10317_1,0.0051396107
10280_8,0.027585285
3959_10,0.99390244
6115_10,0.9927672
6078_8,0.91964257
12273_9,0.99128854
1497_10,0.8474635
2969_9,0.99253935
2577_1,0.0057302467
4519_1,0.019568678
8596_4,0.008445628
254_3,0.96124375
7005_8,0.9911527
5426_10,0.99193794
965_9,0.94539934
2044_4,0.008577485
9006_3,0.005554925
11462_10,0.9874721
4990_7,0.006097562
163_7,0.89442116
3134_3,0.0057302467
2922_4,0.089136936
5777_1,0.0040072887
6340_7,0.6562178
7896_1,0.004198795
2321_8,0.99029154
2187_1,0.99155444
1831_9,0.9921841
9321_10,0.99253935
9970_10,0.99371004
2978_4,0.004681822
7491_3,0.0065897712
2491_10,0.9736447
749_1,0.0062899017
4751_2,0.009859855
3276_1,0.004681822
10889_9,0.990732
5887_1,0.004198795
8806_9,0.99253935
8569_2,0.004264634
3209_10,0.99371004
7139_10,0.9933072
5052_3,0.0048297215
5773_3,0.005384938
1663_9,0.9787127
3575_7,0.035144847
12017_1,0.0047552
12460_8,0.99298817
7925_2,0.0051396107
1643_10,0.9928786
4537_1,0.0051396107
10651_3,0.0043994132
12075_10,0.99242276
4823_1,0.005641909
5392_7,0.9755769
5436_9,0.9926542
3088_8,0.99128854
6607_9,0.98934746
7648_1,0.004681822
1073_8,0.9941801
4587_8,0.97423947
9463_10,0.9904406
11962_1,0.015543648
8718_4,0.04813677
7781_10,0.9916842
11495_2,0.005220126
2772_4,0.19163005
4029_1,0.004264634
2080_10,0.9928786
6250_9,0.99253935
2985_9,0.23335676
2935_7,0.6771539
7900_1,0.006003596
2433_8,0.99371004
12366_1,0.004905406
10910_2,0.007121429
5265_3,0.0043994132
9603_10,0.9863631
11989_3,0.0111580305
2929_4,0.8940517
1796_1,0.0038844768
10659_2,0.32434237
4978_9,0.9905874
11823_8,0.9942697
1732_8,0.9896718
1103_4,0.006097562
8958_1,0.006003596
8607_4,0.18300885
5820_9,0.9942697
8885_3,0.011419616
3718_10,0.9888419
3822_1,0.029535338
9886_10,0.993807
9806_10,0.98998636
10009_10,0.99242276
5979_2,0.0054692742
11937_3,0.0067975316
4776_8,0.9918121
9009_7,0.5874699
8094_7,0.9881309
828_3,0.03963884
3318_1,0.004609572
3558_4,0.055412795
7967_8,0.9908744
5275_7,0.8543993
5130_1,0.004331502
1327_9,0.9908744
11526_8,0.9923044
32_10,0.99390244
10697_1,0.0037654138
9966_1,0.004198795
3132_1,0.89478946
967_2,0.0063883206
6483_10,0.99193794
698_10,0.98934746
7848_2,0.0051396107
9349_1,0.0075772414
10532_9,0.99371004
11819_2,0.0054692742
6812_1,0.0039454065
5401_1,0.004070138
3528_1,0.004264634
12239_1,0.0063883206
1479_4,0.0047552
2732_4,0.74761593
6806_10,0.99341017
2119_9,0.9914225
8565_9,0.9606575
1914_8,0.98934746
4835_1,0.0045384313
1029_2,0.0044683837
9228_4,0.004905406
2391_2,0.01627746
9674_9,0.9928786
9404_9,0.9492946
5987_1,0.01395571
9237_8,0.9908744
9879_2,0.007121429
1370_10,0.9184803
10662_1,0.03594832
6937_7,0.81640637
6355_9,0.9871788
3784_4,0.054600604
9136_10,0.9928786
9557_4,0.018404892
12013_7,0.9928786
1114_4,0.0987726
6890_10,0.99193794
3238_8,0.9930962
1790_10,0.9926542
4277_8,0.992062
2257_4,0.025957355
7677_10,0.99101454
1618_4,0.42202815
7314_1,0.0063883206
10332_1,0.004070138
7746_2,0.94208187
9303_3,0.00498227
12321_9,0.994089
10341_2,0.0040072887
7745_9,0.9941801
11104_7,0.99029154
10855_1,0.004198795
10300_1,0.0074606435
2037_2,0.004609572
7754_9,0.98866826
9503_10,0.99193794
396_7,0.98866826
583_2,0.004264634
4469_3,0.053009775
11038_1,0.007345827
2285_4,0.008315778
5069_8,0.33132255
8736_8,0.9914225
9486_3,0.010902373
11669_10,0.7666432
8598_1,0.0047552
1344_3,0.0038844768
11789_3,0.014728613
9605_2,0.00498227
10122_2,0.0048297215
3752_10,0.9896718
3864_4,0.009125638
10505_7,0.9429286
3822_8,0.9923044
8146_4,0.010169657
11114_8,0.95292586
7847_2,0.0064882697
10300_10,0.99253935
7021_10,0.9914225
8_9,0.013020489
7199_2,0.014728613
9392_9,0.9882222
8234_7,0.9222025
12328_7,0.9780517
9918_9,0.90665317
10066_7,0.9458012
5482_2,0.0044683837
6914_4,0.007937994
4665_7,0.86293024
613_4,0.03308598
577_8,0.9914225
12490_4,0.93721074
8637_3,0.0063883206
11815_4,0.009708476
9490_10,0.9939964
4388_3,0.0053018946
11778_10,0.99029154
4988_10,0.99242276
6590_3,0.98803884
4761_7,0.85776806
8828_4,0.00581996
10382_3,0.005220126
3321_1,0.98803884
2550_10,0.99351174
12104_1,0.052618954
6431_1,0.00581996
8829_8,0.92944044
858_7,0.92359227
197_1,0.0065897712
3599_7,0.93581736
10808_2,0.8499712
12050_4,0.04672496
6348_1,0.0063883206
11051_8,0.7759446
11216_4,0.9433476
8360_3,0.115560874
9570_2,0.0063883206
8040_4,0.008577485
3664_8,0.9933072
10003_8,0.99351174
3763_7,0.9839708
9692_9,0.97112906
4503_1,0.004331502
10985_2,0.00818791
121_4,0.14033625
5651_10,0.9926542
9416_3,0.004331502
9128_8,0.91022676
8955_8,0.99128854
8787_4,0.005220126
1622_9,0.98102194
762_3,0.0039454065
6915_2,0.0045384313
8998_4,0.005384938
8200_10,0.9898303
1878_8,0.99128854
5969_10,0.9911527
8000_3,0.01883313
8161_10,0.99341017
9805_4,0.02576056
3815_10,0.9921841
3783_3,0.22781274
4924_10,0.9883128
7952_1,0.0062899017
4060_8,0.77932185
775_1,0.0044683837
696_10,0.993807
8751_10,0.96741027
6073_10,0.99253935
9982_1,0.2836822
3706_10,0.99029154
5996_8,0.93674946
3107_10,0.99361163
8913_8,0.9891816
8982_9,0.99341017
8938_3,0.7914989
3008_3,0.032836955
3787_2,0.00619299
6146_9,0.4120569
5664_1,0.00619299
2408_3,0.17189366
6153_2,0.009125638
7023_7,0.9832145
2571_3,0.004070138
6808_4,0.007232764
6425_9,0.9943581
11139_4,0.0063883206
320_7,0.06233104
3098_1,0.0038844768
5369_10,0.8056322
480_3,0.0460339
7884_9,0.9881309
5247_1,0.0051396107
3192_2,0.004905406
12127_1,0.006097562
1237_7,0.9921841
612_3,0.02576056
6016_7,0.53291136
10490_1,0.0051396107
5180_8,0.99155444
3122_4,0.0047552
2845_8,0.9838472
9000_8,0.992062
448_2,0.011331754
1207_10,0.9933072
11989_8,0.9830851
11102_9,0.99361163
1761_1,0.00818791
9815_3,0.03904829
12023_1,0.01566365
9901_10,0.99444515
11740_2,0.4452883
4702_10,0.9881309
4885_3,0.12852514
0_2,0.0059110695
2273_2,0.004264634
11340_8,0.9761292
12012_4,0.71183175
10534_10,0.98951083
8424_2,0.005641909
8716_3,0.020332353
7154_10,0.9928786
5001_1,0.0040072887
6511_3,0.0074606435
3308_7,0.9814534
2720_2,0.005384938
1183_10,0.9930962
12387_2,0.004609572
6580_2,0.004331502
4431_9,0.99390244
11828_7,0.97068775
6737_10,0.9930962
7505_4,0.0064882697
4798_2,0.029986506
4773_1,0.0047552
6719_3,0.0053018946
6475_3,0.047425874
11733_3,0.008711384
9360_7,0.9207897
5571_1,0.0047552
10316_10,0.98282325
5068_3,0.21866938
11188_8,0.16398025
7291_3,0.005220126
6233_3,0.006003596
11710_1,0.42250463
3780_7,0.97262347
3210_10,0.9933072
2885_3,0.008061991
2912_4,0.010328153
3320_4,0.004070138
11275_4,0.14511536
8406_1,0.005384938
8275_10,0.8059378
4862_9,0.99253935
11817_2,0.011597362
302_10,0.979354
11341_1,0.008985428
4626_1,0.0048297215
1030_2,0.0063883206
4799_8,0.99371004
4845_1,0.005641909
3458_1,0.004331502
9535_9,0.99361163
6553_10,0.9908744
486_4,0.074500255
11162_7,0.9891816
7689_7,0.9658996
12058_1,0.0040072887
3740_1,0.004264634
11656_8,0.4201237
9795_1,0.0044683837
1947_1,0.0054692742
1468_1,0.00619299
4158_10,0.9908744
5876_1,0.005384938
12084_4,0.6970936
5434_7,0.95362175
7984_9,0.9918121
2217_8,0.9908744
2300_4,0.0057302467
8707_7,0.96405166
3345_10,0.99341017
7375_8,0.14270912
1150_2,0.0045384313
8557_10,0.9932025
5590_8,0.990732
5270_1,0.0074606435
10339_4,0.006903838
6789_3,0.92788786
4289_1,0.0053018946
693_4,0.01048909
326_1,0.9859364
9786_8,0.93674946
6610_10,0.9916842
11350_9,0.8976953
10907_1,0.005060332
3285_8,0.9890131
10964_4,0.006003596
5411_1,0.0051396107
6188_10,0.938124
7110_3,0.00581996
7355_8,0.94208187
12116_1,0.35426554
1187_1,0.00498227
12167_7,0.9921841
5530_9,0.72545415
2829_10,0.12252322
9549_4,0.0038844768
8805_10,0.97134733
10265_3,0.16749083
5227_3,0.0044683837
8693_10,0.9932025
6331_10,0.99361163
9079_4,0.005060332
7200_1,0.0094125895
9322_10,0.993807
2899_4,0.0044683837
6478_10,0.9923044
4659_1,0.00818791
6755_1,0.004681822
10385_10,0.9918121
11861_1,0.003707253
5483_10,0.99371004
4012_10,0.9927672
7146_9,0.99341017
3782_9,0.9798227
12181_4,0.00818791
10663_10,0.325199
4712_1,0.00498227
11071_10,0.99101454
11171_3,0.004133968
9043_10,0.993807
9912_10,0.9898303
7306_9,0.9876639
12382_9,0.9851576
11654_9,0.99351174
8848_1,0.0051396107
4076_3,0.0039454065
8248_3,0.045352582
10011_1,0.0044683837
11769_1,0.0044683837
4164_9,0.9941801
1831_1,0.0048297215
4164_1,0.004133968
318_3,0.009268014
7221_10,0.99351174
10912_8,0.9942697
1321_4,0.9875683
7712_7,0.979354
2680_4,0.0047552
8374_1,0.0040072887
995_7,0.9927672
2009_1,0.0067975316
3905_9,0.9795114
3348_3,0.0076956474
6466_1,0.004609572
11900_10,0.9933072
1634_7,0.913368
8245_4,0.04672496
8561_1,0.0054692742
2072_2,0.0038244836
12060_10,0.9549844
8178_3,0.0057302467
8778_1,0.021125194
10489_8,0.99361163
10118_8,0.9908744
3470_8,0.994089
8014_4,0.9213576
582_10,0.99253935
8984_8,0.9927672
9085_8,0.9859364
8894_2,0.00498227
3762_2,0.31673902
3815_2,0.0039454065
5903_9,0.9863631
8907_10,0.9759464
6140_7,0.9904406
9279_4,0.9500415
2948_9,0.99361163
10588_10,0.9930962
8239_1,0.004331502
6986_2,0.004905406
5308_3,0.005060332
11984_8,0.02517884
9984_4,0.990732
11803_8,0.99371004
2925_10,0.99298817
11396_10,0.9563089
8998_7,0.96295285
4511_7,0.9941801
5780_2,0.015189049
9838_4,0.01214717
422_10,0.89552265
11389_10,0.97262347
8511_3,0.9046505
2089_10,0.9933072
5818_3,0.009859855
566_9,0.97134733
452_10,0.9943581
4451_9,0.9939964
6105_1,0.013532149
2158_10,0.0067975316
10395_2,0.979354
11291_3,0.004264634
2408_8,0.9914225
3698_9,0.99155444
6060_2,0.0043994132
9509_10,0.99014014
7136_10,0.9830851
5557_10,0.993807
7155_2,0.0043994132
11421_10,0.9914225
3620_4,0.12378871
2176_4,0.048496004
8970_1,0.12635334
11186_10,0.99371004
9604_3,0.016152835
6047_10,0.97112906
4487_9,0.99128854
11880_3,0.0054692742
2650_2,0.00581996
5279_1,0.004905406
9289_1,0.007121429
11673_10,0.99242276
6890_2,0.006003596
2668_10,0.98228765
942_1,0.0040072887
264_1,0.004264634
10157_1,0.04369106
791_10,0.98934746
11434_9,0.97887486
5630_2,0.005060332
9392_1,0.88363826
12471_3,0.015189049
8593_9,0.9348725
10333_10,0.990732
9146_8,0.98707944
5404_7,0.83973396
7662_9,0.99371004
11068_1,0.004331502
4460_2,0.011419616
5002_10,0.99128854
9269_9,0.9939964
1639_10,0.99155444
9045_1,0.0036499873
9944_8,0.045015533
4091_4,0.004198795
6889_4,0.0040072887
71_9,0.99361163
10173_8,0.9941801
2513_8,0.97719735
7507_1,0.005384938
1235_2,0.006903838
3325_1,0.01507263
4146_7,0.006003596
7286_8,0.9888419
4096_1,0.004681822
3897_7,0.99101454
11240_10,0.9928786
4109_1,0.004331502
9566_4,0.0064882697
2038_8,0.9933072
6985_7,0.96641046
6967_9,0.99242276
11020_10,0.9927672
3291_1,0.0065897712
9763_3,0.011869121
1943_7,0.9877587
7599_7,0.91086304
8158_8,0.9939964
4140_3,0.0047552
11840_2,0.0043994132
9675_1,0.005060332
10878_1,0.0051396107
10760_1,0.0038844768
260_1,0.0059110695
8188_10,0.99341017
3260_1,0.004264634
6172_9,0.99193794
10021_3,0.035144847
7784_10,0.9918121
4066_1,0.012527932
12325_10,0.9908744
9894_8,0.9888419
1242_1,0.007815888
2059_1,0.005060332
10686_7,0.9896718
8110_2,0.0043994132
8398_7,0.9785493
6096_9,0.98803884
9422_3,0.037326884
2919_4,0.9896718
10248_1,0.44577077
7480_1,0.008315778
3248_8,0.9918121
10264_2,0.005384938
7401_10,0.7264256
10528_1,0.012527932
7623_8,0.06142404
3968_2,0.0051396107
10918_4,0.0062899017
5146_7,0.99155444
12466_4,0.009268014
10395_10,0.4204806
3862_8,0.9942697
2247_1,0.01048909
2979_9,0.9939964
3271_9,0.99371004
5225_1,0.004133968
5662_1,0.027376488
12087_3,0.27202454
10765_10,0.99298817
1256_4,0.0065897712
2057_1,0.0045384313
2610_7,0.95976204
2065_2,0.0067975316
4410_3,0.06008665
6847_10,0.9928786
1927_1,0.007232764
4201_9,0.9832145
2578_8,0.99298817
74_10,0.99361163
8324_10,0.9928786
4762_8,0.95430803
10612_3,0.00581996
11353_10,0.9738444
10709_8,0.9927672
3978_7,0.99101454
954_4,0.004609572
2493_10,0.92441523
8293_7,0.9914225
9454_1,0.0053018946
8982_1,0.005220126
5201_3,0.08419108
9758_1,0.0051396107
5999_8,0.98242307
11000_1,0.0040072887
647_1,0.0063883206
7345_9,0.9939964
5105_3,0.21304952
9488_4,0.005060332
11810_10,0.99298817
5343_8,0.9465967
1671_7,0.99101454
6414_2,0.031618766
3749_8,0.9898303
2310_2,0.004331502
8460_2,0.0040072887
12305_1,0.00498227
11672_1,0.005220126
11726_10,0.9921841
11659_2,0.011331754
8684_2,0.0048297215
6546_10,0.9887554
1980_8,0.9728308
3113_10,0.99242276
8440_1,0.0044683837
7473_7,0.9927672
726_7,0.9874721
11165_10,0.99298817
9830_2,0.78858316
6409_10,0.992062
11455_3,0.00619299
993_3,0.009708476
3186_1,0.008315778
11631_4,0.006003596
3225_1,0.0045384313
4442_1,0.0048297215
6775_9,0.99351174
230_7,0.98657167
5971_4,0.012527932
763_10,0.994615
9943_10,0.99361163
10098_9,0.9877587
7219_10,0.99253935
6348_8,0.99101454
5774_10,0.98951083
1842_4,0.004681822
3544_8,0.9851576
5661_10,0.99351174
8698_1,0.006003596
7576_1,0.005220126
584_3,0.95430803
9963_8,0.9348725
11653_8,0.994089
4269_1,0.004264634
728_1,0.0036499873
7118_2,0.0047552
6305_4,0.9908744
5970_4,0.007815888
4729_1,0.0039454065
7638_10,0.7988153
2709_10,0.9872773
1461_7,0.98582757
5302_10,0.9939964
3589_10,0.9941801
3897_4,0.010818449
9883_1,0.004609572
9903_4,0.01048909
9789_1,0.005220126
2971_4,0.00498227
5015_7,0.992062
9215_1,0.005554925
8553_2,0.052618954
5671_3,0.0045384313
748_7,0.9566342
8222_10,0.9869795
9336_3,0.68394744
1585_1,0.01065251
10634_8,0.9930962
4549_8,0.99390244
7014_10,0.9926542
2412_10,0.9911527
5779_10,0.9787127
11949_4,0.012241275
6879_8,0.43782353
4432_2,0.024609927
5825_10,0.9518632
10422_9,0.92683524
4575_10,0.98998636
11520_1,0.011597362
6612_1,0.0044683837
4206_7,0.98951083
1611_10,0.8778961
8170_10,0.9941801
96_1,0.0040072887
715_10,0.99128854
10032_8,0.98934746
2585_1,0.005220126
7477_3,0.23126681
2778_10,0.9941801
6807_1,0.9914225
6378_1,0.5907792
1752_10,0.9928786
2305_8,0.99341017
7423_3,0.004681822
496_9,0.9896718
10829_1,0.005554925
7012_9,0.9656413
7701_7,0.98667485
6858_8,0.9930962
2723_4,0.01243165
5720_1,0.008711384
1531_9,0.98187524
3052_8,0.9908744
2728_7,0.98951083
2275_4,0.008847355
11211_1,0.025565214
4603_3,0.007937994
2273_9,0.99371004
11662_2,0.005384938
4887_3,0.00619299
8155_9,0.9930962
2373_4,0.01678549
1754_1,0.00619299
12247_9,0.99193794
10327_1,0.004905406
8968_3,0.00498227
370_8,0.98677725
559_10,0.99193794
8273_3,0.00818791
8125_2,0.0043994132
8666_9,0.85195273
4827_7,0.9860443
9737_10,0.992062
5604_8,0.037608635
8331_10,0.98840266
886_2,0.004681822
4413_7,0.33095756
4116_7,0.9921841
3675_1,0.007121429
496_3,0.0123361
8837_4,0.8933094
3099_2,0.007815888
5518_4,0.90087914
6953_9,0.99361163
1240_9,0.913368
8614_1,0.010013569
1628_8,0.2432827
1673_3,0.004198795
10806_8,0.98803884
780_9,0.99128854
6957_8,0.994089
10903_8,0.9926542
9908_7,0.029760094
4696_9,0.9926542
3816_7,0.99014014
489_9,0.9932025
2254_1,0.0051396107
122_8,0.16451646
3171_8,0.96378
54_3,0.97090924
8826_4,0.63204867
7686_1,0.0044683837
10875_3,0.004198795
4858_10,0.86293024
1268_8,0.25386098
3497_10,0.98445636
6527_1,0.0053018946
1345_9,0.9874721
10092_4,0.0040072887
11571_9,0.98998636
2899_10,0.99351174
5381_10,0.993807
8722_1,0.0040072887
10521_10,0.990732
296_9,0.9908744
6184_1,0.007011795
6657_10,0.99361163
5972_9,0.98951083
8599_7,0.011687259
6125_1,0.004609572
5834_2,0.14463145
12479_9,0.9916842
3253_2,0.015424551
4986_9,0.9918121
6439_7,0.9829547
9659_8,0.99371004
3375_3,0.0054692742
3155_10,0.9914225
3478_9,0.7401744
6251_1,0.0045384313
6281_1,0.0043994132
4669_8,0.97821885
2843_2,0.0043994132
8137_8,0.9926542
9390_10,0.99361163
11401_3,0.004681822
1455_4,0.012053779
8418_9,0.994089
7064_4,0.009708476
7467_4,0.009125638
12492_10,0.99469805
1969_4,0.008061991
5388_8,0.9780517
3287_2,0.0043994132
3493_1,0.00581996
11682_8,0.9921841
7860_3,0.006692851
5507_4,0.006692851
11741_10,0.99341017
8041_8,0.9928786
3525_7,0.99101454
12256_9,0.99014014
1559_10,0.9939964
5477_9,0.99298817
736_2,0.009708476
29_10,0.99361163
12257_7,0.99128854
11184_3,0.0074606435
5323_4,0.0045384313
11315_3,0.009708476
1400_4,0.83601975
7978_3,0.009859855
6543_10,0.074231364
2120_10,0.9904406
3033_10,0.9927672
4096_7,0.9923044
10945_1,0.011331754
10726_7,0.9928786
10568_10,0.9930962
8966_8,0.9927672
12274_4,0.005060332
10560_4,0.006692851
12352_8,0.0705596
5860_1,0.004905406
11828_1,0.0045384313
10752_7,0.983343
6501_4,0.0051396107
561_1,0.004609572
6796_1,0.0047552
2626_4,0.97997653
9089_3,0.00498227
10921_10,0.99341017
6969_10,0.97788346
1039_1,0.0057302467
9561_2,0.00581996
2651_10,0.9933072
8929_7,0.9928786
6434_2,0.9728308
3954_1,0.0039454065
12408_10,0.9896718
9230_8,0.99242276
6626_1,0.024423089
1913_2,0.0047552
9277_10,0.9928786
8177_8,0.99193794
7174_2,0.008061991
10000_7,0.98803884
849_1,0.0047552
9768_1,0.004905406
2852_7,0.4882834
7872_10,0.9145963
7331_7,0.9891816
9716_8,0.9766692
5672_1,0.96641046
11305_7,0.99029154
4750_2,0.005554925
3606_7,0.9921841
10329_1,0.004070138
4407_8,0.9923044
4298_8,0.9928786
1526_3,0.10123348
1177_8,0.6549223
8366_3,0.0063883206
1848_9,0.99351174
9689_1,0.0048297215
4883_7,0.04885778
10485_10,0.98646784
10851_9,0.98582757
1550_7,0.9908744
5088_7,0.95759624
7420_7,0.99341017
8306_4,0.0335895
7474_9,0.992062
5297_10,0.9941801
9105_1,0.004264634
4806_8,0.9930962
11659_10,0.99341017
5491_4,0.9522199
4175_1,0.008985428
8726_1,0.004905406
9049_4,0.004070138
3266_10,0.99128854
1396_1,0.007232764
8364_4,0.91789335
3945_2,0.004681822
196_4,0.00498227
279_1,0.004264634
12203_2,0.0045384313
8613_8,0.9881309
3839_10,0.99371004
2780_7,0.03567855
10493_10,0.99390244
6866_9,0.9853843
4044_10,0.99341017
2435_1,0.0053018946
1976_4,0.7538293
8649_3,0.004198795
7299_1,0.0038844768
6018_2,0.004070138
9729_8,0.99453074
3154_10,0.990732
950_1,0.010013569
1409_4,0.09842542
5175_10,0.9939964
9722_4,0.021125194
4077_2,0.0123361
7067_1,0.0074606435
10984_10,0.9933072
7117_1,0.003707253
2121_10,0.993807
1386_10,0.9927672
12236_10,0.9914225
11844_1,0.004264634
8085_9,0.94458723
333_3,0.020645931
6522_3,0.03846619
249_7,0.99128854
1199_1,0.0034296038
499_8,0.9763105
10033_1,0.0047552
7699_9,0.987375
4829_7,0.754915
665_1,0.004681822
6743_8,0.39536762
10153_10,0.98677725
4757_2,0.6454552
6942_10,0.99341017
3895_7,0.9840936
11128_1,0.008985428
4404_3,0.005554925
10811_1,0.0044683837
1165_7,0.07558479
10907_8,0.9926542
1859_10,0.99351174
5836_10,0.97997653
10158_2,0.938576
899_3,0.00619299
8631_1,0.9719925
7153_8,0.98215127
847_2,0.007232764
4418_10,0.9930962
12320_10,0.9898303
11242_8,0.66747284
7046_7,0.9881309
1819_10,0.99351174
1651_10,0.95362175
8280_10,0.99453074
2062_9,0.993807
4781_8,0.99341017
10314_1,0.008985428
1934_1,0.0059110695
12230_7,0.9927672
6689_9,0.99341017
987_4,0.0040072887
9881_2,0.007815888
4571_7,0.99341017
569_4,0.29421496
11392_3,0.4325427
10716_2,0.0053018946
7643_3,0.007937994
7429_8,0.9905874
11315_7,0.12463858
3097_9,0.96765566
10398_1,0.004070138
6299_8,0.9722044
5951_2,0.005220126
8930_8,0.9941801
1852_4,0.0047552
2857_7,0.9926542
4544_9,0.60673153
9492_10,0.030908957
1947_8,0.9883128
9178_2,0.0044683837
6290_3,0.004331502
6313_8,0.99298817
6975_8,0.99242276
12258_10,0.9927672
3970_10,0.9933072
8096_7,0.96432143
10872_3,0.0044683837
3660_1,0.006903838
7958_10,0.9941801
652_1,0.0043994132
10331_1,0.0040072887
2368_4,0.006003596
12367_1,0.0038244836
12125_3,0.07585818
5785_8,0.9908744
5213_10,0.60323083
6334_8,0.98866826
8005_4,0.0140636265
8405_7,0.97344345
4629_2,0.0054692742
9342_8,0.9861514
11634_3,0.022802636
2878_2,0.011331754
6195_1,0.008061991
6994_8,0.99298817
12170_3,0.7397986
7384_1,0.004905406
1047_8,0.9860443
669_2,0.008315778
2976_1,0.0043994132
4718_1,0.0040072887
1203_1,0.005060332
9113_10,0.9926542
2928_1,0.0054692742
10734_8,0.9898303
6469_7,0.9926542
2896_3,0.01678549
12061_8,0.9941801
240_9,0.9926542
8580_1,0.031143833
1961_1,0.5696133
6145_1,0.0040072887
11028_4,0.99029154
7664_1,0.004609572
3022_1,0.07477005
7893_8,0.98159516
1149_8,0.993807
8301_8,0.90295243
8210_10,0.9851576
9949_8,0.9813107
2961_4,0.01395571
9796_10,0.9582261
4397_7,0.99341017
2936_3,0.007815888
11382_10,0.9941801
11671_1,0.0043994132
10864_1,0.004133968
11253_4,0.0054692742
4692_3,0.0040072887
11905_2,0.008315778
12066_1,0.10374863
789_8,0.9814534
7700_8,0.9312127
7697_7,0.9883128
8628_4,0.005554925
5719_2,0.016529558
4761_2,0.004198795
8777_1,0.0064882697
3525_1,0.008711384
11990_4,0.012527932
432_10,0.99371004
4115_3,0.07263671
10888_10,0.98646784
6995_2,0.24798743
11910_10,0.87914675
8895_1,0.0047552
12149_10,0.84389514
11782_8,0.94776917
12139_7,0.96691406
380_2,0.012527932
5242_10,0.9834705
3542_9,0.9896718
6821_1,0.06656919
6931_1,0.005384938
5958_9,0.9736447
5332_2,0.004905406
2630_2,0.005554925
6387_7,0.98840266
7899_8,0.938576
11017_3,0.0054692742
11800_10,0.99361163
10926_10,0.9891816
9866_10,0.95759624
3203_2,0.0044683837
11276_4,0.0067975316
8342_2,0.20946968
6167_10,0.9688562
36_3,0.0044683837
3340_1,0.0038244836
3997_9,0.9939964
2627_10,0.9911527
4204_1,0.011869121
1018_4,0.99193794
10951_1,0.0044683837
5315_4,0.99128854
6301_7,0.9916842
12038_10,0.9923044
3164_10,0.9851576
10989_8,0.9928786
2449_9,0.99253935
4375_1,0.005220126
7037_3,0.11961367
33_7,0.9876639
7457_10,0.990732
2082_3,0.006692851
1316_10,0.99371004
9097_3,0.011597362
5804_10,0.9908744
9411_1,0.0038244836
118_10,0.9908744
560_3,0.06418265
8914_9,0.86293024
2745_4,0.9394706
2607_1,0.0051396107
4405_4,0.030214587
10451_1,0.0044683837
1887_7,0.98421544
725_2,0.01784874
5118_4,0.008711384
9536_1,0.0039454065
127_3,0.007345827
2833_8,0.9943581
131_7,0.6387508
7789_10,0.9923044
6294_7,0.9927672
3872_4,0.0051396107
5454_7,0.99029154
11162_1,0.0044683837
1685_1,0.004198795
8352_2,0.009708476
5003_1,0.006003596
262_9,0.9921841
8233_8,0.9926542
1814_10,0.9891816
1967_10,0.028436033
7545_10,0.98866826
12386_2,0.010013569
9531_9,0.9908744
3013_1,0.004681822
6835_10,0.9926542
1279_3,0.37129334
2411_1,0.0067975316
9537_1,0.0036499873
3446_10,0.99390244
656_4,0.35192332
7085_1,0.004198795
8355_1,0.006097562
1869_3,0.16291203
2317_2,0.0044683837
11228_4,0.004133968
3987_8,0.9933072
509_3,0.0047552
5168_8,0.99193794
9267_10,0.99371004
912_10,0.9905874
10275_9,0.9898303
2855_10,0.98646784
6079_4,0.030675802
2728_1,0.0044683837
9895_4,0.29992473
8230_7,0.9923044
5152_4,0.12984344
4137_8,0.993807
919_10,0.9930962
1481_1,0.009859855
2468_1,0.004133968
383_1,0.0038844768
11552_4,0.004198795
856_7,0.98667485
9047_1,0.0047552
2300_9,0.98571813
1346_7,0.9890131
6316_4,0.11397346
7983_10,0.99128854
9685_10,0.9005298
2745_10,0.77218723
8149_1,0.006097562
9478_1,0.0040072887
3126_3,0.006692851
11629_10,0.99253935
5858_8,0.98646784
200_8,0.99371004
7721_4,0.033336822
12334_8,0.9908744
9582_4,0.00619299
5696_9,0.98866826
3823_3,0.01627746
11571_4,0.058776557
1349_9,0.99351174
4306_7,0.992062
6924_1,0.4186969
10639_10,0.93045825
5674_1,0.051082738
11321_1,0.00498227
771_4,0.005641909
3519_1,0.0064882697
2378_2,0.004905406
5677_10,0.9932025
2807_4,0.074231364
10165_9,0.99253935
6940_1,0.0044683837
11015_3,0.938124
1055_3,0.0074606435
11055_9,0.9911527
8173_1,0.029090757
10743_1,0.004681822
11927_3,0.04208773
8785_4,0.98549646
10995_1,0.0063883206
11899_1,0.004070138
10078_10,0.9926542
11831_8,0.92788786
8182_1,0.69657785
9664_2,0.004198795
12229_9,0.9939964
6076_2,0.004198795
8529_2,0.005220126
4686_1,0.01048909
8174_9,0.99351174
7395_4,0.015906392
1803_10,0.9943581
2508_1,0.004264634
452_2,0.005060332
8830_4,0.54140884
3240_4,0.97903574
578_2,0.005060332
3093_2,0.010169657
9543_1,0.0045384313
9065_4,0.0062899017
534_4,0.8504686
9762_2,0.010818449
3037_1,0.008315778
4632_7,0.99242276
5064_8,0.9184803
9962_10,0.99361163
9340_10,0.9032942
5881_1,0.0045384313
4642_10,0.9932025
5293_4,0.6510343
6721_1,0.013636835
9869_7,0.9928786
7070_10,0.99390244
12486_9,0.9930962
4943_9,0.9695556
7939_10,0.9606575
5786_3,0.006003596
10357_7,0.17781086
7147_10,0.994089
8627_10,0.98934746
3370_1,0.24113183
4117_10,0.98934746
8178_7,0.9923044
968_8,0.9928786
5931_8,0.9869795
6459_2,0.0053018946
2480_3,0.011777842
5511_10,0.6997676
7554_2,0.00498227
9276_8,0.9939964
140_2,0.019719128
2776_10,0.9939964
3690_1,0.04054074
6369_2,0.009268014
7438_10,0.99242276
872_9,0.9076402
2389_2,0.006003596
2882_3,0.61468315
10404_9,0.9923044
5790_4,0.00818791
2382_7,0.99014014
7798_1,0.005220126
272_1,0.004331502
298_1,0.005641909
11414_7,0.9813107
9255_4,0.385259
5914_4,0.0051396107
2974_7,0.9861514
6739_7,0.98951083
1229_7,0.87663436
2268_10,0.99128854
2352_7,0.88759494
9329_10,0.99390244
11380_10,0.99341017
215_4,0.0045384313
9915_2,0.004070138
541_1,0.006003596
10975_2,0.005554925
6946_9,0.96295285
3286_7,0.9884919
7482_10,0.99242276
48_4,0.1727293
10046_4,0.93439513
6295_1,0.00498227
6417_4,0.0045384313
2401_4,0.007345827
8608_1,0.93195957
3500_8,0.94891727
11903_3,0.005060332
4012_2,0.023689471
11415_4,0.88363826
5835_4,0.0067975316
9039_4,0.08977329
6526_1,0.0063883206
6379_8,0.9795114
6136_10,0.99193794
6094_4,0.012053779
11608_9,0.938124
3745_3,0.8247444
10694_1,0.006692851
3222_10,0.99361163
3394_4,0.0044683837
7790_10,0.9923044
2982_10,0.99371004
12253_3,0.99361163
5900_1,0.06233104
3398_4,0.9022657
10038_7,0.27532452
1520_8,0.99193794
11756_2,0.048496004
6228_1,0.004681822
6226_7,0.987375
4377_10,0.99390244
9730_1,0.004331502
11088_4,0.0076956474
7867_10,0.9911527
5072_1,0.0048297215
7935_3,0.23091976
4536_3,0.01627746
6989_2,0.004609572
8101_8,0.9916842
3364_7,0.90295243
7862_1,0.010902373
8562_2,0.005554925
9783_9,0.990732
7272_1,0.0048297215
1025_3,0.0054692742
9432_7,0.91700584
4153_8,0.99371004
8528_1,0.005384938
8427_4,0.039937317
5417_1,0.0064882697
6575_1,0.036493763
10041_8,0.99155444
7589_4,0.20785715
10391_9,0.9930962
1400_7,0.9898303
9428_2,0.007815888
7106_3,0.005220126
5695_10,0.9933072
6430_10,0.99341017
11722_4,0.007232764
11328_1,0.003707253
9020_3,0.9500415
183_10,0.9898303
6674_10,0.99029154
5495_10,0.9923044
2237_7,0.9838472
11943_7,0.99014014
5872_10,0.992062
5043_9,0.993807
3869_1,0.00619299
5113_4,0.30197924
4671_3,0.0035936027
9220_4,0.055412795
7330_1,0.003707253
5344_3,0.007345827
11965_1,0.0057302467
7620_9,0.99128854
7044_10,0.9923044
6296_10,0.979354
8204_1,0.0044683837
7661_9,0.9871788
11708_2,0.009559399
2415_7,0.95362175
7840_4,0.007121429
2628_10,0.994089
4633_3,0.23300752
7320_2,0.0045384313
11755_1,0.9348725
2589_2,0.00581996
5044_10,0.9941801
5189_1,0.0043994132
7926_7,0.99029154
2454_10,0.99298817
3368_1,0.0040072887
12223_7,0.9678993
7348_1,0.004070138
12007_8,0.99128854
5501_7,0.86476797
4025_8,0.9941801
6447_10,0.96405166
5438_3,0.11920291
7910_10,0.99298817
377_1,0.004070138
409_8,0.99128854
2150_9,0.9939964
11986_2,0.006003596
2544_2,0.9324533
5141_10,0.992062
8305_3,0.9585377
8329_10,0.9932025
2333_8,0.883236
5171_4,0.0044683837
5412_10,0.9926542
1081_10,0.9905874
10773_7,0.99242276
1969_10,0.4907237
8276_10,0.99371004
1244_1,0.004264634
7113_2,0.009559399
9535_2,0.007011795
4627_7,0.9930962
10757_4,0.15713686
10091_10,0.9851576
5211_10,0.008061991
7510_7,0.97112906
11674_10,0.99371004
5299_8,0.98951083
3515_8,0.9522199
10143_3,0.09041373
2274_10,0.993807
2372_3,0.28397995
3116_8,0.99469805
7340_3,0.0059110695
1394_9,0.99298817
2047_9,0.9908744
8587_2,0.9898303
11579_10,0.30663085
942_10,0.99351174
9355_4,0.7304822
8812_10,0.99371004
4732_2,0.0057302467
3180_10,0.99101454
310_9,0.96267307
3980_8,0.9905874
6923_2,0.007121429
2424_9,0.9878528
1092_4,0.008061991
9238_7,0.9829547
2382_2,0.004609572
3579_1,0.014728613
6801_8,0.98951083
3768_8,0.9884919
11717_10,0.9914225
10001_9,0.99155444
355_10,0.99128854
8896_1,0.0074606435
9772_1,0.006003596
7624_10,0.6547188
1102_3,0.0038244836
10949_9,0.99128854
1269_10,0.99155444
11768_4,0.0047552
5555_4,0.98582757
2233_9,0.9916842
6567_8,0.95791227
12130_8,0.99101454
8587_7,0.99486035
10973_1,0.00581996
3863_10,0.9941801
9220_8,0.3484234
7579_10,0.99390244
4411_10,0.97684664
2093_8,0.95976204
10883_10,0.9871788
3583_3,0.005060332
1396_8,0.98866826
1930_3,0.005641909
8779_1,0.010328153
12478_9,0.99242276
176_9,0.9918121
11733_10,0.99014014
11368_1,0.0039454065
4077_8,0.9832145
11056_7,0.9916842
5567_3,0.009268014
8549_3,0.007011795
9743_1,0.008061991
6916_9,0.9914225
6147_1,0.8062431
7820_7,0.9918121
1352_7,0.9830851
5337_10,0.9918121
12285_3,0.004133968
8992_2,0.004681822
4644_2,0.0064882697
9793_10,0.9939964
2359_10,0.9856076
2137_9,0.99253935
10559_3,0.004905406
2679_3,0.00619299
10010_2,0.010986943
11987_10,0.990732
8824_10,0.99351174
11418_7,0.9885804
2423_9,0.9905874
1576_7,0.36675182
7947_4,0.004905406
1714_10,0.9926542
6006_8,0.99242276
939_8,0.9905874
3755_4,0.013020489
3213_3,0.010986943
164_2,0.00581996
1123_10,0.9904406
7397_7,0.8253083
822_1,0.0036499873
5631_2,0.33742183
10464_10,0.99029154
11397_10,0.99351174
10679_3,0.014172365
8205_1,0.0038244836
6947_10,0.9863631
2000_1,0.005220126
4075_7,0.9916842
1388_8,0.73545164
446_1,0.0047552
1063_2,0.00498227
6030_3,0.009708476
5613_2,0.004609572
8759_3,0.9860443
12169_1,0.006903838
5111_4,0.01384861
2891_4,0.16132024
827_1,0.008985428
6229_8,0.97344345
2212_4,0.9875683
4788_9,0.98421544
8859_1,0.0047552
9798_10,0.99341017
9763_9,0.94539934
3889_7,0.9874721
3275_8,0.99128854
5106_10,0.99101454
7576_10,0.99341017
9405_3,0.005384938
7108_1,0.01627746
9794_10,0.99361163
2653_10,0.8509647
10545_10,0.98951083
12306_10,0.9933072
4696_2,0.0045384313
7982_10,0.99341017
11066_3,0.02145073
10034_1,0.0047552
6035_3,0.0074606435
9518_9,0.9888419
1266_8,0.99298817
11336_9,0.9941801
4159_10,0.9941801
9375_8,0.9923044
5204_1,0.0038844768
3360_10,0.9930962
5659_1,0.05582314
8839_4,0.20946968
4529_7,0.9908744
3283_2,0.19467384
5376_7,0.99351174
5379_8,0.9933072
5266_4,0.004264634
7463_9,0.98866826
3595_1,0.0054692742
3141_10,0.9839708
9986_2,0.40391952
4279_1,0.0057302467
1427_4,0.5462541
8357_10,0.9130583
715_4,0.074500255
8482_9,0.9891816
3091_10,0.9905874
5735_7,0.91700584
3100_4,0.0045384313
11447_8,0.98707944
4577_1,0.004331502
10287_10,0.99193794
3384_3,0.008445628
3820_9,0.98803884
8883_3,0.0047552
11279_10,0.03704717
3093_8,0.9407897
10465_3,0.004905406
4423_10,0.9908744
601_3,0.006097562
1902_10,0.99242276
1509_8,0.83601975
3019_9,0.99253935
11994_9,0.98934746
4246_2,0.005641909
842_10,0.99298817
4917_8,0.9911527
68_1,0.009859855
6613_2,0.0062899017
7230_10,0.9932025
6183_4,0.005554925
338_10,0.9830851
6182_8,0.9927672
2409_1,0.0045384313
9965_8,0.9911527
1336_10,0.56025267
4456_2,0.005060332
12437_8,0.9930962
8437_10,0.99298817
409_4,0.0044683837
2303_10,0.35365137
2144_9,0.82417905
2302_8,0.9926542
385_9,0.9738444
3617_8,0.9918121
5450_7,0.9559813
6882_4,0.0038844768
2980_4,0.11008788
9828_4,0.004331502
10745_8,0.99341017
3478_1,0.28557116
2167_2,0.006097562
5562_2,0.004609572
8771_7,0.010986943
8372_10,0.9942697
10749_8,0.93195957
7394_10,0.26855758
3711_7,0.9898303
5375_1,0.015543648
7881_7,0.9891816
7023_2,0.005220126
206_10,0.994089
4760_9,0.9878528
12026_1,0.0045384313
12182_10,0.7752647
1821_8,0.993807
10828_1,0.0044683837
2446_10,0.5112286
5327_10,0.98625773
5727_3,0.004133968
11460_4,0.0067975316
6484_10,0.9914225
3555_4,0.8504686
10641_8,0.9932025
650_3,0.0062899017
1467_10,0.9932025
7651_3,0.0043994132
11459_4,0.01566365
9255_10,0.98173577
7888_10,0.99371004
4118_2,0.0051396107
2540_9,0.99193794
2152_7,0.93045825
2614_10,0.9932025
2892_10,0.993807
3878_1,0.005641909
273_10,0.994089
5565_10,0.7543726
444_10,0.99298817
11062_10,0.9904406
5184_1,0.0047552
12140_3,0.004609572
3254_8,0.94458723
11537_7,0.012821214
7606_10,0.9926542
6120_2,0.005554925
7416_10,0.99361163
10759_3,0.0145035805
12255_9,0.99351174
1114_10,0.9927672
6827_8,0.9559813
10246_2,0.011597362
204_9,0.99361163
5816_10,0.983343
2693_9,0.9926542
2578_2,0.010328153
4958_3,0.01065251
7873_10,0.99029154
8795_2,0.006097562
1431_3,0.0047552
11635_7,0.94165415
1327_3,0.0038244836
10813_7,0.9840936
9764_4,0.080069266
5861_8,0.92359227
8995_3,0.005554925
2243_1,0.0059110695
11708_7,0.98951083
1998_2,0.004609572
11887_8,0.99390244
4836_10,0.9219218
1603_4,0.0044683837
9860_4,0.006097562
1728_1,0.027585285
12108_1,0.0048297215
9756_4,0.990732
1325_3,0.021125194
5174_1,0.0153063545
9917_2,0.00581996
6101_1,0.0065897712
2010_10,0.9921841
1132_8,0.9926542
8516_1,0.005060332
3563_1,0.0054692742
2362_10,0.97046465
10971_1,0.0063883206
8672_9,0.9914225
2863_2,0.00581996
2750_1,0.010986943
8599_4,0.004681822
12115_7,0.98582757
4921_2,0.004070138
2975_2,0.0045384313
4245_8,0.9939964
10778_10,0.9927672
7816_7,0.99014014
9131_1,0.7937462
5541_3,0.007011795
7956_1,0.008847355
780_3,0.041462272
1052_10,0.9918121
6842_8,0.99298817
8279_10,0.9939964
9653_3,0.010986943
3025_1,0.005384938
1174_1,0.008445628
1039_10,0.99155444
4609_10,0.9923044
2150_1,0.0065897712
6289_7,0.9688562
2963_2,0.004905406
8801_1,0.37799975
5196_7,0.9875683
5723_2,0.005384938
10530_10,0.99341017
9473_1,0.010169657
3355_3,0.0043994132
5388_3,0.010986943
12102_2,0.004905406
11038_10,0.9656413
9672_1,0.0047552
6875_8,0.9853843
4754_8,0.97719735
6814_3,0.00581996
8937_3,0.010169657
7077_4,0.9738444
1782_1,0.0047552
631_4,0.26913345
7876_1,0.005554925
74_4,0.006003596
2846_9,0.24508502
4190_1,0.0053018946
7843_4,0.98803884
7528_7,0.9158089
2396_8,0.9849274
790_1,0.004133968
2020_7,0.9860443
2526_1,0.0044683837
8104_8,0.992062
12372_2,0.008711384
417_1,0.91550726
1318_2,0.00581996
4530_1,0.005384938
2370_4,0.9898303
1886_10,0.99371004
9386_1,0.0040072887
7863_1,0.0048297215
3864_10,0.9930962
6559_2,0.0057302467
7855_7,0.99298817
1672_1,0.004070138
8453_2,0.010013569
8373_3,0.004905406
9770_10,0.9939964
12009_1,0.005060332
2770_3,0.11397346
4618_7,0.9916842
9797_10,0.99371004
6605_1,0.0062899017
10176_1,0.09434342
8949_10,0.99390244
5401_7,0.97262347
3295_7,0.99242276
4791_1,0.0062899017
4016_1,0.0038844768
4314_10,0.82615143
2903_1,0.004198795
3835_9,0.92523
7532_1,0.0043994132
729_10,0.9390248
5753_1,0.8951567
11976_2,0.007937994
3027_1,0.016029146
9721_9,0.9875683
11295_3,0.007937994
3241_1,0.005554925
5389_9,0.99253935
9889_1,0.037608635
3522_4,0.0045384313
10865_8,0.99390244
1015_8,0.99351174
5048_10,0.99351174
2671_2,0.032100707
2841_4,0.0043994132
4928_1,0.025565214
10499_1,0.05623634
9409_10,0.990732
974_10,0.9591543
11582_7,0.93195957
9988_10,0.99253935
3463_8,0.9918121
5194_1,0.41253015
3377_4,0.008061991
4352_1,0.010169657
10862_1,0.0065897712
1545_7,0.9511422
9801_10,0.9928786
1905_2,0.0051396107
12276_9,0.99351174
7544_1,0.0038244836
10056_1,0.0044683837
3623_1,0.008985428
4013_7,0.97821885
1294_4,0.021948254
10285_9,0.99371004
7793_10,0.9932025
3809_9,0.9941801
4586_3,0.005554925
7511_1,0.7783125
10873_4,0.004609572
4888_8,0.9623913
4349_10,0.971779
1531_3,0.6388071
8884_3,0.0051396107
7336_3,0.4344613
9688_10,0.9904406
7208_1,0.0045384313
4355_8,0.99390244
6098_2,0.00498227
9106_10,0.9904406
6422_1,0.0062899017
2054_9,0.89552265
550_8,0.94417685
402_8,0.99128854
11832_10,0.993807
10256_10,0.99361163
6131_1,0.003707253
11907_4,0.004681822
4459_4,0.015543648
8555_7,0.99155444
5079_2,0.0051396107
10304_2,0.00498227
10489_1,0.0045384313
566_3,0.009559399
1999_1,0.0048297215
590_1,0.0074606435
11159_1,0.008061991
10612_9,0.97539
10810_2,0.10052487
11658_4,0.012920473
1950_9,0.9736447
8977_4,0.66218233
9040_1,0.0045384313
2891_10,0.98582757
2966_10,0.9921841
8665_4,0.3527451
6600_1,0.005384938
9308_1,0.0065897712
7870_10,0.99390244
10511_1,0.004133968
7235_8,0.891811
132_9,0.9943581
1575_8,0.9905874
3328_8,0.99128854
3273_1,0.005060332
9475_4,0.94208187
10938_7,0.49853516
8143_7,0.9859364
9003_10,0.9911527
9854_10,0.9942697
9932_2,0.009125638
1017_7,0.85776806
4386_9,0.99029154
1105_3,0.00619299
7315_7,0.01507263
37_9,0.9932025
8409_10,0.9916842
12118_1,0.032589745
1665_8,0.993807
10284_1,0.003707253
8922_3,0.010013569
2524_2,0.055005286
11205_2,0.0045384313
4676_8,0.9905874
10479_4,0.8543993
9849_8,0.84286314
4841_3,0.85776806
9153_9,0.9932025
9279_8,0.99390244
11008_10,0.99155444
614_10,0.9943581
167_2,0.0053018946
2041_1,0.005220126
6509_8,0.99128854
9832_7,0.99029154
5939_7,0.7505527
3267_3,0.006692851
3555_9,0.9849274
1668_7,0.15052764
11048_1,0.004198795
1856_3,0.02178117
4426_10,0.9926542
8457_3,0.02350945
6603_10,0.9859364
4738_1,0.036769465
11762_8,0.9856076
2078_10,0.9939964
6754_1,0.006692851
11721_2,0.0074606435
11558_3,0.9241418
973_10,0.9860443
814_4,0.0038844768
2102_3,0.0067975316
11394_4,0.9053223
312_4,0.004264634
2994_1,0.0057302467
5649_7,0.9933072
7281_8,0.9891816
2756_4,0.051082738
2137_1,0.0054692742
8696_2,0.0067975316
1158_3,0.6316511
4531_1,0.0037654138
10047_10,0.9941801
683_7,0.72700745
8645_10,0.86703575
889_3,0.016029146
4202_2,0.004264634
3859_10,0.99253935
5038_8,0.9932025
6906_9,0.992062
4154_8,0.993807
9548_1,0.004070138
4434_9,0.94122344
9235_9,0.94122344
2368_8,0.98998636
8391_2,0.004681822
1391_7,0.9888419
4317_1,0.004133968
8345_4,0.06903793
8610_1,0.0054692742
2888_10,0.9898303
5597_3,0.0076956474
4900_7,0.97068775
3016_2,0.008445628
1057_2,0.009708476
5143_8,0.98228765
6932_2,0.004264634
7879_10,0.990732
9300_3,0.0064882697
12142_2,0.022802636
3426_3,0.2821962
7977_7,0.87997437
1573_3,0.87191176
336_10,0.993807
4248_10,0.9750122
9693_7,0.005554925
7753_4,0.8984106
2290_10,0.9724148
9156_8,0.9890131
5526_4,0.0059110695
3896_8,0.98707944
8520_7,0.990732
3566_4,0.05184547
6386_7,0.9926542
4201_1,0.993807
372_9,0.994089
6768_8,0.97838473
9177_8,0.9890131
1079_1,0.009859855
934_10,0.9939964
11918_2,0.007345827
4867_4,0.0051396107
12449_8,0.99298817
7907_10,0.994089
4508_3,0.016657041
1075_2,0.005384938
11466_8,0.936285
10935_2,0.28897023
4826_9,0.9802808
4814_7,0.9930962
8676_4,0.0335895
1058_1,0.004264634
7831_2,0.0048297215
1150_9,0.9932025
5395_1,0.005220126
5435_7,0.9911527
1745_1,0.0047552
11278_4,0.004609572
8629_1,0.7442848
3145_9,0.9928786
8108_10,0.9871788
6377_1,0.00818791
10298_1,0.0057302467
12265_1,0.005554925
11930_8,0.05340333
2511_10,0.9943581
7955_1,0.004133968
2335_9,0.9918121
3194_10,0.9932025
6724_10,0.96814114
9406_1,0.95945925
11369_1,0.004070138
1972_4,0.0036499873
6900_8,0.98421544
7813_7,0.99341017
785_7,0.98657167
6368_3,0.013636835
2163_1,0.0038844768
11487_8,0.9928786
4292_7,0.9891816
7451_4,0.004905406
11465_2,0.0047552
7641_8,0.98951083
8250_8,0.9883128
4490_1,0.0059110695
10452_1,0.03541073
7442_3,0.0063883206
3027_9,0.9933072
235_7,0.9921841
3750_7,0.990732
8700_1,0.005060332
3584_10,0.99253935
7217_7,0.99128854
7769_10,0.9939964
10149_9,0.9700135
7607_2,0.0043994132
7749_1,0.004070138
12067_1,0.0059110695
388_10,0.9932025
6596_1,0.007815888
10242_2,0.009125638
3853_1,0.0039454065
5726_4,0.006903838
9031_9,0.11124121
1543_7,0.9879462
1442_8,0.99298817
6336_10,0.96909106
5929_4,0.8062431
3378_3,0.5520568
183_4,0.46344426
3518_9,0.99253935
5870_8,0.9941801
5053_4,0.0038844768
7330_7,0.98951083
9553_9,0.9874721
9552_10,0.99253935
8515_10,0.009125638
1666_9,0.9923044
6661_3,0.03567855
8721_1,0.009125638
1368_1,0.01214717
5076_9,0.9888419
12353_2,0.23405632
1099_7,0.99029154
8669_9,0.94853723
2564_8,0.99193794
4369_10,0.99371004
11951_4,0.0065897712
11384_3,0.08632348
7459_3,0.01395571
6776_9,0.993807
6673_3,0.007232764
2500_8,0.99253935
8739_3,0.004070138
3828_1,0.006903838
7945_2,0.9522199
7934_10,0.9943581
4571_1,0.0059110695
11689_7,0.9914225
3681_10,0.99253935
5110_4,0.0065897712
5953_8,0.98102194
10906_4,0.0043994132
3424_8,0.9860443
6492_7,0.9832145
10450_1,0.0051396107
4856_8,0.04672496
12019_1,0.0048297215
1390_8,0.9918121
6452_4,0.04054074
4916_4,0.00498227
3979_3,0.007121429
6023_3,0.0054692742
5762_1,0.004905406
4176_9,0.9918121
7194_2,0.006692851
3143_7,0.7953404
954_8,0.9904406
5291_1,0.032589745
2258_1,0.01395571
5412_1,0.0038244836
4088_3,0.00498227
4312_1,0.0045384313
517_1,0.003707253
5601_1,0.005641909
288_1,0.021125194
234_3,0.27028757
6665_8,0.99361163
6957_3,0.004264634
4454_2,0.005384938
3270_8,0.9928786
4500_3,0.5248818
7551_1,0.004681822
9033_4,0.2062538
2619_10,0.32421094
10093_10,0.99101454
5483_2,0.007345827
8383_1,0.004609572
11683_1,0.007011795
10649_1,0.013636835
181_3,0.040237945
3668_2,0.0051396107
3769_1,0.00498227
11519_3,0.26874945
5716_10,0.9871788
10918_8,0.98087597
3103_1,0.0057302467
7210_10,0.9921841
2515_8,0.9926542
8424_9,0.7806625
1404_10,0.9930962
3158_10,0.9849274
4996_2,0.004198795
5493_3,0.007232764
8540_9,0.9898303
8960_8,0.99101454
11274_3,0.004681822
11067_10,0.99351174
3335_2,0.008315778
6578_4,0.00498227
916_10,0.99242276
3844_1,0.005641909
7108_8,0.98228765
565_2,0.024423089
11622_3,0.0057302467
10700_1,0.0043994132
10483_1,0.06928941
8951_9,0.99253935
6326_8,0.994089
3035_8,0.9916842
2292_10,0.98657167
11013_4,0.006903838
10618_1,0.012821214
11544_1,0.0036499873
7550_10,0.9904406
289_8,0.99193794
6571_10,0.9933072
6056_10,0.77932185
10814_1,0.0045384313
9377_1,0.00498227
1577_8,0.5786863
9268_9,0.994089
10116_10,0.99371004
7411_10,0.9930962
12279_4,0.9695556
3575_1,0.0053018946
8105_8,0.9911527
6092_10,0.9939964
12406_1,0.0059110695
1117_2,0.0037654138
12358_7,0.6239642
4469_9,0.99253935
7055_2,0.0064882697
10412_8,0.9905874
12155_10,0.9683812
11222_3,0.0039454065
9622_9,0.9898303
8992_8,0.98998636
5305_3,0.008577485
8111_10,0.99361163
3436_1,0.004905406
2748_8,0.9927672
6527_10,0.993807
672_8,0.992062
8172_4,0.042722195
5513_10,0.9877587
741_7,0.41418785
8886_7,0.992062
6939_1,0.0051396107
12235_1,0.0044683837
10607_1,0.0043994132
4708_10,0.9890131
9034_10,0.99341017
6600_10,0.9871788
2934_1,0.006003596
12168_10,0.99390244
9362_9,0.99155444
9627_8,0.9930962
9547_8,0.98421544
4108_2,0.004070138
10293_9,0.6873153
10105_8,0.9905874
11864_7,0.9923044
2843_7,0.05184547
836_9,0.9882222
6201_1,0.0045384313
8192_4,0.97134733
2596_1,0.0054692742
6847_3,0.014728613
8794_1,0.0057302467
7281_4,0.0034834242
9678_2,0.010818449
10950_3,0.0057302467
5845_4,0.0057302467
6187_10,0.9826909
4684_9,0.9840936
10852_1,0.03963884
11542_3,0.004264634
5385_1,0.0226292
9597_3,0.007011795
8975_3,0.9861514
10766_3,0.03567855
4236_8,0.5428633
118_1,0.004331502
7278_7,0.9927672
11069_7,0.9926542
1002_3,0.2510964
4210_7,0.99298817
8514_10,0.98866826
9676_1,0.02479816
11826_10,0.9908744
8216_8,0.9930962
575_4,0.0065897712
3867_8,0.9884919
321_10,0.99361163
1654_1,0.0075772414
973_4,0.007345827
8796_3,0.0054692742
145_1,0.0043994132
2649_2,0.008315778
2432_2,0.059646945
5713_10,0.990732
6851_1,0.9056566
3523_7,0.9850429
9862_9,0.9807288
8888_9,0.8344069
12343_1,0.004331502
2298_9,0.99351174
7129_1,0.0047552
12163_7,0.5843898
1090_1,0.0047552
8249_7,0.9933072
3716_7,0.9891816
8095_4,0.0057302467
9739_8,0.99253935
7041_1,0.00581996
7673_10,0.99371004
210_4,0.0043994132
283_8,0.9728308
12361_9,0.9908744
9254_10,0.993807
5598_1,0.0045384313
128_10,0.99341017
11557_7,0.97903574
10232_10,0.97023994
10747_7,0.9898303
9984_9,0.99128854
9618_1,0.01678549
7976_10,0.9763105
5788_10,0.9850429
7378_4,0.07531231
2047_3,0.01065251
10053_10,0.99128854
8399_4,0.006003596
7925_10,0.9923044
6830_9,0.93439513
2530_9,0.97423947
9521_1,0.004905406
784_10,0.9939964
10417_7,0.9930962
2198_9,0.9926542
8219_8,0.990732
6896_4,0.014392335
5341_7,0.99341017
2386_9,0.98481095
2323_8,0.3577919
9028_2,0.005060332
6983_7,0.98657167
9885_7,0.9878528
11720_1,0.012053779
8409_3,0.005554925
5797_7,0.9941801
7729_9,0.99351174
10591_10,0.9933072
9593_9,0.99298817
6364_4,0.004133968
7215_3,0.011331754
3653_2,0.004198795
4533_8,0.9433476
10899_8,0.9918121
8312_10,0.9890131
9543_10,0.9939964
5608_8,0.70232594
1432_10,0.98998636
5562_9,0.9927672
12171_9,0.97903574
4428_10,0.99390244
2062_2,0.009559399
8468_8,0.97788346
827_8,0.9904406
11539_3,0.0054692742
4215_3,0.004681822
11310_3,0.00581996
4525_1,0.0040072887
2093_1,0.0039454065
11238_4,0.009859855
5523_8,0.9926542
9848_9,0.9943581
10000_4,0.004133968
10304_7,0.9942697
511_3,0.013222822
1807_7,0.97462875
9080_7,0.88161486
1808_9,0.9933072
6283_8,0.9918121
5913_1,0.004070138
685_1,0.26114246
9505_8,0.36606202
7152_1,0.0045384313
11292_1,0.005641909
8334_10,0.99253935
11476_1,0.0038844768
3431_10,0.99014014
4019_1,0.0062899017
7292_3,0.04369106
1990_7,0.99029154
1574_1,0.006692851
5516_8,0.9914225
4687_10,0.99014014
11493_2,0.004070138
771_9,0.9918121
8864_1,0.0043994132
3001_7,0.98201376
423_2,0.008577485
5062_7,0.29787827
5198_1,0.0051396107
7303_1,0.0045384313
7433_2,0.0059110695
3085_7,0.9926542
3293_9,0.9926542
12426_7,0.9883128
5775_3,0.0062899017
7358_1,0.0048297215
3851_2,0.005641909
4785_10,0.97262347
9650_4,0.0047552
553_9,0.9908744
401_10,0.9926542
11522_8,0.9896718
5222_7,0.98934746
5042_7,0.979354
2638_7,0.15662017
11883_10,0.993807
11476_10,0.9874721
4999_10,0.9942697
10360_1,0.01627746
3443_9,0.99469805
1138_1,0.86476797
1898_10,0.9933072
6069_3,0.0054692742
12101_2,0.0036499873
1953_10,0.10338596
8679_10,0.99390244
10348_10,0.9914225
2208_3,0.08269735
3886_8,0.9930962
3734_2,0.01107216
1330_10,0.96765566
4639_3,0.008315778
6837_7,0.9532751
6520_8,0.9943581
653_10,0.993807
5373_1,0.5905431
8074_10,0.9904406
3906_8,0.73411953
9264_1,0.006097562
2160_2,0.7049733
624_3,0.9724148
3899_1,0.00619299
2181_7,0.0045384313
7932_4,0.27067295
8278_1,0.0053018946
7162_9,0.9930962
185_4,0.012053779
1997_8,0.85776806
7295_9,0.012821214
1083_3,0.00498227
4678_2,0.005554925
4859_10,0.94122344
9091_8,0.99298817
397_3,0.004264634
11157_9,0.6971968
11261_10,0.9887554
10828_9,0.99193794
2452_7,0.971564
10268_7,0.99351174
10306_1,0.07004896
18_8,0.99361163
7998_10,0.9905874
8574_10,0.99128854
2953_10,0.993807
8996_9,0.99155444
7389_9,0.9933072
202_4,0.004905406
5612_4,0.84695786
9916_8,0.042722195
7606_1,0.005641909
1585_8,0.7895584
11803_2,0.010169657
236_10,0.98840266
7827_4,0.012241275
5423_2,0.8050198
3625_1,0.012624948
9887_9,0.99341017
3429_8,0.9918121
372_2,0.006003596
1228_4,0.00619299
7891_10,0.9764905
4387_1,0.0037654138
6067_1,0.00581996
7822_1,0.005641909
10898_2,0.0039454065
512_2,0.004905406
647_9,0.005384938
5361_4,0.004070138
8583_4,0.0038844768
2858_2,0.016529558
4920_10,0.994089
6857_2,0.8656789
925_2,0.005060332
2959_3,0.02145073
11481_10,0.013742321
10824_1,0.9124362
1577_4,0.005554925
2231_7,0.97821885
11545_3,0.008577485
1539_2,0.008061991
9657_4,0.00498227
10362_7,0.9890131
11131_2,0.005641909
9833_7,0.9877587
8495_10,0.99101454
11781_2,0.0094125895
1056_8,0.99242276
9402_1,0.0045384313
6212_1,0.0043994132
3151_1,0.0053018946
5921_3,0.40239212
2198_4,0.016657041
269_2,0.8244619
11464_8,0.9896718
30_4,0.014281935
5300_1,0.0039454065
2277_3,0.004198795
10410_10,0.9891816
5233_1,0.011508149
4336_10,0.47317037
3084_10,0.9914225
2908_8,0.9930962
2814_4,0.16211456
8347_10,0.9933072
2319_1,0.006903838
16_1,0.0051396107
821_10,0.9918121
2793_10,0.9923044
9909_9,0.98998636
6934_3,0.31859118
9138_1,0.0047552
702_1,0.00498227
3886_3,0.004264634
8311_8,0.98998636
9199_1,0.0043994132
1254_10,0.99253935
6590_7,0.99014014
3040_8,0.9942697
849_7,0.9859364
7555_10,0.99351174
9668_3,0.3547587
10942_7,0.9840936
11343_2,0.012624948
7906_10,0.9928786
11671_10,0.9730365
126_4,0.01627746
9623_8,0.9941801
2872_3,0.004264634
11895_10,0.99351174
3245_1,0.006003596
6145_8,0.9930962
1022_10,0.98087597
6261_1,0.01048909
6888_3,0.9001793
12443_1,0.0043994132
7433_10,0.992062
6512_7,0.9877587
4161_9,0.9943581
6745_7,0.42417344
1993_10,0.9874721
6325_3,0.009125638
12484_9,0.98866826
2204_10,0.99298817
8065_7,0.9518632
1705_7,0.96458924
9370_1,0.005554925
6150_1,0.005220126
3587_10,0.9914225
1906_1,0.0048297215
5706_4,0.9859364
3854_9,0.9932025
9655_3,0.0045384313
6736_2,0.0059110695
2096_9,0.93439513
2846_2,0.097734325
11849_1,0.004331502
5224_1,0.004681822
2987_8,0.9853843
11058_8,0.87536144
2917_3,0.008577485
459_9,0.99155444
9418_7,0.98998636
5803_2,0.013636835
6742_10,0.9942697
2268_4,0.019124037
6832_7,0.98866826
4834_7,0.992062
9532_1,0.009859855
8197_8,0.9942697
7728_1,0.0051396107
1958_2,0.008577485
5380_8,0.9883128
4896_2,0.0040072887
9529_2,0.004133968
3322_7,0.98866826
7629_4,0.0074606435
9962_4,0.97754294
9277_4,0.0067975316
1071_2,0.004681822
8266_2,0.0094125895
6812_8,0.9884919
3196_7,0.4508429
3430_2,0.00619299
6052_10,0.9923044
221_3,0.004198795
3244_1,0.01048909
4846_1,0.004905406
2876_7,0.6227784
4247_4,0.0044683837
11608_1,0.006003596
564_4,0.36201012
1978_2,0.010169657
4089_10,0.36373162
1633_8,0.9871788
8983_4,0.14755519
10909_7,0.9868787
8135_8,0.053009775
12238_1,0.0044683837
9564_3,0.007345827
10174_9,0.9911527
1690_9,0.9923044
4756_8,0.9860443
10718_10,0.99453074
3489_7,0.5614553
2124_1,0.0044683837
3842_3,0.00498227
2700_4,0.006692851
5960_8,0.9926542
6193_1,0.01107216
6719_7,0.9826909
7922_8,0.94966936
12132_8,0.9891816
10169_8,0.9916842
1486_4,0.006692851
8455_1,0.01243165
10019_1,0.004198795
7028_10,0.99029154
787_9,0.9916842
2414_4,0.004070138
7182_7,0.73028994
5548_9,0.7187918
3963_7,0.9798227
1584_7,0.32138014
6825_3,0.00498227
6588_3,0.01384861
10573_3,0.057918087
6693_10,0.9923044
5541_7,0.9546474
12053_9,0.9908744
3662_9,0.9933072
6829_10,0.99351174
285_10,0.99242276
1270_4,0.0226292
4320_10,0.11279541
1333_3,0.0051396107
6618_1,0.99155444
10119_1,0.006692851
2886_1,0.00619299
8811_7,0.9878528
11087_9,0.9891816
3436_8,0.9891816
10479_10,0.9916842
8365_9,0.99298817
12140_8,0.9888419
6981_7,0.5253688
10447_2,0.0043994132
10352_1,0.004264634
943_8,0.99361163
513_1,0.005554925
11192_1,0.10158945
587_3,0.009125638
3420_10,0.938124
10030_7,0.98087597
3026_10,0.9914225
3145_1,0.10706346
2230_9,0.7027341
5193_1,0.004609572
11337_8,0.99361163
3601_9,0.99242276
3628_10,0.99371004
4952_10,0.98646784
1775_10,0.99298817
8141_4,0.004681822
572_3,0.026759284
6732_3,0.010328153
4274_4,0.009708476
5892_3,0.012722708
7035_10,0.9943581
5354_4,0.31058982
4264_4,0.005060332
8151_9,0.9933072
376_2,0.007232764
5352_1,0.005060332
1365_8,0.98582757
8272_10,0.9939964
6942_4,0.0076956474
9067_4,0.9615338
11428_1,0.0057302467
7308_3,0.86703575
8349_10,0.99253935
11336_4,0.9839708
551_9,0.99101454
4721_10,0.99361163
4862_1,0.013636835
5469_4,0.00581996
3834_10,0.9941801
4717_10,0.994615
4202_9,0.9891816
5335_4,0.94417685
7587_8,0.9911527
10827_4,0.031618766
3432_1,0.0045384313
6110_4,0.983343
5618_7,0.8665848
11808_1,0.004609572
9293_4,0.53096616
2163_8,0.93195957
4802_1,0.00619299
5476_7,0.99253935
9991_1,0.0064882697
2681_10,0.99351174
11728_2,0.9883128
1466_8,0.99193794
4853_7,0.9904406
3668_9,0.9898303
5334_7,0.99193794
12017_8,0.990732
2046_9,0.99253935
2652_7,0.97838473
2250_8,0.9898303
2253_1,0.0064882697
9733_10,0.97482115
3_4,0.7988153
6129_8,0.94699025
6858_3,0.0111580305
371_8,0.7966091
1111_3,0.009559399
12330_1,0.0051396107
3219_1,0.0062899017
11372_9,0.99029154
1434_4,0.0053018946
8232_7,0.6709318
7883_1,0.0039454065
9151_2,0.04922211
10574_3,0.024237636
9376_8,0.99014014
7737_1,0.78431904
7410_8,0.9911527
10488_7,0.96267307
5906_10,0.99390244
5308_10,0.99193794
11266_2,0.0051396107
7627_1,0.05379964
218_3,0.0048297215
9031_2,0.00498227
3427_10,0.9939964
8532_3,0.003538086
6588_9,0.9908744
9744_1,0.004609572
3061_1,0.0051396107
11668_9,0.9908744
9331_1,0.0062899017
238_9,0.99253935
10593_8,0.98582757
4441_9,0.99371004
3717_3,0.004681822
5618_4,0.019568678
4353_10,0.9928786
1268_2,0.013428254
5178_3,0.0053018946
2991_1,0.004681822
9976_9,0.99253935
7891_1,0.005554925
445_3,0.0074606435
11158_7,0.99193794
10328_1,0.0048297215
9137_9,0.99298817
7399_2,0.0047552
1187_7,0.9916842
10642_1,0.0044683837
3939_3,0.0062899017
5310_9,0.9939964
2087_9,0.9932025
57_4,0.0074606435
4645_10,0.9863631
1734_4,0.08181272
8924_1,0.004681822
4418_3,0.004133968
9403_1,0.003707253
12065_10,0.994089
6763_3,0.23475733
3882_8,0.97788346
7286_3,0.0075772414
9259_9,0.99101454
5134_3,0.0053018946
10166_4,0.94122344
8362_3,0.13568954
9701_4,0.24508502
4227_7,0.98866826
8483_10,0.9914225
6002_3,0.004609572
5815_9,0.99390244
9385_10,0.9860443
11047_1,0.004681822
6306_1,0.006003596
9141_2,0.0037654138
4594_1,0.0062899017
10471_4,0.0059110695
48_9,0.9928786
8133_8,0.9927672
8493_1,0.023870835
3425_8,0.9719925
5731_9,0.9881309
4373_10,0.9837225
4366_10,0.94208187
6123_10,0.15052764
1430_3,0.004133968
508_7,0.21076632
11600_10,0.9928786
11767_8,0.9926542
1597_1,0.004331502
7257_8,0.9927672
244_2,0.0045384313
116_4,0.026759284
7856_10,0.9927672
7640_9,0.9918121
10956_8,0.99341017
11002_3,0.28907058
11666_10,0.9942697
7683_4,0.01214717
10846_4,0.004133968
1317_2,0.004070138
5_7,0.1510278
8526_2,0.0074606435
1526_7,0.98934746
3144_9,0.9939964
241_7,0.9930962
8953_1,0.0048297215
5919_8,0.9928786
7983_4,0.00498227
5222_2,0.004198795
1662_1,0.007937994
5830_10,0.992062
859_1,0.008577485
10761_8,0.054600604
12037_7,0.98998636
2629_10,0.99390244
1019_10,0.9914225
11270_10,0.966156
620_8,0.983597
6718_10,0.44577077
1402_8,0.97112906
6804_1,0.005384938
11743_1,0.01784874
3117_10,0.9896718
7441_9,0.9860443
4553_2,0.009125638
5182_10,0.9939964
81_9,0.97462875
8343_10,0.9883128
2030_1,0.0038244836
7866_7,0.9904406
11132_1,0.004905406
879_3,0.0047552
6547_10,0.99242276
11166_4,0.0094125895
7427_1,0.0044683837
5848_4,0.06142404
10734_2,0.004331502
11263_10,0.9932025
9761_7,0.01883313
7582_10,0.99193794
3849_1,0.004905406
8242_10,0.9933072
309_10,0.9874721
5492_1,0.0076956474
4294_2,0.45665208
7222_7,0.9764905
3365_1,0.0043994132
11084_7,0.99029154
50_10,0.994089
3234_1,0.006692851
10155_7,0.9678993
1181_1,0.004198795
1505_3,0.00581996
11926_1,0.0043994132
12174_3,0.009559399
4589_4,0.0048297215
12421_8,0.9933072
1079_8,0.99242276
4852_8,0.95430803
11753_8,0.99298817
11257_10,0.9928786
8270_1,0.0045384313
7690_3,0.01048909
12354_8,0.24580847
11419_8,0.98998636
7587_4,0.9273633
818_9,0.9012275
10431_10,0.994615
12056_4,0.9273633
7595_10,0.99128854
2601_1,0.005554925
10022_10,0.99444515
4124_1,0.020488555
11573_10,0.99371004
9868_1,0.004905406
7093_1,0.013636835
4993_3,0.004681822
3192_8,0.9908744
8269_10,0.9928786
5767_10,0.98803884
8440_7,0.9563089
1038_10,0.9591543
525_9,0.99371004
689_3,0.004264634
10989_1,0.0038244836
6166_4,0.008847355
6452_10,0.99361163
3217_1,0.0038844768
11629_4,0.004609572
4338_1,0.005060332
2822_1,0.005384938
11252_7,0.11240509
11097_9,0.9933072
7124_10,0.99155444
261_3,0.00619299
7828_10,0.992062
9030_7,0.1066906
9723_2,0.00498227
6924_9,0.99242276
11945_4,0.9761292
11811_2,0.005384938
3115_8,0.9896718
4381_9,0.9914225
676_1,0.09203287
8002_9,0.99253935
9209_3,0.9199307
1677_10,0.98998636
7094_7,0.9932025
12193_8,0.9916842
1227_7,0.9403531
9186_10,0.9891816
6117_1,0.005060332
8621_2,0.97887486
9729_1,0.004331502
12239_7,0.014392335
2465_2,0.007121429
4360_10,0.99155444
10538_1,0.003707253
3439_4,0.7816641
256_10,0.98892784
7114_1,0.008847355
3206_3,0.13477592
229_10,0.7648916
7501_3,0.0067975316
3639_1,0.96485513
9751_9,0.9926542
8277_3,0.0037654138
5276_4,0.00818791
1804_8,0.99371004
8497_1,0.004905406
7742_1,0.0048297215
9755_7,0.97068775
8429_8,0.99361163
769_3,0.28557116
7452_10,0.9898303
1004_4,0.0054692742
6393_10,0.98481095
7457_1,0.007232764
8182_10,0.99453074
11589_9,0.99371004
4718_8,0.7345006
5315_10,0.99298817
9927_3,0.006097562
6391_1,0.004681822
532_3,0.007121429
10544_10,0.99101454
3576_4,0.006003596
5420_4,0.022457054
7140_10,0.99371004
11018_4,0.004905406
7443_8,0.9911527
7399_9,0.9851576
12129_10,0.98951083
6876_3,0.24671479
9227_1,0.9851576
4983_1,0.0051396107
2502_1,0.007345827
2584_9,0.99361163
5637_2,0.004681822
6497_10,0.99341017
8464_2,0.004609572
2070_10,0.53728414
4574_3,0.005554925
1642_10,0.9861514
356_9,0.9914225
8052_4,0.9914225
2457_10,0.99390244
6322_4,0.0048297215
2218_10,0.99155444
10669_7,0.9918121
5296_2,0.005060332
1118_1,0.007011795
8588_1,0.0047552
12348_10,0.99101454
7990_9,0.97068775
819_7,0.019419348
10552_7,0.53679854
9126_4,0.009125638
11190_9,0.87191176
6696_2,0.004264634
4906_10,0.99193794
6809_4,0.9871788
10032_1,0.14878775
2694_10,0.9933072
6411_8,0.99298817
11967_9,0.98625773
10190_1,0.0054692742
316_1,0.0048297215
5644_9,0.7659437
12083_10,0.99351174
9280_3,0.370567
11735_2,0.01798621
5219_1,0.004905406
6810_3,0.0045384313
7817_2,0.0045384313
6753_9,0.076407686
16_8,0.9908744
3908_1,0.0048297215
11502_10,0.99371004
523_1,0.0044683837
11213_10,0.9942697
5058_8,0.9872773
3290_1,0.0051396107
2954_4,0.08449275
7148_1,0.105948284
4455_7,0.9205043
1873_7,0.98840266
4796_2,0.0063883206
6317_3,0.07892589
11153_10,0.99193794
3319_1,0.0047552
1247_9,0.9939964
9119_1,0.004264634
7904_10,0.9942697
4892_1,0.0053018946
4608_8,0.9908744
4756_4,0.0065897712
230_1,0.07892589
6730_1,0.007011795
6639_8,0.97539
1726_1,0.012920473
4540_2,0.005060332
1898_1,0.0047552
877_1,0.0043994132
10416_9,0.99361163
1359_2,0.17724052
8886_1,0.0053018946
553_1,0.0048297215
5252_10,0.9941801
8808_9,0.9896718
8792_10,0.9933072
11723_10,0.9932025
6977_9,0.8134608
5050_2,0.0036499873
6413_8,0.99390244
9880_8,0.9890131
5827_10,0.9941801
5271_10,0.9918121
12231_2,0.0065897712
9913_1,0.0051396107
3058_10,0.99341017
1278_10,0.96267307
4923_9,0.99128854
4662_1,0.00498227
10857_2,0.020804489
5033_7,0.94539934
7681_10,0.9916842
8916_3,0.0051396107
10603_3,0.005641909
8940_3,0.79117644
2381_1,0.012527932
9188_8,0.98527133
5290_8,0.966156
6746_1,0.23022676
1001_10,0.99361163
1190_1,0.005554925
1858_1,0.004070138
5645_10,0.9933072
3021_9,0.993807
9801_2,0.87873113
2498_4,0.0057302467
7972_10,0.9923044
1200_1,0.0044683837
9626_4,0.95565146
11750_10,0.98866826
9571_10,0.9908744
11593_10,0.99444515
4432_10,0.992062
10324_1,0.006903838
9123_10,0.9923044
10155_1,0.007937994
12237_10,0.9923044
2828_2,0.1592174
6375_4,0.008711384
8264_10,0.9942697
6131_7,0.99014014
2950_10,0.99444515
3584_1,0.004070138
3077_9,0.9921841
8867_10,0.99361163
4189_9,0.9927672
2297_9,0.98934746
3607_8,0.9875683
339_10,0.9923044
6450_10,0.9939964
8537_9,0.98481095
5663_10,0.99242276
7179_10,0.99361163
1929_10,0.93439513
7363_10,0.9853843
7073_10,0.99371004
8472_10,0.992062
2397_4,0.0460339
5710_3,0.0074606435
12429_1,0.0043994132
4841_9,0.7358315
5819_2,0.007815888
7112_8,0.98951083
1087_10,0.99351174
10766_8,0.98803884
10675_8,0.88363826
11953_3,0.006003596
1927_9,0.9871788
10455_9,0.71143085
451_8,0.9904406
10796_8,0.9566342
5288_7,0.9932025
4368_2,0.0045384313
10456_10,0.9923044
9981_1,0.004133968
11403_1,0.0053018946
5219_7,0.98469365
11929_4,0.07751766
5481_10,0.9939964
3829_4,0.006097562
11367_4,0.007011795
8154_10,0.9926542
2754_2,0.00498227
2299_10,0.9932025
8868_1,0.005220126
4566_10,0.9908744
6688_1,0.0075772414
2666_4,0.0038844768
11892_10,0.99390244
2667_10,0.7527403
9244_9,0.9904406
12498_7,0.035144847
3493_9,0.9850429
7565_10,0.9905874
2916_7,0.992062
12473_8,0.8701566
3142_9,0.99371004
3289_10,0.9933072
11159_10,0.9927672
8428_2,0.004264634
4152_8,0.98469365
10754_8,0.99253935
11718_1,0.004198795
5408_1,0.004070138
5686_8,0.9883128
7479_8,0.99029154
5160_10,0.98951083
3138_1,0.005060332
10343_9,0.9921841
9524_3,0.3376948
7794_1,0.004331502
5433_1,0.008445628
3380_8,0.99014014
7222_3,0.00498227
1751_4,0.9849274
3914_10,0.9079672
8022_3,0.006003596
3975_4,0.007232764
8177_1,0.0045384313
5670_1,0.0043994132
203_10,0.994615
4315_2,0.006903838
8296_8,0.85729086
971_10,0.9914225
12018_1,0.007345827
3714_9,0.9916842
4342_2,0.009708476
4965_3,0.0047552
5126_8,0.9908744
10686_3,0.8370879
7290_10,0.994089
8474_8,0.99390244
7633_2,0.016152835
2226_10,0.9750122
1436_9,0.09434342
813_10,0.99253935
11865_7,0.9845754
4937_9,0.9927672
4613_9,0.10087862
8129_9,0.97262347
2376_4,0.007011795
6861_1,0.0044683837
9104_2,0.0075772414
10590_3,0.0045384313
11021_4,0.025565214
9480_10,0.98445636
12212_10,0.9868787
11766_7,0.9930962
5356_7,0.9859364
9572_7,0.99341017
3264_8,0.9884919
11794_1,0.004198795
11739_2,0.88161486
731_8,0.9898303
6278_9,0.9874721
625_10,0.99341017
7252_2,0.0059110695
5171_10,0.9941801
9149_3,0.004681822
10780_3,0.006003596
1568_9,0.9926542
7291_9,0.9921841
2288_8,0.9914225
3126_9,0.9840936
3352_7,0.9872773
9455_1,0.004198795
1709_7,0.91022676
9309_2,0.004609572
994_3,0.008445628
4173_10,0.98998636
113_3,0.0048297215
10472_10,0.9905874
7193_1,0.004070138
9978_3,0.004264634
783_8,0.9905874
7585_10,0.9941801
2135_9,0.40391952
10887_10,0.99101454
4075_2,0.004905406
10521_2,0.017309094
844_1,0.0053018946
6691_3,0.004070138
3879_4,0.017712297
3511_1,0.0059110695
332_1,0.017045317
7398_4,0.00581996
1845_1,0.0064882697
3890_3,0.006003596
3781_9,0.9926542
3723_1,0.0047552
2908_1,0.004133968
7625_3,0.00498227
6310_10,0.99193794
9432_4,0.9881309
1820_10,0.99361163
6809_8,0.9932025
9911_1,0.0043994132
12001_8,0.9881309
7266_7,0.9928786
263_10,0.9930962
2109_3,0.24454337
7293_4,0.9546474
8874_8,0.99128854
2143_4,0.9916842
4307_9,0.99341017
4176_1,0.005220126
8369_3,0.38029853
12317_1,0.0045384313
1687_4,0.005641909
12082_1,0.0067975316
3396_10,0.9918121
9129_9,0.9885804
10090_10,0.992062
11841_1,0.007937994
12447_4,0.0057302467
11624_10,0.99155444
8624_10,0.9312127
9290_1,0.0075772414
1108_8,0.3280449
4300_10,0.993807
2553_4,0.005641909
10550_8,0.9257686
8884_10,0.045015533
6760_2,0.005641909
1177_3,0.87831426
9939_2,0.95257413
2100_7,0.9911527
9677_1,0.012624948
2511_4,0.004681822
4115_8,0.9928786
437_9,0.990732
6698_10,0.9930962
11049_9,0.9890131
10168_4,0.01048909
8071_8,0.9896718
12474_4,0.97966766
3775_10,0.9928786
7478_10,0.994089
4312_8,0.88875884
3105_7,0.9843364
640_9,0.9933072
6891_1,0.004133968
1849_10,0.9939964
8528_7,0.9695556
9032_4,0.53266823
11743_9,0.994089
2813_10,0.99101454
846_2,0.0123361
3695_4,0.97344345
5972_3,0.0038844768
4831_1,0.0043994132
11826_1,0.0063883206
7684_10,0.9921841
7042_8,0.9888419
10247_10,0.9921841
6766_8,0.98173577
2091_2,0.06325053
5108_2,0.016029146
10644_1,0.04177388
5955_2,0.007815888
9451_10,0.9908744
11518_10,0.8003801
3871_1,0.006097562
5013_1,0.004070138
5056_4,0.07477005
3688_1,0.0037654138
2325_2,0.016152835
6330_4,0.005641909
8783_1,0.0057302467
3848_3,0.005641909
5901_10,0.9918121
10947_3,0.0064882697
4590_10,0.99298817
4337_10,0.013121271
11029_3,0.004609572
10980_3,0.22405545
165_7,0.9666631
474_8,0.99361163
3175_8,0.98667485
11764_1,0.00581996
2164_7,0.98866826
8891_8,0.99341017
8294_9,0.9941801
6602_7,0.008711384
8187_8,0.97903574
2609_2,0.008061991
6506_8,0.99298817
2207_1,0.005060332
2467_9,0.99361163
7440_1,0.006097562
6417_8,0.25054586
12278_7,0.99351174
4495_3,0.09334688
8223_10,0.993807
3659_4,0.19345194
1120_3,0.0047552
9713_3,0.01214717
808_10,0.9911527
11164_10,0.9914225
3536_10,0.99014014
10930_1,0.004198795
6868_4,0.005641909
2248_1,0.0047552
3624_4,0.030444348
1442_1,0.0044683837
10167_4,0.004905406
10645_10,0.58474547
4414_1,0.18330106
6409_2,0.004198795
10486_1,0.004133968
2983_7,0.99390244
4985_4,0.004331502
3566_9,0.9923044
8340_4,0.86703575
10246_9,0.97112906
7380_1,0.8413048
12381_3,0.45301983
11723_4,0.00498227
7478_1,0.0062899017
900_9,0.99371004
3364_2,0.007121429
6570_1,0.00581996
9309_8,0.98934746
6044_1,0.005220126
9261_2,0.005554925
5690_8,0.97997653
5326_2,0.004609572
11179_10,0.98866826
8908_1,0.004331502
10224_9,0.9896718
7318_10,0.99253935
11098_8,0.94815457
10120_1,0.004264634
4561_2,0.05921025
4409_3,0.01757688
4301_9,0.007345827
9254_3,0.0075772414
10717_9,0.9923044
10619_2,0.054198727
5924_1,0.00619299
11657_10,0.99351174
6373_4,0.004609572
10469_10,0.9759464
5531_9,0.06233104
1089_10,0.9908744
5082_10,0.9923044
4267_1,0.004681822
3006_10,0.99361163
9318_3,0.007121429
11877_1,0.004070138
7274_1,0.0076956474
12450_7,0.9904406
148_9,0.896614
10353_10,0.0123361
1368_8,0.7581527
9408_7,0.9623913
5739_7,0.96210754
7036_10,0.99371004
11554_2,0.0059110695
4601_9,0.99298817
10376_3,0.9606575
2486_8,0.99361163
5745_4,0.006097562
873_3,0.005220126
7009_1,0.005641909
542_7,0.994089
12008_8,0.99469805
8040_8,0.9916842
4048_2,0.0045384313
4895_10,0.9911527
11789_9,0.9923044
5084_7,0.9623913
9207_10,0.99298817
923_4,0.011508149
106_3,0.348562
1125_1,0.006097562
839_10,0.9879462
5285_10,0.98803884
7444_7,0.97702265
1566_8,0.9928786
3285_1,0.004609572
6203_2,0.0051396107
11147_3,0.031858858
11152_3,0.0038244836
3335_9,0.99128854
6689_1,0.004070138
6557_7,0.993807
3362_10,0.9911527
101_3,0.17161581
10692_4,0.004198795
4462_7,0.9891816
265_1,0.004070138
1369_3,0.091382116
9112_10,0.9916842
7870_1,0.0045384313
6102_10,0.9911527
3973_10,0.99128854
8232_1,0.005220126
3177_10,0.9884919
11598_10,0.028007522
882_2,0.86293024
5660_10,0.8987666
1685_10,0.99242276
2064_1,0.005060332
2296_9,0.9911527
3648_10,0.9736447
5486_4,0.004331502
2496_8,0.9914225
9579_10,0.9205043
10776_10,0.99341017
5889_10,0.9348725
8292_1,0.005384938
10547_3,0.0062899017
10415_7,0.9918121
10741_1,0.004905406
10196_1,0.0047552
12155_2,0.0044683837
2224_3,0.005554925
10356_7,0.88759494
7202_1,0.0038244836
11973_10,0.9658996
1792_8,0.9839708
7894_9,0.992062
11413_1,0.024609927
10596_10,0.99253935
2462_2,0.345602
9451_1,0.0043994132
2895_1,0.004133968
2513_4,0.063714996
11950_7,0.15559098
10566_9,0.99029154
2209_4,0.9329437
9292_4,0.009708476
5575_8,0.9890131
1688_4,0.0074606435
440_8,0.9926542
6324_10,0.9930962
8296_2,0.0067975316
9460_1,0.009125638
3992_8,0.9914225
11425_10,0.99128854
147_4,0.6541494
2897_4,0.44480592
6214_4,0.008315778
11157_4,0.004070138
4204_8,0.99341017
7255_2,0.06804042
8435_1,0.017176708
11354_2,0.0045384313
2136_9,0.99014014
295_1,0.92892635
335_10,0.9932025
8791_4,0.007232764
2817_1,0.0039454065
1629_8,0.9807288
6826_3,0.004264634
5550_8,0.9930962
3572_10,0.9928786
4543_10,0.9829547
2789_1,0.0059110695
12288_7,0.97788346
9769_9,0.9933072
1257_1,0.110855594
6180_10,0.99341017
8881_8,0.9918121
7075_10,0.9930962
10254_1,0.0051396107
12214_10,0.99193794
829_10,0.9850429
5633_8,0.99128854
6202_7,0.017309094
4843_10,0.9930962
7564_8,0.99361163
3539_4,0.7446563
9634_9,0.98934746
7578_9,0.9933072
6642_9,0.9942697
3438_8,0.96095175
11407_4,0.0226292
9891_1,0.0040072887
3875_4,0.005641909
6447_2,0.005220126
5027_8,0.99242276
11415_7,0.9869795
7762_9,0.007011795
7263_10,0.9928786
6556_1,0.4088667
5491_10,0.9943581
3418_8,0.9840936
4137_1,0.007937994
5519_7,0.9928786
3435_9,0.99253935
10199_10,0.9905874
5212_4,0.35248035
11891_10,0.9941801
4989_7,0.01065251
2883_3,0.008445628
9154_2,0.8872046
8384_10,0.9843364
4082_10,0.9898303
4334_2,0.005641909
5652_10,0.9918121
4544_2,0.01048909
4987_8,0.9908744
9648_3,0.004264634
10755_4,0.9314625
4386_1,0.005220126
4619_4,0.01883313
5860_7,0.9763105
11492_1,0.005554925
2126_9,0.9890131
8355_7,0.98707944
6560_10,0.9921841
4026_9,0.99155444
4019_7,0.9511422
455_10,0.993807
6637_1,0.98187524
7490_3,0.023689471
10533_10,0.9863631
7417_7,0.99128854
3392_2,0.0051396107
460_1,0.05834584
5364_10,0.9943581
234_7,0.9927672
709_4,0.013636835
2753_9,0.99253935
9434_10,0.98998636
2835_7,0.9911527
6849_1,0.010169657
11186_3,0.0047552
10902_8,0.9916842
2617_2,0.004264634
7423_9,0.9603612
4699_1,0.00818791
12312_10,0.98282325
6185_4,0.18653922
3742_3,0.0043994132
1314_8,0.9926542
7985_1,0.95565146
3669_4,0.007345827
2791_8,0.9914225
2295_8,0.9933072
12111_1,0.005384938
11827_10,0.9932025
10191_1,0.007345827
5264_2,0.5063473
11002_8,0.9926542
12423_2,0.0048297215
3551_7,0.98571813
10804_3,0.86838096
3670_4,0.008061991
8408_10,0.9933072
1307_10,0.9904406
10906_10,0.9898303
4039_2,0.0045384313
1010_9,0.99253935
8764_1,0.014728613
10894_10,0.99253935
1249_1,0.0039454065
1844_9,0.99361163
3252_9,0.99193794
12272_1,0.022802636
5599_10,0.9939964
6265_8,0.9942697
4497_4,0.013020489
3925_2,0.0054692742
7935_9,0.99128854
12146_1,0.003538086
2345_3,0.024423089
11171_10,0.99453074
6726_1,0.0045384313
11129_9,0.88523525
616_10,0.99298817
11349_3,0.0048297215
2485_10,0.9923044
3212_4,0.08787644
5578_10,0.9943581
2252_9,0.99371004
11643_3,0.005641909
12081_4,0.0057302467
4104_10,0.99341017
4504_7,0.9872773
6354_10,0.9930962
12118_8,0.9930962
9680_10,0.98840266
7173_10,0.99193794
1965_3,0.006003596
2674_7,0.5004883
1425_1,0.007937994
4017_8,0.9918121
3835_2,0.98657167
1335_4,0.54140884
627_1,0.007815888
8330_3,0.9683812
8907_1,0.00619299
11801_10,0.99193794
3231_1,0.0038244836
860_4,0.0054692742
2902_8,0.99341017
11550_4,0.1877276
4944_10,0.9914225
10190_10,0.03875619
4090_3,0.0040072887
3863_1,0.0043994132
3904_9,0.99390244
917_4,0.01678549
5540_2,0.0045384313
9183_7,0.98571813
2570_4,0.005641909
11868_1,0.0053018946
7438_3,0.4843801
10484_2,0.0053018946
1988_8,0.99341017
46_2,0.0067975316
6624_4,0.0074606435
4666_7,0.896614
11479_4,0.00498227
308_1,0.0054692742
5400_9,0.9891816
5258_1,0.003707253
432_3,0.004331502
7245_1,0.0059110695
7082_1,0.007232764
9698_10,0.96124375
1085_9,0.98657167
9999_10,0.9932025
4235_7,0.9874721
11603_10,0.9861514
4457_3,0.076407686
5022_8,0.9911527
12278_3,0.024987794
12076_2,0.007232764
7239_4,0.007937994
4691_10,0.994089
9820_2,0.04672496
5932_1,0.35843202
10265_9,0.99128854
9247_2,0.004609572
4581_3,0.02145073
11060_7,0.9863631
10349_2,0.0048297215
9821_3,0.012527932
3375_7,0.9532751
5515_10,0.99101454
3921_8,0.97887486
6671_8,0.9904406
7051_7,0.9908744
743_7,0.9860443
8230_3,0.34460884
11203_2,0.0059110695
11616_1,0.0048297215
8033_9,0.9908744
1472_10,0.99193794
1932_3,0.005554925
6827_2,0.0040072887
6912_4,0.0063883206
12024_1,0.0047552
10625_1,0.004133968
9528_10,0.99351174
6663_3,0.004681822
10727_1,0.008315778
6646_10,0.993807
7632_7,0.9914225
8518_2,0.0044683837
6398_9,0.9921841
488_8,0.9914225
4133_1,0.0047552
4128_10,0.9928786
5883_10,0.99390244
10240_1,0.005060332
8791_8,0.99341017
10917_8,0.992062
9097_10,0.9930962
8438_1,0.0039454065
7536_1,0.50097656
7542_3,0.01048909
3928_7,0.9834705
12477_2,0.0094125895
9157_3,0.0045384313
2694_2,0.99253935
3632_3,0.15052764
7169_10,0.9939964
6931_7,0.040845715
11474_10,0.99371004
2252_1,0.004681822
1261_7,0.08509905
523_9,0.3606579
12233_2,0.004133968
4731_9,0.9921841
12376_10,0.97068775
11834_4,0.14755519
7063_9,0.9838472
5289_1,0.006003596
9632_3,0.008061991
11086_1,0.00581996
8224_10,0.9941801
8013_3,0.84234506
8003_3,0.0038244836
2281_8,0.98866826
4643_7,0.9890131
7942_3,0.0064882697
11067_2,0.0067975316
5577_1,0.005554925
5796_1,0.004070138
11514_1,0.006692851
1867_1,0.0059110695
4804_2,0.0053018946
4547_1,0.004198795
6391_7,0.9572778
6260_9,0.9941801
5355_10,0.6554739
12358_4,0.111627996
860_7,0.99351174
3768_1,0.8587186
8742_3,0.9763105
10786_4,0.004264634
5337_3,0.0053018946
11260_10,0.9843364
7364_1,0.005384938
4434_2,0.004905406
10604_8,0.99193794
9587_7,0.06928941
738_1,0.9019207
3757_8,0.99444515
6970_10,0.99253935
6194_1,0.0045384313
4559_10,0.96405166
2334_3,0.00498227
10636_3,0.011869121
4192_1,0.0045384313
1579_4,0.7701192
7168_10,0.99351174
3789_9,0.94417685
5617_7,0.98934746
5757_8,0.99014014
1431_7,0.009559399
6130_4,0.073963374
12092_3,0.010013569
7918_3,0.007815888
5386_10,0.967163
2794_9,0.93195957
2394_2,0.007011795
10690_7,0.99253935
6406_4,0.009125638
12288_2,0.007121429
7405_4,0.09602549
6153_10,0.0075772414
5577_9,0.9932025
1462_1,0.0043994132
7732_9,0.98677725
9046_10,0.9928786
11086_8,0.9891816
1426_7,0.99155444
12174_10,0.99155444
5537_1,0.004331502
11746_1,0.004609572
12203_10,0.99242276
11585_7,0.9918121
9765_1,0.004264634
6295_8,0.99242276
3991_4,0.047074176
11134_10,0.992062
12379_7,0.9728308
7316_2,0.005220126
6955_4,0.006903838
8092_7,0.99361163
9788_1,0.0045384313
9494_1,0.0038844768
721_10,0.9905874
1250_9,0.993807
3204_2,0.027169231
6539_9,0.99101454
7944_1,0.0043994132
8632_8,0.99253935
2787_10,0.99390244
11497_1,0.0054692742
8577_9,0.9927672
2717_8,0.9849274
3251_8,0.99371004
11714_7,0.98445636
3868_7,0.99351174
7394_1,0.04401865
481_7,0.9324533
5237_2,0.006692851
11148_9,0.9700135
11946_7,0.9908744
7301_1,0.006097562
384_9,0.9839708
8535_2,0.004070138
8067_8,0.9928786
8452_2,0.0045384313
7361_1,0.004331502
4017_3,0.0047552
6304_9,0.993807
7326_10,0.99390244
399_1,0.004198795
9003_1,0.004609572
11314_8,0.09073549
4909_10,0.99014014
10463_10,0.9933072
7355_2,0.013428254
3553_2,0.725065
4404_10,0.9926542
9304_1,0.008577485
7903_1,0.00498227
4429_3,0.03308598
6287_7,0.9837225
10461_1,0.004331502
668_10,0.6310829
7560_10,0.99351174
2785_1,0.0036499873
2801_10,0.9941801
4318_9,0.99128854
244_9,0.99253935
12435_2,0.005060332
2788_9,0.994089
2537_7,0.8710367
928_1,0.004070138
3312_7,0.994089
12147_10,0.9941801
5414_9,0.98934746
9871_1,0.0048297215
1308_8,0.9932025
7668_1,0.0045384313
5571_10,0.99242276
2052_10,0.98951083
7089_9,0.99101454
6411_2,0.007232764
8514_1,0.0053018946
5921_10,0.9933072
3264_1,0.0043994132
319_1,0.008847355
3433_10,0.99390244
1610_8,0.9928786
8002_3,0.004198795
8099_9,0.89552265
5418_1,0.004331502
6247_3,0.06903793
5153_8,0.9693242
12201_1,0.004681822
8900_1,0.004681822
10908_2,0.019719128
598_1,0.01065251
10590_9,0.97023994
6706_10,0.99341017
12299_9,0.9914225
2159_7,0.96124375
186_1,0.005384938
3008_8,0.98998636
831_7,0.99101454
2717_3,0.0094125895
5174_10,0.99341017
3088_3,0.004070138
6262_8,0.53266823
12303_1,0.006097562
9904_8,0.9941801
10097_10,0.992062
6242_8,0.99014014
9653_10,0.9939964
12499_1,0.005384938
894_1,0.7310586
8935_7,0.98934746
3184_2,0.015543648
2226_4,0.010013569
592_10,0.9939964
2173_8,0.9941801
10967_2,0.0043994132
3332_3,0.89912134
1074_2,0.005384938
2396_4,0.0039454065
2627_4,0.967163
5982_9,0.994615
1386_1,0.00619299
7325_4,0.9329437
112_2,0.008445628
8856_10,0.98998636
1948_1,0.0047552
5791_4,0.16264586
1007_9,0.9918121
3758_3,0.0044683837
6455_2,0.00498227
6464_9,0.99469805
5403_10,0.993807
7076_10,0.9916842
6123_3,0.007121429
2832_7,0.9927672
9287_10,0.9933072
3665_10,0.98951083
4488_4,0.006003596
5861_1,0.0043994132
2222_10,0.9896718
9608_1,0.004264634
6225_4,0.006097562
5643_3,0.00581996
8720_7,0.93721074
4955_7,0.9849274
6839_1,0.0054692742
7396_1,0.006003596
6234_8,0.9429286
10423_1,0.0045384313
2158_1,0.0038844768
6929_8,0.99128854
7593_3,0.21239536
636_1,0.0045384313
2747_7,0.9623913
7398_10,0.9891816
6852_4,0.0074606435
9938_3,0.004609572
3989_3,0.98677725
1104_9,0.9863631
5897_3,0.007232764
5254_3,0.0037654138
4824_1,0.020023443
10945_8,0.98481095
11486_8,0.9928786
2542_1,0.004264634
1824_10,0.99341017
10181_2,0.007232764
2492_9,0.9926542
8111_1,0.004905406
5844_9,0.99371004
1369_7,0.0074606435
10775_4,0.011777842
9617_9,0.98173577
4709_1,0.0044683837
7043_2,0.0074606435
5166_10,0.9928786
1604_8,0.9930962
8576_8,0.9939964
1916_7,0.9807288
10286_10,0.55302256
10241_1,0.0053018946
12441_9,0.99101454
4529_1,0.004331502
1553_3,0.0075772414
3985_4,0.83973396
5542_8,0.9905874
10857_9,0.98934746
7600_1,0.0047552
12095_9,0.98998636
3134_10,0.9939964
9472_3,0.018978037
1058_10,0.9926542
7328_9,0.9930962
3865_3,0.00619299
7409_3,0.011331754
4795_1,0.0037654138
11596_10,0.9851576
3758_8,0.8143483
5099_4,0.012527932
7707_10,0.9908744
1412_3,0.006903838
4720_10,0.994615
978_7,0.9916842
6165_8,0.99253935
1307_1,0.004609572
2322_7,0.23899394
5328_10,0.97838473
11934_8,0.992062
1940_3,0.274935
6270_10,0.0094125895
5262_8,0.9933072
4068_9,0.993807
1208_3,0.94966936
10220_3,0.0057302467
5091_1,0.0044683837
2738_1,0.005641909
8909_3,0.01395571
932_2,0.94417685
863_10,0.9878528
454_1,0.04672496
10525_4,0.004331502
175_4,0.029760094
4551_1,0.009125638
5666_1,0.0036499873
4324_10,0.9926542
8189_1,0.0059110695
12064_10,0.9683812
8622_10,0.9740426
1115_9,0.96641046
9593_1,0.01107216
5579_10,0.99242276
3467_1,0.0433658
11409_1,0.004133968
8682_1,0.0036499873
7866_1,0.012624948
6111_8,0.19744444
524_9,0.99361163
9837_7,0.99029154
2215_1,0.0062899017
6840_10,0.99253935
7384_8,0.9921841
6353_7,0.9927672
8650_3,0.06233104
1890_10,0.9921841
10402_8,0.9883128
3770_4,0.00619299
3086_1,0.004198795
1487_3,0.0053018946
2995_10,0.99390244
2356_7,0.96267307
5320_10,0.98934746
3235_1,0.0051396107
6802_1,0.006097562
11329_9,0.6769403
1143_8,0.86703575
5768_3,0.66225064
8004_1,0.0053018946
5453_3,0.009708476
11288_10,0.08756384
3278_10,0.99242276
11856_7,0.9429286
12057_10,0.99242276
1825_4,0.0048297215
3319_10,0.99390244
5956_7,0.99361163
4875_10,0.9853843
562_1,0.0057302467
11359_8,0.98707944
12454_10,0.7756048
10621_2,0.0048297215
10407_2,0.005220126
3532_2,0.005220126
10162_4,0.76629364
7084_4,0.44432363
167_10,0.98667485
3362_1,0.63883525
6370_10,0.9927672
2281_3,0.87536144
10454_1,0.005554925
12387_8,0.9804314
8375_8,0.9656413
9656_3,0.018689308
9387_1,0.007232764
4907_1,0.004198795
4697_9,0.9930962
4217_1,0.0044683837
8860_10,0.89218736
7312_3,0.35292622
9326_10,0.9914225
3785_8,0.9429286
2255_1,0.0076956474
9950_3,0.3644382
558_2,0.004264634
413_8,0.98677725
7837_9,0.9891816
9192_1,0.0045384313
7_1,0.0053018946
9674_1,0.0047552
9771_4,0.0064882697
3331_10,0.98657167
11444_8,0.648675
3009_7,0.98228765
5584_1,0.005384938
12044_10,0.9933072
5952_9,0.9888419
4989_2,0.003707253
5722_3,0.0048297215
6207_4,0.603815
7646_1,0.0043994132
1811_3,0.0054692742
1197_3,0.010902373
709_9,0.993807
8554_9,0.98998636
1706_9,0.97702265
10060_10,0.993807
6818_1,0.0074606435
7255_9,0.98445636
3790_7,0.9883128
7833_9,0.0062899017
7448_4,0.008985428
3456_1,0.007011795
3881_3,0.0053018946
11049_1,0.004609572
1269_1,0.005641909
7803_10,0.99361163
1413_9,0.9845754
1289_8,0.99242276
3967_9,0.98866826
7533_10,0.99351174
5372_8,0.9851576
1518_1,0.006003596
10752_3,0.010013569
4863_3,0.004070138
699_1,0.0045384313
11537_3,0.012624948
9241_7,0.992062
876_3,0.39338505
11234_4,0.67114735
5942_4,0.8976953
1778_10,0.9152046
2631_9,0.57057065
7425_9,0.9933072
3410_10,0.9941801
9155_10,0.99014014
4396_10,0.994089
8894_7,0.99101454
6034_10,0.85729086
12105_1,0.00498227
11645_7,0.9883128
1821_4,0.1786691
9028_7,0.9888419
4670_7,0.99341017
4720_3,0.0045384313
10001_1,0.008847355
8363_2,0.0051396107
5681_9,0.9890131
8165_10,0.9939964
11961_2,0.0059110695
406_1,0.004198795
8313_1,0.0039454065
11945_7,0.70304
9454_9,0.98866826
9523_10,0.98677725
10516_10,0.9904406
6036_3,0.00581996
5046_1,0.004905406
9019_9,0.9878528
5471_10,0.9932025
11862_7,0.0067975316
651_1,0.9719925
3131_9,0.994615
9912_1,0.004264634
6231_2,0.01678549
5523_2,0.9059898
1817_1,0.009125638
8880_7,0.99253935
6080_4,0.0048297215
9940_1,0.9926542
3409_4,0.98159516
3713_4,0.02479816
3447_3,0.01384861
3460_8,0.994089
9397_10,0.9875683
5528_8,0.9890131
7658_10,0.9941801
5893_10,0.99371004
1646_1,0.0059110695
9620_7,0.03594832
66_3,0.9843364
1691_10,0.99155444
4311_7,0.96765566
12091_1,0.005641909
5391_1,0.0043994132
576_4,0.00619299
4734_9,0.93991333
6008_10,0.992062
8527_7,0.96323055
6048_10,0.6905591
5102_10,0.99371004
6794_10,0.9927672
3473_3,0.0053018946
2025_9,0.9927672
9728_2,0.0059110695
10704_10,0.98242307
9094_4,0.98228765
7838_9,0.9923044
5779_1,0.0035936027
5342_4,0.89552265
9291_10,0.99351174
7028_2,0.0045384313
1331_9,0.9719925
9913_8,0.99014014
10250_10,0.992062
9227_8,0.98951083
6278_4,0.00818791
2302_1,0.023330767
7000_2,0.0045384313
416_2,0.08181272
6846_1,0.00619299
3253_9,0.99253935
1712_1,0.004331502
9720_10,0.9891816
769_9,0.99361163
6635_10,0.9859364
1421_10,0.0963651
6803_1,0.00498227
4290_4,0.00581996
2465_7,0.96124375
70_8,0.9939964
5176_10,0.993807
305_2,0.0076956474
11094_3,0.00581996
1109_10,0.9941801
95_3,0.7509182
2378_10,0.993807
3270_3,0.005554925
6999_4,0.8749346
7594_8,0.43398148
9549_10,0.99253935
8263_4,0.85536855
10379_9,0.990732
11187_1,0.00818791
2278_3,0.00619299
11180_4,0.2213507
745_10,0.9918121
9794_4,0.03963884
6565_1,0.0045384313
9608_8,0.98866826
12222_1,0.004264634
9330_9,0.98625773
3611_9,0.99390244
1775_4,0.15817435
3635_1,0.009859855
3893_1,0.0054692742
2802_1,0.020488555
2481_10,0.55012405
1540_3,0.9205043
2205_4,0.005220126
10970_7,0.99101454
8287_2,0.004264634
484_1,0.0045384313
249_2,0.044680875
12073_10,0.99193794
1443_7,0.97023994
4985_7,0.9898303
12247_1,0.08299415
3170_3,0.0044683837
2900_10,0.99361163
1930_9,0.9930962
12309_10,0.9926542
10720_8,0.990732
5260_4,0.009268014
5212_8,0.9933072
3872_10,0.9908744
9705_1,0.005554925
10367_8,0.99193794
10063_10,0.99341017
9682_1,0.46125945
7356_8,0.98840266
6045_7,0.9193534
3181_10,0.9927672
7212_9,0.95362175
8801_9,0.9904406
2910_3,0.42155182
5031_7,0.9927672
1416_1,0.0044683837
8903_10,0.99390244
10620_4,0.008061991
8957_1,0.004133968
3374_1,0.0064882697
9196_1,0.005060332
5167_10,0.9811669
10900_1,0.0063883206
5405_2,0.005060332
1546_1,0.39548436
12331_4,0.007121429
4733_9,0.99361163
6682_10,0.9941801
1356_8,0.9928786
2301_2,0.0045384313
11565_7,0.9882222
8731_7,0.990732
1638_10,0.993807
7280_3,0.019419348
51_4,0.007815888
355_4,0.0269635
485_10,0.99341017
554_4,0.008985428
8059_3,0.004264634
3645_4,0.047425874
7332_7,0.99242276
10877_2,0.011869121
10837_1,0.004070138
6273_10,0.9869795
11773_2,0.0044683837
744_1,0.006903838
9762_8,0.9943581
831_4,0.0111580305
4450_3,0.00619299
5338_4,0.005554925
6741_2,0.012053779
5962_9,0.9804314
10363_3,0.010013569
9063_10,0.9942697
2739_1,0.0064882697
5920_2,0.0045384313
5200_9,0.990732
6498_10,0.99341017
591_1,0.7934263
8010_9,0.9916842
369_8,0.99193794
9971_9,0.9939964
11735_8,0.99029154
11278_10,0.9811669
1464_9,0.98242307
3787_8,0.9914225
10097_2,0.021615336
3728_8,0.99341017
9996_2,0.0062899017
8676_10,0.9882222
9718_4,0.0044683837
9280_7,0.9757624
8343_4,0.16451646
3505_1,0.008985428
8863_10,0.99341017
5682_10,0.83973396
4704_2,0.79502225
11106_7,0.09073549
10541_2,0.07751766
6601_9,0.9928786
11387_10,0.9904406
8864_10,0.9849274
7139_4,0.012624948
10068_8,0.98998636
2572_1,0.0047552
3819_10,0.9898303
11954_1,0.004070138
2525_4,0.0226292
12440_7,0.99128854
1489_10,0.9933072
12422_7,0.029090757
5463_10,0.9914225
5684_1,0.0039454065
30_9,0.99390244
1255_8,0.993807
3993_4,0.008315778
10386_7,0.05921025
10111_10,0.9850429
2915_9,0.2869679
4621_1,0.0063883206
3671_9,0.9933072
1069_4,0.0038844768
2060_10,0.8264319
3788_2,0.56985265
3_7,0.96432143
7722_1,0.0038244836
9601_1,0.0036499873
3294_3,0.014728613
4361_1,0.0054692742
6626_7,0.7666432
5799_10,0.96295285
332_10,0.99361163
4320_4,0.01065251
4545_9,0.99253935
6029_1,0.0048297215
6329_1,0.017309094
5586_1,0.005060332
9401_1,0.0064882697
7087_10,0.9585377
5200_1,0.004681822
9707_7,0.22405545
5006_10,0.5662584
4702_4,0.4016878
11207_10,0.9056566
3593_1,0.0053018946
3050_3,0.72193927
6036_7,0.036220055
2221_2,0.004681822
6895_1,0.049958523
5678_10,0.9923044
8395_10,0.9933072
8193_1,0.0047552
11689_4,0.01065251
10207_10,0.9932025
5028_4,0.0045384313
26_3,0.053009775
11774_10,0.97997653
59_3,0.0043994132
7339_4,0.008445628
2141_7,0.059646945
10647_10,0.9933072
7703_8,0.2948237
5904_10,0.9872773
11952_7,0.98707944
6355_1,0.0051396107
7465_1,0.004905406
1244_9,0.9904406
5129_9,0.9926542
4015_10,0.9932025
435_1,0.00581996
8974_3,0.24113183
2294_2,0.0039454065
5028_8,0.9905874
3850_1,0.004264634
3162_10,0.9879462
7690_10,0.99361163
10957_1,0.82161736
8809_10,0.9849274
8509_2,0.008711384
2314_1,0.004905406
2587_9,0.99361163
6823_8,0.993807
9761_2,0.0054692742
2699_4,0.47755417
10291_3,0.011961098
3015_7,0.99242276
10059_10,0.9923044
8018_1,0.0048297215
9487_1,0.009783876
12074_4,0.0047552
2051_1,0.0053018946
3997_1,0.006003596
9323_2,0.85342485
10231_9,0.9926542
10129_2,0.005060332
1491_10,0.9914225
5601_10,0.9896718
6980_9,0.9904406
8952_1,0.004264634
12021_1,0.0051396107
11719_1,0.004681822
4620_8,0.7735587
9819_4,0.2821962
1682_2,0.9853843
5635_4,0.051082738
4634_10,0.9928786
8725_8,0.99242276
9919_9,0.97788346
5839_9,0.8474635
10643_1,0.049589027
4447_9,0.8895288
7614_7,0.8740772
441_4,0.02211659
1713_1,0.005220126
507_7,0.9904406
6592_1,0.034358688
6378_9,0.9921841
10206_4,0.078078166
11627_8,0.16291203
11991_4,0.46198756
5759_3,0.0036499873
2655_3,0.00619299
8628_7,0.99253935
12364_2,0.0048297215
11107_7,0.7193836
3166_2,0.099820666
4168_1,0.15507847
10876_7,0.82104415
5609_10,0.45301983
600_8,0.990732
7243_2,0.005220126
7300_9,0.99014014
9144_10,0.9700135
4539_3,0.5161077
8007_10,0.96323055
8486_1,0.0043994132
6213_2,0.0123361
4742_10,0.98228765
1421_1,0.003707253
4061_9,0.93195957
10451_7,0.9908744
1062_8,0.98469365
12281_1,0.045352582
5994_3,0.004198795
10055_10,0.9859364
2602_1,0.013428254
11107_4,0.0059110695
4007_3,0.2590751
10444_9,0.99253935
1635_7,0.0627892
12049_8,0.9930962
3988_3,0.0433658
12414_8,0.96741027
7074_1,0.0033766124
11854_7,0.98215127
2445_8,0.9942697
2187_9,0.9918121
11675_10,0.967163
5648_1,0.004609572
1614_4,0.0062899017
9395_2,0.0043994132
5372_1,0.0065897712
12082_10,0.99361163
12029_10,0.9559813
983_4,0.98445636
11356_3,0.038178276
4254_10,0.9853843
6017_4,0.70232594
2330_10,0.844409
1089_1,0.007345827
8017_3,0.006097562
5248_1,0.9884919
9041_8,0.9884919
3855_1,0.009859855
10976_1,0.004070138
7926_4,0.3106944
7758_4,0.005554925
8081_7,0.9462003
9267_4,0.98840266
6381_9,0.9859364
6172_4,0.23899394
12411_8,0.9928786
5216_10,0.99128854
10999_8,0.9923044
2460_1,0.00818791
7815_7,0.9843364
8586_7,0.8736466
21_1,0.006903838
2467_1,0.005554925
7979_8,0.99298817
3744_7,0.98998636
7205_1,0.0040072887
6862_7,0.54576993
12031_10,0.9921841
12458_1,0.0043994132
10410_1,0.004264634
2624_10,0.9686196
12083_1,0.006903838
47_2,0.005554925
676_7,0.98866826
5425_10,0.9914225
1899_2,0.0043994132
9666_1,0.00498227
3151_10,0.9933072
1745_8,0.009268014
7646_8,0.96405166
10011_9,0.9939964
10061_10,0.9942697
6792_9,0.99371004
5150_3,0.0075772414
593_10,0.97788346
6170_4,0.9883128
2029_2,0.0044683837
3026_4,0.0766838
1086_10,0.99242276
1594_8,0.9939964
227_1,0.0039454065
5932_7,0.9329437
2681_1,0.007121429
4270_10,0.9930962
10065_1,0.0062899017
6640_9,0.9941801
1160_10,0.99444515
3078_1,0.011777842
1546_7,0.9930962
12315_1,0.004198795
8699_1,0.014957086
11438_4,0.005060332
2034_7,0.9740426
7899_1,0.0065897712
1006_3,0.0043994132
3732_7,0.3172147
11094_7,0.5063473
1477_4,0.009268014
8912_10,0.99155444
8140_4,0.9763105
7542_9,0.99253935
2556_1,0.2986959
10075_10,0.9923044
12212_2,0.02576056
218_10,0.80069196
8385_1,0.005220126
5716_2,0.004681822
11655_10,0.98527133
6235_1,0.005220126
2823_10,0.6517428
7094_2,0.5853382
465_10,0.99390244
4968_4,0.0051396107
222_10,0.98215127
464_4,0.013121271
2593_10,0.98445636
11946_3,0.0040072887
6083_1,0.0051396107
8158_3,0.009708476
2646_3,0.004331502
8282_4,0.23335676
12482_2,0.005220126
1020_7,0.23846151
7554_10,0.9811669
4492_2,0.0053018946
4468_4,0.00619299
7365_8,0.98998636
9777_9,0.992062
9505_3,0.43398148
10546_1,0.0051396107
2179_7,0.98282325
9325_9,0.983597
9042_10,0.9932025
7631_2,0.004681822
1583_2,0.013020489
10449_2,0.017442483
8021_9,0.98892784
9282_9,0.99361163
5261_9,0.97324073
9127_8,0.9921841
6408_2,0.015906392
7306_1,0.005060332
2955_4,0.007232764
6401_10,0.98677725
278_10,0.99477994
1954_8,0.19072402
2592_8,0.99253935
2040_10,0.9927672
4779_10,0.9927672
7274_8,0.99242276
8094_2,0.010169657
9359_9,0.98187524
10732_10,0.9926542
7824_7,0.98866826
493_7,0.99029154
2458_2,0.014281935
67_3,0.00498227
1495_1,0.00581996
2984_1,0.9193534
9979_4,0.005641909
2790_1,0.01507263
8948_1,0.004681822
4249_1,0.11636176
5994_10,0.993807
5119_2,0.005384938
6539_2,0.0036499873
12006_2,0.008061991
555_4,0.004198795
9508_9,0.9656413
2282_2,0.004070138
4119_7,0.9921841
1224_8,0.98998636
492_10,0.98173577
7062_9,0.9921841
6663_10,0.9930962
9410_8,0.9930962
6033_8,0.99155444
4704_9,0.99444515
1347_3,0.0044683837
6920_7,0.9905874
7736_1,0.020332353
2884_3,0.004609572
1870_2,0.019719128
4058_3,0.00498227
3089_8,0.9941801
932_9,0.9926542
5666_10,0.99361163
5770_1,0.006097562
10982_10,0.9928786
5977_1,0.0043994132
7678_2,0.44842628
7788_10,0.99371004
6328_1,0.0062899017
5806_10,0.9926542
595_1,0.0062899017
8235_7,0.99361163
10822_2,0.0043994132
12353_7,0.41229352
5381_1,0.0140636265
504_8,0.98951083
4876_10,0.9908744
5244_10,0.9932025
12010_8,0.99128854
7263_2,0.9216402
10315_10,0.9943581
9967_1,0.0051396107
126_10,0.99193794
3861_1,0.0053018946
10221_8,0.7291342
7844_3,0.11596072
10976_8,0.9905874
9372_8,0.95362175
5633_2,0.005554925
3833_4,0.0044683837
5256_8,0.99298817
8840_1,0.0048297215
2122_10,0.993807
4607_4,0.0076956474
12025_9,0.99155444
10884_9,0.96210754
2473_10,0.96641046
12330_8,0.96814114
6997_3,0.00498227
4505_9,0.9927672
1302_8,0.9926542
4382_3,0.0269635
9645_8,0.9826909
4138_2,0.00498227
2419_1,0.010169657
3059_8,0.9888419
8239_9,0.99341017
105_3,0.0048297215
1129_9,0.99101454
9065_10,0.992062
3249_1,0.0047552
4864_8,0.96095175
11748_8,0.9930962
561_10,0.99371004
1261_1,0.006692851
10944_1,0.0064882697
11503_1,0.06804042
8089_9,0.9881309
3224_10,0.99341017
4550_3,0.9130583
8097_7,0.9860443
11042_1,0.010902373
4590_3,0.11636176
10838_8,0.98527133
5500_3,0.008847355
6779_10,0.99242276
7489_2,0.0039454065
4145_8,0.9882222
2477_2,0.9492946
11428_7,0.026759284
5178_8,0.9898303
1604_1,0.0043994132
2269_7,0.98934746
683_2,0.020804489
12373_10,0.99361163
12362_10,0.99253935
1486_9,0.7772999
4922_1,0.0043994132
5689_8,0.60264635
11287_9,0.96909106
4578_4,0.009125638
361_1,0.42202815
6750_4,0.94815457
10004_9,0.9932025
3649_9,0.9933072
12485_8,0.9908744
4867_10,0.9916842
10463_2,0.012624948
8449_9,0.9927672
10573_10,0.99371004
12488_3,0.007011795
1649_2,0.004331502
12064_1,0.66904247
4892_10,0.99341017
8877_3,0.01048909
11816_9,0.99351174
10235_10,0.98866826
8204_7,0.9755769
8608_10,0.9898303
475_10,0.993807
10150_8,0.9933072
4661_10,0.67114735
434_8,0.98866826
10121_10,0.99361163
438_9,0.99351174
2866_1,0.0123361
10667_2,0.023870835
9575_8,0.990732
910_10,0.9942697
1631_7,0.98421544
10585_3,0.14511536
1060_8,0.9898303
8817_1,0.007815888
10511_10,0.99361163
11854_2,0.011961098
4429_7,0.9908744
7462_4,0.0048297215
7668_10,0.99390244
6258_8,0.9884919
12481_1,0.005060332
3948_7,0.7947038
624_10,0.98934746
6418_8,0.9928786
4211_7,0.98571813
10606_1,0.008847355
3052_1,0.004198795
12091_8,0.994089
5559_10,0.9904406
6462_8,0.993807
6215_1,0.006903838
10996_1,0.0074606435
1139_10,0.6317647
11400_8,0.9878528
10075_3,0.0048297215
9034_4,0.06804042
8963_7,0.9872773
622_10,0.9933072
4570_3,0.38549033
12242_2,0.0045384313
10595_1,0.013742321
5524_1,0.022286188
10074_3,0.7898827
10761_4,0.14854057
5215_1,0.00581996
7480_8,0.97997653
3940_4,0.86838096
375_10,0.07343005
11998_3,0.00581996
11759_10,0.9933072
12180_7,0.53995365
9000_2,0.013428254
4251_3,0.06779314
7944_10,0.99361163
12444_1,0.028220987
7400_1,0.013532149
4122_8,0.99469805
8849_10,0.992062
5656_4,0.01678549
4091_7,0.9923044
8699_10,0.9911527
8750_9,0.99361163
3813_10,0.99341017
1836_4,0.22781274
1644_9,0.9926542
5764_10,0.9905874
1328_1,0.2180027
2332_2,0.9462003
1851_1,0.009859855
9281_2,0.007345827
9870_1,0.004681822
3201_1,0.003538086
9589_10,0.024423089
3137_1,0.008577485
10655_10,0.9933072
10722_1,0.008061991
10338_9,0.9933072
2561_4,0.91022676
8646_8,0.56937385
10077_7,0.98951083
2091_10,0.9911527
12110_7,0.98159516
8961_4,0.0048297215
10497_1,0.004264634
3909_3,0.24292332
2535_3,0.7394224
8969_3,0.0074606435
160_10,0.99193794
10280_4,0.008061991
5117_1,0.006903838
2371_4,0.005384938
12014_10,0.99298817
8665_8,0.9933072
5386_3,0.003707253
1284_1,0.004264634
6541_7,0.81669897
6919_4,0.0051396107
7066_10,0.99298817
1189_3,0.0054692742
247_8,0.993807
4144_8,0.99014014
1788_10,0.98481095
3875_9,0.98469365
9484_2,0.0067975316
6650_1,0.020332353
526_3,0.0064882697
10810_8,0.7570767
3361_2,0.0076956474
3721_1,0.007345827
8024_2,0.00498227
11882_10,0.98934746
6015_1,0.004264634
10950_8,0.98866826
10595_10,0.992062
6215_8,0.8000679
7506_1,0.0044683837
9448_2,0.004609572
10267_4,0.11920291
1890_4,0.010169657
11388_1,0.0051396107
4033_2,0.0038844768
10188_1,0.010328153
3685_10,0.992062
2329_10,0.97344345
2672_10,0.9930962
3356_10,0.9719925
7505_9,0.97520185
8789_7,0.983597
4655_1,0.003538086
7490_7,0.992062
10703_9,0.80685264
2088_9,0.99351174
5114_3,0.0039454065
3317_8,0.051462766
2826_2,0.5786863
8346_8,0.9834705
2036_1,0.005220126
11081_2,0.005220126
5313_7,0.46708867
266_4,0.007815888
7378_7,0.88602656
7420_2,0.18330106
9637_8,0.993807
8788_2,0.004609572
4953_2,0.0059110695
8212_9,0.9918121
10437_9,0.9933072
9397_1,0.0111580305
4598_10,0.9905874
2772_10,0.9908744
83_10,0.99361163
6217_1,0.0038844768
11725_10,0.9928786
4380_9,0.9933072
2974_1,0.00498227
12363_7,0.99298817
3246_1,0.0051396107
6087_9,0.99444515
3419_9,0.99351174
6587_9,0.99298817
2450_1,0.0062899017
2475_10,0.992062
11551_7,0.9883128
7614_4,0.005554925
10136_10,0.9921841
5844_3,0.0062899017
7473_1,0.0043994132
6772_4,0.019124037
6253_1,0.005220126
4036_10,0.9184803
11948_10,0.98951083
11435_9,0.9939964
6106_9,0.99155444
12271_1,0.012527932
12030_3,0.0059110695
11640_3,0.0043994132
5589_10,0.6550878
6352_1,0.9884919
2523_4,0.9181873
8198_8,0.99029154
7283_4,0.026155619
4330_3,0.96124375
7882_3,0.6021786
9815_8,0.9930962
1714_1,0.004133968
3836_1,0.00498227
8618_7,0.77321637
1759_3,0.0766838
9317_2,0.005220126
6186_4,0.048496004
3779_1,0.0039454065
10096_9,0.9930962
3277_7,0.9914225
6023_10,0.99371004
4863_7,0.971779
11194_2,0.0054692742
11227_2,0.004133968
11983_1,0.0067975316
337_9,0.9932025
11441_3,0.005384938
6668_1,0.004264634
4333_9,0.9805807
3773_8,0.9891816
5370_9,0.9904406
4959_10,0.056652423
9431_3,0.006692851
6834_3,0.0062899017
9952_3,0.004198795
9810_1,0.011687259
697_4,0.006692851
4528_3,0.004198795
5817_1,0.0040072887
9052_7,0.32477057
11494_8,0.9930962
4516_1,0.004609572
2810_9,0.99101454
1105_10,0.9923044
6873_2,0.0051396107
8171_10,0.9904406
9568_10,0.99341017
879_10,0.993807
8493_8,0.109705776
9437_10,0.97702265
3841_1,0.004264634
3852_7,0.94458723
7414_9,0.987375
6048_1,0.0054692742
2921_1,0.004331502
6752_1,0.004133968
7997_1,0.909907
640_1,0.0039454065
9576_3,0.01384861
4110_4,0.2801238
11407_7,0.9403531
410_10,0.9928786
11167_10,0.99371004
8383_10,0.9736447
392_7,0.99341017
1459_4,0.00818791
11929_10,0.987375
12362_4,0.018264279
4046_2,0.004331502
2597_10,0.99155444
11246_4,0.0039454065
8692_8,0.99371004
3986_9,0.99155444
391_1,0.007815888
2504_7,0.9927672
11644_10,0.9911527
1788_1,0.0062899017
5286_1,0.0037654138
3486_1,0.99390244
4486_7,0.064653486
4614_3,0.80837
11360_4,0.0048297215
2315_10,0.99298817
3637_10,0.86153823
6479_3,0.012527932
10306_8,0.99242276
2225_1,0.010169657
9688_3,0.005220126
8999_2,0.004681822
6793_1,0.0048297215
1785_8,0.98951083
3902_1,0.04208773
3805_1,0.004198795
6867_8,0.9324533
761_2,0.02576056
9493_4,0.0064882697
4805_4,0.99128854
583_8,0.99101454
9470_9,0.99128854
9859_8,0.9875683
6633_8,0.99101454
518_10,0.4387852
10730_1,0.040845715
1855_4,0.0067975316
5191_8,0.9695556
9191_1,0.0053018946
1113_3,0.03704717
2973_8,0.99193794
10712_1,0.0051396107
7729_1,0.012241275
2730_1,0.004681822
10170_1,0.0040072887
8238_10,0.99361163
9495_10,0.9930962
11652_1,0.006692851
4911_2,0.011687259
7514_1,0.004070138
8164_2,0.00498227
10389_7,0.9736447
7557_10,0.9798227
852_4,0.0076956474
1584_1,0.03138043
2387_2,0.007937994
6073_4,0.008061991
7047_10,0.9930962
6338_7,0.98934746
1741_4,0.010169657
3697_1,0.03410043
5444_2,0.013636835
10082_1,0.5073237
6135_4,0.120438814
9242_8,0.9695556
7864_8,0.993807
3466_2,0.004905406
9852_9,0.9930962
12390_7,0.40368438
5189_9,0.993807
6771_9,0.99253935
223_3,0.98087597
8322_4,0.007937994
4465_8,0.97887486
6597_2,0.00619299
3477_8,0.99371004
4736_8,0.69191384
4581_8,0.99155444
5898_3,0.0039454065
12335_7,0.98892784
7321_7,0.9923044
128_4,0.0054692742
9116_3,0.8879841
9152_8,0.9942697
3613_3,0.009559399
1095_8,0.9928786
225_10,0.9927672
12445_10,0.9905874
596_1,0.005384938
6693_1,0.016029146
7535_4,0.9757624
3135_4,0.007345827
7435_2,0.008061991
758_3,0.0064882697
11838_10,0.9923044
8539_2,0.0043994132
671_8,0.9887554
53_4,0.04813677
8718_10,0.99351174
10447_7,0.9686196
86_10,0.10447732
7042_1,0.004681822
5821_3,0.00498227
4604_4,0.0045384313
7906_2,0.0034834242
11449_2,0.0054692742
6505_8,0.99253935
8160_3,0.8610715
1054_9,0.9933072
6300_7,0.98282325
10058_8,0.992062
3990_10,0.994089
9233_4,0.0048297215
9314_2,0.030908957
4213_10,0.98102194
3407_10,0.9932025
1982_1,0.00498227
9686_1,0.0043994132
11246_10,0.141756
617_4,0.9736447
12182_1,0.0033766124
5687_1,0.009559399
1559_2,0.0040072887
3596_7,0.990732
4991_10,0.9916842
3315_8,0.8047131
1192_1,0.00498227
1454_8,0.99298817
9836_3,0.019568678
8088_4,0.014728613
1651_2,0.032344334
4641_10,0.9896718
10624_1,0.017712297
2902_2,0.7627777
10435_7,0.992062
11623_2,0.005220126
1609_1,0.004070138
2623_1,0.0044683837
4444_8,0.98282325
12412_3,0.0094125895
8496_1,0.0045384313
4279_8,0.96765566
9053_10,0.92683524
11747_3,0.03541073
9754_4,0.9390248
1795_2,0.005641909
6017_10,0.9916842
8964_7,0.9914225
1118_7,0.99361163
11564_7,0.992062
9897_1,0.00498227
7731_1,0.0053018946
7391_2,0.0036499873
6670_7,0.98187524
8347_1,0.004331502
5000_4,0.006003596
3513_1,0.0037654138
9427_4,0.07751766
6840_1,0.0048297215
9217_9,0.99253935
5545_8,0.99371004
9858_10,0.9942697
1909_2,0.0043994132
8416_10,0.9918121
11079_3,0.006003596
4638_4,0.9049869
324_10,0.99341017
9126_10,0.99371004
9069_7,0.67077005
10555_10,0.99253935
9626_8,0.72154707
6629_10,0.9941801
8419_10,0.9928786
5437_8,0.0045384313
2463_10,0.9927672
10540_1,0.006097562
10579_1,0.0048297215
11517_8,0.65034235
5306_10,0.9811669
4996_9,0.99242276
8251_7,0.9875683
7382_1,0.004264634
4284_9,0.9930962
772_10,0.99242276
5394_1,0.005060332
10576_9,0.99128854
635_8,0.99242276
9315_2,0.00581996
9642_4,0.003538086
7225_10,0.9921841
1806_3,0.8568123
4484_1,0.008445628
4912_10,0.98582757
4837_10,0.9801293
11025_10,0.95695716
1419_10,0.99298817
8789_4,0.008061991
1507_1,0.08819005
6478_1,0.007011795
7774_1,0.0044683837
7805_10,0.9905874
11142_10,0.9891816
3832_10,0.99193794
1830_3,0.0047552
2676_4,0.0067975316
1595_1,0.005060332
8044_9,0.9921841
8476_1,0.00619299
5190_8,0.46781796
4941_2,0.004264634
10114_8,0.9933072
11931_3,0.0051396107
11970_10,0.9869795
5572_1,0.0043994132
32_3,0.9329437
10026_10,0.99298817
10554_2,0.007815888
6440_7,0.993807
7636_1,0.018404892
7973_9,0.993807
2920_10,0.9933072
9531_1,0.0038844768
568_4,0.011331754
6091_3,0.87914675
5700_9,0.9933072
4934_7,0.993807
5988_10,0.9939964
5162_1,0.17781086
1043_4,0.00498227
11574_2,0.4661165
2592_1,0.004198795
4881_3,0.7409249
447_10,0.99341017
6922_8,0.9928786
9314_10,0.9932025
10693_10,0.98159516
257_9,0.9923044
2090_10,0.98646784
7826_1,0.0037654138
7851_4,0.006692851
1606_1,0.006097562
4446_1,0.0064882697
10655_2,0.004198795
11116_2,0.0051396107
1631_1,0.00581996
11696_10,0.9875683
2114_3,0.005554925
10728_8,0.9926542
8006_9,0.99128854
5963_10,0.96432143
2094_10,0.9871788
10113_1,0.004331502
2832_4,0.0067975316
9600_1,0.0062899017
7776_1,0.005220126
567_9,0.66379154
4700_10,0.9882222
1143_1,0.004609572
7853_1,0.0075772414
11178_1,0.011331754
7770_3,0.0054692742
11696_2,0.004133968
6077_9,0.99298817
5952_1,0.004070138
507_1,0.006097562
11888_3,0.14033625
7857_3,0.007345827
1381_7,0.15817435
5080_2,0.0045384313
9831_10,0.9882222
7231_1,0.013532149
6012_3,0.005220126
6843_4,0.08449275
7120_1,0.0048297215
9248_1,0.72193927
5313_4,0.94539934
8434_2,0.0076956474
10224_2,0.027795624
7303_10,0.99253935
1796_8,0.018264279
9302_4,0.01243165
2232_4,0.05340333
5333_3,0.0057302467
1340_3,0.006692851
5472_2,0.0044683837
1768_3,0.004331502
3140_1,0.0059110695
6264_3,0.05184547
6699_8,0.99155444
2085_7,0.9805807
5319_4,0.026759284
7561_4,0.5029296
992_1,0.0075772414
193_4,0.005554925
19_10,0.9941801
6225_8,0.97966766
933_10,0.993807
11245_10,0.9921841
6152_3,0.43806386
10163_7,0.9930962
9382_4,0.0059110695
4655_8,0.9905874
5195_10,0.99341017
8989_4,0.25963786
5309_10,0.9932025
2183_2,0.004133968
7597_10,0.9876639
1272_8,0.9905874
10107_9,0.99253935
3067_1,0.004331502
390_10,0.99351174
5746_4,0.006903838
7145_4,0.77932185
1612_8,0.9911527
7968_4,0.93439513
3793_9,0.98998636
2719_1,0.019271135
1645_10,0.9849274
9934_2,0.014281935
9288_4,0.0064882697
937_4,0.031858858
10385_1,0.004331502
3726_1,0.0037654138
2700_10,0.9930962
11824_1,0.0047552
4133_10,0.990732
9873_2,0.0048297215
8769_1,0.005384938
11806_10,0.9932025
903_4,0.015784562
727_3,0.07369626
2426_2,0.0043994132
8663_1,0.006692851
11163_8,0.9825575
1505_7,0.9927672
4758_10,0.9942697
2119_4,0.004198795
7351_8,0.9914225
5638_10,0.99371004
11236_10,0.99128854
9351_3,0.014392335
8732_4,0.08756384
4771_1,0.006097562
4094_10,0.9943581
8314_7,0.011777842
5273_10,0.993807
1773_1,0.004609572
7415_1,0.0053018946
677_1,0.0054692742
5585_1,0.0048297215
1523_10,0.979354
6855_1,0.004609572
6634_9,0.9927672
3866_2,0.0062899017
7165_3,0.005220126
7516_7,0.96641046
2239_8,0.9744348
1248_8,0.9928786
6839_8,0.9905874
2648_10,0.99371004
5246_9,0.9549844
9445_1,0.004331502
4323_4,0.0062899017
4356_10,0.99242276
9447_4,0.9092645
4022_3,0.006097562
6239_3,0.005220126
447_4,0.7217432
6717_8,0.9736447
2470_9,0.9933072
4816_1,0.005060332
1682_10,0.94815457
67_10,0.99155444
724_10,0.9926542
7678_9,0.9851576
2889_4,0.09401018
7487_9,0.9930962
1411_4,0.007121429
7447_8,0.98840266
3856_1,0.0075772414
4412_10,0.011508149
8939_2,0.004070138
3314_9,0.9881309
2776_1,0.09704755
7986_8,0.99341017
12084_10,0.9930962
9529_10,0.9941801
11599_7,0.92892635
11688_3,0.005060332
11559_1,0.0064882697
5838_2,0.0059110695
6397_4,0.9921841
3551_4,0.027585285
5646_10,0.99351174
7760_2,0.0045384313
4983_7,0.9916842
3870_1,0.0047552
5621_9,0.882022
8716_9,0.9932025
2017_10,0.99351174
579_10,0.992062
2659_1,0.004070138
10364_2,0.031618766
837_8,0.13614832
226_4,0.004681822
4836_1,0.0045384313
11389_3,0.78431904
5284_2,0.004681822
4277_4,0.05033063
3821_10,0.9738444
6593_8,0.9695556
5060_7,0.938124
5121_8,0.9905874
3810_7,0.15354918
3941_8,0.971564
12291_1,0.005384938
1082_1,0.08479541
931_9,0.9791955
10202_4,0.89029425
11004_9,0.994089
5243_7,0.9433476
2861_1,0.0057302467
11992_10,0.98421544
11358_9,0.994089
3996_10,0.9807288
12434_8,0.38751647
8310_7,0.9930962
3894_9,0.99351174
3021_1,0.005641909
1652_10,0.9932025
90_2,0.9281487
283_1,0.047780063
9809_8,0.98998636
2693_2,0.91550726
5717_1,0.0064882697
6051_9,0.98646784
4542_1,0.0043994132
5104_8,0.9926542
10139_10,0.5316957
6129_1,0.0045384313
859_8,0.97423947
3107_1,0.004331502
2595_2,0.0048297215
2676_10,0.95695716
3634_2,0.006692851
6953_1,0.005220126
4430_4,0.004681822
79_8,0.98934746
7318_2,0.004331502
863_4,0.009708476
6393_3,0.9425068
6910_3,0.82587075
4438_9,0.9930962
4242_9,0.9840936
5813_4,0.005554925
203_3,0.004198795
7333_10,0.9923044
11658_8,0.9921841
11206_4,0.006003596
6208_7,0.9927672
7273_8,0.99014014
5518_10,0.98173577
7092_1,0.8080672
10508_7,0.8305941
1196_9,0.9927672
10037_7,0.97023994
6468_8,0.99193794
8502_4,0.092687786
1017_1,0.008445628
4_10,0.994089
8439_1,0.004331502
7048_3,0.0054692742
3238_1,0.005060332
11610_1,0.012527932
3468_10,0.9926542
184_3,0.006692851
12227_7,0.44987595
4872_3,0.015784562
11139_10,0.99128854
4316_7,0.04177388
3071_1,0.0063883206
335_2,0.00619299
10847_1,0.0048297215
4646_10,0.992062
9382_10,0.99253935
6577_1,0.0057302467
4549_1,0.004681822
2459_9,0.9923044
102_8,0.59608054
1581_1,0.005220126
2439_10,0.99298817
6988_9,0.87147486
2024_1,0.0038244836
12375_1,0.0067975316
6084_4,0.36681652
6617_3,0.0043994132
815_3,0.019870715
1857_1,0.008711384
7428_1,0.004609572
5943_8,0.9838472
11811_10,0.99371004
10844_1,0.004609572
1275_7,0.9933072
1910_1,0.005554925
3306_8,0.9932025
4735_1,0.0040072887
10819_1,0.0053018946
9571_2,0.0047552
1037_10,0.992062
7177_4,0.0766838
5066_10,0.99101454
4888_2,0.0053018946
10646_2,0.0057302467
7929_1,0.004609572
5181_1,0.005384938
1387_1,0.17809659
1304_8,0.99128854
2108_1,0.006097562
9875_10,0.993807
10200_1,0.00581996
11665_9,0.99390244
6685_1,0.0051396107
10234_9,0.99253935
6622_9,0.9764905
9703_7,0.9927672
7504_8,0.9700135
1267_3,0.25275275
902_3,0.008577485
10674_2,0.7242856
5237_10,0.9921841
5270_10,0.99193794
1701_7,0.98159516
3222_2,0.01678549
6116_10,0.20055768
11543_10,0.9615338
8189_7,0.023330767
8737_8,0.99341017
6856_7,0.9722044
2035_8,0.9905874
5011_10,0.99298817
6135_9,0.994089
9172_1,0.003707253
5822_1,0.0045384313
8816_3,0.008061991
1124_1,0.0054692742
5422_4,0.5401963
3275_2,0.0064882697
2076_2,0.0059110695
5223_8,0.993807
1814_3,0.019419348
6171_2,0.030444348
3228_1,0.011777842
3693_3,0.004264634
8891_2,0.0051396107
1171_8,0.99029154
9496_1,0.66415924
8702_10,0.9872773
11287_4,0.004133968
2157_10,0.99361163
6058_8,0.9916842
4025_2,0.0044683837
5097_8,0.9941801
2335_1,0.0040072887
6945_1,0.004133968
2970_4,0.012241275
10473_10,0.9918121
10139_1,0.00498227
7680_10,0.993807
10705_1,0.0038844768
9883_10,0.99361163
2808_10,0.98998636
6543_2,0.007121429
3482_3,0.007345827
2547_7,0.45665208
8378_4,0.0038844768
7746_10,0.993807
5007_4,0.069541745
1623_8,0.9908744
10762_9,0.994089
8604_1,0.0043994132
868_7,0.9683812
7902_1,0.004609572
3644_1,0.019870715
330_1,0.0044683837
2519_7,0.44770175
716_2,0.98549646
9908_1,0.005554925
1410_2,0.008061991
1154_4,0.007345827
589_10,0.99193794
10182_3,0.055005286
6872_8,0.9926542
7232_8,0.9918121
4339_8,0.99029154
6652_2,0.004198795
8692_1,0.0053018946
4585_2,0.98215127
5846_4,0.9719925
4401_1,0.005060332
4848_10,0.9787127
1727_1,0.004609572
8038_2,0.007232764
2532_1,0.007345827
11010_9,0.992062
4915_10,0.9939964
6047_4,0.007232764
10358_3,0.6916015
697_10,0.993807
7648_7,0.9926542
5495_4,0.004133968
6611_2,0.0067975316
12099_8,0.99298817
1109_1,0.009268014
6874_1,0.007345827
8072_4,0.9334308
11231_10,0.9942697
10871_7,0.9923044
9990_10,0.9930962
645_10,0.993807
9345_1,0.0076956474
5298_1,0.009268014
5971_10,0.10374863
5079_8,0.9923044
6022_3,0.004133968
4954_7,0.9921841
5063_8,0.9923044
843_10,0.9926542
556_7,0.896614
1498_1,0.00498227
9374_7,0.8891444
8728_1,0.2782568
8297_10,0.07004896
5760_10,0.6504118
7403_10,0.16858302
964_3,0.0063883206
8842_9,0.99193794
11552_10,0.99444515
5592_2,0.0057302467
3531_9,0.9905874
9383_3,0.009268014
6576_1,0.0067975316
125_3,0.005554925
8382_2,0.006003596
3786_9,0.9933072
8636_9,0.990732
12225_10,0.9449947
8958_8,0.9927672
5981_10,0.7490872
9594_10,0.96538115
9802_3,0.0043994132
4353_3,0.96295285
10567_8,0.9941801
3982_7,0.979354
3292_7,0.91964257
1739_3,0.004198795
3356_3,0.011597362
5253_4,0.004905406
1186_10,0.99390244
12218_8,0.99029154
1361_9,0.9914225
11423_4,0.0044683837
5649_1,0.004133968
11988_10,0.97966766
393_7,0.9898303
8081_2,0.008061991
10290_1,0.00498227
5548_1,0.1510278
2266_3,0.020488555
341_1,0.0039454065
2081_10,0.9926542
6268_1,0.009268014
2267_9,0.99453074
82_3,0.004331502
11259_10,0.9921841
6760_7,0.20370752
6352_9,0.9908744
10733_3,0.8365546
7418_2,0.004609572
11562_8,0.99390244
8895_9,0.990732
7911_7,0.80654806
4885_10,0.9939964
542_4,0.008061991
6099_7,0.99253935
5355_1,0.004133968
3969_1,0.0067975316
11541_4,0.9851576
6413_1,0.004198795
3725_7,0.9918121
11757_1,0.015906392
7663_1,0.009708476
3161_3,0.3402659
9119_10,0.97887486
7726_3,0.7728737
1764_8,0.9932025
7211_7,0.98173577
8069_4,0.005384938
7119_2,0.005060332
1163_10,0.9942697
5836_2,0.0040072887
1921_8,0.99361163
892_1,0.004070138
7629_8,0.98657167
5605_1,0.0037654138
3955_10,0.994089
5093_4,0.004681822
6366_4,0.0111580305
11267_2,0.0051396107
522_2,0.0075772414
7659_10,0.9939964
11779_4,0.08787644
5226_1,0.97754294
8767_10,0.94966936
1315_4,0.0051396107
8179_8,0.9921841
10270_10,0.99128854
8218_1,0.22034244
4363_10,0.9930962
9701_9,0.614394
9774_10,0.9942697
8326_10,0.98840266
1529_10,0.99453074
9090_8,0.99298817
8596_7,0.9175984
3508_1,0.0094125895
2272_8,0.994089
1226_7,0.70354944
40_8,0.99298817
1159_1,0.0059110695
11508_1,0.005554925
2869_8,0.9832145
4068_1,0.004070138
7510_1,0.004681822
2967_3,0.004681822
8307_10,0.9539661
9920_8,0.99351174
9102_1,0.087252244
3586_4,0.96741027
2278_10,0.99390244
9459_9,0.99351174
3080_10,0.9914225
8960_1,0.0038244836
11294_8,0.9837225
5241_1,0.004905406
4515_10,0.9928786
5855_7,0.9837225
12107_2,0.004070138
6435_2,0.005384938
5813_10,0.99341017
12008_1,0.0043994132
1613_10,0.99253935
9381_9,0.98469365
4467_10,0.9888419
1439_8,0.9928786
1021_2,0.0036499873
2718_1,0.007011795
11439_8,0.99014014
10931_10,0.99193794
4326_10,0.9928786
6216_1,0.00581996
10369_4,0.0048297215
1586_7,0.83815056
1310_2,0.006692851
293_1,0.0045384313
5968_1,0.0038844768
9338_10,0.9908744
418_4,0.004198795
4522_1,0.0040072887
3925_8,0.98242307
9748_1,0.0039454065
7142_8,0.9930962
8862_1,0.05921025
10812_2,0.0051396107
3262_7,0.9851576
11540_10,0.008847355
1236_2,0.0053018946
10321_10,0.99101454
5782_1,0.0038244836
11765_8,0.98571813
6365_7,0.9603612
6265_2,0.007011795
5426_1,0.007121429
5312_7,0.9837225
1786_3,0.006692851
10137_2,0.008445628
9816_3,0.004905406
11925_10,0.96378
3041_3,0.021615336
6742_1,0.0037654138
10786_7,0.9928786
10687_4,0.18126322
7057_7,0.0048297215
7532_9,0.9914225
4162_8,0.9918121
9911_10,0.9898303
2369_3,0.013636835
2967_9,0.9890131
9515_7,0.9863631
12035_9,0.98087597
9088_4,0.06052939
3037_8,0.9791955
1198_10,0.99361163
8186_8,0.96458924
3455_8,0.99341017
6676_3,0.8895288
4071_8,0.97887486
2244_7,0.9891816
1252_7,0.9563089
12178_3,0.0038844768
5623_4,0.01048909
10938_1,0.004609572
2265_4,0.11397346
7442_7,0.036493763
7676_9,0.99155444
10666_1,0.004681822
9430_3,0.6744794
8329_2,0.0048297215
11933_10,0.9933072
7868_1,0.0038844768
6471_7,0.99390244
2191_1,0.0048297215
3918_1,0.004331502
9767_10,0.99341017
11297_8,0.7606507
6763_8,0.9921841
2621_9,0.9904406
4056_4,0.008577485
8584_4,0.004331502
4541_9,0.99298817
1474_4,0.14033625
3748_7,0.9914225
1314_1,0.006097562
6195_10,0.99298817
3485_1,0.005220126
5448_7,0.048496004
12392_10,0.96909106
5807_10,0.99371004
11783_4,0.9465967
5693_1,0.0063883206
5031_3,0.0047552
9684_1,0.007232764
924_10,0.99128854
12254_3,0.36401418
277_1,0.011777842
4384_10,0.99341017
8288_4,0.01065251
3056_3,0.0047552
4683_9,0.99155444
907_7,0.99014014
6720_7,0.7358315
12192_1,0.005220126
11090_8,0.5043944
4682_7,0.9921841
11698_10,0.9878528
1530_1,0.007345827
3017_9,0.99361163
9702_1,0.010986943
5761_3,0.0062899017
9920_2,0.72623146
8250_1,0.9600627
11900_3,0.950411
6128_10,0.011869121
8667_10,0.9926542
8304_3,0.005384938
1049_9,0.99341017
10262_4,0.012624948
7315_3,0.006097562
4935_10,0.9923044
2453_1,0.0047552
4820_10,0.98951083
3111_10,0.9911527
10351_8,0.9896718
146_1,0.0047552
6093_9,0.9943581
7215_10,0.99453074
6098_9,0.99029154
2873_10,0.9927672
2683_10,0.99351174
6886_9,0.9891816
4992_8,0.88161486
1038_1,0.01065251
988_3,0.005220126
212_7,0.01107216
6838_1,0.006097562
4865_8,0.98677725
6908_9,0.9914225
8548_10,0.9918121
2297_4,0.010328153
3455_4,0.32125366
5743_2,0.005641909
5820_1,0.8749346
4636_3,0.05340333
8184_4,0.006097562
7413_7,0.9916842
10750_7,0.99298817
10064_10,0.99351174
408_3,0.0054692742
10388_10,0.9814534
8380_4,0.0063883206
8904_2,0.21174262
10854_10,0.9911527
11511_10,0.9927672
259_10,0.9928786
1580_1,0.0047552
11775_1,0.003707253
8674_1,0.006003596
9540_10,0.9941801
6177_4,0.0037654138
11074_8,0.9928786
7191_7,0.9005298
7496_1,0.0039454065
4424_9,0.9875683
5733_9,0.9884919
2887_2,0.0047552
239_2,0.008985428
10920_1,0.0063883206
10342_9,0.9927672
12321_1,0.004070138
1833_3,0.0059110695
5494_7,0.98646784
8687_8,0.9928786
1076_8,0.9916842
7638_3,0.041462272
1361_3,0.020488555
1884_4,0.006692851
2056_10,0.9928786
5_4,0.025371313
1034_10,0.98481095
4008_8,0.990732
4239_4,0.0140636265
7257_4,0.02297737
9541_8,0.9932025
5869_1,0.00581996
1326_4,0.0040072887
936_2,0.005060332
10473_4,0.010818449
12413_2,0.0057302467
5934_9,0.04304285
2419_7,0.98173577
49_4,0.007815888
2129_9,0.99242276
12356_1,0.0053018946
9268_2,0.0045384313
7915_7,0.98657167
11405_3,0.97788346
7526_9,0.99298817
6639_2,0.0040072887
7939_1,0.004070138
8934_1,0.07779745
2422_1,0.0034296038
3885_4,0.010169657
1703_3,0.9722044
7530_9,0.99193794
5833_1,0.004198795
9858_4,0.008061991
12307_3,0.006097562
9341_10,0.98646784
4490_10,0.9904406
9292_10,0.97023994
7830_1,0.0053018946
5329_1,0.0038844768
5205_10,0.9908744
2172_1,0.0057302467
8857_4,0.006903838
7933_1,0.005060332
12277_4,0.82190347
9853_10,0.9199307
5927_8,0.99128854
4453_4,0.02145073
3034_1,0.004264634
3469_1,0.00619299
12014_2,0.0065897712
3802_3,0.12678517
10911_8,0.030444348
7519_1,0.0053018946
4155_1,0.016152835
7873_1,0.0040072887
7002_10,0.9933072
11597_1,0.007011795
9043_3,0.007232764
7623_3,0.76100606
6615_9,0.99390244
5982_1,0.004905406
492_1,0.004198795
7105_1,0.00498227
7072_8,0.9923044
7585_3,0.9744348
114_2,0.009268014
675_2,0.0226292
5141_1,0.31017175
11299_1,0.004264634
7008_4,0.009268014
4963_4,0.04922211
9363_8,0.98087597
12419_8,0.9588471
499_2,0.12252322
4741_1,0.0035936027
3160_10,0.033336822
4605_7,0.9845754
7181_4,0.0062899017
2620_3,0.004905406
7101_7,0.9839708
3358_8,0.9904406
11150_3,0.95945925
11555_3,0.03138043
11975_2,0.8958876
44_8,0.99371004
4699_10,0.994089
6042_2,0.009559399
10368_3,0.93721074
2409_8,0.98657167
5933_1,0.008711384
7460_1,0.00498227
11653_3,0.9890131
1699_4,0.9736447
6189_4,0.0047552
12263_10,0.99371004
700_7,0.992062
1974_9,0.98934746
4664_1,0.0094125895
2083_3,0.007815888
3454_1,0.003707253
3196_4,0.9856076
7920_2,0.0053018946
10257_10,0.9939964
12344_10,0.98582757
130_9,0.99101454
315_4,0.11124121
5923_10,0.99253935
1234_10,0.9930962
7402_2,0.0043994132
4634_1,0.011597362
2558_10,0.9916842
11220_10,0.40262696
7652_10,0.9926542
1070_1,0.007121429
3018_1,0.029760094
6365_1,0.00498227
6081_4,0.24095318
1015_4,0.89029425
7071_10,0.9798227
4682_1,0.0053018946
5242_1,0.18155324
5125_9,0.99128854
11299_7,0.9883128
7445_1,0.0053018946
8206_10,0.9916842
7878_7,0.99371004
11630_4,0.01395571
9391_8,0.8143483
4755_2,0.004264634
36_8,0.99371004
617_9,0.9890131
987_7,0.9904406
1185_1,0.004905406
11135_1,0.0043994132
6457_2,0.004198795
8337_7,0.9928786
9931_9,0.992062
6932_10,0.95362175
9504_3,0.0057302467
2333_2,0.0043994132
10397_10,0.9890131
6200_4,0.00619299
8004_10,0.98998636
10818_10,0.99298817
164_7,0.029090757
6945_9,0.9849274
2551_10,0.990732
10887_3,0.0038844768
8942_8,0.99371004
6779_1,0.018546565
9818_10,0.994089
11352_4,0.019124037
1035_9,0.9881309
9212_2,0.004681822
8530_3,0.0062899017
7858_3,0.0063883206
1777_4,0.025957355
6976_10,0.9933072
9426_2,0.0033244372
2154_1,0.011777842
7037_9,0.9500415
1501_1,0.0094125895
12448_2,0.0038244836
1005_2,0.005060332
8031_1,0.026759284
8084_8,0.99253935
11933_3,0.0038244836
3206_10,0.993807
10197_2,0.005384938
8838_9,0.039937317
7720_1,0.005220126
9739_3,0.049958523
8312_4,0.004681822
3492_9,0.9898303
1133_8,0.97788346
3255_9,0.9877587
10625_8,0.9898303
12307_9,0.92523
325_10,0.99371004
4393_10,0.99242276
8755_2,0.0047552
2645_4,0.0067975316
10712_8,0.98934746
10358_7,0.9615338
10913_1,0.0074606435
8406_7,0.99128854
12131_8,0.98934746
8306_7,0.99029154
8722_9,0.99242276
6363_3,0.0037654138
6876_10,0.9918121
10802_8,0.30497232
6078_2,0.004133968
4558_8,0.9898303
643_4,0.006903838
9956_10,0.9914225
7267_8,0.99193794
10491_7,0.99242276
5105_8,0.99341017
7213_10,0.993807
8442_2,0.04177388
11035_10,0.9868787
9961_3,0.06656919
2616_1,0.004609572
7666_4,0.013428254
548_4,0.018689308
2425_10,0.9930962
4173_1,0.004681822
3558_10,0.9871788
4117_3,0.03704717
9803_3,0.0040072887
1545_1,0.004905406
6564_7,0.993807
1306_1,0.00581996
632_1,0.004198795
3132_8,0.9923044
5755_2,0.0053018946
5282_1,0.004905406
5891_10,0.99453074
3961_7,0.9933072
4107_1,0.96741027
2370_8,0.98934746
1363_1,0.0059110695
5359_9,0.9926542
759_10,0.98998636
727_8,0.99128854
1875_1,0.00498227
10586_1,0.0040072887
4906_1,0.0036499873
11685_4,0.005060332
1632_1,0.032589745
4913_10,0.9939964
11375_1,0.005641909
423_10,0.9829547
5957_9,0.9926542
9389_1,0.004070138
10450_7,0.9874721
4205_1,0.051082738
2983_1,0.004264634
7895_1,0.0045384313
2761_4,0.005384938
3359_1,0.0043994132
687_9,0.99390244
8150_1,0.013222822
1647_10,0.992062
10920_8,0.9883128
4813_8,0.9921841
4628_10,0.99361163
5738_4,0.0048297215
11255_3,0.0051396107
7801_10,0.99390244
3258_2,0.0048297215
10513_7,0.46150213
9358_8,0.9932025
6864_2,0.004198795
3038_8,0.9811669
6928_1,0.7806625
10277_10,0.99390244
9231_1,0.0044683837
8098_7,0.990732
11550_10,0.9830851
10233_7,0.9918121
180_3,0.08064662
538_8,0.9914225
4977_9,0.9911527
11386_3,0.010169657
1045_3,0.015543648
61_1,0.008315778
6907_8,0.9666631
11368_10,0.9465967
10_3,0.00581996
7034_3,0.01048909
3051_10,0.9761292
362_9,0.9916842
8037_7,0.9879462
11408_4,0.0065897712
8783_7,0.9863631
1755_10,0.99390244
3610_3,0.004331502
1376_3,0.00619299
4970_9,0.97482115
7802_9,0.98866826
4169_1,0.004331502
2063_4,0.99371004
2825_10,0.99242276
10758_10,0.99351174
10778_2,0.0053018946
979_10,0.99155444
11700_4,0.98481095
7848_10,0.013020489
1294_7,0.99128854
4806_4,0.9891816
10159_4,0.0038844768
3461_4,0.9693242
10312_1,0.0047552
4297_1,0.0047552
5081_2,0.0076956474
2156_1,0.004609572
8417_1,0.005641909
10182_10,0.994089
11732_2,0.0047552
10078_3,0.0047552
4772_1,0.0047552
6187_4,0.0059110695
4219_10,0.9928786
5208_8,0.97684664
4935_2,0.006003596
6528_10,0.9930962
4080_1,0.004681822
6147_10,0.9407897
1352_2,0.021948254
5675_9,0.9840936
3024_4,0.005384938
6930_3,0.007121429
7005_1,0.004905406
380_9,0.9905874
5923_3,0.0067975316
1246_9,0.9928786
3081_8,0.9930962
11913_3,0.023153413
4112_8,0.95791227
1440_8,0.99242276
12123_7,0.8601343
3731_1,0.005384938
420_10,0.9826909
5862_1,0.0038844768
10864_7,0.9932025
3484_1,0.004070138
9438_4,0.616705
7032_10,0.9933072
7670_2,0.004264634
5251_9,0.99193794
5296_7,0.9874721
9161_7,0.44842628
6446_4,0.02297737
11694_8,0.9683812
1674_9,0.99341017
8831_10,0.566738
11813_10,0.9939964
3380_1,0.004198795
8653_10,0.9921841
10485_1,0.005060332
3771_9,0.97821885
5534_1,0.004331502
2_7,0.97090924
2334_9,0.99371004
8327_4,0.022802636
8552_9,0.99361163
9117_10,0.9921841
11953_10,0.99361163
7015_4,0.012241275
9649_10,0.994089
1701_1,0.014392335
1946_3,0.0074606435
1536_10,0.9896718
6419_7,0.9921841
6619_10,0.99101454
3715_10,0.99361163
6001_9,0.99351174
4555_9,0.99101454
6367_4,0.008985428
8350_10,0.97788346
8376_7,0.9941801
8231_1,0.0045384313
11595_9,0.9941801
10372_4,0.065604836
2711_8,0.9911527
407_4,0.0054692742
10798_10,0.98951083
5358_1,0.017176708
158_1,0.004198795
6578_7,0.971779
217_8,0.9838472
4535_10,0.9941801
4887_10,0.96182173
5595_4,0.71760595
1837_9,0.9914225
7723_1,0.0044683837
1935_7,0.47317037
7357_4,0.004609572
3293_3,0.007232764
5176_1,0.0040072887
10930_7,0.34953275
4618_1,0.0269635
15_2,0.0094125895
4009_1,0.0045384313
3854_1,0.006003596
2889_10,0.9933072
2737_1,0.93721074
9811_3,0.01214717
12016_2,0.014728613
8470_10,0.9199307
2965_7,0.022286188
6620_1,0.004905406
7447_3,0.0057302467
1197_9,0.99298817
9750_9,0.9921841
3001_1,0.01048909
8068_2,0.005641909
5660_1,0.43638188
5595_10,0.990732
4377_4,0.16079244
7354_8,0.98934746
11858_1,0.0043994132
7611_2,0.0057302467
6855_7,0.30208215
11522_1,0.0051396107
21_9,0.9928786
3423_9,0.99193794
2061_8,0.9932025
5594_10,0.99242276
6106_3,0.01048909
9222_1,0.81669897
2305_3,0.01214717
12493_4,0.9546474
8841_9,0.9777139
3824_8,0.9918121
703_8,0.99128854
1638_1,0.004070138
11339_4,0.004133968
10173_1,0.0062899017
6481_2,0.46733177
9468_2,0.5394685
1830_9,0.993807
9940_8,0.61508787
7768_1,0.004609572
414_2,0.0075772414
9554_3,0.0047552
2894_4,0.003707253
2509_7,0.99128854
2430_2,0.026556572
10244_7,0.46879065
2874_9,0.007121429
4615_4,0.9744348
9011_10,0.9933072
8977_9,0.9877587
6709_9,0.088820286
7963_3,0.91274774
7531_10,0.98998636
5058_3,0.007937994
2875_2,0.032344334
9191_8,0.98646784
2596_10,0.9923044
9660_8,0.9918121
3682_1,0.0062899017
4189_1,0.004133968
739_10,0.99351174
836_4,0.0057302467
2422_7,0.02931223
4318_1,0.004264634
1443_2,0.012527932
2782_8,0.9923044
10260_1,0.8899121
10624_10,0.9334308
3288_8,0.9871788
155_2,0.0037654138
4941_9,0.9883128
1449_8,0.99298817
10575_1,0.0057302467
3568_4,0.97821885
261_9,0.99361163
10420_9,0.9930962
4008_1,0.41845924
4263_9,0.9905874
11924_4,0.0067975316
11488_7,0.9904406
1599_1,0.0064882697
11383_10,0.992062
1800_9,0.99101454
9705_10,0.9887554
10044_8,0.983343
471_3,0.013020489
3494_9,0.99341017
11492_10,0.98215127
257_3,0.12085323
10745_1,0.008577485
7305_1,0.0076956474
6239_8,0.99253935
3068_10,0.99253935
2862_1,0.0051396107
11217_4,0.24580847
10650_9,0.98951083
3588_10,0.99371004
8345_10,0.7962924
9980_2,0.0043994132
8901_1,0.0051396107
5438_8,0.99351174
10879_10,0.9927672
9064_3,0.018546565
193_9,0.97134733
470_4,0.009125638
5128_7,0.983597
10542_10,0.8178656
205_10,0.9888419
8091_7,0.9933072
11383_3,0.0062899017
10274_2,0.0062899017
7865_7,0.99029154
7525_1,0.9738444
2168_2,0.0047552
11082_8,0.98951083
1991_2,0.026355354
10524_10,0.9930962
4628_3,0.088820286
4269_7,0.9879462
7367_2,0.006097562
1390_1,0.047074176
7158_1,0.007011795
12442_10,0.97520185
8388_1,0.004905406
7980_7,0.93045825
3054_1,0.005220126
11143_2,0.1338675
2238_1,0.004681822
949_3,0.0059110695
42_4,0.00581996
4093_7,0.98998636
3657_3,0.007121429
9812_10,0.994089
6879_3,0.00818791
2189_8,0.98803884
11804_1,0.004264634
5280_10,0.9932025
411_8,0.7403621
5673_1,0.0074606435
11633_2,0.0051396107
10389_1,0.0043994132
9516_10,0.9859364
12169_8,0.9941801
232_7,0.9462003
6061_4,0.0045384313
6755_8,0.99155444
2880_10,0.99029154
4187_7,0.2414894
4175_7,0.99242276
11674_3,0.008577485
10397_1,0.006692851
4334_10,0.9849274
7654_10,0.99242276
1657_9,0.9923044
2025_2,0.005641909
2276_4,0.0047552
1957_10,0.98707944
11627_4,0.01395571
11799_4,0.0111580305
10251_10,0.9869795
1231_4,0.005384938
8302_8,0.992062
12342_7,0.019419348
8105_3,0.5614553
3892_4,0.006003596
8473_9,0.993807
448_8,0.99390244
7317_2,0.006692851
2074_1,0.014281935
12249_7,0.9905874
5467_2,0.008315778
12109_1,0.009708476
11511_1,0.005220126
9476_3,0.9872773
1170_10,0.99253935
8970_9,0.9874721
12308_1,0.0043994132
3101_8,0.990732
3066_1,0.003707253
11519_7,0.02931223
5314_2,0.004681822
9160_4,0.020645931
6512_3,0.019870715
7836_4,0.23440664
11429_1,0.06656919
12043_9,0.993807
270_1,0.004905406
821_1,0.006003596
4572_10,0.9890131
11437_1,0.0053018946
4899_3,0.005641909
8226_9,0.9905874
5445_9,0.99298817
2459_2,0.2934045
12192_7,0.9923044
5459_9,0.9500415
7308_7,0.9686196
11308_1,0.004264634
4122_3,0.004264634
144_9,0.9904406
12145_4,0.0048297215
8511_8,0.9921841
11319_7,0.97997653
9257_10,0.99014014
6737_3,0.0048297215
9327_9,0.99444515
1246_1,0.0044683837
11239_10,0.9914225
2915_1,0.0054692742
6019_10,0.99444515
1151_9,0.9933072
11796_2,0.00818791
10400_9,0.027585285
9599_10,0.97324073
2283_3,0.005384938
5474_3,0.0053018946
2670_3,0.004905406
6_3,0.031143833
69_4,0.08977329
11234_10,0.97754294
6575_10,0.99361163
9391_1,0.005641909
12053_1,0.0047552
1387_8,0.99014014
2649_9,0.9918121
9004_4,0.0065897712
8723_1,0.006903838
11609_1,0.0039454065
9585_2,0.0051396107
2736_1,0.0045384313
6607_2,0.0076956474
11939_2,0.0044683837
2024_8,0.99390244
1503_8,0.68773484
10177_10,0.9939964
10266_1,0.004070138
547_7,0.9791955
5272_10,0.9856076
5204_9,0.9932025
9369_2,0.005554925
6273_1,0.005554925
10825_7,0.99253935
644_8,0.8489722
347_1,0.008847355
12309_1,0.0074606435
5502_10,0.9928786
7203_1,0.005220126
8714_2,0.0075772414
713_8,0.99341017
10289_1,0.0111580305
7666_8,0.8489722
6753_1,0.004681822
6350_1,0.0038844768
11232_8,0.9914225
10551_1,0.004905406
5967_7,0.9918121
1049_3,0.0045384313
11238_10,0.0433658
8043_9,0.9921841
8751_4,0.8230441
6514_2,0.00619299
1461_3,0.0048297215
12137_8,0.9890131
9884_1,0.0037654138
4652_10,0.99390244
3169_4,0.0054692742
4138_8,0.99193794
6125_7,0.013428254
7298_8,0.99242276
4602_8,0.97719735
3523_1,0.02145073
10990_1,0.0048297215
9278_1,0.0045384313
2614_3,0.008061991
4762_3,0.0045384313
2557_9,0.99253935
9390_1,0.0039454065
7144_10,0.9933072
6655_7,0.98582757
9806_3,0.005554925
986_10,0.990732
9969_10,0.99029154
8915_1,0.15869518
3888_2,0.02297737
1963_1,0.006903838
10523_9,0.9518632
9995_2,0.2137052
4491_1,0.005220126
926_10,0.99361163
5679_7,0.20024472
5201_8,0.0460339
9785_3,0.005220126
337_1,0.004681822
4129_3,0.011961098
9231_8,0.12940274
2058_2,0.0044683837
4801_10,0.99361163
2116_1,0.005220126
11539_10,0.9941801
200_4,0.7411123
8271_10,0.99371004
10088_8,0.48169765
10816_10,0.9927672
80_7,0.6118459
9331_7,0.9932025
3866_9,0.9932025
4534_3,0.047074176
8981_9,0.9883128
510_7,0.987375
4980_1,0.005220126
3336_1,0.011777842
1934_7,0.6311113
2815_4,0.99351174
6606_4,0.10230471
11802_1,0.0930168
6312_9,0.99371004
1914_2,0.016152835
1970_8,0.9942697
9791_10,0.9888419
3721_10,0.92523
7947_10,0.9932025
8009_10,0.9825575
3370_7,0.40450743
8943_3,0.21866938
5873_10,0.97966766
7379_1,0.0048297215
3585_10,0.99361163
6934_10,0.98951083
5841_1,0.73696893
1354_7,0.9930962
9215_10,0.9898303
2668_4,0.004264634
8441_8,0.9693242
5255_7,0.061875988
3649_1,0.005384938
1169_10,0.99390244
2366_7,0.9933072
4229_1,0.004133968
29_3,0.0335895
6109_2,0.0043994132
11174_4,0.004264634
12477_7,0.029760094
11713_1,0.004198795
2231_2,0.011597362
7598_8,0.992062
5095_3,0.004331502
3062_10,0.9926542
11451_7,0.99298817
7100_3,0.0043994132
11005_1,0.004609572
9902_8,0.9930962
8850_10,0.89912134
5542_2,0.3637034
9371_1,0.015784562
8042_7,0.9908744
1757_1,0.0044683837
2256_1,0.005060332
9793_3,0.004681822
11791_2,0.92523
4814_2,0.0057302467
630_7,0.99128854
10622_10,0.99371004
5781_1,0.0053018946
7422_10,0.99014014
10084_10,0.9905874
9550_9,0.9882222
11646_8,0.9871788
110_1,0.0065897712
4811_1,0.005384938
9559_4,0.015189049
2755_10,0.99341017
698_1,0.0063883206
8437_1,0.017176708
1470_8,0.98998636
11449_8,0.007815888
8078_8,0.9918121
238_1,0.005220126
4950_10,0.9927672
10793_7,0.99242276
8497_10,0.99361163
9160_9,0.41750893
8472_1,0.004264634
1583_8,0.9853843
2923_3,0.005554925
9770_4,0.9265699
10706_2,0.061875988
4573_2,0.007232764
11176_10,0.99242276
616_1,0.0051396107
4574_8,0.98866826
8465_10,0.99029154
4049_9,0.99242276
3707_3,0.0039454065
4398_10,0.9928786
11727_1,0.009559399
7244_8,0.9933072
549_3,0.111627996
9461_1,0.9522199
6748_3,0.0043994132
7093_10,0.99341017
9115_10,0.99298817
8284_9,0.993807
469_8,0.908618
1281_9,0.99361163
2816_3,0.8333246
11001_7,0.8940517
6987_2,0.004905406
5428_3,0.0057302467
5992_10,0.9939964
2315_1,0.004070138
7329_7,0.9923044
3956_1,0.0038244836
11453_1,0.01065251
726_1,0.004198795
10517_1,0.008315778
4494_8,0.9744348
11980_10,0.9939964
2926_1,0.02211659
1671_2,0.6040486
8291_4,0.005384938
948_8,0.938576
8122_1,0.016152835
9343_10,0.98866826
6011_10,0.98707944
7156_4,0.005384938
9596_2,0.0076956474
10583_10,0.99351174
3190_10,0.99253935
10841_10,0.99341017
6122_8,0.10894506
1315_10,0.98951083
3667_1,0.05623634
4225_2,0.004133968
11268_8,0.99101454
412_7,0.9868787
4891_10,0.9928786
4791_10,0.99351174
4463_2,0.008061991
3173_7,0.91789335
2937_8,0.99298817
9438_10,0.9904406
9900_9,0.9911527
424_10,0.99371004
955_10,0.9914225
10060_3,0.0064882697
6063_9,0.99361163
1960_1,0.0040072887
1456_8,0.9757624
1859_2,0.0075772414
1262_8,0.9923044
5325_4,0.027376488
5944_4,0.048496004
2805_4,0.024609927
11591_1,0.0054692742
3257_1,0.053009775
11444_3,0.0044683837
5446_3,0.008985428
11801_1,0.9260366
8653_2,0.004331502
10939_1,0.0057302467
10079_10,0.9868787
8188_1,0.008577485
3825_3,0.023330767
6659_2,0.0074606435
9779_2,0.005060332
2852_2,0.0053018946
11117_7,0.96641046
4367_3,0.017045317
7538_4,0.7348813
9183_3,0.013636835
1910_8,0.98803884
4563_4,0.0065897712
7743_7,0.9933072
6770_1,0.004133968
10133_4,0.027795624
6279_8,0.9891816
7907_1,0.004264634
1458_2,0.008985428
12427_1,0.014392335
3221_10,0.9926542
1614_10,0.99361163
2761_10,0.9764905
5151_4,0.00818791
8803_8,0.99298817
10726_1,0.00581996
824_8,0.99351174
12377_10,0.26855758
3401_3,0.0076956474
3603_7,0.8040984
3655_4,0.0062899017
9963_3,0.01065251
4266_1,0.0053018946
1176_4,0.0057302467
959_4,0.007815888
4494_1,0.004609572
12381_10,0.9891816
4603_8,0.8864204
625_2,0.9787127
7597_3,0.009859855
594_9,0.97539
10998_10,0.9898303
5122_10,0.99193794
9820_10,0.99101454
2428_1,0.004070138
10928_1,0.0051396107
9083_2,0.967163
8669_1,0.005641909
9159_9,0.99101454
4171_10,0.9927672
7985_8,0.9932025
4181_1,0.004070138
4577_8,0.9843364
910_4,0.14080817
10673_4,0.24508502
1530_10,0.9926542
2436_4,0.02576056
3934_10,0.98934746
9273_1,0.007011795
3188_9,0.9941801
1826_4,0.005554925
4777_1,0.005384938
7449_10,0.99390244
490_2,0.89442116
1351_1,0.005060332
9172_7,0.9904406
6211_8,0.9908744
7114_8,0.98892784
1316_2,0.0059110695
6531_10,0.9877587
4381_3,0.004681822
10347_1,0.02211659
5497_8,0.9932025
7041_10,0.9928786
4466_4,0.0043994132
1690_1,0.004681822
912_1,0.0053018946
10342_1,0.0038844768
6323_4,0.008061991
3243_1,0.13614832
9143_1,0.11676401
7175_3,0.0051396107
1962_7,0.9850429
11135_7,0.971564
8524_1,0.006692851
10026_3,0.01065251
3031_4,0.9190633
1766_2,0.005384938
6042_10,0.97423947
3357_7,0.9884919
11065_10,0.99029154
11641_9,0.9921841
4389_2,0.0048297215
10946_1,0.00498227
6385_10,0.992062
5520_4,0.98481095
8036_8,0.9914225
4726_4,0.7879312
1510_8,0.971564
11016_8,0.9930962
893_1,0.004681822
655_3,0.007232764
12226_7,0.1710612
3878_10,0.99193794
8589_8,0.9896718
4108_10,0.97482115
8586_3,0.004681822
2326_9,0.99341017
155_8,0.35868993
11073_7,0.9588471
1672_10,0.99253935
1715_8,0.98215127
10443_7,0.9896718
9673_1,0.005554925
10731_9,0.99029154
4427_3,0.03567855
422_3,0.0062899017
7121_3,0.0094125895
4415_4,0.43710256
11599_1,0.0065897712
6015_9,0.97262347
3470_1,0.0062899017
3951_10,0.99444515
2665_10,0.99242276
10295_10,0.9939964
3220_10,0.9941801
4748_1,0.004198795
189_9,0.994089
3502_9,0.12168575
10561_9,0.99242276
5051_4,0.06512755
7644_7,0.971564
559_4,0.8484707
3236_1,0.0051396107
9985_9,0.992062
3512_7,0.97262347
10318_1,0.0043994132
3509_1,0.6226081
7686_10,0.99101454
8947_8,0.99101454
6783_10,0.9896718
9836_10,0.99351174
971_3,0.0076956474
1127_1,0.005384938
8953_7,0.9918121
5763_10,0.9882222
9147_10,0.9869795
10688_1,0.004070138
2148_7,0.9868787
8997_10,0.9918121
3094_10,0.99390244
1152_3,0.018264279
1907_10,0.9766692
1845_10,0.99371004
6852_7,0.9904406
5573_10,0.9918121
8709_2,0.045352582
2882_10,0.992062
11230_8,0.9804314
10124_3,0.01384861
12361_1,0.020804489
8117_4,0.015784562
1192_10,0.9928786
1657_4,0.0063883206
10319_8,0.96485513
10954_1,0.029760094
2048_10,0.90295243
5763_4,0.020488555
9491_10,0.99444515
4081_3,0.9693242
4877_9,0.99155444
10981_9,0.9932025
11440_1,0.005641909
7608_2,0.004681822
194_1,0.006003596
7116_7,0.66655105
2118_10,0.9898303
9997_10,0.99155444
3880_1,0.009125638
4197_10,0.9891816
1166_10,0.078642376
3504_8,0.9888419
3170_10,0.99242276
1477_8,0.9851576
881_8,0.9928786
10229_2,0.0062899017
9515_1,0.004681822
6714_7,0.37822944
8570_8,0.0074606435
6892_10,0.99351174
8710_10,0.994089
9135_10,0.99155444
10924_10,0.9930962
5252_4,0.01461567
6581_10,0.99390244
8837_10,0.99155444
3820_1,0.0048297215
9914_3,0.0074606435
3141_1,0.004264634
7893_1,0.003707253
306_1,0.004681822
2527_3,0.012821214
8148_2,0.0153063545
9778_10,0.9933072
10438_9,0.99242276
5230_4,0.10894506
1691_1,0.008061991
6124_10,0.9658996
5256_3,0.13117322
4294_7,0.9834705
10575_10,0.992062
9610_9,0.9905874
563_10,0.9032942
6328_10,0.9932025
6903_2,0.004198795
6899_4,0.0059110695
7166_4,0.014842417
2993_4,0.026759284
10771_8,0.98707944
11298_1,0.004070138
9101_2,0.008445628
7716_3,0.004609572
2722_1,0.009125638
5227_8,0.9916842
241_1,0.004264634
192_2,0.004609572
9006_10,0.9926542
5505_7,0.8233284
10822_8,0.9941801
1046_1,0.004070138
1865_3,0.009125638
11845_7,0.9926542
6675_7,0.992062
6240_1,0.0038844768
10392_8,0.993807
3405_10,0.99193794
11919_10,0.99351174
2294_9,0.9930962
1097_3,0.036220055
6888_10,0.993807
12373_1,0.008061991
11785_10,0.9805807
11805_1,0.006097562
2328_9,0.97112906
2636_1,0.004331502
12359_7,0.99101454
7733_8,0.98087597
9877_1,0.45592526
12266_7,0.99128854
8274_1,0.028220987
11727_8,0.9918121
12389_8,0.99101454
2464_4,0.98159516
4930_1,0.008847355
11304_9,0.9930962
2140_1,0.03138043
11168_9,0.990732
1772_9,0.99128854
3857_8,0.9928786
4559_3,0.0053018946
6986_8,0.027795624
9647_1,0.010013569
11714_1,0.005220126
5436_2,0.025565214
2736_9,0.9905874
4499_8,0.99193794
2701_10,0.994089
11604_8,0.98998636
6133_1,0.009859855
4151_3,0.98571813
3978_3,0.005384938
1973_9,0.99101454
11752_10,0.9928786
10192_10,0.9559813
8318_4,0.004070138
5685_1,0.0051396107
8978_4,0.7752647
12289_10,0.9891816
5603_9,0.9916842
5209_10,0.9798227
8360_7,0.007815888
5690_2,0.0044683837
8463_10,0.026556572
5304_10,0.99101454
720_10,0.98803884
9301_3,0.01798621
1392_1,0.009268014
10893_4,0.018546565
1299_9,0.22270015
5552_2,0.0053018946
4348_4,0.033336822
12384_4,0.48389226
11947_2,0.4431184
1740_3,0.004264634
7869_10,0.9829547
5959_7,0.9928786
2301_8,0.99371004
5572_7,0.9861514
3716_1,0.1850619
8558_7,0.97838473
12210_1,0.005384938
3744_4,0.04054074
12487_2,0.0059110695
5348_7,0.97262347
1065_1,0.0037654138
1414_10,0.98657167
2672_4,0.0074606435
1014_8,0.20339088
2248_10,0.98549646
2221_8,0.9933072
4576_1,0.0047552
10578_10,0.99361163
8525_2,0.16291203
5332_8,0.23161423
12007_2,0.008985428
1107_2,0.008711384
8295_10,0.99371004
10093_1,0.0044683837
6441_1,0.005554925
10422_3,0.004198795
11034_3,0.007121429
3379_9,0.99029154
7512_1,0.004198795
12165_1,0.005220126
11634_10,0.9566342
4567_10,0.7324005
6971_8,0.99155444
2145_3,0.09041373
5639_1,0.005060332
8049_7,0.98571813
7953_1,0.05184547
12440_4,0.0043994132
9134_8,0.99193794
5720_10,0.993807
1851_10,0.99341017
3673_10,0.9930962
9037_3,0.14414886
8547_10,0.994089
111_10,0.9916842
5279_9,0.99390244
2379_9,0.9885804
6000_10,0.9890131
990_7,0.03308598
1519_9,0.98582757
5987_7,0.9826909
2959_7,0.98866826
8898_2,0.0043994132
5746_10,0.9942697
6268_8,0.13028543
5449_7,0.05223086
5561_1,0.005384938
11470_3,0.0038244836
11837_1,0.012722708
6761_10,0.9941801
1590_1,0.0051396107
927_10,0.9896718
1495_9,0.979354
10529_7,0.9876639
7704_2,0.013742321
10707_3,0.0053018946
3862_1,0.004264634
3612_7,0.9908744
8212_2,0.003707253
10649_10,0.9926542
9767_1,0.00581996
4054_3,0.0051396107
9783_3,0.004609572
3116_2,0.008315778
4631_10,0.993807
7228_1,0.004681822
2744_8,0.9738444
6028_10,0.99193794
10812_9,0.98803884
417_10,0.99155444
11876_10,0.99509466
946_7,0.3192275
8265_10,0.9908744
6833_10,0.992062
4150_4,0.005641909
899_9,0.9927672
223_10,0.99128854
7369_3,0.07531231
5075_8,0.45495644
6634_1,0.005060332
3486_8,0.98866826
11473_1,0.012821214
3276_10,0.99242276
3272_2,0.010818449
2727_3,0.08819005
4134_7,0.2407746
5744_3,0.014172365
8715_1,0.0044683837
4812_1,0.004609572
6841_1,0.004905406
6822_1,0.8327813
3211_4,0.019419348
5489_2,0.0038244836
1168_1,0.005384938
3056_9,0.9853843
4516_10,0.9916842
9542_1,0.0037654138
4400_10,0.9928786
2766_10,0.99014014
6470_8,0.98282325
5434_1,0.0063883206
1406_4,0.12765263
11479_8,0.98445636
9881_10,0.99155444
10276_1,0.005384938
2875_8,0.98866826
1254_2,0.02145073
8017_10,0.82417905
9694_10,0.97719735
9522_1,0.0047552
11379_2,0.009125638
7357_10,0.9911527
6080_9,0.9923044
2039_10,0.99351174
7086_8,0.99242276
4757_10,0.9927672
2472_10,0.9559813
9442_1,0.004331502
12438_10,0.9853843
747_8,0.9914225
6786_4,0.12852514
11942_8,0.9265699
8611_9,0.9918121
9240_8,0.99341017
7411_4,0.00581996
5196_4,0.0039454065
5709_3,0.008061991
6758_3,0.0035936027
1933_9,0.9916842
4464_8,0.992062
11100_9,0.97344345
3636_10,0.99253935
12328_1,0.057918087
6783_4,0.009859855
11381_10,0.9942697
4509_3,0.010818449
4775_7,0.6897238
10633_8,0.84645087
9161_1,0.0059110695
2277_8,0.99371004
7402_10,0.08787644
2713_1,0.004681822
1312_1,0.0038244836
3633_1,0.8587186
8943_10,0.99361163
11734_3,0.35054642
12120_7,0.98582757
6285_1,0.0059110695
9296_1,0.0048297215
8696_9,0.99351174
7243_10,0.99128854
10135_8,0.21337716
6094_10,0.99253935
6962_4,0.04922211
3916_1,0.004681822
3650_10,0.9878528
58_8,0.993807
10858_1,0.00818791
11894_8,0.993807
759_1,0.004133968
10311_1,0.6917057
1127_10,0.99341017
6723_7,0.96210754
4966_7,0.98102194
7196_4,0.009268014
6244_1,0.0047552
9510_10,0.9926542
3471_10,0.9916842
9840_2,0.20465964
11886_9,0.98657167
7880_10,0.9914225
6358_10,0.9928786
6280_2,0.0064882697
2580_3,0.0067975316
122_4,0.00581996
5713_2,0.005641909
7187_7,0.8864204
8601_8,0.9891816
52_10,0.99361163
2447_7,0.971564
4828_4,0.0048297215
5371_1,0.004681822
5066_1,0.004681822
12184_2,0.054198727
85_2,0.00619299
10067_7,0.99298817
3999_9,0.993807
11623_10,0.99371004
10826_4,0.00581996
3780_1,0.004609572
10195_1,0.0039454065
7875_4,0.00498227
8510_4,0.0051396107
9916_2,0.0053018946
10023_4,0.8037906
6870_8,0.98803884
4753_9,0.9911527
11120_7,0.7512834
2516_10,0.94458723
1719_10,0.98934746
4426_4,0.005554925
7835_7,0.9736447
5148_7,0.48364845
2997_7,0.0433658
2211_7,0.52585584
626_4,0.8059378
779_1,0.010013569
9712_10,0.9927672
1504_9,0.99253935
8903_3,0.008847355
359_7,0.9787127
7465_7,0.9930962
10966_2,0.01107216
8227_2,0.030675802
10746_2,0.0048297215
10356_1,0.014728613
12286_1,0.004198795
11128_7,0.4547143
12489_3,0.045352582
1264_1,0.0044683837
3871_10,0.99298817
9248_10,0.8255897
3094_4,0.053009775
7472_9,0.98481095
3537_2,0.015906392
9727_2,0.0076956474
5453_8,0.9849274
2283_10,0.9942697
7533_2,0.004264634
6468_1,0.005384938
12274_9,0.9928786
10713_3,0.005060332
8518_7,0.9843364
1838_10,0.993807
5304_1,0.07921033
4227_1,0.0059110695
5342_9,0.9933072
1754_8,0.98951083
4800_1,0.0047552
10717_3,0.07779745
1919_1,0.004331502
6851_7,0.26284185
322_8,0.6255525
3028_4,0.008315778
7463_2,0.00818791
7999_1,0.004331502
3036_1,0.00581996
11154_7,0.95257413
10501_1,0.004905406
12272_8,0.9941801
1738_8,0.992062
3242_1,0.006692851
6178_4,0.009268014
3405_4,0.4308656
4663_7,0.99128854
11348_1,0.004905406
7304_1,0.0075772414
2962_1,0.0054692742
11701_8,0.98998636
9354_9,0.9930962
9846_7,0.98481095
12496_10,0.9874721
5652_1,0.15405756
7371_9,0.99128854
10131_3,0.005554925
9826_4,0.005554925
6141_10,0.9928786
7472_3,0.060975183
2622_8,0.9585377
10281_9,0.99444515
8668_2,0.004609572
2348_9,0.98657167
12047_2,0.0044683837
11373_10,0.990732
4254_1,0.0053018946
524_1,0.37153557
5808_1,0.0067975316
515_1,0.008847355
6414_9,0.7264256
8938_8,0.99014014
12391_8,0.9921841
776_8,0.99390244
12197_7,0.99101454
4582_1,0.94966936
3638_10,0.994089
6338_3,0.005554925
1165_2,0.007937994
5574_1,0.011687259
7319_2,0.005220126
595_10,0.9923044
6694_1,0.004905406
12209_3,0.0057302467
3268_10,0.9871788
12492_4,0.0145035805
4738_10,0.99155444
947_3,0.072374016
7726_10,0.9872773
94_10,0.96641046
11760_1,0.051082738
10978_10,0.99444515
10072_1,0.0045384313
2346_10,0.99155444
5008_9,0.9916842
5135_2,0.005220126
7979_3,0.992062
10863_10,0.0094125895
2862_9,0.94539934
7562_9,0.9939964
8023_4,0.007937994
341_9,0.9942697
6321_4,0.0094125895
9936_1,0.009125638
9581_10,0.99351174
3750_2,0.0038844768
8298_2,0.020332353
5900_10,0.99242276
6308_1,0.004331502
1609_10,0.9926542
11054_1,0.004198795
7031_3,0.0043994132
9507_9,0.9932025
3121_1,0.0038244836
7521_1,0.0051396107
4830_1,0.008445628
6686_2,0.0059110695
1618_10,0.0140636265
2190_10,0.9939964
6943_8,0.96538115
1385_7,0.9928786
544_8,0.9890131
3225_10,0.9927672
1044_3,0.009268014
11691_7,0.033336822
6124_3,0.7866228
7326_1,0.0039454065
1471_10,0.98803884
5010_1,0.0044683837
2695_9,0.9898303
1222_2,0.005554925
1012_8,0.0065897712
5459_1,0.006097562
4734_1,0.0038844768
3138_8,0.99014014
5674_7,0.992062
6815_1,0.0045384313
8285_10,0.9933072
5504_10,0.9927672
6800_4,0.0035936027
5292_10,0.9933072
5121_1,0.008711384
9861_1,0.70069003
2645_10,0.99341017
9422_7,0.9911527
5144_1,0.004198795
3877_9,0.9878528
7822_8,0.99371004
3324_2,0.01627746
5559_3,0.0076956474
9969_3,0.0074606435
2296_2,0.06512755
10021_9,0.99361163
11111_1,0.0047552
1371_1,0.0044683837
4321_9,0.040845715
9706_7,0.9241418
11782_1,0.0051396107
141_1,0.0112445615
3106_7,0.98951083
1817_10,0.99351174
4508_10,0.9930962
10922_3,0.0053018946
2304_7,0.3217796
2229_4,0.07290027
4283_9,0.99193794
9087_2,0.17384852
6003_9,0.9911527
12126_8,0.9928786
6067_10,0.9932025
8714_9,0.99253935
11932_1,0.052618954
2293_8,0.99453074
6184_8,0.7759446
8448_2,0.0123361
8269_3,0.003707253
7495_7,0.9853843
8282_10,0.9942697
2351_7,0.052618954
11688_7,0.9926542
3805_8,0.97838473
5158_1,0.004264634
12476_8,0.99014014
8265_1,0.0153063545
2194_10,0.9928786
3465_3,0.004609572
5234_10,0.99371004
6903_10,0.7849791
8085_1,0.0054692742
869_7,0.9600627
12034_1,0.005641909
6297_10,0.9921841
3194_1,0.004264634
8725_1,0.03308598
9563_10,0.98667485
11075_1,0.0048297215
5734_10,0.9923044
5357_2,0.004070138
6453_10,0.9918121
3263_3,0.020023443
12360_7,0.99351174
6477_1,0.022286188
11863_8,0.9884919
8459_3,0.0075772414
10594_10,0.81047887
2237_1,0.0153063545
7511_7,0.9849274
3626_3,0.37524846
6288_2,0.005641909
125_7,0.96095175
3318_7,0.9826909
5525_7,0.9811669
9695_1,0.004264634
5917_8,0.99193794
8486_7,0.9872773
6032_3,0.0044683837
7759_9,0.9921841
3456_10,0.9939964
1692_3,0.01048909
2107_3,0.0043994132
11215_2,0.011419616
1309_7,0.9755769
6650_8,0.99341017
5722_9,0.9939964
4479_4,0.3628563
347_7,0.9728308
9399_10,0.99341017
2475_1,0.010013569
8229_3,0.9263037
4869_2,0.005220126
9691_1,0.004905406
1227_3,0.009125638
360_3,0.007345827
10047_1,0.0044683837
1607_3,0.0094125895
797_1,0.05379964
9489_2,0.05033063
1742_7,0.9916842
10531_3,0.01566365
4947_1,0.005060332
10873_8,0.88038635
1429_7,0.9348725
10962_3,0.0039454065
3305_4,0.24184734
12160_8,0.98998636
9236_1,0.007121429
3718_1,0.0054692742
3434_8,0.9914225
10933_8,0.9871788
798_10,0.990732
9879_9,0.96641046
6644_10,0.98951083
10978_1,0.0067975316
7867_2,0.005220126
4369_2,0.0045384313
1251_4,0.9241418
1500_2,0.0048297215
7574_10,0.99371004
5470_1,0.00498227
2407_10,0.7409249
3451_3,0.0112445615
9385_1,0.0094125895
4078_8,0.9500415
3229_1,0.00498227
1786_8,0.98571813
5173_2,0.009859855
1211_8,0.9022657
4303_1,0.011597362
6011_3,0.00619299
4513_4,0.0065897712
11745_9,0.9942697
9675_9,0.99361163
11981_3,0.008847355
5977_10,0.9492946
5023_4,0.008445628
8704_9,0.99101454
8644_10,0.98571813
10557_3,0.004905406
6549_7,0.9914225
5557_3,0.004681822
6402_2,0.008315778
2642_4,0.03541073
11796_10,0.032100707
7102_1,0.004198795
7968_8,0.983597
11764_7,0.96124375
9415_9,0.9898303
4817_8,0.99155444
1007_4,0.009859855
10943_9,0.9856076
7280_10,0.99298817
6068_2,0.0062899017
845_10,0.9623913
8377_3,0.003707253
8445_9,0.993807
563_4,0.97023994
8761_9,0.98998636
1552_1,0.0038244836
9630_1,0.0036499873
6444_7,0.9861514
3188_1,0.00581996
2142_4,0.00619299
2045_10,0.99341017
2477_10,0.9927672
2597_1,0.0035936027
3137_8,0.9921841
1345_1,0.0075772414
8498_7,0.9837225
6550_4,0.880797
9583_9,0.99014014
7506_7,0.98201376
9316_7,0.99253935
11473_10,0.9930962
3003_10,0.9928786
8532_7,0.02576056
5654_1,0.022802636
822_10,0.883236
1312_10,0.9932025
9665_4,0.29098085
4442_10,0.9921841
11758_7,0.9926542
11185_1,0.008985428
11588_3,0.028007522
3366_10,0.9921841
7050_8,0.28259197
4778_4,0.0065897712
1_3,0.004264634
2838_2,0.008985428
6910_8,0.9861514
3257_8,0.9933072
9111_7,0.9923044
6458_7,0.48779535
5622_8,0.98934746
12469_7,0.992062
9670_10,0.994615
8092_4,0.0045384313
1683_9,0.14511536
6181_4,0.049589027
8965_8,0.98803884
5186_1,0.0044683837
1250_2,0.006097562
4705_10,0.9932025
10261_8,0.9904406
350_4,0.950411
12302_3,0.008445628
776_1,0.98582757
7424_10,0.9941801
10383_8,0.9914225
360_9,0.99341017
5798_10,0.9898303
10720_4,0.7620701
6009_8,0.99193794
2319_8,0.98951083
7053_10,0.98934746
11210_8,0.99341017
1985_10,0.9877587
6056_1,0.090092994
10315_1,0.0057302467
9_4,0.9585377
6530_4,0.008577485
1367_10,0.06754669
4564_2,0.0043994132
4343_10,0.055005286
654_3,0.020332353
4857_1,0.004609572
1377_10,0.9904406
8072_10,0.99155444
11433_7,0.99351174
6586_1,0.0051396107
10255_1,0.025371313
350_10,0.9849274
6853_8,0.9923044
3693_10,0.9921841
2589_10,0.9187722
895_1,0.0059110695
6854_7,0.99128854
1274_2,0.0044683837
9179_8,0.99193794
10141_8,0.9896718
10727_9,0.99390244
1158_7,0.98421544
9949_3,0.037326884
7798_10,0.9942697
5964_7,0.8152325
11221_10,0.9928786
3053_3,0.015784562
8817_9,0.99029154
5850_2,0.0045384313
9635_3,0.004264634
5000_10,0.993807
10040_2,0.09073549
3065_1,0.008061991
2196_1,0.28397995
12428_7,0.9882222
8454_1,0.007815888
11456_10,0.9927672
5918_4,0.00818791
10687_7,0.99029154
10507_7,0.63725656
9051_8,0.9896718
6315_4,0.017176708
11266_10,0.98951083
5890_3,0.13568954
6257_8,0.98215127
2923_8,0.9904406
2952_1,0.0047552
7269_8,0.99390244
1116_1,0.0044683837
11084_1,0.011687259
10287_1,0.01048909
5704_9,0.94417685
11218_8,0.99351174
12275_2,0.008061991
1414_4,0.008061991
7998_4,0.07978202
3286_1,0.006097562
2515_1,0.0062899017
851_1,0.00581996
5181_10,0.99341017
5358_9,0.9928786
2677_10,0.9930962
34_8,0.993807
9232_8,0.9890131
5835_10,0.99155444
10796_4,0.69750595
5553_8,0.994089
666_4,0.96741027
9450_1,0.0045384313
10820_8,0.9877587
7994_10,0.990732
8948_9,0.9930962
3301_2,0.009268014
2801_1,0.00498227
4934_2,0.008577485
1539_10,0.99361163
10949_4,0.004331502
4394_10,0.99371004
4098_8,0.012053779
1617_7,0.012920473
9569_3,0.06142404
8593_1,0.0040072887
3449_1,0.006903838
8372_1,0.0040072887
815_7,0.9764905
348_7,0.0433658
7220_1,0.008577485
2633_1,0.0044683837
1752_3,0.05921025
3347_2,0.2213507
4967_7,0.9933072
10910_8,0.99341017
3147_1,0.05582314
7791_4,0.43926623
1588_7,0.98571813
8405_2,0.007121429
3826_10,0.9939964
3178_2,0.00619299
4420_4,0.5559175
246_2,0.0074606435
8462_7,0.993807
8264_3,0.33415815
2695_3,0.0054692742
7258_4,0.29118237
5787_8,0.936285
11668_2,0.0053018946
5529_4,0.97539
8923_2,0.0067975316
4784_1,0.00581996
7730_1,0.008445628
4455_4,0.02517884
6416_1,0.00498227
87_1,0.0047552
9548_8,0.99351174
1285_1,0.0038844768
7695_10,0.9932025
4364_10,0.9927672
9394_8,0.7876047
1253_1,0.005060332
2481_1,0.03308598
6790_1,0.006903838
9989_10,0.9926542
1483_8,0.9921841
8772_1,0.0047552
2993_10,0.94966936
1801_1,0.034358688
9434_1,0.0045384313
7938_10,0.9942697
2262_1,0.0044683837
5076_1,0.006097562
10994_2,0.004198795
4749_7,0.9850429
8309_8,0.9838472
7031_10,0.99351174
2711_3,0.017045317
8655_7,0.9916842
11329_4,0.9838472
9076_3,0.012821214
11647_10,0.99298817
7934_1,0.012527932
9114_1,0.0045384313
6510_7,0.9635062
11487_1,0.004331502
2348_3,0.2285006
12325_1,0.0067975316
6405_10,0.93721074
357_7,0.9932025
12253_10,0.3435069
4927_10,0.99253935
8636_1,0.004331502
11184_10,0.9928786
9974_3,0.6042238
6516_1,0.97838473
2167_9,0.97737074
10794_10,0.99351174
966_4,0.008061991
10040_10,0.9939964
5940_9,0.028007522
9181_8,0.91022676
2196_8,0.99351174
6361_4,0.00498227
4243_9,0.28378138
581_9,0.99390244
7195_1,0.0045384313
2986_10,0.9939964
4344_1,0.0037654138
7176_10,0.9891816
7857_10,0.97788346
6487_1,0.004264634
3692_10,0.9933072
12198_10,0.9933072
10569_7,0.9868787
9850_2,0.64505005
6415_1,0.004133968
6373_10,0.99253935
5103_1,0.00498227
11048_8,0.9926542
2055_1,0.008315778
2920_1,0.00581996
8667_3,0.01566365
7059_3,0.019419348
3887_2,0.0057302467
12356_10,0.009708476
5402_2,0.01048909
10274_8,0.938576
11831_4,0.007011795
5375_7,0.9890131
7875_7,0.9152046
2733_8,0.26683462
6420_8,0.9879462
2240_10,0.9656413
10627_9,0.9843364
7319_8,0.99029154
7782_1,0.004331502
857_1,0.0047552
351_4,0.96378
9260_10,0.9635062
6891_10,0.99298817
8205_10,0.051462766
1179_3,0.004070138
9061_4,0.012624948
3571_9,0.9921841
11352_9,0.994089
11770_10,0.9916842
10714_2,0.0057302467
5397_3,0.0112445615
2360_1,0.0045384313
9459_4,0.9875683
7493_1,0.20721471
6799_10,0.993807
2313_8,0.9883128
7602_10,0.99341017
1731_10,0.9914225
8502_10,0.9845754
5632_1,0.004133968
3723_10,0.99253935
6473_3,0.044348583
3596_3,0.0038844768
8583_7,0.9881309
10902_1,0.0043994132
1032_1,0.029090757
2931_1,0.004609572
9930_3,0.005220126
11825_10,0.994615
5384_10,0.98582757
2492_4,0.007232764
5008_4,0.0051396107
7334_4,0.004609572
10082_8,0.93195957
1395_1,0.005641909
8140_7,0.18862271
2400_8,0.9939964
11462_2,0.0076956474
6632_10,0.99371004
11499_3,0.02479816
5576_1,0.007121429
1172_7,0.99341017
3053_8,0.9923044
4119_1,0.0045384313
8165_2,0.8864204
8333_8,0.9861514
2242_1,0.0045384313
6132_1,0.005220126
12270_9,0.99361163
11456_4,0.9073123
6898_1,0.007345827
2512_2,0.0048297215
7045_7,0.99155444
2808_4,0.00498227
6257_4,0.004133968
1971_7,0.98625773
10565_10,0.9923044
930_10,0.990732
196_9,0.99390244
6535_1,0.005641909
5257_1,0.0045384313
6759_4,0.032836955
5016_2,0.0063883206
10959_1,0.2243952
4450_10,0.993807
6678_10,0.99371004
11286_8,0.9850429
7200_8,0.994615
6660_7,0.9876639
12481_10,0.9939964
10278_4,0.12940274
6233_8,0.9840936
579_1,0.0045384313
8519_3,0.0074606435
1220_10,0.99242276
2342_10,0.99193794
1860_1,0.0074606435
7273_3,0.60369825
4653_2,0.5966682
6878_4,0.016029146
502_7,0.9879462
2406_2,0.008577485
2021_1,0.004133968
874_8,0.9829547
4949_2,0.11047115
5054_3,0.040237945
689_7,0.9896718
9643_7,0.9933072
6445_3,0.01107216
2377_9,0.9932025
6107_8,0.6770471
10368_8,0.99298817
10444_1,0.0045384313
5498_1,0.010169657
1018_7,0.9927672
2718_9,0.031618766
2418_2,0.0065897712
7412_7,0.005384938
213_10,0.9883128
9417_2,0.0039454065
1194_2,0.0062899017
9366_8,0.9918121
4769_1,0.004905406
6667_9,0.9939964
9361_2,0.0054692742
2182_8,0.9615338
10677_4,0.98951083
3931_10,0.9462003
120_9,0.99298817
10837_10,0.9918121
10830_1,0.004133968
3679_2,0.060975183
9094_9,0.9921841
7880_2,0.011961098
4969_9,0.9918121
3418_3,0.0043994132
5490_4,0.006003596
264_10,0.9905874
1602_10,0.987375
5019_9,0.4907237
12000_9,0.9860443
10794_4,0.0062899017
2504_3,0.9798227
12340_4,0.4282334
7732_2,0.005060332
2028_1,0.004264634
3986_4,0.005554925
5100_10,0.98866826
2135_1,0.008847355
10227_7,0.5053709
4413_1,0.30954525
5205_2,0.004198795
45_9,0.9921841
12151_10,0.8929365
11055_1,0.0044683837
2632_9,0.99193794
7047_3,0.007937994
1915_1,0.005554925
9666_10,0.994089
10027_1,0.004609572
11024_2,0.005220126
6482_7,0.9839708
8060_3,0.0047552
9876_8,0.9914225
3839_1,0.0067975316
3682_9,0.99029154
5962_3,0.008985428
222_3,0.0044683837
10460_10,0.99390244
8543_1,0.0067975316
9443_1,0.006003596
10201_1,0.9926542
5046_9,0.99351174
5899_1,0.0065897712
10140_1,0.006003596
5009_1,0.013121271
4626_8,0.9780517
9033_10,0.99253935
3243_9,0.99351174
6379_1,0.0051396107
4949_8,0.9930962
6119_10,0.9918121
10336_7,0.9932025
7344_1,0.006097562
3294_7,0.9932025
4385_2,0.007815888
2172_9,0.9939964
8295_3,0.004264634
1031_10,0.99298817
7577_10,0.9898303
6778_4,0.005384938
3154_2,0.010013569
9585_7,0.9930962
3445_2,0.0054692742
7416_3,0.5175709
9780_10,0.9939964
480_10,0.9905874
837_4,0.14560063
10166_8,0.9928786
3695_7,0.029986506
12417_9,0.86476797
3932_3,0.004609572
11790_3,0.005554925
6917_9,0.9926542
1975_4,0.9805807
11249_10,0.042722195
7366_7,0.99029154
4579_8,0.9927672
8415_10,0.99193794
2004_1,0.61941373
7599_3,0.004681822
12259_8,0.7505527
11005_7,0.9600627
11914_7,0.03541073
8498_1,0.004331502
944_2,0.0047552
7183_10,0.99101454
4422_10,0.9930962
6791_10,0.99029154
9286_1,0.020645931
3325_10,0.9921841
5599_2,0.0044683837
3064_1,0.015543648
209_4,0.004609572
1904_10,0.990732
10699_3,0.18330106
577_3,0.008315778
3157_1,0.009268014
1582_2,0.00498227
8044_2,0.005384938
11208_1,0.031858858
4708_3,0.5343695
10439_8,0.9932025
11083_7,0.20024472
8066_3,0.004198795
11327_8,0.99390244
9224_1,0.01678549
2165_8,0.9825575
9892_10,0.99351174
4402_1,0.0039454065
11804_10,0.994615
1296_8,0.9932025
10562_1,0.005060332
5003_10,0.99390244
10448_1,0.0045384313
3274_7,0.994089
6344_4,0.03904829
8129_4,0.0063883206
9525_2,0.004905406
661_1,0.0038244836
9398_3,0.003707253
3639_7,0.9932025
5527_7,0.99101454
7790_3,0.9053223
9550_1,0.015784562
2042_3,0.008985428
366_1,0.004198795
8446_3,0.98571813
7859_1,0.0048297215
5587_3,0.004609572
10604_3,0.0044683837
5245_1,0.0039454065
804_8,0.9914225
9098_3,0.1999321
6240_10,0.993807
3960_10,0.9921841
10536_8,0.99298817
8793_1,0.00581996
1586_1,0.004681822
7131_9,0.97737074
11338_9,0.99371004
1053_4,0.36254594
11170_4,0.0076956474
6806_1,0.0062899017
3741_4,0.007345827
1231_7,0.7806625
5499_8,0.99298817
12452_3,0.2230384
5331_9,0.9927672
3302_7,0.59231293
6214_8,0.99371004
6908_1,0.00581996
8510_8,0.025371313
10522_10,0.9932025
2844_2,0.010328153
11797_3,0.0048297215
11237_10,0.98707944
6762_3,0.006903838
897_1,0.00818791
10312_9,0.9927672
10272_1,0.0040072887
10814_9,0.98582757
4504_1,0.005060332
9389_9,0.9863631
9035_1,0.004905406
11306_1,0.00498227
6309_4,0.97719735
5179_10,0.9722044
6099_4,0.0063883206
887_8,0.9932025
10220_10,0.9932025
286_10,0.98571813
5809_10,0.9879462
7725_3,0.0064882697
9722_7,0.98667485
9104_7,0.9500415
7313_7,0.9928786
1706_1,0.02931223
11737_4,0.0067975316
11203_10,0.99341017
7767_4,0.0064882697
1822_1,0.0048297215
5113_8,0.98646784
5456_9,0.990732
6005_1,0.009125638
2026_2,0.0040072887
1379_1,0.0064882697
3048_10,0.992062
5070_10,0.98582757
8985_1,0.008061991
1643_1,0.059646945
400_1,0.004331502
7546_10,0.99155444
3438_4,0.006692851
12136_8,0.89218736
6850_2,0.029760094
9054_8,0.9914225
1555_10,0.99341017
7103_1,0.00818791
6218_1,0.0053018946
1619_3,0.004681822
5187_8,0.9761292
8575_2,0.0043994132
1593_10,0.9923044
3910_1,0.008847355
5743_10,0.9890131
3061_8,0.632446
9633_8,0.99253935
2488_9,0.9522199
11711_4,0.004609572
11282_10,0.99242276
8919_10,0.99371004
6139_10,0.9933072
8032_1,0.005554925
4287_4,0.00619299
11044_1,0.0047552
11123_8,0.9921841
1828_9,0.9926542
4232_3,0.26511872
7258_9,0.9932025
1078_4,0.0040072887
9967_10,0.7898827
4975_3,0.007937994
9974_8,0.51561993
424_2,0.0045384313
7181_9,0.9914225
10703_3,0.011869121
3157_10,0.9918121
11096_10,0.9943581
2185_10,0.9927672
2779_4,0.34775168
9342_1,0.0048297215
3615_8,0.99242276
6777_10,0.99253935
5440_8,0.9840936
706_1,0.7940658
5909_8,0.99253935
9578_3,0.010986943
3393_4,0.005060332
428_3,0.006692851
651_9,0.99298817
12433_8,0.9839708
8643_4,0.005384938
5826_10,0.9926542
4060_1,0.0045384313
3310_8,0.99029154
8941_3,0.009859855
11493_7,0.99361163
7896_8,0.992062
541_7,0.9877587
10614_1,0.0065897712
3751_1,0.0051396107
7851_8,0.98215127
5940_1,0.065604836
911_1,0.0045384313
1233_1,0.0063883206
4995_1,0.014728613
2771_9,0.9898303
5085_8,0.9750122
6521_8,0.98951083
8106_3,0.0063883206
2962_7,0.25776508
1621_9,0.9905874
4981_8,0.9872773
11884_2,0.0048297215
6038_10,0.9916842
7118_10,0.9877587
10365_1,0.004264634
677_9,0.9930962
95_10,0.99390244
8211_3,0.6039318
11906_8,0.9791955
3038_2,0.00818791
10503_1,0.004905406
11260_4,0.0054692742
11333_3,0.0054692742
6954_10,0.99298817
143_8,0.41893464
6458_3,0.008315778
8784_2,0.004070138
2604_1,0.0074606435
4374_9,0.99371004
1323_3,0.080936715
2647_2,0.3257618
363_3,0.00619299
7556_1,0.018404892
11101_4,0.029760094
8945_7,0.99155444
10630_4,0.004331502
11174_8,0.98707944
7927_3,0.006903838
8433_1,0.004331502
8814_1,0.0048297215
11746_8,0.9950177
2462_10,0.987375
10036_1,0.0037654138
10628_1,0.007121429
4782_1,0.0067975316
11244_8,0.9811669
4815_1,0.006003596
6974_7,0.9942697
10180_1,0.00498227
3538_1,0.004198795
9319_9,0.99101454
3542_2,0.005384938
5583_1,0.0039454065
215_8,0.99341017
6949_1,0.004198795
11401_10,0.9911527
3468_4,0.005220126
9478_7,0.08977329
12368_2,0.0048297215
7534_4,0.01243165
9256_2,0.042722195
2192_10,0.9932025
10617_3,0.007345827
1464_1,0.006097562
969_4,0.063714996
702_7,0.7189892
470_10,0.9939964
2575_1,0.003707253
3059_2,0.005641909
7229_3,0.004905406
7437_3,0.0054692742
2560_7,0.9881309
8444_4,0.004609572
1900_4,0.9838472
9057_4,0.17525558
10101_4,0.0035936027
4914_2,0.004264634
11896_4,0.06705628
10430_1,0.006003596
786_3,0.0053018946
9834_1,0.01883313
2040_1,0.0039454065
1435_3,0.00619299
168_8,0.98445636
6504_9,0.9941801
3677_1,0.004070138
3652_10,0.9941801
9821_10,0.99361163
8695_8,0.98282325
5728_10,0.97684664
2856_8,0.9914225
11548_3,0.005554925
9435_7,0.990732
7910_2,0.008847355
4658_7,0.22832854
10111_1,0.004198795
12306_1,0.0039454065
6380_9,0.9861514
3507_10,0.99341017
11085_7,0.9826909
4268_8,0.9911527
1702_2,0.03846619
3045_9,0.9941801
3338_2,0.01243165
9288_8,0.9928786
1580_8,0.99155444
11976_10,0.7009972
9216_1,0.0040072887
2015_10,0.99298817
7665_2,0.0039454065
10545_2,0.0045384313
3819_4,0.9216402
8005_10,0.96741027
772_1,0.004681822
3882_3,0.0059110695
9001_8,0.99193794
3000_1,0.0040072887
3357_4,0.0064882697
2559_4,0.10052487
2178_4,0.006003596
2249_9,0.9932025
9616_10,0.99371004
11797_9,0.9845754
9061_10,0.99155444
10994_10,0.99242276
1076_3,0.004133968
10774_2,0.006097562
10983_10,0.9911527
9271_10,0.9928786
3205_9,0.99298817
4987_4,0.8255897
10926_1,0.009708476
9150_8,0.98469365
614_2,0.0145035805
12332_4,0.9883128
9100_2,0.010169657
10499_8,0.0075772414
6143_9,0.9933072
4113_8,0.9872773
4705_4,0.0064882697
3115_1,0.0038844768
1041_2,0.007121429
11601_9,0.4602889
11045_8,0.8899121
10615_8,0.7501869
7631_7,0.99155444
11829_3,0.0074606435
6941_1,0.009268014
112_10,0.983343
4220_8,0.89256257
2812_10,0.9932025
10221_2,0.0062899017
1944_9,0.7106283
5866_8,0.9916842
11615_1,0.0047552
3066_10,0.99101454
5757_3,0.0075772414
10569_1,0.0034834242
10633_3,0.004331502
58_3,0.008061991
1126_10,0.99298817
4357_10,0.99351174
6768_4,0.42178994
11354_10,0.99101454
6412_10,0.99298817
7547_1,0.006003596
5198_10,0.99253935
5697_3,0.0111580305
9757_3,0.005641909
8034_3,0.0047552
8612_8,0.97838473
8691_7,0.86060363
6731_3,0.017309094
12190_1,0.005554925
3180_1,0.0053018946
11068_10,0.99101454
3752_4,0.005060332
1995_3,0.024237636
5517_10,0.9921841
6532_9,0.99361163
4435_1,0.0051396107
5527_4,0.0044683837
5059_4,0.0063883206
12044_4,0.017442483
3479_3,0.0065897712
8399_8,0.84286314
8897_7,0.9932025
8342_9,0.94699025
7018_3,0.007121429
2497_7,0.9890131
10152_1,0.005060332
11583_4,0.037326884
3156_10,0.9076402
5259_4,0.0064882697
2581_1,0.020332353
5224_7,0.98102194
9024_3,0.007232764
8026_10,0.9840936
9588_3,0.006692851
11001_1,0.006003596
6432_9,0.9923044
8524_9,0.9932025
12457_3,0.0036499873
8426_8,0.9908744
11355_10,0.993807
10337_1,0.0063883206
11911_3,0.063714996
2655_10,0.9635062
4265_3,0.19744444
6542_3,0.94208187
9681_1,0.005060332
287_8,0.99014014
1864_1,0.005384938
7655_4,0.0075772414
3613_7,0.99101454
11041_1,0.010328153
12070_8,0.92523
10856_10,0.9928786
7365_4,0.005641909
10025_8,0.9928786
4693_10,0.9923044
9580_7,0.992062
4669_2,0.020023443
274_9,0.99298817
1570_2,0.06233104
11040_8,0.99351174
2243_7,0.40827674
7043_10,0.7367796
3719_2,0.0045384313
7635_7,0.92495924
2327_2,0.004609572
4229_9,0.9849274
4121_3,0.0059110695
6064_1,0.0057302467
364_10,0.990732
1161_10,0.99253935
463_1,0.005220126
9291_4,0.15052764
8827_1,0.007345827
2292_1,0.0047552
6935_9,0.9407897
9226_1,0.005060332
7612_4,0.08977329
8575_7,0.7796575
3475_1,0.005060332
1880_7,0.5397111
7265_7,0.99361163
8626_1,0.004331502
733_1,0.009268014
12100_10,0.9941801
1069_10,0.99341017
11364_10,0.99242276
5496_1,0.0054692742
7253_1,0.0034834242
3159_1,0.031858858
9131_10,0.99371004
413_4,0.9582261
10818_1,0.0040072887
479_3,0.06512755
173_7,0.9798227
9522_10,0.99351174
333_10,0.9932025
2819_1,0.0040072887
5723_8,0.9927672
99_10,0.9943581
7247_4,0.008577485
4711_9,0.99253935
8555_3,0.007232764
6330_10,0.9941801
8921_1,0.018978037
803_10,0.9826909
6219_1,0.005641909
10077_3,0.0059110695
1274_7,0.9933072
2307_3,0.007815888
8114_8,0.99242276
1503_1,0.005384938
2004_10,0.9879462
712_3,0.012053779
557_4,0.4462534
9651_8,0.9933072
11701_4,0.007345827
6325_9,0.9908744
1684_1,0.004609572
1435_10,0.9942697
5754_10,0.99253935
12098_10,0.99101454
3707_10,0.9914225
2521_1,0.012821214
1793_1,0.004609572
2725_3,0.0153063545
5051_8,0.9939964
2691_7,0.987375
4111_10,0.99361163
3239_3,0.004905406
8124_8,0.9918121
4990_4,0.0048297215
9565_9,0.99298817
6657_3,0.012722708
5882_4,0.0065897712
8571_1,0.26874945
6815_10,0.9933072
487_10,0.93674946
11567_9,0.993807
10631_1,0.0034834242
7070_2,0.004905406
8708_10,0.98934746
1889_4,0.09534946
1838_3,0.007121429
6383_3,0.004681822
4735_9,0.7185944
11430_7,0.9600627
11590_1,0.005220126
11023_3,0.0094125895
10870_8,0.99242276
6734_10,0.99298817
10174_1,0.004264634
7905_10,0.9927672
9555_4,0.005220126
6303_9,0.99371004
1426_1,0.004133968
5482_8,0.9511422
7605_2,0.004133968
10249_1,0.008445628
2466_1,0.00581996
4055_1,0.0067975316
9839_8,0.9761292
3953_9,0.9933072
6563_4,0.023330767
10776_4,0.0054692742
7596_2,0.007011795
10490_9,0.9939964
3800_1,0.004905406
10669_1,0.11596072
6276_8,0.7725307
3110_1,0.0057302467
12434_1,0.028870907
10189_1,0.004264634
10639_4,0.005060332
7734_1,0.010986943
8763_4,0.018978037
2702_1,0.023330767
10179_1,0.005554925
2317_7,0.96378
4677_8,0.98998636
11805_7,0.9539661
1339_2,0.0048297215
9919_4,0.13753249
1425_8,0.983343
3926_7,0.7166154
12395_10,0.9943581
6284_4,0.00581996
11069_1,0.007121429
4998_10,0.99351174
8055_2,0.005060332
9179_3,0.004331502
11577_10,0.9324533
1480_1,0.0051396107
4561_10,0.99371004
4698_10,0.993807
9312_1,0.0053018946
6561_4,0.71760595
8353_10,0.9939964
11580_3,0.007232764
10536_2,0.010013569
957_10,0.9859364
1768_8,0.9927672
12197_1,0.0053018946
11459_10,0.94417685
2271_3,0.012053779
6973_1,0.007937994
4199_8,0.971779
6582_8,0.98998636
5843_1,0.006903838
4140_9,0.98934746
11105_3,0.005554925
2395_3,0.0048297215
10715_9,0.99351174
6611_7,0.9927672
2043_7,0.9871788
2884_9,0.9738444
4946_8,0.01883313
9642_7,0.9905874
5211_1,0.0094125895
10661_9,0.9933072
4368_10,0.069541745
12086_4,0.009859855
6465_8,0.9813107
4706_1,0.0048297215
4694_10,0.94417685
12150_10,0.99193794
208_3,0.003707253
2587_3,0.009859855
2804_3,0.48389226
2837_3,0.0094125895
11070_1,0.0045384313
11909_4,0.9026096
9945_10,0.97737074
9281_9,0.9764905
8458_2,0.010986943
9882_2,0.0065897712
172_7,0.9927672
7632_2,0.0059110695
12246_9,0.9939964
3889_1,0.0040072887
11140_4,0.015543648
5240_9,0.99298817
7965_4,0.006692851
3387_3,0.004609572
10817_4,0.004198795
3332_10,0.9458012
1156_9,0.9449947
6585_1,0.0043994132
7931_3,0.0057302467
8268_4,0.004331502
6443_10,0.97090924
373_10,0.98951083
5912_4,0.026556572
11475_7,0.9511422
10738_4,0.10557884
11175_10,0.99242276
9008_2,0.8740772
2218_3,0.006097562
585_10,0.99101454
3448_2,0.08756384
3860_8,0.5914873
8335_7,0.97090924
1907_1,0.01243165
9169_9,0.9874721
10375_8,0.9928786
10432_4,0.07316472
11399_1,0.17724052
3430_7,0.9932025
2859_4,0.012053779
3899_10,0.99298817
9648_8,0.99242276
9233_8,0.9877587
10574_10,0.9921841
3489_4,0.051082738
8115_8,0.9908744
11495_8,0.9916842
6885_7,0.78464925
1534_10,0.82615143
11721_9,0.9916842
11610_10,0.9853843
2712_8,0.98527133
3140_10,0.9884919
4880_10,0.9890131
1592_10,0.9939964
425_10,0.99242276
5798_1,0.004133968
2212_8,0.99193794
2685_3,0.004681822
9625_2,0.0059110695
8492_7,0.9930962
4932_3,0.31647488
1704_3,0.5107405
301_4,0.008577485
2599_10,0.2211824
2364_4,0.006692851
2323_3,0.0076956474
1885_8,0.93674946
1232_1,0.00619299
12055_1,0.0043994132
2894_10,0.9943581
5347_3,0.8906752
1799_4,0.055005286
7460_9,0.61225176
8798_10,0.99371004
2134_4,0.96538115
2964_2,0.0705596
345_3,0.013636835
2670_8,0.9615338
10282_10,0.99351174
5587_8,0.9804314
6115_2,0.0047552
6974_1,0.05623634
8500_10,0.9914225
5073_8,0.558327
5291_8,0.9926542
11728_7,0.7208598
3207_4,0.0053018946
2553_8,0.9930962
10896_10,0.9904406
9321_2,0.0047552
1484_4,0.0045384313
2106_2,0.055005286
5487_4,0.006003596
4835_10,0.20434189
1023_3,0.005060332
11524_10,0.9943581
10672_7,0.97112906
9769_3,0.0040072887
590_7,0.99101454
11530_3,0.0043994132
349_2,0.007937994
2165_4,0.005641909
1574_9,0.9791955
2792_1,0.0059110695
980_2,0.0057302467
5745_7,0.9830851
4323_7,0.96765566
11569_7,0.9926542
3637_1,0.009708476
4511_1,0.007011795
8404_10,0.99253935
8947_4,0.025371313
12317_10,0.99193794
3927_4,0.8701566
461_8,0.9930962
11651_2,0.0037654138
7697_4,0.0067975316
7799_10,0.9930962
2111_8,0.9744348
9745_7,0.9939964
4419_4,0.00818791
9337_4,0.016914913
3908_10,0.990732
9211_3,0.0053018946
489_1,0.008711384
9229_8,0.044680875
381_1,0.0065897712
1355_7,0.98934746
12100_1,0.007345827
6126_4,0.0094125895
8315_8,0.99155444
7513_10,0.992062
5547_1,0.010328153
8050_1,0.006003596
7332_1,0.24238491
9044_8,0.9928786
8491_1,0.14657521
1919_8,0.99444515
4076_7,0.5491571
9251_2,0.005554925
7325_10,0.9928786
177_8,0.9230392
8104_4,0.0053018946
919_4,0.0045384313
9417_8,0.9911527
9440_9,0.95976204
11105_9,0.9927672
7670_10,0.9928786
7404_8,0.97997653
5120_2,0.006903838
10153_1,0.005220126
1763_10,0.9927672
9316_4,0.13432105
6396_8,0.99371004
8865_10,0.9939964
4552_8,0.01048909
874_4,0.006903838
6690_2,0.0057302467
11970_3,0.12549345
1202_4,0.8244619
6024_1,0.0153063545
10117_9,0.9908744
9511_1,0.16559312
2314_10,0.9918121
6053_3,0.005060332
10165_2,0.007232764
8410_2,0.0076956474
1457_1,0.004681822
9651_3,0.0057302467
537_2,0.007937994
7191_3,0.645064
10258_8,0.9744348
4774_8,0.8040984
3560_8,0.9904406
5960_1,0.006097562
881_4,0.01065251
2420_1,0.0040072887
4959_4,0.004681822
7138_1,0.004264634
9317_10,0.9898303
5454_4,0.004198795
7450_9,0.96485513
9679_10,0.9853843
10988_3,0.02576056
2932_3,0.20370752
10110_1,0.0043994132
9165_2,0.006903838
11712_2,0.004264634
8979_1,0.004681822
12426_3,0.0047552
1630_7,0.9849274
11990_10,0.983343
5395_10,0.994089
896_1,0.0054692742
11463_9,0.9904406
7096_1,0.008445628
6198_10,0.9928786
8141_10,0.99155444
2650_10,0.9885804
12337_9,0.9911527
1995_10,0.9563089
6349_1,0.0044683837
12270_2,0.004198795
12494_2,0.0067975316
7081_4,0.06754669
3010_7,0.09568694
2924_2,0.00619299
3185_10,0.7866228
1377_2,0.8701566
4858_3,0.7728737
4351_3,0.004070138
6865_2,0.004070138
9527_3,0.014281935
6223_7,0.99341017
11598_4,0.01107216
10605_1,0.005554925
4609_2,0.0038844768
3736_7,0.9933072
5615_1,0.0064882697
11109_7,0.95362175
3924_3,0.007011795
7452_1,0.10894506
4288_8,0.7130322
8825_2,0.005220126
3168_7,0.994089
6407_1,0.004264634
7016_3,0.012722708
129_1,0.004070138
9808_3,0.00498227
5620_10,0.9740426
6404_10,0.99298817
10781_1,0.007011795
2446_1,0.032836955
2191_10,0.99029154
10848_1,0.004905406
11201_10,0.96210754
6818_9,0.99361163
4607_7,0.06301947
2410_7,0.992062
9656_9,0.9933072
7841_7,0.97539
11422_7,0.9761292
7376_8,0.96909106
10804_8,0.9890131
11793_7,0.9921841
509_7,0.98187524
12459_10,0.993807
354_10,0.880797
2740_10,0.9888419
1469_1,0.005384938
9219_10,0.6578682
7248_7,0.9884919
5620_1,0.0054692742
12160_1,0.007232764
6037_10,0.9826909
8338_1,0.004905406
1954_1,0.63883525
6996_9,0.9693242
9888_8,0.9933072
5470_7,0.9927672
11915_4,0.97754294
7057_4,0.02297737
10320_10,0.9896718
4447_3,0.017712297
9711_9,0.99242276
5077_3,0.006097562
10912_4,0.88759494
3224_3,0.055005286
9946_7,0.97754294
10650_4,0.9863631
9613_1,0.004681822
4909_3,0.004331502
5607_8,0.98951083
3315_1,0.0048297215
9271_1,0.0062899017
4248_4,0.037326884
5849_4,0.015424551
3944_1,0.0047552
3580_10,0.9916842
4592_1,0.0045384313
6375_10,0.99371004
5955_9,0.9933072
11613_7,0.9904406
8278_10,0.99155444
11339_9,0.99298817
6813_2,0.009859855
3747_3,0.0053018946
5916_1,0.005220126
3298_1,0.013742321
11303_1,0.0074606435
5758_7,0.9921841
11652_9,0.9933072
8748_2,0.01627746
11092_2,0.004681822
8729_8,0.9928786
6332_4,0.006003596
3700_10,0.9926542
10507_2,0.00498227
2287_4,0.0053018946
10549_10,0.9939964
3005_10,0.994089
5657_1,0.004133968
873_8,0.9834705
2274_1,0.011331754
3208_4,0.011597362
2663_10,0.99242276
8134_7,0.011869121
7443_1,0.97719735
7507_8,0.98173577
1423_1,0.00498227
4014_1,0.013020489
9662_1,0.0045384313
2512_9,0.993807
8415_2,0.0053018946
7672_3,0.0051396107
5925_1,0.0047552
2654_2,0.005384938
1780_10,0.98951083
8813_9,0.99351174
9378_7,0.9911527
12120_3,0.0053018946
8985_7,0.9932025
5771_3,0.0039454065
7305_10,0.9939964
8681_4,0.016403032
7415_10,0.9914225
9346_8,0.99128854
9750_3,0.005641909
9083_9,0.9927672
12255_2,0.00498227
5035_1,0.00498227
12384_10,0.7264256
8381_4,0.01107216
825_1,0.0044683837
2034_1,0.005060332
439_10,0.9923044
5753_10,0.98998636
10370_10,0.9891816
3395_2,0.005220126
8101_2,0.004264634
7885_1,0.008847355
3266_2,0.54601204
4623_4,0.004681822
8123_9,0.99155444
1787_1,0.0037654138
4001_4,0.14128141
3530_2,0.0040072887
684_1,0.005060332
744_10,0.9600627
8439_7,0.98998636
8678_9,0.9923044
11851_8,0.987375
1237_2,0.009559399
4557_3,0.0044683837
1847_10,0.9927672
4002_1,0.004070138
1620_1,0.029535338
549_10,0.9941801
4984_4,0.9750122
4673_8,0.15052764
1373_1,0.0047552
6927_1,0.05223086
9201_2,0.021287354
4293_7,0.9918121
826_3,0.0048297215
6337_1,0.0059110695
9978_9,0.9923044
11379_10,0.9933072
3874_1,0.14033625
9943_1,0.004264634
7236_4,0.9834705
7816_1,0.0053018946
3849_8,0.993807
1167_10,0.9916842
9667_3,0.06418265
2506_1,0.0063883206
1372_10,0.76171577
6788_9,0.9921841
4792_2,0.0039454065
7909_2,0.007232764
2213_2,0.004264634
434_1,0.004198795
9245_1,0.004905406
5822_10,0.9911527
5406_1,0.0067975316
2011_1,0.0054692742
6805_10,0.9943581
2557_2,0.0038844768
4343_1,0.0045384313
1493_4,0.0065897712
947_8,0.02350945
9494_7,0.8976953
10228_10,0.2946207
707_10,0.99341017
2018_10,0.99351174
11093_10,0.9926542
11113_10,0.99341017
11596_1,0.0047552
7453_1,0.0053018946
9045_8,0.9905874
12264_7,0.9932025
7271_9,0.9933072
4560_1,0.010328153
11223_1,0.007815888
3939_7,0.9908744
2714_2,0.0123361
1940_9,0.9839708
3640_10,0.9933072
1724_1,0.0063883206
5383_3,0.01384861
7323_10,0.95565146
7345_4,0.0047552
775_9,0.99361163
11995_1,0.0037654138
400_10,0.99341017
10279_4,0.004264634
673_8,0.35069928
4168_10,0.96095175
11761_7,0.99253935
491_9,0.96182173
11472_1,0.004264634
10045_7,0.9856076
9449_4,0.011869121
12496_3,0.0045384313
12422_1,0.00498227
8159_4,0.005384938
8668_8,0.15304215
7572_10,0.99469805
6696_9,0.97838473
64_10,0.99351174
2715_1,0.024987794
9333_4,0.0460339
3722_10,0.9939964
5692_8,0.9911527
10074_7,0.97344345
1717_3,0.7401744
825_8,0.9928786
7796_10,0.99341017
5550_3,0.0054692742
6114_10,0.7538293
4440_8,0.9883128
9616_4,0.0074606435
12090_8,0.99361163
10728_1,0.37708178
4419_10,0.9930962
282_1,0.007345827
4825_9,0.9859364
91_10,0.992062
10399_2,0.004331502
6773_4,0.0226292
1364_10,0.99193794
2806_9,0.99029154
4520_2,0.0047552
8211_9,0.99029154
3594_2,0.006097562
11353_4,0.0064882697
307_1,0.0043994132
10963_4,0.004198795
4023_7,0.5655387
11450_10,0.98469365
3567_4,0.9329437
4751_7,0.99298817
9798_2,0.007011795
1864_8,0.99371004
3168_2,0.008847355
6506_2,0.7659437
12484_2,0.21076632
11999_8,0.010328153
3571_3,0.008315778
147_10,0.9861514
6691_9,0.99351174
11295_8,0.99128854
9344_10,0.99341017
9513_2,0.004264634
11066_7,0.94122344
4330_8,0.9923044
5194_10,0.983343
11676_1,0.00498227
4587_1,0.004331502
11964_4,0.966156
12456_1,0.0047552
6054_10,0.96814114
2140_7,0.8365546
1388_1,0.1592174
10681_2,0.0043994132
4614_8,0.9941801
2604_7,0.24762337
4234_1,0.0059110695
4261_8,0.97838473
4907_8,0.98282325
4134_4,0.012053779
4125_8,0.98934746
3795_9,0.99253935
1356_4,0.0045384313
10711_2,0.8864204
4728_7,0.97134733
8254_8,0.9766692
10769_2,0.036769465
7185_8,0.99253935
2842_9,0.67179364
4565_1,0.0067975316
3030_9,0.98926485
2997_1,0.005554925
1311_9,0.01048909
12499_10,0.99253935
9830_10,0.9926542
1774_4,0.013121271
6676_10,0.993807
6502_9,0.9730365
1521_1,0.93581736
4253_1,0.0051396107
2775_2,0.007121429
7324_4,0.0038844768
1207_4,0.031858858
9903_7,0.9923044
3195_2,0.0059110695
9213_10,0.99390244
7751_1,0.0057302467
1616_8,0.9905874
1482_10,0.9891816
6772_7,0.98571813
2008_10,0.99101454
6799_4,0.008577485
5004_9,0.9918121
3487_2,0.0054692742
10892_4,0.060975183
10839_4,0.0059110695
922_8,0.992062
4163_1,0.004681822
10738_8,0.99029154
10678_7,0.99341017
5892_10,0.9863631
6202_1,0.00498227
5792_10,0.992062
12161_4,0.06233104
1097_9,0.99351174
2930_3,0.0054692742
4087_3,0.008577485
11875_3,0.008315778
11770_4,0.006692851
847_7,0.98934746
10620_9,0.99029154
1455_10,0.99444515
12294_1,0.0045384313
5653_10,0.99361163
1874_9,0.9884919
10487_3,0.012527932
22_3,0.0059110695
2760_1,0.004905406
9822_7,0.07030384
1068_10,0.99242276
11117_1,0.0040072887
10409_2,0.99242276
1877_7,0.5229331
7347_1,0.011597362
4231_1,0.00619299
1122_1,0.013121271
933_3,0.028870907
11883_4,0.005060332
8386_10,0.9908744
12297_7,0.97903574
11847_8,0.99361163
5511_1,0.0076956474
9587_2,0.017309094
10027_8,0.9449947
7210_4,0.006003596
2490_9,0.4186969
4889_10,0.99101454
8192_9,0.9927672
12133_1,0.00581996
2098_1,0.21933751
2941_9,0.9930962
5742_3,0.0044683837
10645_4,0.004264634
1162_10,0.99242276
4383_10,0.99371004
5325_8,0.98187524
1324_1,0.0053018946
1374_1,0.021287354
116_10,0.99029154
2898_10,0.9522199
8799_10,0.9932025
6654_10,0.99361163
8630_1,0.004070138
3452_7,0.99101454
3609_8,0.98866826
4740_1,0.0038844768
8368_10,0.9932025
11960_7,0.8418256
3583_10,0.37505174
1581_8,0.1789559
1378_1,0.2592626
968_2,0.006692851
4524_1,0.004681822
5036_8,0.99341017
12287_3,0.00498227
9236_10,0.58450836
5447_3,0.008985428
11016_1,0.010902373
1935_3,0.026556572
5300_7,0.99469805
7775_2,0.7397986
4398_3,0.0053018946
5692_2,0.0048297215
3517_8,0.99242276
6007_1,0.00498227
10127_2,0.005384938
6614_10,0.98571813
2767_10,0.98242307
3187_2,0.0034296038
6473_10,0.9787127
12263_1,0.0038844768
10838_2,0.0038244836
7367_9,0.97887486
8873_10,0.9923044
6016_1,0.007345827
10363_7,0.9766692
3541_2,0.004609572
6416_10,0.9921841
4538_10,0.99371004
56_3,0.0794957
7946_8,0.99155444
6003_4,0.013428254
974_4,0.010328153
11651_9,0.99361163
10283_1,0.010902373
12334_2,0.0051396107
972_1,0.7356416
1513_8,0.9891816
6141_3,0.005060332
4195_7,0.99014014
10176_9,0.9928786
1918_2,0.004681822
12117_1,0.068288535
7567_1,0.010169657
2949_10,0.9923044
11937_9,0.99298817
8513_2,0.013428254
3913_8,0.037892424
1310_8,0.99014014
10461_10,0.99361163
3309_8,0.9905874
862_9,0.9885804
4040_2,0.004609572
78_8,0.9832145
3491_7,0.014728613
10862_9,0.99371004
4763_7,0.9222025
7421_1,0.10194652
5350_1,0.005554925
11491_10,0.99351174
9975_4,0.006903838
10123_10,0.99341017
11573_1,0.0040072887
2337_9,0.99390244
251_8,0.98840266
1942_1,0.006692851
2940_7,0.99014014
4342_7,0.115560874
11250_2,0.005220126
4224_1,0.0064882697
10106_10,0.9933072
7764_2,0.0065897712
937_10,0.993807
3112_10,0.9930962
9922_8,0.979354
3259_7,0.98215127
7828_1,0.0039454065
4031_7,0.9791955
1277_7,0.9582261
3162_2,0.064653486
7_9,0.9898303
1832_4,0.20689406
10997_1,0.13161905
10572_10,0.99298817
12194_1,0.0038244836
4648_10,0.9887554
7207_9,0.7613611
11000_7,0.9465967
4943_2,0.0044683837
10601_10,0.9928786
4731_1,0.064653486
9272_8,0.18184364
11551_1,0.004070138
9074_3,0.08479541
2486_3,0.007232764
618_1,0.0045384313
8683_8,0.9874721
2618_10,0.9539661
8471_9,0.9780517
6394_4,0.004681822
6456_2,0.51903373
3195_8,0.99014014
4188_1,0.007815888
3985_10,0.99351174
7099_10,0.99029154
1558_2,0.004264634
2877_8,0.36568317
3928_1,0.005384938
7206_3,0.0059110695
8088_10,0.99298817
8167_10,0.9943581
8590_8,0.99469805
6973_7,0.54043883
4974_7,0.9923044
10151_1,0.00498227
5268_4,0.01461567
5258_7,0.9921841
1478_8,0.9890131
5094_10,0.9939964
10126_4,0.0074606435
9357_2,0.007121429
7750_3,0.0062899017
11628_3,0.03138043
9124_7,0.9843364
1802_7,0.9928786
4820_4,0.017045317
10019_8,0.9916842
154_9,0.9932025
5049_4,0.0035936027
4372_1,0.005641909
7807_10,0.9926542
5127_10,0.992062
11480_2,0.025565214
10145_1,0.0051396107
7090_10,0.99155444
1288_1,0.882022
11316_2,0.005220126
8428_9,0.13660839
1843_9,0.99253935
1916_1,0.004133968
2657_2,0.0038844768
10504_1,0.00498227
11621_3,0.006003596
10148_1,0.0047552
3339_4,0.01784874
8202_2,0.004609572
7796_1,0.004681822
4625_2,0.007345827
11859_4,0.011331754
8261_1,0.0062899017
4670_3,0.89256257
8412_10,0.9927672
1010_1,0.015424551
436_10,0.992062
9351_7,0.8474635
3767_8,0.9884919
4794_1,0.004198795
8447_10,0.88875884
6182_2,0.007815888
8754_3,0.04813677
2709_3,0.004133968
5882_9,0.9943581
6916_3,0.30991066
11886_1,0.0059110695
123_4,0.98951083
2827_9,0.9868787
11440_8,0.99453074
4100_8,0.98102194
11645_1,0.011777842
7949_10,0.992062
2017_1,0.005554925
3451_7,0.99341017
10986_10,0.9904406
1541_2,0.48389226
12336_7,0.9230392
9787_1,0.004609572
5282_10,0.99444515
9568_4,0.9859364
8222_1,0.0048297215
5415_9,0.9914225
8485_8,0.8624676
6449_1,0.004609572
466_1,0.004331502
11997_1,0.97838473
6144_10,0.99341017
3309_4,0.0045384313
8655_1,0.004264634
10141_1,0.7379143
7469_10,0.9923044
4445_10,0.9890131
6651_7,0.99242276
6711_7,0.09434342
3329_4,0.045692034
8000_10,0.99253935
2279_8,0.9511422
5012_7,0.9923044
2437_3,0.019568678
505_9,0.98677725
9070_10,0.9888419
1234_3,0.005060332
4880_1,0.004905406
3981_4,0.07531231
134_1,0.0043994132
3211_10,0.9933072
2559_10,0.9905874
4512_3,0.0051396107
5957_1,0.005554925
11626_9,0.99371004
915_10,0.9939964
5569_10,0.9916842
12396_9,0.99029154
6494_2,0.0063883206
3262_1,0.0045384313
3916_10,0.98803884
787_1,0.004905406
11092_9,0.9908744
2818_10,0.9923044
5271_2,0.0062899017
4057_7,0.9851576
5042_1,0.008315778
1204_1,0.009559399
3651_2,0.004331502
11763_8,0.9930962
7766_10,0.99242276
3498_1,0.004331502
11578_10,0.99341017
3691_1,0.005220126
11947_10,0.9918121
11475_2,0.0045384313
8568_9,0.9905874
8247_2,0.009268014
9544_7,0.9755769
9753_8,0.37011155
6824_7,0.6281437
2799_1,0.0065897712
10459_1,0.0048297215
1894_10,0.5251253
9726_7,0.9353465
10923_1,0.0047552
7946_3,0.0064882697
7509_10,0.993807
3273_9,0.8688268
2716_3,0.0153063545
4622_1,0.006692851
1204_8,0.9930962
71_4,0.088504665
6508_9,0.9933072
7819_10,0.9927672
695_10,0.96432143
10844_10,0.99351174
2413_1,0.96741027
8768_1,0.0043994132
4536_10,0.99361163
2576_9,0.99155444
4473_2,0.10123348
65_2,0.006692851
6114_2,0.012722708
7458_1,0.004905406
10815_2,0.021615336
8344_1,0.020023443
1975_9,0.9905874
1659_1,0.004905406
11030_10,0.99390244
5405_7,0.97719735
2539_3,0.005554925
6565_8,0.5660185
1826_10,0.9933072
2577_8,0.9896718
6032_7,0.95430803
3146_9,0.994089
798_1,0.00619299
63_10,0.9923044
11819_10,0.99298817
2905_7,0.967163
2716_10,0.9930962
1717_10,0.992062
1036_3,0.010328153
11583_10,0.9943581
962_9,0.9911527
10203_2,0.007815888
12225_1,0.0044683837
10322_9,0.9872773
7601_2,0.011331754
1675_4,0.71442884
8235_3,0.0045384313
680_2,0.00498227
5208_3,0.0062899017
10678_2,0.9736447
6072_10,0.9927672
1216_1,0.005060332
11434_1,0.0044683837
12480_8,0.9918121
8844_10,0.99390244
10506_1,0.0037654138
9766_3,0.9908744
7804_4,0.05184547
44_4,0.004133968
11226_1,0.011869121
11378_2,0.005220126
7805_1,0.0074606435
4692_10,0.97520185
2928_9,0.98646784
8785_10,0.99371004
3083_8,0.987375
626_10,0.99390244
9228_10,0.9871788
66_10,0.9871788
3824_3,0.94165415
7115_8,0.9744348
11893_10,0.9923044
1628_1,0.007937994
2236_4,0.0047552
2032_1,0.0047552
6613_10,0.9885804
1582_8,0.010013569
304_2,0.0039454065
2441_10,0.99351174
12437_1,0.004198795
9822_1,0.0039454065
10481_3,0.034358688
9193_10,0.9877587
3233_9,0.994089
7430_8,0.99298817
10049_1,0.004609572
6384_10,0.993807
3993_9,0.99444515
4545_2,0.00818791
11500_4,0.9923044
12127_10,0.99341017
7277_2,0.007937994
8927_3,0.010328153
5970_9,0.7468782
12115_4,0.9184803
6132_10,0.994089
4178_9,0.99193794
11453_7,0.25128007
6569_9,0.99128854
3924_7,0.54601204
6425_1,0.0039454065
1141_1,0.005060332
3366_2,0.008577485
6700_7,0.98998636
7948_8,0.088504665
2750_8,0.9939964
11326_1,0.008445628
231_8,0.99253935
8941_8,0.9933072
8304_7,0.93045825
12179_2,0.020023443
3808_1,0.0043994132
2710_1,0.005554925
4833_1,0.0054692742
10405_7,0.99101454
449_9,0.9932025
7259_10,0.99128854
8513_10,0.9930962
801_8,0.9916842
11322_8,0.9766692
8417_9,0.99371004
7059_8,0.3361157
681_3,0.004070138
3135_9,0.99253935
7172_3,0.004331502
11061_10,0.99351174
9555_9,0.9851576
1331_1,0.004681822
9155_3,0.004264634
8765_8,0.9898303
4714_8,0.9928786
7593_9,0.99253935
7769_1,0.005060332
5016_8,0.89143354
11917_2,0.004264634
3311_8,0.84594244
6784_4,0.006003596
6685_7,0.94458723
1232_8,0.9905874
765_2,0.009708476
6159_2,0.004609572
12037_3,0.005554925
60_8,0.98951083
6138_10,0.994089
4759_4,0.0047552
631_10,0.99351174
5993_10,0.9933072
2751_10,0.99351174
7234_1,0.009559399
7966_3,0.0045384313
296_4,0.008445628
8252_4,0.009859855
10333_1,0.005060332
5950_10,0.98803884
2735_9,0.99390244
900_1,0.006903838
2350_3,0.2536761
1457_10,0.0094125895
10226_10,0.9916842
9198_7,0.9908744
1072_2,0.007815888
8332_10,0.9904406
6264_8,0.9943581
1092_9,0.99014014
11888_10,0.99128854
11702_8,0.9780517
8704_1,0.006903838
11458_10,0.97997653
8218_9,0.96432143
3739_8,0.9872773
4787_3,0.29685804
12097_10,0.9885804
7894_1,0.006692851
11601_2,0.00498227
4417_1,0.21866938
11108_10,0.99351174
5673_8,0.98934746
481_2,0.004609572
6892_2,0.005060332
5203_1,0.20181322
18_1,0.6315943
5488_8,0.9898303
750_7,0.9851576
1478_4,0.012821214
11340_2,0.0065897712
8735_3,0.018404892
7404_3,0.0094125895
5681_2,0.007345827
5863_10,0.7297124
602_1,0.004070138
9474_7,0.90894175
12075_3,0.012053779
1148_8,0.8692713
2192_4,0.013532149
1394_1,0.004133968
2643_3,0.03308598
8214_7,0.9868787
6728_1,0.0065897712
5397_8,0.9914225
7056_7,0.99014014
2669_3,0.004905406
10713_10,0.99371004
1349_4,0.0043994132
3254_1,0.004133968
9717_10,0.97324073
11358_4,0.0038844768
12262_1,0.0047552
1332_1,0.004331502
6116_2,0.02178117
6324_3,0.0054692742
10808_8,0.967163
11632_4,0.40321434
2881_3,0.0047552
3524_1,0.003538086
10503_8,0.98228765
11525_1,0.0043994132
9973_4,0.005384938
9804_1,0.0045384313
1865_8,0.9588471
8001_9,0.9923044
5776_8,0.06804042
11848_10,0.9933072
4809_3,0.008847355
841_9,0.9923044
227_10,0.99155444
1833_9,0.99444515
9471_10,0.9928786
960_3,0.0076956474
10763_1,0.005060332
1330_1,0.0044683837
326_9,0.9933072
3392_10,0.9914225
5883_2,0.0075772414
12168_1,0.0038244836
7525_10,0.98866826
10578_1,0.0067975316
9173_3,0.0039454065
7214_2,0.00581996
7163_10,0.9911527
5177_8,0.990732
3372_7,0.9884919
6041_8,0.9888419
1590_10,0.99298817
31_10,0.9890131
2533_8,0.9928786
7927_10,0.99341017
5037_2,0.008315778
6046_2,0.008315778
2099_3,0.007232764
133_1,0.068537496
205_2,0.007121429
374_9,0.987375
8944_10,0.98998636
799_4,0.26095408
8832_9,0.99029154
3836_10,0.9939964
2940_1,0.016914913
946_1,0.6999727
9310_1,0.0076956474
5853_8,0.7690802
10852_9,0.9939964
4061_4,0.59625685
10301_10,0.9795114
11104_3,0.0053018946
9339_3,0.16885696
537_10,0.99361163
8661_7,0.9309621
9381_4,0.017712297
12473_3,0.0064882697
5140_8,0.98707944
4624_4,0.004905406
9156_3,0.014392335
5980_2,0.0047552
5920_7,0.9932025
4013_1,0.0094125895
11879_2,0.005384938
1317_10,0.99341017
4647_10,0.98840266
2550_1,0.004681822
641_8,0.6650572
10069_10,0.992062
12215_10,0.7392342
6293_10,0.99361163
1416_7,0.14463145
8561_9,0.9875683
1981_10,0.97462875
1667_2,0.011331754
9680_1,0.004133968
888_1,0.0039454065
2202_4,0.0053018946
8835_2,0.004331502
9340_3,0.99193794
8742_10,0.98159516
1892_2,0.005641909
11940_10,0.990732
5976_2,0.0051396107
5430_8,0.9876639
9125_9,0.9656413
5217_8,0.9923044
5257_10,0.9890131
5487_8,0.5801142
10815_8,0.99128854
12438_1,0.0062899017
11433_3,0.008061991
11570_1,0.18742996
11880_10,0.9916842
1983_3,0.105210535
2916_1,0.0037654138
8119_10,0.9933072
10960_2,0.004905406
2798_2,0.004905406
2797_1,0.03904829
9931_4,0.009708476
6244_10,0.98998636
8361_2,0.0048297215
7098_10,0.9916842
9107_10,0.9930962
9860_10,0.9761292
10252_1,0.0054692742
12015_8,0.92359227
2696_4,0.75635755
9301_8,0.9930962
799_7,0.97423947
9411_7,0.99155444
4172_1,0.0054692742
8008_10,0.993807
11436_1,0.004198795
3464_10,0.99390244
5826_3,0.00581996
5460_4,0.0047552
8920_3,0.7525585
1465_3,0.22644134
7571_1,0.0045384313
3416_10,0.9932025
11088_7,0.9879462
7007_10,0.9933072
11317_7,0.98657167
11639_7,0.9840936
1871_10,0.99351174
1551_7,0.98102194
4089_4,0.0047552
8145_9,0.9933072
1243_7,0.99014014
9082_8,0.9908744
11807_8,0.99193794
6154_10,0.99298817
2082_8,0.9939964
9142_4,0.051082738
6126_8,0.98469365
9774_1,0.010328153
5137_10,0.98549646
11085_1,0.0043994132
4541_1,0.0043994132
10478_10,0.9942697
8479_3,0.004264634
11220_1,0.004905406
0_10,0.9916842
5235_8,0.99155444
457_2,0.004198795
6784_7,0.994089
11527_10,0.9927672
5935_7,0.992062
3697_10,0.9918121
8318_10,0.9927672
6770_8,0.98469365
11760_7,0.9884919
10344_9,0.99361163
12363_4,0.72894126
2233_2,0.005384938
12184_10,0.9914225
4668_8,0.9600627
2293_4,0.0063883206
5886_8,0.9923044
8403_4,0.5222022
2493_3,0.006097562
7224_2,0.009559399
7753_10,0.9928786
476_9,0.983343
3760_7,0.96124375
8371_1,0.00619299
2541_10,0.9869795
12052_2,0.0074606435
2320_1,0.007011795
5598_8,0.98445636
12342_1,0.0044683837
7391_9,0.9869795
2615_1,0.004905406
11251_4,0.016029146
9946_2,0.005554925
10571_10,0.9928786
3984_1,0.004198795
4633_10,0.99390244
548_10,0.99390244
1732_1,0.004905406
3559_7,0.98998636
10212_7,0.93991333
8950_7,0.9923044
8157_10,0.9926542
5986_9,0.9939964
10263_7,0.60754675
2168_10,0.9904406
4424_4,0.047425874
6944_10,0.297572
11467_7,0.9927672
3630_8,0.9879462
2405_1,0.0040072887
7517_1,0.005554925
8116_10,0.9832145
5368_4,0.057918087
2045_1,0.0054692742
11303_8,0.9932025
11077_2,0.02517884
6314_10,0.9939964
12137_4,0.005220126
12180_1,0.004070138
6403_10,0.9861514
2019_1,0.004070138
7921_7,0.9883128
3977_10,0.9845754
11277_9,0.9881309
8398_1,0.0043994132
1429_3,0.0053018946
9628_4,0.007345827
2472_3,0.05379964
5811_4,0.005220126
11663_3,0.0044683837
3153_1,0.006692851
11881_2,0.004198795
767_7,0.82782817
12243_10,0.993807
10969_8,0.98866826
8689_10,0.93721074
1854_10,0.99351174
12392_4,0.005220126
6627_2,0.003707253
6819_10,0.993807
1587_9,0.9390248
6999_10,0.987375
9128_1,0.22988081
7141_1,0.012624948
4485_8,0.99253935
7368_7,0.97966766
7698_4,0.90829307
8376_3,0.023153413
1862_1,0.004905406
11217_9,0.9926542
5179_4,0.85776806
6524_3,0.007937994
11877_10,0.99242276
6055_10,0.993807
9372_1,0.004133968
8029_1,0.004331502
9546_10,0.9532751
5514_10,0.99253935
8869_8,0.9882222
8290_10,0.99361163
11619_9,0.9851576
5949_4,0.32477057
10146_1,0.98892784
11776_10,0.98102194
2146_9,0.9874721
6461_10,0.99371004
10480_4,0.72095805
9021_10,0.46101677
11802_10,0.9927672
9139_2,0.008847355
5590_4,0.019124037
5631_9,0.9904406
6333_3,0.02178117
10455_1,0.004331502
10394_1,0.0047552
8814_8,0.9927672
11264_3,0.013636835
2255_9,0.9926542
3915_8,0.31520876
3386_10,0.9942697
5531_2,0.005554925
1676_4,0.008315778
7711_8,0.99298817
7871_9,0.990732
11101_8,0.99155444
11562_1,0.0038244836
11609_10,0.9916842
9556_1,0.00581996
7149_3,0.9730365
11807_3,0.008061991
12106_10,0.993807
4763_1,0.14903529
2007_3,0.011331754
8454_8,0.9921841
4656_10,0.98657167
717_8,0.99128854
3501_4,0.02576056
6562_4,0.01798621
3926_1,0.007121429
7497_1,0.0047552
4257_9,0.9928786
4111_1,0.004070138
9865_10,0.9888419
8323_4,0.0057302467
2228_4,0.017176708
1180_7,0.9868787
6315_8,0.99351174
12271_10,0.98866826
4567_2,0.032100707
8745_8,0.9798227
4994_1,0.004198795
2842_4,0.009125638
674_9,0.9908744
4431_3,0.013742321
2534_4,0.4508429
378_9,0.9921841
6039_9,0.97344345
9551_7,0.9916842
1273_7,0.018404892
4222_4,0.004905406
7469_1,0.004609572
8733_3,0.799129
9324_4,0.0062899017
8888_4,0.01784874
2872_9,0.9868787
2123_8,0.9898303
4982_7,0.96210754
10668_1,0.0065897712
2014_7,0.97821885
4211_3,0.00581996
1202_9,0.9911527
5450_4,0.0045384313
2484_1,0.24707796
2427_8,0.9927672
405_3,0.004681822
1_10,0.99341017
4498_4,0.9615338
50_3,0.0059110695
10113_9,0.9941801
8919_3,0.10123348
1338_7,0.8740772
9817_8,0.9941801
10824_7,0.48486796
12165_8,0.7126323
11975_8,0.5053709
8537_1,0.277473
4443_9,0.9921841
207_3,0.0051396107
4247_8,0.86476797
11333_9,0.9939964
6357_2,0.0065897712
4477_1,0.004264634
8774_1,0.0064882697
10049_8,0.992062
9621_2,0.005554925
5428_10,0.994615
11693_3,0.01461567
8731_4,0.015906392
11209_1,0.031618766
10581_10,0.007011795
4289_10,0.9890131
511_7,0.98582757
7832_8,0.7905303
2567_9,0.99014014
4931_1,0.0065897712
8770_2,0.004331502
8999_9,0.9916842
9918_1,0.0043994132
2254_7,0.97997653
4095_1,0.19345194
8601_2,0.006097562
10347_10,0.9933072
2911_4,0.010328153
12157_7,0.99253935
5154_10,0.9928786
27_9,0.993807
2586_9,0.9905874
6344_9,0.99298817
1888_4,0.0051396107
6630_1,0.0048297215
3202_10,0.9877587
1517_9,0.99371004
584_10,0.9916842
2683_4,0.15405756
1721_1,0.0039454065
4371_7,0.93195957
4697_3,0.4765797
2977_10,0.94776917
1835_3,0.023153413
9872_1,0.007232764
4794_9,0.64690644
5345_10,0.98549646
1230_10,0.99351174
2438_2,0.0040072887
5709_9,0.99371004
8007_1,0.004609572
7236_10,0.9863631
7978_10,0.98187524
10608_1,0.00581996
10968_1,0.004070138
3650_1,0.0051396107
7966_8,0.99101454
8435_9,0.99341017
6095_3,0.009268014
12457_8,0.99128854
611_10,0.9928786
7589_7,0.97423947
4378_4,0.16079244
9019_3,0.008061991
794_1,0.0053018946
5112_4,0.008577485
8698_7,0.96095175
2729_1,0.004133968
9090_1,0.004264634
9641_8,0.9930962
5065_7,0.95695716
3147_10,0.9918121
3971_4,0.06325053
7000_8,0.99253935
6716_1,0.0051396107
11482_7,0.12852514
9263_4,0.08449275
7901_1,0.0067975316
8213_2,0.0044683837
1113_8,0.99371004
1013_7,0.99155444
2195_9,0.99361163
1371_8,0.9736447
7239_7,0.9868787
11376_1,0.0044683837
3506_9,0.9911527
3413_2,0.004331502
8641_1,0.0037654138
11587_2,0.006097562
7639_7,0.9890131
8100_8,0.9923044
8151_2,0.004681822
10464_2,0.0047552
2043_3,0.016029146
4454_8,0.9905874
6562_8,0.99351174
8549_8,0.7666432
1209_3,0.0067975316
2566_4,0.011869121
5871_10,0.9932025
6459_7,0.99298817
11006_8,0.96295285
3313_8,0.99029154
5290_2,0.0057302467
9687_1,0.007011795
4165_10,0.99128854
11120_4,0.047074176
3379_2,0.0065897712
5814_1,0.6561489
3414_7,0.99341017
7750_7,0.97788346
9727_7,0.98625773
3850_9,0.993807
5954_2,0.7010995
9685_1,0.0044683837
9307_3,0.01812472
8727_9,0.98242307
9746_1,0.004609572
9365_8,0.994089
3361_10,0.9932025
4554_3,0.004133968
8952_9,0.9933072
4301_1,0.0038844768
10764_4,0.9869795
2738_10,0.86339164
3554_1,0.0037654138
5724_8,0.98646784
8804_4,0.039342504
468_8,0.99361163
10527_10,0.993807
5117_7,0.9926542
3390_4,0.24999616
5875_3,0.009859855
10380_7,0.9933072
887_2,0.98866826
2707_8,0.58367807
11371_3,0.25645936
535_4,0.006097562
10700_10,0.9353465
3047_10,0.9869795
5930_3,0.007121429
6044_10,0.9881309
8679_4,0.9898303
2261_10,0.9927672
9577_10,0.994089
1999_7,0.9890131
6010_3,0.5867596
861_4,0.007121429
4360_2,0.005384938
5373_7,0.60871035
10760_8,0.9884919
12436_10,0.9921841
5149_3,0.0057302467
7091_4,0.010169657
5135_9,0.98667485
5552_8,0.91212356
1713_9,0.9941801
11445_4,0.05184547
11146_7,0.99351174
5286_9,0.99371004
10518_1,0.004070138
1122_8,0.9697854
7680_1,0.017309094
11042_8,0.9738444
6336_1,0.0054692742
11784_10,0.99155444
8759_10,0.9942697
4362_10,0.99253935
4483_2,0.005554925
7501_8,0.9939964
3516_2,0.0045384313
3965_10,0.9875683
4066_8,0.9433476
7802_2,0.051462766
1074_7,0.9923044
4555_3,0.0054692742
11477_1,0.0043994132
5712_10,0.9928786
1175_8,0.99298817
6283_4,0.006003596
11717_1,0.004133968
8029_8,0.99193794
5794_8,0.9926542
8717_2,0.0048297215
10682_10,0.98646784
4610_1,0.008985428
4908_9,0.9856076
8325_2,0.006003596
11330_4,0.007232764
5717_10,0.30131063
11421_3,0.02576056
4725_2,0.005060332
2284_9,0.9928786
12433_1,0.0059110695
10799_10,0.9759464
3213_10,0.9843364
10997_10,0.994089
3482_9,0.9933072
430_4,0.0048297215
6524_9,0.9890976
2270_1,0.0140636265
6410_4,0.04401865
224_10,0.97046465
10915_8,0.9926542
8882_3,0.010818449
3578_3,0.004681822
7696_1,0.60533255
7307_1,0.0067975316
10043_1,0.0153063545
6380_4,0.47511822
3109_2,0.004905406
398_4,0.06052939
10498_1,0.004681822
3565_8,0.9930962
7844_9,0.99361163
5879_3,0.25330648
5004_1,0.004905406
9347_2,0.0053018946
2213_8,0.9930962
3654_8,0.990732
642_2,0.004331502
9412_8,0.99361163
7418_10,0.9930962
2012_1,0.0054692742
308_9,0.993807
11695_8,0.9829547
7369_10,0.99014014
7363_3,0.4462534
7834_3,0.005060332
7705_10,0.99128854
4554_8,0.99371004
4773_7,0.99298817
11944_2,0.96691406
12303_10,0.7541916
272_10,0.96765566
11678_10,0.9918121
8157_1,0.31784958
1360_7,0.98201376
1702_7,0.98187524
7409_8,0.9941801
3865_8,0.9891816
8266_10,0.99242276
3543_3,0.04885778
8542_4,0.0040072887
2188_4,0.0053018946
7928_10,0.59995395
8271_1,0.005220126
2667_3,0.007121429
136_9,0.9930962
2365_8,0.98187524
9516_1,0.0048297215
6205_9,0.99351174
12411_1,0.0057302467
10549_2,0.3051794
2114_10,0.99155444
8379_3,0.0063883206
1555_2,0.0045384313
7010_4,0.7013041
10425_1,0.004681822
2970_10,0.9927672
1976_8,0.992062
4894_8,0.97887486
995_1,0.010328153
12087_10,0.99242276
5002_1,0.004198795
10204_2,0.0044683837
7689_2,0.004133968
8685_4,0.6048658
4183_1,0.0059110695
7719_7,0.9904406
6350_8,0.9942697
6163_8,0.98803884
11247_4,0.009859855
8962_8,0.99101454
7849_9,0.99371004
4177_9,0.99242276
4680_1,0.7648916
10965_8,0.99155444
3534_10,0.9927672
9782_4,0.010986943
9525_9,0.99361163
3743_10,0.9693242
1688_10,0.9930962
4400_4,0.03904829
1660_8,0.79787195
8241_9,0.9939964
1238_8,0.9890131
1081_3,0.0048297215
6151_2,0.0039454065
6025_8,0.007121429
661_9,0.9850429
5670_8,0.994089
6122_1,0.03963884
1767_10,0.99390244
5629_10,0.9932025
8256_10,0.9875683
8572_4,0.0063883206
11580_7,0.9181873
525_3,0.006903838
2128_3,0.6178585
10254_8,0.99101454
3082_2,0.004905406
7127_1,0.0043994132
9927_7,0.010013569
5694_9,0.99128854
8063_10,0.94699025
10768_1,0.009708476
7375_1,0.009268014
6220_10,0.9941801
4477_10,0.9932025
1350_8,0.9916842
9354_4,0.983343
9015_2,0.97821885
719_1,0.0062899017
10544_3,0.0054692742
4496_10,0.98707944
3912_1,0.005641909
10120_10,0.9834705
6958_2,0.0038244836
10964_7,0.9603612
4974_1,0.00818791
5591_9,0.99193794
2295_3,0.015784562
17_8,0.99371004
10442_2,0.04672496
3043_10,0.98998636
5243_1,0.0053018946
5145_8,0.9888419
5727_7,0.9572778
3406_10,0.9879462
3552_7,0.95150405
1512_1,0.0054692742
9214_9,0.99390244
3060_3,0.15507847
9086_3,0.8509647
10428_1,0.005384938
11198_10,0.98998636
1743_4,0.0059110695
7795_10,0.9891816
9863_10,0.9811669
182_3,0.28081354
9644_4,0.4770669
10744_2,0.0047552
3393_10,0.98707944
3657_8,0.9932025
10435_1,0.004609572
9206_10,0.9930962
4005_10,0.9869795
5901_3,0.02350945
498_10,0.99155444
9583_2,0.0062899017
2336_10,0.99298817
6107_1,0.02211659
7079_7,0.9911527
2769_4,0.09534946
4787_8,0.9926542
11123_1,0.0038844768
6466_10,0.994615
6311_9,0.990732
1236_7,0.9890131
3635_9,0.99444515
1230_2,0.005554925
8721_7,0.99155444
7878_3,0.0094125895
11731_7,0.96295285
8732_8,0.99298817
8083_8,0.53752697
3146_1,0.005220126
11395_10,0.9879462
2998_2,0.0036499873
3766_4,0.28417853
353_3,0.00619299
8688_7,0.80286485
6137_10,0.990732
11950_3,0.05223086
5663_1,0.006903838
1108_3,0.0040072887
10425_10,0.9923044
913_10,0.9926542
7852_8,0.9891816
14_1,0.013636835
12062_1,0.004198795
1162_1,0.005060332
8648_10,0.9881309
10605_10,0.9933072
1091_1,0.028870907
7723_8,0.9425068
5474_8,0.9905874
8308_1,0.0059110695
9586_8,0.9184803
5317_4,0.004681822
11283_8,0.016529558
9575_3,0.004331502
8846_9,0.70598775
8756_1,0.0067975316
7973_4,0.0065897712
9845_3,0.0034834242
11335_9,0.99253935
456_8,0.9918121
378_1,0.0045384313
9176_1,0.00498227
6371_10,0.9875683
3152_10,0.99298817
7441_4,0.00498227
10123_4,0.009268014
6777_1,0.9539661
7479_1,0.009268014
5563_1,0.004331502
9076_7,0.99101454
11744_1,0.012821214
1040_4,0.0048297215
920_1,0.004133968
3599_4,0.0043994132
9629_3,0.639145
12346_1,0.028007522
4237_8,0.65168744
6596_10,0.88483775
11576_1,0.005060332
1140_1,0.0047552
2945_8,0.9600627
7518_9,0.9566342
3435_1,0.0057302467
8219_3,0.0067975316
6758_10,0.99390244
484_8,0.9932025
10012_1,0.0038244836
718_10,0.9927672
12293_7,0.98934746
6241_3,0.00498227
10635_10,0.99014014
2563_1,0.0075772414
7682_10,0.9885804
4993_7,0.99242276
12153_4,0.01065251
8559_7,0.013532149
9700_4,0.9757624
660_2,0.0038844768
11457_4,0.007815888
7146_1,0.014172365
3771_2,0.008711384
8333_3,0.03567855
11740_7,0.990732
7035_2,0.015784562
7054_1,0.0054692742
12292_4,0.0054692742
8881_4,0.26020145
7264_8,0.9941801
11168_1,0.008847355
1145_9,0.9941801
781_9,0.99298817
5694_4,0.004609572
2637_10,0.9923044
5812_8,0.8872046
6335_10,0.9911527
10491_3,0.012053779
4684_2,0.0047552
3810_2,0.006003596
12264_3,0.007121429
8018_10,0.9911527
12185_10,0.9853843
3959_3,0.03594832
9829_7,0.99371004
4694_4,0.013222822
3884_1,0.0076956474
8027_10,0.9930962
743_2,0.004198795
7036_1,0.0065897712
3081_1,0.00498227
4606_10,0.99128854
503_2,0.011508149
6989_10,0.9923044
10059_1,0.007345827
1380_9,0.94815457
3247_1,0.007011795
6308_8,0.9939964
1592_2,0.0053018946
3167_1,0.0051396107
6357_10,0.9921841
7107_7,0.97023994
5335_8,0.9918121
11948_2,0.005060332
10805_4,0.5503657
638_7,0.98481095
4311_2,0.00581996
11795_8,0.99193794
8031_9,0.98481095
11930_2,0.98625773
7886_3,0.8539127
7253_10,0.993807
10955_3,0.65417707
10680_2,0.0054692742
8754_10,0.9804314
9556_8,0.99193794
3076_10,0.9688562
1544_3,0.005641909
2726_3,0.34125313
8545_3,0.0048297215
3175_3,0.0062899017
2864_9,0.16858302
547_4,0.008711384
2831_9,0.9755769
5321_4,0.024987794
4675_8,0.98998636
11787_4,0.00818791
2837_10,0.9926542
7730_8,0.99298817
2309_10,0.9926542
9078_7,0.9918121
8160_10,0.9926542
7824_1,0.0037654138
9926_8,0.18952107
3507_1,0.07558479
5878_3,0.9205043
6708_4,0.013121271
1096_3,0.00581996
4556_8,0.98934746
3667_10,0.9216402
9565_3,0.0048297215
4737_9,0.9905874
12134_1,0.008985428
9413_7,0.99101454
1002_9,0.9830851
4889_4,0.9825575
3453_1,0.25590113
2763_2,0.006692851
8248_8,0.9563089
1881_1,0.2594502
3528_10,0.98102194
3630_1,0.23545979
11390_10,0.9930962
3991_8,0.93991333
7650_8,0.5092763
4527_8,0.9868787
10307_2,0.96538115
8872_4,0.005384938
1741_10,0.9890131
12170_9,0.96641046
11196_4,0.006003596
5524_10,0.96909106
1926_3,0.21272226
1279_8,0.6353568
1444_8,0.97719735
8975_8,0.98866826
7157_10,0.99298817
11973_2,0.0039454065
7022_1,0.9730365
6939_10,0.891055
6732_9,0.040237945
3689_1,0.0040072887
10228_1,0.0067975316
6314_3,0.020804489
4285_8,0.9175984
10086_10,0.9825575
9899_1,0.0044683837
7556_10,0.9918121
12299_3,0.141756
11872_3,0.42751622
4257_1,0.013428254
3028_7,0.023153413
2545_10,0.99469805
8036_4,0.012920473
5948_2,0.015543648
12113_1,0.0074606435
1738_4,0.007121429
9808_10,0.7061904
2629_4,0.047074176
12003_9,0.4411914
6725_8,0.07504072
5383_8,0.9761292
12097_1,0.0044683837
11402_9,0.9923044
3877_3,0.007815888
3765_4,0.971564
11431_7,0.9939964
7419_3,0.011687259
9844_8,0.929951
9753_1,0.0045384313
12377_1,0.9905874
2775_10,0.66004914
11106_1,0.007011795
10015_8,0.9881309
9473_9,0.99242276
3633_9,0.99298817
9022_8,0.9923044
608_1,0.0059110695
10724_1,0.0038244836
1059_10,0.99351174
8413_3,0.007232764
2013_1,0.004681822
2814_10,0.9918121
9166_4,0.2907794
6566_7,0.96485513
9352_10,0.9916842
8123_1,0.008315778
10825_3,0.0036499873
3735_8,0.99253935
7595_2,0.004264634
4946_1,0.98998636
8327_9,0.9921841
5140_2,0.00581996
10986_1,0.004133968
7385_8,0.06325053
3722_1,0.0047552
9799_2,0.10302443
1288_8,0.990732
8089_1,0.29675615
11279_4,0.8092759
4845_10,0.99361163
8354_8,0.9926542
1373_10,0.20275871
5431_7,0.936285
1245_2,0.00498227
11429_7,0.9932025
11606_4,0.012920473
4192_10,0.023330767
3443_1,0.008847355
4957_2,0.080936715
4971_8,0.9926542
913_1,0.0433658
10311_10,0.99298817
10558_9,0.993807
304_10,0.9932025
7499_9,0.99361163
6529_10,0.9933072
2069_10,0.9905874
1366_10,0.9923044
10303_3,0.0053018946
4476_8,0.99014014
8032_10,0.9932025
8392_8,0.8692713
10158_9,0.98951083
10886_7,0.98657167
1789_2,0.009268014
3113_1,0.005060332
7713_1,0.004331502
2685_10,0.99361163
9760_10,0.993807
12401_10,0.9932025
2489_10,0.9904406
6382_1,0.005060332
2352_2,0.005220126
9440_1,0.004070138
10695_10,0.9879462
7297_8,0.37199178
11703_4,0.8601343
4733_1,0.010328153
1769_4,0.008061991
12219_7,0.9923044
1725_1,0.008985428
1711_8,0.0335895
7466_8,0.9850429
6987_10,0.9927672
12351_1,0.004264634
4929_10,0.99341017
10281_4,0.0038244836
11555_7,0.9856076
2075_9,0.9874721
755_10,0.93991333
11705_8,0.9911527
1434_10,0.99361163
6189_7,0.64074826
3645_7,0.68700033
2963_9,0.99253935
3487_9,0.9926542
6368_7,0.9142907
2240_1,0.005641909
10126_9,0.99253935
5366_1,0.006692851
8058_10,0.99193794
10746_8,0.9896718
4852_3,0.0036499873
5371_7,0.9881309
303_2,0.13986564
7169_4,0.030444348
4284_3,0.01566365
7539_2,0.004609572
11410_1,0.13660839
4710_2,0.010818449
7660_1,0.08570928
10378_8,0.9615338
10580_10,0.99101454
4295_1,0.0043994132
4433_1,0.013020489
6959_9,0.9939964
6769_4,0.01798621
11996_1,0.004609572
10341_7,0.45980376
2337_1,0.004070138
11119_8,0.9918121
4228_2,0.00581996
3680_1,0.0047552
11256_1,0.0037654138
1884_7,0.99253935
4750_8,0.99029154
4890_3,0.9829547
7159_10,0.9926542
10622_1,0.00498227
11753_1,0.107437484
8352_10,0.9926542
2188_9,0.993807
6913_9,0.9898303
9193_1,0.004133968
9572_4,0.00818791
5136_2,0.004609572
4799_2,0.0044683837
5045_8,0.9904406
9538_1,0.00498227
1565_4,0.008847355
12134_7,0.9869795
1437_8,0.98469365
5319_9,0.99298817
3709_10,0.9928786
2642_8,0.9932025
11143_9,0.99361163
864_10,0.98934746
9283_3,0.0062899017
5089_9,0.9908744
9917_10,0.99029154
3800_7,0.3368762
6074_7,0.994089
6433_7,0.9943581
6715_1,0.005554925
594_1,0.004070138
2469_1,0.0094125895
3155_1,0.58367807
7458_10,0.04208773
2020_1,0.004198795
6921_8,0.99101454
9662_7,0.99351174
9567_7,0.97838473
5187_1,0.0039454065
6831_4,0.0045384313
7829_4,0.099120855
3868_3,0.6959583
2224_10,0.9921841
12015_1,0.0044683837
841_1,0.0075772414
224_3,0.0059110695
4805_9,0.9941801
7513_2,0.4000753
7065_3,0.0038844768
6192_3,0.40709767
6075_10,0.99390244
10611_7,0.99253935
10471_10,0.99298817
4198_10,0.025371313
10756_7,0.8987666
11960_1,0.01678549
2885_9,0.9941801
6837_3,0.005060332
1917_2,0.0335895
7143_3,0.0047552
1762_10,0.9914225
12066_10,0.9928786
8410_7,0.2104416
10729_4,0.011597362
6967_3,0.02145073
734_7,0.9724148
1524_10,0.9927672
2479_9,0.52390754
130_4,0.004198795
201_9,0.993807
6157_9,0.9930962
9362_2,0.007345827
3858_10,0.98866826
9895_10,0.9932025
9953_3,0.004264634
4667_7,0.98201376
1951_1,0.0043994132
8724_8,0.99390244
2886_7,0.98445636
7491_10,0.99341017
10403_4,0.8710367
7362_10,0.74890363
9466_9,0.99128854
9079_7,0.9916842
10171_1,0.07892589
9511_9,0.9798227
8775_1,0.005641909
6462_2,0.008061991
3129_2,0.0043994132
12461_1,0.004198795
8541_10,0.78431904
4241_7,0.9688562
6533_10,0.038178276
12131_2,0.7577944
11577_4,0.007345827
6063_3,0.0043994132
1760_9,0.96295285
3396_1,0.0067975316
5385_8,0.98840266
7212_2,0.004681822
3522_8,0.9856076
1397_10,0.107812636
387_8,0.9928786
4143_9,0.99155444
9483_2,0.0112445615
3250_10,0.99253935
8758_4,0.04672496
7551_10,0.99361163
2068_1,0.007815888
9534_9,0.99253935
11561_8,0.9787127
3083_2,0.004331502
2973_1,0.12984344
6574_10,0.993807
5442_2,0.0057302467
6343_3,0.023870835
6723_1,0.006097562
6252_8,0.9891816
8465_1,0.0038844768
1906_7,0.32193947
7492_7,0.9914225
5508_7,0.8489722
5936_8,0.6163587
5086_8,0.95759624
2134_7,0.9878528
8301_4,0.9700135
8423_2,0.00619299
6241_10,0.99351174
8550_4,0.018264279
3330_10,0.98998636
8825_8,0.99298817
8030_1,0.0054692742
4884_4,0.07369626
8391_9,0.9908744
9776_1,0.018546565
1389_7,0.97134733
12224_4,0.012624948
2162_7,0.9933072
8490_10,0.9932025
12003_4,0.0062899017
11043_3,0.9787127
7266_2,0.0039454065
4480_10,0.9216402
11954_9,0.9881309
3280_2,0.0051396107
8084_2,0.0038244836
3913_4,0.012527932
7353_10,0.99193794
3161_10,0.9879462
3941_1,0.00498227
7992_9,0.9834705
10742_10,0.99361163
69_10,0.9905874
10415_3,0.008577485
4818_10,0.9927672
5563_10,0.9856076
7018_10,0.9914225
8873_4,0.00498227
10593_3,0.010013569
12251_3,0.0059110695
731_4,0.0043994132
1195_10,0.9926542
7337_1,0.0047552
2448_7,0.99242276
4444_2,0.005060332
9223_2,0.010169657
463_8,0.99101454
4335_4,0.005060332
9635_8,0.92944044
8738_4,0.7776378
6724_1,0.004331502
5504_1,0.0038844768
10185_1,0.007345827
901_9,0.993807
10452_8,0.993807
8289_10,0.9916842
10112_1,0.004331502
9950_8,0.9896718
8644_4,0.1187934
11534_7,0.9891816
5708_4,0.012241275
6781_1,0.004905406
3582_10,0.99351174
4591_7,0.97737074
3327_1,0.06656919
9536_9,0.99351174
3047_2,0.17384852
2830_9,0.9939964
4300_1,0.01461567
4160_4,0.026155619
11783_10,0.98866826
6029_9,0.98951083
6907_2,0.01384861
691_2,0.0054692742
585_1,0.9314625
11182_3,0.52147114
10433_2,0.0036499873
11201_2,0.9309621
588_7,0.990732
2522_10,0.9908744
7002_2,0.0057302467
2059_10,0.99351174
4925_10,0.9222025
7791_9,0.99193794
6392_10,0.9918121
3305_7,0.99341017
11951_10,0.9728308
12167_1,0.003707253
5814_10,0.99242276
2590_10,0.9890131
10571_3,0.36977014
5452_4,0.0054692742
6480_10,0.990732
11050_8,0.99253935
11523_3,0.0140636265
6556_8,0.9933072
597_9,0.99242276
4049_3,0.0065897712
6652_8,0.9932025
5591_4,0.078078166
12295_1,0.0044683837
11478_10,0.9927672
6436_1,0.0067975316
2487_2,0.005220126
7520_7,0.9928786
5203_9,0.9930962
6162_10,0.99371004
3840_4,0.048496004
7471_10,0.99371004
5021_1,0.0045384313
5593_10,0.9801293
7489_10,0.99253935
1208_10,0.9837225
11983_10,0.9918121
23_4,0.011687259
3622_7,0.95257413
7821_1,0.00498227
9726_3,0.026355354
2890_10,0.9942697
11695_4,0.6797104
3751_10,0.9927672
5136_8,0.9927672
8730_7,0.99341017
4341_7,0.40922078
9148_3,0.0044683837
6385_3,0.006097562
8560_8,0.13939638
766_2,0.014957086
8847_10,0.9908744
7455_1,0.0036499873
3187_8,0.7613611
9683_1,0.004264634
7744_10,0.9908744
11136_10,0.9921841
214_1,0.00498227
2105_9,0.9932025
1265_10,0.9181873
9122_2,0.9348725
9296_10,0.9845754
8107_2,0.0075772414
8134_2,0.0053018946
3788_10,0.9939964
2429_10,0.99014014
8567_1,0.004905406
7400_10,0.7659437
1789_7,0.90087914
11098_2,0.00581996
918_10,0.9224824
3389_10,0.94776917
3754_1,0.032344334
8807_9,0.96210754
7900_9,0.994089
6541_1,0.009859855
981_1,0.004681822
2142_9,0.9908744
1639_1,0.0045384313
4162_1,0.0038844768
2476_10,0.9882222
9941_4,0.06804042
4020_3,0.00581996
6823_4,0.00818791
6236_2,0.0059110695
7793_4,0.008061991
7431_9,0.99253935
6864_7,0.75346667
184_9,0.9830851
735_7,0.9871788
1673_8,0.9918121
6209_1,0.004070138
4167_10,0.9921841
7854_1,0.0076956474
6281_7,0.9932025
3045_1,0.00498227
598_9,0.9908744
5411_10,0.993807
3781_4,0.01461567
10627_2,0.004681822
11283_2,0.57630354
4594_8,0.97719735
12424_7,0.8940517
6705_8,0.98951083
5274_8,0.036220055
2107_7,0.97324073
10685_7,0.006692851
1992_10,0.98549646
6711_1,0.005220126
1899_10,0.98840266
6307_9,0.99453074
5702_10,0.98998636
6865_7,0.9921841
5047_10,0.99298817
2762_8,0.9801293
2830_4,0.007121429
9305_7,0.99101454
4358_1,0.0064882697
7558_10,0.9942697
8607_10,0.9908744
4599_9,0.9839708
5267_4,0.013222822
5667_10,0.99351174
10108_8,0.9942697
8432_3,0.004609572
845_2,0.005641909
552_2,0.01798621
169_7,0.990732
12311_1,0.005060332
5884_3,0.0570714
2938_4,0.9695556
11378_7,0.86385167
7337_10,0.9928786
4378_7,0.9896718
4660_10,0.9927672
2461_4,0.01678549
7011_10,0.9932025
9907_2,0.0045384313
6134_2,0.00581996
1548_1,0.021615336
157_3,0.015189049
2189_2,0.004331502
9021_3,0.38029853
7699_1,0.0043994132
9298_1,0.0035936027
539_3,0.008577485
10243_2,0.004070138
8659_9,0.98646784
10748_8,0.9879462
6757_4,0.004331502
7196_8,0.992062
2579_9,0.99101454
5896_10,0.9927672
2308_9,0.9918121
12318_1,0.009125638
12244_4,0.6817268
10131_7,0.3357863
3608_4,0.9105454
10891_10,0.99361163
10517_10,0.9930962
2180_8,0.9890131
2498_7,0.9911527
3382_1,0.0044683837
12196_4,0.0064882697
7079_3,0.015424551
562_8,0.047074176
984_3,0.023153413
7756_10,0.99242276
11553_1,0.0040072887
1880_4,0.071073666
9842_7,0.29787827
795_3,0.0076956474
11707_10,0.97482115
8457_9,0.98998636
2483_4,0.0054692742
4903_3,0.95362175
12223_2,0.0043994132
8418_2,0.0036499873
6194_10,0.99390244
3214_10,0.99361163
12208_3,0.0075772414
7001_10,0.9916842
8533_8,0.9785493
8236_4,0.0064882697
2867_1,0.0037654138
7876_9,0.9875683
9640_8,0.9926542
11866_3,0.0048297215
4262_4,0.009708476
5711_4,0.9522199
214_9,0.9856076
9641_4,0.032836955
9086_9,0.99253935
12088_2,0.004905406
76_8,0.9926542
1537_10,0.98998636
10510_2,0.0043994132
778_1,0.0047552
458_9,0.992062
12472_1,0.0053018946
7914_1,0.89552265
8595_10,0.99444515
7741_4,0.005554925
9056_4,0.004070138
538_4,0.0064882697
12049_4,0.26759952
9613_8,0.993807
7051_4,0.124213
2549_7,0.9891816
12139_3,0.008445628
4006_7,0.30455852
11662_10,0.9882222
497_2,0.0048297215
5556_2,0.0054692742
8287_10,0.99361163
4712_9,0.99128854
8237_1,0.004133968
4466_9,0.9891816
4141_1,0.0112445615
3303_10,0.9891816
5384_2,0.006097562
8494_1,0.006097562
5127_2,0.13986564
6961_9,0.98998636
10856_1,0.00619299
9421_7,0.992062
3776_10,0.99298817
5958_1,0.0059110695
6227_8,0.9837225
10991_1,0.0111580305
7996_10,0.9928786
12372_9,0.9849274
1460_2,0.006903838
10183_1,0.0037654138
2829_4,0.0053018946
9797_4,0.0054692742
2988_3,0.0043994132
3974_3,0.010013569
11419_4,0.004070138
11472_7,0.592195
8489_7,0.9845754
11938_4,0.0075772414
1057_8,0.99014014
7213_1,0.0044683837
2615_10,0.8987666
3101_1,0.0051396107
7553_1,0.07696084
10258_1,0.004070138
8551_10,0.9914225
11233_4,0.004198795
2996_4,0.049958523
8670_3,0.840259
10586_9,0.9883128
501_10,0.99341017
11398_9,0.9933072
9223_8,0.9927672
5432_9,0.5961981
7517_10,0.99193794
11616_7,0.99101454
5055_2,0.004905406
9285_1,0.005060332
5175_1,0.0045384313
872_1,0.004331502
8890_7,0.97462875
178_2,0.0045384313
10660_4,0.88161486
11461_4,0.06325053
9461_8,0.9811669
3992_3,0.006903838
1173_1,0.0051396107
8261_10,0.9795114
10007_4,0.0038844768
10751_10,0.98625773
5021_8,0.9926542
10553_7,0.97838473
12464_8,0.9933072
8616_8,0.98951083
9697_1,0.004905406
2800_1,0.004133968
521_1,0.004331502
7535_10,0.992062
4352_9,0.9840936
2246_10,0.9927672
7039_4,0.007232764
10344_4,0.005060332
12195_10,0.9908744
3671_4,0.6166473
1767_2,0.005384938
6536_1,0.008985428
8951_1,0.00498227
12462_9,0.994615
8489_2,0.012624948
11884_10,0.9916842
8602_1,0.010328153
9229_1,0.0057302467
10611_3,0.00498227
6764_4,0.741674
2612_1,0.0067975316
213_3,0.0064882697
1987_2,0.006903838
3082_9,0.9904406
10504_7,0.99029154
8862_9,0.98469365
5512_10,0.84389514
3198_10,0.9921841
11521_1,0.003538086
9841_8,0.85195273
1781_10,0.9921841
8389_1,0.0043994132
10225_1,0.0038244836
1403_4,0.0076956474
3792_8,0.99361163
4361_9,0.99298817
6579_7,0.99155444
3891_2,0.008315778
10782_8,0.9883128
12290_2,0.03567855
1710_1,0.0062899017
5507_7,0.9890131
10523_1,0.006692851
6722_10,0.031858858
3401_10,0.99351174
8079_1,0.00619299
5650_10,0.99361163
1843_4,0.0074606435
8228_7,0.3959514
1138_8,0.97788346
7943_9,0.98866826
2219_4,0.005060332
11675_4,0.06754669
7748_9,0.9921841
3859_1,0.0044683837
1497_1,0.00581996
2115_10,0.99155444
9622_4,0.008577485
9482_10,0.9916842
9084_2,0.0433658
2744_1,0.004681822
6599_3,0.004331502
10991_10,0.9916842
8444_9,0.97903574
1362_3,0.73772544
6820_10,0.993807
10806_3,0.016529558
5509_3,0.015784562
1939_8,0.9869795
498_1,0.0075772414
12238_10,0.79085356
4154_4,0.005641909
11557_1,0.004198795
6658_7,0.99128854
1183_2,0.0094125895
3764_10,0.94122344
12421_3,0.0075772414
8166_1,0.00818791
88_10,0.9930962
6291_7,0.947381
4637_2,0.0063883206
4194_10,0.9876639
9020_10,0.9837225
9749_8,0.96765566
3308_1,0.004070138
2569_9,0.9941801
9696_8,0.92788786
8680_1,0.007121429
10469_3,0.004681822
6208_1,0.00498227
9862_3,0.53849787
7663_10,0.9693242
811_10,0.9932025
5452_8,0.9926542
4347_10,0.9921841
10922_8,0.98445636
10466_3,0.0053018946
11650_8,0.9933072
5126_4,0.0053018946
3454_8,0.9911527
11021_10,0.99351174
1160_1,0.0047552
1948_10,0.99361163
8741_10,0.35404217
8996_4,0.8940517
11572_2,0.006692851
2183_7,0.7613611
1779_9,0.14608724
5466_10,0.99390244
1756_1,0.004331502
7777_3,0.005060332
429_3,0.008711384
1736_10,0.9860443
1746_10,0.99298817
7613_8,0.99155444
4315_10,0.98159516
12186_10,0.993807
4231_8,0.9914225
659_8,0.98646784
7739_10,0.9933072
43_10,0.9933072
2960_4,0.0054692742
11665_4,0.006097562
4399_9,0.9930962
6993_8,0.97090924
6523_10,0.9921841
7068_1,0.0034296038
3005_1,0.06754669
10419_8,0.9941801
3160_2,0.008577485
1881_10,0.19042274
5623_10,0.93991333
2263_10,0.9923044
5736_8,0.99253935
550_3,0.007345827
368_4,0.69118476
9100_10,0.9926542
930_3,0.007937994
866_10,0.9916842
11251_7,0.992062
10708_9,0.96378
247_2,0.007232764
4080_10,0.9898303
2104_10,0.9923044
8_2,0.0059110695
1485_3,0.005554925
3133_1,0.007121429
331_10,0.99298817
12213_1,0.0064882697
2825_3,0.005060332
8316_3,0.06418265
11102_3,0.0048297215
9719_1,0.0039454065
1951_7,0.9921841
10577_1,0.004331502
9941_9,0.9941801
12246_1,0.0045384313
7579_4,0.006692851
7111_7,0.9887554
1068_3,0.0094125895
1872_4,0.89552265
834_4,0.97423947
12088_7,0.94776917
7785_3,0.81316423
7364_10,0.9898303
4441_2,0.0053018946
3957_10,0.9939964
7789_1,0.0094125895
3296_1,0.0054692742
6656_8,0.8705973
7366_2,0.005384938
10579_10,0.99242276
1292_8,0.9926542
3172_10,0.9921841
4948_10,0.99298817
8690_3,0.014392335
3279_1,0.004331502
7221_3,0.0107351625
6376_2,0.02211659
4901_4,0.012053779
1591_10,0.9943581
2905_4,0.006903838
8656_7,0.9205043
10100_3,0.9891816
6918_10,0.9908744
7105_8,0.9615338
8220_10,0.9207897
916_3,0.032100707
7831_8,0.86339164
11118_10,0.99351174
7993_10,0.97737074
2665_3,0.014728613
1680_2,0.0035936027
632_8,0.9928786
5838_10,0.99361163
4039_9,0.99371004
309_3,0.10302443
6715_7,0.41111085
9130_4,0.03704717
722_10,0.9764905
9485_3,0.014172365
5421_9,0.97719735
2053_4,0.004681822
8824_4,0.005384938
906_4,0.073963374
4325_4,0.6991517
3131_1,0.006003596
4732_10,0.29849136
7628_1,0.0054692742
3903_8,0.987375
2781_7,0.9390248
2530_1,0.0053018946
8740_9,0.9869795
9456_4,0.007937994
8705_10,0.9908744
9894_4,0.0054692742
7573_10,0.9904406
117_1,0.0038244836
1578_7,0.3277221
2822_9,0.9882222
2544_10,0.9923044
10988_10,0.99155444
9846_3,0.0051396107
6242_3,0.024609927
5626_3,0.8620035
4053_9,0.97684664
10157_8,0.9840936
10582_2,0.005641909
11091_1,0.005220126
10436_8,0.993807
3432_8,0.99298817
3007_3,0.9059898
11467_4,0.23669262
9877_8,0.014281935
4839_1,0.0044683837
2766_3,0.11676401
11528_9,0.9923044
4327_1,0.004133968
8087_10,0.9882222
3394_10,0.99371004
4690_4,0.11279541
11642_8,0.94122344
2603_1,0.005220126
9578_8,0.9882222
8316_10,0.99101454
8184_9,0.9927672
9764_10,0.99351174
3248_2,0.0047552
5784_3,0.007121429
3686_1,0.004264634
10901_10,0.97262347
606_9,0.9942697
6887_1,0.00818791
4240_4,0.024423089
977_9,0.9908744
2232_7,0.9522199
4107_8,0.99298817
11897_10,0.99390244
10418_8,0.9928786
5274_1,0.004905406
5978_10,0.993807
6781_7,0.91398406
6704_10,0.938124
8290_4,0.03875619
9826_8,0.99253935
10066_1,0.007232764
1135_1,0.004264634
6683_9,0.9933072
9991_8,0.9339146
1710_10,0.9876639
4774_2,0.0048297215
3621_2,0.7152251
9258_1,0.0065897712
12244_8,0.9930962
401_1,0.0037654138
11869_10,0.99351174
3092_3,0.0054692742
2910_7,0.99253935
961_1,0.047074176
6927_7,0.008061991
4819_2,0.0044683837
658_7,0.96323055
5477_2,0.005384938
7766_1,0.008577485
4159_3,0.0057302467
5010_10,0.9911527
11093_3,0.0051396107
7287_10,0.99371004
3462_9,0.9905874
1652_1,0.0059110695
12077_2,0.010013569
3798_10,0.938124
2696_10,0.99298817
2803_8,0.990732
11941_2,0.0045384313
8090_8,0.9764905
6994_4,0.0094125895
1242_7,0.9927672
8828_9,0.97462875
1346_1,0.004331502
468_1,0.0035936027
3665_4,0.005220126
4476_4,0.09568694
6043_9,0.9884919
5830_3,0.0051396107
3159_10,0.9837225
6975_1,0.9927672
7338_1,0.004264634
1424_10,0.9795114
6487_7,0.992062
3023_7,0.9869795
4749_3,0.9216402
4596_3,0.00818791
4681_8,0.99101454
4235_1,0.0047552
2912_8,0.9825575
6552_1,0.0044683837
4329_1,0.007815888
3876_1,0.0067975316
9168_9,0.99029154
8747_10,0.9872773
11842_10,0.99242276
5612_10,0.9863631
10371_8,0.9921841
4804_7,0.9814534
4914_7,0.9908744
2520_3,0.91086304
8053_3,0.0038244836
11302_4,0.005220126
4766_1,0.032344334
1820_4,0.00619299
4668_1,0.004264634
3521_2,0.0045384313
3467_7,0.99361163
1885_4,0.0094125895
4206_1,0.0053018946
2774_10,0.99014014
12060_1,0.004905406
5664_10,0.9872773
7078_10,0.99155444
4797_8,0.993807
2735_3,0.0044683837
7981_4,0.007121429
10440_7,0.98840266
11611_7,0.9932025
5553_1,0.007011795
12415_2,0.024237636
10807_3,0.0064882697
5539_1,0.01107216
9489_10,0.99128854
11053_10,0.99253935
7493_10,0.9763105
10400_4,0.00581996
9856_10,0.9928786
6813_10,0.9928786
679_10,0.98571813
7502_3,0.004905406
3842_7,0.9875683
7800_10,0.99351174
4253_9,0.9914225
2103_1,0.006097562
9581_3,0.5934915
7335_10,0.86339164
3304_8,0.9755769
12276_3,0.007937994
5451_3,0.0107351625
1873_3,0.00619299
5857_7,0.011961098
5423_10,0.99128854
6400_10,0.9916842
6419_3,0.005220126
3775_4,0.0067975316
5165_8,0.97719735
6555_1,0.0045384313
3806_4,0.004133968
8584_7,0.9884919
5390_7,0.9309621
10965_1,0.024423089
6680_9,0.99390244
5034_1,0.006003596
7718_2,0.004609572
2688_4,0.98527133
9107_2,0.004609572
5993_1,0.0051396107
7456_10,0.992062
8581_8,0.9939964
8852_3,0.004198795
4239_10,0.99390244
9012_10,0.98934746
6661_9,0.993807
6786_10,0.9539661
12257_3,0.007345827
8700_8,0.9878528
8848_8,0.979354
11377_4,0.005554925
4722_2,0.0123361
8546_9,0.94776917
3091_4,0.004905406
4124_7,0.8479678
10860_10,0.99361163
2684_10,0.99351174
4968_10,0.9930962
10785_4,0.006003596
4871_8,0.99128854
1064_8,0.9928786
9452_2,0.0043994132
9965_1,0.0053018946
1358_10,0.99029154
12094_10,0.9927672
415_10,0.9883128
8308_10,0.019271135
11112_9,0.9928786
6271_4,0.012527932
7324_8,0.97684664
7950_8,0.99371004
8880_3,0.0045384313
5610_7,0.99128854
3918_8,0.9932025
7209_2,0.0074606435
4916_10,0.99371004
6782_3,0.008061991
5607_3,0.007121429
5492_10,0.9930962
2824_3,0.0040072887
1533_10,0.99351174
9663_9,0.9908744
11087_3,0.0044683837
3360_1,0.004331502
12040_1,0.005384938
329_10,0.993807
4819_7,0.124213
11985_8,0.97324073
6491_4,0.007121429
7151_10,0.99390244
6807_10,0.993807
3353_10,0.99298817
3592_10,0.990732
928_10,0.79438496
3100_7,0.98803884
7390_3,0.0035936027
8466_8,0.9736447
777_10,0.99341017
10007_10,0.9941801
7673_1,0.007815888
8255_1,0.98951083
3734_8,0.98646784
6217_10,0.20946968
2264_1,0.037608635
7637_7,0.9908744
3494_3,0.006692851
1012_1,0.013222822
9796_2,0.0054692742
444_2,0.0045384313
10968_8,0.9874721
8328_10,0.9885804
2417_8,0.992062
253_3,0.008711384
3740_8,0.992062
5904_3,0.120438814
6664_8,0.98934746
12027_1,0.004133968
8658_10,0.87234735
4505_1,0.004609572
1008_10,0.98282325
7922_3,0.0057302467
655_10,0.993807
6383_10,0.9918121
5868_1,0.005220126
7827_10,0.9918121
722_3,0.01243165
3933_4,0.009559399
1358_3,0.015906392
8939_8,0.9830851
9502_10,0.98242307
4798_9,0.99341017
7088_3,0.008985428
9904_3,0.004905406
11214_2,0.00498227
11293_8,0.21568096
11924_10,0.99298817
6168_8,0.9939964
4329_10,0.9921841
10345_3,0.00581996
5512_3,0.17050801
1291_1,0.0037654138
7568_3,0.0047552
2747_4,0.014392335
7484_1,0.004331502
3915_2,0.005220126
8527_4,0.0059110695
4686_10,0.99101454
6909_1,0.0064882697
10587_10,0.98951083
9167_8,0.9904406
4739_4,0.008847355
6266_4,0.023153413
6155_10,0.993807
11409_9,0.088504665
3874_7,0.011687259
7049_3,0.0145035805
11158_2,0.0048297215
5714_10,0.99242276
11248_1,0.0035936027
8854_3,0.6768603
3191_4,0.31991762
5537_7,0.9896718
4919_7,0.98951083
8109_9,0.99371004
7476_4,0.24526574
5890_10,0.99351174
5837_10,0.99390244
2623_9,0.9928786
5033_1,0.014728613
12055_8,0.9933072
8420_4,0.007232764
5854_10,0.99371004
9631_7,0.9918121
11705_3,0.008315778
3869_7,0.9914225
10836_9,0.98866826
7027_1,0.00581996
55_4,0.00498227
11124_8,0.99390244
3533_3,0.004905406
1552_10,0.9933072
11307_1,0.005384938
11974_7,0.9546474
7246_3,0.00498227
10648_3,0.003707253
11991_10,0.8071568
10494_8,0.99014014
8109_1,0.0037654138
4764_1,0.0044683837
3527_1,0.0048297215
4059_9,0.9923044
3729_4,0.004609572
5073_4,0.98866826
4984_9,0.99101454
2371_10,0.97821885
9597_10,0.9921841
10823_9,0.99155444
3123_10,0.9693242
2951_10,0.99242276
9800_1,0.004609572
1824_3,0.032836955
6238_2,0.91730267
8830_9,0.98445636
12355_8,0.3143662
4002_10,0.99298817
405_10,0.7233095
4314_1,0.013428254
9201_10,0.9930962
10466_8,0.98173577
3736_2,0.006097562
1641_10,0.99341017
3381_1,0.006692851
11711_9,0.992062
4970_3,0.0963651
6958_10,0.9932025
646_9,0.994089
3590_9,0.99298817
7218_9,0.992062
5091_10,0.99298817
8820_2,0.005554925
3938_8,0.98469365
2616_10,0.2525684
7808_1,0.0051396107
3508_10,0.99242276
8974_8,0.9908744
4383_4,0.9522199
6360_4,0.7373473
2759_8,0.98201376
7417_1,0.005384938
10880_1,0.01214717
5488_2,0.006692851
8015_9,0.99014014
6484_3,0.0059110695
10117_1,0.0040072887
11363_1,0.0043994132
3334_7,0.9807288
3369_7,0.028436033
9609_1,0.005220126
8396_10,0.98934746
8267_10,0.9926542
10335_7,0.9914225
1973_4,0.00818791
7123_10,0.9911527
6949_9,0.99390244
10652_4,0.11008788
10256_4,0.0044683837
4557_9,0.99242276
8929_1,0.008315778
2429_1,0.00498227
3994_1,0.00581996
11454_7,0.006692851
11874_4,0.026155619
4891_3,0.006003596
2216_7,0.9914225
2039_4,0.0064882697
505_1,0.01384861
313_1,0.0040072887
3383_2,0.011597362
9453_7,0.03846619
426_9,0.013121271
311_10,0.9921841
11291_10,0.99128854
835_8,0.98646784
2143_9,0.9898303
8200_2,0.0065897712
11716_2,0.9939964
3786_2,0.1289633
3818_4,0.0054692742
12106_1,0.005220126
2605_4,0.006692851
10518_7,0.8610715
3932_8,0.9861514
7515_4,0.020645931
9857_10,0.8161134
449_3,0.9623913
3573_9,0.9927672
10198_8,0.5161077
2286_9,0.9904406
6906_3,0.006692851
3807_2,0.029760094
11602_8,0.94815457
10201_7,0.99193794
8717_8,0.98998636
10411_10,0.9933072
11099_3,0.08359068
5619_10,0.983343
9252_10,0.9840936
6097_10,0.994089
6467_1,0.008061991
2757_2,0.007815888
1869_10,0.99155444
5192_2,0.0111580305
11399_10,0.99101454
898_3,0.14080817
6820_2,0.08419108
768_2,0.004905406
1783_10,0.96691406
8102_9,0.9883128
7818_2,0.13892843
2444_10,0.9804314
3965_4,0.004133968
7086_4,0.983343
10556_3,0.17441027
5221_1,0.010328153
4322_10,0.9927672
7371_1,0.004070138
1318_8,0.89218736
8142_3,0.013636835
3413_10,0.98866826
3845_9,0.9918121
7323_1,0.0045384313
5273_3,0.0059110695
11812_4,0.08787644
5737_7,0.9878528
7260_2,0.00818791
5018_3,0.005641909
7779_10,0.9939964
894_7,0.065604836
11940_3,0.0043994132
2471_7,0.9890131
6605_10,0.971564
282_10,0.891811
12402_3,0.011331754
7974_1,0.006692851
12280_7,0.9898303
10917_2,0.004681822
12164_1,0.0044683837
3181_1,0.006692851
11240_1,0.009268014
11255_9,0.9763105
2318_2,0.005641909
4976_7,0.9837225
1822_8,0.9859364
11724_7,0.98187524
3499_3,0.06233104
9439_9,0.96124375
5469_10,0.9918121
7612_9,0.99351174
3947_8,0.9914225
11269_1,0.0038244836
5771_8,0.9878528
4461_8,0.993807
5683_9,0.9939964
639_1,0.0040072887
9896_3,0.96323055
5131_8,0.96458924
5961_3,0.004905406
5741_2,0.0038844768
6418_4,0.9933072
5416_1,0.0038244836
3114_7,0.9898303
3587_3,0.0051396107
5472_10,0.99253935
9802_9,0.990732
4313_3,0.83601975
2921_7,0.99029154
11468_8,0.98951083
12250_10,0.9923044
3481_10,0.9433476
2067_2,0.004609572
8574_4,0.004264634
861_9,0.99014014
10381_2,0.004905406
5479_1,0.9658996
1107_9,0.9856076
4475_1,0.0039454065
469_2,0.0059110695
605_4,0.0059110695
2182_1,0.004070138
9401_7,0.9930962
2518_8,0.9891816
5329_8,0.98646784
3202_1,0.0053018946
256_4,0.799129
7235_3,0.0047552
4661_3,0.39163858
11045_1,0.007232764
1417_4,0.016914913
4186_10,0.9868787
985_4,0.006903838
6553_1,0.004681822
3118_1,0.004264634
3297_1,0.0076956474
5843_10,0.9507779
7645_7,0.97482115
11958_1,0.0045384313
10823_3,0.01065251
5097_4,0.97068775
4344_10,0.9943581
5442_8,0.99101454
11969_10,0.0153063545
7015_10,0.99371004
1419_4,0.9700135
914_1,0.004681822
11911_8,0.018689308
5930_8,0.99014014
3853_10,0.993807
9404_1,0.004681822
207_9,0.9939964
2018_1,0.008061991
11192_7,0.9860443
6679_4,0.24671479
1184_3,0.0043994132
3291_10,0.99193794
12323_9,0.99298817
7524_1,0.004681822
443_8,0.9941801
7964_1,0.0054692742
730_1,0.004133968
8969_7,0.9898303
8581_3,0.06052939
12152_4,0.006003596
4528_10,0.9859364
5984_2,0.004264634
4446_10,0.99341017
7039_8,0.9916842
591_8,0.9914225
6869_7,0.9719925
1836_7,0.994089
4183_10,0.9930962
8590_1,0.009125638
5647_10,0.94776917
11076_10,0.9927672
11241_1,0.0059110695
876_10,0.99371004
8390_1,0.005220126
1462_9,0.99242276
8362_7,0.07316472
3400_1,0.007232764
2318_8,0.9904406
5389_4,0.018689308
8617_4,0.005641909
9200_10,0.99253935
8878_10,0.98571813
12110_1,0.98173577
9101_10,0.9933072
4967_3,0.026759284
12436_1,0.005554925
8845_4,0.89982784
3420_4,0.97539
7428_7,0.98707944
11769_10,0.99014014
7025_1,0.019870715
1561_10,0.992062
3704_1,0.0051396107
3529_8,0.98998636
12234_4,0.5568816
10600_3,0.004133968
1028_4,0.41016552
6764_10,0.99253935
1815_2,0.009559399
10953_4,0.00498227
2809_7,0.9849274
8393_10,0.98951083
2743_1,0.77662295
10711_10,0.99371004
6173_10,0.9927672
9664_7,0.99014014
6335_3,0.0039454065
1665_4,0.0057302467
4174_10,0.99371004
2038_1,0.027169231
3717_10,0.96124375
9361_10,0.9425068
415_1,0.007011795
1460_9,0.9939964
5915_4,0.008985428
7187_3,0.0047552
11050_1,0.0038244836
8822_10,0.9930962
12407_1,0.0045384313
4543_2,0.0039454065
10560_9,0.9932025
9108_10,0.9921841
2999_9,0.8774768
1703_7,0.9884919
206_2,0.0038844768
2095_3,0.0053018946
6454_8,0.9918121
2773_1,0.003538086
6252_1,0.006003596
2848_7,0.020804489
6887_10,0.9939964
8660_1,0.00619299
1675_9,0.9928786
9842_1,0.0051396107
9118_10,0.9930962
5793_4,0.010169657
941_10,0.9930962
8832_1,0.020023443
7584_3,0.009559399
9746_10,0.9890131
1965_10,0.9872773
5346_10,0.99351174
9738_4,0.7324005
5905_9,0.9932025
336_1,0.00581996
5621_1,0.0053018946
5976_10,0.994089
3000_8,0.97702265
5172_7,0.99253935
311_3,0.0045384313
2035_4,0.31959897
6084_10,0.99193794
7284_9,0.9908744
6449_8,0.99155444
8671_3,0.007815888
636_9,0.9807288
11330_8,0.990732
1300_1,0.40098387
11538_1,0.00581996
5159_3,0.014281935
3742_9,0.993807
11281_9,0.97520185
4128_1,0.5355843
4382_7,0.9019207
862_3,0.0074606435
5941_8,0.98951083
8576_3,0.8601343
10570_1,0.004905406
10682_3,0.1229438
12497_10,0.99253935
2026_7,0.9787127
9657_10,0.994089
999_8,0.9884919
1664_2,0.67033863
1795_8,0.41893464
4280_4,0.99029154
952_10,0.99253935
4725_7,0.9941801
8162_2,0.003707253
10062_9,0.9465967
4719_10,0.99361163
10388_4,0.047425874
6183_9,0.9926542
3703_8,0.99390244
11259_4,0.005220126
8578_8,0.994615
12040_9,0.993807
6500_7,0.9918121
3473_10,0.99371004
11784_4,0.0051396107
613_10,0.9933072
4631_1,0.03461884
2426_10,0.9532751
7088_7,0.9926542
5851_7,0.9837225
3904_2,0.0035936027
1329_7,0.5253688
2160_7,0.33688983
4796_10,0.9911527
8760_1,0.005554925
7859_8,0.93674946
4251_10,0.98549646
8143_4,0.009708476
11713_9,0.9918121
5037_10,0.9933072
9621_7,0.9881309
2600_10,0.9939964
2027_1,0.0045384313
8225_1,0.008847355
12463_10,0.035144847
7842_8,0.967163
4768_2,0.07477005
2644_1,0.00498227
4193_7,0.5929023
5150_7,0.9787127
5942_7,0.9939964
8293_1,0.0053018946
6046_10,0.059646945
12148_9,0.9927672
966_10,0.8499712
6428_8,0.99351174
12465_2,0.0063883206
342_10,0.01214717
9246_4,0.003707253
8683_4,0.011419616
627_7,0.9802808
5614_4,0.7541916
4546_3,0.011869121
4384_1,0.00581996
3144_1,0.00818791
9530_10,0.9905874
10558_4,0.005384938
619_1,0.0053018946
11594_9,0.99029154
6511_7,0.9918121
8351_7,0.9871788
9163_3,0.004609572
12078_1,0.004198795
5489_8,0.99101454
4191_1,0.011869121
2373_10,0.05340333
8664_4,0.38653186
4556_2,0.1384618
9004_8,0.9923044
1357_4,0.005554925
152_10,0.9939964
2977_1,0.004681822
8812_1,0.0065897712
8544_4,0.004198795
4821_2,0.005384938
7874_8,0.7322091
1689_1,0.009268014
9654_1,0.006097562
9363_2,0.007121429
8959_1,0.006003596
6113_1,0.72154707
10702_1,0.14854057
1839_4,0.008847355
10587_1,0.004681822
11715_3,0.9860443
12252_8,0.9883128
9480_3,0.0043994132
6438_1,0.020023443
3762_9,0.98582757
5350_10,0.98657167
3927_9,0.9888419
9598_2,0.16613355
3930_3,0.0038844768
6647_1,0.0044683837
9251_10,0.9933072
5926_2,0.01384861
11530_8,0.987375
1625_3,0.05033063
10515_8,0.5919591
11185_10,0.9850429
8675_10,0.994089
3701_1,0.0074606435
9222_10,0.99155444
6253_10,0.9883128
4657_7,0.98571813
10013_9,0.98840266
4938_10,0.9921841
3073_10,0.98998636
9081_8,0.9939964
6928_8,0.9921841
217_3,0.004133968
2927_3,0.004905406
2379_1,0.006003596
10476_2,0.97966766
8640_10,0.99341017
2810_3,0.017442483
6433_1,0.0044683837
6390_10,0.41750893
11829_8,0.9891816
7581_10,0.9930962
11836_3,0.0075772414
2794_1,0.017309094
5263_1,0.005641909
1041_10,0.9939964
7296_1,0.10087862
10557_8,0.99101454
5339_9,0.9916842
4766_8,0.99361163
8126_3,0.032836955
9876_2,0.004331502
2443_4,0.00498227
10179_10,0.99014014
6211_3,0.0064882697
925_10,0.9875683
5050_8,0.99371004
1891_10,0.99253935
4767_3,0.017309094
11625_10,0.9930962
3388_2,0.005554925
4908_3,0.037608635
11205_9,0.98998636
2228_10,0.9826909
11236_1,0.009559399
2367_10,0.9914225
5060_3,0.0076956474
3292_1,0.0063883206
11282_2,0.015424551
5307_10,0.9939964
6963_4,0.078078166
1319_10,0.993807
9660_1,0.009859855
7254_9,0.99390244
9441_10,0.993807
3838_4,0.18447348
6209_8,0.97046465
3049_9,0.99351174
3033_4,0.9167081
784_4,0.0038844768
3921_3,0.0045384313
9196_8,0.9883128
7652_3,0.9697854
11650_1,0.004070138
1548_10,0.9904406
10770_7,0.95531917
3283_9,0.9927672
1567_1,0.006003596
10405_4,0.010328153
6980_1,0.0040072887
12218_4,0.014728613
5250_10,0.994089
11977_10,0.9933072
10602_2,0.004331502
11178_10,0.9905874
9590_10,0.9764905
1260_10,0.99242276
8367_10,0.99253935
2571_7,0.43998796
7422_1,0.0040072887
5486_7,0.19961986
2282_8,0.9881309
6119_2,0.009559399
1433_8,0.992062
12365_4,0.9874721
10535_3,0.011508149
5464_1,0.0053018946
9983_7,0.98951083
10209_7,0.98481095
3777_1,0.98159516
12443_10,0.99298817
1488_4,0.092359796
8670_9,0.98527133
1258_10,0.99298817
9_7,0.9923044
12175_9,0.99155444
211_10,0.96267307
6329_7,0.993807
8866_10,0.9766692
5911_9,0.9942697
6100_1,0.008445628
6342_9,0.713731
5455_4,0.937669
1215_1,0.006003596
11020_3,0.004905406
7975_1,0.005641909
6720_2,0.00498227
8986_10,0.992062
4874_9,0.9879462
7204_1,0.004331502
2612_10,0.9736447
6923_9,0.992062
5742_10,0.99014014
5044_3,0.51464427
5013_9,0.84645087
9752_8,0.9930962
1112_8,0.992062
10925_8,0.99128854
7012_4,0.6271523
11484_10,0.9884919
883_4,0.81815636
2398_10,0.9932025
8990_8,0.21337716
1194_10,0.99101454
2313_1,0.006692851
9584_1,0.0039454065
11638_10,0.993807
5995_3,0.03308598
4456_10,0.993807
321_1,0.05033063
7147_1,0.25720495
10212_4,0.008445628
7960_10,0.9916842
8022_7,0.98866826
11649_9,0.9921841
8442_8,0.987375
8976_1,0.009268014
9199_10,0.99361163
8925_10,0.99014014
3079_2,0.0047552
7727_10,0.99351174
2338_1,0.004609572
3221_2,0.004070138
288_7,0.7295198
7150_10,0.99253935
7520_1,0.0059110695
11477_10,0.9795114
7765_9,0.994089
10062_4,0.004905406
10616_10,0.43350175
10592_8,0.94165415
6745_4,0.027376488
7912_2,0.0053018946
1130_8,0.9849274
11096_4,0.088820286
10081_1,0.0064882697
3808_10,0.9914225
394_4,0.010169657
7080_3,0.0054692742
4479_10,0.97046465
11417_7,0.99193794
8402_3,0.5029296
6669_9,0.9830851
1494_10,0.9904406
7980_3,0.0074606435
11366_10,0.9736447
7566_1,0.007121429
3778_1,0.032344334
317_2,0.0040072887
8475_7,0.9874721
11012_2,0.08035747
11936_4,0.010818449
145_9,0.936285
11427_1,0.0047552
2204_1,0.0044683837
3373_8,0.992062
4640_4,0.4233388
521_7,0.74186105
2871_2,0.026355354
9823_8,0.17838266
5893_1,0.00498227
8541_2,0.004133968
3403_3,0.005220126
8660_9,0.99253935
7046_3,0.0048297215
338_1,0.003707253
9541_1,0.004264634
12179_7,0.8479678
9663_3,0.06233104
6948_3,0.0064882697
10308_10,0.9939964
11027_10,0.9896718
6174_3,0.004198795
10151_8,0.9884919
10665_1,0.0048297215
6453_2,0.005220126
3619_2,0.004609572
3114_1,0.40286186
1309_2,0.0040072887
8468_1,0.0053018946
8292_10,0.9921841
1955_1,0.005641909
4498_9,0.9923044
8075_9,0.9932025
10528_8,0.9651191
253_10,0.993807
9467_4,0.94891727
4018_10,0.993807
2644_10,0.993807
7240_7,0.99253935
10929_7,0.9888419
9743_10,0.9896718
4641_3,0.0062899017
5711_10,0.99253935
4912_2,0.007345827
455_1,0.019124037
2749_8,0.97068775
8780_8,0.021125194
2626_10,0.99361163
11745_2,0.0054692742
6952_8,0.99453074
4645_2,0.004681822
10372_10,0.9916842
4282_2,0.007345827
2195_1,0.0047552
11058_3,0.0054692742
9507_4,0.8665848
389_10,0.9761292
4388_10,0.99242276
9540_1,0.0053018946
6610_4,0.008711384
8796_10,0.99298817
3746_1,0.0059110695
11083_1,0.0044683837
9901_1,0.004070138
4165_1,0.0039454065
8928_9,0.9930962
8173_10,0.9932025
5161_1,0.004070138
11458_4,0.009268014
11206_9,0.9840936
3532_7,0.9916842
5088_1,0.004609572
11699_8,0.96485513
10114_2,0.0034296038
8626_9,0.98159516
6702_2,0.004905406
3504_1,0.09334688
3353_4,0.008847355
6960_10,0.98934746
5529_10,0.99242276
5510_9,0.9890131
1868_10,0.7331653
11166_10,0.74945414
8411_2,0.0045384313
9561_10,0.98215127
11290_2,0.022286188
1167_4,0.009859855
9577_3,0.08756384
1496_10,0.992062
3042_10,0.99361163
4021_4,0.010013569
6643_10,0.9840936
806_10,0.9930962
1520_2,0.004905406
11133_10,0.9914225
2783_1,0.005060332
9570_10,0.9850429
2349_3,0.016029146
2242_9,0.888372
6113_10,0.9914225
2153_1,0.0044683837
9167_3,0.0074606435
156_3,0.94699025
10607_7,0.9904406
4270_4,0.004070138
4713_1,0.0047552
2895_7,0.9881309
8240_1,0.00581996
12241_2,0.0062899017
2919_10,0.99371004
11110_2,0.009268014
4502_8,0.9877587
11957_1,0.0051396107
12338_2,0.007011795
2474_1,0.011419616
781_4,0.00619299
7528_1,0.0062899017
3252_2,0.0043994132
6778_8,0.3281391
3149_10,0.9921841
436_4,0.004331502
2586_1,0.0048297215
3610_8,0.9697854
4392_10,0.9927672
8914_1,0.0051396107
2197_1,0.0045384313
3323_10,0.99371004
975_4,0.0047552
9407_3,0.04922211
12005_7,0.96323055
1911_1,0.004609572
3956_10,0.99361163
1441_8,0.992062
10787_3,0.006903838
4569_10,0.9928786
11685_10,0.98951083
7810_10,0.9914225
3951_3,0.0047552
6050_10,0.18097351
2758_2,0.005384938
2664_10,0.9927672
1537_2,0.0044683837
7988_1,0.2666436
6090_10,0.9942697
11509_10,0.9872773
2227_3,0.00581996
865_3,0.039937317
7138_8,0.9918121
7924_8,0.97966766
10104_1,0.004264634
3917_2,0.00498227
169_4,0.0054692742
8630_7,0.9933072
7895_7,0.9879462
5485_10,0.99253935
8390_8,0.031618766
11497_7,0.99298817
8964_3,0.30270016
4647_4,0.055412795
12231_7,0.9930962
9634_4,0.037608635
8582_10,0.994089
9237_4,0.8037906
2847_8,0.9869795
10940_1,0.0043994132
2990_10,0.9911527
8377_8,0.9697854
1206_3,0.5676969
11719_9,0.99361163
7003_1,0.005384938
8012_4,0.029760094
2572_10,0.96691406
4126_8,0.9930962
9190_8,0.9890131
9625_8,0.99298817
4706_10,0.936285
8697_2,0.008577485
435_7,0.9876639
81_3,0.66725606
6713_8,0.48681948
5840_10,0.99351174
5671_8,0.98707944
5064_3,0.0037654138
1149_3,0.004264634
12324_10,0.9939964
6705_1,0.009859855
243_9,0.99253935
306_10,0.97719735
7134_3,0.0051396107
3227_10,0.994089
1363_10,0.9914225
5134_9,0.21933751
5269_1,0.012053779
10915_4,0.30642328
7591_2,0.0074606435
2326_2,0.008315778
688_4,0.011331754
878_10,0.9921841
10245_9,0.9923044
7388_2,0.0065897712
4304_1,0.003538086
6752_10,0.9874721
6881_8,0.992062
10230_2,0.006003596
6901_1,0.006097562
441_10,0.9941801
4743_4,0.00498227
6228_7,0.042403832
2563_7,0.97887486
6237_1,0.004609572
8619_3,0.005060332
2749_4,0.9878528
12355_3,0.15559098
4915_2,0.0065897712
12234_7,0.9740426
3756_4,0.016403032
10051_8,0.99029154
5068_9,0.9923044
7767_10,0.9923044
12069_1,0.008061991
10634_3,0.004198795
2787_1,0.0047552
5281_1,0.0074606435
1496_1,0.005554925
8963_4,0.00619299
983_7,0.95759624
8337_4,0.006003596
783_1,0.0067975316
9939_8,0.98215127
6507_8,0.9928786
3488_4,0.0054692742
9304_9,0.98228765
8664_10,0.9904406
2722_10,0.9930962
7716_10,0.86431044
8512_4,0.9761292
6002_7,0.9932025
1213_3,0.9916842
6351_7,0.99469805
3049_4,0.0051396107
10897_4,0.005220126
1936_4,0.013636835
12368_9,0.9904406
10982_1,0.008315778
4116_4,0.0044683837
8243_7,0.05379964
11506_2,0.0065897712
291_3,0.011331754
7745_1,0.0051396107
12190_9,0.9898303
7068_10,0.99298817
9649_3,0.01812472
773_1,0.012821214
1727_10,0.99453074
346_2,0.3191744
4629_9,0.9750122
2509_1,0.005220126
3664_3,0.83548355
1024_9,0.99351174
9514_1,0.0047552
3483_3,0.004264634
10053_4,0.9700135
255_10,0.992062
1922_10,0.4007494
10416_4,0.0075772414
9154_9,0.99390244
12359_3,0.0067975316
4850_4,0.008711384
12398_10,0.9926542
8910_1,0.0047552
3797_8,0.9875683
2428_9,0.87663436
7062_4,0.8143483
7130_9,0.9879462
7343_1,0.004264634
7735_8,0.9921841
4104_3,0.011687259
11518_1,0.0051396107
10784_4,0.32885265
3687_1,0.004331502
796_10,0.9905874
2613_1,0.039342504
3962_9,0.9923044
4637_9,0.99155444
10076_3,0.004609572
2643_9,0.993807
3588_1,0.76942694
6788_1,0.004681822
1445_4,0.8568123
10630_7,0.027376488
9173_10,0.98646784
3998_3,0.022286188
11853_1,0.010169657
2982_1,0.004681822
2536_4,0.88038635
5912_10,0.99444515
3267_8,0.9890131
8966_4,0.061875988
7671_3,0.006692851
1962_1,0.24113183
3574_1,0.006003596
10580_1,0.004681822
10103_9,0.98187524
2101_8,0.98571813
9804_10,0.99253935
12413_9,0.95695716
9696_2,0.005060332
8988_1,0.0053018946
882_9,0.97903574
8098_3,0.010328153
6072_3,0.121268876
9484_10,0.9943581
3448_10,0.9930962
12074_10,0.96378
5880_1,0.0048297215
7658_1,0.004198795
1286_8,0.99128854
7013_10,0.9923044
3590_1,0.008061991
695_4,0.004070138
8889_9,0.83867973
735_1,0.005384938
2041_7,0.015424551
12041_3,0.11920291
4918_3,0.15405756
1428_3,0.004681822
1846_4,0.006692851
11103_10,0.98625773
1026_10,0.994089
9731_3,0.0051396107
7481_1,0.007345827
10191_10,0.9878528
8262_4,0.0048297215
903_10,0.913368
4212_2,0.02211659
11611_1,0.0062899017
7814_1,0.004070138
5116_10,0.99298817
150_4,0.007232764
3618_2,0.005220126
10870_1,0.005220126
8523_1,0.004133968
2193_10,0.99361163
10237_10,0.99298817
2139_10,0.99371004
7691_7,0.99242276
9374_1,0.006903838
11426_7,0.9939964
12319_1,0.004609572
6817_2,0.069541745
745_1,0.0043994132
6632_1,0.0053018946
7149_8,0.98201376
9558_3,0.006692851
10509_1,0.005554925
1528_2,0.04304285
3422_10,0.99341017
6112_8,0.8474635
3606_4,0.97046465
8768_7,0.94776917
2871_8,0.19806418
12404_10,0.9911527
6936_3,0.8338664
855_4,0.006003596
5703_3,0.0048297215
9446_1,0.005220126
1407_7,0.028007522
8422_10,0.9939964
40_4,0.017045317
344_4,0.0064882697
11019_10,0.9932025
869_1,0.004905406
2245_10,0.9888419
10002_8,0.9933072
5110_10,0.99253935
3201_9,0.9908744
10621_10,0.9678993
1213_7,0.43110514
2147_10,0.2635994
828_7,0.99155444
7600_8,0.9904406
4472_4,0.005384938
2759_2,0.006692851
10890_1,0.008847355
1637_10,0.9425068
1667_10,0.8620035
10433_8,0.993807
11350_4,0.02178117
9437_3,0.007345827
3748_3,0.02297737
8062_10,0.99361163
11981_10,0.9877587
4214_7,0.9904406
6496_8,0.9921841
4489_4,0.005384938
5965_7,0.9916842
2785_8,0.99351174
6838_9,0.9933072
4678_9,0.98803884
8564_10,0.98201376
4375_9,0.99029154
4654_10,0.9837225
2077_10,0.9904406
12491_4,0.008061991
11483_10,0.99351174
11130_8,0.9814534
2177_2,0.23126681
1376_8,0.07316472
3557_2,0.009859855
8039_3,0.08359068
6951_1,0.006097562
3440_2,0.012722708
10192_1,0.010818449
5874_10,0.9928786
4258_10,0.9932025
8838_4,0.045692034
1090_8,0.99242276
10570_10,0.9879462
3421_7,0.9908744
1626_7,0.99253935
9887_2,0.7627777
4079_4,0.00581996
8826_8,0.0074606435
8805_2,0.0044683837
9121_3,0.9826909
10916_3,0.099120855
9717_3,0.005641909
8662_4,0.11124121
7393_3,0.15002882
12304_10,0.990732
7063_3,0.8624676
7955_10,0.990732
2266_9,0.99014014
3490_7,0.98951083
11145_3,0.006003596
1668_2,0.0036499873
1011_8,0.99351174
8300_7,0.96765566
9995_8,0.9879462
1326_8,0.97737074
5232_2,0.0045384313
363_10,0.99298817
11772_2,0.009125638
8771_3,0.00619299
927_3,0.6347132
2569_2,0.005220126
5558_10,0.9898303
12375_10,0.9911527
2338_10,0.99390244
5773_10,0.993807
4664_7,0.9933072
12295_7,0.9856076
4123_8,0.9933072
1553_10,0.9923044
3770_10,0.96485513
12011_2,0.004905406
8033_1,0.004070138
1395_7,0.058776557
8614_7,0.9898303
3784_8,0.9449947
8769_8,0.9884919
888_8,0.98951083
7799_2,0.0075772414
6031_3,0.007232764
11584_2,0.0059110695
4570_7,0.98892784
6990_8,0.9911527
7290_1,0.0051396107
1186_1,0.0039454065
1329_4,0.0048297215
6793_10,0.993807
8562_10,0.9916842
8841_4,0.9348725
9234_1,0.93721074
2992_3,0.0045384313
3761_4,0.00818791
1144_1,0.0045384313
11737_10,0.98998636
6628_10,0.99298817
7619_4,0.015906392
5074_3,0.029760094
2056_1,0.007232764
812_7,0.092687786
615_3,0.012527932
1473_3,0.00581996
11642_1,0.0063883206
2957_8,0.98173577
3223_7,0.021287354
4491_10,0.994089
11617_8,0.9853843
2209_8,0.98998636
10250_4,0.004331502
8707_3,0.0075772414
3581_2,0.007232764
3089_2,0.009859855
9367_4,0.01214717
8890_3,0.004070138
4657_3,0.004133968
8474_1,0.012053779
1542_3,0.004905406
9024_8,0.9891816
3176_1,0.0063883206
11219_8,0.9932025
1086_2,0.0067975316
11230_4,0.018546565
2543_3,0.89442116
3391_4,0.9905874
5876_10,0.98549646
6712_2,0.014172365
12468_1,0.004070138
1801_10,0.99361163
6727_10,0.9874721
3072_3,0.004198795
6079_7,0.9888419
1409_10,0.99101454
7709_2,0.0045384313
11484_2,0.05033063
10843_2,0.0038244836
3964_7,0.9615338
5691_7,0.9911527
5837_1,0.004609572
963_8,0.9825575
3530_8,0.98527133
6558_8,0.98646784
3084_4,0.005060332
3025_8,0.98087597
9396_8,0.02865267
7530_1,0.004681822
6301_4,0.004609572
2934_10,0.9905874
8286_9,0.98951083
12122_10,0.9916842
2799_8,0.99298817
3516_7,0.99014014
5715_10,0.96741027
6525_3,0.0067975316
12308_10,0.9759464
1305_9,0.9896718
8190_2,0.005554925
8170_1,0.5867596
2355_7,0.9791955
9714_3,0.0048297215
9667_8,0.9928786
4861_1,0.0065897712
10028_10,0.994089
3256_2,0.9059898
5974_2,0.0034834242
9185_10,0.9927672
2507_10,0.9911527
8910_10,0.99341017
6791_1,0.00498227
1692_10,0.8692713
5520_10,0.9750122
10119_10,0.98998636
1226_1,0.004070138
5998_7,0.9891816
4421_1,0.0075772414
7660_8,0.99014014
5532_4,0.89912134
2869_3,0.77321637
3795_2,0.004264634
3602_10,0.99444515
1453_10,0.99444515
1298_8,0.99242276
6331_1,0.0051396107
7694_3,0.004681822
11568_10,0.97046465
6426_7,0.9905874
609_7,0.9759464
3352_4,0.023153413
12451_3,0.006003596
3228_7,0.9926542
945_7,0.8224745
8283_10,0.9914225
10780_7,0.95362175
2944_1,0.0045384313
5697_7,0.9890131
9066_3,0.64130306
6254_7,0.99242276
384_4,0.07835981
1961_9,0.993807
10085_2,0.0226292
1726_10,0.9678993
7937_1,0.0064882697
2561_10,0.990732
9899_9,0.99390244
8694_2,0.06418265
4217_8,0.99341017
2425_3,0.006692851
5809_1,0.005554925
3122_7,0.9807288
1522_10,0.9885804
5582_10,0.9932025
12357_2,0.004609572
3166_10,0.97684664
3176_9,0.98998636
9320_9,0.99193794
8187_1,0.0039454065
5573_1,0.004133968
9078_2,0.0067975316
6706_4,0.32156652
8882_8,0.6322757
2489_3,0.3368762
2768_10,0.99193794
2384_3,0.9263037
12494_8,0.99351174
10375_3,0.0059110695
403_7,0.98215127
6334_3,0.005641909
9136_1,0.0063883206
10698_1,0.0047552
2203_4,0.020645931
2122_1,0.0054692742
2904_4,0.012821214
12367_9,0.93581736
9638_8,0.992062
2005_1,0.0048297215
4963_8,0.9825575
7575_1,0.088504665
9989_1,0.009125638
8776_4,0.25128007
10188_10,0.9829547
8238_1,0.00498227
9244_4,0.9933072
11142_2,0.004133968
4365_7,0.9838472
5877_4,0.019271135
12135_8,0.9863631
3526_3,0.13614832
5209_4,0.0047552
5991_2,0.0040072887
10888_1,0.0062899017
1303_3,0.0047552
5764_4,0.30798206
2933_10,0.9930962
7297_1,0.0043994132
11156_10,0.94539934
1353_1,0.015189049
10017_1,0.03308598
4203_3,0.7799929
4546_9,0.99469805
6039_1,0.011419616
5804_3,0.007121429
9085_4,0.02350945
10774_10,0.99371004
2178_7,0.9736447
2958_2,0.0094125895
11469_8,0.9888419
5378_2,0.035144847
4583_8,0.013428254
9539_10,0.994615
5090_8,0.98667485
12036_4,0.007011795
1766_9,0.990732
11536_7,0.9876639
4792_9,0.9888419
7615_1,0.0062899017
9624_1,0.0043994132
5230_9,0.99242276
939_4,0.990732
2353_7,0.9904406
8760_9,0.9911527
3231_9,0.9933072
8183_7,0.9853843
2156_10,0.9728308
245_2,0.005220126
12048_1,0.005641909
6572_9,0.9839708
10848_9,0.99193794
9576_10,0.9884919
3174_1,0.004331502
9824_8,0.007011795
8199_1,0.0045384313
10911_3,0.0044683837
2452_1,0.018546565
7574_3,0.00581996
8363_7,0.8740772
3672_9,0.9882222
11693_10,0.9942697
9731_10,0.9834705
280_1,0.0044683837
10065_8,0.9932025
10284_9,0.9879462
7990_1,0.01384861
12256_4,0.95531917
7558_1,0.007011795
9636_2,0.0053018946
8632_2,0.013020489
6157_3,0.03461884
9429_7,0.94208187
1447_1,0.008445628
10948_8,0.9766692
12300_4,0.0064882697
10208_1,0.05223086
5889_3,0.90632194
2376_9,0.9891816
3354_2,0.0063883206
9530_1,0.9216402
2469_10,0.9933072
2229_10,0.75851065
12326_10,0.992062
8097_2,0.021125194
6502_3,0.04304285
8877_8,0.994089
5408_7,0.09041373
3589_4,0.012624948
5934_3,0.00619299
3653_10,0.99341017
6900_1,0.0043994132
3395_9,0.993807
10302_7,0.98549646
10527_3,0.005220126
10080_10,0.992062
5818_10,0.9918121
3178_10,0.990732
10636_8,0.9932025
9586_2,0.9914225
8548_2,0.007232764
2851_1,0.0040072887
6874_7,0.9856076
5850_8,0.994089
2392_10,0.99128854
7434_2,0.0067975316
11879_10,0.990732
1190_10,0.98998636
8411_10,0.9905874
4833_9,0.11124121
5853_1,0.00498227
5485_4,0.004331502
111_3,0.00581996
6376_10,0.9941801
5425_1,0.00619299
3189_2,0.0059110695
5053_8,0.9911527
1171_1,0.059646945
2206_4,0.0064882697
11912_4,0.004264634
9874_7,0.9798227
3439_9,0.98549646
4221_8,0.99101454
6830_3,0.0038244836
960_8,0.99014014
11862_1,0.008847355
8231_7,0.98173577
11765_1,0.0067975316
9849_1,0.006903838
7518_4,0.936285
3014_1,0.005554925
2534_10,0.993807
5197_10,0.9941801
6775_2,0.0054692742
4649_1,0.015424551
10748_3,0.0063883206
6943_4,0.02145073
9692_1,0.0039454065
11972_7,0.07835981
7251_9,0.99390244
459_4,0.04369106
1101_8,0.9838472
358_4,0.08359068
7543_1,0.047425874
3980_3,0.012624948
1276_3,0.0076956474
12111_8,0.98625773
11876_4,0.006003596
5473_8,0.990732
1296_1,0.004905406
7224_9,0.9896718
8035_10,0.99341017
10436_1,0.00498227
8475_1,0.9492946
4293_2,0.0053018946
9867_2,0.0038244836
4101_1,0.006097562
6220_1,0.004198795
6246_4,0.07263671
2907_8,0.5952573
4532_2,0.0057302467
10753_8,0.9923044
328_10,0.9930962
1941_1,0.009125638
7586_9,0.64732456
11294_1,0.005220126
7534_9,0.9941801
2675_3,0.012821214
3837_10,0.9927672
5349_9,0.99193794
641_1,0.004681822
9273_8,0.98840266
8120_4,0.008061991
10610_1,0.0047552
1829_1,0.0044683837
6406_10,0.9908744
4029_10,0.99193794
10845_10,0.87621135
2573_4,0.9588471
2033_3,0.049589027
9633_4,0.9896718
6243_1,0.007937994
7596_10,0.99128854
4208_8,0.56385833
6984_8,0.888372
3656_1,0.004133968
2434_1,0.007011795
10340_7,0.14463145
6130_9,0.98282325
8093_7,0.014842417
7962_1,0.021287354
12178_7,0.016914913
10931_2,0.004133968
6857_10,0.9923044
11091_8,0.99371004
4167_2,0.005554925
679_4,0.27163795
10147_1,0.0043994132
6875_1,0.005384938
923_10,0.9933072
6200_8,0.9588471
7208_8,0.990732
5363_8,0.9939964
4067_8,0.8812066
1773_7,0.99193794
1498_10,0.94208187
10497_10,0.47122326
3444_10,0.99453074
588_2,0.004905406
9678_9,0.99298817
1983_9,0.98445636
5012_3,0.0053018946
12240_2,0.0053018946
5071_2,0.0059110695
5078_2,0.004264634
10069_3,0.008445628
7407_8,0.99298817
7207_1,0.004609572
2155_10,0.9923044
59_10,0.9914225
2531_1,0.0039454065
7772_8,0.99361163
11465_10,0.9877587
