id,sentiment
12311_10,0.98892784
8348_2,0.01627746
5828_4,0.8338664
7186_2,0.05834584
12128_7,0.9213576
2913_8,0.9832145
4396_1,0.1334152
395_2,0.31869715
10616_1,0.015906392
9074_9,0.9591543
9252_3,0.042722195
9896_9,0.9658996
574_4,0.03875619
11182_8,0.9273633
11656_4,0.041462272
2322_4,0.9263037
8703_1,0.018978037
7483_1,0.30404168
6007_10,0.9761292
12424_4,0.028436033
4672_1,0.01461567
10841_3,0.020645931
8954_7,0.5702416
7392_1,0.099120855
10288_8,0.96323055
5343_4,0.01812472
4950_1,0.012821214
9257_4,0.11636176
8689_3,0.50097656
4480_2,0.5692541
9286_10,0.9161096
12245_10,0.9851576
7529_7,0.9736447
4_4,0.040237945
5299_2,0.026556572
12077_8,0.9738444
10701_2,0.021948254
11579_1,0.013428254
10993_1,0.016029146
8913_1,0.048496004
1350_3,0.0715912
3804_2,0.014957086
5025_3,0.09073549
5170_8,0.9722044
8225_8,0.95759624
6427_7,0.9603612
3165_3,0.04208773
7902_9,0.97737074
8208_3,0.02865267
3577_8,0.9339146
4865_1,0.014281935
9063_3,0.030214587
1106_1,0.04304285
1117_9,0.9853843
1050_4,0.8548847
10755_9,0.92523
2729_8,0.9339146
10072_10,0.9329437
2904_7,0.9603612
4584_2,0.558327
189_4,0.13660839
6302_4,0.1187934
8138_9,0.81227237
1262_1,0.03875619
2199_10,0.98187524
6551_7,0.2052962
8082_7,0.4207186
4897_8,0.98102194
7360_1,0.021948254
11012_10,0.9019207
12046_1,0.042403832
2331_2,0.037608635
8961_9,0.9787127
751_7,0.21109137
9884_10,0.8872046
10016_8,0.9693242
8023_10,0.9079672
2628_1,0.01566365
5832_1,0.07531231
7302_1,0.022457054
4501_3,0.10374863
1121_7,0.7823301
8334_3,0.9114953
9789_10,0.3595328
4230_10,0.9738444
824_4,0.47926
6803_9,0.7185944
3086_7,0.983343
1135_8,0.98445636
10136_1,0.017176708
11129_3,0.014728613
2072_8,0.23581158
9501_7,0.9688562
319_10,0.6916015
1693_7,0.9686196
10886_1,0.014728613
9406_8,0.9874721
10376_10,0.96323055
9902_1,0.025565214
9938_8,0.1187934
7080_9,0.85145944
11944_8,0.24382246
5249_1,0.01384861
9599_2,0.029535338
9620_1,0.02297737
11244_1,0.024423089
6841_10,0.98677725
10050_4,0.9167081
10512_9,0.9851576
11327_3,0.016403032
10681_8,0.76838577
808_3,0.07004896
546_7,0.9832145
10765_1,0.02178117
7189_9,0.96405166
6005_9,0.9728308
11915_9,0.97997653
5740_10,0.98527133
7097_10,0.88602656
9573_10,0.97737074
5084_4,0.02145073
12332_7,0.8062431
8154_1,0.014957086
5610_1,0.016914913
5323_9,0.8365546
11034_8,0.7185944
3977_2,0.24944724
12380_7,0.35092172
1737_8,0.9329437
6030_9,0.8238959
5918_7,0.95362175
7061_9,0.98187524
266_8,0.979354
1375_10,0.9213576
8648_3,0.82893884
10146_10,0.96691406
4578_10,0.9230392
4685_8,0.9224824
11843_9,0.938124
5467_10,0.9885804
10140_10,0.98840266
7721_8,0.9615338
11208_10,0.05582314
1063_10,0.9465967
8260_10,0.10374863
3182_9,0.96485513
2797_8,0.9566342
7613_2,0.584627
11624_4,0.015424551
4847_10,0.9879462
10684_7,0.9798227
6312_1,0.01883313
4925_3,0.015906392
4125_1,0.0140636265
2394_10,0.98840266
12105_10,0.98803884
7812_1,0.01384861
1061_8,0.96095175
9343_3,0.02517884
7696_10,0.9829547
9355_10,0.9881309
782_9,0.9719925
9882_10,0.9845754
10642_10,0.98228765
7410_2,0.018546565
9591_4,0.05184547
11902_3,0.34565726
3495_7,0.21667379
6733_1,0.01384861
4552_1,0.019719128
6722_1,0.26635727
188_10,0.9863631
5099_10,0.045015533
10313_1,0.016657041
6756_9,0.8204695
6622_2,0.013020489
4807_10,0.98892784
7173_3,0.027169231
11321_8,0.9761292
7909_9,0.7641884
8012_7,0.16885696
8615_4,0.02017732
8117_10,0.9623913
1892_10,0.86838096
4617_1,0.022286188
1893_8,0.9433476
5435_1,0.027376488
162_3,0.0145035805
6516_10,0.9730365
11588_7,0.97482115
2006_1,0.012624948
1594_4,0.5672775
1472_1,0.014281935
3647_1,0.25036255
174_7,0.22371607
5539_7,0.91367656
3384_10,0.98803884
3811_4,0.21933751
4079_8,0.97112906
1179_7,0.95150405
3069_9,0.98173577
3769_8,0.9678993
9247_10,0.98228765
10434_1,0.019124037
1147_10,0.9877587
5344_7,0.94891727
8073_10,0.9877587
7833_3,0.013222822
8370_1,0.015424551
9007_8,0.52000886
6624_7,0.36398593
6683_3,0.01461567
12275_7,0.9795114
11927_8,0.9814534
1560_10,0.9851576
1325_9,0.44480592
3548_8,0.77424216
607_1,0.015189049
6702_7,0.0973904
5702_3,0.019124037
11345_8,0.9658996
3428_4,0.50219727
7209_9,0.983597
8425_8,0.9507779
3087_1,0.02178117
1119_8,0.97023994
5715_3,0.0226292
8645_1,0.014842417
2149_3,0.013636835
10403_10,0.8969756
5628_1,0.01627746
5570_10,0.9834705
1613_3,0.029760094
1454_4,0.8037906
5094_3,0.02017732
7982_1,0.13799646
6894_2,0.031618766
6554_1,0.016403032
4721_3,0.02096424
6904_4,0.07477005
893_8,0.9825575
4605_4,0.12168575
11516_7,0.31806135
11718_7,0.97046465
5956_1,0.01243165
7455_9,0.9764905
6396_4,0.94815457
1223_8,0.9764905
8556_1,0.020804489
6108_8,0.69678426
11690_1,0.026556572
3778_9,0.96909106
3627_4,0.20785715
8256_4,0.17050801
533_1,0.013222822
5235_4,0.012821214
621_2,0.024237636
5365_1,0.7599387
8180_3,0.01507263
7396_7,0.5506074
9776_10,0.9869795
8175_10,0.9559813
3128_1,0.017045317
4606_1,0.02297737
6158_2,0.01243165
3281_10,0.25590113
4723_4,0.08449275
11994_3,0.036493763
7701_1,0.016152835
103_3,0.025565214
8908_10,0.97887486
8876_1,0.013222822
7519_9,0.938576
12456_8,0.9230392
9514_8,0.93439513
8680_8,0.89805347
12402_10,0.9462003
362_2,0.028220987
9825_7,0.9591543
2913_3,0.4909678
7164_8,0.81757444
11177_7,0.9787127
5707_10,0.98951083
8103_10,0.9744348
6289_1,0.02145073
11754_1,0.0335895
11640_10,0.98173577
9933_7,0.57332015
185_10,0.9766692
242_10,0.9791955
9369_8,0.9465967
7453_10,0.9750122
7514_7,0.88602656
10860_2,0.020332353
8663_8,0.03384404
9108_1,0.014172365
7941_1,0.019568678
10116_1,0.01384861
9841_4,0.5323036
4512_9,0.983597
4853_2,0.3547683
2664_4,0.26114246
9966_10,0.9130583
5167_2,0.01566365
3894_2,0.05379964
3929_8,0.9740426
7165_10,0.9458012
5451_8,0.41566953
2947_4,0.34792474
4611_10,0.9549844
5807_1,0.02297737
9464_8,0.98201376
3124_10,0.97482115
2705_4,0.1384618
12187_8,0.9861514
12319_10,0.98173577
9874_3,0.70150864
3406_4,0.88602656
2327_10,0.98549646
605_10,0.92683524
8080_4,0.47195333
3074_10,0.97344345
2499_3,0.23722236
1013_1,0.2146914
11535_1,0.018546565
4118_7,0.9184803
10492_8,0.9802808
2129_4,0.06008665
9814_10,0.97023994
10671_9,0.9722044
5980_10,0.9898303
2755_2,0.03308598
5461_2,0.019124037
11979_1,0.0269635
8810_1,0.0145035805
852_7,0.9563089
10961_4,0.047074176
7436_4,0.057493284
11281_3,0.28537193
4208_3,0.01883313
8213_10,0.9559813
9851_2,0.120025635
4713_7,0.9615338
9528_1,0.97134733
3595_10,0.983597
5785_3,0.022286188
10370_3,0.01243165
1980_3,0.84389514
8800_4,0.9124362
4437_3,0.024423089
28_3,0.016657041
12171_1,0.6660625
9359_3,0.04304285
3831_9,0.9740426
10962_7,0.8454327
1500_9,0.078078166
11470_10,0.9791955
11843_3,0.04177388
11200_4,0.39922592
1067_1,0.030214587
3333_1,0.053009775
4487_4,0.4026563
6428_1,0.016914913
575_7,0.38021222
10904_9,0.87147486
11821_2,0.3657398
11605_1,0.019719128
1111_7,0.7927853
10295_1,0.0460339
1146_4,0.01507263
2405_9,0.29158568
11081_10,0.9205043
2201_10,0.97737074
4844_1,0.038178276
11007_8,0.98445636
6535_7,0.9719925
2653_4,0.02350945
8245_10,0.9511422
9951_8,0.9780517
6133_8,0.9518632
10006_2,0.013020489
7350_1,0.015189049
4509_9,0.94815457
948_1,0.01678549
3987_1,0.015189049
2947_10,0.96182173
6041_3,0.34703904
2946_1,0.01627746
11967_4,0.06325053
1185_10,0.96814114
10323_2,0.50219727
11706_2,0.01243165
3663_1,0.017176708
5602_10,0.98803884
4870_10,0.9728308
1994_1,0.14366761
10807_7,0.96538115
6871_3,0.6654106
1175_2,0.04813677
10919_7,0.9807288
8127_10,0.9757624
12497_4,0.8283842
3274_1,0.8479678
2568_3,0.017712297
840_2,0.03410043
5626_10,0.98998636
7561_10,0.9825575
4600_3,0.032344334
3324_9,0.8198933
8899_7,0.9728308
5592_8,0.27415702
12483_4,0.017309094
7874_1,0.013020489
5878_10,0.97462875
4303_9,0.93045825
9421_1,0.024423089
10269_4,0.018264279
10615_2,0.9001793
2634_10,0.9798227
7522_1,0.015906392
9289_10,0.9585377
4636_10,0.97539
1241_7,0.86522406
9458_9,0.24364243
11690_10,0.96458924
7176_4,0.26322046
6212_10,0.9736447
6319_1,0.032836955
5229_3,0.050705362
466_9,0.9840936
8693_2,0.01507263
2952_10,0.97539
1128_1,0.014281935
3975_10,0.97821885
11365_10,0.96641046
2074_9,0.9688562
9768_10,0.98481095
4895_1,0.016914913
5726_10,0.9324533
9993_10,0.9603612
11319_2,0.11516223
10561_2,0.86476797
5455_8,0.43650195
10684_3,0.24835184
3652_3,0.02517884
7825_1,0.02865267
8806_1,0.014728613
275_10,0.8705973
2246_1,0.013428254
11968_2,0.04922211
2528_1,0.085403666
8491_8,0.971564
13_1,0.12721826
4530_8,0.97046465
5207_3,0.24689631
11648_10,0.9462003
8260_1,0.0140636265
10730_10,0.979354
10402_3,0.078078166
8077_1,0.0145035805
8598_8,0.07978202
2809_3,0.0153063545
12490_10,0.9339146
1447_9,0.97482115
1605_3,0.015189049
2311_4,0.014957086
3235_9,0.97997653
5725_10,0.97719735
9025_10,0.97462875
6049_9,0.8392076
4803_10,0.98481095
191_9,0.98469365
420_3,0.14223188
5238_2,0.017309094
1280_9,0.9763105
9408_4,0.30486888
819_1,0.02479816
1656_4,0.027169231
9964_3,0.47609246
10404_4,0.21568096
12369_10,0.9884919
6423_1,0.016529558
9942_8,0.8812066
1519_1,0.20087102
100_10,0.96741027
3216_10,0.9840936
3909_10,0.9145963
5034_7,0.97046465
14_8,0.9429286
5891_3,0.01627746
8496_10,0.9888419
7429_1,0.047074176
9457_1,0.019870715
9602_8,0.91789335
4198_1,0.012624948
154_2,0.026759284
5070_2,0.014392335
4207_8,0.3625177
7758_8,0.98173577
4439_9,0.9785493
12042_1,0.015906392
7244_1,0.013428254
6854_1,0.017045317
11932_10,0.8697146
4151_10,0.9059898
7265_1,0.05834584
10272_7,0.8392076
4256_4,0.07921033
1225_7,0.96691406
956_10,0.9826909
6389_2,0.021948254
1365_4,0.024237636
4752_7,0.42036167
276_10,0.9869795
8766_9,0.91964257
11225_10,0.9861514
6920_1,0.014281935
11536_1,0.015424551
1923_9,0.97482115
11460_10,0.81047887
10054_7,0.891055
10845_1,0.013428254
10231_4,0.9046505
9430_8,0.95150405
3226_2,0.016403032
4298_3,0.022286188
10635_4,0.023870835
10567_4,0.061875988
5460_10,0.987375
7310_7,0.9230392
10330_2,0.013636835
5151_9,0.572185
11_3,0.023330767
1448_8,0.3373127
10130_8,0.92107415
2199_3,0.016529558
1761_10,0.9666631
2782_1,0.013428254
7618_10,0.9840936
85_10,0.98187524
5730_3,0.10123348
3641_1,0.02145073
8190_9,0.97887486
9533_10,0.9882222
9508_1,0.01798621
237_8,0.96691406
3981_7,0.9539661
7194_9,0.87997437
10584_8,0.7516481
248_2,0.013636835
8358_4,0.01784874
1218_1,0.02017732
4191_10,0.08632348
3090_8,0.19375686
11923_2,0.01798621
1640_8,0.9492946
9972_3,0.1187934
11818_4,0.6880493
4350_10,0.9458012
877_10,0.39140594
10017_8,0.9518632
7975_10,0.98840266
8436_1,0.8454327
6024_7,0.8474635
3112_1,0.018546565
951_10,0.9764905
1622_1,0.021287354
191_3,0.27163795
5669_1,0.01883313
1891_4,0.0335895
12173_9,0.8504686
7887_7,0.63928574
3256_10,0.8840393
5419_1,0.017045317
7635_1,0.019271135
8297_2,0.02865267
7137_8,0.41176122
7562_3,0.26473838
9944_1,0.017045317
4288_1,0.014842417
8087_1,0.97482115
4771_10,0.9764905
10482_10,0.91789335
5324_10,0.9877587
3080_1,0.015784562
10923_7,0.8727817
1753_7,0.98625773
317_10,0.920218
12474_8,0.6220002
773_8,0.9798227
388_1,0.017442483
12141_2,0.02297737
5667_1,0.7545535
1071_9,0.97112906
2897_10,0.93045825
9481_4,0.05623634
12025_1,0.015189049
8879_7,0.9001793
5683_1,0.015784562
7026_1,0.0140636265
2439_1,0.19837458
3631_7,0.84389514
1650_9,0.8596637
5378_7,0.9850429
9745_1,0.016152835
11563_8,0.85776806
299_8,0.96909106
9471_2,0.026556572
1866_1,0.028220987
2639_4,0.030675802
5122_1,0.1334152
12341_7,0.18300885
2936_8,0.98282325
8647_10,0.96485513
4255_9,0.96485513
7262_8,0.17300858
8413_10,0.44215474
10080_1,0.016029146
3973_1,0.77696157
8752_9,0.9851576
4018_2,0.015424551
7669_1,0.019271135
10421_4,0.11920291
7854_8,0.96405166
162_8,0.47560534
11614_9,0.87831426
11343_8,0.8494724
1708_7,0.25404602
7115_4,0.3479801
10498_10,0.95362175
2944_8,0.98625773
10474_3,0.3671568
1263_1,0.017176708
1693_4,0.3473157
9600_9,0.027795624
11173_2,0.091058284
3961_2,0.11397346
8011_1,0.08632348
7386_8,0.48657548
8787_8,0.97539
12349_9,0.95362175
1776_4,0.0140636265
5885_4,0.96182173
220_4,0.7166154
5547_8,0.983597
2853_1,0.016914913
2157_2,0.31226513
11667_2,0.015784562
194_7,0.9826909
1633_1,0.024053553
6897_2,0.04401865
11568_2,0.3038351
9219_1,0.02017732
477_8,0.9750122
8980_3,0.23440664
4612_10,0.9859364
8030_10,0.9853843
1846_8,0.98667485
2786_8,0.9861514
2634_1,0.01678549
3110_8,0.9623913
11587_8,0.36026397
11262_8,0.9759464
5680_7,0.97046465
4583_4,0.10158945
1451_1,0.014957086
4244_4,0.95565146
6176_4,0.01461567
8851_10,0.97482115
908_9,0.97737074
7494_9,0.20882356
8061_3,0.018689308
789_1,0.014728613
2374_7,0.9059898
11225_3,0.027795624
4467_4,0.0140636265
8516_10,0.87621135
4121_10,0.9465967
10267_7,0.79246426
6040_8,0.9563089
8338_7,0.9830851
2903_7,0.97966766
6662_9,0.983343
5333_10,0.98646784
7470_4,0.012821214
8813_1,0.047780063
4514_3,0.7412996
9584_7,0.87578696
11706_8,0.97046465
11538_8,0.10894506
4210_1,0.013636835
8984_1,0.014728613
3431_4,0.05834584
4973_10,0.94966936
12260_1,0.036493763
4267_10,0.971779
9906_9,0.987375
670_7,0.87663436
6270_3,0.012241275
5164_4,0.016403032
9741_2,0.2877678
3761_8,0.9572778
2651_2,0.7921428
7448_10,0.9507779
7184_9,0.96267307
1313_9,0.979354
10654_8,0.9764905
7151_1,0.014281935
2320_10,0.8976953
12033_7,0.76383626
6429_1,0.0153063545
1420_4,0.97324073
3002_7,0.9167081
1299_1,0.039937317
7897_9,0.9184803
1529_4,0.01384861
9760_2,0.10818895
11318_1,0.024987794
2217_3,0.08570928
11641_2,0.013020489
7238_10,0.97838473
7710_8,0.94853723
12011_8,0.97719735
4495_7,0.49707034
11144_4,0.929951
5625_2,0.026556572
2926_7,0.11201596
8538_8,0.78727776
8875_10,0.9881309
10881_10,0.87578696
1662_7,0.97090924
4560_9,0.86153823
6714_4,0.01566365
9059_10,0.97887486
6631_10,0.90397453
8520_1,0.014957086
918_4,0.4452883
3102_10,0.9073123
3611_2,0.014172365
8434_10,0.9845754
681_7,0.98159516
7386_4,0.01784874
7566_9,0.69471705
10110_10,0.9814534
10486_10,0.6861598
1492_3,0.33057925
11823_1,0.027585285
2331_9,0.91789335
2200_2,0.017045317
9547_1,0.29320207
785_2,0.0140636265
5101_4,0.891055
5657_10,0.68763
6902_7,0.96267307
1490_9,0.3577358
7148_9,0.9585377
7387_8,0.16398025
8277_9,0.9683812
6912_7,0.9738444
170_2,0.17610411
7702_10,0.9878528
4393_3,0.020023443
2608_3,0.7895584
4931_8,0.9582261
10589_10,0.96182173
8623_4,0.0153063545
6057_2,0.01384861
2704_9,0.9851576
1790_2,0.8193158
12370_1,0.0140636265
159_1,0.014392335
343_9,0.93195957
2128_9,0.98677725
11181_8,0.9142907
11775_10,0.96323055
3514_10,0.9728308
6993_2,0.01461567
2866_9,0.97262347
1000_9,0.9700135
11772_7,0.7648916
3355_9,0.34676245
8519_8,0.6304574
7879_3,0.24762337
4332_10,0.92788786
5403_1,0.013636835
1514_7,0.78825736
7904_1,0.017309094
10550_2,0.027585285
11442_10,0.9759464
2821_3,0.22644134
5766_1,0.014281935
8061_9,0.97903574
2166_1,0.015424551
6206_1,0.016152835
11124_2,0.030908957
7625_10,0.76100606
90_9,0.91550726
7959_10,0.97344345
7029_10,0.9407897
779_8,0.9884919
1101_4,0.78032786
11189_4,0.357119
9790_4,0.021125194
10861_1,0.03410043
5902_2,0.01566365
9545_10,0.0627892
3730_1,0.01243165
4951_9,0.9339146
3295_1,0.01798621
9495_2,0.092687786
2876_1,0.024609927
2796_1,0.22575782
10338_3,0.029760094
10913_7,0.3235938
4685_2,0.026556572
11586_1,0.02178117
4904_7,0.40429428
7110_7,0.9390248
2086_4,0.08977329
7372_7,0.45495644
135_9,0.96691406
7038_3,0.82275945
1119_2,0.021948254
5057_8,0.92788786
3479_10,0.98625773
6489_8,0.98549646
4910_8,0.98228765
5979_10,0.9740426
11304_1,0.015424551
2102_9,0.9837225
8048_1,0.0140636265
12153_7,0.14706452
4832_8,0.9449947
3079_9,0.98527133
8254_2,0.016152835
7981_7,0.7490872
611_1,0.87831426
307_10,0.32896042
8861_3,0.099120855
4635_4,0.22575782
6197_7,0.68510735
6739_3,0.018978037
8588_9,0.97262347
8461_7,0.2216875
10089_1,0.6899066
2609_7,0.31869715
1418_3,0.03594832
2661_10,0.65423226
1253_9,0.86385167
8815_9,0.96741027
9867_8,0.95945925
2155_1,0.025957355
12259_4,0.040845715
11224_3,0.019124037
4781_1,0.01461567
4354_9,0.9861514
9629_9,0.9807288
3629_9,0.97997653
6445_10,0.98527133
9526_10,0.98657167
5138_2,0.12940274
349_10,0.36755398
2099_7,0.8059378
4411_1,0.06418265
8127_3,0.016029146
5225_8,0.94458723
7970_3,0.01678549
5688_7,0.91550726
12099_3,0.14928316
6020_4,0.87705624
3892_8,0.9763105
2098_8,0.98571813
4851_7,0.9755769
10967_10,0.938124
6230_4,0.024237636
2211_2,0.7648916
11978_10,0.9465967
8802_1,0.013020489
11010_3,0.045692034
10083_2,0.32723817
5588_10,0.12635334
958_10,0.9834705
6771_4,0.26208568
6767_9,0.2865684
7302_10,0.9750122
5324_3,0.024237636
7737_10,0.98102194
8603_10,0.05623634
3029_7,0.9546474
8640_2,0.020645931
2139_1,0.01243165
6305_10,0.98677725
6884_7,0.9801293
5534_8,0.909907
7619_8,0.98646784
10057_8,0.96182173
972_7,0.98571813
6245_8,0.8872046
6627_7,0.97702265
3621_10,0.3562227
2290_4,0.90894175
24_4,0.20212801
5689_1,0.013020489
6497_4,0.2934045
12405_4,0.9433476
11720_7,0.9837225
10088_1,0.013222822
9258_9,0.98215127
354_4,0.94208187
4770_10,0.98445636
1035_3,0.024053553
739_1,0.016529558
6267_7,0.9832145
1562_8,0.97423947
1438_1,0.023330767
281_8,0.9878528
1818_1,0.51415634
3943_3,0.020804489
8116_4,0.1766716
6984_1,0.015189049
5330_4,0.01395571
8821_8,0.937669
10484_10,0.98646784
1886_4,0.18922128
7943_2,0.22000709
6438_7,0.9539661
8931_10,0.97684664
10538_10,0.87191176
534_10,0.98549646
7329_2,0.02576056
6614_2,0.016152835
710_10,0.98571813
3120_4,0.064653486
9046_1,0.018978037
5638_2,0.01461567
2455_4,0.2243952
2652_3,0.017309094
11006_4,0.051082738
5065_3,0.03410043
9805_10,0.9814534
7092_8,0.9582261
1735_10,0.9728308
3609_1,0.020488555
1201_10,0.9798227
11024_9,0.9811669
3807_10,0.94208187
4483_10,0.97462875
4510_7,0.9666631
8037_1,0.02931223
1760_1,0.023689471
133_8,0.883236
9039_8,0.97719735
8462_4,0.8906752
2468_10,0.97719735
7684_3,0.0145035805
10350_9,0.96814114
1199_10,0.97262347
8560_1,0.017176708
6405_3,0.018404892
1295_1,0.015784562
6420_1,0.019719128
12183_9,0.97903574
11619_1,0.015784562
1415_9,0.92683524
9414_1,0.014392335
7640_4,0.20402452
9211_9,0.9738444
557_9,0.9830851
4501_9,0.9750122
8711_10,0.22507578
2402_1,0.2555294
4586_10,0.79692537
176_3,0.057493284
3545_1,0.034358688
8932_1,0.017045317
5829_10,0.97539
3409_10,0.9875683
3636_3,0.49951172
12048_7,0.9879462
10468_10,0.9755769
11546_10,0.9546474
9444_10,0.9807288
6275_1,0.7102265
152_4,0.67168593
4767_9,0.79117644
6751_1,0.01384861
10245_4,0.7442848
5407_8,0.88523525
1923_1,0.10087862
515_9,0.91789335
9988_1,0.87450653
5928_8,0.98159516
10163_4,0.9005298
7969_10,0.98187524
1494_4,0.87147486
11211_10,0.98892784
1957_1,0.0140636265
8484_7,0.89982784
848_2,0.014392335
5177_1,0.6627965
10667_10,0.567637
3075_1,0.04369106
9443_10,0.9829547
1572_8,0.96485513
11285_8,0.8868131
3125_1,0.22507578
9265_9,0.9838472
4072_1,0.02017732
6390_2,0.07921033
6496_4,0.8255897
8766_2,0.01678549
7787_10,0.98625773
5897_10,0.9887554
9027_1,0.029760094
1538_2,0.014957086
1220_3,0.0145035805
8600_3,0.35605475
11432_2,0.27629983
1424_4,0.29320207
7344_10,0.9863631
10842_1,0.037608635
10332_10,0.9791955
4340_4,0.046378206
4868_4,0.13568954
11216_9,0.89947516
12027_10,0.94122344
6785_7,0.9339146
8773_8,0.9757624
8119_4,0.8548847
10138_10,0.96814114
7197_2,0.013428254
1536_3,0.63522243
9981_7,0.95976204
4753_1,0.14511536
2795_7,0.06512755
6672_4,0.03410043
10805_7,0.6934729
5866_1,0.01627746
570_1,0.013222822
11965_8,0.9425068
3288_1,0.6288634
8135_1,0.069541745
10094_9,0.9813107
5845_10,0.98527133
3570_8,0.8624676
1240_1,0.022286188
231_1,0.036769465
10628_9,0.9403531
3536_1,0.047425874
1852_10,0.98087597
8202_7,0.97112906
5907_7,0.74316794
1759_10,0.8086723
4492_10,0.86431044
4844_7,0.9022657
3189_10,0.9740426
3403_10,0.98707944
5874_2,0.012821214
7809_10,0.966156
3632_9,0.938576
11767_2,0.94776917
9925_3,0.379091
4218_1,0.02350945
12036_7,0.28437722
8973_2,0.014281935
2464_10,0.9339146
4094_1,0.020332353
10592_1,0.0269635
10648_9,0.9877587
3887_10,0.95150405
9092_8,0.9394706
10666_10,0.9856076
8389_10,0.95976204
5281_10,0.9876639
6946_1,0.014392335
1132_1,0.019271135
10052_4,0.10932483
768_10,0.9429286
5432_3,0.0111580305
7424_3,0.017442483
2366_2,0.025565214
2865_3,0.05033063
7806_2,0.08035747
8878_3,0.23970512
6298_7,0.9787127
4517_4,0.02096424
12018_10,0.9801293
3662_1,0.0140636265
11393_10,0.9167081
2071_10,0.98228765
8217_8,0.9353465
6568_2,0.016657041
3840_10,0.9829547
1666_3,0.11516223
2360_7,0.8311431
5778_4,0.7972413
5341_4,0.7862948
4044_2,0.0153063545
2503_3,0.21011725
4095_10,0.7405498
2092_2,0.01627746
2707_3,0.036220055
573_10,0.9722044
6441_7,0.9394706
7565_3,0.014281935
9499_7,0.8879841
657_10,0.98707944
8840_10,0.9224824
1407_4,0.68236214
12453_2,0.033336822
8273_9,0.9878528
8366_7,0.9230392
10643_9,0.8529355
9998_1,0.020804489
1385_1,0.01798621
1354_4,0.0335895
4674_7,0.94853723
3515_4,0.4120569
10426_8,0.69657785
10226_3,0.031858858
10391_4,0.4201237
9968_1,0.013636835
2893_3,0.01812472
2546_9,0.9190633
37_1,0.013428254
1757_10,0.9807288
1569_8,0.97737074
1466_3,0.01627746
7783_1,0.016029146
9506_10,0.9811669
10835_3,0.01507263
2917_9,0.96765566
2495_7,0.9802808
1686_10,0.98892784
2414_7,0.32993123
5318_8,0.9879462
8858_8,0.70740473
8112_1,0.02517884
6532_2,0.016529558
2526_10,0.9623913
11089_7,0.9759464
4297_8,0.9805807
3179_9,0.98646784
5832_10,0.98242307
10539_8,0.9124362
9226_10,0.9238675
9878_1,0.7191864
7940_10,0.98549646
7195_10,0.9697854
2979_1,0.21866938
3597_10,0.9883128
2931_8,0.25776508
8571_10,0.79246426
12148_1,0.013222822
4047_2,0.014728613
6164_10,0.9849274
2214_8,0.98159516
5903_1,0.53849787
7931_9,0.93195957
1205_3,0.24041776
5983_10,0.98201376
10424_7,0.93045825
11032_7,0.8656789
1303_10,0.7826625
10390_1,0.021287354
8349_2,0.01678549
3605_8,0.97821885
12273_1,0.012821214
60_1,0.02017732
3879_9,0.9390248
12431_4,0.53133094
4499_2,0.026155619
5786_10,0.09602549
5521_4,0.6119184
793_8,0.8891444
7948_3,0.023689471
9022_2,0.01384861
11071_1,0.020645931
4991_3,0.909907
8226_1,0.01798621
8762_3,0.027376488
6918_4,0.56587887
844_10,0.6178585
11503_8,0.9591543
7406_8,0.979354
7743_1,0.047780063
514_3,0.016657041
10927_9,0.97462875
3731_7,0.97737074
8870_4,0.68825895
11099_10,0.9869795
8456_10,0.7148271
10944_7,0.17384852
7168_3,0.01798621
3378_10,0.97324073
8203_3,0.02865267
5676_1,0.016152835
5061_9,0.9840936
6238_8,0.9511422
1136_8,0.22270015
6234_3,0.074231364
9510_3,0.9563089
9632_7,0.6699608
4357_1,0.23739909
1176_9,0.9850429
10821_8,0.9868787
4143_4,0.91367656
5074_8,0.14463145
11673_1,0.013020489
11072_2,0.014281935
1816_4,0.5767655
3974_7,0.8489722
796_4,0.9719925
8540_2,0.03875619
10959_8,0.97112906
4576_10,0.9740426
7030_1,0.19375686
3340_10,0.9791955
3223_3,0.04115289
3030_1,0.0460339
4194_1,0.019719128
11322_1,0.0226292
1785_1,0.019870715
7109_2,0.016529558
4120_1,0.04369106
3024_7,0.97134733
589_2,0.01507263
2480_10,0.7595823
4878_1,0.7055822
571_1,0.84234506
12156_8,0.9022657
7547_9,0.9719925
6577_10,0.9875683
7101_3,0.2991052
1731_3,0.05223086
10424_1,0.02211659
9056_10,0.9861514
11959_3,0.81405276
6952_4,0.01566365
8709_10,0.9142907
4716_10,0.9763105
2393_10,0.98215127
4007_7,0.7505527
1196_2,0.5391045
8483_1,0.021948254
1840_3,0.03541073
6108_1,0.02178117
4621_8,0.8710367
11332_4,0.95292586
8800_10,0.95531917
886_7,0.9860443
6495_8,0.23828422
6193_10,0.90632194
10297_1,0.09670579
4233_1,0.02211659
3121_10,0.9719925
1681_10,0.971779
5789_1,0.019870715
6446_10,0.983597
479_9,0.98282325
6401_1,0.024609927
7602_1,0.016657041
10792_1,0.014957086
11436_9,0.98282325
6944_1,0.061875988
6275_9,0.02178117
7314_10,0.9876639
8887_9,0.95430803
1835_8,0.9740426
8403_7,0.98187524
2090_1,0.06418265
12310_1,0.076407686
9795_9,0.96909106
4260_1,0.013636835
3214_4,0.02145073
10974_8,0.97684664
3374_10,0.47292694
2251_2,0.01461567
2325_7,0.91181
28_9,0.9683812
1758_2,0.030214587
1222_8,0.9433476
1229_4,0.024423089
9791_2,0.90295243
3433_4,0.019419348
10847_10,0.98998636
5020_2,0.013020489
9652_3,0.023153413
1739_10,0.9656413
10441_4,0.14463145
9002_7,0.93439513
4304_8,0.86339164
290_9,0.9777139
1339_8,0.9339146
10899_1,0.047425874
8723_8,0.966156
12487_7,0.6834195
10384_7,0.84695786
4673_4,0.015906392
11679_1,0.013222822
3938_2,0.019719128
2253_10,0.9853843
198_7,0.9881309
3346_3,0.06418265
11543_3,0.015784562
8463_1,0.02017732
1297_2,0.012821214
4689_1,0.013222822
4681_1,0.014842417
961_8,0.97462875
9865_2,0.15895613
770_3,0.020488555
10495_2,0.28977346
6302_8,0.87914675
6232_4,0.040237945
10098_1,0.01627746
8905_2,0.013428254
8853_10,0.9309621
6081_10,0.9871788
12_4,0.037608635
1291_7,0.74502754
1679_1,0.20497774
996_7,0.7310586
3343_10,0.97702265
6083_10,0.9877587
98_9,0.9158089
962_4,0.79502225
4857_8,0.8958876
12394_7,0.8895288
1321_10,0.97324073
8994_10,0.9802808
7788_1,0.015424551
9708_8,0.41507664
9523_1,0.01812472
11785_4,0.016152835
5440_1,0.019271135
1091_7,0.91022676
11584_10,0.3463202
5369_3,0.86613256
3165_10,0.684053
3686_10,0.97423947
7069_10,0.19775414
427_3,0.020645931
895_8,0.9043131
4565_8,0.9559813
5139_9,0.9759464
5027_1,0.036493763
503_9,0.97482115
7630_1,0.014728613
8552_1,0.28527242
4322_3,0.028436033
3492_3,0.97997653
5301_4,0.01243165
752_4,0.01678549
4307_2,0.015906392
4901_10,0.9832145
233_2,0.06903793
10789_8,0.9394706
270_8,0.9868787
11442_1,0.016529558
3688_7,0.9314625
9928_7,0.9032942
6563_8,0.8558512
3437_7,0.44168803
10495_8,0.9798227
8775_10,0.9807288
12172_3,0.02576056
10085_10,0.9764905
8394_9,0.93721074
2607_10,0.9697854
6645_10,0.9813107
301_10,0.98840266
2153_10,0.98571813
1967_3,0.020023443
9604_10,0.9145963
10665_10,0.8543993
5409_1,0.0145035805
6707_10,0.9813107
3847_7,0.8596637
9261_10,0.987375
3772_1,0.015784562
8950_1,0.016403032
6591_2,0.049589027
2765_9,0.88038635
4166_10,0.94122344
11418_3,0.0894546
7137_3,0.019568678
3710_2,0.014728613
1153_4,0.29421496
4155_8,0.31679183
9221_10,0.94458723
8917_10,0.97966766
6066_4,0.3671568
5366_10,0.9890976
2520_9,0.97754294
11677_2,0.02517884
4032_2,0.017442483
4041_2,0.01757688
474_4,0.02297737
6392_2,0.025371313
6545_10,0.9728308
5009_10,0.93674946
3060_10,0.7673414
11033_10,0.98102194
297_10,0.95976204
9099_1,0.018689308
10496_10,0.8338664
5619_3,0.891055
4226_1,0.019870715
10483_8,0.9881309
1966_9,0.9757624
4024_2,0.015784562
6448_9,0.9876639
4252_1,0.016914913
250_10,0.9826909
10753_3,0.023330767
1005_7,0.6918097
4415_9,0.8895288
240_4,0.21174262
108_10,0.882022
1393_1,0.6210239
4236_2,0.5977253
9208_2,0.9284088
7156_10,0.8679338
6490_1,0.02479816
3518_3,0.01395571
10308_1,0.013222822
8706_2,0.018546565
8674_10,0.971564
8240_10,0.97821885
11890_10,0.94165415
976_3,0.02576056
5025_8,0.98646784
10206_8,0.9719925
11921_3,0.048496004
8344_7,0.7666432
295_8,0.061875988
2121_1,0.018689308
6978_8,0.9750122
707_3,0.929951
751_1,0.012821214
1931_10,0.9887554
7197_10,0.8656789
11032_3,0.0145035805
416_10,0.3090237
1384_2,0.08509905
4114_2,0.045692034
9450_10,0.9813107
6877_7,0.92468774
5092_9,0.98282325
3402_9,0.7314424
9517_10,0.98657167
8566_2,0.07696084
4493_1,0.047074176
842_1,0.093678
4926_1,0.1666754
3398_9,0.9724148
8857_10,0.7718435
3696_9,0.95976204
1952_1,0.019870715
5516_3,0.026556572
3297_10,0.95531917
8396_2,0.02350945
1928_4,0.026155619
7216_10,0.9813107
1648_3,0.02350945
9312_8,0.2724115
4392_2,0.02178117
4740_9,0.28298813
2985_4,0.013222822
6407_10,0.9688562
4015_1,0.02931223
911_10,0.9884919
7898_1,0.0140636265
5241_10,0.9693242
4955_4,0.7509182
4199_1,0.040237945
8319_4,0.94539934
6340_1,0.08694165
2003_1,0.016029146
11213_3,0.8119744
5109_4,0.014957086
9400_1,0.013636835
10719_7,0.967163
6848_8,0.96909106
11398_1,0.020488555
2606_7,0.93439513
5646_1,0.68236214
4103_10,0.64576244
8906_9,0.97023994
6997_10,0.9124362
9990_1,0.123365626
6573_1,0.027585285
8530_10,0.67017674
8382_9,0.96267307
4207_2,0.07696084
8794_10,0.93045825
917_9,0.85633236
10739_9,0.9539661
4286_1,0.016152835
1763_1,0.017712297
5173_10,0.9666631
1764_1,0.020332353
3614_3,0.8906752
3880_10,0.94853723
4059_1,0.015424551
8786_8,0.19375686
9553_2,0.12506539
10599_8,0.04369106
1048_4,0.7779754
8136_7,0.3823432
8715_8,0.9759464
7667_7,0.66909647
5647_2,0.012821214
6267_1,0.047425874
12444_10,0.76524264
7390_10,0.967163
7260_7,0.967163
6170_10,0.97838473
2181_2,0.020488555
6196_7,0.9759464
12058_9,0.7291342
8915_7,0.86431044
6816_10,0.9830851
730_9,0.9845754
5808_10,0.97344345
6256_2,0.013742321
5157_4,0.76383626
7970_10,0.97821885
6991_7,0.9591543
7112_4,0.025565214
12136_4,0.40262696
1554_8,0.96814114
8289_4,0.6695288
12452_8,0.9273633
6181_8,0.8344069
6237_8,0.9863631
9724_10,0.9507779
7991_1,0.01507263
8185_4,0.03541073
12162_1,0.020023443
8330_9,0.92359227
84_3,0.014281935
4879_4,0.016529558
1173_7,0.97903574
11095_2,0.017176708
9934_8,0.9546474
10791_9,0.94699025
5260_10,0.93581736
3123_3,0.110855594
7500_1,0.02931223
9472_8,0.9563089
6349_9,0.9700135
8706_8,0.96323055
12385_4,0.31489265
12409_4,0.02479816
809_10,0.98549646
11380_2,0.022802636
4975_8,0.97838473
5069_3,0.07211221
8132_7,0.9860443
5628_10,0.9875683
12329_8,0.42703825
8217_3,0.02479816
251_2,0.82275945
2901_7,0.9658996
4588_1,0.019870715
2647_10,0.8365546
6020_9,0.98582757
7171_3,0.17981842
5880_10,0.97821885
4842_9,0.9802808
10657_10,0.97023994
11858_7,0.97838473
4656_4,0.023330767
9293_10,0.9511422
10702_10,0.9871788
6277_10,0.9651191
7223_10,0.15354918
11150_8,0.9348725
4768_9,0.9700135
5703_8,0.98201376
9249_9,0.97112906
12051_10,0.9850429
5740_4,0.03138043
4882_3,0.13568954
11575_10,0.7759446
385_1,0.15152934
1569_3,0.014957086
7449_1,0.016529558
1977_4,0.015189049
6134_7,0.9603612
2384_8,0.9863631
2437_10,0.9688562
643_7,0.38864702
7334_10,0.9871788
12228_9,0.9860443
8579_2,0.017309094
4093_4,0.01812472
233_8,0.9623913
11852_7,0.937669
11027_4,0.26322046
5409_7,0.9257686
9332_10,0.9492946
6530_9,0.90295243
7815_1,0.014172365
8317_10,0.9693242
5382_9,0.9838472
3183_3,0.38923997
4997_8,0.02178117
11553_7,0.9688562
718_3,0.013325147
7128_9,0.97112906
11977_1,0.0140636265
10820_3,0.111627996
3539_9,0.96458924
2386_1,0.016403032
9837_4,0.23196201
2941_1,0.026155619
6669_1,0.01627746
10927_1,0.020645931
57_10,0.98677725
12252_2,0.039342504
8926_3,0.71102977
3044_2,0.79755676
9758_10,0.97684664
4584_10,0.648021
1467_1,0.016403032
7846_9,0.677474
1982_8,0.50268555
5705_1,0.02145073
9754_7,0.9688562
9594_1,0.0140636265
7405_10,0.98421544
8469_2,0.57367843
3713_10,0.9891816
3381_10,0.90632194
1913_10,0.16830944
9423_8,0.9273633
115_9,0.57021165
9784_10,0.8548847
1148_4,0.036493763
2911_10,0.9651191
11328_9,0.9871788
5087_1,0.014728613
3983_10,0.9056566
5216_1,0.020023443
7961_10,0.95430803
10134_7,0.96691406
9379_2,0.020488555
4715_1,0.013636835
6501_10,0.9840936
4146_4,0.017176708
12159_1,0.3707094
11661_10,0.10302443
7995_2,0.09073549
693_9,0.9728308
1411_10,0.9826909
7091_7,0.9757624
2576_1,0.03846619
8207_1,0.013222822
10877_10,0.98527133
5444_10,0.9787127
9409_1,0.01384861
10020_1,0.016152835
2349_8,0.9740426
4942_10,0.9802808
2839_1,0.01566365
9419_1,0.014281935
10661_1,0.33079538
5659_10,0.9559813
639_7,0.86838096
5946_7,0.3098584
7231_7,0.97737074
4220_4,0.19899648
3698_4,0.33862367
1060_2,0.1510278
2398_3,0.01461567
11073_3,0.091382116
8336_2,0.013636835
5975_3,0.83169055
4727_1,0.03567855
1596_8,0.97482115
5471_2,0.02479816
11204_10,0.3753629
8810_10,0.7509182
11125_3,0.06608538
9607_10,0.937669
6517_3,0.031858858
10232_1,0.120025635
7708_10,0.97068775
1753_1,0.07751766
10946_7,0.92683524
668_4,0.10706346
3794_4,0.9693242
6867_1,0.3551037
9428_7,0.96124375
12366_9,0.98803884
12056_9,0.9334308
901_1,0.015189049
7714_8,0.96538115
6389_8,0.7687332
4148_7,0.94853723
5062_1,0.01883313
6835_1,0.21076632
2901_3,0.064653486
4724_10,0.9853843
764_2,0.014957086
6729_1,0.013428254
8284_4,0.014728613
11928_1,0.13296424
386_1,0.014281935
35_9,0.97903574
4458_4,0.38824108
9627_2,0.090092994
8112_9,0.96210754
6026_8,0.95976204
12188_3,0.05623634
3477_3,0.0930168
12242_8,0.64980084
11594_4,0.80069196
11360_10,0.9874721
10299_1,0.015543648
3829_10,0.9190633
8324_2,0.0140636265
1285_9,0.9688562
11370_10,0.9869795
8051_4,0.67768735
4420_10,0.9832145
3843_7,0.95695716
10520_2,0.03846619
12146_8,0.98282325
1502_10,0.90665317
6227_4,0.015543648
3191_10,0.9566342
4569_2,0.016152835
7647_8,0.25128007
6372_9,0.97887486
2105_2,0.22575782
4180_1,0.09401018
11212_10,0.98282325
1811_9,0.98866826
2868_3,0.013222822
3773_3,0.014392335
8386_1,0.032589745
1072_8,0.8864204
10588_1,0.17981842
8858_1,0.03904829
10831_1,0.018689308
11926_8,0.97997653
11521_10,0.9882222
4037_10,0.9875683
5119_7,0.7898827
11438_9,0.9724148
8275_2,0.014281935
4879_8,0.98445636
4520_10,0.9861514
2510_7,0.8692713
510_2,0.026556572
1283_1,0.0145035805
3733_8,0.9036349
7708_1,0.014842417
12219_1,0.017442483
11654_4,0.31320962
3229_7,0.91789335
3579_8,0.7424217
1534_4,0.0269635
7498_10,0.98625773
11392_10,0.82782817
2949_1,0.018546565
407_7,0.81699115
12388_3,0.031618766
7779_3,0.09704755
12409_10,0.9798227
199_8,0.9761292
9330_1,0.027795624
6196_2,0.7613611
1576_2,0.014842417
12123_4,0.24418274
871_1,0.037892424
867_9,0.95759624
12186_1,0.017309094
11357_1,0.013222822
9327_4,0.0145035805
3092_8,0.5642185
6097_1,0.04672496
4170_4,0.016152835
3724_3,0.026155619
4219_1,0.38277572
12233_10,0.9801293
12050_9,0.91700584
124_10,0.9759464
9521_9,0.95531917
7991_10,0.9761292
12284_1,0.01883313
8452_10,0.9825575
986_3,0.016914913
8504_8,0.8504686
9427_7,0.98187524
2359_3,0.2143623
7026_10,0.9802808
8726_8,0.9546474
4971_1,0.014957086
2990_1,0.04885778
5285_2,0.16749083
9953_10,0.36692995
2170_8,0.9449947
10963_8,0.94815457
9176_8,0.98087597
9639_7,0.9795114
1781_1,0.013222822
1293_10,0.9724148
10225_10,0.9813107
3821_1,0.3100673
1206_10,0.97719735
5513_1,0.029090757
12475_2,0.07211221
11508_9,0.9850429
6358_4,0.46854746
9646_1,0.014281935
7957_9,0.83601975
5183_9,0.9224824
8322_10,0.9700135
4171_1,0.8774768
6498_2,0.22405545
11893_1,0.13614832
8209_10,0.9791955
4866_3,0.074231364
1077_3,0.07004896
10916_7,0.87831426
6027_4,0.0269635
9308_7,0.9549844
7130_1,0.016403032
3326_4,0.02211659
6680_3,0.0433658
1707_8,0.4459819
5106_1,0.0153063545
1408_10,0.9834705
6773_8,0.9832145
940_3,0.0269635
10890_10,0.97887486
3678_10,0.9791955
6871_9,0.88523525
10196_8,0.96458924
12369_1,0.01784874
4070_10,0.98549646
11755_7,0.9859364
9095_3,0.017309094
10863_1,0.016914913
7109_7,0.9695556
1844_3,0.026556572
8228_2,0.018546565
9631_4,0.014281935
3920_4,0.0226292
19_1,0.016529558
3929_2,0.016529558
1506_2,0.03963884
6877_3,0.6932653
12154_7,0.111627996
6572_3,0.018689308
1557_2,0.0226292
11836_7,0.23091976
9380_9,0.8987666
11725_4,0.032344334
6317_9,0.9787127
5022_1,0.2271263
132_1,0.014728613
9303_8,0.15456735
4739_10,0.9348725
11228_10,0.98840266
7913_1,0.244363
1304_3,0.016152835
2725_10,0.94208187
8484_2,0.014728613
1866_9,0.98667485
12446_9,0.9757624
11406_1,0.015784562
7056_4,0.51586384
8615_10,0.9161096
12284_10,0.9518632
3279_9,0.98866826
9243_1,0.07004896
11_8,0.11716748
427_10,0.9224824
5446_7,0.8987666
846_7,0.1334152
2545_4,0.66082937
8635_10,0.98527133
4410_8,0.9839708
875_10,0.94853723
392_2,0.014281935
8819_3,0.020332353
12202_1,0.024237636
1370_4,0.9875683
340_2,0.024237636
179_1,0.02350945
11332_8,0.9736447
10396_4,0.017442483
8321_1,0.0140636265
6384_3,0.33437207
5951_9,0.929951
8137_1,0.01243165
12009_10,0.97023994
2103_8,0.9339146
11153_2,0.01678549
4945_10,0.88523525
3193_3,0.07696084
921_9,0.9740426
10446_10,0.17023194
9961_9,0.9843364
11420_4,0.49755862
6954_2,0.017176708
8430_2,0.41715276
6749_3,0.8504686
5997_7,0.6592955
7611_7,0.41282597
6292_8,0.9804314
11314_1,0.015424551
5143_2,0.20087102
9517_2,0.01627746
8259_2,0.013428254
5114_8,0.9850429
3574_9,0.9722044
11464_3,0.07531231
11457_10,0.9785493
2496_3,0.9257686
6795_1,0.091382116
1904_2,0.022286188
11524_2,0.015906392
8223_1,0.01784874
5566_3,0.016403032
3550_7,0.35287052
6059_10,0.97719735
4580_10,0.7017131
177_1,0.01627746
8790_8,0.9273633
7784_1,0.019568678
11892_1,0.17981842
6235_10,0.029535338
6493_4,0.021948254
764_8,0.9830851
4052_7,0.04054074
1663_1,0.024987794
10437_1,0.05921025
1009_3,0.02211659
11664_4,0.047425874
8909_10,0.9105454
9200_3,0.9738444
7919_9,0.97997653
8603_1,0.051462766
6976_2,0.47122326
4261_1,0.021287354
6636_1,0.01798621
10707_9,0.9877587
1155_7,0.98646784
7050_4,0.15253651
1360_3,0.016657041
8176_7,0.9532751
3301_8,0.81227237
6684_3,0.01384861
2742_3,0.023330767
7159_4,0.02479816
8944_3,0.01384861
2077_4,0.060975183
7145_10,0.9805807
6216_7,0.9678993
8606_9,0.97887486
10608_10,0.9511422
8441_4,0.0570714
1782_8,0.9666631
10939_8,0.92468774
2702_7,0.9872773
9210_1,0.0153063545
9075_8,0.98582757
3412_3,0.3603202
2859_8,0.9572778
6326_4,0.22678365
94_2,0.090092994
3691_10,0.97262347
2679_9,0.92523
1568_4,0.019271135
3540_9,0.95976204
3710_10,0.98571813
5691_1,0.028220987
9699_10,0.8311431
9207_4,0.08035747
286_1,0.7322091
10891_1,0.01461567
6177_8,0.98159516
9817_2,0.015189049
8871_9,0.27028757
290_1,0.013020489
8388_9,0.9500415
9195_7,0.96182173
1164_9,0.95695716
2332_8,0.7442848
5406_7,0.87234735
2476_3,0.017176708
11381_3,0.018689308
6518_10,0.9348725
3474_1,0.031143833
603_8,0.9802808
5448_4,0.014728613
3624_8,0.98187524
11569_1,0.014728613
9353_8,0.9730365
3119_2,0.15817435
382_4,0.054198727
8569_8,0.7577944
2312_10,0.98187524
7531_1,0.016029146
7150_4,0.31626368
5496_8,0.98667485
1979_1,0.021615336
4158_2,0.01461567
4790_7,0.8152325
11971_1,0.24889913
197_10,0.9693242
3453_8,0.96909106
915_4,0.858244
6991_2,0.06804042
7524_9,0.95150405
7474_4,0.54613304
284_2,0.037326884
12483_7,0.92944044
1141_10,0.8031738
7739_1,0.02017732
6488_3,0.036220055
3117_1,0.042722195
6224_8,0.4717099
9737_4,0.021125194
2399_10,0.9851576
1044_8,0.97966766
1153_8,0.9429286
11664_9,0.9832145
10015_4,0.91367656
7622_1,0.110855594
8743_10,0.9878528
356_3,0.05184547
838_7,0.7166154
4922_10,0.9859364
3623_10,0.9780517
9424_1,0.016152835
8473_4,0.8587186
9996_10,0.98951083
11242_2,0.83031917
11889_10,0.98445636
11131_10,0.98549646
386_10,0.967163
6534_8,0.98549646
11420_7,0.029760094
3119_9,0.9850429
2708_2,0.02517884
2817_10,0.844409
9425_7,0.98582757
11019_2,0.43422136
1747_1,0.02211659
4493_9,0.55874836
4728_1,0.012241275
6856_2,0.015784562
10273_1,0.021125194
4822_8,0.79597545
10475_10,0.920218
2678_3,0.02350945
9979_8,0.9738444
8090_1,0.01812472
10022_4,0.026355354
5137_1,0.018404892
6787_10,0.9863631
4027_9,0.98840266
208_10,0.81047887
569_7,0.983343
761_10,0.9780517
2603_9,0.51561993
11692_9,0.891811
4374_2,0.06008665
5581_10,0.9492946
10601_1,0.90295243
637_3,0.017045317
10238_2,0.8198933
6717_1,0.013636835
9145_10,0.95257413
1047_4,0.94208187
6173_1,0.017442483
985_10,0.9142907
4964_1,0.016403032
7104_1,0.014957086
6293_3,0.920218
9060_3,0.21109137
1894_4,0.16026603
4650_10,0.9787127
12475_8,0.81757444
7563_9,0.98926485
10996_9,0.98173577
8315_4,0.031858858
710_3,0.017442483
3856_7,0.9724148
10613_8,0.96909106
12141_9,0.88875884
4666_1,0.013428254
292_3,0.30136207
3316_7,0.95430803
10482_4,0.022457054
9703_1,0.20753577
6905_9,0.98173577
9138_10,0.9623913
10417_2,0.9500415
7977_1,0.013222822
9350_8,0.42476988
4514_10,0.9874721
3964_4,0.908618
6014_4,0.9429286
10198_2,0.03138043
9059_1,0.025371313
11254_10,0.98087597
2032_7,0.97737074
6895_7,0.7394224
6921_2,0.4855997
9174_8,0.98228765
367_8,0.89805347
11410_7,0.03541073
9387_7,0.74316794
2227_10,0.93991333
334_2,0.0145035805
334_9,0.89368117
10893_8,0.96814114
9414_10,0.7025301
9725_1,0.013742321
10779_9,0.89805347
8654_8,0.7595823
9032_7,0.9825575
9775_4,0.89733595
7687_1,0.047425874
12206_4,0.01883313
7720_8,0.9832145
6774_9,0.95976204
12469_1,0.029760094
7249_2,0.031858858
5146_3,0.03963884
8629_7,0.75851065
5292_3,0.9394706
8937_7,0.95531917
9221_4,0.91212356
3203_8,0.9830851
6964_2,0.7905303
6120_8,0.90894175
6962_9,0.9518632
4139_1,0.01566365
3957_4,0.07696084
9305_3,0.72603726
6863_1,0.07531231
2164_4,0.5029296
12378_7,0.05223086
10834_10,0.98926485
633_10,0.96267307
10071_8,0.81815636
8167_1,0.019568678
4232_9,0.9755769
6710_8,0.35164496
6055_1,0.01784874
8169_8,0.95257413
10291_9,0.947381
8149_10,0.97966766
2499_10,0.92107415
4370_2,0.016529558
4031_1,0.013636835
11372_3,0.054600604
9619_1,0.6632056
8822_4,0.08210663
7096_10,0.979354
7009_10,0.97754294
2442_10,0.98657167
442_10,0.96741027
4783_1,0.57511085
11837_9,0.93581736
5214_8,0.9832145
134_8,0.86522406
10948_1,0.01507263
3011_7,0.9722044
4339_4,0.43098536
9638_3,0.6090592
7186_7,0.9728308
7702_2,0.016529558
6586_8,0.9843364
2420_8,0.979354
1911_8,0.9339146
4707_4,0.12635334
3954_10,0.96323055
12071_3,0.32380763
10010_9,0.9814534
8844_2,0.10856642
12312_1,0.11047115
4874_1,0.05184547
7270_7,0.966156
3497_1,0.014392335
9928_3,0.25683197
11109_1,0.016403032
9016_8,0.9032942
1125_10,0.97838473
9695_8,0.5866117
5756_9,0.056652423
11452_2,0.018404892
8488_4,0.049589027
9825_2,0.024237636
7054_7,0.89478946
4359_10,0.9686196
11411_8,0.7816641
9618_8,0.95150405
12226_4,0.33491567
7752_10,0.97966766
9274_3,0.8003801
12069_10,0.9853843
4591_2,0.030675802
6065_8,0.9539661
2344_10,0.9507779
10299_10,0.98159516
8934_9,0.9763105
5041_8,0.9814534
3885_7,0.82949203
3994_8,0.9840936
11907_9,0.97046465
10181_10,0.9092645
2714_9,0.8413048
1571_8,0.96458924
6621_4,0.026759284
1062_2,0.7468782
379_10,0.947381
62_8,0.58249843
1926_8,0.92892635
3428_7,0.9241418
2175_8,0.9750122
2006_10,0.9582261
8633_7,0.68151486
12158_2,0.0153063545
11572_8,0.98582757
8859_10,0.97482115
10919_2,0.03875619
4131_3,0.80131465
6893_1,0.04813677
9217_1,0.014281935
1893_2,0.02931223
1719_2,0.01384861
5107_4,0.027795624
2284_3,0.019419348
1430_10,0.9811669
5207_10,0.93674946
2800_8,0.96405166
7550_1,0.8080672
9035_9,0.76100606
11548_10,0.98646784
6037_4,0.41513598
518_4,0.2180027
12237_2,0.015189049
10266_7,0.9353465
12032_1,0.026355354
2494_4,0.017712297
8062_3,0.9161096
4665_1,0.016914913
6082_8,0.9813107
7225_4,0.027376488
9080_1,0.026759284
9606_4,0.18010665
494_2,0.018689308
6274_10,0.98582757
4170_9,0.85729086
9218_10,0.937669
10377_8,0.95976204
10597_10,0.9688562
958_4,0.02479816
9958_4,0.67490816
129_9,0.98242307
2804_9,0.97520185
8935_1,0.014728613
12229_3,0.025565214
5048_4,0.2639787
6509_4,0.018546565
1812_8,0.97090924
5695_1,0.059646945
2021_10,0.97134733
9892_2,0.20024472
9239_10,0.938576
5398_2,0.0460339
4458_7,0.3551596
11730_8,0.96210754
9853_1,0.023330767
2258_10,0.9807288
9345_10,0.97423947
64_3,0.5486735
10423_9,0.97112906
2220_9,0.91367656
192_10,0.9868787
12143_9,0.96485513
2113_7,0.9719925
5294_10,0.98667485
7025_9,0.98242307
6300_3,0.026155619
8043_2,0.01461567
6628_1,0.1786691
12138_3,0.7823301
1333_7,0.5068355
10515_3,0.015543648
11949_9,0.9744348
2854_1,0.03567855
142_8,0.94122344
3706_1,0.014957086
6149_10,0.71383077
8429_3,0.032589745
6151_10,0.9826909
4861_8,0.81757444
8764_9,0.8984106
540_1,0.027585285
10693_1,0.02017732
2346_4,0.40344933
1532_4,0.074231364
1099_2,0.12808825
3818_10,0.46757483
2617_10,0.7394224
1709_1,0.014728613
4649_10,0.983597
4085_10,0.979354
4478_9,0.9635062
1032_10,0.9798227
3642_7,0.022457054
5656_8,0.9539661
11916_3,0.044680875
6672_10,0.8370879
4225_7,0.22575782
996_3,0.029760094
7421_10,0.92523
9431_7,0.90829307
11121_9,0.9700135
5054_8,0.950411
9187_8,0.91789335
9096_7,0.8479678
10318_8,0.96295285
5348_2,0.6199316
6666_8,0.96405166
6648_9,0.26284185
1405_10,0.9787127
8981_4,0.96267307
10248_9,0.896614
4101_8,0.98667485
3076_4,0.8524448
1598_1,0.0269635
8430_10,0.94458723
9999_1,0.16830944
805_1,0.013636835
7821_7,0.9766692
10849_10,0.9884919
8400_7,0.96909106
4807_4,0.026155619
8353_4,0.83867973
10445_10,0.60690624
7058_2,0.03138043
9715_2,0.032100707
10934_3,0.019719128
8215_10,0.97719735
7268_10,0.97719735
5521_8,0.321247
8565_1,0.03567855
8197_3,0.015784562
12004_9,0.9263037
10257_3,0.12463858
6260_2,0.01384861
10481_9,0.9885804
7598_2,0.019271135
8106_10,0.9585377
8049_3,0.06052939
7124_2,0.024609927
3858_1,0.013636835
1445_9,0.6654106
6346_1,0.01384861
678_7,0.22988081
10247_1,0.2986959
1287_8,0.8620035
11873_1,0.0140636265
7198_1,0.01678549
3237_7,0.20149878
2029_8,0.97821885
26_10,0.9829547
9153_1,0.019124037
12004_2,0.03846619
4105_10,0.98951083
1168_10,0.92892635
5312_4,0.23581158
2907_1,0.032344334
7247_9,0.93045825
107_10,0.9730365
412_2,0.52597755
2078_4,0.8879841
7997_9,0.065604836
12397_10,0.91964257
10052_7,0.9849274
6559_7,0.3331777
12143_4,0.038178276
3496_7,0.94165415
3569_10,0.9224824
9270_10,0.1289633
2811_3,0.74871993
9673_7,0.019271135
325_1,0.046378206
11741_3,0.01812472
10562_7,0.95945925
5687_9,0.9724148
4601_4,0.0140636265
5698_8,0.018546565
11257_4,0.107437484
4391_1,0.01678549
4703_10,0.9884919
12191_3,0.027169231
113_8,0.9785493
9831_1,0.16184944
7388_7,0.9585377
1661_10,0.98159516
3703_2,0.01461567
6077_2,0.8244619
935_4,0.07004896
7617_7,0.9811669
7387_3,0.42835295
7889_7,0.74279505
803_3,0.013020489
9557_9,0.9839708
4299_10,0.9658996
6785_3,0.9053223
5185_7,0.97737074
9590_1,0.8479678
10811_9,0.9883128
34_1,0.28836867
12221_2,0.017045317
6436_10,0.9849274
8299_2,0.03846619
7242_9,0.9832145
3247_10,0.03384404
8466_3,0.016914913
5784_9,0.9241418
794_7,0.9785493
4986_3,0.01883313
7786_7,0.81582016
9324_10,0.938124
2095_9,0.9755769
10798_1,0.013428254
4193_1,0.019271135
12063_10,0.9856076
3976_7,0.9407897
8657_1,0.06325053
2850_4,0.2062538
4522_7,0.9695556
6028_1,0.6401298
6000_4,0.0335895
8712_1,0.20850107
3969_8,0.9658996
4245_4,0.0894546
3873_7,0.8697146
68_9,0.9882222
890_9,0.8494724
5922_1,0.014392335
2582_2,0.017712297
5704_4,0.01384861
9307_8,0.820757
4114_8,0.9615338
5540_7,0.90397453
157_10,0.96485513
748_1,0.01883313
7045_1,0.017712297
9526_3,0.23581158
6519_2,0.013428254
11254_4,0.01757688
9498_1,0.013325147
7192_8,0.9394706
2388_1,0.06142404
12002_8,0.971564
8394_1,0.05223086
10656_8,0.9764905
7261_9,0.9738444
10434_8,0.7937462
139_9,0.8824279
4538_1,0.017712297
4038_2,0.018978037
12228_4,0.50463855
3619_8,0.9879462
10411_3,0.05184547
7278_1,0.016152835
2304_3,0.027376488
5636_3,0.8244619
8833_9,0.98282325
504_1,0.038178276
12313_1,0.01461567
11161_1,0.016914913
72_4,0.1732882
4976_1,0.013636835
10018_8,0.11516223
12142_8,0.9394706
4821_8,0.87321484
9058_2,0.015906392
6347_1,0.013428254
3346_8,0.94165415
1481_10,0.96909106
10178_1,0.022286188
2851_8,0.96485513
12095_3,0.015543648
11978_3,0.25478703
7172_9,0.9859364
8450_1,0.0140636265
7464_1,0.49829102
12327_1,0.9390248
5622_4,0.08819005
9170_3,0.015189049
10955_10,0.947381
6161_2,0.021615336
11222_10,0.9845754
3844_7,0.97482115
11443_3,0.0335895
4004_7,0.31848514
11015_10,0.97719735
3860_1,0.105210535
11600_2,0.04922211
6849_8,0.94966936
1966_1,0.02017732
4828_8,0.89143354
675_8,0.42018318
9068_7,0.51561993
5924_8,0.9887554
10733_10,0.86613256
8369_7,0.97702265
5213_4,0.6974029
2558_4,0.15559098
47_10,0.9787127
2601_10,0.053009775
7360_9,0.97462875
1289_1,0.03846619
9875_4,0.32788348
2449_1,0.048496004
10020_8,0.9859364
6761_3,0.8524448
7544_10,0.98242307
4380_3,0.02017732
3946_10,0.9348725
6968_10,0.93674946
3006_2,0.02178117
11942_1,0.013428254
2715_9,0.9738444
6065_4,0.8267118
6866_1,0.12808825
6620_10,0.9805807
3177_1,0.0269635
4051_10,0.27649516
880_3,0.02017732
6504_1,0.044348583
12193_3,0.013636835
8570_3,0.0153063545
8025_1,0.0145035805
12316_1,0.017442483
10842_10,0.9887554
2066_10,0.94458723
4416_10,0.9546474
5327_1,0.017712297
3500_1,0.051462766
4072_7,0.9697854
5833_7,0.35919553
2989_8,0.97134733
1905_8,0.9001793
5421_1,0.017442483
1479_8,0.9257686
5092_1,0.015543648
4840_1,0.26208568
54_10,0.98421544
9203_9,0.3112175
3949_2,0.015784562
3615_1,0.013428254
8748_10,0.9507779
108_2,0.031143833
2280_4,0.8840393
6454_3,0.74316794
4071_1,0.01507263
2022_9,0.9744348
2600_1,0.01384861
2482_10,0.8665848
7347_9,0.983343
7190_4,0.3599264
7174_7,0.844409
5823_3,0.92944044
8051_10,0.29380956
7503_2,0.01757688
2341_1,0.0153063545
516_9,0.89029425
8309_4,0.03138043
10789_4,0.034880888
11286_1,0.014172365
4770_1,0.20244318
7262_4,0.96323055
11636_9,0.4860876
2340_1,0.017712297
3407_3,0.014957086
2922_9,0.97719735
9708_2,0.019568678
2362_3,0.015543648
3729_8,0.971779
2265_9,0.9840936
1439_1,0.0140636265
8020_2,0.02479816
5581_2,0.85536855
6503_1,0.032100707
10101_9,0.58545667
7853_8,0.98527133
6229_1,0.02297737
1351_7,0.938124
2764_10,0.8198933
4617_10,0.27028757
1265_2,0.018978037
11424_4,0.9069832
219_8,0.9730365
2241_10,0.97046465
8400_2,0.26246357
4399_1,0.0145035805
9110_4,0.41590673
294_1,0.040845715
4646_4,0.03541073
8267_3,0.32562777
8829_4,0.73753643
3174_7,0.9757624
6557_4,0.024609927
8286_4,0.90087914
2611_8,0.7816641
3422_4,0.8499712
4632_4,0.56037295
6448_4,0.019124037
11485_3,0.6111499
8526_7,0.8098782
10172_9,0.8727817
5043_2,0.2230384
7865_1,0.023689471
6343_8,0.98242307
9225_9,0.96909106
2764_4,0.029760094
8446_10,0.21733752
3329_9,0.98582757
9142_8,0.9656413
9567_1,0.02145073
7933_8,0.9314625
5655_10,0.29849136
12076_10,0.9802808
6455_7,0.9829547
7202_10,0.9853843
7747_10,0.9830851
9072_10,0.9124362
11374_10,0.97838473
3032_9,0.91181
3065_10,0.9678993
1216_10,0.9241418
732_8,0.77321637
7586_4,0.44963428
12012_10,0.938576
5280_4,0.023870835
2687_4,0.30507588
7659_3,0.028436033
2813_4,0.18447348
6992_9,0.16995624
5468_10,0.971564
10035_1,0.021948254
10283_10,0.9719925
5439_8,0.9213576
8930_2,0.0705596
8681_7,0.8969756
8521_1,0.020804489
4213_1,0.08694165
9751_1,0.0145035805
935_10,0.97134733
5082_1,0.013742321
1802_1,0.028220987
11455_10,0.96182173
1794_9,0.86703575
3708_10,0.98228765
6174_8,0.42274293
2210_8,0.061875988
6259_7,0.80131465
12471_8,0.95695716
3260_10,0.9532751
4717_1,0.028007522
8673_2,0.020332353
6362_3,0.093678
7986_1,0.019124037
10555_3,0.7937462
10468_2,0.056652423
5354_10,0.9840936
5760_2,0.02297737
1380_2,0.70659554
12054_9,0.9853843
3794_10,0.79755676
7842_1,0.018978037
2236_7,0.97997653
8449_1,0.015189049
9993_2,0.017309094
6947_1,0.0145035805
11369_10,0.94776917
8186_4,0.34903336
7017_2,0.95759624
725_8,0.88038635
9298_8,0.8044059
1695_7,0.9492946
7762_1,0.019124037
3466_10,0.7352616
1794_4,0.014392335
3804_10,0.91964257
7642_3,0.019419348
9538_10,0.046378206
10107_2,0.013428254
4755_8,0.8778961
9679_1,0.012624948
11300_1,0.017442483
8747_3,0.6693127
4145_1,0.0145035805
8066_7,0.938576
6306_10,0.97068775
6021_10,0.96405166
4860_10,0.9697854
4608_2,0.0140636265
2380_1,0.037608635
9709_8,0.97262347
8057_4,0.81405276
8624_1,0.013428254
6117_10,0.9683812
3641_9,0.70821255
8710_3,0.11124121
9158_10,0.9697854
1129_2,0.019271135
8320_4,0.10087862
10219_4,0.039937317
6625_1,0.10302443
1988_1,0.5302365
5032_1,0.244363
1042_7,0.87234735
1895_4,0.017176708
10057_1,0.013222822
9898_10,0.9861514
3809_2,0.01384861
7994_2,0.17809659
2751_4,0.059646945
3102_1,0.0140636265
12393_7,0.15002882
4521_7,0.7981868
11169_8,0.9807288
7227_4,0.9425068
4956_9,0.10230471
7592_9,0.9507779
656_7,0.9263037
11534_3,0.014281935
774_8,0.98571813
7756_1,0.019719128
2720_8,0.86385167
11227_10,0.98469365
10462_3,0.54613304
4041_10,0.966156
7327_1,0.01883313
4056_8,0.98866826
11684_10,0.97702265
5544_8,0.9763105
3799_8,0.97462875
3593_10,0.94122344
4602_4,0.58097625
2123_2,0.014728613
9773_10,0.9890131
10956_4,0.5672775
5139_3,0.12085323
8804_10,0.98527133
1784_2,0.028220987
11022_1,0.016029146
9366_1,0.014957086
12113_7,0.9585377
2375_7,0.39636016
3911_10,0.97134733
10834_2,0.0140636265
9319_1,0.016657041
3923_3,0.27551943
4630_10,0.983597
2625_10,0.9724148
10159_7,0.9532751
2339_1,0.36841992
8577_3,0.015543648
4062_7,0.96909106
6677_2,0.01507263
7818_8,0.9795114
4939_2,0.06052939
6937_4,0.27708158
1286_1,0.021125194
878_2,0.013742321
2357_7,0.98282325
3397_3,0.9329437
11214_10,0.7687332
8045_1,0.014281935
2943_1,0.37668043
1518_10,0.78199726
2792_9,0.98187524
6437_7,0.7595823
8734_7,0.9805807
6165_2,0.0460339
11956_2,0.014281935
7021_1,0.38916925
3369_1,0.6811968
5829_2,0.016403032
11742_9,0.94853723
11370_1,0.04922211
1502_1,0.28160313
9933_1,0.024053553
4619_10,0.98549646
6842_1,0.8233284
2770_10,0.77081
2343_4,0.01784874
3071_8,0.98481095
3046_8,0.8899121
8354_4,0.026759284
5632_10,0.97737074
3901_4,0.033336822
6950_10,0.97539
2431_9,0.91086304
10614_9,0.98571813
41_4,0.8238959
5039_3,0.30528295
2827_1,0.01627746
2860_8,0.979354
6868_9,0.97684664
4597_3,0.8509647
8795_10,0.9588471
11941_7,0.97023994
12442_1,0.0226292
9736_7,0.9683812
1102_9,0.85633236
4291_7,0.9813107
4523_1,0.023870835
5349_1,0.025565214
3363_7,0.15662017
11393_3,0.016152835
1647_1,0.016403032
6143_4,0.7581527
1863_1,0.014728613
10099_9,0.93045825
4163_8,0.947381
9357_8,0.98571813
10941_10,0.9785493
6883_10,0.91490096
11090_4,0.8474635
3480_1,0.0460339
10795_1,0.9022657
5865_1,0.02017732
2484_8,0.6867903
3023_4,0.020645931
2818_2,0.013020489
719_7,0.121268876
5297_4,0.08632348
12194_10,0.9837225
2929_8,0.9795114
7911_2,0.090092994
10619_9,0.9309621
5192_9,0.9802808
2170_1,0.9059898
4659_10,0.6614857
8536_7,0.9606575
11119_1,0.024053553
7887_3,0.9532751
11742_1,0.15304215
5867_7,0.9164094
7538_7,0.9145963
1834_9,0.983343
6499_8,0.02297737
2073_10,0.13296424
3881_10,0.96458924
802_7,0.93581736
1733_1,0.013222822
11527_1,0.028220987
4316_2,0.01461567
9812_1,0.059646945
8911_10,0.90829307
7687_10,0.9850429
4240_10,0.9825575
1778_1,0.013636835
11822_1,0.016152835
7820_1,0.013428254
235_4,0.46538743
8373_7,0.9546474
92_1,0.015543648
716_10,0.94122344
4028_7,0.97903574
5533_7,0.8269914
2605_9,0.98469365
6665_1,0.019719128
178_10,0.98667485
9886_2,0.46587342
11779_10,0.5389832
5124_4,0.01566365
1956_2,0.16238004
2933_1,0.08977329
8737_1,0.020023443
8755_9,0.98657167
5032_8,0.9757624
9246_10,0.98625773
9610_1,0.02017732
7011_2,0.020023443
1602_1,0.7505527
3367_1,0.013020489
2756_8,0.9219218
12042_9,0.9719925
2641_3,0.030908957
9202_10,0.9859364
1953_2,0.77932185
5303_1,0.014728613
975_7,0.97788346
2447_4,0.58918464
294_8,0.844409
11643_7,0.9465967
8743_1,0.028870907
2661_4,0.021615336
8638_10,0.96378
4793_10,0.929951
7461_8,0.9429286
830_4,0.109705776
5770_7,0.7325918
1989_1,0.0153063545
5514_3,0.012624948
5842_3,0.06233104
11813_1,0.03594832
7811_10,0.9518632
7707_4,0.024237636
1205_10,0.983597
10326_10,0.8891444
4881_9,0.76524264
8244_10,0.9763105
7647_1,0.04115289
4376_10,0.97344345
6744_2,0.053009775
6769_7,0.94966936
494_10,0.96641046
6188_4,0.76454014
5859_1,0.014957086
6801_3,0.018978037
10990_8,0.9869795
6057_8,0.9026096
3017_1,0.2510964
7617_1,0.5254906
8340_7,0.23616374
746_7,0.59276974
9290_10,0.68846846
1525_10,0.9839708
11044_7,0.9840936
9367_10,0.98282325
5705_10,0.97966766
11375_10,0.9871788
11320_1,0.017309094
754_9,0.9158089
7040_10,0.9849274
10740_4,0.047074176
8839_10,0.9394706
11614_4,0.109705776
10867_9,0.98481095
12406_10,0.9759464
12081_10,0.97423947
8763_10,0.97344345
4103_1,0.01678549
5600_1,0.016914913
5345_2,0.016152835
10679_8,0.8080672
11709_1,0.10052487
6872_4,0.011508149
9096_3,0.7711549
3417_9,0.9658996
5154_3,0.88038635
6071_10,0.7037531
5685_9,0.97539
7937_10,0.97821885
3628_1,0.014957086
7374_2,0.017442483
1862_8,0.074231364
6602_1,0.014281935
1401_10,0.90665317
12157_3,0.05623634
5636_8,0.9695556
2049_10,0.9874721
9402_8,0.96267307
12455_10,0.9738444
11062_2,0.017176708
9163_10,0.6573185
2879_7,0.73753643
2840_9,0.9591543
9893_8,0.97344345
11857_1,0.105210535
7776_10,0.9615338
10365_7,0.8692713
6186_7,0.9053223
7071_1,0.01507263
5132_1,0.01384861
8971_4,0.8529355
3415_1,0.01798621
3622_1,0.020804489
7446_10,0.97539
4644_9,0.039342504
3923_10,0.937669
3503_8,0.97684664
8685_7,0.31278968
1683_2,0.042403832
3417_4,0.11961367
10443_3,0.286269
4620_3,0.9334308
5658_1,0.045015533
4185_1,0.019870715
3727_10,0.9230392
5334_1,0.01507263
7113_7,0.38684306
8713_1,0.0140636265
2865_7,0.47877255
2956_4,0.16830944
2455_8,0.98228765
97_7,0.70395666
6789_10,0.98527133
8639_8,0.93721074
1563_8,0.88483775
3169_9,0.9851576
7627_10,0.8736466
1649_10,0.97324073
2287_10,0.9795114
9479_1,0.01395571
7705_1,0.017712297
10803_2,0.20181322
6076_9,0.9814534
4263_3,0.04369106
4726_10,0.97788346
11738_9,0.9686196
9250_9,0.9759464
2638_1,0.015424551
11357_7,0.4748747
12135_3,0.02576056
7296_10,0.979354
10674_7,0.9695556
7674_9,0.9875683
5575_1,0.013222822
8120_7,0.9757624
1617_1,0.016657041
7090_3,0.06008665
3793_4,0.26894143
2658_10,0.89143354
9942_3,0.571378
9520_9,0.9693242
10638_1,0.023870835
9066_10,0.9838472
3408_4,0.021287354
7526_1,0.18624301
10821_3,0.01566365
5887_10,0.950411
12470_3,0.019568678
4033_8,0.8044059
1949_10,0.971564
9859_4,0.2414894
11183_9,0.9859364
8533_4,0.07531231
10236_10,0.33884242
6111_3,0.69471705
5475_8,0.9826909
3342_3,0.110855594
8335_1,0.94966936
4812_9,0.9834705
2306_4,0.9511422
4596_7,0.037892424
10431_2,0.08151975
5077_9,0.96405166
1301_9,0.9678993
8979_9,0.97344345
4226_9,0.98549646
5544_3,0.0269635
7954_2,0.016529558
3935_4,0.26284185
7076_4,0.08819005
10208_10,0.98087597
3737_3,0.10338596
1689_8,0.65445316
6585_9,0.9764905
6096_3,0.7962924
11052_4,0.0705596
7783_10,0.913368
5157_10,0.7745834
5465_10,0.9826909
11361_10,0.93991333
7560_3,0.8479678
9781_4,0.029535338
11681_10,0.9730365
6127_7,0.2520157
1799_9,0.9329437
10849_2,0.30766997
4274_7,0.48877144
15_10,0.8418256
11338_1,0.020023443
5750_2,0.03846619
9335_8,0.9241418
8359_7,0.84695786
9527_7,0.98445636
1336_1,0.01678549
9893_3,0.03138043
11229_9,0.97754294
5948_9,0.96485513
9733_4,0.12852514
6377_8,0.97520185
1427_10,0.97324073
9023_3,0.024423089
2151_2,0.012821214
1744_1,0.08570928
6367_10,0.9780517
9143_8,0.81286734
6176_8,0.9832145
11388_10,0.96210754
1493_10,0.7098244
6615_1,0.012624948
4654_2,0.018978037
599_9,0.96210754
7256_10,0.9811669
11993_1,0.6304574
992_7,0.9837225
8871_2,0.019568678
11483_1,0.01678549
3322_1,0.9600627
9827_4,0.9324533
8063_3,0.016529558
7397_3,0.5990747
3040_4,0.026556572
11682_2,0.027795624
8738_10,0.979354
9905_4,0.01627746
6437_1,0.03410043
4319_9,0.98549646
5353_4,0.86385167
12207_9,0.44155258
6166_7,0.97737074
12243_4,0.29767406
1219_1,0.014281935
10292_10,0.98187524
10132_10,0.9839708
6898_10,0.9764905
8469_8,0.9666631
10393_1,0.7516481
7509_1,0.30964962
9468_9,0.9193534
9002_1,0.105210535
891_9,0.9462003
5156_4,0.43998796
2321_1,0.014728613
11859_8,0.9500415
12262_7,0.8504686
6198_4,0.78199726
5699_1,0.02211659
4252_10,0.018404892
10618_10,0.9885804
3226_10,0.9887554
7227_7,0.86613256
11047_7,0.979354
9569_7,0.9263037
8933_4,0.8749346
4513_8,0.9492946
1271_9,0.9755769
6327_2,0.017176708
10012_9,0.97539
10090_3,0.30580097
8564_1,0.21833585
10905_8,0.9871788
6828_2,0.01678549
1730_1,0.015189049
3404_3,0.03308598
12428_1,0.019271135
5180_1,0.02350945
10554_9,0.82161736
527_2,0.6867903
10296_8,0.9874721
543_4,0.909907
10235_3,0.39879233
3743_4,0.16398025
8792_3,0.19436781
3597_1,0.02297737
12320_1,0.04115289
11672_8,0.9879462
7237_4,0.8086723
3726_7,0.38495553
6643_2,0.04054074
2743_10,0.9814534
10184_9,0.98549646
1929_1,0.17133832
666_7,0.32146
4548_4,0.016914913
4153_4,0.017045317
7356_4,0.20561504
8843_10,0.97090924
7552_8,0.971779
6494_8,0.97068775
3547_7,0.92944044
810_1,0.30404168
7672_9,0.908618
4945_3,0.017309094
12427_8,0.7439129
749_7,0.96741027
10706_10,0.98707944
10969_1,0.02178117
340_9,0.91181
2154_8,0.98942953
3715_1,0.014172365
2388_10,0.9807288
5905_2,0.8255897
3774_10,0.95150405
3070_1,0.040845715
4789_10,0.9623913
1509_2,0.01243165
2350_8,0.97966766
11137_1,0.014728613
10987_1,0.0145035805
5815_1,0.8868131
7272_10,0.9882222
4651_10,0.9787127
4184_1,0.028220987
9636_10,0.966156
8592_10,0.5102525
3068_3,0.28836867
8899_4,0.018978037
10018_1,0.017309094
5821_10,0.98527133
3232_4,0.021287354
10795_10,0.896614
7461_3,0.019568678
10874_7,0.7892337
9672_10,0.9798227
1908_10,0.93045825
4014_9,0.31784958
10488_3,0.01384861
2501_7,0.9736447
12339_3,0.4724401
2698_10,0.9257686
1674_1,0.7037531
10366_8,0.029090757
12059_10,0.98582757
8285_4,0.012821214
4120_8,0.8844391
4238_7,0.96323055
10516_1,0.014842417
2478_9,0.89478946
7807_2,0.03308598
10704_1,0.018264279
791_4,0.04304285
2514_4,0.9433476
3095_10,0.9056566
1770_10,0.98646784
11115_2,0.7823301
10797_1,0.54116637
11347_1,0.016914913
7077_10,0.9829547
403_1,0.012821214
5852_7,0.2699025
8451_8,0.9462003
7013_1,0.012821214
10346_9,0.98951083
3055_7,0.90632194
4687_1,0.097734325
8467_10,0.9801293
11363_10,0.9813107
277_9,0.983343
1715_2,0.7599387
9249_1,0.015543648
1895_10,0.6992544
5505_3,0.015189049
1323_9,0.9871788
4200_10,0.86293024
682_4,0.036493763
12020_4,0.11838509
5824_10,0.95695716
4475_10,0.9879462
891_1,0.034880888
2713_8,0.9740426
2084_9,0.13432105
1535_3,0.44010827
7862_8,0.9791955
8055_9,0.91789335
6604_7,0.96295285
7714_1,0.031858858
5606_7,0.9241418
7277_10,0.98934746
3197_1,0.026155619
406_7,0.86431044
6948_9,0.97997653
4196_8,0.10484337
1723_10,0.8543993
11625_4,0.4907237
1259_1,0.013020489
5283_10,0.9832145
8407_4,0.08035747
5561_8,0.93674946
7653_3,0.015189049
8646_1,0.017045317
8053_8,0.78858316
1879_7,0.7061904
1645_2,0.64332926
12222_7,0.16184944
3966_1,0.41418785
4754_1,0.01627746
8920_9,0.9600627
11920_9,0.9845754
4747_2,0.021125194
2108_8,0.7322091
9017_7,0.97821885
994_7,0.92892635
11155_10,0.9700135
6249_9,0.92892635
5926_9,0.9874721
12486_1,0.7329743
4918_8,0.91274774
1357_9,0.9407897
6051_2,0.06325053
4589_10,0.11676401
12401_4,0.055412795
4083_8,0.94853723
10373_10,0.9559813
7467_8,0.9588471
2220_1,0.016657041
6882_7,0.9539661
10551_10,0.98582757
4043_10,0.9845754
11078_8,0.9348725
4280_9,0.9766692
8594_10,0.9896718
10652_9,0.98646784
2206_10,0.9885804
9014_2,0.02211659
10215_4,0.020645931
3549_2,0.013020489
10445_1,0.012241275
10819_9,0.96485513
10691_1,0.019271135
3855_10,0.9813107
7809_2,0.54570943
3022_7,0.8969756
694_8,0.9678993
13_9,0.98087597
10972_10,0.983597
9187_1,0.016657041
12354_3,0.6746938
4793_1,0.019124037
10696_1,0.44287747
12446_1,0.01243165
1488_10,0.97966766
904_10,0.017309094
11057_1,0.02297737
2132_8,0.7160201
1406_10,0.9830851
11366_3,0.018978037
9957_4,0.24220563
12096_1,0.012821214
3827_3,0.11716748
11686_2,0.0140636265
4387_9,0.98667485
9955_9,0.069541745
12103_10,0.98646784
11506_10,0.9832145
793_1,0.86838096
8001_1,0.013020489
8823_4,0.07004896
1787_7,0.9755769
5484_10,0.96765566
3557_9,0.97068775
615_8,0.9757624
410_2,0.03410043
5800_2,0.0153063545
3143_4,0.091058284
11359_2,0.02145073
7016_10,0.9868787
3711_2,0.01757688
8580_10,0.36105207
5615_9,0.9563089
9202_2,0.014957086
4776_2,0.021287354
8436_10,0.98657167
2097_8,0.96405166
6935_4,0.9353465
2656_1,0.270095
11446_7,0.9563089
5392_4,0.037892424
6451_9,0.98201376
11054_8,0.95976204
8677_8,0.71183175
8761_3,0.9314625
9297_1,0.012821214
12480_2,0.017045317
11736_9,0.8601343
4156_8,0.8370879
1955_10,0.97737074
12350_1,0.03846619
5439_1,0.016914913
1342_10,0.9678993
7271_1,0.01384861
1868_4,0.27610457
4497_9,0.97520185
1729_10,0.97719735
4593_8,0.8152325
11296_7,0.9539661
9573_4,0.22746934
11678_2,0.028007522
6790_9,0.9623913
12298_2,0.020488555
9839_3,0.76454014
1348_1,0.018546565
7004_8,0.91789335
10414_10,0.98469365
3826_3,0.014281935
9313_4,0.94165415
10543_3,0.01507263
6909_9,0.96267307
11377_10,0.98840266
2591_9,0.94966936
11355_2,0.013636835
9274_8,0.9142907
4521_4,0.92359227
12208_9,0.97482115
4948_2,0.02017732
3732_1,0.013636835
12096_10,0.9885804
7135_3,0.2549725
10310_8,0.98469365
1959_1,0.013020489
10383_1,0.015784562
106_9,0.971779
7085_7,0.97539
11070_8,0.98421544
6850_10,0.9738444
12476_4,0.27125168
1917_10,0.98625773
1341_3,0.05379964
4062_1,0.017309094
5594_4,0.09602549
11963_1,0.045352582
2777_9,0.97754294
9871_7,0.7291342
949_8,0.06008665
7436_10,0.98159516
738_10,0.7352616
4893_1,0.029986506
6100_10,0.89912134
10219_9,0.891055
4004_2,0.026155619
5945_10,0.97838473
10183_9,0.98201376
3465_10,0.9883128
4408_1,0.017442483
5810_7,0.7004852
188_3,0.0894546
7835_1,0.1338675
1648_9,0.7371582
7971_8,0.97068775
11809_1,0.026355354
5352_10,0.7142296
1476_8,0.97838473
602_10,0.9805807
9669_2,0.10194652
93_9,0.9811669
10787_10,0.9161096
10958_8,0.9449947
6608_1,0.02211659
7058_10,0.97134733
4401_10,0.6951311
9315_8,0.68846846
9670_3,0.0627892
10537_3,0.015543648
1033_2,0.12378871
12085_10,0.8895288
9373_7,0.95565146
8302_2,0.022286188
10138_2,0.022802636
6814_10,0.9832145
9778_1,0.014728613
5149_7,0.9585377
6191_3,0.88875884
7466_3,0.24113183
10051_2,0.029760094
5262_2,0.065604836
2906_1,0.0153063545
8625_9,0.938576
2118_4,0.40709767
11547_3,0.22337706
11384_7,0.979354
123_10,0.9840936
11115_7,0.97046465
9348_10,0.9875683
568_9,0.50219727
7731_9,0.98215127
6548_8,0.92944044
9235_4,0.083890386
430_10,0.9840936
10790_1,0.016029146
10691_10,0.83761996
2324_9,0.98677725
11031_1,0.15739572
5465_4,0.42563507
5545_4,0.044680875
5546_10,0.9522199
9010_2,0.018264279
7205_10,0.9825575
7580_10,0.97702265
2052_3,0.014172365
6284_7,0.97684664
12001_3,0.01757688
3458_9,0.9839708
9013_2,0.016914913
5839_4,0.09401018
10809_10,0.98282325
3077_2,0.092687786
11373_3,0.26095408
7083_9,0.9869795
10846_10,0.9890131
11815_10,0.98625773
4730_1,0.13477592
3320_7,0.44046926
4782_10,0.96095175
3410_3,0.14414886
5142_10,0.9728308
3947_1,0.036220055
3016_8,0.14755519
12114_4,0.2062538
11039_8,0.9683812
5902_7,0.94815457
5351_8,0.89982784
1654_10,0.909907
5731_4,0.08632348
10985_9,0.97737074
8724_1,0.025565214
9854_3,0.019719128
2054_1,0.01678549
11385_4,0.888372
5919_4,0.01798621
9898_1,0.020488555
11874_8,0.88483775
4496_3,0.3765658
5231_1,0.017442483
10070_3,0.013428254
2345_8,0.9539661
9311_10,0.9600627
1036_10,0.983343
6603_4,0.02145073
2138_9,0.87147486
10546_10,0.9811669
3217_10,0.97788346
12188_10,0.98803884
5986_2,0.6354487
352_10,0.97966766
8557_3,0.020804489
10453_10,0.9724148
4397_4,0.028007522
673_2,0.32723817
10305_10,0.9856076
11985_1,0.014281935
3457_1,0.4770669
500_1,0.013636835
10637_9,0.89143354
8144_10,0.98975134
8485_1,0.015543648
1632_7,0.8824279
2404_8,0.9825575
11489_10,0.98959166
7590_1,0.013636835
12460_2,0.07531231
11729_10,0.86703575
2796_7,0.97423947
8015_2,0.014172365
8258_4,0.01507263
2272_3,0.2386389
7178_10,0.97821885
8476_8,0.98582757
3411_4,0.10484337
8319_10,0.97262347
11799_10,0.9811669
8585_4,0.9777139
4640_10,0.9686196
12199_1,0.0140636265
8380_7,0.8899121
8712_10,0.97068775
12482_9,0.97966766
4813_1,0.015424551
119_9,0.9005298
7850_10,0.9105454
5536_1,0.26284185
10576_1,0.020645931
2803_1,0.015424551
11788_4,0.014728613
6681_3,0.0433658
2503_10,0.9829547
88_3,0.1480472
7389_4,0.37916288
8793_9,0.96267307
4911_7,0.9623913
6495_4,0.057918087
10670_1,0.044348583
2203_10,0.98707944
7588_10,0.920218
7095_7,0.9507779
6748_8,0.7472472
10348_1,0.016152835
2568_8,0.31510338
10292_2,0.1877276
1112_3,0.032836955
5322_7,0.7092205
4291_4,0.017712297
1212_7,0.23300752
7963_10,0.8529355
6156_1,0.14223188
713_1,0.03138043
11606_8,0.9840936
10975_10,0.98445636
4638_10,0.9798227
800_8,0.97134733
1389_3,0.024987794
10045_1,0.015906392
3529_1,0.5723643
1921_2,0.22337706
4824_8,0.9425068
10688_10,0.9722044
84_10,0.9837225
225_3,0.031143833
9756_10,0.96741027
7601_8,0.43350175
6342_3,0.027585285
7711_1,0.013222822
12133_7,0.9845754
8026_3,0.23335676
4551_10,0.9851576
545_4,0.034358688
343_1,0.9069832
10788_4,0.97520185
8711_2,0.06008665
5493_10,0.9785493
9358_1,0.7213508
2185_3,0.016029146
9720_2,0.012624948
4481_8,0.95791227
6528_2,0.030908957
11928_8,0.93195957
6591_7,0.9730365
10876_1,0.5343695
11253_10,0.63860995
2190_3,0.73753643
4281_3,0.013428254
7971_3,0.03461884
11649_2,0.014842417
5199_3,0.064653486
12258_3,0.7725307
5922_8,0.98707944
11136_1,0.015543648
7941_10,0.9791955
1412_7,0.9860443
11053_3,0.9591543
5586_10,0.9722044
5762_9,0.95430803
8328_3,0.07585818
10354_4,0.29767406
3563_8,0.97134733
8246_2,0.274935
7740_10,0.95791227
4972_1,0.020023443
832_4,0.032836955
11386_10,0.97539
1273_3,0.065604836
5085_2,0.06418265
11414_4,0.8844391
885_8,0.9199307
3943_10,0.8795612
898_9,0.85195273
8168_10,0.98187524
9779_10,0.97023994
830_7,0.9651191
77_10,0.9759464
648_8,0.96182173
10629_10,0.95150405
89_10,0.98707944
11955_9,0.98646784
7883_9,0.96405166
243_4,0.13892843
5148_2,0.014728613
1056_3,0.9838472
5206_10,0.97324073
8777_10,0.9433476
2969_2,0.013428254
6729_8,0.9802808
11860_1,0.8795612
6307_4,0.8031738
11589_1,0.032836955
8016_1,0.014172365
3461_8,0.9804314
8767_1,0.013428254
7692_10,0.9763105
12281_8,0.8601343
7763_1,0.03704717
5301_9,0.81757444
5112_10,0.9805807
10757_10,0.9539661
1066_8,0.8267118
5413_10,0.9878528
2733_3,0.02017732
8534_10,0.91964257
5915_8,0.9651191
10566_3,0.029760094
10900_7,0.3944342
3120_10,0.9755769
4394_1,0.019419348
3090_1,0.016529558
4379_10,0.987375
5259_7,0.025371313
10792_8,0.69637144
2599_1,0.0140636265
1912_2,0.012821214
2517_1,0.9130583
2946_8,0.97966766
3020_8,0.96909106
1850_4,0.18126322
9463_2,0.014842417
1721_10,0.9843364
7952_7,0.971564
1806_9,0.98215127
11403_9,0.41893464
2013_7,0.8692713
5556_10,0.987375
1746_3,0.04177388
11125_7,0.983343
9270_4,0.41655928
7343_10,0.9874721
12465_10,0.9686196
8550_9,0.94815457
6213_8,0.23510839
10861_10,0.98187524
4109_7,0.9507779
8652_1,0.015543648
11546_1,0.041462272
9133_7,0.5544705
5964_3,0.014392335
1575_1,0.2295352
1337_4,0.1789559
7610_1,0.01395571
49_10,0.9874721
6505_2,0.02017732
7177_10,0.27318642
5947_7,0.7711549
1723_3,0.057493284
9055_7,0.9559813
7972_1,0.03904829
5340_8,0.8238959
6938_8,0.27963173
12400_8,0.97887486
552_9,0.96378
11844_9,0.9764905
1080_1,0.014728613
3078_10,0.9834705
8713_9,0.98445636
7300_1,0.07369626
12464_1,0.04401865
3812_10,0.24508502
3313_4,0.23899394
6880_4,0.14511536
5478_9,0.91730267
10951_7,0.9591543
3327_8,0.8895288
6332_10,0.8984106
4385_8,0.97520185
2387_10,0.97539
5756_3,0.04672496
4020_7,0.87873113
6190_8,0.983343
517_8,0.84594244
9018_3,0.25128007
9449_10,0.9860443
10715_3,0.013428254
8195_8,0.87831426
9605_10,0.93721074
4309_9,0.8987666
1783_4,0.015543648
1658_10,0.9546474
1403_7,0.7895584
4268_1,0.013222822
4822_1,0.014957086
717_4,0.02479816
7768_10,0.98571813
7803_2,0.02211659
7190_8,0.96765566
11035_1,0.012821214
6288_10,0.92468774
10690_1,0.016152835
714_10,0.98282325
9210_10,0.9840936
12462_1,0.0140636265
9325_1,0.013222822
8370_8,0.9874721
10583_1,0.12984344
4016_10,0.9838472
6465_4,0.2952299
1512_9,0.86748546
4769_8,0.9874721
11160_7,0.9697854
2175_1,0.015189049
12261_7,0.9859364
685_8,0.97482115
9208_10,0.6641048
6296_1,0.012821214
8210_4,0.022286188
11237_4,0.0715912
8139_10,0.98549646
6996_3,0.03846619
5168_1,0.024237636
5528_3,0.5391045
6635_1,0.18242551
1670_8,0.97997653
7099_4,0.02931223
2239_1,0.93674946
7313_4,0.04885778
3304_2,0.014957086
10505_1,0.0140636265
9681_10,0.9802808
7569_4,0.30321574
9926_4,0.14080817
8339_8,0.98201376
8553_10,0.96124375
387_1,0.053009775
4715_9,0.9492946
11447_1,0.02178117
7425_1,0.5134245
10514_1,0.01812472
6979_10,0.98803884
3104_1,0.018689308
6833_4,0.58070874
5931_3,0.016152835
12103_2,0.020488555
9413_1,0.013428254
2730_7,0.23370637
7293_10,0.9853843
8479_9,0.98421544
9099_7,0.2739627
2061_4,0.051082738
4680_7,0.9798227
4067_1,0.8344069
4663_2,0.014392335
3069_1,0.016152835
8739_7,0.9785493
8279_2,0.6951311
11078_1,0.11124121
7917_1,0.013020489
7636_8,0.97788346
5071_8,0.7142296
1720_10,0.9811669
885_3,0.045015533
734_1,0.021287354
6309_9,0.95976204
4346_3,0.01757688
4087_10,0.9845754
678_1,0.012624948
8348_8,0.9678993
3572_2,0.064653486
10285_1,0.29982224
11126_4,0.48072246
8071_2,0.028870907
8150_10,0.95945925
4652_4,0.7789858
3674_8,0.920218
1046_9,0.9693242
1986_8,0.98201376
2516_1,0.85633236
11758_1,0.12252322
4747_8,0.8879841
10426_4,0.026155619
4331_1,0.016152835
9146_3,0.05184547
312_10,0.91117966
4160_9,0.9798227
5277_3,0.017309094
4896_7,0.7356416
4327_9,0.30694237
4136_3,0.7962924
2324_2,0.42590368
10407_10,0.7516481
5081_10,0.98677725
2892_2,0.38245854
367_3,0.07477005
6523_3,0.014281935
9037_7,0.7711549
8790_1,0.015189049
1839_8,0.98582757
4149_3,0.014392335
7950_3,0.013636835
1686_2,0.01798621
7855_1,0.013222822
2844_10,0.97112906
4006_1,0.17023194
1077_10,0.98087597
9294_3,0.73335636
8866_1,0.02145073
8414_3,0.20087102
11736_3,0.7921428
11683_9,0.8392076
6399_10,0.5759458
4876_2,0.013020489
8818_10,0.97719735
8874_3,0.053009775
2595_7,0.8539127
9287_1,0.5410451
11446_3,0.032100707
10016_3,0.52585584
10381_8,0.97112906
2222_1,0.93581736
10875_7,0.96323055
5708_8,0.94208187
2727_9,0.94815457
823_1,0.01784874
3616_2,0.018689308
10522_1,0.016529558
5340_3,0.43602157
4218_9,0.9549844
6551_4,0.9273633
4506_7,0.9559813
487_3,0.06705628
3215_2,0.017442483
3884_10,0.9888419
8163_1,0.013020489
4878_9,0.18653922
10428_10,0.9724148
6394_10,0.97068775
5318_2,0.015189049
4829_3,0.4037781
9175_8,0.9777139
10213_7,0.03384404
1484_10,0.98934746
9646_10,0.98282325
755_1,0.013020489
4988_1,0.4758489
10640_3,0.02576056
2780_4,0.013222822
5867_2,0.013222822
9212_10,0.9224824
8554_4,0.08210663
4703_3,0.41920206
8779_8,0.92468774
953_10,0.89947516
10349_8,0.94458723
3280_10,0.98549646
3646_8,0.9856076
6054_1,0.01757688
4894_3,0.908618
11235_10,0.94815457
513_8,0.9572778
4166_1,0.04304285
742_8,0.8322367
7671_10,0.98571813
2835_4,0.9795114
8556_10,0.9777139
4764_7,0.947381
1626_3,0.014842417
6883_4,0.013742321
1014_4,0.07316472
9419_10,0.89982784
7918_8,0.8610715
8912_2,0.2639787
7996_3,0.30528295
5045_2,0.1338675
9612_2,0.85195273
1658_2,0.01798621
4373_2,0.013428254
11771_7,0.83169055
5458_4,0.025371313
10492_1,0.019568678
5551_8,0.98625773
811_1,0.02479816
12209_9,0.58070874
1514_1,0.042403832
6684_9,0.9840936
4604_7,0.97344345
3350_1,0.016914913
3336_7,0.9429286
9645_4,0.11318691
1664_9,0.88483775
5109_8,0.97997653
9294_8,0.79085356
7439_3,0.0145035805
9098_10,0.8824279
10353_2,0.32188615
2356_4,0.022457054
884_1,0.66104823
704_2,0.030214587
9429_4,0.8407826
11563_1,0.027376488
10345_7,0.97788346
12301_4,0.06608538
1021_7,0.3488669
6353_1,0.40080798
2608_7,0.9761292
10508_1,0.04813677
263_1,0.0140636265
10127_10,0.9863631
11517_4,0.2982869
4758_4,0.07316472
2210_4,0.2285006
12396_1,0.013636835
9405_7,0.937669
5945_2,0.4946291
1931_3,0.53400505
3972_9,0.96458924
7949_3,0.35835308
1958_10,0.9843364
5834_7,0.909907
11040_1,0.028007522
9453_1,0.013222822
5841_10,0.9728308
1144_10,0.9859364
5678_2,0.028436033
11361_3,0.020023443
5999_1,0.0140636265
11810_4,0.89912134
10502_1,0.022802636
11821_10,0.9403531
8270_10,0.96458924
4627_4,0.92944044
5588_2,0.13432105
4877_1,0.017045317
2289_8,0.31763792
2582_10,0.9805807
8749_1,0.24689631
1653_1,0.01784874
7060_3,0.2986959
4299_1,0.02017732
7198_10,0.9532751
5597_9,0.9830851
11592_10,0.9883128
1516_1,0.01784874
1428_10,0.9651191
9349_7,0.96909106
4182_10,0.8267118
522_10,0.92523
1942_9,0.9849274
2570_8,0.9829547
1188_2,0.12940274
7454_10,0.9881309
6859_8,0.983597
4278_9,0.9722044
3538_8,0.880797
6499_1,0.017176708
7715_1,0.019568678
5847_1,0.03308598
2109_10,0.9606575
7570_2,0.0335895
3725_1,0.013222822
8736_2,0.79565805
2007_10,0.98840266
9738_10,0.9207897
2763_7,0.91086304
9081_2,0.3192275
6647_10,0.983597
11207_1,0.0987726
5182_3,0.014728613
2171_10,0.9073123
9091_1,0.742048
3970_3,0.057918087
7432_9,0.90632194
2169_2,0.012624948
720_1,0.05033063
866_2,0.0140636265
567_3,0.96323055
11812_8,0.9348725
11195_9,0.94891727
5877_10,0.9761292
5526_9,0.9763105
792_8,0.9802808
8673_9,0.9549844
5163_1,0.012821214
4722_8,0.9795114
11423_8,0.91117966
3239_8,0.97023994
2235_4,0.7435406
5799_3,0.0140636265
8592_2,0.065604836
5229_10,0.9053223
9285_10,0.97324073
6092_1,0.4245313
8940_10,0.47536176
12220_8,0.026759284
4417_10,0.9832145
10462_10,0.97539
3241_9,0.81286734
8744_10,0.98625773
1016_3,0.8933094
7382_10,0.9814534
8458_8,0.9566342
629_4,0.5899231
1971_3,0.18624301
4471_4,0.07477005
7890_2,0.028007522
10164_4,0.9184803
2176_8,0.8529355
2500_2,0.30819023
1155_2,0.01784874
7102_8,0.97520185
3618_10,0.9805807
4940_3,0.013742321
10263_3,0.01757688
12495_10,0.7468782
7170_9,0.98481095
7322_3,0.3584092
2938_10,0.3733045
8128_8,0.9829547
4900_1,0.013532149
5672_7,0.7405498
3387_10,0.966156
806_1,0.020488555
7385_2,0.01243165
3043_4,0.051082738
6845_10,0.7325918
979_3,0.8146434
6853_3,0.019870715
4871_4,0.017309094
12172_8,0.8524448
4105_2,0.020023443
3171_4,0.088820286
8686_10,0.98215127
10187_1,0.0140636265
5305_7,0.87914675
1728_10,0.9791955
11284_4,0.8568123
443_2,0.018978037
8542_9,0.9879462
7634_2,0.3478693
2598_1,0.042403832
124_2,0.32713068
10145_8,0.97482115
63_1,0.013636835
5522_3,0.46514454
1264_9,0.9802808
12181_10,0.95945925
6508_1,0.015906392
2146_3,0.023689471
5449_4,0.28041926
2660_9,0.9868787
6594_4,0.016914913
6285_8,0.78464925
12200_10,0.9257686
6710_1,0.042403832
10399_10,0.8454327
6703_1,0.015189049
5795_8,0.97046465
3427_4,0.012624948
11306_10,0.97344345
6641_3,0.030444348
9364_9,0.5485526
6963_8,0.1850619
6896_10,0.90894175
10154_10,0.92359227
4690_10,0.98549646
8125_8,0.9780517
4978_1,0.028870907
4999_3,0.016029146
8921_8,0.8929365
6089_3,0.0140636265
12279_9,0.6855286
1209_7,0.9059898
2083_7,0.81405276
10162_10,0.9871788
1266_4,0.2498131
10892_8,0.83815056
4864_4,0.02178117
10743_7,0.20465964
6427_1,0.013222822
8633_1,0.025371313
6158_10,0.9433476
4952_3,0.019271135
7508_10,0.9750122
637_9,0.8474635
6734_2,0.70212173
10685_1,0.01757688
6269_4,0.07531231
9073_8,0.91490096
9551_2,0.0145035805
5499_2,0.019719128
3573_4,0.029986506
12089_1,0.019124037
3962_1,0.099820666
2169_7,0.77149934
959_8,0.90295243
10514_9,0.2899745
4430_7,0.8146434
10802_1,0.20307463
280_10,0.9678993
8041_3,0.013532149
9040_9,0.98201376
10653_1,0.21239536
10783_7,0.93439513
4711_1,0.015424551
1523_4,0.7134316
3903_1,0.018404892
4216_8,0.3873137
10108_1,0.092687786
4098_4,0.015543648
9433_7,0.87705624
11013_10,0.9686196
3968_10,0.80162543
7916_3,0.05184547
5859_9,0.9213576
11194_7,0.4804787
9376_3,0.042722195
1808_4,0.39335588
12029_3,0.0930168
5854_4,0.02931223
6573_9,0.97754294
6747_8,0.9738444
4366_1,0.016152835
5868_7,0.979354
7712_3,0.019124037
11617_1,0.024423089
5362_10,0.95976204
1950_1,0.014842417
9724_1,0.02096424
7537_8,0.97539
6950_1,0.018264279
6035_8,0.9700135
11191_4,0.039937317
4759_9,0.9826909
1228_7,0.04054074
10380_1,0.16184944
271_7,0.9492946
7826_9,0.9394706
4336_2,0.45035937
4209_2,0.024609927
4898_7,0.38927805
2987_1,0.014728613
9976_4,0.018404892
7521_10,0.95565146
5680_2,0.014728613
4310_10,0.91181
4484_10,0.96691406
5748_9,0.9787127
6798_3,0.04054074
9598_10,0.9678993
4834_2,0.015906392
2505_10,0.98657167
1984_8,0.8080672
476_1,0.58794314
11578_1,0.04115289
2223_3,0.35644665
8215_3,0.37863138
3108_1,0.02178117
4371_1,0.017442483
12399_4,0.7588682
4913_1,0.0145035805
8431_8,0.27727723
3445_10,0.9843364
8268_10,0.9805807
4271_10,0.98625773
2136_3,0.031618766
2479_1,0.0715912
11798_2,0.01784874
2893_10,0.9834705
7754_3,0.017309094
7568_10,0.9757624
6221_8,0.9830851
1687_10,0.98646784
4744_1,0.013428254
3730_10,0.88038635
7543_10,0.91367656
4449_1,0.013428254
2802_8,0.97719735
2834_2,0.012821214
11243_2,0.05623634
6638_10,0.8333246
3299_1,0.022457054
1378_10,0.98228765
1867_9,0.9807288
3371_1,0.018689308
1340_10,0.95695716
1810_10,0.9076402
11773_10,0.93581736
2111_1,0.068537496
2234_4,0.91490096
4958_7,0.92788786
3514_1,0.01678549
8488_9,0.22236224
1650_4,0.025371313
6538_3,0.028436033
9930_9,0.95791227
10594_1,0.013428254
6248_8,0.936285
1384_9,0.9559813
11526_3,0.45907614
9847_10,0.98201376
8994_1,0.014957086
11595_1,0.021125194
9840_7,0.92359227
1027_9,0.97134733
11691_2,0.039937317
1154_10,0.65555656
4599_4,0.18713269
2126_1,0.01812472
10719_3,0.017442483
11925_2,0.014842417
1938_2,0.020023443
7233_7,0.74316794
1747_8,0.97684664
4994_8,0.97754294
10696_10,0.92683524
7348_10,0.95976204
9121_8,0.8987666
902_10,0.8899121
8046_1,0.015906392
3604_7,0.93045825
4886_8,0.9780517
2821_10,0.9683812
10180_8,0.96458924
11376_10,0.9145963
11195_2,0.04115289
5625_9,0.9888419
9284_9,0.983343
6747_1,0.6013595
3910_9,0.0715912
11412_7,0.9566342
2456_10,0.98087597
6105_10,0.9757624
5732_10,0.9722044
1960_9,0.8233284
6363_7,0.8507168
9596_10,0.86613256
8605_3,0.4012918
174_2,0.015906392
8251_1,0.032589745
8567_10,0.94208187
7007_3,0.071073666
2418_8,0.97838473
12030_8,0.9284088
7626_7,0.8543993
6070_3,0.022457054
802_1,0.016657041
10801_10,0.9005298
8559_1,0.018404892
2495_2,0.8929365
10777_9,0.983597
2958_7,0.9623913
3701_10,0.9683812
2754_9,0.98201376
1210_1,0.01384861
7830_10,0.97539
4523_9,0.94699025
12408_4,0.1384618
5748_1,0.019419348
3982_2,0.029986506
9658_8,0.97520185
73_10,0.950411
3952_1,0.028436033
4064_8,0.9353465
9835_4,0.79117644
12463_1,0.032589745
905_10,0.9814534
5634_8,0.97482115
800_3,0.018546565
11576_10,0.98942953
8546_4,0.03875619
8456_1,0.027585285
163_1,0.01507263
7616_3,0.014392335
17_3,0.20370752
620_2,0.013428254
4250_4,0.08819005
4403_1,0.01883313
7107_3,0.442516
9691_9,0.77218723
4069_8,0.9437636
3747_7,0.9813107
7930_10,0.9871788
1088_3,0.03461884
3683_1,0.04369106
11138_1,0.01757688
1825_10,0.98657167
9888_3,0.0963651
8079_10,0.96485513
1508_2,0.013636835
2471_4,0.032344334
5238_7,0.9755769
4947_9,0.64690644
1791_10,0.24908175
5824_4,0.024423089
10408_2,0.037608635
6053_8,0.9766692
6811_4,0.013121271
6398_4,0.068537496
137_7,0.96124375
3920_9,0.89256257
8179_2,0.02576056
10602_8,0.07263671
10509_8,0.97262347
7346_3,0.07211221
2663_1,0.064653486
1342_2,0.32691577
5714_4,0.020645931
9669_10,0.91181
6038_3,0.19559409
11957_10,0.5649387
750_2,0.013020489
12386_10,0.054198727
7178_1,0.02145073
8070_8,0.27299258
8993_1,0.013636835
1178_4,0.754915
10457_8,0.98481095
5287_1,0.01507263
3098_8,0.89982784
3505_8,0.98469365
10271_1,0.9092645
4354_3,0.039342504
4817_1,0.030675802
11313_1,0.08819005
9023_10,0.8795612
8404_1,0.01798621
11847_1,0.013428254
5374_9,0.9539661
1009_8,0.9777139
4197_1,0.016914913
10803_9,0.95150405
6609_9,0.94165415
519_1,0.01757688
7675_3,0.032836955
10204_10,0.94853723
10565_1,0.124213
1641_1,0.023153413
11170_10,0.9851576
451_2,0.02479816
4526_7,0.9105454
5639_9,0.9829547
5642_1,0.015784562
9159_3,0.87321484
11173_10,0.22781274
10772_10,0.53679854
11172_10,0.987375
10213_4,0.69802076
11256_9,0.98707944
5863_1,0.013222822
5125_1,0.059646945
5624_10,0.9757624
10355_10,0.5415301
6623_1,0.017309094
3674_1,0.0145035805
540_8,0.3450501
5202_10,0.79246426
9644_10,0.9763105
4780_1,0.0705596
2002_9,0.018689308
7228_10,0.9849274
4036_2,0.0153063545
9925_9,0.937669
1137_10,0.9744348
5679_1,0.019419348
9162_2,0.015906392
2849_3,0.03308598
3546_4,0.021287354
7164_1,0.018978037
1749_10,0.6959583
11988_2,0.02211659
365_10,0.97887486
7340_10,0.96691406
1543_3,0.0269635
6008_2,0.27669054
2230_4,0.14366761
10105_3,0.015784562
5443_1,0.018546565
5024_1,0.017442483
5630_8,0.96691406
7603_10,0.9860443
12205_10,0.9193534
5910_7,0.97821885
7006_8,0.94776917
3287_10,0.91212356
3136_1,0.078642376
6547_4,0.10706346
9329_1,0.013020489
1679_10,0.98582757
1659_7,0.94165415
2015_1,0.021287354
5236_1,0.015424551
2201_2,0.01812472
6026_3,0.6945099
12093_8,0.9843364
11394_10,0.026556572
9512_1,0.012241275
8401_3,0.13432105
5239_8,0.97324073
5018_10,0.97324073
38_8,0.9840936
2968_7,0.8601343
5359_3,0.1480472
10419_4,0.22034244
1551_4,0.30538648
11346_1,0.86522406
809_1,0.015189049
9823_4,0.9079672
10125_8,0.9871788
8819_10,0.9860443
9038_4,0.065604836
1968_1,0.024987794
6642_2,0.017045317
9015_10,0.9882222
12198_2,0.01784874
2758_9,0.9559813
9206_3,0.05340333
4370_7,0.92944044
1985_2,0.021287354
3031_7,0.94208187
10172_1,0.014728613
4527_1,0.012821214
5458_9,0.9850429
6534_1,0.016029146
4347_1,0.013020489
11152_10,0.920218
9238_3,0.026759284
6161_8,0.98527133
2299_1,0.28577045
1133_1,0.38496995
11774_3,0.18300885
1095_2,0.029986506
11311_10,0.95791227
1126_1,0.014728613
2385_9,0.9814534
10710_10,0.9814534
10106_1,0.013636835
3363_1,0.031858858
11480_10,0.9805807
5183_1,0.017176708
7100_7,0.39313748
752_10,0.9549844
11958_8,0.84389514
2518_1,0.71582144
4744_9,0.8509647
53_7,0.3270232
12289_1,0.032589745
9239_4,0.27415702
8758_10,0.950411
9050_9,0.97112906
10390_7,0.9839708
11780_8,0.40427223
9518_1,0.017309094
3442_1,0.014172365
6316_9,0.9666631
2826_9,0.9585377
5908_10,0.9869795
3720_7,0.9764905
8481_1,0.0145035805
1188_10,0.9887554
2784_10,0.87536144
12352_3,0.92523
1771_10,0.90958625
5255_1,0.96741027
328_4,0.8610715
313_10,0.9036349
10530_1,0.01678549
4866_7,0.97262347
8936_1,0.022457054
10029_10,0.95791227
12383_10,0.6065713
1922_1,0.026155619
3012_7,0.9507779
11593_3,0.08329193
8661_1,0.17553806
10457_1,0.01784874
8074_4,0.9872773
11993_10,0.9079672
6_7,0.97112906
2542_9,0.9761292
11454_3,0.021948254
6776_4,0.93674946
9466_1,0.18565173
11100_4,0.01566365
6429_10,0.82275945
11218_3,0.97344345
8310_1,0.01798621
7432_4,0.014392335
10115_1,0.031858858
11127_7,0.97324073
3306_2,0.02479816
6998_7,0.019568678
12166_2,0.08694165
7792_10,0.9807288
9250_1,0.012821214
3351_7,0.9591543
3350_8,0.95791227
2393_3,0.09203287
5473_3,0.6000126
73_4,0.045692034
1504_1,0.012241275
10317_10,0.9105454
5795_1,0.023870835
1511_9,0.2501793
2537_2,0.029535338
8010_4,0.01627746
1616_3,0.027585285
4332_2,0.04115289
8499_1,0.10932483
1636_8,0.9394706
7752_3,0.023330767
5848_7,0.94165415
5370_2,0.045015533
10600_10,0.96378
5501_3,0.014172365
9948_7,0.92944044
10683_4,0.02479816
10013_4,0.123365626
11704_2,0.018689308
431_9,0.9825575
11855_10,0.9314625
2671_7,0.7325918
5831_2,0.055412795
7920_10,0.98646784
276_1,0.08449275
6245_2,0.7256486
89_3,0.019568678
7871_1,0.0145035805
1707_1,0.11961367
6640_1,0.019870715
723_10,0.97112906
11391_1,0.07751766
3534_3,0.015189049
10449_10,0.9757624
180_10,0.98959166
5128_1,0.03461884
471_10,0.98657167
2341_10,0.9651191
3204_7,0.9658996
1818_10,0.9804314
4489_10,0.66061044
12034_10,0.7947038
11264_10,0.9839708
8077_7,0.021287354
12206_10,0.7701192
11549_3,0.3351332
8993_10,0.8656789
1937_4,0.013742321
7778_3,0.018404892
9714_9,0.6798167
7219_4,0.017176708
6518_4,0.0145035805
8421_10,0.9777139
10563_2,0.076407686
2527_9,0.98102194
11147_10,0.9877587
832_7,0.87147486
8972_7,0.6585273
2311_9,0.9744348
6794_1,0.017309094
1769_10,0.98926485
11130_1,0.030444348
8331_3,0.02479816
5564_10,0.7756048
2594_10,0.8812066
11037_1,0.019568678
6679_9,0.9656413
419_4,0.16913125
2635_10,0.9124362
4436_4,0.5982609
10972_1,0.018689308
708_3,0.3340461
9113_1,0.018264279
1438_9,0.983343
2048_4,0.012624948
4488_10,0.68909645
7889_3,0.85342485
11498_9,0.9874721
8780_1,0.2972659
2036_7,0.8840393
1861_1,0.019271135
581_4,0.035144847
9253_10,0.9722044
977_4,0.71143085
5693_7,0.95430803
6515_9,0.9856076
9378_1,0.62563825
6695_2,0.02178117
8507_1,0.23196201
829_2,0.016152835
11023_8,0.9877587
70_1,0.05033063
3669_8,0.7150262
10033_8,0.9658996
9158_4,0.014957086
817_1,0.0145035805
4679_1,0.016152835
8133_4,0.09704755
3531_1,0.20307463
10742_1,0.016657041
5579_3,0.26932558
9041_1,0.01883313
4938_1,0.018978037
4246_9,0.078078166
4275_9,0.30590466
6819_3,0.012821214
6327_7,0.53849787
6101_10,0.7505527
11852_2,0.019870715
10252_10,0.97539
4348_8,0.7337381
5328_4,0.098079324
11964_9,0.9838472
8634_1,0.020023443
3702_8,0.98549646
1677_2,0.020023443
5907_1,0.01384861
8432_10,0.9722044
3570_3,0.8338664
9624_10,0.94539934
11466_4,0.6337503
9062_10,0.9814534
12336_1,0.01627746
3476_1,0.018978037
7033_2,0.01784874
2660_3,0.115560874
741_1,0.013020489
11490_1,0.057493284
6580_7,0.90397453
1807_3,0.017712297
4785_1,0.021287354
6319_10,0.9012275
4437_8,0.9832145
3533_10,0.93721074
12119_3,0.018978037
151_8,0.98159516
7829_7,0.08035747
5497_1,0.015784562
7477_10,0.98228765
5879_10,0.96124375
8068_10,0.94891727
7989_3,0.9500415
8480_10,0.9791955
10352_10,0.9802808
120_2,0.013532149
10135_3,0.021615336
8091_1,0.030444348
8505_8,0.89442116
3282_1,0.47999117
11570_10,0.97887486
11052_8,0.9046505
5549_10,0.98173577
3891_8,0.96182173
3537_9,0.95362175
8503_3,0.27629983
3995_4,0.8479678
10979_3,0.016029146
11681_1,0.045352582
536_7,0.86339164
11739_8,0.97262347
6951_10,0.9834705
6210_2,0.016152835
1449_4,0.8449215
11860_10,0.89478946
11149_8,0.97997653
4021_7,0.94853723
5104_3,0.026759284
2989_3,0.01566365
10112_10,0.99014014
6718_1,0.014842417
7654_4,0.26416847
9481_10,0.9850429
7984_2,0.013428254
1348_8,0.9801293
11079_8,0.87578696
9554_10,0.936285
8617_8,0.9763105
315_8,0.9791955
6085_8,0.98527133
1823_9,0.9871788
3208_10,0.9832145
924_4,0.83548355
6479_10,0.95565146
7017_10,0.9233162
8595_4,0.530723
4532_10,0.9843364
5145_4,0.4697635
2358_7,0.6573185
11151_4,0.02931223
10238_7,0.97838473
564_9,0.07263671
4054_10,0.9888419
8852_9,0.9832145
10137_10,0.9724148
7014_3,0.01627746
1533_4,0.02350945
8257_2,0.34620968
8719_8,0.97023994
5041_1,0.04401865
1469_9,0.9658996
11726_3,0.21733752
2002_1,0.013222822
12293_3,0.047074176
3672_1,0.02517884
11110_10,0.98215127
3931_1,0.8795612
6972_1,0.21766995
10186_1,0.01566365
9265_3,0.02145073
7412_3,0.20850107
5427_2,0.016529558
5006_4,0.28338456
3199_1,0.015784562
6256_8,0.02479816
418_9,0.96095175
8834_9,0.97520185
5093_10,0.98228765
3190_2,0.016657041
12360_4,0.014172365
9477_1,0.018978037
6085_1,0.0140636265
7773_10,0.987375
255_4,0.08509905
1661_1,0.012241275
1627_10,0.98187524
9204_2,0.16776335
3704_8,0.03846619
11898_9,0.9856076
1137_1,0.060975183
101_9,0.6664968
1142_1,0.017176708
5314_8,0.97838473
10932_4,0.012821214
9639_2,0.093678
12125_7,0.9850429
10998_1,0.015543648
5186_7,0.94539934
10340_1,0.3410885
7419_8,0.8812066
6929_3,0.031858858
7238_4,0.03963884
10869_7,0.38444984
4106_1,0.015424551
6589_2,0.8244619
9619_7,0.87234735
7116_4,0.8193158
8889_1,0.0140636265
3901_9,0.9829547
7052_7,0.26076576
6439_1,0.018546565
5309_1,0.04208773
4515_3,0.32412845
3029_4,0.016029146
10310_1,0.020023443
12350_10,0.971779
532_8,0.07978202
11145_8,0.98102194
75_10,0.9849274
6137_3,0.013222822
1637_2,0.13892843
12327_10,0.98657167
2177_7,0.96814114
1879_1,0.055412795
8745_2,0.011508149
3099_8,0.8879841
7354_4,0.01384861
10103_1,0.012053779
3296_10,0.983343
8494_9,0.9814534
3423_4,0.87914675
7609_8,0.30600834
4265_10,0.9600627
1872_7,0.96378
10987_10,0.9688562
2849_7,0.96405166
628_1,0.015189049
1391_1,0.027376488
7456_1,0.013222822
12150_1,0.03410043
7718_9,0.98421544
5787_3,0.068537496
12162_8,0.76559335
11670_7,0.7994423
1784_8,0.28876963
7483_8,0.9722044
9564_9,0.7379143
10832_9,0.96741027
12230_1,0.016403032
2291_8,0.9811669
8416_3,0.02865267
9486_10,0.96814114
8153_10,0.98201376
5164_10,0.967163
6347_8,0.97966766
7773_2,0.08509905
12215_1,0.01461567
10039_8,0.9839708
9803_9,0.98469365
1589_1,0.12168575
1615_9,0.9507779
119_3,0.015784562
623_8,0.97112906
10427_1,0.018546565
11697_4,0.3282064
6168_2,0.019870715
2658_3,0.01507263
1841_4,0.018546565
10572_1,0.013222822
6964_8,0.11797801
5172_1,0.023870835
989_7,0.80685264
159_10,0.98527133
5240_1,0.024053553
11777_1,0.013222822
8350_3,0.18359362
2565_1,0.014842417
7694_10,0.9738444
7759_1,0.015189049
3003_4,0.182717
7128_2,0.013636835
8147_4,0.034358688
6595_9,0.9853843
8949_3,0.41525447
9848_4,0.019124037
7496_8,0.9314625
11857_10,0.9738444
3237_1,0.014281935
5404_1,0.016403032
10699_8,0.4472189
6138_4,0.031143833
909_4,0.896614
11833_10,0.98228765
11817_10,0.983597
171_2,0.07004896
2517_7,0.34687307
10307_7,0.7189892
370_2,0.02145073
5995_8,0.9728308
4612_1,0.028870907
6561_8,0.9761292
7454_1,0.014281935
2951_2,0.0145035805
8860_1,0.018546565
411_3,0.06656919
664_3,0.015543648
4345_10,0.92359227
4452_1,0.1334152
2833_2,0.012624948
10374_3,0.88563144
9322_1,0.30528295
9923_3,0.014172365
8687_3,0.7921428
7567_9,0.619759
137_3,0.0145035805
7872_1,0.015424551
6968_4,0.042403832
1540_10,0.9740426
9157_10,0.95257413
4102_10,0.98481095
6645_1,0.021287354
7630_10,0.8705973
3958_9,0.2247353
11437_9,0.9353465
6982_1,0.016152835
4870_2,0.015784562
3545_7,0.97046465
204_1,0.013222822
6844_10,0.27454582
4736_1,0.013020489
9120_9,0.9666631
1608_1,0.117572136
1251_10,0.9877587
12315_10,0.9651191
11754_10,0.987375
2399_3,0.7000752
11499_8,0.96538115
3870_10,0.93991333
5503_10,0.96814114
4045_10,0.9334308
3063_1,0.20753577
10914_7,0.78727776
8509_10,0.971564
5872_1,0.026155619
5729_4,0.021948254
10865_2,0.01566365
10218_4,0.019719128
2096_4,0.26683462
11344_1,0.01784874
10623_2,0.023870835
11241_10,0.87147486
7254_2,0.61462533
7892_1,0.0140636265
3472_8,0.70028025
11637_4,0.13523209
11853_9,0.9458012
1096_7,0.9724148
8508_3,0.04208773
9400_10,0.98173577
1128_10,0.21568096
5989_10,0.9811669
8021_1,0.012624948
7860_10,0.97520185
1131_10,0.9433476
5589_1,0.7162186
5662_8,0.9606575
2161_7,0.58884853
323_10,0.9582261
2431_1,0.027376488
10147_7,0.9019207
2956_7,0.9591543
12005_3,0.14414886
477_2,0.22067817
202_9,0.9891816
5710_10,0.98571813
2262_7,0.97344345
7103_8,0.9546474
10237_3,0.3862569
12151_1,0.051082738
7485_2,0.024609927
2438_10,0.97023994
4069_2,0.01395571
5593_2,0.014281935
11163_1,0.15817435
6754_10,0.9764905
9147_2,0.019419348
9614_10,0.9777139
4427_7,0.7217432
1382_1,0.016403032
11132_7,0.95759624
6371_3,0.32627144
11221_4,0.054600604
10071_2,0.0715912
4936_2,0.0153063545
1797_3,0.12378871
6692_4,0.244363
5816_1,0.039342504
6163_2,0.031858858
2042_8,0.9582261
856_3,0.18565173
1233_10,0.9863631
9537_10,0.9830851
9504_9,0.9465967
788_10,0.9845754
3399_8,0.9750122
7142_4,0.019124037
10371_4,0.40421346
760_7,0.94966936
3614_10,0.9882222
3314_1,0.03904829
3447_10,0.90087914
12240_10,0.048496004
10083_10,0.9791955
9936_10,0.938576
7651_10,0.98657167
1470_1,0.023870835
2703_7,0.84389514
5637_10,0.9763105
6102_1,0.016914913
8991_8,0.64187145
9606_10,0.9437636
10568_4,0.036769465
7126_10,0.8620035
4203_10,0.9780517
4486_2,0.019271135
3408_9,0.9500415
2867_8,0.97344345
7338_8,0.97462875
8065_4,0.024237636
2510_3,0.028870907
2110_7,0.45568302
4097_4,0.23934935
7484_8,0.46490157
5789_10,0.91490096
8070_2,0.014172365
867_2,0.18713269
1364_3,0.22918999
10654_2,0.0140636265
12417_4,0.8587186
10470_10,0.9853843
6544_10,0.0145035805
8904_8,0.080936715
10282_2,0.01798621
497_9,0.9763105
2659_10,0.9563089
9609_7,0.8774768
3010_3,0.76454014
9134_1,0.01798621
8990_1,0.016403032
6960_4,0.89552265
9566_9,0.28120816
7923_4,0.027585285
4542_10,0.9566342
7185_3,0.015543648
1918_10,0.96267307
2316_8,0.93045825
5846_10,0.97788346
1023_10,0.8494724
7141_7,0.9603612
3724_10,0.9700135
3617_2,0.02017732
7095_1,0.015189049
12201_10,0.9700135
10309_2,0.7287483
5584_8,0.9686196
2063_10,0.8418256
10874_1,0.031618766
4084_2,0.0153063545
2765_1,0.019271135
11390_3,0.25423113
4676_1,0.018546565
2130_7,0.11318691
12032_7,0.091382116
9671_3,0.013532149
816_7,0.9623913
11320_8,0.5197651
1458_8,0.9757624
1938_7,0.86385167
2861_8,0.78858316
5768_9,0.96267307
5049_9,0.9695556
8083_1,0.34334174
4825_1,0.018546565
1740_9,0.97788346
3034_10,0.2560871
9977_7,0.9615338
8459_10,0.97788346
1103_10,0.09670579
3783_10,0.9683812
754_2,0.030214587
5580_10,0.9683812
3472_2,0.013020489
2640_3,0.8844391
5400_2,0.21866938
5881_10,0.98892784
10970_4,0.63119656
8842_1,0.017045317
5336_8,0.909907
1398_1,0.034880888
12310_10,0.9882222
6012_8,0.47341377
1508_7,0.15052764
2981_8,0.9001793
576_8,0.9787127
9683_7,0.18447348
10336_1,0.014281935
3345_3,0.02145073
7683_7,0.9656413
6366_9,0.95759624
6741_9,0.9869795
11396_2,0.040845715
4964_10,0.9693242
12285_10,0.9860443
11018_9,0.9623913
3902_9,0.936285
4147_8,0.9022657
1748_10,0.92892635
10084_3,0.29808253
3265_7,0.8338664
6160_1,0.037326884
2984_10,0.97754294
1305_1,0.013428254
9075_4,0.8688268
11710_7,0.9500415
2443_10,0.98571813
938_10,0.971564
1392_7,0.81167597
10406_8,0.93581736
4302_7,0.93721074
2836_8,0.909907
2365_3,0.013742321
98_1,0.82275945
8325_10,0.9884919
300_9,0.9868787
7667_1,0.9695556
4313_10,0.81815636
12450_3,0.14033625
8582_1,0.28957257
11325_9,0.121268876
8482_1,0.023870835
7304_8,0.98445636
9439_1,0.01243165
2656_10,0.9353465
4306_3,0.2243952
10079_1,0.015906392
11172_1,0.13117322
6095_9,0.9876639
5698_1,0.04054074
35_1,0.44456473
6043_3,0.01627746
2261_1,0.015189049
4784_10,0.90829307
10936_7,0.63522243
5316_10,0.97821885
8361_8,0.95362175
10373_2,0.3429015
500_10,0.947381
371_4,0.6660625
3434_4,0.032344334
3654_2,0.014172365
11280_2,0.89733595
6542_9,0.9730365
10313_10,0.9787127
7267_1,0.027795624
11897_3,0.09334688
7321_2,0.015189049
1516_7,0.9449947
1640_1,0.0226292
9456_10,0.96432143
2769_10,0.909907
6280_7,0.9811669
12399_10,0.9877587
6206_7,0.96378
8836_4,0.25386098
5254_9,0.9830851
10903_1,0.04054074
3966_10,0.9124362
4048_10,0.97887486
1528_9,0.9839708
6219_10,0.97966766
8280_4,0.026556572
7974_10,0.9728308
6956_8,0.9656413
5975_10,0.9805807
6759_10,0.95531917
963_2,0.48657548
12158_10,0.9656413
148_1,0.2724115
8831_1,0.8962514
11556_9,0.88563144
9038_10,0.94458723
4421_10,0.9850429
5236_8,0.9750122
3753_10,0.5112286
9334_3,0.057918087
2444_4,0.033336822
2890_3,0.01757688
9132_9,0.9761292
11413_10,0.9763105
3424_4,0.81873685
1258_3,0.078642376
5277_10,0.9813107
706_10,0.98571813
3527_10,0.971564
4081_9,0.8037906
3895_2,0.79246426
11528_2,0.052618954
7285_9,0.98549646
12339_7,0.79246426
729_1,0.044348583
6291_1,0.023870835
12296_9,0.88563144
5913_10,0.9872773
7770_10,0.9826909
9546_2,0.22236224
2383_4,0.50146484
6802_7,0.9876639
5445_2,0.34103364
687_3,0.01798621
9982_8,0.97046465
11830_10,0.93439513
4271_1,0.014728613
7279_10,0.967163
1599_7,0.13568954
10880_10,0.9777139
2838_10,0.9785493
4234_9,0.9695556
7674_2,0.15713686
6156_8,0.9861514
11657_4,0.23405632
11738_2,0.014842417
11962_8,0.96405166
10966_8,0.6791787
6421_1,0.014957086
1476_3,0.022286188
7022_8,0.9830851
11500_8,0.98282325
6263_2,0.0140636265
8989_9,0.9566342
2395_9,0.929951
9311_1,0.4148396
6386_4,0.0226292
91_4,0.061875988
3759_3,0.017045317
11766_2,0.9257686
11290_7,0.32167304
5627_3,0.12252322
3278_1,0.019124037
9682_9,0.90397453
11894_1,0.014728613
10387_9,0.9840936
884_8,0.98159516
8408_2,0.07316472
5772_2,0.60452294
11422_1,0.0973904
9709_1,0.06754669
701_8,0.9429286
2721_8,0.95362175
4875_3,0.024609927
6356_1,0.0145035805
7446_3,0.017176708
2440_4,0.03541073
9732_1,0.036220055
9109_10,0.95565146
7578_2,0.37164956
11017_8,0.13706976
12498_1,0.01384861
4942_2,0.02479816
4939_10,0.9851576
8451_4,0.47852883
6274_1,0.01566365
11635_4,0.023689471
8931_1,0.029535338
109_4,0.95945925
11744_7,0.9394706
5351_4,0.76454014
1120_9,0.98242307
10494_2,0.032836955
5317_10,0.9801293
6139_2,0.89368117
12322_8,0.9449947
11239_3,0.021287354
4815_7,0.7213508
11979_10,0.27221802
254_10,0.983597
10286_3,0.018689308
6457_10,0.9860443
4662_8,0.9811669
6298_4,0.04369106
2704_4,0.6509112
11313_10,0.9539661
187_10,0.9834705
1166_1,0.014842417
12126_3,0.016657041
1813_9,0.9830851
6282_10,0.97737074
10525_7,0.97090924
8887_1,0.15817435
11605_7,0.047425874
6533_1,0.01243165
1210_8,0.9539661
11904_8,0.82949203
10659_10,0.9861514
7004_4,0.020804489
10260_10,0.96405166
11997_7,0.7718435
7850_4,0.88161486
2085_3,0.088820286
11839_1,0.013742321
419_9,0.9811669
4157_10,0.9230392
8253_8,0.97023994
11268_2,0.015784562
12119_10,0.9492946
10259_10,0.054600604
978_1,0.2213507
6848_4,0.117572136
9368_4,0.016029146
7863_9,0.9462003
4157_3,0.029986506
4184_10,0.88759494
2888_1,0.012821214
8073_4,0.29421496
1755_1,0.6166473
7688_2,0.92523
5966_7,0.97887486
10673_9,0.9849274
4110_7,0.14706452
699_9,0.9845754
9240_2,0.017176708
3651_10,0.9805807
3933_7,0.8962514
2960_7,0.97134733
10664_1,0.016914913
358_9,0.9462003
11200_10,0.9740426
4471_8,0.987375
11661_2,0.053009775
12304_1,0.02145073
2442_4,0.89368117
7134_9,0.9722044
4214_2,0.01566365
4869_8,0.9334308
6372_1,0.16344546
10236_4,0.03410043
12189_1,0.017176708
9715_8,0.96295285
5751_10,0.8778961
166_7,0.11920291
11889_2,0.020488555
5098_1,0.14511536
8126_7,0.9730365
9302_7,0.47609246
10430_10,0.9869795
445_9,0.97838473
4550_10,0.9688562
10995_10,0.9881309
7154_1,0.021948254
3983_3,0.90087914
1446_9,0.97090924
865_10,0.97090924
3012_1,0.016152835
3562_3,0.029760094
2551_1,0.024053553
6440_1,0.02865267
10241_10,0.9878528
1542_7,0.24544656
1405_2,0.015424551
11835_10,0.98571813
4023_3,0.15974104
1287_1,0.01566365
11059_2,0.02211659
2583_8,0.87621135
1550_2,0.0433658
11382_3,0.016403032
5567_10,0.97997653
11033_1,0.013428254
5543_1,0.014957086
8631_10,0.84594244
10871_1,0.014728613
6955_9,0.9829547
6254_4,0.4987793
2179_4,0.24113183
7559_8,0.98215127
12431_8,0.79692537
279_10,0.9588471
2127_8,0.9837225
3803_10,0.4368022
12200_1,0.015543648
3480_9,0.93195957
5156_8,0.9559813
1718_2,0.0145035805
12145_9,0.9492946
1560_4,0.32187286
11646_1,0.015906392
10378_4,0.18535662
8281_3,0.015906392
10393_9,0.8056322
1402_4,0.029090757
3958_4,0.014957086
3676_1,0.015189049
3709_1,0.014281935
10668_7,0.9805807
11972_1,0.023153413
4842_1,0.041462272
1889_8,0.76699245
3990_1,0.031143833
6467_7,0.11124121
5928_4,0.23757592
4639_10,0.8322367
4748_8,0.97903574
5417_10,0.98159516
2351_4,0.7552762
4365_1,0.01566365
3591_2,0.01757688
5914_10,0.9837225
8099_2,0.01627746
5510_1,0.014392335
314_10,0.937669
8544_10,0.96267307
3799_1,0.02350945
5650_2,0.048496004
1646_7,0.5278033
11586_9,0.9811669
2389_9,0.9875683
908_3,0.026556572
654_9,0.9834705
6323_9,0.9329437
3014_7,0.91398406
11312_9,0.26855758
5457_3,0.01627746
6071_3,0.01678549
12459_1,0.015543648
8639_4,0.01627746
3600_8,0.9181873
9052_3,0.36931512
528_1,0.013742321
7692_1,0.099120855
6885_3,0.015424551
11395_4,0.83761996
11763_1,0.13296424
3631_1,0.01798621
4296_3,0.023330767
4810_3,0.13477592
6660_2,0.013428254
850_7,0.9780517
6731_10,0.9755769
12129_1,0.013428254
11525_7,0.9458012
5782_10,0.9036349
4613_2,0.015906392
4460_8,0.97423947
2992_10,0.9763105
570_9,0.98242307
5908_4,0.42536655
4677_4,0.05033063
5791_10,0.96432143
5718_10,0.9859364
12453_10,0.3104853
8364_8,0.9755769
7761_10,0.95292586
3459_1,0.036493763
9169_1,0.016657041
12022_2,0.28002536
10869_1,0.053009775
4997_1,0.014281935
2430_8,0.0335895
5011_4,0.013222822
3011_1,0.019419348
8425_3,0.2683658
6517_8,0.97788346
9300_9,0.9813107
840_8,0.6026294
2662_10,0.9829547
2724_1,0.012821214
5654_10,0.25534365
5574_10,0.9798227
5606_3,0.02096424
7717_8,0.91367656
11202_10,0.9759464
6889_10,0.9764905
3712_10,0.98667485
3042_3,0.0140636265
7858_8,0.35824078
4902_8,0.97702265
11885_1,0.01757688
7582_1,0.015543648
8450_7,0.8891444
9368_9,0.8774768
7616_8,0.9683812
4443_3,0.18242551
2344_1,0.01384861
11861_9,0.87450653
7738_8,0.97324073
327_10,0.98625773
8175_4,0.039937317
10189_10,0.9881309
8691_1,0.022802636
12236_2,0.01678549
7341_3,0.717408
3261_1,0.015189049
8809_4,0.013428254
3735_3,0.022802636
9339_8,0.91550726
8242_4,0.11961367
6787_4,0.018404892
4379_4,0.113579586
5967_4,0.4821853
5568_8,0.91367656
4579_4,0.098079324
7066_1,0.016152835
12323_1,0.017309094
2673_9,0.89143354
2639_7,0.96323055
8323_10,0.90397453
246_10,0.94966936
653_1,0.044680875
2407_1,0.014957086
2795_1,0.01384861
11793_4,0.099820666
2848_4,0.17441027
6040_4,0.028007522
9388_2,0.093678
909_10,0.95695716
2567_2,0.87621135
4473_8,0.6232622
4451_3,0.6370308
10296_1,0.2247353
5111_7,0.1480472
8281_9,0.98242307
4957_8,0.6819386
8249_1,0.684475
1572_3,0.7061904
5718_2,0.09401018
5959_3,0.018264279
3013_9,0.9559813
3544_1,0.012053779
11250_10,0.98469365
5162_9,0.93439513
8872_9,0.936285
11122_8,0.9882222
991_4,0.018978037
6322_9,0.94122344
7065_8,0.9830851
9704_7,0.2525684
4317_9,0.23475733
11622_10,0.98942953
10725_7,0.8929365
6549_1,0.014728613
9062_3,0.13660839
10253_7,0.88759494
4035_9,0.97754294
5437_1,0.77864933
1779_1,0.01384861
8740_2,0.013020489
10175_7,0.93439513
5331_4,0.017176708
9506_3,0.25683197
11199_4,0.02145073
9948_2,0.09170697
252_9,0.94165415
1094_3,0.62165576
9145_3,0.02931223
506_8,0.9207897
7126_1,0.016657041
3317_1,0.0140636265
11439_4,0.03567855
6583_1,0.018546565
2805_8,0.97966766
1841_10,0.9849274
2698_3,0.030444348
6956_4,0.21700546
7664_8,0.9130583
97_1,0.20024472
4588_9,0.6128022
5220_1,0.013020489
45_2,0.019719128
5812_4,0.70456684
6625_8,0.82615143
2816_9,0.5092763
11463_1,0.03384404
158_9,0.9606575
6633_1,0.01798621
1184_10,0.8221891
3967_1,0.25571522
6653_7,0.8509647
6093_1,0.018546565
2932_7,0.04115289
1522_1,0.014281935
2529_1,0.020645931
1475_1,0.18952107
2027_8,0.9688562
1854_1,0.026155619
6269_10,0.938576
2184_7,0.23370637
4923_3,0.1187934
10827_9,0.9875683
10885_10,0.98201376
3281_1,0.015543648
1468_7,0.9219218
104_1,0.02517884
3898_3,0.32444942
10973_7,0.9686196
8900_7,0.98159516
10735_1,0.01461567
4992_1,0.01812472
368_8,0.9850429
6709_4,0.014392335
10453_1,0.01461567
139_4,0.78365755
12079_1,0.013222822
7001_4,0.027376488
10533_3,0.92944044
2307_8,0.9859364
7241_9,0.9805807
7717_3,0.013428254
6223_2,0.04813677
9500_2,0.015543648
669_10,0.5997196
1596_3,0.022802636
3576_7,0.85342485
8263_8,0.9829547
6832_4,0.019568678
5158_9,0.97023994
5899_10,0.9764905
5794_4,0.6955449
8854_10,0.9324533
11036_7,0.06608538
8803_3,0.920218
5733_4,0.027795624
5268_10,0.98242307
12297_2,0.016152835
6862_1,0.028436033
5515_3,0.018264279
3382_10,0.98421544
6738_2,0.01461567
3832_1,0.01784874
10210_7,0.96814114
12080_3,0.6586371
7748_2,0.05623634
4788_1,0.96909106
182_10,0.9834705
4478_4,0.013742321
6544_1,0.021615336
2705_7,0.8795612
10334_1,0.013020489
10374_10,0.9053223
2031_1,0.01883313
4671_7,0.98549646
6231_9,0.7588682
9077_3,0.015784562
6381_1,0.032589745
216_2,0.074231364
9956_4,0.8267118
10882_9,0.054600604
6192_10,0.02931223
10442_8,0.95791227
3199_10,0.9730365
7649_3,0.366193
1793_9,0.97134733
7987_1,0.115560874
1678_1,0.05223086
8176_4,0.03138043
4674_2,0.037892424
5751_3,0.92788786
6904_9,0.9845754
8869_1,0.040237945
6844_2,0.01678549
8744_2,0.0140636265
5430_3,0.9187722
1556_9,0.87914675
10830_9,0.9876639
5642_8,0.96432143
3337_1,0.019419348
5339_1,0.01384861
9198_1,0.014957086
5759_10,0.35735723
10632_9,0.70212173
2067_9,0.91550726
3442_10,0.9142907
3341_4,0.27571437
9055_4,0.23161423
5793_8,0.9241418
896_8,0.84645087
1804_2,0.01627746
1134_8,0.94539934
5532_8,0.9738444
2453_9,0.9839708
8113_2,0.01243165
12046_10,0.97702265
11873_8,0.7193836
4525_8,0.9257686
10377_2,0.026155619
2008_1,0.012241275
10288_1,0.027585285
1083_7,0.844409
2415_2,0.35387465
6688_9,0.9780517
4448_9,0.94815457
9407_10,0.96295285
3976_4,0.94417685
3930_8,0.9615338
3950_10,0.89912134
5645_3,0.030214587
6064_9,0.98707944
8064_1,0.027376488
3643_1,0.111627996
10321_1,0.01784874
5858_1,0.16995624
8535_9,0.22337706
3643_7,0.32305968
10041_1,0.085403666
11014_10,0.7409249
11776_4,0.069541745
8227_7,0.9600627
11445_8,0.9403531
8756_10,0.9073123
9328_10,0.9845754
11734_10,0.97482115
10118_1,0.02017732
9690_2,0.9222025
7713_8,0.971779
545_7,0.87663436
10603_8,0.87191176
5925_9,0.9207897
3105_1,0.014842417
10134_4,0.10894506
6354_2,0.041462272
9866_2,0.05223086
7553_10,0.97482115
11324_2,0.7574357
10532_1,0.036493763
439_1,0.012241275
11265_10,0.9845754
6568_8,0.98571813
9218_3,0.24798743
1939_2,0.028220987
4215_7,0.9059898
9968_10,0.9837225
12022_10,0.83004373
897_8,0.15052764
7129_8,0.9666631
7414_4,0.08977329
8118_9,0.97719735
6179_4,0.052618954
10124_8,0.98159516
7379_7,0.91789335
1075_9,0.9795114
2594_3,0.019271135
11482_4,0.8221891
7675_10,0.94815457
3127_8,0.9015746
7440_10,0.97262347
10215_10,0.2592626
5098_10,0.9882222
10534_2,0.013636835
12364_7,0.7264256
5191_1,0.013428254
4179_9,0.8539127
1433_3,0.017309094
12177_8,0.96741027
9519_8,0.9805807
5781_7,0.97262347
10031_8,0.9207897
2631_4,0.01507263
195_4,0.024237636
11432_7,0.92944044
3952_10,0.9744348
5805_2,0.013428254
5555_10,0.9877587
7161_4,0.048496004
1399_1,0.02479816
8332_3,0.025565214
2132_2,0.7446563
12031_1,0.30012983
8480_1,0.017176708
11103_4,0.063714996
12124_3,0.098079324
12072_9,0.9780517
9371_9,0.17469169
2144_4,0.018546565
5668_10,0.9856076
11790_10,0.9591543
6933_7,0.88161486
4932_10,0.9763105
216_10,0.75346667
5862_7,0.882022
11669_3,0.01384861
7488_4,0.11240509
6402_10,0.97539
3244_9,0.9755769
5108_7,0.92468774
10854_1,0.013020489
3404_10,0.98102194
4282_7,0.014172365
483_10,0.51415634
2110_4,0.3530935
6199_8,0.9511422
7942_10,0.98677725
314_2,0.01678549
6395_3,0.020645931
274_1,0.014281935
3421_2,0.05582314
4100_1,0.01384861
9232_1,0.014281935
7152_10,0.98549646
10721_7,0.98469365
3565_3,0.030444348
4223_1,0.037608635
3543_10,0.97539
1256_7,0.8697146
6567_2,0.018404892
10658_9,0.97754294
1381_1,0.02576056
2591_1,0.0153063545
4775_2,0.80069196
1743_8,0.888372
3004_1,0.23686911
11712_7,0.7772999
2966_2,0.01627746
3139_1,0.015906392
989_4,0.022457054
2141_1,0.024237636
8224_1,0.045692034
10222_8,0.80685264
6540_1,0.045352582
7427_10,0.9883128
5519_1,0.94208187
945_2,0.024423089
3996_3,0.028436033
10202_9,0.98159516
1328_9,0.9759464
11425_2,0.029090757
1252_4,0.097734325
10086_1,0.45640975
3946_3,0.014281935
11834_8,0.9740426
10710_1,0.020488555
1858_8,0.8828326
1532_10,0.94417685
7082_10,0.6865802
9813_10,0.9860443
38_1,0.01627746
271_4,0.26057756
7184_1,0.020645931
11866_10,0.83973396
5983_1,0.01384861
5026_10,0.9761292
9030_1,0.014281935
11133_1,0.0140636265
10130_2,0.014728613
8357_2,0.21568096
9824_1,0.083890386
7264_4,0.18594718
12449_2,0.023153413
1735_1,0.11397346
618_7,0.9348725
6421_7,0.702938
6294_4,0.026556572
2174_2,0.034880888
5985_2,0.021125194
7121_10,0.24798743
7912_7,0.9549844
5015_1,0.065604836
6476_2,0.016529558
9954_8,0.97482115
10122_10,0.9888419
9334_9,0.3463202
11751_3,0.0335895
11607_7,0.97997653
11310_10,0.98102194
300_1,0.07751766
6520_4,0.055412795
6735_10,0.98998636
10008_8,0.94853723
7817_7,0.6761924
3634_10,0.9826909
5927_2,0.023870835
3414_3,0.014281935
12266_1,0.08509905
11276_7,0.604107
5478_3,0.031618766
6992_1,0.088820286
8039_8,0.896614
11491_4,0.41424707
7823_7,0.9826909
8662_9,0.95759624
9921_2,0.032836955
2058_9,0.9814534
3321_9,0.9785493
8634_7,0.4089847
2161_4,0.8333246
3441_9,0.967163
10096_1,0.014728613
774_4,0.79438496
12086_9,0.9449947
1968_8,0.8705973
3269_1,0.0140636265
2988_10,0.95976204
853_1,0.15869518
5303_10,0.98646784
11628_10,0.98215127
7772_2,0.018978037
2712_1,0.016529558
7362_4,0.018264279
3681_2,0.020023443
2066_1,0.01384861
7089_3,0.9429286
7393_10,0.7516481
7284_1,0.032344334
12199_7,0.6401861
3512_1,0.27512974
4349_2,0.024237636
11825_1,0.017045317
8351_3,0.02178117
467_3,0.058776557
2523_10,0.9394706
12078_8,0.9688562
1418_10,0.9722044
6552_10,0.9801293
10070_10,0.97903574
10031_2,0.04813677
7179_2,0.013428254
4533_1,0.01566365
11788_10,0.98707944
833_3,0.81582016
9777_1,0.025957355
6930_7,0.01784874
2310_10,0.98173577
2924_8,0.94208187
7252_10,0.979354
10216_10,0.97046465
104_10,0.93045825
4283_4,0.018689308
6351_4,0.018404892
1272_4,0.015189049
11226_9,0.9219218
3342_10,0.6654106
3326_9,0.97134733
3541_8,0.9859364
8142_10,0.9591543
6491_10,0.96323055
2125_10,0.9872773
7008_10,0.98677725
5347_9,0.97344345
8420_9,0.94458723
10767_3,0.07211221
12094_1,0.015189049
11904_1,0.012821214
2635_1,0.02479816
4074_10,0.97788346
2470_1,0.6349961
5888_3,0.027169231
9164_4,0.6791787
11312_1,0.01384861
2588_3,0.076407686
9177_1,0.016914913
10361_9,0.98187524
9216_10,0.9656413
5754_3,0.6880493
12314_10,0.98215127
9044_3,0.049958523
5677_2,0.017309094
6664_4,0.022802636
2308_3,0.020804489
7377_3,0.8543993
9149_8,0.9750122
5244_3,0.020488555
10656_3,0.24220563
10885_1,0.015784562
4296_9,0.5222022
1770_2,0.03308598
4940_10,0.9764905
3984_10,0.95976204
2976_10,0.9757624
2767_1,0.015424551
11848_2,0.018404892
3096_10,0.81757444
9792_3,0.041462272
9785_10,0.020488555
10264_8,0.9339146
12277_7,0.9161096
8110_8,0.87873113
10396_8,0.95945925
3233_2,0.14608724
1903_1,0.16885696
4743_10,0.78464925
1417_9,0.9635062
2662_1,0.015906392
11231_4,0.79182106
9747_10,0.97903574
27_4,0.023689471
3310_2,0.05184547
3212_10,0.98242307
5608_3,0.01812472
1241_4,0.029760094
5543_7,0.9001793
7945_9,0.9539661
3705_7,0.9348725
1598_10,0.06233104
4273_10,0.9728308
5985_9,0.75635755
531_2,0.9207897
6744_7,0.27963173
10270_1,0.017176708
11199_9,0.9615338
9755_4,0.9695556
12080_10,0.9837225
5600_10,0.97838473
12216_10,0.9145963
10783_4,0.92944044
3307_1,0.017176708
10954_7,0.0460339
9959_4,0.016152835
10223_10,0.98469365
12130_1,0.9856076
11939_7,0.03704717
12318_10,0.98421544
6204_10,0.94815457
2927_9,0.21900325
2779_10,0.9832145
3661_1,0.029090757
9068_3,0.013636835
1970_2,0.9403531
7539_10,0.96210754
9241_3,0.014957086
9350_3,0.12549345
7885_8,0.98445636
1078_9,0.891811
6062_2,0.033336822
1215_10,0.9152046
1561_3,0.013636835
2159_1,0.019870715
8637_10,0.9881309
8375_4,0.6349961
2864_1,0.07316472
186_9,0.9777139
1669_9,0.97737074
6936_9,0.8193158
7541_3,0.48023492
1515_7,0.92944044
5039_7,0.82275945
9269_1,0.0715912
4965_10,0.9877587
10028_3,0.24418274
3547_4,0.04304285
6070_10,0.9635062
11334_7,0.9722044
4980_7,0.9001793
5063_2,0.03594832
11637_8,0.27357438
310_1,0.019568678
9847_1,0.019419348
4433_9,0.9588471
4535_1,0.03594832
11209_10,0.9429286
242_3,0.10158945
6150_7,0.6617043
7499_2,0.013428254
10073_7,0.02211659
7352_3,0.013222822
6616_2,0.041462272
2148_1,0.016403032
322_1,0.14080817
638_1,0.013428254
3236_10,0.96323055
11913_7,0.96538115
7188_4,0.018978037
3999_2,0.012053779
1397_1,0.05582314
11768_8,0.97997653
10301_2,0.13892843
7486_10,0.95430803
7915_2,0.01384861
103_10,0.98866826
2249_1,0.3920968
11559_9,0.98549646
11374_4,0.026355354
7639_3,0.05623634
11922_3,0.26588047
6068_10,0.9890976
7681_3,0.91117966
3097_1,0.12678517
10233_3,0.04177388
9111_1,0.021948254
7240_2,0.014728613
10394_9,0.8844391
792_2,0.9175984
440_1,0.017442483
11141_1,0.013428254
7488_7,0.91789335
2731_4,0.051082738
11632_10,0.21141681
7577_3,0.83004373
12047_8,0.9826909
7055_8,0.98571813
394_9,0.9518632
777_2,0.015424551
6460_8,0.9152046
10412_2,0.014728613
9910_8,0.6077214
826_8,0.9802808
7381_1,0.015906392
1700_8,0.85342485
1131_2,0.03410043
6796_10,0.96691406
7084_8,0.96538115
5735_1,0.017176708
6290_7,0.9750122
10506_8,0.91086304
2276_8,0.938124
6221_1,0.96295285
1404_4,0.26971015
1440_1,0.022802636
8199_9,0.98840266
1145_2,0.03308598
5546_4,0.064653486
816_3,0.93674946
10535_10,0.9829547
2_3,0.016152835
6735_1,0.01461567
2684_4,0.016152835
1765_10,0.9658996
4346_7,0.8539127
1157_9,0.033336822
4216_1,0.015189049
3937_8,0.98173577
11140_10,0.98187524
1635_1,0.024423089
4457_10,0.880797
7250_8,0.98445636
3801_7,0.015906392
7892_10,0.9161096
11022_8,0.9834705
5856_7,0.4139509
345_7,0.030214587
10809_3,0.6280083
9474_4,0.016152835
5775_10,0.9863631
2845_3,0.01784874
1383_10,0.16291203
9171_7,0.92944044
10866_9,0.09203287
12161_8,0.8499712
9118_1,0.017309094
9122_8,0.9766692
5142_1,0.01384861
2798_9,0.97462875
2260_8,0.983597
11677_10,0.96323055
2788_1,0.014728613
8896_8,0.9518632
7685_10,0.9830851
760_1,0.019719128
7811_4,0.07921033
1964_8,0.9730365
5059_10,0.84594244
4568_1,0.018404892
7475_1,0.026556572
11400_3,0.27943507
6082_3,0.0140636265
7961_4,0.45096377
7502_8,0.91700584
11351_10,0.98549646
9851_8,0.6951311
1172_1,0.015906392
1815_10,0.979354
6218_8,0.7142296
9628_9,0.97482115
2312_3,0.04177388
5014_10,0.98242307
7845_8,0.94891727
4468_9,0.96641046
2247_10,0.9656413
4408_10,0.97090924
2957_2,0.19132768
4716_1,0.021615336
9909_1,0.0145035805
8611_1,0.0145035805
5055_10,0.9263037
5828_10,0.97023994
1147_1,0.015906392
11716_10,0.28676808
5289_8,0.9850429
5566_10,0.858244
3389_2,0.018404892
6169_4,0.0140636265
12019_10,0.9686196
4136_7,0.4325427
2421_3,0.02017732
607_10,0.9832145
4084_8,0.96124375
7333_1,0.013222822
8208_7,0.94853723
2971_10,0.9539661
7508_1,0.01566365
988_8,0.9876639
1124_8,0.9683812
3658_10,0.983597
5155_7,0.96909106
11362_2,0.70578504
8776_10,0.96765566
7294_10,0.8951567
10853_8,0.9722044
871_10,0.98582757
11513_1,0.11516223
5605_10,0.3927298
1235_8,0.26284185
623_2,0.12506539
1271_2,0.5723979
7590_7,0.7240906
5075_4,0.11516223
6175_4,0.17189366
10629_1,0.01461567
1474_7,0.5129366
9077_9,0.93439513
11630_7,0.7985012
11060_2,0.014281935
664_9,0.96124375
4778_10,0.98571813
3535_1,0.013742321
1130_1,0.016657041
10718_1,0.012241275
3334_1,0.01566365
7133_2,0.1732882
12073_1,0.02297737
7877_10,0.9750122
12286_10,0.87191176
8675_4,0.076407686
8968_7,0.11476479
8118_1,0.016152835
12109_10,0.98173577
6476_8,0.9829547
12248_2,0.0335895
9444_1,0.01461567
9932_10,0.91117966
6863_9,0.9850429
7810_1,0.3479801
5463_1,0.013428254
8385_10,0.9273633
5560_3,0.014728613
12391_2,0.2587004
3644_9,0.641647
1225_1,0.0335895
375_1,0.015906392
11515_7,0.94776917
3812_1,0.014728613
10747_1,0.02297737
8059_8,0.87621135
633_1,0.032589745
9189_10,0.9719925
11404_8,0.91022676
11871_8,0.86060363
2883_8,0.9861514
9048_4,0.37319028
1066_1,0.030214587
630_3,0.25534365
61_9,0.9853843
9264_10,0.9853843
5132_9,0.9883128
5796_9,0.9585377
11232_2,0.01243165
327_1,0.01384861
9787_8,0.9851576
7780_2,0.017309094
2533_2,0.0145035805
7349_10,0.9572778
2593_1,0.9518632
4672_8,0.98625773
11191_10,0.9043131
1301_1,0.013020489
10632_4,0.014728613
10750_1,0.032836955
2621_2,0.9219218
12045_4,0.3276683
4276_10,0.9875683
9960_2,0.018264279
3307_8,0.92523
3007_10,0.81582016
7204_9,0.96210754
3988_7,0.6305712
4129_8,0.98469365
2071_1,0.019719128
7310_3,0.9559813
855_9,0.97046465
5380_1,0.014392335
5067_2,0.019719128
6320_2,0.06325053
1019_3,0.02017732
8216_2,0.023153413
3814_7,0.9224824
7888_4,0.9257686
3419_2,0.01784874
3039_8,0.983597
12039_4,0.6706083
1191_7,0.97754294
2361_1,0.02576056
8291_10,0.98201376
4954_3,0.13206616
12430_1,0.22405545
7634_7,0.25386098
11902_10,0.97997653
1603_10,0.10374863
9395_8,0.04672496
9384_2,0.016152835
11687_1,0.015906392
4148_3,0.3311738
171_7,0.96691406
11814_4,0.22918999
8124_3,0.6598436
11387_1,0.013428254
3249_9,0.9811669
3591_10,0.94815457
10171_8,0.32199275
1100_9,0.86153823
7144_4,0.98087597
8060_9,0.966156
11063_10,0.9845754
3481_2,0.012624948
7413_4,0.030675802
11121_2,0.3357863
4700_2,0.15713686
1566_4,0.13614832
11731_3,0.09670579
7346_10,0.9777139
7890_10,0.22000709
11704_10,0.92944044
4635_10,0.37897608
2369_8,0.23722236
9655_10,0.97134733
2115_2,0.014842417
6408_7,0.06754669
10470_1,0.02517884
11512_8,0.9832145
11523_7,0.98087597
10379_3,0.017176708
9164_9,0.9563089
3150_1,0.054600604
2880_3,0.1766716
1608_7,0.938576
2406_9,0.96267307
260_10,0.983343
10658_3,0.025565214
10609_1,0.07211221
6861_7,0.3959514
10058_2,0.8322367
11618_10,0.89256257
3727_4,0.028007522
1924_10,0.8951567
7471_1,0.026355354
1856_7,0.6982266
10132_3,0.14953136
4010_2,0.013428254
11752_2,0.07978202
11122_2,0.014281935
11065_1,0.025957355
1211_1,0.0140636265
8973_7,0.19375686
1888_9,0.9695556
8521_8,0.0433658
6671_4,0.34775856
4241_3,0.5657786
10925_4,0.01798621
4030_2,0.014957086
9410_1,0.014392335
10004_2,0.015424551
599_1,0.015543648
8656_1,0.01384861
10087_7,0.8933094
5118_10,0.98215127
9780_4,0.01784874
586_2,0.07696084
6464_4,0.014842417
7482_1,0.014728613
11075_8,0.9572778
11984_1,0.02145073
6808_9,0.98469365
6178_10,0.83601975
12196_7,0.42195374
7771_10,0.9882222
10801_1,0.029986506
1243_2,0.045692034
4028_2,0.0145035805
700_4,0.6346565
758_10,0.9780517
5393_8,0.97997653
3552_4,0.96124375
3440_10,0.98951083
12357_7,0.88038635
10850_2,0.015784562
5083_10,0.7201715
790_10,0.76803803
302_3,0.019719128
11160_3,0.11596072
1170_1,0.01812472
6341_3,0.028436033
289_1,0.55012405
3075_7,0.9190633
12016_7,0.9585377
5998_3,0.01507263
5295_1,0.01384861
9712_2,0.045015533
9689_10,0.7148271
9441_1,0.0140636265
7426_10,0.9877587
612_9,0.97023994
4331_8,0.65951484
1016_7,0.14033625
4463_7,0.1334152
9520_1,0.044348583
1557_10,0.8283842
6277_1,0.014172365
2279_3,0.024053553
11591_10,0.98215127
3503_1,0.017176708
9814_1,0.019271135
11342_4,0.11920291
5133_1,0.029535338
11189_10,0.96405166
2343_8,0.96124375
2234_7,0.96909106
926_4,0.11279541
9829_2,0.030675802
3338_7,0.8701566
4272_9,0.9825575
4826_1,0.02865267
10529_3,0.02350945
12398_1,0.11124121
6965_10,0.88602656
10737_9,0.9353465
9356_1,0.01678549
2087_3,0.01678549
5802_4,0.6017691
6514_8,0.9766692
11607_4,0.16913125
9117_4,0.13072868
2011_10,0.93674946
11952_4,0.63204867
8753_4,0.983597
5338_8,0.96765566
10799_3,0.1561049
6388_3,0.045015533
4667_1,0.04369106
11302_9,0.95945925
6587_4,0.80131465
6822_8,0.9546474
9725_10,0.98840266
7237_10,0.9465967
7710_1,0.01384861
6090_1,0.022286188
9864_4,0.71183175
9759_1,0.020023443
8926_10,0.12378871
2454_1,0.17441027
4364_1,0.02297737
10672_1,0.014172365
7703_4,0.0145035805
7289_1,0.015906392
6370_2,0.728362
8898_7,0.9755769
245_8,0.967163
7786_2,0.0335895
12092_8,0.9216402
12495_3,0.022802636
2762_2,0.016029146
11009_1,0.01243165
7735_1,0.15507847
5377_8,0.91022676
6074_3,0.014842417
2133_1,0.018264279
2291_1,0.017309094
767_1,0.051462766
2677_3,0.021125194
5801_2,0.023870835
11416_7,0.9764905
7083_3,0.2639787
7268_1,0.019870715
8613_1,0.029535338
446_10,0.9840936
6513_7,0.4384245
11229_4,0.26322046
11155_4,0.11436852
10298_9,0.86293024
1521_8,0.9666631
5682_1,0.7545535
11575_3,0.017712297
10144_1,0.019419348
5819_10,0.96124375
7287_4,0.0433658
11507_10,0.9801293
10458_7,0.96210754
5935_1,0.015784562
4126_1,0.0145035805
3777_10,0.69368047
1720_3,0.014281935
11112_2,0.016152835
6222_9,0.9859364
8019_1,0.036220055
10067_4,0.2786492
5991_9,0.9500415
10203_10,0.9798227
2485_1,0.01784874
5910_2,0.04304285
3940_9,0.9851576
9140_10,0.6734064
9558_10,0.9724148
4582_7,0.73753643
3323_1,0.01507263
5038_4,0.018689308
12405_10,0.97719735
11620_4,0.014957086
8774_7,0.1561049
10164_9,0.8940517
4112_3,0.36789456
629_7,0.028436033
2732_7,0.5518153
4356_3,0.5573635
514_9,0.9849274
168_1,0.01507263
7157_1,0.024423089
11193_7,0.64712954
12163_1,0.02017732
259_2,0.016029146
9977_1,0.013428254
5169_10,0.97997653
7439_10,0.97262347
10261_1,0.113579586
6623_7,0.938576
2834_9,0.9700135
2930_10,0.93721074
3232_10,0.98421544
533_10,0.9849274
6006_4,0.012821214
9029_4,0.040845715
7738_4,0.43050644
52_4,0.016657041
374_4,0.32852945
4502_1,0.09534946
10309_8,0.8509647
7541_8,0.4748747
1874_1,0.4300875
6884_1,0.019419348
7285_1,0.04369106
3385_2,0.03567855
7078_2,0.06656919
10788_10,0.9766692
6361_7,0.8080672
5761_10,0.9492946
8946_1,0.036220055
393_1,0.04672496
458_4,0.22815649
7435_10,0.9840936
10816_2,0.017045317
1606_10,0.98228765
1742_3,0.18892181
7167_8,0.7592254
1249_9,0.971779
473_9,0.9840936
3475_9,0.9403531
2316_3,0.018689308
3739_2,0.014392335
4746_9,0.9546474
9924_8,0.8255897
2202_8,0.9851576
11531_1,0.10338596
11138_7,0.98228765
3402_1,0.01384861
4547_10,0.9843364
2786_2,0.88523525
1570_8,0.90958625
3095_3,0.026155619
4745_1,0.02145073
165_4,0.11716748
1578_4,0.01507263
495_10,0.9615338
12414_1,0.06325053
1383_1,0.04304285
10438_3,0.0153063545
812_3,0.17724052
9588_9,0.9124362
7785_10,0.9804314
11169_4,0.026556572
7476_10,0.8221891
8196_1,0.012821214
6526_7,0.7367796
1695_3,0.02865267
11077_10,0.9390248
7642_7,0.52658623
7618_3,0.8824279
353_10,0.9830851
210_9,0.51318055
9455_10,0.9738444
520_2,0.016657041
7615_10,0.98282325
7475_9,0.9804314
6894_7,0.9787127
8622_2,0.012821214
11149_3,0.021948254
6154_3,0.023689471
2514_7,0.7631309
4359_1,0.069541745
8797_4,0.014172365
10023_8,0.36229205
1212_4,0.8895288
9985_1,0.02017732
4182_1,0.017176708
10662_10,0.97324073
3907_7,0.98282325
11342_10,0.9875683
1483_3,0.016029146
10510_7,0.9606575
8522_2,0.016152835
6049_4,0.025565214
2687_9,0.9719925
9766_7,0.5943894
6792_1,0.0145035805
5990_10,0.9879462
11699_2,0.034880888
3446_4,0.15559098
10448_7,0.6930576
5629_1,0.016657041
2831_1,0.01461567
4351_10,0.98215127
2547_1,0.031858858
2778_2,0.056652423
7307_10,0.7574357
11148_3,0.023870835
907_3,0.01883313
2184_1,0.014957086
2030_8,0.9757624
11051_4,0.11201596
9150_4,0.22988081
12418_7,0.929951
10724_10,0.9462003
8876_8,0.9804314
1620_7,0.8736466
12423_9,0.86153823
3642_1,0.06608538
10214_10,0.95292586
4575_3,0.7047701
2692_7,0.5785672
3919_1,0.0153063545
11971_8,0.027169231
11676_10,0.7749242
8047_1,0.020332353
4009_8,0.85195273
7929_9,0.896614
2432_10,0.98445636
8933_8,0.9826909
1375_1,0.2982869
1861_7,0.97344345
10897_10,0.98527133
2828_10,0.013020489
4568_10,0.9884919
1535_7,0.59469837
7282_8,0.9284088
12365_10,0.9591543
6682_3,0.87450653
1393_8,0.6346565
7270_1,0.01784874
1680_10,0.9585377
8207_8,0.9834705
8612_2,0.017712297
5640_9,0.938576
96_10,0.9851576
12093_2,0.107437484
2068_9,0.97462875
9799_10,0.936285
8730_1,0.013636835
1000_3,0.94417685
742_2,0.68257374
10432_10,0.97903574
9425_2,0.01507263
11636_3,0.03384404
6564_2,0.013020489
5706_9,0.98087597
8594_3,0.01566365
9488_9,0.8338664
12283_8,0.9804314
6579_3,0.01566365
6738_10,0.9802808
9007_2,0.03963884
2723_8,0.93195957
5115_3,0.43314207
9469_10,0.92523
1444_1,0.013428254
5688_1,0.019719128
12390_4,0.26340988
1681_1,0.017309094
9048_7,0.85342485
10207_3,0.041462272
3817_9,0.95565146
2200_10,0.9740426
4250_8,0.891811
12213_10,0.9837225
11602_4,0.74279505
4507_4,0.023689471
3817_1,0.013020489
9394_1,0.051082738
9129_1,0.027795624
3675_7,0.9492946
1670_4,0.6817268
1151_1,0.15869518
8818_4,0.68637
4810_7,0.96432143
4979_1,0.019870715
80_4,0.1786691
5506_9,0.47901624
7451_10,0.891811
4539_10,0.93581736
6914_10,0.91490096
2807_10,0.9814534
10229_10,0.96267307
10908_8,0.24580847
7709_9,0.9697854
10872_9,0.97838473
8487_1,0.014281935
1140_9,0.94539934
558_10,0.96378
9935_8,0.8568123
1084_8,0.9697854
6185_9,0.9130583
9278_7,0.47049332
3756_7,0.9207897
4308_1,0.013222822
121_8,0.97068775
11072_8,0.9744348
9420_7,0.9142907
3955_1,0.012821214
9591_10,0.27338037
11176_1,0.01798621
11882_2,0.016029146
12458_10,0.8479678
303_10,0.98657167
3779_8,0.94776917
1805_4,0.07921033
12054_2,0.014957086
1990_4,0.014842417
7331_1,0.015543648
6243_8,0.83601975
7201_1,0.016529558
6230_7,0.7538293
11252_3,0.013636835
8379_8,0.75851065
11890_1,0.67082393
6977_1,0.016152835
5481_1,0.019568678
6013_7,0.71383077
11638_4,0.81582016
3302_1,0.30074558
4837_4,0.7759446
737_1,0.053009775
6128_3,0.018978037
3749_4,0.10818895
580_3,0.040845715
11031_10,0.9845754
6644_1,0.014842417
8517_1,0.023689471
4883_3,0.01384861
4273_4,0.014957086
404_1,0.013020489
12108_10,0.98677725
10005_8,0.7545535
7140_4,0.79438496
258_8,0.79085356
6746_7,0.8872046
7189_2,0.3089195
11626_4,0.19163005
10785_10,0.96182173
11007_1,0.01507263
8987_7,0.9549844
275_1,0.016152835
2554_10,0.9324533
2682_1,0.01566365
3797_1,0.014842417
7383_1,0.017442483
9816_9,0.8969756
11057_8,0.9130583
11901_3,0.032100707
11501_3,0.018264279
11999_2,0.1187934
740_3,0.013222822
3109_8,0.9403531
2773_8,0.97324073
5725_4,0.014957086
4423_3,0.032100707
4035_2,0.015424551
6550_7,0.647241
711_4,0.3641555
10773_4,0.17469169
11202_1,0.01757688
1054_2,0.017045317
2207_10,0.97887486
9809_4,0.0973904
11349_10,0.97423947
5195_4,0.09534946
6881_4,0.4288911
7537_3,0.6298884
99_3,0.31658053
6589_9,0.98469365
11781_10,0.96295285
4337_3,0.026556572
4928_10,0.9757624
6310_1,0.0269635
11867_8,0.0335895
9462_2,0.11279541
12224_9,0.099120855
1195_3,0.011869121
11324_10,0.9851576
11272_4,0.22815649
2461_7,0.9005298
4034_7,0.9825575
2340_10,0.9750122
9827_9,0.9334308
4660_4,0.05184547
2448_1,0.016529558
7485_7,0.24346253
7003_10,0.97702265
6204_1,0.15895613
1920_10,0.96909106
6824_1,0.2560871
6668_10,0.9869795
7359_1,0.01757688
2753_4,0.88523525
7320_10,0.97482115
3661_10,0.9872773
1059_1,0.03541073
5067_10,0.9572778
5724_3,0.015906392
11265_2,0.04115289
11331_1,0.0153063545
5398_10,0.96741027
9328_2,0.012821214
100_4,0.7981868
6118_10,0.9615338
320_3,0.016029146
4395_10,0.98187524
7256_4,0.24835184
3949_10,0.9700135
7097_1,0.9834705
6971_2,0.030908957
9855_2,0.0269635
457_8,0.9766692
9929_7,0.9167081
9574_10,0.98187524
12261_4,0.3114792
5228_9,0.9877587
11684_2,0.013222822
7913_9,0.98421544
9595_3,0.042403832
10501_10,0.9559813
10610_7,0.90397453
8573_7,0.8479678
1823_2,0.03138043
12070_4,0.3463202
6995_8,0.9549844
4929_1,0.015424551
2555_4,0.19467384
6583_7,0.98102194
2490_1,0.01784874
8203_7,0.94853723
7861_3,0.018689308
2548_2,0.6547844
12291_7,0.96485513
756_1,0.02350945
9275_7,0.8778961
9234_9,0.98582757
10598_10,0.983597
8252_8,0.5580862
3585_2,0.015906392
11561_1,0.013020489
690_10,0.8749346
7203_10,0.97719735
11141_10,0.9807288
5583_10,0.9755769
7341_10,0.97462875
10623_8,0.98173577
868_4,0.013020489
778_9,0.9851576
4653_10,0.8413048
7450_4,0.97887486
8836_8,0.9678993
226_9,0.071073666
464_10,0.9868787
2850_9,0.9763105
10242_8,0.79310596
2403_10,0.9869795
3397_10,0.98445636
1003_4,0.9019207
10940_10,0.9161096
3349_10,0.9881309
5909_1,0.015189049
12021_8,0.9666631
5019_1,0.5336405
1809_7,0.9853843
4435_10,0.9814534
10029_1,0.016529558
8234_2,0.3509773
3760_1,0.021125194
10952_10,0.98707944
1487_9,0.9785493
46_10,0.9850429
4917_4,0.01812472
2000_9,0.98201376
10974_2,0.44275698
11275_8,0.9114953
1816_10,0.9890131
4848_3,0.08151975
11730_3,0.13986564
1903_10,0.9736447
12331_9,0.8610715
10360_9,0.9591543
9243_10,0.9651191
10115_8,0.9881309
11417_3,0.017309094
6259_4,0.1727293
316_10,0.966156
1100_4,0.91789335
7919_2,0.061875988
1871_2,0.01798621
12488_8,0.9539661
10239_9,0.8840393
7832_2,0.0145035805
8808_1,0.015424551
7241_2,0.0140636265
4412_2,0.019124037
807_10,0.96538115
9728_8,0.7512834
5665_2,0.018978037
491_2,0.01627746
7938_1,0.018404892
3513_8,0.9683812
8942_1,0.0153063545
11520_7,0.98242307
11478_3,0.95150405
5627_10,0.40668523
3462_2,0.13432105
5161_10,0.98215127
6545_2,0.0145035805
6513_4,0.90665317
3032_1,0.015784562
7403_2,0.02931223
11878_3,0.015189049
11348_8,0.9874721
4979_7,0.91700584
7131_1,0.013636835
3972_3,0.04208773
2925_2,0.5963009
5346_3,0.01784874
10709_3,0.045352582
10999_2,0.0433658
5974_10,0.9591543
9008_10,0.9785493
1324_10,0.98625773
10454_8,0.20721471
8336_8,0.14414886
5869_10,0.8524448
9922_3,0.014281935
2081_2,0.026556572
5811_7,0.9688562
1619_10,0.9273633
5461_7,0.9656413
9152_2,0.016914913
9071_8,0.97788346
4688_10,0.97068775
8956_10,0.98625773
1883_4,0.019568678
5707_1,0.013020489
7529_3,0.26721692
83_1,0.023153413
10440_1,0.012821214
3673_1,0.014281935
6983_4,0.026556572
2546_4,0.8134608
6698_3,0.03846619
10689_3,0.03308598
9986_10,0.9656413
5614_10,0.23545979
10094_4,0.5490362
12468_10,0.9829547
3828_10,0.93991333
10524_2,0.016152835
2016_2,0.059646945
7583_4,0.013532149
4795_8,0.9656413
7564_3,0.034358688
1366_3,0.042403832
508_4,0.019419348
9509_3,0.08694165
1587_3,0.013222822
12376_4,0.29330325
2525_8,0.8479678
2877_2,0.41917235
9485_9,0.9390248
12023_8,0.98159516
11544_10,0.9736447
198_3,0.01627746
4390_1,0.013636835
993_8,0.41341794
7965_9,0.7201715
8865_1,0.013020489
6638_1,0.029760094
141_8,0.947381
136_2,0.020804489
3004_10,0.9829547
3457_9,0.9693242
11488_1,0.03138043
644_2,0.01384861
8387_9,0.7728737
5026_3,0.77081
8936_7,0.882022
453_4,0.6782204
8547_3,0.023330767
10542_4,0.0226292
5231_9,0.8906752
9592_10,0.938124
8591_7,0.9695556
6686_10,0.97262347
7246_10,0.9813107
2194_4,0.020023443
11533_9,0.98173577
6109_10,0.8474635
9092_3,0.02017732
11223_8,0.98242307
10829_9,0.9851576
9857_3,0.018546565
2223_10,0.04115289
8052_10,0.2708658
11604_3,0.032100707
4448_1,0.93439513
5394_8,0.5268297
10168_9,0.9549844
11943_4,0.26779097
7311_8,0.94699025
1362_9,0.7745834
9165_8,0.97482115
12294_10,0.9076402
6086_9,0.9851576
608_8,0.98646784
4592_10,0.15507847
708_10,0.96458924
6548_4,0.9656413
7552_4,0.7134316
9263_8,0.937669
5393_1,0.016152835
220_10,0.7953404
10640_7,0.9840936
4086_10,0.83004373
11026_3,0.02350945
12466_10,0.9874721
905_3,0.01883313
92_8,0.8221891
11362_10,0.97684664
5030_8,0.9763105
2909_7,0.39326853
8402_7,0.97324073
4046_10,0.9623913
4065_9,0.9585377
6460_4,0.7725307
11108_1,0.26874945
1139_1,0.01384861
2457_3,0.13206616
2675_7,0.3727228
9360_1,0.017176708
5750_8,0.9860443
7125_2,0.96741027
6637_8,0.9635062
3290_7,0.950411
3979_8,0.94122344
2100_1,0.014728613
10836_1,0.013020489
10904_3,0.023870835
5226_7,0.88523525
22_8,0.94815457
2726_10,0.94458723
11405_8,0.9761292
11204_2,0.09334688
6201_9,0.96405166
1653_10,0.9826909
9500_7,0.96124375
12104_7,0.9736447
1499_3,0.16885696
1415_1,0.01243165
11285_2,0.9079672
4481_1,0.8484707
10249_8,0.98625773
2391_9,0.9868787
2186_3,0.42966864
56_10,0.9837225
127_10,0.97520185
5509_9,0.04885778
9855_9,0.05582314
7522_10,0.9856076
11751_9,0.9686196
3330_3,0.20882356
4055_8,0.983343
3694_3,0.5095203
6911_4,0.03461884
9677_10,0.98201376
9706_1,0.018978037
426_4,0.015906392
2995_2,0.1187934
7914_8,0.92683524
11344_9,0.8474635
680_8,0.9465967
2094_3,0.50366205
2009_9,0.9878528
7309_7,0.9353465
138_1,0.013636835
2689_9,0.9811669
6050_2,0.028436033
8987_2,0.09041373
2053_8,0.971779
12245_4,0.32167304
12020_10,0.9458012
10364_10,0.9853843
11581_1,0.0145035805
12079_10,0.46587342
6537_1,0.01812472
2739_10,0.96124375
8719_1,0.03704717
9436_1,0.015424551
5029_3,0.048496004
8321_10,0.78695047
7135_9,0.97719735
9512_10,0.80131465
6397_7,0.30694237
9457_9,0.9334308
7740_2,0.014957086
10591_2,0.01784874
9856_4,0.019568678
2456_1,0.71701187
10543_7,0.9219218
544_4,0.88523525
3679_10,0.96267307
9042_1,0.017176708
5368_8,0.94539934
8276_3,0.07585818
1984_2,0.012821214
4205_7,0.72758853
5765_7,0.9728308
5202_1,0.02145073
4127_4,0.96485513
12316_9,0.9834705
657_1,0.015424551
12205_2,0.05223086
3426_10,0.98421544
5616_10,0.97068775
11644_3,0.02931223
795_10,0.9759464
12416_2,0.016529558
115_3,0.015784562
55_10,0.971779
11187_10,0.8740772
9072_4,0.9005298
875_4,0.452294
4196_1,0.097734325
293_10,0.04885778
5564_1,0.016914913
6811_8,0.7772999
9135_3,0.11279541
9964_8,0.89478946
981_9,0.03567855
8506_10,0.95362175
4459_9,0.94966936
7609_1,0.018978037
6246_10,0.88363826
5989_4,0.10706346
11839_10,0.9764905
9186_2,0.05834584
3411_10,0.9230392
8677_1,0.04054074
9125_4,0.7240906
2166_8,0.9291838
11827_4,0.087252244
2574_2,0.12721826
4789_4,0.79182106
1093_4,0.01757688
8195_1,0.04115289
11011_10,0.82949203
3944_9,0.9032942
10606_10,0.8879841
5029_7,0.1187934
9496_8,0.8255897
9256_8,0.9697854
5640_3,0.04208773
8164_8,0.86385167
10413_3,0.09670579
4838_2,0.02178117
12265_9,0.96458924
6222_1,0.013428254
883_8,0.94165415
395_8,0.79085356
1182_7,0.9603612
8701_7,0.92788786
8863_4,0.014392335
10943_3,0.017442483
10692_10,0.9462003
11872_7,0.97423947
4729_9,0.94699025
920_10,0.9566342
9352_4,0.022802636
10095_9,0.9425068
8986_2,0.078642376
7061_2,0.021125194
2746_1,0.017442483
10359_8,0.8365546
6826_7,0.016403032
7075_3,0.31111282
8237_10,0.983343
9103_10,0.472075
6538_9,0.70212173
3085_4,0.83867973
10759_9,0.7150262
12249_2,0.10411242
6774_4,0.15947905
3564_2,0.08449275
144_2,0.01757688
12112_3,0.016403032
8166_10,0.9549844
10817_8,0.9807288
7462_10,0.9859364
7626_2,0.017045317
8221_2,0.07921033
2528_10,0.11516223
6765_3,0.015189049
1267_8,0.98469365
8257_10,0.9348725
11501_8,0.98445636
11196_10,0.98228765
10006_7,0.9241418
2104_2,0.017176708
9067_8,0.05921025
4760_4,0.55796576
4372_7,0.94891727
3441_2,0.01757688
10439_3,0.276886
6604_1,0.098079324
10689_10,0.98228765
11289_4,0.02479816
2051_7,0.9507779
42_10,0.9871788
1567_7,0.098079324
4890_9,0.9425068
2583_1,0.019124037
5376_2,0.018404892
2539_10,0.95531917
390_4,0.028007522
11509_1,0.021287354
7481_8,0.9012275
10840_2,0.012241275
9433_1,0.971779
7774_10,0.98667485
2654_7,0.041462272
9582_7,0.7559974
1780_3,0.17050801
4032_8,0.7424217
3130_9,0.9850429
1920_3,0.022457054
5056_7,0.84286314
4537_10,0.9777139
2505_1,0.015543648
3942_2,0.025371313
483_2,0.03846619
2771_3,0.011869121
4872_8,0.9623913
7897_1,0.014957086
12039_8,0.98228765
11008_4,0.5790434
4090_7,0.89143354
3051_4,0.13568954
5700_1,0.014842417
3498_10,0.9582261
5676_7,0.9257686
5565_1,0.021125194
9347_10,0.87914675
4178_1,0.27183118
6303_4,0.037892424
1579_7,0.2509128
5783_9,0.18388654
4001_8,0.9606575
11698_2,0.0153063545
7029_3,0.013222822
268_3,0.016029146
7098_1,0.9878528
6608_9,0.9887554
1123_1,0.0145035805
7523_10,0.85342485
10647_3,0.019568678
12232_8,0.98646784
8103_4,0.8499712
7336_7,0.9309621
7049_8,0.91964257
9694_3,0.32509187
5894_3,0.040237945
10981_4,0.04369106
10104_10,0.98215127
5752_7,0.9683812
2622_2,0.013636835
11529_2,0.014842417
5040_1,0.085403666
1870_8,0.96538115
7368_3,0.060975183
843_1,0.81640637
4972_8,0.92762595
4615_9,0.9863631
8191_10,0.9750122
6940_10,0.30735803
4924_4,0.35387465
10392_2,0.01384861
3339_7,0.7988153
3594_10,0.9838472
10354_7,0.21206881
6594_10,0.97702265
11311_1,0.017176708
4409_10,0.9813107
1669_4,0.437463
7819_1,0.015784562
6704_1,0.013222822
667_10,0.34202188
6444_1,0.13432105
1223_3,0.021125194
10089_9,0.9763105
6699_1,0.014392335
814_7,0.7061904
2363_10,0.9563089
1697_2,0.030444348
6345_4,0.0145035805
10109_1,0.06656919
4563_7,0.8098782
1924_1,0.05921025
11416_2,0.02576056
539_7,0.93674946
5937_9,0.9837225
1912_8,0.9284088
4135_3,0.07585818
4141_7,0.7256486
7217_2,0.06656919
5538_3,0.10374863
2657_10,0.97702265
6279_4,0.09670579
7706_1,0.14270912
10409_10,0.79310596
6780_1,0.014842417
6251_10,0.97702265
12227_1,0.04401865
1146_10,0.9890131
10977_9,0.9764905
3857_1,0.01461567
7622_8,0.6658453
2548_7,0.86703575
8602_9,0.84645087
8885_8,0.9224824
472_4,0.77424216
11700_9,0.97887486
10268_3,0.014842417
7569_10,0.9832145
475_1,0.024053553
4719_1,0.01678549
8851_3,0.01384861
6320_10,0.92523
4290_7,0.25312182
7936_10,0.9801293
4616_1,0.016529558
3616_7,0.9566342
4849_3,0.594463
3689_7,0.9837225
11224_7,0.929951
8893_7,0.21011725
11126_7,0.9871788
4816_8,0.97684664
5895_3,0.0570714
9373_1,0.01678549
2445_3,0.4273967
556_1,0.014728613
11855_1,0.9257686
11346_8,0.9763105
8621_8,0.9693242
10259_3,0.015906392
2354_3,0.044348583
8477_10,0.9697854
11408_7,0.3448846
8490_1,0.25757825
175_8,0.8080672
3376_1,0.024987794
3888_7,0.97423947
11655_2,0.25312182
9630_10,0.93581736
8121_1,0.015189049
10758_4,0.020332353
1979_10,0.96295285
9702_8,0.82104415
1064_1,0.2649285
850_4,0.07477005
1624_1,0.42036167
5885_10,0.98201376
8246_8,0.68573904
4073_7,0.9851576
5116_2,0.8221891
5379_2,0.016152835
75_1,0.019124037
5895_10,0.91181
10651_9,0.97423947
1776_7,0.96210754
8500_1,0.0145035805
11026_9,0.97539
12195_1,0.022457054
1832_7,0.98469365
11424_8,0.96691406
1744_8,0.98445636
9699_1,0.017045317
11840_10,0.9329437
8955_1,0.091382116
1571_4,0.022286188
6434_9,0.97134733
7214_10,0.971564
153_4,0.7588682
3914_1,0.64912003
5005_8,0.90894175
8283_4,0.02297737
8846_1,0.0145035805
3708_1,0.2814056
5123_10,0.9850429
2868_7,0.96909106
6395_10,0.98242307
5788_4,0.13568954
2380_8,0.94208187
462_7,0.9700135
11697_7,0.9757624
3577_3,0.014842417
5569_4,0.81640637
348_1,0.015784562
9194_10,0.9850429
1001_4,0.03461884
6869_4,0.34643075
7182_1,0.28897023
2089_4,0.034358688
3496_1,0.8110782
938_1,0.0140636265
10325_9,0.2982869
786_10,0.9700135
4562_9,0.9736447
2566_9,0.9849274
10732_3,0.029760094
7621_1,0.016403032
11747_10,0.9888419
11271_4,0.06804042
9057_10,0.98481095
12374_3,0.06804042
9130_9,0.9184803
9735_3,0.018689308
4305_7,0.9722044
10477_9,0.9697854
5498_9,0.97684664
4452_8,0.98228765
7993_1,0.015784562
3245_9,0.98481095
11289_10,0.36564073
2678_10,0.979354
6836_1,0.01507263
10936_3,0.04672496
6870_4,0.03138043
10109_10,0.4321832
9907_7,0.35164496
4801_2,0.5979014
3684_10,0.9814534
12305_9,0.98445636
530_10,0.95257413
10977_2,0.013325147
9819_10,0.93581736
5057_1,0.04922211
8703_10,0.96741027
8997_2,0.04304285
5766_7,0.76699245
9436_8,0.92468774
39_9,0.98803884
6052_4,0.016403032
9748_9,0.9615338
8395_1,0.012053779
688_7,0.02178117
4688_3,0.026155619
6287_3,0.0140636265
1945_8,0.46575195
11830_2,0.6064984
4042_2,0.0140636265
10160_3,0.024423089
2069_4,0.79246426
11039_1,0.019870715
6675_3,0.19651762
9189_2,0.044348583
3683_10,0.97903574
5536_10,0.96210754
11089_1,0.023870835
9064_7,0.9353465
2079_1,0.013636835
648_3,0.020804489
12300_10,0.9724148
5755_8,0.80131465
3460_1,0.013428254
151_2,0.01678549
6990_4,0.026759284
11356_10,0.9730365
3062_2,0.023153413
4310_1,0.028220987
9393_9,0.8338664
5886_1,0.029986506
7359_10,0.9763105
3210_1,0.014957086
4689_10,0.95362175
11111_10,0.98646784
1413_3,0.025565214
2502_8,0.9875683
10737_2,0.06608538
6525_10,0.9532751
4416_4,0.0140636265
1705_4,0.028436033
1485_10,0.8933094
4406_9,0.8701566
3365_8,0.97887486
6825_9,0.9876639
9214_1,0.29849136
8171_1,0.15974104
12138_7,0.84389514
2421_8,0.9730365
7727_4,0.015784562
8236_8,0.8056322
4802_8,0.966156
5429_2,0.06754669
6584_1,0.8864204
5429_8,0.97423947
2124_8,0.9826909
11670_3,0.01784874
7527_1,0.014281935
11193_3,0.025565214
3647_10,0.9813107
2084_3,0.714628
8481_10,0.97821885
2458_8,0.95695716
8705_1,0.11124121
4919_4,0.52366394
1621_1,0.015906392
6059_1,0.012241275
4132_1,0.4245313
10953_9,0.46101677
6692_8,0.98469365
3604_3,0.017176708
6432_1,0.016403032
10932_8,0.9825575
7248_3,0.908618
3837_4,0.01883313
8770_8,0.9603612
12067_7,0.7240906
7351_1,0.014728613
11556_1,0.9291838
8220_1,0.029760094
8008_4,0.016403032
6500_1,0.024609927
8303_4,0.18713269
6765_10,0.9761292
4701_3,0.44360042
8956_1,0.019271135
11443_8,0.9719925
7119_7,0.9693242
11761_2,0.036220055
9921_9,0.86476797
2275_9,0.9845754
8849_2,0.014281935
2791_3,0.03594832
9105_10,0.9678993
1991_7,0.95430803
41_9,0.9876639
9259_1,0.3868503
3785_3,0.6391732
12335_3,0.016029146
7020_1,0.02145073
9490_4,0.8086723
11296_1,0.014172365
7641_2,0.069541745
8163_7,0.9549844
7342_10,0.97903574
766_8,0.98173577
5399_1,0.017176708
1565_7,0.9588471
12_9,0.98527133
11574_10,0.9856076
8194_8,0.947381
6110_10,0.49926758
8108_1,0.023153413
3852_4,0.027585285
11474_2,0.016529558
11554_10,0.9076402
1798_3,0.01757688
11814_10,0.9834705
5072_9,0.88759494
4389_10,0.98215127
8148_10,0.98445636
5840_2,0.13660839
1972_7,0.936285
10169_3,0.018264279
8651_1,0.0145035805
6399_3,0.0226292
8965_1,0.08210663
8853_1,0.19406214
2841_9,0.9834705
6658_1,0.08269735
11515_1,0.019419348
4474_1,0.03904829
8221_10,0.9740426
12204_10,0.97903574
10671_1,0.01507263
7335_3,0.026355354
4050_3,0.48925942
9465_8,0.9656413
11620_8,0.92468774
11998_8,0.9869795
11188_2,0.017712297
6656_1,0.011869121
3416_4,0.06608538
11558_9,0.85145944
2752_4,0.090092994
10330_9,0.9678993
9323_7,0.98803884
12232_4,0.30280328
5699_7,0.96405166
1020_2,0.02931223
1161_1,0.036220055
10187_10,0.9766692
4585_10,0.7360213
7570_10,0.92683524
9752_1,0.0433658
4956_1,0.025957355
1355_2,0.036769465
10456_1,0.014281935
8757_10,0.9449947
2286_3,0.013020489
1297_7,0.07921033
5326_8,0.98421544
11535_10,0.98481095
4783_10,0.96432143
4292_2,0.015424551
2856_1,0.018689308
450_10,0.9738444
9611_1,0.4076871
2403_1,0.02145073
2037_7,0.82893884
9580_1,0.037892424
1694_7,0.971564
11385_10,0.98677725
493_1,0.01395571
9013_10,0.98159516
11235_3,0.31226513
10793_3,0.025565214
2197_10,0.8370879
1887_2,0.013742321
6617_7,0.9785493
12028_1,0.0140636265
5413_1,0.40709767
1134_1,0.015543648
1290_2,0.14903529
12241_8,0.32723817
965_3,0.49340862
2044_10,0.97344345
7782_10,0.9130583
6087_4,0.96485513
3600_2,0.06052939
1588_3,0.35695082
10421_8,0.5589891
3390_10,0.96210754
6531_1,0.020488555
9792_10,0.9241418
3755_9,0.983343
11471_7,0.08269735
10427_10,0.98707944
4011_3,0.025371313
8784_7,0.57770383
10714_9,0.9843364
6031_9,0.95695716
8130_10,0.9838472
4772_9,0.96323055
6599_7,0.9600627
11335_2,0.024237636
6412_1,0.016403032
998_7,0.95695716
9542_10,0.979354
1490_3,0.012241275
4142_10,0.9606575
8371_10,0.98840266
5457_8,0.9845754
5001_8,0.9728308
150_9,0.97887486
8487_10,0.97903574
10024_3,0.018264279
3687_8,0.9224824
6171_10,0.9876639
5462_8,0.98282325
1372_4,0.02865267
7361_8,0.68573904
1030_9,0.95292586
3341_8,0.300335
7677_2,0.018978037
6584_7,0.9832145
2372_10,0.48121005
5898_9,0.98582757
7370_7,0.8543993
3018_9,0.9863631
4899_9,0.9184803
2385_4,0.43176386
8433_9,0.97821885
1989_8,0.18535662
10401_7,0.03308598
5668_1,0.030675802
11516_3,0.053009775
12419_1,0.055005286
5402_7,0.056652423
10537_9,0.98469365
117_10,0.98469365
6756_4,0.5234204
4051_3,0.044348583
9687_10,0.92523
11011_2,0.015906392
8460_8,0.9850429
5155_3,0.016152835
2473_2,0.025565214
4074_1,0.015784562
4730_10,0.9856076
5310_2,0.06754669
6630_10,0.9780517
4363_1,0.014728613
1022_3,0.3237007
8247_10,0.62859803
7437_10,0.96432143
3846_7,0.97997653
7298_1,0.019271135
11955_4,0.025565214
9448_10,0.92468774
142_1,0.024053553
2260_3,0.0140636265
9012_4,0.13986564
5321_9,0.2137052
527_10,0.98469365
2898_3,0.01812472
12302_9,0.98469365
1463_4,0.74539834
5278_1,0.0140636265
6450_1,0.02096424
9704_1,0.024237636
2673_2,0.01566365
10175_2,0.02350945
8006_2,0.0946777
9492_4,0.17924304
4595_3,0.32487765
9499_2,0.01627746
7869_1,0.013020489
4047_10,0.98803884
4962_7,0.8092759
4052_2,0.016403032
1423_10,0.9549844
7376_2,0.031858858
1067_9,0.9813107
3289_1,0.12678517
5780_9,0.02211659
2965_2,0.031143833
4127_10,0.98445636
10156_3,0.023870835
11164_1,0.017045317
1422_10,0.9549844
9470_4,0.35681078
7733_3,0.15687835
3814_3,0.030444348
9900_1,0.014392335
5363_3,0.020332353
2878_7,0.78464925
11647_2,0.18010665
1729_1,0.014957086
2263_1,0.02350945
11707_2,0.054600604
10722_7,0.9804314
6321_9,0.24653335
7339_10,0.9885804
8003_9,0.96641046
11009_10,0.95791227
9458_1,0.025371313
10359_1,0.013636835
5530_3,0.016152835
3377_9,0.9804314
2256_9,0.9787127
9036_1,0.012821214
7621_7,0.81286734
9992_4,0.12808825
1004_10,0.9462003
6339_3,0.019419348
5554_10,0.9205043
10128_10,0.9845754
4540_10,0.98159516
1410_7,0.96095175
7072_1,0.045692034
4324_4,0.015543648
9611_7,0.17469169
7571_10,0.9849274
11337_1,0.03704717
1169_1,0.04304285
10881_4,0.01883313
8782_4,0.019870715
5357_10,0.97112906
9318_7,0.76524264
9071_3,0.9603612
485_4,0.015189049
3164_2,0.6971968
1343_10,0.9795114
571_10,0.9877587
6749_10,0.9826909
1945_4,0.018978037
8132_3,0.9114953
12380_4,0.027376488
11183_4,0.16586316
10526_10,0.83761996
7234_10,0.96485513
3054_7,0.65951484
5217_1,0.01243165
7106_8,0.9563089
11043_10,0.9879462
8447_2,0.7501869
9744_10,0.9722044
10638_9,0.85342485
8778_10,0.8392076
3666_9,0.8929365
4223_10,0.983597
1642_2,0.22644134
10541_8,0.89552265
8067_1,0.02096424
11116_10,0.94891727
8701_1,0.027585285
6422_8,0.9688562
9168_1,0.018978037
4130_1,0.022286188
8492_1,0.023330767
6430_3,0.019419348
9306_8,0.5673674
10487_7,0.9511422
6687_1,0.83169055
11869_1,0.0145035805
9224_10,0.9761292
1625_9,0.98173577
8651_7,0.8710367
3702_4,0.028870907
4470_7,0.022457054
31_4,0.020804489
11316_10,0.98866826
5961_8,0.9026096
4428_2,0.03384404
2540_4,0.013222822
4855_2,0.76838577
9997_2,0.018546565
12214_2,0.042722195
12383_2,0.02865267
12344_4,0.59337366
8147_10,0.9872773
2019_10,0.9850429
8161_3,0.034358688
7312_10,0.4310752
9310_8,0.937669
11966_1,0.012624948
8962_1,0.0226292
5661_4,0.022802636
5765_4,0.016152835
10934_8,0.9750122
5801_9,0.9238675
190_2,0.092687786
880_8,0.8283842
10677_10,0.8479678
10520_10,0.9871788
6697_7,0.6163587
11582_1,0.01678549
1986_1,0.013428254
6021_4,0.015784562
7220_8,0.30766997
5870_1,0.01384861
1459_7,0.96378
1733_8,0.9798227
7060_9,0.97090924
5249_9,0.98173577
8845_9,0.9851576
10133_8,0.7371582
3041_9,0.98445636
11504_1,0.035144847
6261_8,0.98087597
2942_10,0.9885804
5522_10,0.8433798
4260_8,0.93581736
1600_2,0.05184547
1698_10,0.9811669
5823_10,0.87450653
2413_9,0.7826625
7316_9,0.9241418
5963_2,0.022802636
9960_10,0.9666631
6014_9,0.92468774
2357_4,0.01243165
9788_10,0.08509905
8100_2,0.02096424
4099_9,0.87191176
10894_2,0.12984344
7940_1,0.01627746
3605_4,0.35807237
11270_3,0.021287354
2306_8,0.9348725
3825_10,0.98421544
161_7,0.9339146
12121_9,0.9603612
7916_10,0.94891727
10598_4,0.08694165
3484_10,0.9804314
8967_1,0.017712297
4005_2,0.01566365
10355_4,0.86385167
5215_10,0.9076402
943_3,0.018689308
11786_10,0.98481095
5938_2,0.016657041
998_2,0.014842417
4333_4,0.022802636
6606_9,0.9429286
5251_2,0.031858858
4152_4,0.46927705
3148_2,0.8969756
3344_7,0.61901075
9832_3,0.81227237
2689_3,0.18982127
3400_10,0.9724148
4000_4,0.17582092
3934_3,0.9216402
9014_9,0.270095
2339_9,0.9863631
8833_1,0.08210663
10197_8,0.9216402
8811_1,0.027795624
1805_7,0.9658996
2238_7,0.9623913
2487_9,0.28041926
1737_1,0.018264279
4085_2,0.01461567
5665_10,0.91490096
9721_4,0.021287354
10577_9,0.96741027
8892_7,0.69575167
4503_10,0.9849274
9348_3,0.026759284
10382_10,0.95945925
8339_3,0.027795624
5199_10,0.98667485
1897_1,0.015906392
3578_9,0.98215127
9192_7,0.9500415
12154_2,0.026355354
5089_2,0.013636835
8988_7,0.83004373
10170_8,0.92944044
6690_8,0.98228765
2549_2,0.0269635
6546_3,0.06608538
5283_2,0.015189049
8131_9,0.9651191
4745_8,0.9738444
7251_1,0.071073666
1829_8,0.98866826
11922_9,0.979354
10322_1,0.019271135
3163_4,0.021287354
11849_9,0.9832145
11809_10,0.94539934
1275_3,0.10338596
11694_4,0.049589027
12112_8,0.05340333
11212_4,0.95150405
5124_10,0.9566342
5362_2,0.01812472
2680_9,0.9868787
11181_4,0.84234506
4345_1,0.021287354
8916_7,0.6779006
10042_8,0.98282325
10324_8,0.94966936
4425_3,0.93674946
9133_3,0.8244619
11028_10,0.98975134
1941_7,0.90397453
10142_3,0.32939172
4572_1,0.01678549
10512_1,0.013222822
7180_7,0.5807682
3948_1,0.016657041
1238_4,0.032589745
5269_9,0.244363
12346_8,0.14223188
11481_4,0.97702265
1943_3,0.011687259
4742_1,0.047074176
2433_1,0.015189049
4422_3,0.018404892
342_1,0.018546565
736_8,0.9449947
3036_10,0.047780063
9336_7,0.85729086
9205_1,0.0140636265
9923_8,0.74871993
8875_2,0.021287354
2023_7,0.4130036
4102_1,0.28716773
11345_1,0.017442483
6736_9,0.9884919
7839_8,0.98481095
8572_10,0.9334308
7211_1,0.03384404
6666_2,0.015189049
1978_7,0.9859364
3156_1,0.020645931
3333_7,0.54722214
3720_4,0.7134316
1450_3,0.9079672
8563_10,0.83761996
9087_9,0.9840936
6843_10,0.9868787
3485_7,0.69966495
4259_10,0.9878528
10186_10,0.9825575
3312_3,0.17497346
7624_4,0.9394706
7930_3,0.021948254
8407_10,0.9582261
1771_4,0.069541745
11919_4,0.015189049
425_2,0.017309094
11795_2,0.014728613
6767_1,0.014172365
2996_9,0.9724148
990_1,0.023689471
3757_3,0.79182106
2981_2,0.03461884
10277_2,0.0145035805
662_9,0.44275698
5311_3,0.04054074
3796_10,0.86060363
3846_1,0.26057756
5651_2,0.014281935
6649_3,0.015424551
10779_2,0.29320207
4548_10,0.96432143
7275_10,0.97324073
1605_9,0.9500415
3580_4,0.2934045
5712_2,0.014392335
5287_10,0.9539661
3230_9,0.9241418
7936_1,0.01678549
9983_3,0.0145035805
9959_7,0.97997653
5739_4,0.049958523
4308_10,0.9224824
4854_8,0.65951484
8620_7,0.8749346
7923_9,0.9458012
11686_10,0.96405166
8253_1,0.04304285
11030_4,0.77390057
3995_9,0.9763105
10763_9,0.9814534
6780_8,0.87997437
10895_1,0.012821214
11778_1,0.7310586
8512_10,0.34235165
1061_1,0.014728613
10584_3,0.019124037
212_4,0.013020489
1908_2,0.02576056
10958_1,0.13614832
980_7,0.9437636
2686_10,0.9507779
2088_1,0.033336822
6075_1,0.021948254
9782_10,0.94458723
9180_3,0.19899648
2478_3,0.016657041
1634_2,0.015424551
6810_8,0.96295285
2562_10,0.91550726
3841_7,0.6978149
5387_1,0.019870715
9047_7,0.83601975
4962_4,0.09534946
8597_8,0.78133065
1515_1,0.01384861
1974_1,0.027169231
9935_3,0.908618
2404_4,0.2520157
8638_1,0.01243165
8720_1,0.016152835
11411_2,0.023330767
7676_3,0.38514334
11756_9,0.9861514
4195_1,0.019568678
11787_10,0.971564
11838_1,0.017442483
11748_1,0.01798621
7309_3,0.882022
502_4,0.28977346
1239_10,0.88523525
8925_4,0.16559312
4242_1,0.016914913
2112_2,0.012624948
6359_8,0.9813107
8034_9,0.98707944
807_3,0.13753249
7852_4,0.31226513
8014_10,0.8692713
4823_8,0.7189892
8448_10,0.77424216
3564_8,0.66432256
858_4,0.94966936
8529_7,0.52962834
6515_3,0.0145035805
2646_10,0.9658996
4278_1,0.08819005
5641_7,0.9046505
5382_4,0.015906392
3300_8,0.929951
4849_9,0.96323055
12013_1,0.031618766
107_4,0.61173
10046_10,0.8524448
9141_10,0.98421544
10297_10,0.9805807
634_10,0.83815056
438_2,0.014281935
11794_8,0.96210754
3937_4,0.0570714
3602_4,0.01566365
11851_1,0.01757688
8690_7,0.9801293
2697_2,0.0140636265
805_10,0.97520185
7572_1,0.0145035805
10553_1,0.01566365
5246_2,0.01883313
2064_8,0.8539127
11856_1,0.06754669
9026_7,0.92944044
4449_7,0.8146434
8579_10,0.98646784
8503_7,0.79502225
5734_1,0.880797
11507_1,0.022802636
7956_10,0.9532751
11245_2,0.0145035805
6142_2,0.028007522
10657_1,0.05184547
7992_1,0.021948254
11347_9,0.6548947
5278_8,0.93674946
6362_10,0.030908957
10214_2,0.24944724
9184_7,0.8311431
2666_10,0.98087597
7527_7,0.9759464
2001_1,0.5826098
12000_4,0.36120695
10302_3,0.11476479
7160_10,0.9635062
2757_10,0.98549646
3792_3,0.77662295
6199_1,0.012821214
10467_3,0.016657041
531_10,0.9837225
8193_9,0.971779
248_7,0.98469365
187_1,0.017712297
5193_8,0.3801835
5138_8,0.971564
8467_1,0.8244619
11029_8,0.96323055
667_4,0.16105616
3714_1,0.02017732
8102_4,0.88602656
9195_4,0.014842417
1432_3,0.19284318
9095_10,0.70456684
11510_2,0.019271135
5644_1,0.8705973
2556_8,0.966156
11887_2,0.21304952
5374_1,0.51561993
5356_3,0.22644134
10209_1,0.06512755
2001_8,0.77932185
6088_1,0.66115755
6140_4,0.92788786
11494_4,0.090092994
11631_7,0.8322367
4818_1,0.01784874
10914_1,0.017176708
4472_8,0.97719735
8735_9,0.97684664
11190_1,0.04304285
462_4,0.12549345
6566_4,0.014392335
4598_4,0.7356416
11566_1,0.029090757
2560_3,0.16776335
11969_4,0.02517884
8765_1,0.01461567
9957_10,0.60882664
5210_10,0.95362175
5007_10,0.98187524
10290_10,0.98282325
10319_1,0.090092994
1848_2,0.01678549
1319_3,0.02017732
11248_10,0.9878528
379_1,0.04208773
3469_10,0.97719735
437_2,0.01395571
3648_1,0.3233801
8834_1,0.01507263
3316_1,0.015784562
9563_2,0.10017222
4500_9,0.9546474
6226_3,0.67555064
5653_3,0.020488555
5415_2,0.014728613
6725_4,0.014728613
9462_10,0.97903574
3471_3,0.17050801
7259_2,0.06705628
8181_3,0.027169231
10749_1,0.020488555
12283_1,0.017176708
402_1,0.013020489
8024_10,0.9740426
11114_1,0.01384861
461_1,0.03461884
10025_2,0.01384861
3358_4,0.64422506
2022_1,0.019124037
12493_7,0.9750122
4131_9,0.983343
9852_4,0.01384861
7122_1,0.02178117
1994_10,0.9666631
10723_9,0.7193836
3900_8,0.9838472
7741_10,0.98087597
4287_9,0.9190633
10195_10,0.9722044
10941_3,0.0140636265
1615_1,0.014842417
12337_3,0.01784874
2259_2,0.01566365
6179_10,0.9853843
138_8,0.86476797
6482_3,0.20370752
10362_4,0.01243165
1341_10,0.9849274
8299_8,0.93439513
7839_2,0.016914913
6659_7,0.88759494
7143_10,0.9872773
12445_1,0.0153063545
3796_3,0.029986506
4180_10,0.9686196
7775_10,0.95150405
8946_9,0.937669
1936_7,0.95531917
8387_1,0.013742321
10092_8,0.8697146
5729_10,0.9353465
1399_7,0.8548847
4011_8,0.98215127
7868_8,0.98445636
3546_8,0.8233284
8643_9,0.9563089
6033_1,0.017309094
428_10,0.97344345
3385_10,0.9884919
3073_2,0.019419348
4169_8,0.96741027
8191_3,0.5070796
211_3,0.019870715
297_2,0.015906392
4286_8,0.73753643
535_10,0.9890976
4851_4,0.30611202
9707_1,0.0140636265
9740_10,0.95292586
5410_1,0.015543648
1436_1,0.0894546
3766_10,0.94699025
2483_9,0.9757624
1937_10,0.9830851
2939_3,0.7070003
3372_1,0.013428254
7825_10,0.73335636
7780_10,0.98942953
7656_10,0.9830851
4850_7,0.98934746
5083_4,0.019271135
10429_1,0.03963884
8009_2,0.028436033
10879_4,0.02096424
7328_1,0.037608635
10055_1,0.026355354
11715_7,0.9329437
1547_1,0.014281935
7665_9,0.21206881
6061_10,0.9314625
10800_1,0.019568678
10234_3,0.0140636265
11334_2,0.1821344
3106_1,0.02576056
12173_3,0.020804489
2076_10,0.9791955
4414_7,0.938124
7679_9,0.9213576
2010_1,0.013020489
9460_9,0.9546474
11261_4,0.0715912
7500_10,0.72095805
9503_4,0.08449275
5937_4,0.72990495
87_10,0.9837225
2968_1,0.015424551
6728_9,0.89912134
9954_4,0.017442483
5875_8,0.9532751
12429_10,0.9492946
11247_10,0.80193585
8879_4,0.9724148
2999_1,0.021615336
11448_8,0.3717173
3629_1,0.015424551
1302_1,0.02517884
10851_1,0.049958523
9533_4,0.013636835
4078_2,0.0140636265
7813_3,0.030214587
11284_10,0.9073123
3509_8,0.9744348
11198_3,0.03541073
9197_9,0.88038635
3603_3,0.9588471
6472_7,0.9878528
2410_2,0.04401865
10240_10,0.7905303
6507_4,0.20689406
1511_2,0.23899394
5475_2,0.018264279
5728_1,0.013636835
5294_1,0.026759284
12024_10,0.9795114
2355_1,0.68489665
4088_9,0.97887486
2580_10,0.96210754
9423_1,0.015543648
6836_7,0.97821885
11806_1,0.014728613
8412_1,0.52195853
770_10,0.8539127
1029_10,0.40403706
11288_4,0.50195307
690_3,0.71977776
1925_9,0.9860443
2116_10,0.91789335
8597_2,0.26340988
8734_4,0.02211659
5549_3,0.01757688
5447_7,0.90295243
2519_4,0.32648614
11323_7,0.947381
9338_1,0.013636835
3299_10,0.98625773
10585_8,0.7634837
3945_7,0.024237636
813_1,0.04813677
1300_9,0.9603612
5849_7,0.8489722
5535_8,0.92944044
3612_2,0.012241275
11064_2,0.024609927
376_10,0.32487765
8504_2,0.013428254
8198_1,0.014281935
6485_1,0.014842417
9011_3,0.016403032
6766_1,0.28557116
7282_3,0.32252598
1450_10,0.07751766
10644_8,0.8601343
5424_2,0.90397453
86_3,0.04115289
1221_1,0.0140636265
2309_3,0.028220987
5190_4,0.039342504
11498_1,0.46247306
11959_10,0.9719925
10465_10,0.9606575
3922_4,0.97023994
9710_9,0.6974029
2014_1,0.055412795
3791_9,0.8543993
3548_4,0.022802636
6001_3,0.01566365
11920_4,0.047425874
10152_9,0.9851576
10305_1,0.83973396
10626_1,0.02517884
3057_3,0.8548847
5387_8,0.016152835
8138_2,0.03704717
11134_1,0.044348583
8341_2,0.019124037
6687_9,0.9744348
671_3,0.67405045
1156_2,0.014728613
11841_9,0.97754294
7193_9,0.98215127
2257_10,0.98445636
5261_3,0.1576549
10475_2,0.014842417
11175_2,0.044348583
8122_9,0.96691406
6266_7,0.983597
4340_9,0.9658996
331_4,0.69884354
854_7,0.9740426
6800_10,0.98866826
982_8,0.97737074
5916_7,0.6744794
5871_2,0.045692034
4106_9,0.98228765
8506_1,0.08632348
4610_9,0.98187524
5086_4,0.05582314
453_9,0.8872046
4611_3,0.017045317
3764_4,0.04401865
7644_4,0.01757688
4037_2,0.01678549
1595_10,0.9678993
7792_3,0.038178276
10068_3,0.064653486
7199_10,0.9465967
2050_3,0.0140636265
2460_7,0.91964257
9299_1,0.047425874
6297_4,0.02297737
7797_10,0.93721074
11272_8,0.95976204
7808_9,0.94539934
5806_3,0.015784562
4573_10,0.1066906
3935_7,0.9043131
3502_1,0.017712297
5744_10,0.32060853
10548_10,0.9811669
3746_7,0.80746067
3851_10,0.9863631
2648_2,0.04054074
11397_3,0.016152835
1024_4,0.68637
4034_2,0.013020489
7010_10,0.7895584
10429_9,0.98445636
8086_1,0.0140636265
6463_4,0.3415825
3540_3,0.417984
7608_8,0.9184803
5123_4,0.92359227
8139_4,0.7237002
2535_10,0.27923846
4187_1,0.08632348
1711_4,0.022286188
6197_4,0.042403832
4953_7,0.93674946
578_9,0.9465967
4244_10,0.8984106
3893_8,0.97324073
4903_7,0.9314625
9850_8,0.98282325
11450_3,0.0153063545
4926_8,0.9744348
804_1,0.29685804
5933_7,0.9334308
4407_1,0.16830944
7951_7,0.9522199
9759_10,0.9802808
3936_8,0.9507779
6998_1,0.05223086
8967_7,0.97737074
5061_4,0.16613355
7787_3,0.06233104
8320_10,0.98892784
967_7,0.22371607
11996_7,0.10302443
4233_8,0.95150405
2494_8,0.88483775
6804_8,0.9740426
1452_3,0.8305941
10327_7,0.86060363
1510_1,0.014172365
7223_4,0.22000709
2280_10,0.95150405
4092_9,0.9840936
11305_1,0.013742321
10599_1,0.01883313
9545_4,0.77662295
6423_8,0.97068775
12314_1,0.019870715
8470_1,0.01812472
8957_8,0.9124362
1725_9,0.9724148
11127_1,0.2295352
6570_8,0.94165415
10477_1,0.04208773
5503_4,0.29624692
12251_8,0.9522199
3474_10,0.9860443
7269_1,0.015189049
997_3,0.078642376
10781_10,0.84234506
6598_10,0.9693242
9225_1,0.0269635
20_9,0.9730365
9671_9,0.94891727
8627_3,0.027169231
12404_4,0.96295285
1110_7,0.987375
6979_1,0.028870907
9082_1,0.8193158
3626_7,0.7704648
4856_4,0.73028994
11510_9,0.97702265
7024_10,0.987375
1501_9,0.2877678
4185_9,0.050705362
8671_9,0.97324073
2225_10,0.94776917
199_4,0.95430803
6027_9,0.9722044
359_4,0.07696084
4065_3,0.019124037
12333_7,0.123365626
1963_10,0.971564
9106_1,0.021287354
10478_1,0.02350945
10859_9,0.9804314
357_1,0.019719128
6982_10,0.971564
460_8,0.9766692
9266_2,0.019870715
351_10,0.9851576
9562_10,0.96765566
9784_3,0.0433658
5949_7,0.97737074
6489_1,0.6361765
1607_9,0.9458012
4482_10,0.9738444
8816_8,0.19651762
2427_1,0.43974736
4838_9,0.9861514
10961_9,0.5268297
6708_10,0.9693242
1045_9,0.91550726
3607_3,0.026556572
4325_9,0.98549646
4779_1,0.013428254
4624_9,0.9492946
4564_10,0.722527
7132_9,0.97068775
506_2,0.015424551
5939_1,0.015543648
3219_10,0.9837225
8620_4,0.6548947
2049_1,0.013636835
3367_9,0.89218736
7408_9,0.94458723
8850_2,0.016657041
870_4,0.16132024
8056_8,0.058776557
11367_10,0.98625773
6160_10,0.9879462
6712_8,0.37937838
5267_8,0.95362175
1191_1,0.015543648
1513_3,0.069541745
4741_10,0.47049332
9807_2,0.01507263
6926_10,0.96182173
6382_10,0.983597
6636_8,0.85342485
6592_10,0.9339146
11308_10,0.9829547
10853_3,0.03138043
1774_7,0.31784958
8259_10,0.98527133
8649_8,0.93045825
10739_2,0.01507263
9843_7,0.06142404
5984_10,0.9840936
8658_1,0.019419348
10386_1,0.11318691
3271_4,0.44577077
6167_1,0.01243165
529_1,0.014957086
5696_2,0.26020145
1601_10,0.91730267
10744_8,0.88161486
6121_9,0.21011725
2598_10,0.98571813
9209_10,0.9829547
3831_1,0.024053553
7171_9,0.9740426
1850_10,0.96485513
8728_7,0.96210754
7698_7,0.98242307
5954_10,0.98445636
7104_7,0.03138043
5617_2,0.065604836
3896_1,0.013636835
4355_1,0.04922211
4212_7,0.8697146
622_1,0.014281935
3368_8,0.7501869
2870_1,0.028220987
12107_9,0.9832145
8016_8,0.9840936
8752_4,0.9539661
10653_10,0.96432143
7245_10,0.9875683
9742_9,0.98201376
7637_4,0.96210754
11903_10,0.9241418
9818_3,0.026355354
373_2,0.018546565
110_10,0.9839708
2450_10,0.98421544
9009_3,0.01384861
9132_2,0.0335895
11076_1,0.04177388
4285_4,0.01678549
109_8,0.024237636
2585_8,0.98282325
7781_1,0.14953136
1359_10,0.8895288
9773_3,0.06233104
10328_10,0.9860443
12063_1,0.25404602
12061_1,0.014728613
555_7,0.9507779
2288_4,0.01384861
1259_10,0.88602656
12098_1,0.014728613
6493_9,0.9785493
324_3,0.053009775
7834_8,0.013532149
8918_7,0.91550726
10736_9,0.9437636
5272_3,0.28061637
4302_1,0.029760094
646_1,0.49804685
10868_9,0.9658996
9654_8,0.9142907
10790_10,0.9719925
10589_3,0.020804489
6364_10,0.94208187
8477_1,0.015189049
6938_2,0.9205043
9420_3,0.0433658
1527_10,0.98242307
5769_1,0.020023443
1655_9,0.9840936
3917_10,0.96267307
8666_4,0.040237945
11820_2,0.5173271
11633_8,0.76699245
6136_4,0.013636835
10293_1,0.017442483
1084_1,0.020023443
12287_9,0.98228765
11297_1,0.02096424
6913_1,0.01627746
11371_10,0.9329437
9937_4,0.79117644
11341_10,0.92359227
5233_9,0.9849274
4358_10,0.98926485
10735_10,0.9830851
5234_1,0.017045317
7523_1,0.017309094
5758_3,0.01784874
11916_10,0.979354
10276_8,0.95362175
5950_4,0.093678
10329_10,0.9851576
8419_1,0.017176708
3343_4,0.013020489
3640_3,0.02297737
10160_7,0.85342485
1181_10,0.97754294
9181_1,0.031618766
5778_7,0.86703575
3659_9,0.36113656
4695_10,0.9839708
25_10,0.9805807
6127_2,0.04054074
1343_2,0.702938
1110_4,0.02576056
12166_10,0.936285
1853_8,0.93195957
6651_1,0.019870715
4927_1,0.013636835
10933_3,0.24762337
6911_9,0.98445636
467_9,0.8705973
2267_4,0.09041373
9005_3,0.02350945
10493_1,0.015784562
8159_7,0.97997653
10039_1,0.16132024
5147_1,0.13614832
12176_10,0.78825736
9299_9,0.97966766
2824_10,0.95150405
7695_1,0.014728613
8870_9,0.983343
4063_8,0.4344613
396_2,0.01678549
9016_3,0.021948254
10148_10,0.98481095
2028_8,0.94815457
3738_7,0.89733595
11365_1,0.017176708
9987_9,0.98707944
4050_10,0.98445636
8028_9,0.79182106
10161_7,0.85342485
5997_3,0.2213507
7771_1,0.7337381
765_9,0.98159516
6558_1,0.016029146
9148_9,0.96814114
10100_10,0.9849274
11870_3,0.24835184
143_4,0.03410043
5865_10,0.96295285
2364_10,0.83867973
4695_2,0.014728613
3150_10,0.9843364
4181_10,0.9588471
8121_8,0.9761292
3263_10,0.9719925
9178_8,0.9840936
11323_2,0.9563089
8922_10,0.97702265
7884_3,0.26549944
6474_1,0.030908957
9697_8,0.8047131
9184_1,0.019124037
9483_9,0.9588471
5353_10,0.98087597
5978_2,0.01757688
7162_4,0.937669
12175_3,0.01784874
8229_8,0.9230392
8618_2,0.012821214
854_1,0.015424551
1379_10,0.3323104
10833_9,0.94966936
2244_4,0.1334152
8145_3,0.019568678
9069_3,0.07978202
691_7,0.94891727
421_1,0.02297737
951_1,0.8895288
4966_4,0.31912136
9116_10,0.97838473
7903_10,0.9693242
3684_3,0.7090191
9435_1,0.05340333
4998_1,0.013636835
9698_1,0.012624948
209_10,0.880797
10314_9,0.86339164
6677_8,0.96378
3044_7,0.98159516
1322_1,0.01243165
3185_1,0.032589745
6619_1,0.01798621
3765_7,0.0226292
3348_9,0.8221891
11833_4,0.45362487
2250_1,0.0145035805
7760_10,0.93581736
8619_8,0.9849274
5790_9,0.96909106
9197_1,0.019124037
4350_2,0.014392335
11545_10,0.9853843
12448_10,0.92944044
7160_2,0.021125194
5966_4,0.81405276
5284_10,0.9807288
5276_8,0.024987794
7498_1,0.026759284
10729_9,0.95430803
1827_3,0.012624948
3111_1,0.01384861
8298_8,0.90958625
12447_7,0.80746067
8035_3,0.79692537
1203_7,0.94539934
7620_1,0.021287354
2375_4,0.015189049
4026_2,0.034880888
1925_1,0.018546565
3658_1,0.0153063545
114_10,0.94699025
3386_2,0.026759284
377_9,0.81582016
8855_10,0.9511422
10476_10,0.98215127
9073_4,0.047074176
3255_2,0.018404892
2918_9,0.8940517
5221_7,0.95531917
7546_1,0.013636835
8080_7,0.6819386
7434_10,0.388473
1772_1,0.01384861
2690_9,0.38870504
7133_9,0.9651191
9947_9,0.93439513
11865_1,0.016029146
6346_10,0.96295285
2945_3,0.014957086
3625_8,0.96432143
694_4,0.08694165
6795_10,0.9761292
9353_4,0.3634774
12345_10,0.80746067
5316_2,0.03138043
12204_2,0.08819005
2186_10,0.9688562
5568_1,0.2831863
11080_1,0.016152835
228_1,0.016914913
7795_1,0.02096424
4886_3,0.41786525
11547_9,0.9730365
7494_2,0.06754669
5466_2,0.028220987
3655_8,0.97462875
4790_1,0.0145035805
12370_10,0.93045825
546_3,0.34048522
11818_8,0.98625773
9426_7,0.8895288
1524_3,0.23335676
6486_3,0.016914913
5288_3,0.042722195
6797_3,0.013428254
8130_4,0.4092503
4064_1,0.02096424
4832_1,0.013636835
7232_1,0.025565214
7279_3,0.017309094
8356_3,0.39152223
3556_4,0.2432827
4097_7,0.9339146
7801_1,0.8474635
8393_1,0.02211659
5847_7,0.9700135
4470_4,0.01507263
6922_3,0.01678549
1094_7,0.8255897
10740_10,0.9859364
4933_8,0.97068775
7794_10,0.9878528
7218_1,0.87997437
12470_7,0.7367796
2980_7,0.9860443
10896_4,0.18417984
8652_8,0.36313862
3638_4,0.722527
9497_3,0.40739235
9266_8,0.9860443
7392_9,0.24472386
10_7,0.84389514
2466_7,0.5424997
1612_2,0.24113183
10262_7,0.3911733
2193_4,0.10411242
179_10,0.98840266
6025_4,0.1338675
7633_7,0.8587186
9716_1,0.014392335
9487_10,0.97737074
9800_9,0.9830851
6424_8,0.40048558
835_4,0.018546565
11351_4,0.18447348
5508_2,0.34444344
12395_1,0.14033625
11986_7,0.9219218
9947_3,0.9394706
11529_8,0.94539934
93_1,0.038178276
9914_8,0.31742626
7953_9,0.8778961
9418_2,0.01798621
9089_8,0.87450653
10337_10,0.9805807
4440_1,0.01883313
890_1,0.0145035805
6965_3,0.7295198
6540_7,0.9623913
7693_10,0.16586316
6470_2,0.041462272
9262_3,0.02931223
1901_10,0.016914913
5107_10,0.96485513
6013_3,0.8828326
9295_3,0.22918999
3450_9,0.97068775
820_9,0.661267
3207_10,0.97821885
2620_9,0.7126323
9175_1,0.016914913
3058_3,0.037608635
4648_2,0.36398593
2012_9,0.9263037
8131_1,0.028436033
4808_4,0.05582314
9182_7,0.97966766
6829_3,0.035144847
10736_3,0.013428254
12347_10,0.6838419
9973_9,0.97520185
5320_4,0.64131004
4462_2,0.530723
2573_10,0.097734325
5580_1,0.014172365
11771_1,0.20721471
10782_2,0.888372
7719_3,0.7718435
1897_10,0.93674946
8797_8,0.9802808
5464_10,0.97754294
6480_1,0.017712297
10346_4,0.012241275
9386_7,0.9403531
1027_4,0.9056566
11905_10,0.98445636
7804_10,0.95565146
1491_1,0.015784562
6521_1,0.01798621
11835_1,0.014728613
9661_3,0.01461567
9476_7,0.8844391
1398_8,0.8509647
7373_2,0.03138043
10278_7,0.9890131
1422_4,0.08210663
2823_1,0.01784874
2691_3,0.026355354
5825_4,0.029090757
4113_1,0.035144847
10081_10,0.94458723
6700_1,0.014281935
4482_3,0.9572778
652_8,0.950411
5364_3,0.059646945
2853_7,0.85633236
4328_10,0.86153823
2636_7,0.9757624
10850_10,0.9885804
12059_1,0.014957086
4135_8,0.5565201
6311_2,0.014842417
12379_3,0.015189049
7288_4,0.019719128
1463_9,0.9563089
2112_7,0.9635062
3942_8,0.86293024
7693_1,0.5510906
2451_10,0.96182173
11441_10,0.8895288
11331_8,0.32167304
7233_2,0.0433658
649_2,0.9449947
6388_10,0.9840936
3861_10,0.9230392
4188_10,0.96378
10556_10,0.97997653
5855_4,0.020488555
7153_2,0.014842417
9710_2,0.049958523
7607_10,0.98187524
4534_7,0.01678549
11074_1,0.01384861
9650_7,0.9686196
10921_4,0.026155619
6121_1,0.33241874
10458_1,0.2899745
9602_1,0.013020489
9693_3,0.74539834
9188_3,0.891055
6333_9,0.91730267
8905_10,0.98892784
1335_7,0.96432143
11513_10,0.9339146
6925_10,0.9830851
10928_10,0.9850429
12454_1,0.01798621
6286_10,0.9005298
5163_10,0.98201376
10200_7,0.96295285
3501_10,0.9600627
6574_3,0.45544085
5169_1,0.2921912
2640_8,0.9801293
7117_10,0.9830851
3569_3,0.3661576
9810_10,0.81047887
2080_2,0.042722195
3437_2,0.022457054
7503_8,0.97903574
3753_3,0.7962924
10868_1,0.01384861
12385_10,0.1899715
11870_8,0.9329437
6694_9,0.97046465
11824_10,0.98527133
1750_4,0.8933094
572_10,0.057493284
970_4,0.7098244
12211_10,0.05582314
6972_7,0.9798227
1554_1,0.636805
8868_7,0.9053223
501_1,0.024053553
2023_1,0.014957086
4272_3,0.019271135
2536_10,0.6959583
2819_7,0.057493284
1810_1,0.015424551
11364_3,0.5533846
6086_1,0.0145035805
1901_3,0.013428254
2847_3,0.029760094
6224_1,0.016657041
4305_1,0.0145035805
3685_3,0.2708658
6292_2,0.048496004
10626_8,0.95945925
10721_4,0.049589027
8086_9,0.9830851
7886_8,0.91022676
6601_2,0.2881683
3806_8,0.50585914
2611_1,0.01678549
1696_10,0.73866904
3823_10,0.442516
6917_4,0.015543648
9469_4,0.12085323
9498_9,0.9777139
11046_1,0.016914913
6519_9,0.9582261
10676_8,0.5979307
3139_9,0.97838473
1098_9,0.987375
2588_8,0.017442483
9924_1,0.014392335
2131_3,0.01395571
236_3,0.0269635
5390_2,0.018264279
11292_10,0.6356183
4149_8,0.9656413
610_1,0.12940274
10184_1,0.12635334
9123_3,0.7592254
3220_3,0.05379964
9124_2,0.018404892
9103_1,0.029760094
2896_10,0.9860443
8478_1,0.016152835
11845_2,0.030444348
3646_1,0.4695203
12254_7,0.9500415
857_7,0.9826909
592_3,0.33198547
1276_9,0.97046465
5096_10,0.97112906
10725_1,0.0153063545
8426_4,0.32167304
10244_2,0.01678549
4786_9,0.2407746
8358_7,0.38648844
5266_7,0.9832145
3581_10,0.9834705
12349_1,0.08035747
3429_4,0.5496406
9807_9,0.9757624
6631_2,0.015906392
4981_1,0.01883313
273_1,0.38757443
733_7,0.94165415
4982_3,0.02517884
2347_10,0.97887486
6263_10,0.9273633
3699_9,0.9207897
2270_8,0.9856076
8095_10,0.7606507
3347_8,0.9606575
4161_4,0.74279505
3331_3,0.017045317
6845_3,0.019419348
9272_4,0.05340333
997_7,0.8710367
1798_10,0.98159516
4262_10,0.20785715
4868_7,0.9437636
7487_1,0.023330767
8262_10,0.9787127
12397_1,0.01395571
4786_4,0.18892181
3240_9,0.936285
10992_10,0.9876639
8209_1,0.018546565
6089_10,0.9850429
9735_7,0.9284088
2554_4,0.8418256
8995_10,0.9791955
5732_4,0.0705596
1088_8,0.9695556
12345_4,0.9142907
9364_4,0.30590466
12348_1,0.054198727
3311_2,0.017712297
6707_4,0.24256429
7048_7,0.9724148
9736_4,0.9572778
2975_10,0.9539661
982_4,0.014728613
3227_4,0.07585818
5185_1,0.03541073
2131_8,0.97324073
6941_8,0.9241418
11936_8,0.21866938
2383_8,0.82615143
3057_9,0.9851576
8058_1,0.014172365
4622_8,0.64372134
2208_10,0.9161096
12144_8,0.8727817
2737_10,0.98646784
3550_3,0.33274388
2789_8,0.9869795
11757_9,0.9891816
10676_4,0.858244
2855_2,0.013020489
2740_3,0.014172365
8609_7,0.9105454
2147_4,0.037892424
8093_2,0.015906392
10335_1,0.28081354
1098_4,0.02178117
6255_10,0.2944178
7276_1,0.47049332
11301_10,0.9876639
1334_3,0.01883313
8983_9,0.97719735
1694_1,0.025957355
9658_1,0.02096424
8438_8,0.57663137
536_3,0.012821214
7074_10,0.98892784
1992_2,0.024987794
5040_8,0.7213508
753_2,0.024987794
7967_4,0.027376488
3763_2,0.16398025
3953_2,0.022802636
3351_4,0.27202454
1704_8,0.9693242
6817_10,0.9885804
11914_4,0.21304952
12071_10,0.96814114
6969_4,0.54927796
11992_1,0.01757688
11532_4,0.7752647
5253_9,0.98646784
5596_9,0.98657167
6560_1,0.025957355
8082_1,0.013222822
864_2,0.015543648
5929_8,0.07263671
10217_4,0.01812472
11277_4,0.83004373
10701_10,0.88602656
1245_8,0.9845754
10024_9,0.78199726
3344_1,0.22507578
12006_10,0.9257686
1031_1,0.018978037
665_10,0.9403531
10460_1,0.020023443
7038_9,0.7988153
7843_8,0.97262347
5095_9,0.97462875
11426_3,0.021287354
265_9,0.98159516
7163_4,0.08151975
77_2,0.02145073
4709_10,0.9791955
11151_9,0.5151321
2269_1,0.23265867
820_1,0.024053553
1451_7,0.04304285
281_1,0.611556
6598_1,0.0570714
4341_1,0.04304285
9560_3,0.020488555
4698_1,0.047780063
7408_3,0.55655026
11729_4,0.014957086
11489_3,0.023330767
9711_1,0.016657041
9994_10,0.97344345
586_8,0.9834705
8047_10,0.78099674
4531_7,0.5480688
1293_1,0.0140636265
7581_3,0.028007522
5129_4,0.6770471
1748_1,0.032100707
8155_1,0.013428254
8827_7,0.026556572
6616_8,0.971779
1040_9,0.9273633
10942_1,0.01883313
5306_1,0.016403032
8168_1,0.037326884
291_9,0.9802808
383_9,0.97702265
11908_9,0.8407826
7898_10,0.9053223
4043_2,0.026155619
3376_8,0.8193158
3067_7,0.90958625
11496_8,0.9738444
9885_2,0.23335676
3554_10,0.97134733
2986_3,0.3863582
1332_7,0.24762337
5585_8,0.9728308
5981_3,0.012821214
1556_1,0.012053779
8523_10,0.9559813
11792_1,0.013020489
7610_10,0.9780517
12114_9,0.9730365
8589_1,0.013020489
3898_8,0.9868787
5101_10,0.98803884
9607_1,0.113579586
6673_8,0.9728308
7662_1,0.013222822
2241_1,0.092687786
6674_2,0.012053779
7797_1,0.01566365
6400_2,0.0335895
628_8,0.79182106
4898_4,0.19620943
11592_2,0.05033063
1311_2,0.01461567
5494_3,0.2683658
7067_10,0.97539
11267_10,0.9879462
6797_10,0.9802808
9987_1,0.0140636265
9740_3,0.018546565
6743_1,0.02479816
5302_1,0.01566365
8464_8,0.6945099
7846_4,0.44565016
5990_1,0.012241275
10889_2,0.01784874
11406_8,0.9635062
9093_4,0.0226292
8501_1,0.014281935
8431_4,0.03567855
8076_1,0.014728613
6831_8,0.8692713
984_8,0.9840936
369_1,0.020488555
9668_10,0.9755769
2972_10,0.9851576
5611_1,0.020023443
659_1,0.013428254
6360_7,0.8134608
7628_7,0.038178276
5311_9,0.882022
2005_10,0.9740426
5396_1,0.02931223
1308_3,0.019719128
4737_3,0.11920291
8042_1,0.013428254
11585_3,0.013222822
1182_2,0.06325053
2581_9,0.98228765
10496_1,0.015543648
3561_7,0.7213508
8272_1,0.01757688
6571_4,0.85195273
3125_7,0.6638869
9120_3,0.87536144
12220_1,0.018404892
5783_3,0.033336822
105_8,0.9390248
11885_9,0.94853723
11317_1,0.1338675
7999_7,0.92523
5800_7,0.94699025
2811_8,0.8969756
7381_9,0.8134608
9828_7,0.5640985
7849_4,0.93991333
8174_4,0.02178117
9320_1,0.014842417
5747_7,0.9219218
11097_3,0.01757688
6472_2,0.014281935
1200_10,0.98102194
10125_4,0.037326884
5422_10,0.96124375
9889_9,0.9884919
7370_2,0.020488555
696_4,0.0570714
8609_4,0.5136685
11850_7,0.31174105
889_7,0.92523
8695_2,0.027376488
4944_1,0.019719128
6899_8,0.9804314
3388_10,0.97684664
1051_1,0.021948254
431_2,0.014957086
2353_1,0.3106944
5131_3,0.01678549
482_9,0.96814114
1283_10,0.94417685
10884_1,0.017442483
221_9,0.8494724
8688_3,0.024609927
9891_10,0.9850429
705_10,0.9875683
5604_1,0.015906392
4960_3,0.018689308
12439_1,0.025371313
8897_1,0.015424551
3549_8,0.9738444
7301_7,0.09073549
8183_3,0.8392076
7751_10,0.8692713
9084_9,0.909907
3048_1,0.047074176
8443_1,0.012624948
3373_3,0.014728613
3867_4,0.23057307
604_3,0.0145035805
2162_1,0.013428254
4367_9,0.97344345
10255_10,0.97997653
1909_9,0.91550726
1446_3,0.04304285
1247_1,0.03461884
2703_1,0.0140636265
921_1,0.02178117
156_9,0.9046505
7516_4,0.16026603
6155_4,0.3038351
8991_3,0.27279878
3813_3,0.2859698
551_4,0.069541745
12326_1,0.017176708
5102_3,0.96095175
10901_3,0.01243165
1517_1,0.013636835
8762_10,0.9839708
1282_10,0.9875683
2531_9,0.7796575
7764_8,0.9860443
2906_8,0.9693242
6730_7,0.7049733
7749_9,0.9805807
7765_3,0.24220563
12412_7,0.4855997
582_4,0.030214587
5792_1,0.0705596
2174_7,0.9224824
7605_10,0.98159516
2721_1,0.019870715
2151_10,0.9851576
8152_1,0.014957086
6488_7,0.1289633
9446_8,0.83815056
10617_8,0.9152046
12455_2,0.45011768
7377_10,0.97090924
11891_2,0.20024472
4319_4,0.01812472
1050_9,0.9053223
9109_2,0.01812472
10500_1,0.016029146
11749_7,0.891055
12250_2,0.1732882
1193_2,0.020645931
8313_8,0.8824279
8918_4,0.01507263
7122_10,0.98159516
6210_8,0.9403531
10050_8,0.9839708
4921_10,0.98582757
1857_7,0.9224824
9718_10,0.97702265
2482_1,0.015543648
2624_1,0.01812472
3284_2,0.020332353
11435_3,0.45447218
10971_7,0.96378
2606_4,0.91367656
7540_9,0.98667485
10929_4,0.9744348
8566_8,0.06418265
4693_1,0.015424551
1281_2,0.06325053
267_1,0.013428254
2133_10,0.7745834
6762_8,0.96538115
1043_9,0.96909106
2812_4,0.08509905
6981_4,0.024053553
4038_9,0.9511422
4256_10,0.8221891
8206_1,0.013636835
2060_2,0.07316472
7372_1,0.019719128
732_3,0.035144847
5367_7,0.97112906
9765_10,0.98481095
8843_4,0.019419348
9723_10,0.97838473
11966_8,0.8344069
5087_8,0.48620954
9379_9,0.96323055
9615_2,0.015424551
991_7,0.967163
4461_4,0.017712297
5857_1,0.020332353
2358_3,0.064653486
5247_10,0.87191176
12430_8,0.7446563
5943_4,0.0963651
11917_10,0.9856076
4144_4,0.96405166
3128_7,0.9190633
5152_10,0.979354
8028_1,0.4690338
788_1,0.01784874
9552_2,0.33176893
12051_4,0.019870715
701_4,0.67362124
5738_7,0.014842417
5953_1,0.013428254
3694_10,0.97023994
12371_10,0.9830851
650_10,0.9826909
3772_8,0.8727817
3919_9,0.9224824
12420_10,0.92683524
6164_1,0.017045317
12202_10,0.97754294
4142_3,0.023689471
285_4,0.0269635
9190_4,0.06418265
9297_10,0.9695556
2857_1,0.015906392
5576_10,0.9787127
7603_1,0.014728613
1987_10,0.8283842
6978_1,0.013020489
2390_3,0.015189049
662_4,0.0140636265
7957_1,0.6649755
3009_2,0.02931223
9574_1,0.01461567
703_2,0.020488555
11871_4,0.028007522
8056_2,0.12984344
11468_2,0.03384404
7549_10,0.9736447
4506_1,0.6281794
160_1,0.039937317
2400_1,0.06804042
146_8,0.8701566
1174_7,0.9761292
1623_2,0.14414886
2909_1,0.023330767
9284_3,0.024053553
753_7,0.59231293
456_1,0.033336822
329_1,0.015543648
1996_10,0.98187524
7468_10,0.8494724
11219_3,0.36903077
5749_8,0.98228765
1563_2,0.02479816
9713_8,0.023330767
12467_2,0.0145035805
5686_2,0.01798621
6424_2,0.014957086
11137_10,0.9863631
5613_7,0.9449947
2113_2,0.013636835
8623_8,0.93318766
2086_10,0.9861514
6846_8,0.98582757
3230_2,0.028007522
4973_4,0.0894546
2935_2,0.02576056
12176_1,0.018978037
6272_9,0.19775414
728_10,0.90829307
9843_2,0.016914913
4897_2,0.0145035805
12121_3,0.014172365
11934_4,0.32541335
1453_2,0.016403032
9676_9,0.95791227
3072_10,0.97719735
6667_2,0.96641046
8932_9,0.98242307
9452_10,0.8101787
953_2,0.2501793
3268_3,0.01784874
6276_1,0.016152835
2522_3,0.018264279
2630_10,0.987375
2031_10,0.9591543
3754_10,0.5389832
10791_1,0.015189049
7755_3,0.06418265
11180_10,0.9877587
8020_9,0.9693242
3767_4,0.9777139
3519_10,0.97090924
8180_9,0.95430803
11639_4,0.14463145
7540_2,0.017176708
4746_1,0.12252322
4027_1,0.1510278
952_1,0.0570714
4070_1,0.51952136
8346_1,0.48169765
1499_9,0.84594244
1601_4,0.014842417
1698_1,0.04401865
3055_3,0.036493763
7744_1,0.054198727
3183_8,0.9849274
9482_1,0.026155619
3712_4,0.43998796
9260_4,0.96432143
10042_1,0.065604836
3873_3,0.031143833
11273_10,0.6703925
2918_1,0.7895584
1292_3,0.017712297
1837_2,0.22405545
4650_4,0.040845715
8686_4,0.09170697
11307_8,0.5432268
10044_2,0.021125194
12035_1,0.044680875
2259_9,0.9539661
6582_1,0.90958625
10194_1,0.017045317
7932_10,0.37917718
8064_8,0.9549844
5017_4,0.80131465
6456_9,0.97821885
10768_8,0.9856076
9479_10,0.97539
9734_4,0.12168575
2245_1,0.017045317
7275_3,0.0269635
1193_10,0.98201376
3883_4,0.047425874
5456_3,0.64119774
10014_2,0.05379964
8045_9,0.9230392
9093_7,0.9339146
9971_1,0.015424551
1052_3,0.936285
10952_1,0.019568678
3449_7,0.92892635
2488_1,0.38127536
8422_3,0.65665823
1541_10,0.97068775
11863_1,0.014281935
10102_2,0.15152934
3838_9,0.97821885
8538_3,0.04304285
12432_1,0.013636835
6339_10,0.98571813
1860_10,0.971779
11402_1,0.017176708
10770_2,0.026355354
8046_8,0.96691406
2748_3,0.19467384
361_9,0.9511422
8427_10,0.9832145
11792_10,0.9656413
10331_9,0.971564
3506_1,0.014281935
7374_7,0.98187524
5658_9,0.9738444
7170_2,0.10194652
6144_1,0.021615336
5035_7,0.9804314
4566_3,0.025957355
9544_1,0.01461567
1959_9,0.20339088
2390_9,0.9874721
4960_9,0.9814534
3425_2,0.012624948
4000_10,0.9829547
12418_3,0.68510735
9771_10,0.98242307
621_7,0.53206044
3510_1,0.01243165
6893_7,0.62852144
3680_9,0.9700135
3118_9,0.9606575
5433_7,0.7898827
8381_9,0.93195957
10205_10,0.9853843
1437_1,0.017176708
5675_2,0.021948254
1597_7,0.95945925
1549_1,0.019124037
11391_10,0.97344345
12101_8,0.9840936
9356_8,0.947381
10128_1,0.07263671
11249_4,0.023330767
12441_2,0.017309094
7486_2,0.02145073
4905_9,0.96458924
5441_1,0.22507578
2613_10,0.97046465
10351_3,0.02297737
10459_10,0.987375
2565_8,0.9719925
1338_1,0.019271135
823_7,0.97324073
8924_7,0.97112906
1382_10,0.26913345
4150_7,0.041462272
6004_8,0.82161736
2508_10,0.92788786
10935_8,0.97520185
692_7,0.95430803
7778_10,0.9840936
2016_10,0.9697854
1042_3,0.04885778
7823_1,0.027169231
149_1,0.039342504
5551_3,0.22405545
366_8,0.967163
3483_10,0.98625773
278_1,0.013636835
9951_4,0.093678
2731_10,0.9856076
4403_10,0.9869795
5307_1,0.074231364
8185_9,0.990732
11059_8,0.9507779
10273_10,0.9339146
5336_4,0.021125194
5147_7,0.70456684
1525_1,0.013636835
8507_7,0.979354
8501_10,0.97520185
2424_2,0.13296424
8959_9,0.98625773
11318_8,0.98187524
1270_8,0.97684664
1655_1,0.01798621
10161_1,0.013636835
8531_10,0.29431638
9144_4,0.36903077
1201_2,0.09568694
11822_10,0.9837225
11486_3,0.029535338
8038_10,0.98667485
1981_2,0.21141681
11901_10,0.9874721
5441_9,0.9764905
11709_9,0.9750122
9333_8,0.97702265
7881_3,0.20465964
2815_9,0.6374823
3251_3,0.01784874
1792_3,0.017045317
8625_2,0.019568678
4221_3,0.20465964
2742_10,0.98527133
11118_4,0.7096232
11613_3,0.02350945
6104_1,0.027376488
3046_1,0.01461567
8729_4,0.025371313
1827_10,0.9686196
762_7,0.79182106
8855_2,0.013222822
7573_3,0.023870835
8616_4,0.20024472
4830_7,0.9433476
6646_1,0.81815636
8746_4,0.24256429
1875_7,0.8568123
1221_10,0.98646784
11842_2,0.013428254
3002_1,0.2247353
5776_1,0.052618954
5479_10,0.9686196
6034_4,0.014728613
10984_1,0.67779404
12043_2,0.0140636265
4961_8,0.9838472
9601_10,0.18565173
2216_4,0.030214587
1189_10,0.9826909
8461_4,0.058776557
2575_10,0.983597
3782_1,0.015906392
8927_8,0.9566342
7006_4,0.01566365
6103_7,0.6400736
3218_10,0.9859364
797_10,0.94699025
76_4,0.20866227
9497_7,0.69657785
9637_1,0.045692034
1070_10,0.97887486
9732_10,0.02145073
8144_3,0.028220987
6247_10,0.13028543
10230_7,0.983343
10731_3,0.019719128
740_8,0.6872103
2145_8,0.97520185
834_8,0.93220687
6621_10,0.9802808
1749_4,0.027376488
5730_10,0.97068775
11167_4,0.19223589
1106_9,0.93439513
8152_10,0.9623913
11968_8,0.45616752
7728_9,0.96765566
237_1,0.013222822
10754_1,0.015784562
1055_10,0.9888419
65_7,0.94458723
4092_3,0.019870715
3337_7,0.9750122
3163_8,0.054600604
7645_1,0.012624948
10883_1,0.014281935
4597_7,0.85729086
11850_1,0.018546565
1025_10,0.98187524
11908_2,0.013742321
7838_4,0.91730267
7725_7,0.97090924
8146_9,0.98469365
3741_8,0.98840266
323_2,0.018404892
8244_3,0.032589745
4593_1,0.015906392
6902_1,0.019568678
1791_1,0.03904829
11490_10,0.7424217
4200_1,0.029090757
1611_2,0.024423089
3215_10,0.9879462
5864_10,0.02211659
3776_1,0.23899394
6356_9,0.9814534
9139_10,0.8568123
5115_10,0.9785493
3064_10,0.9845754
149_9,0.97134733
2873_3,0.016403032
3790_1,0.08269735
3136_9,0.9511422
1696_3,0.88602656
4961_2,0.79565805
11918_10,0.9884919
3663_10,0.98707944
8115_3,0.8267118
3690_8,0.46514454
11431_1,0.01461567
3830_10,0.81640637
11896_10,0.97903574
8753_10,0.96405166
10121_1,0.7229184
1142_7,0.98102194
7188_7,0.947381
7044_1,0.017045317
11750_4,0.013428254
7688_10,0.98159516
12292_10,0.9851576
5533_1,0.5051268
4147_4,0.020023443
8515_2,0.02178117
10756_3,0.08756384
11899_10,0.979354
11867_2,0.027795624
7814_8,0.9801293
1855_10,0.9890976
10357_2,0.016914913
5218_1,0.057918087
6641_9,0.88602656
5777_10,0.60428214
11982_1,0.016403032
10980_10,0.9825575
8585_8,0.8864204
941_2,0.01507263
1697_7,0.91550726
9872_8,0.9849274
2377_4,0.122103855
2033_8,0.937669
5864_1,0.016657041
4295_7,0.9832145
2610_1,0.012821214
1730_10,0.72056496
11095_8,0.9722044
1699_8,0.8449215
344_9,0.9813107
7136_3,0.016914913
2402_10,0.92683524
472_10,0.8958876
170_7,0.91367656
7019_1,0.18742996
11798_10,0.9859364
7549_2,0.014392335
8414_10,0.9069832
573_3,0.57033134
6678_1,0.9049869
10002_3,0.4707366
3905_3,0.68215036
1849_4,0.04401865
7959_2,0.22575782
597_4,0.105948284
2719_8,0.9309621
10519_1,0.013020489
6112_1,0.016152835
1322_9,0.9766692
12415_8,0.98421544
6727_1,0.031618766
12393_1,0.016657041
8545_9,0.9860443
528_7,0.95791227
12267_8,0.98173577
5842_10,0.88563144
8471_2,0.4344613
3912_9,0.22270015
4831_8,0.9837225
5767_3,0.016914913
10631_9,0.9780517
8069_8,0.9764905
190_9,0.9875683
12343_7,0.67319167
645_1,0.012821214
10326_1,0.014842417
11271_9,0.70578504
11808_8,0.9830851
3200_2,0.02145073
4518_2,0.01566365
8307_2,0.025957355
2057_10,0.96641046
3705_1,0.019419348
11581_7,0.9666631
11777_9,0.7745834
1367_3,0.31341976
12248_9,0.9830851
2994_8,0.9511422
5170_1,0.020645931
8781_7,0.95150405
9137_1,0.015784562
9970_4,0.66061044
3412_7,0.8524448
9399_1,0.013020489
7917_8,0.8037906
1157_1,0.34367207
12489_10,0.96909106
5365_8,0.96485513
9295_10,0.9056566
11505_1,0.016403032
8647_4,0.020804489
6609_2,0.10631887
6859_1,0.47804147
2436_10,0.9260366
4255_4,0.18126322
12347_1,0.18010665
4237_4,0.016657041
11687_10,0.97702265
2964_7,0.8679338
2836_4,0.016152835
1944_4,0.92892635
3218_1,0.02096424
2752_10,0.98951083
9994_3,0.029090757
11566_8,0.9845754
5741_10,0.9832145
7127_10,0.91274774
11864_2,0.01798621
5159_9,0.97887486
658_3,0.1576549
10177_3,0.7025301
4843_1,0.014281935
1441_1,0.7921428
2741_2,0.027795624
6045_3,0.017309094
7020_8,0.98228765
2120_1,0.01798621
2336_1,0.014392335
10167_9,0.8656789
10251_3,0.03963884
9335_4,0.06325053
6670_3,0.0570714
9937_7,0.033336822
3258_7,0.9549844
3234_7,0.96432143
3601_1,0.018546565
5635_9,0.8872046
11427_7,0.9763105
3349_4,0.016403032
1334_10,0.94165415
10474_10,0.9860443
2361_10,0.98625773
1471_2,0.021615336
10705_10,0.9559813
10559_7,0.7512834
3070_10,0.98527133
10087_1,0.02017732
1952_7,0.82782817
682_9,0.7295198
6576_10,0.98707944
956_3,0.01883313
3960_1,0.1289633
62_2,0.018404892
3200_8,0.9863631
2127_1,0.01566365
6878_9,0.98469365
1600_10,0.971564
11995_7,0.3237007
5239_2,0.08329193
6018_7,0.9837225
9185_1,0.24023946
4707_7,0.64556694
12407_10,0.9811669
5831_10,0.9859364
2264_7,0.91117966
7226_8,0.9213576
6337_7,0.9046505
5047_3,0.8221891
228_10,0.98187524
4230_1,0.030214587
4058_8,0.98242307
5634_4,0.012241275
11680_1,0.019124037
1320_9,0.98228765
12461_8,0.9804314
10076_10,0.96641046
9170_8,0.9666631
4519_10,0.9750122
5906_2,0.06903793
2065_8,0.91789335
8453_10,0.9814534
262_1,0.021287354
454_10,0.98421544
11532_8,0.9826909
8169_2,0.9407897
6873_8,0.9161096
10061_4,0.036220055
11565_4,0.05834584
258_1,0.19163005
5896_1,0.01798621
4395_1,0.013020489
3774_1,0.058776557
12340_8,0.027795624
7497_8,0.98159516
4321_2,0.82104415
6258_2,0.013020489
3950_1,0.013636835
9998_8,0.9882222
3524_8,0.9766692
2003_10,0.96405166
10366_3,0.3328523
2602_10,0.9856076
8684_8,0.9738444
12268_9,0.97966766
4846_8,0.8080672
5969_1,0.02865267
173_4,0.014957086
2790_10,0.9859364
2637_1,0.015784562
10239_1,0.015189049
5120_9,0.9849274
3802_10,0.95791227
6897_7,0.6502452
8478_9,0.9390248
2441_4,0.06052939
4827_1,0.13432105
4326_1,0.021948254
252_3,0.01757688
7201_8,0.25701842
801_2,0.8504686
10008_4,0.04885778
6740_10,0.9849274
674_3,0.29808253
6341_9,0.98173577
1882_7,0.882022
10843_10,0.98201376
1593_4,0.064653486
3592_1,0.59596294
4658_4,0.8705973
2564_2,0.015906392
7229_9,0.94208187
4186_1,0.02178117
10227_3,0.049958523
4580_3,0.0460339
10367_3,0.13614832
10034_9,0.91730267
6834_10,0.9890131
11326_9,0.971779
4683_1,0.044680875
5596_1,0.015784562
4238_3,0.015784562
11881_10,0.9433476
11910_2,0.074231364
934_1,0.017712297
3660_8,0.987375
365_1,0.01507263
3677_9,0.97821885
6522_10,0.55290186
3167_10,0.92944044
6104_10,0.9263037
2584_2,0.34037557
4264_8,0.96267307
5648_9,0.97090924
1863_9,0.96267307
7464_10,0.9825575
7643_8,0.9324533
7030_10,0.987375
2768_2,0.014957086
3845_1,0.01566365
11590_10,0.96210754
8578_3,0.2230384
8733_9,0.8454327
4099_1,0.016029146
5810_1,0.020023443
442_3,0.09334688
1374_9,0.9394706
7704_10,0.027376488
4526_1,0.012624948
2978_8,0.9853843
3096_1,0.015424551
1589_9,0.98087597
11197_7,0.97821885
6751_8,0.9777139
10043_10,0.9757624
4045_2,0.01243165
7706_8,0.85195273
1876_10,0.9688562
4224_9,0.97737074
10833_1,0.08632348
11549_10,0.8524448
7081_8,0.9839708
6410_8,0.9600627
10609_9,0.9759464
9910_1,0.0140636265
4474_7,0.87705624
9775_9,0.97966766
9245_10,0.9853843
11514_8,0.9851576
3182_4,0.7588682
3127_3,0.06418265
7311_1,0.01678549
4266_10,0.97887486
12410_10,0.9744348
7548_1,0.20087102
10446_2,0.26511872
4854_2,0.12678517
1152_8,0.9861514
11660_4,0.42488918
3452_2,0.017045317
2401_7,0.85536855
11703_7,0.9142907
4053_2,0.015189049
4882_9,0.98159516
8050_7,0.9462003
9053_4,0.099120855
12313_10,0.9896718
12085_1,0.017309094
2130_2,0.013428254
8499_10,0.9056566
9230_3,0.059646945
2697_10,0.9872773
7682_3,0.11279541
1473_7,0.2859698
3124_4,0.013020489
10694_10,0.97737074
11541_9,0.88523525
7033_10,0.97090924
305_10,0.91181
12164_8,0.91398406
7594_2,0.258326
2101_3,0.03541073
9579_2,0.051082738
1482_4,0.45737904
4362_1,0.014281935
1263_9,0.98625773
2543_9,0.9802808
8642_1,0.01678549
229_1,0.020645931
12045_10,0.9666631
810_9,0.9839708
5188_7,0.9348725
2690_1,0.026155619
922_3,0.019719128
10957_10,0.98549646
9275_3,0.013636835
7289_10,0.98527133
1809_2,0.018978037
11846_1,0.93721074
5888_10,0.9881309
1506_7,0.77321637
6255_1,0.012624948
4995_7,0.913368
2423_1,0.014281935
4030_8,0.8267118
4839_7,0.97423947
364_1,0.21900325
3510_9,0.98215127
2092_10,0.9829547
600_1,0.018546565
5490_9,0.9845754
9442_8,0.13799646
5330_8,0.728362
10858_10,0.9615338
2746_8,0.95257413
848_9,0.95531917
6713_1,0.95945925
8274_10,0.98549646
2507_1,0.018978037
4558_1,0.0153063545
957_2,0.019271135
11667_8,0.891055
2374_2,0.014392335
8156_1,0.076407686
1080_8,0.93439513
11274_8,0.87663436
12467_10,0.9868787
5941_1,0.913368
6205_1,0.02017732
4517_9,0.96124375
102_4,0.30528295
6022_8,0.97023994
10054_3,0.018978037
3907_3,0.015189049
5232_8,0.24762337
10064_2,0.93195957
6529_1,0.03846619
11003_1,0.012821214
9151_7,0.97344345
6612_8,0.9092645
12189_10,0.938124
6510_2,0.045352582
3129_7,0.6940954
7864_2,0.016403032
11603_3,0.7523766
10741_9,0.9843364
2235_7,0.8774768
2125_2,0.05834584
2050_10,0.9763105
8397_1,0.020332353
5275_1,0.7136312
7755_10,0.9856076
12065_4,0.83815056
269_8,0.9566342
1933_2,0.5117166
9182_3,0.0894546
3153_10,0.89947516
3922_7,0.9738444
2674_3,0.0140636265
7407_4,0.025957355
737_7,0.17050801
5223_1,0.20055768
10937_1,0.06512755
9026_4,0.054600604
1564_8,0.98527133
1724_10,0.9757624
1224_3,0.52000886
8536_4,0.01461567
11215_8,0.270095
3063_10,0.9874721
9559_9,0.27532452
5165_2,0.028870907
9396_1,0.244363
6404_1,0.01566365
6019_1,0.87321484
7249_8,0.65599746
1765_1,0.016914913
7685_4,0.6888872
8196_10,0.9875683
11749_1,0.04054074
1257_10,0.8710367
3488_8,0.95695716
8605_8,0.9791955
6697_4,0.21403357
11540_1,0.016152835
6262_4,0.10052487
1998_8,0.9329437
3019_1,0.01243165
1087_2,0.02017732
8356_8,0.858244
10036_10,0.9801293
10547_10,0.9500415
2562_1,0.019419348
5096_3,0.03704717
12128_1,0.017045317
2574_10,0.97539
10144_8,0.97754294
3678_1,0.017176708
2579_2,0.16264586
6695_7,0.18892181
1465_7,0.97788346
11846_9,0.9606575
1219_9,0.9850429
4936_9,0.987375
12382_4,0.23440664
8807_1,0.023870835
7700_1,0.078642376
4209_8,0.9840936
10178_10,0.96323055
9835_8,0.8344069
161_3,0.016152835
670_3,0.3522018
7158_10,0.9666631
9502_4,0.022286188
9880_1,0.029760094
39_3,0.43398148
11161_9,0.5922834
12026_9,0.9826909
4439_3,0.016914913
8303_10,0.9437636
408_7,0.8868131
1065_9,0.6298884
5188_2,0.013222822
929_10,0.97737074
4765_7,0.97684664
2117_4,0.027169231
6653_4,0.02211659
2342_1,0.01798621
8445_1,0.015543648
1708_1,0.03308598
7995_10,0.8479678
1104_4,0.14223188
3847_1,0.024609927
7276_10,0.9814534
11269_7,0.3565587
3158_1,0.27221802
11061_1,0.01784874
851_7,0.92468774
8214_2,0.017442483
9174_1,0.024423089
7040_3,0.33622208
4082_4,0.29299974
3553_8,0.947381
6733_10,0.9566342
4910_3,0.89368117
10149_1,0.013636835
5609_4,0.047074176
4174_3,0.033336822
9213_1,0.024237636
2881_9,0.9686196
1408_3,0.2877678
10832_1,0.6074594
7216_3,0.42321962
9905_10,0.98892784
9050_3,0.026759284
3789_4,0.02479816
6490_8,0.8092759
7649_7,0.9458012
6901_8,0.9167081
11597_9,0.9688562
3259_1,0.015189049
5936_3,0.18126322
1214_2,0.122103855
2840_1,0.020645931
1956_10,0.98228765
2392_2,0.015424551
239_9,0.9839708
6860_8,0.24238491
1716_9,0.97966766
9595_10,0.34045777
1630_1,0.02211659
11293_3,0.047780063
8288_10,0.9759464
6618_7,0.96182173
12378_1,0.019124037
11560_1,0.0145035805
12124_8,0.9539661
486_10,0.23970512
6654_3,0.037608635
6915_10,0.25645936
8773_1,0.8812066
10211_4,0.91117966
5769_9,0.95292586
10038_4,0.01812472
3737_9,0.98481095
11512_1,0.045692034
8025_7,0.9755769
397_7,0.94165415
10670_9,0.9403531
11648_4,0.0269635
10361_1,0.014728613
12439_8,0.98549646
9958_8,0.5659736
8659_1,0.02211659
12400_1,0.02178117
10680_7,0.6042238
2435_10,0.9124362
5506_4,0.014728613
9025_3,0.25164768
5749_4,0.0153063545
5090_1,0.01757688
2688_9,0.9394706
8397_10,0.9693242
8610_8,0.9190633
9398_10,0.979354
5144_10,0.9764905
10797_10,0.95759624
9623_2,0.58121395
3269_8,0.9449947
5480_7,0.88875884
43_1,0.018689308
4156_1,0.07263671
1629_1,0.07978202
6536_10,0.9795114
8384_1,0.016152835
2820_10,0.9839708
7976_3,0.0140636265
3745_10,0.88759494
11258_8,0.844409
7908_7,0.858244
9166_7,0.7181993
8976_8,0.95150405
3692_1,0.014957086
4937_4,0.04054074
11935_9,0.96641046
7722_7,0.94122344
8757_4,0.019124037
1218_10,0.9728308
3620_8,0.021948254
9017_4,0.0145035805
8300_3,0.018978037
11325_4,0.055412795
1093_8,0.98657167
166_4,0.10230471
6088_10,0.98625773
2149_10,0.98892784
4884_9,0.9124362
9786_1,0.02479816
4258_3,0.16291203
9890_1,0.016029146
8911_1,0.20497774
11618_3,0.024609927
4510_1,0.0140636265
3173_4,0.1066906
10418_1,0.050705362
8954_1,0.017309094
723_2,0.025957355
1164_1,0.016029146
11404_4,0.0269635
5737_3,0.07316472
10073_3,0.015189049
1900_8,0.031858858
9532_10,0.9606575
839_4,0.5503657
4562_1,0.20307463
3963_3,0.05033063
5220_10,0.18242551
663_9,0.9658996
10156_8,0.97423947
3759_7,0.030908957
5153_4,0.47317037
7580_3,0.019419348
12403_10,0.91367656
4893_8,0.96210754
892_8,0.9324533
79_2,0.01384861
10716_8,0.98481095
11452_7,0.6215409
1214_7,0.08756384
8901_10,0.9114953
12221_10,0.98173577
2055_9,0.24617073
5911_3,0.01678549
10866_3,0.016914913
10063_1,0.013222822
10563_9,0.8824279
11931_8,0.22101426
1180_1,0.012241275
8194_1,0.019124037
7837_4,0.97684664
1876_1,0.0226292
9203_1,0.020332353
10091_1,0.01566365
2434_9,0.94458723
7908_1,0.07921033
8591_4,0.8864204
4222_7,0.858244
11430_4,0.94699025
757_1,0.020332353
6442_8,0.0987726
10056_8,0.87191176
3179_2,0.026355354
3130_3,0.38177404
11921_7,0.9843364
4139_9,0.98677725
195_10,0.938576
6286_1,0.025371313
5701_2,0.030214587
7470_8,0.9801293
9205_9,0.86522406
10683_8,0.4773105
672_4,0.9241418
604_10,0.9877587
7757_10,0.98582757
5228_4,0.883236
3998_10,0.9273633
7444_4,0.883236
9684_10,0.95976204
8455_7,0.9588471
3989_8,0.97520185
1115_3,0.06512755
6469_4,0.026759284
4524_8,0.8587186
3103_7,0.3713076
3108_8,0.9572778
2219_10,0.98242307
10269_8,0.71183175
838_4,0.73866904
5367_1,0.022802636
9110_10,0.9606575
5736_1,0.01461567
5100_4,0.20434189
3399_4,0.0627892
7575_9,0.96323055
7954_9,0.987375
870_7,0.9780517
3811_9,0.2594502
8011_9,0.9492946
8172_10,0.9879462
3209_4,0.014728613
7380_10,0.742048
10210_3,0.02576056
8162_9,0.96909106
10784_9,0.9700135
482_1,0.020488555
1452_9,0.93045825
2686_4,0.04369106
543_8,0.96378
495_2,0.014172365
2887_9,0.9635062
11780_1,0.08329193
9742_2,0.028220987
1762_1,0.014728613
5264_9,0.97754294
7958_4,0.8152325
6010_10,0.9882222
1284_9,0.9429286
10420_3,0.019124037
7736_7,0.91086304
1178_10,0.9860443
529_10,0.9872773
4063_4,0.055412795
10480_8,0.9757624
2412_2,0.02517884
5206_3,0.030214587
11963_9,0.23970512
663_1,0.018689308
352_4,0.044348583
7504_3,0.8872046
8678_1,0.033336822
2330_2,0.9688562
12282_1,0.019719128
6485_10,0.06325053
9306_1,0.0140636265
7468_4,0.023330767
12207_1,0.01798621
6701_7,0.074231364
9861_7,0.47049332
6318_7,0.8539127
11612_1,0.016657041
4800_10,0.07316472
5360_3,0.025371313
4977_4,0.102664
1678_9,0.88759494
5017_8,0.7126323
3087_9,0.9145963
1915_8,0.18862271
574_10,0.979354
6062_8,0.98677725
2860_4,0.79597545
1800_4,0.016529558
1928_9,0.97046465
9890_10,0.98646784
12159_8,0.8283842
649_7,0.8701566
8708_1,0.036220055
8181_10,0.98159516
3495_1,0.02211659
11612_10,0.9130583
6919_10,0.9722044
12217_9,0.93439513
9276_4,0.08756384
3520_9,0.97023994
6492_4,0.62165576
3900_2,0.3340461
12298_9,0.85145944
12394_1,0.026759284
4873_8,0.19837458
4797_1,0.6563279
3197_9,0.97423947
2474_10,0.94891727
4042_10,0.9843364
10641_1,0.018689308
10882_2,0.024237636
4803_4,0.07531231
7459_10,0.9184803
1828_1,0.01384861
1718_10,0.983343
9603_1,0.02479816
940_7,0.70028025
3074_4,0.27845296
8802_10,0.9882222
7180_4,0.027795624
5250_1,0.025371313
2734_7,0.97324073
2354_8,0.96909106
6805_1,0.20275871
11156_4,0.013636835
2734_3,0.8098782
12216_1,0.01566365
660_8,0.9695556
8978_10,0.9688562
6272_1,0.018546565
8294_4,0.0145035805
11956_8,0.93045825
3265_1,0.01566365
705_2,0.6641048
9058_9,0.9785493
3582_3,0.15456735
6985_1,0.01384861
5611_9,0.9049869
9491_3,0.9324533
9945_3,0.013636835
1840_10,0.98646784
12280_3,0.020023443
1932_10,0.9860443
8682_10,0.983597
5418_9,0.91550726
3354_9,0.86838096
8078_3,0.13660839
7747_1,0.02865267
2669_7,0.9348725
9180_7,0.9015746
1320_1,0.01627746
7742_8,0.97821885
6232_9,0.66104823
3459_9,0.98625773
1008_2,0.074231364
7987_8,0.9032942
5078_7,0.8951567
10660_10,0.95257413
10325_2,0.019124037
4951_3,0.0433658
10502_7,0.610047
7548_9,0.30975404
2870_10,0.6348829
8136_4,0.9224824
9870_8,0.032836955
7588_4,0.030675802
7845_2,0.013636835
10334_7,0.938576
4860_1,0.021287354
4855_9,0.9036349
1337_10,0.9539661
6403_3,0.8092759
9447_10,0.98582757
4724_3,0.276886
10895_10,0.9861514
2171_4,0.06418265
5361_9,0.96538115
11056_2,0.031858858
9772_10,0.983343
5719_8,0.9804314
3050_7,0.5525699
4406_1,0.25757825
9833_4,0.38893712
1217_2,0.16505408
2632_1,0.013020489
3250_1,0.82949203
5130_9,0.9339146
3526_7,0.7501869
2793_3,0.01784874
10708_3,0.0269635
6415_8,0.9582261
11258_2,0.04208773
11451_1,0.12085323
7724_2,0.03846619
4276_4,0.012624948
6058_1,0.016403032
4086_1,0.3161581
3670_8,0.82893884
7125_8,0.97684664
9377_8,0.9059898
763_2,0.030675802
7882_8,0.90295243
757_9,0.9012275
389_1,0.28180075
9102_10,0.9856076
9384_7,0.023330767
5684_8,0.9511422
12090_4,0.09203287
12002_4,0.018404892
5443_7,0.97262347
8782_9,0.56241685
9878_9,0.9869795
9640_1,0.1066906
999_3,0.048496004
6249_3,0.9257686
1656_7,0.947381
6649_10,0.93721074
4630_1,0.3806438
11300_8,0.5968628
5894_10,0.39181313
3198_1,0.017176708
7924_2,0.27845296
6318_1,0.11436852
8075_2,0.4183404
10005_2,0.6110629
6431_8,0.9840936
635_2,0.76977324
1803_3,0.017309094
5721_4,0.015784562
1116_7,0.9878528
1456_4,0.23405632
51_10,0.9877587
7155_9,0.96182173
929_2,0.016657041
12269_1,0.01883313
10597_1,0.020332353
9005_7,0.2622746
10467_9,0.98282325
2251_9,0.95257413
1977_9,0.9843364
8539_8,0.02350945
2416_1,0.027585285
8508_9,0.46198756
10401_1,0.026556572
12217_2,0.07211221
5484_1,0.022286188
3833_10,0.97023994
465_4,0.06418265
7591_7,0.8504686
11485_9,0.9738444
3728_1,0.013222822
5538_8,0.94853723
10751_4,0.027585285
8883_8,0.97423947
6581_1,0.068537496
5476_1,0.01461567
4338_9,0.9826909
10343_1,0.045352582
2914_10,0.9856076
6103_1,0.8697146
7691_1,0.01627746
3444_3,0.020332353
2397_8,0.9869795
8255_8,0.9719925
1660_1,0.088820286
10154_2,0.9811669
2138_3,0.018546565
9614_3,0.018546565
2682_10,0.9697854
1813_3,0.01812472
10581_3,0.0269635
3733_4,0.01798621
5210_4,0.01627746
11961_8,0.98215127
7928_4,0.014957086
12156_4,0.27884555
11025_4,0.21141681
11233_10,0.9877587
473_1,0.05223086
6648_2,0.022286188
2451_1,0.015189049
7679_2,0.01507263
2954_9,0.9853843
9652_10,0.9777139
724_3,0.6897238
7592_4,0.0140636265
7669_9,0.98657167
3816_1,0.012624948
1401_4,0.53254664
8551_2,0.3710227
7901_8,0.9801293
10552_4,0.015784562
330_10,0.9832145
232_4,0.016029146
12351_8,0.983597
12451_10,0.9875683
5884_9,0.96432143
603_4,0.0145035805
3415_7,0.5061032
8727_1,0.020488555
10099_4,0.7574357
7989_10,0.97754294
2329_2,0.045692034
5774_1,0.018546565
8201_3,0.8969756
3491_1,0.018264279
12210_10,0.34925526
7604_8,0.63238925
1676_10,0.9811669
6477_9,0.9802808
2521_10,0.9834705
9140_2,0.10302443
2463_4,0.049958523
587_8,0.9539661
7120_10,0.38237208
7734_10,0.97462875
7322_10,0.73335636
3803_2,0.012624948
2417_4,0.045015533
7757_4,0.017045317
478_9,0.9207897
12269_9,0.97966766
10472_3,0.032100707
2858_9,0.9764905
414_9,0.10087862
2552_4,0.016529558
11615_8,0.9700135
201_2,0.014281935
5624_3,0.07978202
5080_8,0.8568123
4507_10,0.3193336
1527_3,0.7156228
6282_1,0.10158945
3911_1,0.0145035805
4616_9,0.97838473
9562_4,0.9566342
9975_8,0.97068775
7584_10,0.9785493
1121_1,0.019419348
382_10,0.9001793
11309_1,0.047425874
5424_10,0.9837225
8697_8,0.90665317
12420_2,0.02297737
5052_10,0.98667485
1037_1,0.027795624
346_7,0.019124037
2285_8,0.96741027
10867_1,0.014728613
4335_9,0.93674946
9088_7,0.73829186
11037_8,0.39420095
1993_4,0.023689471
11469_3,0.026155619
1834_2,0.013636835
10723_4,0.029090757
5377_3,0.30466193
1812_1,0.021125194
2760_8,0.98549646
12062_10,0.08035747
1847_1,0.012241275
1280_3,0.9284088
2106_8,0.9546474
5414_1,0.10302443
4930_10,0.98527133
5024_9,0.9750122
5295_9,0.9805807
5427_10,0.94891727
10526_2,0.015906392
5517_2,0.8365546
3971_8,0.45277792
12260_7,0.46635947
3676_10,0.9845754
4132_7,0.98625773
6721_8,0.9036349
2381_7,0.92468774
818_1,0.022802636
6503_7,0.86476797
12068_7,0.8872046
8847_1,0.01243165
10698_8,0.9658996
2347_3,0.015906392
9337_10,0.888372
9070_4,0.8601343
7962_10,0.9860443
12183_4,0.24617073
12410_3,0.8844391
7988_9,0.2104416
8980_8,0.86153823
8568_4,0.24364243
8374_7,0.9666631
3561_4,0.8092759
692_4,0.86703575
4259_1,0.11008788
1627_1,0.026556572
7064_9,0.97903574
5410_7,0.95150405
10003_3,0.61520344
12068_3,0.015784562
8048_7,0.81047887
2590_1,0.02576056
3464_2,0.9851576
8423_10,0.282691
5036_4,0.2952299
10030_3,0.48657548
5500_9,0.9845754
10129_10,0.9390248
1549_10,0.482673
6463_10,0.9875683
1026_2,0.6992544
6681_10,0.7221353
11004_1,0.013222822
6191_10,0.97997653
9253_4,0.9728308
3193_10,0.9832145
7563_1,0.014728613
3104_7,0.9069832
6369_9,0.9334308
606_1,0.02145073
6069_10,0.9750122
6966_7,0.87621135
8945_4,0.03567855
4920_1,0.019419348
7358_10,0.97423947
9665_10,0.98866826
5005_1,0.054600604
12324_2,0.014957086
1878_1,0.026759284
5917_2,0.11279541
11912_7,0.9666631
11692_1,0.05582314
11505_10,0.98892784
5416_8,0.97324073
12072_1,0.025371313
4436_10,0.9458012
11762_1,0.01507263
5805_10,0.98625773
9464_1,0.016529558
9412_2,0.02017732
11262_4,0.938576
853_7,0.9686196
7087_4,0.19314738
1896_10,0.93439513
9749_4,0.7291342
7431_2,0.49047962
10253_3,0.018404892
10675_4,0.9563089
4275_4,0.5615154
5399_8,0.9744348
9388_10,0.59427166
7019_10,0.98087597
10223_2,0.018978037
10216_1,0.032589745
2097_3,0.030444348
4243_3,0.083890386
8672_1,0.03138043
1260_3,0.013636835
1734_10,0.89478946
2955_9,0.98892784
12033_1,0.013428254
8243_3,0.05184547
8741_2,0.8601343
6481_7,0.9666631
7053_1,0.02865267
1624_8,0.9761292
2900_1,0.015906392
4328_1,0.018689308
11732_7,0.97112906
746_1,0.031143833
6004_3,0.015906392
6162_2,0.18653922
9375_4,0.13117322
10924_4,0.6157235
6304_4,0.022802636
10035_10,0.9761292
8867_2,0.015784562
9781_10,0.971564
8902_8,0.87914675
1006_8,0.019271135
7230_1,0.028220987
8788_9,0.9591543
2079_10,0.9860443
11987_3,0.01384861
2724_7,0.7394224
8534_2,0.014728613
7052_1,0.02350945
4390_8,0.8840393
520_10,0.9219218
3936_3,0.6804541
5160_3,0.07531231
10519_8,0.85536855
8906_1,0.016152835
8750_4,0.8322367
8606_3,0.9539661
12038_2,0.7180016
2939_8,0.97788346
5721_10,0.9588471
6798_8,0.97134733
11820_10,0.9805807
6435_10,0.015189049
404_8,0.96323055
6066_9,0.9353465
7921_3,0.0153063545
5468_3,0.78133065
7034_10,0.98625773
4309_3,0.45907614
8201_7,0.9738444
3656_10,0.98421544
8786_4,0.6500231
10564_3,0.025565214
7401_4,0.019419348
1163_1,0.83601975
9915_10,0.98571813
11080_10,0.63883525
4710_10,0.98803884
131_1,0.2295352
6387_3,0.11201596
3906_1,0.01627746
2075_1,0.025371313
11663_10,0.9856076
6149_3,0.01883313
6703_8,0.98840266
2440_8,0.98481095
10500_7,0.5823277
7349_1,0.34367207
10695_1,0.0894546
6905_1,0.017442483
4902_4,0.6152829
5298_9,0.9683812
6701_4,0.10123348
1344_10,0.96432143
284_10,0.68846846
9114_10,0.98582757
12102_10,0.97324073
11448_2,0.018546565
1053_10,0.9787127
8341_10,0.89552265
433_1,0.018689308
9534_4,0.021125194
6471_2,0.054600604
8971_10,0.9888419
433_8,0.96182173
298_10,0.89805347
5965_1,0.015189049
10408_10,0.94122344
9112_3,0.01757688
6726_9,0.98549646
1048_8,0.92788786
11046_9,0.26265267
4808_7,0.96323055
7027_9,0.97966766
12435_8,0.9843364
5480_1,0.04885778
8823_8,0.9757624
554_9,0.98571813
7167_2,0.012624948
10762_3,0.03410043
9036_8,0.90295243
12185_4,0.8895288
7763_10,0.9869795
10271_8,0.92944044
1159_8,0.98173577
11063_1,0.019271135
12479_4,0.015189049
11179_4,0.25963786
1736_1,0.013636835
4840_7,0.9462003
8233_2,0.7631309
1082_9,0.91730267
8378_7,0.8895288
7777_9,0.98102194
1883_9,0.9309621
7350_10,0.9766692
704_8,0.8250265
6554_8,0.9207897
1750_10,0.9329437
4969_2,0.01566365
10339_8,0.8474635
1902_4,0.425844
5578_1,0.01507263
5502_1,0.01243165
7250_2,0.014957086
8856_4,0.020023443
10840_9,0.979354
9730_10,0.9175984
11146_2,0.01627746
5988_3,0.014392335
9734_8,0.98087597
12338_8,0.51854616
9813_1,0.023153413
8928_2,0.8086723
5431_2,0.016152835
9467_9,0.9764905
4933_4,0.028870907
11280_10,0.20307463
10279_9,0.7937462
7024_1,0.014728613
9115_3,0.07263671
5701_10,0.9883128
9539_1,0.02211659
7655_7,0.9845754
4518_10,0.9683812
3039_4,0.7442848
8654_3,0.040237945
8893_4,0.83815056
3598_9,0.9651191
6443_1,0.026759284
3843_1,0.15152934
3848_9,0.98087597
3149_1,0.019568678
2152_1,0.018264279
11564_1,0.013428254
4391_8,0.9433476
950_10,0.96458924
10531_10,0.9804314
904_3,0.01678549
5293_9,0.9868787
2173_1,0.023330767
5992_2,0.012624948
782_3,0.123365626
1295_8,0.9757624
9659_1,0.012241275
2214_3,0.02576056
10772_3,0.1522842
7515_9,0.2613309
7294_2,0.02297737
7761_1,0.08064662
9027_9,0.9026096
6595_1,0.01461567
11003_8,0.8610715
601_10,0.9755769
2991_8,0.77081
10937_8,0.8086723
7545_1,0.01784874
9747_1,0.025371313
7653_7,0.9591543
6886_1,0.03704717
8054_8,0.8524448
7299_9,0.97966766
2289_3,0.95257413
6569_1,0.01243165
10909_2,0.07696084
4022_7,0.8895288
5407_1,0.013428254
10211_8,0.42656046
9194_1,0.3649473
8113_8,0.43974736
12010_1,0.014957086
7373_7,0.909907
3535_10,0.9755769
5265_10,0.9724148
7032_1,0.02576056
3391_10,0.9875683
969_9,0.9678993
450_2,0.84695786
12296_3,0.4462534
10855_10,0.9549844
2741_10,0.97754294
12403_1,0.031858858
6118_4,0.028007522
9001_1,0.039937317
172_4,0.031143833
4405_7,0.39396778
8923_8,0.9811669
5396_10,0.96909106
7183_1,0.021615336
3261_7,0.97737074
7445_10,0.98469365
11412_2,0.019568678
4765_3,0.39207494
5248_9,0.9348725
3172_2,0.08151975
10813_4,0.3193336
8054_1,0.02350945
5535_1,0.01566365
1306_8,0.9740426
135_3,0.52098376
10646_10,0.91117966
9906_1,0.057918087
8156_10,0.983343
2806_1,0.023870835
9501_4,0.013020489
1882_3,0.069541745
11895_4,0.014281935
5420_10,0.96432143
11791_10,0.9840936
3798_2,0.012821214
3282_8,0.9407897
1278_1,0.022802636
1011_4,0.16559312
5263_9,0.9273633
11301_1,0.05033063
1946_7,0.9802808
3246_10,0.94699025
4130_8,0.95257413
4172_10,0.7718435
2619_2,0.013020489
5197_4,0.23686911
6060_9,0.9804314
7430_1,0.014728613
3511_10,0.9532751
6970_1,0.037326884
931_4,0.40130645
12374_10,0.9813107
10217_7,0.6810908
964_7,0.9500415
4859_1,0.016657041
5525_1,0.13892843
11471_1,0.09534946
5030_4,0.057918087
12177_2,0.018689308
8892_2,0.021287354
1073_4,0.16079244
7406_1,0.019719128
6345_9,0.97090924
7395_7,0.05223086
9952_7,0.95430803
5851_4,0.028436033
6880_7,0.7898827
642_9,0.9837225
6271_9,0.9394706
10983_1,0.024053553
5602_1,0.0145035805
3834_1,0.014957086
6961_3,0.947381
10102_8,0.95976204
6988_1,0.01566365
5803_9,0.94417685
6009_1,0.01384861
10294_2,0.016529558
9811_10,0.18862271
11298_8,0.23651622
4625_10,0.9882222
11263_3,0.013222822
11502_3,0.06418265
9690_10,0.6819386
4453_10,0.9830851
9741_10,0.950411
12191_9,0.44143224
8019_8,0.9805807
2298_4,0.019419348
1489_4,0.16586316
4228_7,0.95565146
10905_1,0.020645931
5103_10,0.98667485
5641_1,0.01812472
11567_1,0.015543648
4040_10,0.9807288
4777_10,0.9868787
9612_10,0.98803884
3830_1,0.02479816
8781_2,0.014957086
9415_3,0.98421544
9171_3,0.012624948
478_3,0.037892424
10979_8,0.9763105
7073_4,0.058776557
5419_10,0.880797
8505_3,0.024987794
7559_1,0.71243227
3827_9,0.07751766
9242_1,0.27590945
3133_10,0.96765566
9051_4,0.86431044
8604_10,0.9840936
4811_8,0.97462875
10697_10,0.9730365
6142_10,0.9722044
6740_1,0.048496004
7806_8,0.9184803
8326_4,0.44209445
12425_3,0.019870715
11113_1,0.014281935
8096_1,0.0226292
512_8,0.98087597
11144_7,0.90958625
2073_4,0.019870715
6966_4,0.3229529
12122_3,0.9124362
429_10,0.94815457
10294_9,0.97997653
9955_3,0.81286734
10878_10,0.96182173
9365_1,0.015784562
7317_8,0.9036349
2863_8,0.107437484
11935_3,0.023870835
2180_2,0.107812636
267_10,0.9801293
72_8,0.21967211
936_9,0.9507779
2363_4,0.02350945
11722_9,0.97539
1353_7,0.77662295
3883_7,0.8587186
9475_8,0.97684664
2328_2,0.013636835
11982_9,0.97520185
10413_8,0.84286314
1277_2,0.3535398
6299_4,0.03410043
7536_9,0.9728308
8368_2,0.80746067
634_1,0.016152835
10095_3,0.91789335
8821_4,0.18565173
5669_10,0.9878528
4600_8,0.7690802
10859_1,0.012624948
140_9,0.84645087
153_8,0.967163
8013_9,0.52938503
12389_1,0.8433798
8443_7,0.9766692
12290_10,0.92359227
12152_10,0.86339164
6442_3,0.20946968
7557_4,0.69388795
3699_4,0.92892635
6461_2,0.8283842
8641_10,0.9814534
10771_1,0.024609927
10539_2,0.025371313
10406_1,0.023870835
9617_4,0.057493284
9403_10,0.9871788
3015_1,0.05921025
181_10,0.9859364
2879_4,0.039342504
1758_8,0.9559813
9992_10,0.98445636
10769_7,0.5607338
5616_3,0.049958523
721_4,0.6383846
3035_1,0.025565214
7877_4,0.011869121
5554_4,0.0140636265
1475_7,0.9458012
1538_7,0.891811
3499_10,0.12085323
8815_4,0.9046505
5817_8,0.22609939
4179_1,0.14755519
3719_10,0.9814534
2538_2,0.05379964
4873_3,0.7756048
7283_9,0.9585377
1997_4,0.36274344
11036_4,0.045352582
4123_4,0.7947038
3520_3,0.015424551
10320_1,0.015424551
10185_10,0.9826909
10193_1,0.10017222
2506_7,0.98481095
9868_10,0.9780517
5603_2,0.013428254
8392_3,0.025565214
5322_4,0.014392335
12117_10,0.9859364
2411_8,0.79597545
9393_4,0.02517884
5968_8,0.97324073
6860_1,0.1510278
12144_4,0.8238959
2706_10,0.9693242
5655_1,0.045015533
2555_8,0.73829186
6091_9,0.9458012
712_9,0.97838473
9445_10,0.97997653
1777_10,0.7879312
490_8,0.82275945
318_10,0.8193158
10143_9,0.86703575
3608_8,0.9826909
686_4,0.840259
12147_1,0.011687259
6782_10,0.929951
5560_10,0.9849274
11621_8,0.9829547
11909_10,0.97423947
11938_9,0.9795114
1877_1,0.017309094
1298_1,0.017712297
11154_3,0.019271135
10898_7,0.7866228
9980_8,0.98215127
9719_10,0.9053223
516_1,0.018264279
2541_1,0.016529558
23_10,0.9507779
3517_1,0.02145073
10839_9,0.9883128
11461_9,0.9563089
10150_2,0.014392335
10664_9,0.98803884
6750_10,0.9114953
11165_4,0.88759494
3463_4,0.03138043
287_1,0.027376488
5582_1,0.14414886
1136_1,0.0140636265
10316_1,0.017176708
1684_8,0.8824279
3556_9,0.26971015
11680_9,0.98173577
10775_10,0.8193158
5558_2,0.014957086
6203_10,0.95695716
4057_4,0.8418256
9010_8,0.9845754
1033_9,0.971564
12116_9,0.97134733
8401_10,0.9840936
9863_4,0.07751766
2777_1,0.013020489
5797_3,0.21206881
9929_3,0.018689308
4177_1,0.016152835
2205_8,0.97966766
2839_8,0.9837225
7161_10,0.9785493
11724_4,0.83169055
10369_9,0.9843364
8702_2,0.0140636265
1028_10,0.97023994
7226_4,0.13161905
8799_3,0.024237636
1573_8,0.9757624
12041_7,0.96458924
6207_7,0.8193158
399_8,0.9130583
1034_2,0.018264279
1610_4,0.37880373
596_10,0.96765566
6474_7,0.98942953
4464_3,0.06325053
10637_2,0.028220987
3272_10,0.98282325
10194_7,0.7728737
11906_3,0.02865267
3666_3,0.048496004
6148_4,0.031143833
4595_8,0.10017222
6146_1,0.015189049
7512_10,0.94539934
12333_1,0.01243165
3490_4,0.8255897
8495_1,0.015543648
955_4,0.021125194
10582_10,0.8110782
9477_8,0.9390248
7132_3,0.03567855
5214_1,0.025565214
8258_10,0.92683524
10387_1,0.024609927
268_10,0.82949203
8153_2,0.013636835
7353_3,0.014728613
7847_10,0.9722044
12028_10,0.9850429
2998_8,0.16613355
2641_8,0.9730365
11923_8,0.9582261
12322_1,0.017309094
11816_3,0.123365626
7111_3,0.016657041
8107_10,0.7217432
8835_8,0.1334152
10142_10,0.971779
4445_3,0.01566365
976_8,0.88759494
1996_4,0.2986959
11496_3,0.06142404
1644_4,0.017442483
8573_3,0.2739627
10835_9,0.8795612
11531_8,0.97903574
5802_8,0.7390459
2501_3,0.02931223
530_2,0.017442483
1051_10,0.97684664
6629_1,0.025565214
10350_1,0.77932185
2943_10,0.9838472
7661_1,0.016403032
8359_3,0.02145073
10218_7,0.9591543
10548_1,0.04177388
906_7,0.47317037
2708_9,0.96378
12478_4,0.055412795
10222_1,0.022286188
3560_2,0.014281935
3371_9,0.9190633
10009_3,0.016029146
3142_3,0.27105868
3876_9,0.93045825
6662_2,0.01507263
4691_1,0.028870907
2491_4,0.24508502
12485_4,0.5196432
1716_3,0.033336822
10767_10,0.76803803
4083_2,0.19012183
7656_3,0.22884513
2532_8,0.9263037
11243_8,0.97112906
11878_9,0.9807288
3627_8,0.27357438
9049_10,0.11596072
2950_4,0.48364845
4553_8,0.9882222
10414_1,0.019419348
4281_7,0.91212356
7905_4,0.96405166
10800_8,0.9053223
1562_4,0.074231364
7604_4,0.032100707
5752_2,0.24798743
9465_1,0.01757688
2701_4,0.21403357
12432_7,0.22541662
7583_9,0.97719735
4003_10,0.73411953
11082_2,0.0460339
7650_3,0.0145035805
2215_7,0.94208187
6597_9,0.9603612
12268_1,0.029986506
8650_7,0.96765566
8311_2,0.018978037
10764_10,0.97838473
5462_2,0.019568678
10303_9,0.96741027
12132_4,0.43566144
11786_2,0.07477005
6248_2,0.027376488
5570_2,0.34742638
8367_4,0.7735587
2416_7,0.9184803
4073_1,0.06142404
4642_2,0.041462272
580_10,0.98102194
3328_4,0.031618766
9524_9,0.9843364
11980_2,0.91212356
7812_9,0.95945925
3567_7,0.9798227
9592_2,0.0153063545
8421_1,0.02576056
2618_1,0.02297737
2367_3,0.02017732
10613_1,0.015543648
7657_2,0.074231364
10992_4,0.057493284
10663_4,0.5718862
9589_4,0.28041926
5184_8,0.90829307
7352_7,0.95292586
6483_4,0.023330767
914_10,0.9883128
1239_4,0.293607
4465_4,0.89442116
82_10,0.88523525
3696_4,0.06903793
1507_8,0.7424217
12211_3,0.015784562
4003_3,0.020488555
3738_3,0.048496004
12089_10,0.983597
593_1,0.014842417
7555_3,0.02350945
9897_9,0.9891816
299_1,0.13986564
2774_3,0.07978202
4723_8,0.983343
1636_2,0.10338596
3383_8,0.98102194
5360_10,0.98707944
11542_10,0.9845754
1964_1,0.013428254
10323_10,0.4987793
5166_1,0.013222822
12371_1,0.0140636265
7426_1,0.0226292
11832_4,0.7295198
684_9,0.95945925
519_7,0.12852514
1712_8,0.9433476
5973_9,0.98481095
2820_3,0.01384861
5023_7,0.9759464
2625_1,0.01627746
2699_9,0.9695556
7123_1,0.01461567
7327_10,0.98625773
944_8,0.9465967
9757_10,0.98087597
12491_9,0.9804314
12301_10,0.98646784
421_9,0.9755769
6655_2,0.21141681
610_9,0.9500415
3020_1,0.02017732
1797_10,0.9829547
1248_3,0.11240509
2524_10,0.9853843
10596_3,0.14128141
9326_3,0.014957086
9346_2,0.016029146
3890_8,0.983343
7836_9,0.9791955
12388_7,0.8951567
3205_2,0.04369106
1547_9,0.9811669
2706_1,0.020488555
391_10,0.97324073
1544_10,0.98445636
7861_8,0.9407897
1448_2,0.05379964
6451_3,0.024423089
12187_3,0.34521562
11702_4,0.8727817
5947_1,0.019419348
1282_3,0.016029146
7492_2,0.014281935
7724_7,0.94208187
1564_1,0.9324533
4425_9,0.979354
9416_9,0.9635062
10826_10,0.9840936
4402_10,0.96210754
9332_3,0.014392335
5856_1,0.02145073
2784_2,0.019419348
3216_1,0.6489114
8057_9,0.97838473
526_10,0.8958876
4376_1,0.028007522
9513_9,0.9032942
9972_9,0.8134608
339_1,0.01678549
11898_1,0.016657041
9282_4,0.026759284
2303_4,0.013222822
10199_1,0.016403032
11660_10,0.93674946
714_4,0.1647851
9283_9,0.8479678
2972_2,0.33895183
9060_7,0.9829547
3562_8,0.79117644
11064_8,0.9615338
4190_10,0.3637034
12472_10,0.9885804
2942_1,0.013222822
9560_9,0.87997437
2692_4,0.025565214
12057_1,0.0140636265
11197_2,0.8710367
5827_4,0.9813107
4752_1,0.015424551
8114_3,0.07211221
5643_7,0.9407897
9127_2,0.036220055
10540_10,0.6753365
7342_2,0.016152835
4651_4,0.3530935
8798_1,0.016529558
5973_3,0.16913125
8314_2,0.01566365
7856_1,0.057918087
1255_4,0.026355354
9615_8,0.7613611
7261_4,0.31520876
9700_9,0.42465058
5938_10,0.98159516
970_7,0.5104965
7715_8,0.97754294
4643_2,0.023689471
7069_1,0.016529558
8600_10,0.97997653
10275_3,0.26817408
9519_1,0.01798621
8861_10,0.8392076
8558_4,0.012241275
7495_4,0.70720255
4727_10,0.025565214
9647_8,0.86431044
7192_3,0.5395898
8772_8,0.9798227
1198_4,0.035144847
4249_7,0.82161736
6816_2,0.06656919
10243_9,0.9759464
8365_1,0.060975183
2529_10,0.3702254
2538_10,0.97462875
5946_1,0.01395571
6716_8,0.8413048
2633_7,0.9651191
10513_1,0.01461567
4847_1,0.01757688
2552_10,0.94815457
7166_9,0.971564
398_8,0.9603612
6925_4,0.03846619
9873_9,0.7914989
3598_4,0.36279988
5996_3,0.22405545
4024_10,0.9860443
3184_10,0.979354
3801_2,0.0153063545
1722_10,0.98677725
9344_1,0.019870715
2874_2,0.02479816
2914_4,0.02297737
9643_3,0.019870715
1756_10,0.9839708
2781_1,0.07477005
3559_1,0.012624948
6250_1,0.24725968
10960_9,0.950411
565_8,0.9658996
8749_9,0.97702265
11273_4,0.016657041
6933_4,0.26971015
7295_1,0.01507263
12267_1,0.030444348
9844_4,0.027376488
1949_3,0.12168575
10048_1,0.020023443
7242_2,0.037608635
1722_2,0.01461567
9869_1,0.52829003
609_1,0.03541073
9383_7,0.036493763
6593_4,0.63578796
3284_10,0.937669
6190_1,0.8778961
8305_10,0.9572778
20_1,0.02017732
10037_1,0.25128007
1751_10,0.9738444
6821_7,0.9585377
4780_10,0.966156
1290_10,0.9801293
10777_2,0.016657041
3450_1,0.020645931
747_3,0.016029146
9262_10,0.9791955
7206_10,0.98481095
3700_4,0.13432105
2953_4,0.90295243
6828_8,0.9273633
10831_7,0.9787127
5014_1,0.014728613
11679_10,0.97344345
3476_9,0.94966936
12052_8,0.9224824
8635_3,0.78858316
6475_10,0.98228765
8531_2,0.033336822
9018_7,0.9224824
1492_9,0.9230392
10993_10,0.97539
1896_2,0.012821214
8241_1,0.032836955
3568_8,0.6502452
9424_9,0.8098782
3791_1,0.013020489
2117_10,0.987375
4679_8,0.9693242
1217_7,0.9329437
7969_3,0.10017222
2271_10,0.97838473
5772_9,0.8895288
1347_8,0.9874721
11800_1,0.018404892
8820_10,0.9688562
10014_7,0.20946968
9864_8,0.89218736
6926_4,0.46101677
1842_10,0.9811669
756_7,0.09704755
7657_10,0.98421544
12416_7,0.966156
833_7,0.88523525
8746_10,0.983597
6374_10,0.90894175
24_10,0.9394706
5133_10,0.950411
2937_1,0.03384404
9845_8,0.9719925
6236_7,0.06705628
8525_7,0.2948237
10398_10,0.8146434
6555_7,0.87705624
5873_3,0.46441573
12235_8,0.9518632
8972_2,0.19314738
6313_1,0.013325147
3277_1,0.85776806
9661_10,0.96182173
11759_4,0.030444348
7960_2,0.8449215
2710_7,0.9429286
3152_1,0.015906392
3186_8,0.97737074
6180_2,0.030908957
3303_1,0.06233104
250_1,0.018978037
8902_1,0.019568678
7964_9,0.9882222
78_1,0.016914913
9162_9,0.754915
11868_8,0.97068775
8522_8,0.17412922
8517_8,0.883236
12341_4,0.02517884
3300_1,0.029986506
2961_10,0.9863631
11309_10,0.9791955
381_10,0.9882222
6537_10,0.9777139
4623_10,0.95150405
12425_10,0.98215127
817_7,0.7985012
1853_3,0.38488325
3586_10,0.9795114
6148_9,0.98215127
5020_10,0.9874721
6486_10,0.9425068
560_8,0.9853843
11210_3,0.85729086
4714_1,0.013222822
7175_7,0.8958876
10289_9,0.94539934
2497_2,0.37679508
6359_3,0.7829945
4905_3,0.013121271
4701_10,0.9891816
292_10,0.9462003
4010_9,0.82161736
1591_2,0.9763105
619_10,0.92683524
8563_1,0.016029146
488_4,0.02096424
3148_10,0.98866826
2046_4,0.055412795
11560_8,0.69966495
8694_7,0.9750122
11041_10,0.9724148
6159_8,0.9814534
10205_1,0.023330767
7840_9,0.950411
3298_10,0.98481095
2854_7,0.8086723
3521_8,0.97023994
8317_2,0.01461567
10564_7,0.938576
7951_3,0.7789858
9834_8,0.94891727
4809_9,0.98173577
4675_1,0.0226292
9493_10,0.93195957
7841_4,0.9507779
8076_10,0.0963651
3242_8,0.938576
11666_3,0.03541073
9341_2,0.87450653
10384_1,0.02178117
1558_9,0.98201376
9790_10,0.8344069
12149_2,0.027585285
11533_4,0.020488555
4438_3,0.52268946
11177_4,0.02017732
8657_7,0.97046465
4485_4,0.9161096
1313_3,0.030675802
7383_10,0.98707944
11875_8,0.9582261
9838_7,0.96691406
33_3,0.014281935
5747_1,0.029760094
1420_8,0.98159516
7292_9,0.95430803
5218_7,0.59472775
3359_9,0.9145963
10947_8,0.85633236
219_1,0.023153413
6374_3,0.012821214
9686_10,0.38864702
6757_10,0.96765566
1003_8,0.95362175
9313_9,0.9492946
6175_10,0.9802808
5391_7,0.9766692
1085_1,0.01566365
9054_1,0.4085127
8543_10,0.9861514
686_8,0.9606575
6959_3,0.026759284
11014_4,0.1334152
9204_8,0.9829547
9029_7,0.9606575
10441_9,0.97887486
5245_10,0.9875683
1480_7,0.018689308
6426_3,0.84286314
1700_1,0.02297737
2783_10,0.9861514
6152_8,0.97702265
12282_10,0.96458924
2948_4,0.016529558
11974_2,0.013428254
5944_7,0.89478946
9370_8,0.42217705
711_10,0.3763652
6169_8,0.9851576
12329_1,0.019870715
4904_1,0.01883313
2070_3,0.023330767
25_3,0.028007522
1819_4,0.017712297
8642_10,0.47292694
11504_10,0.96814114
10193_7,0.9329437
8917_4,0.013428254
9380_2,0.0226292
10048_8,0.98282325
7288_9,0.96538115
8128_4,0.44143224
7800_3,0.015424551
5852_1,0.03410043
8027_1,0.01757688
10317_1,0.023689471
10280_8,0.8080672
3959_10,0.9874721
6115_10,0.947381
6078_8,0.95791227
12273_9,0.9849274
1497_10,0.44939265
2969_9,0.9825575
2577_1,0.013636835
4519_1,0.023330767
8596_4,0.026355354
254_3,0.3090237
7005_8,0.98215127
5426_10,0.9757624
965_9,0.6239499
2044_4,0.7745834
9006_3,0.029090757
11462_10,0.8244619
4990_7,0.0153063545
163_7,0.80286485
3134_3,0.03963884
2922_4,0.13939638
5777_1,0.01507263
6340_7,0.87873113
7896_1,0.01384861
2321_8,0.89805347
2187_1,0.920218
1831_9,0.9837225
9321_10,0.9829547
9970_10,0.98087597
2978_4,0.024609927
7491_3,0.01507263
2491_10,0.96182173
749_1,0.019271135
4751_2,0.025565214
3276_1,0.017309094
10889_9,0.97754294
5887_1,0.0153063545
8806_9,0.97887486
8569_2,0.013636835
3209_10,0.9869795
7139_10,0.98707944
5052_3,0.01798621
5773_3,0.019870715
1663_9,0.8906752
3575_7,0.9224824
12017_1,0.06903793
12460_8,0.97754294
7925_2,0.01757688
1643_10,0.98173577
4537_1,0.0226292
10651_3,0.019124037
12075_10,0.983343
4823_1,0.03410043
5392_7,0.971779
5436_9,0.96765566
3088_8,0.96267307
6607_9,0.9740426
7648_1,0.018978037
1073_8,0.97262347
4587_8,0.18802561
9463_10,0.97262347
11962_1,0.02211659
8718_4,0.07477005
7781_10,0.9811669
11495_2,0.014728613
2772_4,0.06754669
4029_1,0.015543648
2080_10,0.98159516
6250_9,0.9839708
2985_9,0.06705628
2935_7,0.8333246
7900_1,0.0153063545
2433_8,0.9798227
12366_1,0.018546565
10910_2,0.026355354
5265_3,0.015906392
9603_10,0.39940163
11989_3,0.021615336
2929_4,0.8267118
1796_1,0.013428254
10659_2,0.8610715
4978_9,0.9130583
11823_8,0.98527133
1732_8,0.967163
1103_4,0.24006124
8958_1,0.037892424
8607_4,0.22507578
5820_9,0.9738444
8885_3,0.023689471
3718_10,0.9532751
3822_1,0.032344334
9886_10,0.9876639
9806_10,0.9273633
10009_10,0.9600627
5979_2,0.015424551
11937_3,0.06608538
4776_8,0.9791955
9009_7,0.89947516
8094_7,0.89982784
828_3,0.071073666
3318_1,0.017176708
3558_4,0.6719013
7967_8,0.98087597
5275_7,0.9314625
5130_1,0.01384861
1327_9,0.9656413
11526_8,0.9600627
32_10,0.98892784
10697_1,0.012241275
9966_1,0.014728613
3132_1,0.20244318
967_2,0.014957086
6483_10,0.9284088
698_10,0.96267307
7848_2,0.065604836
9349_1,0.17582092
10532_9,0.9859364
11819_2,0.24292332
6812_1,0.016529558
5401_1,0.019124037
3528_1,0.014281935
12239_1,0.01757688
1479_4,0.01784874
2732_4,0.15304215
6806_10,0.98803884
2119_9,0.9861514
8565_9,0.03541073
1914_8,0.9462003
4835_1,0.014842417
1029_2,0.015424551
9228_4,0.10087862
2391_2,0.015189049
9674_9,0.9861514
9404_9,0.76242405
5987_1,0.06008665
9237_8,0.98201376
9879_2,0.05623634
1370_10,0.40051484
10662_1,0.5609743
6937_7,0.20979328
6355_9,0.9787127
3784_4,0.67555064
9136_10,0.7762839
9557_4,0.05184547
12013_7,0.96909106
1114_4,0.34367207
6890_10,0.98159516
3238_8,0.9635062
1790_10,0.95292586
4277_8,0.98282325
2257_4,0.15507847
7677_10,0.95362175
1618_4,0.27669054
7314_1,0.016029146
10332_1,0.020488555
7746_2,0.9425068
9303_3,0.01627746
12321_9,0.98445636
10341_2,0.013222822
7745_9,0.98282325
11104_7,0.96641046
10855_1,0.022286188
10300_1,0.017176708
2037_2,0.0145035805
7754_9,0.8774768
9503_10,0.9736447
396_7,0.938124
583_2,0.012821214
4469_3,0.40751022
11038_1,0.3263788
2285_4,0.022286188
5069_8,0.6417592
8736_8,0.98102194
9486_3,0.091382116
11669_10,0.34929684
8598_1,0.016529558
1344_3,0.016403032
11789_3,0.29178742
9605_2,0.037326884
10122_2,0.015784562
3752_10,0.9736447
3864_4,0.04672496
10505_7,0.8433798
3822_8,0.9700135
8146_4,0.09670579
11114_8,0.27357438
7847_2,0.099820666
10300_10,0.9688562
7021_10,0.98677725
8_9,0.05834584
7199_2,0.01757688
9392_9,0.73753643
8234_7,0.93045825
12328_7,0.49951172
9918_9,0.7166154
10066_7,0.4873074
5482_2,0.2271263
6914_4,0.050705362
4665_7,0.2986959
613_4,0.581719
577_8,0.9750122
12490_4,0.93991333
8637_3,0.018264279
11815_4,0.07004896
9490_10,0.98228765
4388_3,0.014281935
11778_10,0.8778961
4988_10,0.979354
6590_3,0.9026096
4761_7,0.7523766
8828_4,0.036220055
10382_3,0.013428254
3321_1,0.9697854
2550_10,0.97821885
12104_1,0.05921025
6431_1,0.024987794
8829_8,0.56529874
858_7,0.87705624
197_1,0.08329193
3599_7,0.55217755
10808_2,0.9199307
12050_4,0.9549844
6348_1,0.016657041
11051_8,0.8543993
11216_4,0.77864933
8360_3,0.15253651
9570_2,0.02178117
8040_4,0.2590751
3664_8,0.98159516
10003_8,0.98445636
3763_7,0.59463954
9692_9,0.10894506
4503_1,0.01243165
10985_2,0.14463145
121_4,0.9043131
5651_10,0.93991333
9416_3,0.013020489
9128_8,0.9224824
8955_8,0.9334308
8787_4,0.19806418
1622_9,0.96295285
762_3,0.015543648
6915_2,0.022286188
8998_4,0.021615336
8200_10,0.9766692
1878_8,0.9656413
5969_10,0.9522199
8000_3,0.2285006
8161_10,0.9876639
9805_4,0.037608635
3815_10,0.96095175
3783_3,0.70578504
4924_10,0.9588471
7952_1,0.18447348
4060_8,0.46150213
775_1,0.016529558
696_10,0.98582757
8751_10,0.5555558
6073_10,0.9801293
9982_1,0.22371607
3706_10,0.8204695
5996_8,0.9329437
3107_10,0.96182173
8913_8,0.9651191
8982_9,0.9539661
8938_3,0.32391456
3008_3,0.05379964
3787_2,0.032836955
6146_9,0.8705973
5664_1,0.020645931
2408_3,0.107812636
6153_2,0.020023443
7023_7,0.9230392
2571_3,0.015543648
6808_4,0.022457054
6425_9,0.9845754
11139_4,0.2776688
320_7,0.42036167
3098_1,0.016403032
5369_10,0.6924341
480_3,0.684264
7884_9,0.967163
5247_1,0.022286188
3192_2,0.020488555
12127_1,0.012821214
1237_7,0.9785493
612_3,0.5823426
6016_7,0.85919183
10490_1,0.013636835
5180_8,0.80069196
3122_4,0.27571437
2845_8,0.8238959
9000_8,0.9738444
448_2,0.074231364
1207_10,0.97821885
11989_8,0.95292586
11102_9,0.983597
1761_1,0.10631887
9815_3,0.1584346
12023_1,0.019568678
9901_10,0.9868787
11740_2,0.82782817
4702_10,0.94776917
4885_3,0.089136936
0_2,0.03384404
2273_2,0.016029146
11340_8,0.96182173
12012_4,0.5696133
10534_10,0.93195957
8424_2,0.014281935
8716_3,0.03384404
7154_10,0.9811669
5001_1,0.030908957
6511_3,0.020332353
3308_7,0.95362175
2720_2,0.022457054
1183_10,0.97903574
12387_2,0.01384861
6580_2,0.054198727
4431_9,0.983343
11828_7,0.8987666
6737_10,0.98667485
7505_4,0.02350945
4798_2,0.1727293
4773_1,0.036220055
6719_3,0.015906392
6475_3,0.28378138
11733_3,0.016657041
9360_7,0.6934729
5571_1,0.014842417
10316_10,0.16291203
5068_3,0.04401865
11188_8,0.02350945
7291_3,0.017712297
6233_3,0.034358688
11710_1,0.37370437
3780_7,0.76629364
3210_10,0.98803884
2885_3,0.027795624
2912_4,0.1769559
3320_4,0.01883313
11275_4,0.15203224
8406_1,0.023689471
8275_10,0.59331477
4862_9,0.98187524
11817_2,0.031618766
302_10,0.82949203
11341_1,0.057493284
4626_1,0.01243165
1030_2,0.03541073
4799_8,0.9559813
4845_1,0.01566365
3458_1,0.013636835
9535_9,0.98571813
6553_10,0.891055
486_4,0.13161905
11162_7,0.9802808
7689_7,0.50268555
12058_1,0.013636835
3740_1,0.016529558
11656_8,0.26645273
9795_1,0.013428254
1947_1,0.01627746
1468_1,0.030908957
4158_10,0.96765566
5876_1,0.020332353
12084_4,0.42596337
5434_7,0.84594244
7984_9,0.80069196
2217_8,0.93045825
2300_4,0.014728613
8707_7,0.7752647
3345_10,0.98087597
7375_8,0.7166154
1150_2,0.5175709
8557_10,0.9683812
5590_8,0.9273633
5270_1,0.029760094
10339_4,0.32455644
6789_3,0.41525447
4289_1,0.03384404
693_4,0.08329193
326_1,0.85145944
9786_8,0.74761593
6610_10,0.983597
11350_9,0.2982869
10907_1,0.02297737
3285_8,0.9566342
10964_4,0.018404892
5411_1,0.029986506
6188_10,0.13753249
7110_3,0.016029146
7355_8,0.47317037
12116_1,0.82104415
1187_1,0.016152835
12167_7,0.95791227
5530_9,0.76977324
2829_10,0.34174725
9549_4,0.01243165
8805_10,0.97684664
10265_3,0.5165954
5227_3,0.018978037
8693_10,0.9825575
6331_10,0.98481095
9079_4,0.029760094
7200_1,0.06233104
9322_10,0.98102194
2899_4,0.01798621
6478_10,0.9787127
4659_1,0.10087862
6755_1,0.014957086
10385_10,0.9834705
11861_1,0.012624948
5483_10,0.9850429
4012_10,0.97046465
7146_9,0.98959166
3782_9,0.8844391
12181_4,0.038178276
10663_10,0.8969756
4712_1,0.01627746
11071_10,0.936285
11171_3,0.014728613
9043_10,0.98173577
9912_10,0.971779
7306_9,0.9219218
12382_9,0.9695556
11654_9,0.9853843
8848_1,0.015424551
4076_3,0.01566365
8248_3,0.5567611
10011_1,0.020023443
11769_1,0.04177388
4164_9,0.98951083
1831_1,0.0145035805
4164_1,0.012624948
318_3,0.15456735
7221_10,0.9736447
10912_8,0.98228765
1321_4,0.9465967
7712_7,0.65201986
2680_4,0.015424551
8374_1,0.013636835
995_7,0.97684664
2009_1,0.014281935
3905_9,0.9394706
3348_3,0.018546565
6466_1,0.014281935
11900_10,0.98087597
1634_7,0.91181
8245_4,0.20946968
8561_1,0.022457054
2072_2,0.013020489
12060_10,0.4266799
8178_3,0.04177388
8778_1,0.0269635
10489_8,0.9719925
10118_8,0.2786492
3470_8,0.98625773
8014_4,0.79565805
582_10,0.98445636
8984_8,0.98242307
9085_8,0.92107415
8894_2,0.018978037
3762_2,0.2587004
3815_2,0.014392335
5903_9,0.9181873
8907_10,0.97719735
6140_7,0.9353465
9279_4,0.891055
2948_9,0.97482115
10588_10,0.97462875
8239_1,0.0153063545
6986_2,0.013428254
5308_3,0.01384861
11984_8,0.04208773
9984_4,0.92788786
11803_8,0.9850429
2925_10,0.97520185
11396_10,0.96485513
8998_7,0.29017562
4511_7,0.9877587
5780_2,0.093678
9838_4,0.034358688
422_10,0.91117966
11389_10,0.8705973
8511_3,0.83761996
2089_10,0.9860443
5818_3,0.45968243
566_9,0.9257686
452_10,0.9840936
4451_9,0.97090924
6105_1,0.12678517
2158_10,0.03846619
10395_2,0.8987666
11291_3,0.016152835
2408_8,0.98625773
3698_9,0.90295243
6060_2,0.0153063545
9509_10,0.97046465
7136_10,0.97423947
5557_10,0.9825575
7155_2,0.014957086
11421_10,0.9811669
3620_4,0.1877276
2176_4,0.61080176
8970_1,0.7248703
11186_10,0.98469365
9604_3,0.021125194
6047_10,0.97423947
4487_9,0.9566342
11880_3,0.024609927
2650_2,0.10411242
5279_1,0.44155258
9289_1,0.027585285
11673_10,0.96432143
6890_2,0.11397346
2668_10,0.45035937
942_1,0.013222822
264_1,0.028870907
10157_1,0.8349459
791_10,0.9798227
11434_9,0.7512834
5630_2,0.8092759
9392_1,0.31489265
12471_3,0.8044059
8593_9,0.6688803
10333_10,0.97997653
9146_8,0.95430803
5404_7,0.7314424
7662_9,0.97719735
11068_1,0.0140636265
4460_2,0.15869518
5002_10,0.95945925
9269_9,0.979354
1639_10,0.9837225
9045_1,0.026556572
9944_8,0.09670579
4091_4,0.025565214
6889_4,0.024987794
71_9,0.9845754
10173_8,0.98657167
2513_8,0.94539934
7507_1,0.040237945
1235_2,0.13939638
3325_1,0.035144847
4146_7,0.018404892
7286_8,0.71701187
4096_1,0.01566365
3897_7,0.967163
11240_10,0.9791955
4109_1,0.013636835
9566_4,0.01384861
2038_8,0.9832145
6985_7,0.9257686
6967_9,0.97702265
11020_10,0.97112906
3291_1,0.0140636265
9763_3,0.11476479
1943_7,0.8895288
7599_7,0.664758
8158_8,0.9755769
4140_3,0.016152835
11840_2,0.017309094
9675_1,0.021948254
10878_1,0.0145035805
10760_1,0.01627746
260_1,0.016529558
8188_10,0.9697854
3260_1,0.014281935
6172_9,0.9324533
10021_3,0.7490872
7784_10,0.9686196
4066_1,0.04369106
12325_10,0.91398406
9894_8,0.983343
1242_1,0.024987794
2059_1,0.015543648
10686_7,0.9334308
8110_2,0.01798621
8398_7,0.88161486
6096_9,0.8933094
9422_3,0.7501869
2919_4,0.90397453
10248_1,0.39752904
7480_1,0.01883313
3248_8,0.9804314
10264_2,0.0140636265
7401_10,0.5672176
10528_1,0.03846619
7623_8,0.2600135
3968_2,0.012053779
10918_4,0.057918087
5146_7,0.9740426
12466_4,0.01395571
10395_10,0.38418984
3862_8,0.97684664
2247_1,0.033336822
2979_9,0.9878528
3271_9,0.9761292
5225_1,0.01384861
5662_1,0.23370637
12087_3,0.7892337
10765_10,0.9850429
1256_4,0.016403032
2057_1,0.0145035805
2610_7,0.89256257
2065_2,0.015906392
4410_3,0.019719128
6847_10,0.987375
1927_1,0.92683524
4201_9,0.94208187
2578_8,0.98159516
74_10,0.97684664
8324_10,0.987375
4762_8,0.35197902
10612_3,0.08151975
11353_10,0.9230392
10709_8,0.9407897
3978_7,0.971564
954_4,0.019568678
2493_10,0.7676898
8293_7,0.86838096
9454_1,0.019870715
8982_1,0.017442483
5201_3,0.88161486
9758_1,0.01566365
5999_8,0.9213576
11000_1,0.0140636265
647_1,0.14854057
7345_9,0.98582757
5105_3,0.87997437
9488_4,0.019870715
11810_10,0.9728308
5343_8,0.91117966
1671_7,0.93674946
6414_2,0.2953315
3749_8,0.82782817
2310_2,0.013428254
8460_2,0.014842417
12305_1,0.03410043
11672_1,0.01507263
11726_10,0.96765566
11659_2,0.1289633
8684_2,0.018689308
6546_10,0.9582261
1980_8,0.89912134
3113_10,0.79117644
8440_1,0.01507263
7473_7,0.9724148
726_7,0.94891727
11165_10,0.98646784
9830_2,0.16291203
6409_10,0.9257686
11455_3,0.016529558
993_3,0.045692034
3186_1,0.032589745
11631_4,0.04208773
3225_1,0.018404892
4442_1,0.01883313
6775_9,0.96295285
230_7,0.29930994
5971_4,0.19072402
763_10,0.9887554
9943_10,0.9851576
10098_9,0.87234735
7219_10,0.97344345
6348_8,0.96641046
5774_10,0.9284088
1842_4,0.014957086
3544_8,0.9623913
5661_10,0.9591543
8698_1,0.025371313
7576_1,0.028007522
584_3,0.63973606
9963_8,0.6202767
11653_8,0.9850429
4269_1,0.01812472
728_1,0.018264279
7118_2,0.014281935
6305_4,0.9309621
5970_4,0.0226292
4729_1,0.016914913
7638_10,0.8311431
2709_10,0.9755769
1461_7,0.89478946
5302_10,0.9805807
3589_10,0.98959166
3897_4,0.03875619
9883_1,0.03846619
9903_4,0.015784562
9789_1,0.017045317
2971_4,0.022802636
5015_7,0.98657167
9215_1,0.022457054
8553_2,0.31784958
5671_3,0.15405756
748_7,0.46538743
8222_10,0.9759464
9336_3,0.7538293
1585_1,0.13799646
10634_8,0.96909106
4549_8,0.9856076
7014_10,0.97539
2412_10,0.95791227
5779_10,0.95945925
11949_4,0.31237
6879_8,0.46879065
4432_2,0.06754669
5825_10,0.7704648
10422_9,0.8539127
4575_10,0.87663436
11520_1,0.6796041
6612_1,0.013428254
4206_7,0.80746067
1611_10,0.883236
8170_10,0.98187524
96_1,0.014842417
715_10,0.97520185
10032_8,0.96295285
2585_1,0.0627892
7477_3,0.33796784
2778_10,0.9860443
6807_1,0.97482115
6378_1,0.69035035
1752_10,0.9744348
2305_8,0.9219218
7423_3,0.02350945
496_9,0.96432143
10829_1,0.013636835
7012_9,0.6974029
7701_7,0.9572778
6858_8,0.98481095
2723_4,0.15253651
5720_1,0.18982127
1531_9,0.2104416
3052_8,0.9230392
2728_7,0.97090924
2275_4,0.024987794
11211_1,0.18388654
4603_3,0.05223086
2273_9,0.9856076
11662_2,0.098079324
4887_3,0.018978037
8155_9,0.97046465
2373_4,0.14223188
1754_1,0.34604388
12247_9,0.891055
10327_1,0.039342504
8968_3,0.016152835
370_8,0.90087914
559_10,0.98102194
8273_3,0.018978037
8125_2,0.027169231
8666_9,0.73829186
4827_7,0.41424707
9737_10,0.97423947
5604_8,0.09670579
8331_10,0.98242307
886_2,0.013222822
4413_7,0.77390057
4116_7,0.98187524
3675_1,0.63624007
496_3,0.18476751
8837_4,0.7017131
3099_2,0.03461884
5518_4,0.115560874
6953_9,0.9719925
1240_9,0.9518632
8614_1,0.057493284
1628_8,0.7839885
1673_3,0.02211659
10806_8,0.9764905
780_9,0.96432143
6957_8,0.9257686
10903_8,0.971564
9908_7,0.08151975
4696_9,0.8749346
3816_7,0.9339146
489_9,0.9869795
2254_1,0.015424551
122_8,0.0433658
3171_8,0.9257686
54_3,0.61080176
8826_4,0.26894143
7686_1,0.013428254
10875_3,0.01395571
4858_10,0.86748546
1268_8,0.11797801
3497_10,0.93195957
6527_1,0.042403832
1345_9,0.97539
10092_4,0.016152835
11571_9,0.88523525
2899_10,0.97887486
5381_10,0.97737074
8722_1,0.013428254
10521_10,0.967163
296_9,0.96909106
6184_1,0.026355354
6657_10,0.9837225
5972_9,0.9284088
8599_7,0.17050801
6125_1,0.022286188
5834_2,0.8587186
12479_9,0.8879841
3253_2,0.19590156
4986_9,0.98469365
6439_7,0.96458924
9659_8,0.9829547
3375_3,0.020023443
3155_10,0.87191176
3478_9,0.685318
6251_1,0.0145035805
6281_1,0.014281935
4669_8,0.8774768
2843_2,0.013020489
8137_8,0.983343
9390_10,0.95257413
11401_3,0.013020489
1455_4,0.016029146
8418_9,0.9871788
7064_4,0.11279541
7467_4,0.020804489
12492_10,0.98926485
1969_4,0.04177388
5388_8,0.9437636
3287_2,0.029760094
3493_1,0.12940274
11682_8,0.9539661
7860_3,0.1999321
5507_4,0.01812472
11741_10,0.9840936
8041_8,0.9861514
3525_7,0.9213576
12256_9,0.9566342
1559_10,0.9876639
5477_9,0.9759464
736_2,0.019719128
29_10,0.9890131
12257_7,0.9738444
11184_3,0.013742321
5323_4,0.1480472
11315_3,0.43506122
1400_4,0.74945414
7978_3,0.21967211
6543_10,0.7329743
2120_10,0.97903574
3033_10,0.9764905
4096_7,0.96095175
10945_1,0.90665317
10726_7,0.9845754
10568_10,0.9861514
8966_8,0.9656413
12274_4,0.018689308
10560_4,0.017045317
12352_8,0.4525964
5860_1,0.013325147
11828_1,0.0153063545
10752_7,0.87234735
6501_4,0.014281935
561_1,0.012821214
6796_1,0.019271135
2626_4,0.23899394
9089_3,0.018264279
10921_10,0.9843364
6969_10,0.92468774
1039_1,0.021948254
9561_2,0.01507263
2651_10,0.9588471
8929_7,0.9805807
6434_2,0.38427654
3954_1,0.01243165
12408_10,0.89256257
9230_8,0.9877587
6626_1,0.10631887
1913_2,0.02479816
9277_10,0.9811669
8177_8,0.97423947
7174_2,0.06903793
10000_7,0.9606575
849_1,0.0145035805
9768_1,0.027795624
2852_7,0.28378138
7872_10,0.9433476
7331_7,0.96765566
9716_8,0.86339164
5672_1,0.8774768
11305_7,0.9026096
4750_2,0.021615336
3606_7,0.9759464
10329_1,0.012624948
4407_8,0.95292586
4298_8,0.97966766
1526_3,0.7879312
1177_8,0.8539127
8366_3,0.083890386
1848_9,0.9830851
9689_1,0.015189049
4883_7,0.49169996
10485_10,0.9744348
10851_9,0.7921428
1550_7,0.9588471
5088_7,0.79755676
7420_7,0.97887486
8306_4,0.44764137
7474_9,0.9730365
5297_10,0.9888419
9105_1,0.013742321
4806_8,0.94417685
11659_10,0.96814114
5491_4,0.8221891
4175_1,0.020804489
8726_1,0.013636835
9049_4,0.014728613
3266_10,0.9757624
1396_1,0.057493284
8364_4,0.90632194
3945_2,0.01384861
196_4,0.14706452
279_1,0.013636835
12203_2,0.020023443
8613_8,0.93439513
3839_10,0.9874721
2780_7,0.10631887
10493_10,0.9825575
6866_9,0.97754294
4044_10,0.9761292
2435_1,0.021615336
1976_4,0.8255897
8649_3,0.013222822
7299_1,0.013636835
6018_2,0.018689308
9729_8,0.9853843
3154_10,0.8828326
950_1,0.027376488
1409_4,0.06325053
5175_10,0.9845754
9722_4,0.26114246
4077_2,0.03461884
7067_1,0.020332353
10984_10,0.9845754
7117_1,0.10706346
2121_10,0.98527133
1386_10,0.9728308
12236_10,0.96538115
11844_1,0.017442483
8085_9,0.8736466
333_3,0.26151946
6522_3,0.6872103
249_7,0.9606575
1199_1,0.012624948
499_8,0.9740426
10033_1,0.03308598
7699_9,0.9056566
4829_7,0.8568123
665_1,0.01243165
6743_8,0.937669
10153_10,0.88483775
4757_2,0.09947021
6942_10,0.98527133
3895_7,0.96295285
11128_1,0.045692034
4404_3,0.059646945
10811_1,0.0140636265
1165_7,0.8146434
10907_8,0.9695556
1859_10,0.9757624
5836_10,0.6699608
10158_2,0.055412795
899_3,0.046378206
8631_1,0.91700584
7153_8,0.7379143
847_2,0.16132024
4418_10,0.9832145
12320_10,0.94539934
11242_8,0.40224534
7046_7,0.95565146
1819_10,0.9744348
1651_10,0.8086723
8280_10,0.9885804
2062_9,0.97997653
4781_8,0.9845754
10314_1,0.32380763
1934_1,0.02865267
12230_7,0.93721074
6689_9,0.9868787
987_4,0.05340333
9881_2,0.17638767
4571_7,0.9830851
569_4,0.014842417
11392_3,0.30777395
10716_2,0.017176708
7643_3,0.29767406
7429_8,0.9755769
11315_7,0.028436033
3097_9,0.34687307
10398_1,0.02096424
6299_8,0.9142907
5951_2,0.016657041
8930_8,0.98582757
1852_4,0.014842417
2857_7,0.9532751
4544_9,0.78695047
9492_10,0.06754669
1947_8,0.81286734
9178_2,0.026355354
6290_3,0.016029146
6313_8,0.98625773
6975_8,0.97838473
12258_10,0.9566342
3970_10,0.9837225
8096_7,0.9566342
10872_3,0.012624948
3660_1,0.3242354
7958_10,0.97684664
652_1,0.016029146
10331_1,0.012624948
2368_4,0.08419108
12367_1,0.011869121
12125_3,0.0433658
5785_8,0.7348813
5213_10,0.9449947
6334_8,0.9787127
8005_4,0.7559974
8405_7,0.8620035
4629_2,0.023153413
9342_8,0.9407897
11634_3,0.39396778
2878_2,0.038178276
6195_1,0.09041373
6994_8,0.9830851
12170_3,0.13660839
7384_1,0.015189049
1047_8,0.91490096
669_2,0.030675802
2976_1,0.022457054
4718_1,0.11240509
1203_1,0.015784562
9113_10,0.97482115
2928_1,0.037326884
10734_8,0.8665848
6469_7,0.9802808
2896_3,0.33025518
12061_8,0.97788346
240_9,0.97482115
8580_1,0.2163425
1961_1,0.6811968
6145_1,0.015189049
11028_4,0.90632194
7664_1,0.04115289
3022_1,0.08269735
7893_8,0.8255897
1149_8,0.9849274
8301_8,0.91789335
8210_10,0.9175984
9949_8,0.7718435
2961_4,0.1666754
9796_10,0.97423947
4397_7,0.98571813
2936_3,0.96432143
11382_10,0.98942953
11671_1,0.017442483
10864_1,0.014842417
11253_4,0.016152835
4692_3,0.01883313
11905_2,0.8454327
12066_1,0.7673414
789_8,0.947381
7700_8,0.8701566
7697_7,0.94853723
8628_4,0.16505408
5719_2,0.21304952
4761_2,0.02017732
8777_1,0.016529558
3525_1,0.22988081
11990_4,0.16559312
432_10,0.9838472
4115_3,0.60401946
10888_10,0.97754294
6995_2,0.0705596
11910_10,0.27590945
8895_1,0.016914913
12149_10,0.92788786
11782_8,0.05033063
12139_7,0.8338664
380_2,0.21337716
5242_10,0.96814114
3542_9,0.79438496
6821_1,0.1696809
6931_1,0.054600604
5958_9,0.94165415
5332_2,0.020332353
2630_2,0.015784562
6387_7,0.936285
7899_8,0.50878817
11017_3,0.16184944
11800_10,0.9829547
10926_10,0.97838473
9866_10,0.2714448
3203_2,0.07921033
11276_4,0.019419348
8342_2,0.30218512
6167_10,0.7013041
36_3,0.01243165
3340_1,0.014281935
3997_9,0.9763105
2627_10,0.9871788
4204_1,0.014281935
1018_4,0.62016165
10951_1,0.0145035805
5315_4,0.98087597
6301_7,0.9697854
12038_10,0.97423947
3164_10,0.9572778
10989_8,0.9871788
2449_9,0.98087597
4375_1,0.03704717
7037_3,0.79117644
33_7,0.9738444
7457_10,0.9518632
2082_3,0.05623634
1316_10,0.9863631
9097_3,0.03410043
5804_10,0.9826909
9411_1,0.0153063545
118_10,0.94417685
560_3,0.036769465
8914_9,0.7711549
2745_4,0.8940517
2607_1,0.013636835
4405_4,0.2991052
10451_1,0.02096424
1887_7,0.9585377
725_2,0.021948254
5118_4,0.032589745
9536_1,0.0140636265
127_3,0.18097351
2833_8,0.98469365
131_7,0.86153823
7789_10,0.93674946
6294_7,0.98481095
3872_4,0.024987794
5454_7,0.9334308
11162_1,0.013428254
1685_1,0.01461567
8352_2,0.02096424
5003_1,0.03138043
262_9,0.97068775
8233_8,0.94853723
1814_10,0.98646784
1967_10,0.26057756
7545_10,0.06418265
12386_2,0.034880888
9531_9,0.93195957
3013_1,0.017045317
6835_10,0.97539
1279_3,0.16995624
2411_1,0.022286188
9537_1,0.011331754
3446_10,0.9882222
656_4,0.02576056
7085_1,0.0140636265
8355_1,0.04922211
1869_3,0.10302443
2317_2,0.013020489
11228_4,0.016029146
3987_8,0.9859364
509_3,0.016152835
5168_8,0.96210754
9267_10,0.9882222
912_10,0.9656413
10275_9,0.9656413
2855_10,0.89143354
6079_4,0.5855752
2728_1,0.014842417
9895_4,0.26170814
8230_7,0.9795114
5152_4,0.692226
4137_8,0.9882222
919_10,0.96378
1481_1,0.06418265
2468_1,0.01384861
383_1,0.013222822
11552_4,0.018404892
856_7,0.9161096
9047_1,0.04369106
2300_9,0.9603612
1346_7,0.96814114
6316_4,0.94458723
7983_10,0.9658996
9685_10,0.41306275
2745_10,0.63443005
8149_1,0.09334688
9478_1,0.014728613
3126_3,0.02145073
11629_10,0.98228765
5858_8,0.95362175
200_8,0.9728308
7721_4,0.717408
12334_8,0.94853723
9582_4,0.042403832
5696_9,0.9026096
3823_3,0.28497383
11571_4,0.5940656
1349_9,0.98201376
4306_7,0.9539661
6924_1,0.6673645
10639_10,0.25720495
5674_1,0.18565173
11321_1,0.014957086
771_4,0.12592277
3519_1,0.025371313
2378_2,0.26721692
5677_10,0.9874721
2807_4,0.21900325
10165_9,0.9603612
6940_1,0.02178117
11015_3,0.651133
1055_3,0.030908957
11055_9,0.95531917
8173_1,0.92683524
10743_1,0.019870715
11927_3,0.18242551
8785_4,0.94458723
10995_1,0.01566365
11899_1,0.012624948
10078_10,0.97324073
11831_8,0.82104415
8182_1,0.8749346
9664_2,0.014842417
12229_9,0.9872773
6076_2,0.015189049
8529_2,0.057918087
4686_1,0.071073666
8174_9,0.9840936
7395_4,0.23440664
1803_10,0.98975134
2508_1,0.014281935
452_2,0.01395571
8830_4,0.258326
3240_4,0.86060363
578_2,0.013428254
3093_2,0.746139
9543_1,0.0145035805
9065_4,0.15253651
534_4,0.61180246
9762_2,0.032344334
3037_1,0.01883313
4632_7,0.85729086
5064_8,0.929951
9962_10,0.98667485
9340_10,0.89442116
5881_1,0.01678549
4642_10,0.9869795
5293_4,0.7762839
6721_1,0.0335895
9869_7,0.95976204
7070_10,0.9785493
12486_9,0.9724148
4943_9,0.9688562
7939_10,0.6907677
5786_3,0.13892843
10357_7,0.26416847
7147_10,0.987375
8627_10,0.9656413
3370_1,0.40992925
4117_10,0.9798227
8178_7,0.9740426
968_8,0.987375
5931_8,0.65201986
6459_2,0.032100707
2480_3,0.07978202
5511_10,0.3897207
7554_2,0.01507263
9276_8,0.98173577
140_2,0.04672496
2776_10,0.9830851
3690_1,0.8864204
6369_2,0.18565173
7438_10,0.9804314
872_9,0.7162186
2389_2,0.01784874
2882_3,0.585516
10404_9,0.9219218
5790_4,0.033336822
2382_7,0.98667485
7798_1,0.017712297
272_1,0.078642376
298_1,0.03904829
11414_7,0.91398406
9255_4,0.026556572
5914_4,0.049589027
2974_7,0.9184803
6739_7,0.9635062
1229_7,0.9079672
2268_10,0.9724148
2352_7,0.96210754
9329_10,0.98282325
11380_10,0.9801293
215_4,0.02017732
9915_2,0.014392335
541_1,0.113579586
10975_2,0.020488555
6946_9,0.8499712
3286_7,0.97520185
7482_10,0.97821885
48_4,0.6614857
10046_4,0.9005298
6295_1,0.015189049
6417_4,0.019271135
2401_4,0.037326884
8608_1,0.8701566
3500_8,0.1647851
11903_3,0.015906392
4012_2,0.17953056
11415_4,0.5400144
5835_4,0.016403032
9039_4,0.1229438
6526_1,0.02576056
6379_8,0.920218
6136_10,0.98242307
6094_4,0.0335895
11608_9,0.7213508
3745_3,0.72603726
10694_1,0.029090757
3222_10,0.97462875
3394_4,0.02517884
7790_10,0.92523
2982_10,0.98187524
12253_3,0.9805807
5900_1,0.24617073
3398_4,0.6940954
10038_7,0.59036595
1520_8,0.936285
11756_2,0.024987794
6228_1,0.07004896
6226_7,0.96458924
4377_10,0.97324073
9730_1,0.013532149
11088_4,0.030908957
7867_10,0.9559813
5072_1,0.02211659
7935_3,0.4602889
4536_3,0.19375686
6989_2,0.016403032
8101_8,0.9740426
3364_7,0.4261126
7862_1,0.018264279
8562_2,0.10374863
9783_9,0.9666631
7272_1,0.017309094
1025_3,0.0269635
9432_7,0.7866228
4153_8,0.9882222
8528_1,0.014281935
8427_4,0.6302299
5417_1,0.0433658
6575_1,0.270095
10041_8,0.8198933
7589_4,0.18862271
10391_9,0.9761292
1400_7,0.840259
9428_2,0.03963884
7106_3,0.017045317
5695_10,0.98707944
6430_10,0.98187524
11722_4,0.02297737
11328_1,0.012053779
9020_3,0.59775466
183_10,0.97684664
6674_10,0.98102194
5495_10,0.91117966
2237_7,0.90958625
11943_7,0.9700135
5872_10,0.9164094
5043_9,0.96691406
3869_1,0.05340333
5113_4,0.7348813
4671_3,0.02017732
9220_4,0.099820666
7330_1,0.013222822
5344_3,0.50878817
11965_1,0.06418265
7620_9,0.95430803
7044_10,0.95976204
6296_10,0.9348725
8204_1,0.015784562
7661_9,0.8812066
11708_2,0.36937195
2415_7,0.9403531
7840_4,0.02865267
2628_10,0.9869795
4633_3,0.19744444
7320_2,0.01243165
11755_1,0.4661165
2589_2,0.064653486
5044_10,0.9840936
5189_1,0.013222822
7926_7,0.93721074
2454_10,0.97520185
3368_1,0.013636835
12223_7,0.9603612
7348_1,0.0153063545
12007_8,0.96378
5501_7,0.88875884
4025_8,0.9851576
6447_10,0.88875884
5438_3,0.54043883
7910_10,0.96814114
377_1,0.018978037
409_8,0.9840936
2150_9,0.9449947
11986_2,0.058776557
2544_2,0.93721074
5141_10,0.9839708
8305_3,0.9572778
8329_10,0.9849274
2333_8,0.3366581
5171_4,0.014281935
5412_10,0.9724148
1081_10,0.98201376
10773_7,0.9837225
1969_10,0.8951567
8276_10,0.9811669
1244_1,0.014842417
7113_2,0.18155324
9535_2,0.25238404
4627_7,0.9697854
10757_4,0.25164768
10091_10,0.94891727
5211_10,0.020645931
7510_7,0.8864204
11674_10,0.97702265
5299_8,0.97462875
3515_8,0.9785493
10143_3,0.45108464
2274_10,0.9738444
2372_3,0.26340988
3116_8,0.98646784
7340_3,0.017712297
1394_9,0.9591543
2047_9,0.9500415
8587_2,0.81227237
11579_10,0.2683658
942_10,0.98571813
9355_4,0.22918999
8812_10,0.9881309
4732_2,0.019870715
3180_10,0.9839708
310_9,0.92683524
3980_8,0.9730365
6923_2,0.055412795
2424_9,0.81757444
1092_4,0.015906392
9238_7,0.9777139
2382_2,0.011687259
3579_1,0.029090757
6801_8,0.9425068
3768_8,0.78199726
11717_10,0.9802808
10001_9,0.9755769
355_10,0.9693242
8896_1,0.039342504
9772_1,0.026556572
7624_10,0.64299315
1102_3,0.013222822
10949_9,0.9761292
1269_10,0.9801293
11768_4,0.025371313
5555_4,0.91490096
2233_9,0.896614
6567_8,0.86613256
12130_8,0.98481095
8587_7,0.9877587
10973_1,0.016152835
3863_10,0.9759464
9220_8,0.2877678
7579_10,0.9884919
4411_10,0.19806418
2093_8,0.8250265
10883_10,0.9850429
3583_3,0.014842417
1396_8,0.9539661
1930_3,0.057918087
8779_1,0.040237945
12478_9,0.9787127
176_9,0.9697854
11733_10,0.96095175
11368_1,0.013020489
4077_8,0.9348725
11056_7,0.9658996
5567_3,0.027795624
8549_3,0.11676401
9743_1,0.08210663
6916_9,0.97788346
6147_1,0.9462003
7820_7,0.9603612
1352_7,0.9686196
5337_10,0.9759464
12285_3,0.018978037
8992_2,0.014392335
4644_2,0.015906392
9793_10,0.98159516
2359_10,0.87191176
2137_9,0.98215127
10559_3,0.02096424
2679_3,0.024237636
10010_2,0.0269635
11987_10,0.45859116
8824_10,0.98667485
11418_7,0.9798227
2423_9,0.9582261
1576_7,0.16238004
7947_4,0.02865267
1714_10,0.9603612
6006_8,0.98469365
939_8,0.9582261
3755_4,0.076407686
3213_3,0.055005286
164_2,0.020645931
1123_10,0.9394706
7397_7,0.35092172
822_1,0.0140636265
5631_2,0.7401744
10464_10,0.9334308
11397_10,0.9761292
10679_3,0.06052939
8205_1,0.014281935
6947_10,0.88523525
2000_1,0.01678549
4075_7,0.97520185
1388_8,0.9164094
446_1,0.01384861
1063_2,0.01384861
6030_3,0.15304215
5613_2,0.022457054
8759_3,0.79565805
12169_1,0.01627746
5111_4,0.16317856
2891_4,0.18594718
827_1,0.02211659
6229_8,0.49853516
2212_4,0.9539661
4788_9,0.9190633
8859_1,0.02211659
9798_10,0.9805807
9763_9,0.7033458
3889_7,0.9329437
3275_8,0.967163
5106_10,0.8344069
7576_10,0.98657167
9405_3,0.26549944
7108_1,0.016657041
9794_10,0.98087597
2653_10,0.7217432
10545_10,0.95257413
12306_10,0.9686196
4696_2,0.015189049
7982_10,0.9879462
11066_3,0.630685
10034_1,0.016403032
6035_3,0.023330767
9518_9,0.9585377
1266_8,0.9795114
11336_9,0.97966766
4159_10,0.98942953
9375_8,0.9693242
5204_1,0.015424551
3360_10,0.97737074
5659_1,0.0433658
8839_4,0.48511183
4529_7,0.98469365
3283_2,0.2247353
5376_7,0.9142907
5379_8,0.9719925
5266_4,0.0145035805
7463_9,0.9603612
3595_1,0.0145035805
3141_10,0.9263037
9986_2,0.59930927
4279_1,0.025565214
1427_4,0.33780402
8357_10,0.95257413
715_4,0.5829808
8482_9,0.9572778
3091_10,0.93045825
5735_7,0.9022657
3100_4,0.01507263
11447_8,0.87191176
4577_1,0.016914913
10287_10,0.9522199
3384_3,0.018404892
3820_9,0.8524448
8883_3,0.015906392
11279_10,0.7446563
3093_8,0.95791227
10465_3,0.021948254
4423_10,0.9840936
601_3,0.34620968
1902_10,0.98469365
1509_8,0.78365755
3019_9,0.9693242
11994_9,0.94699025
4246_2,0.27028757
842_10,0.9700135
4917_8,0.9465967
68_1,0.036769465
6613_2,0.080936715
7230_10,0.83004373
6183_4,0.01461567
338_10,0.6017325
6182_8,0.98282325
2409_1,0.076407686
9965_8,0.9697854
1336_10,0.8392076
4456_2,0.049958523
12437_8,0.9830851
8437_10,0.9518632
409_4,0.017176708
2303_10,0.8198933
2144_9,0.4402286
2302_8,0.9695556
385_9,0.8568123
3617_8,0.9492946
5450_7,0.52609926
6882_4,0.012624948
2980_4,0.117572136
9828_4,0.019419348
10745_8,0.9429286
3478_1,0.7776378
2167_2,0.016657041
5562_2,0.01566365
8771_7,0.045692034
8372_10,0.9777139
10749_8,0.8795612
7394_10,0.18010665
3711_7,0.97482115
5375_1,0.13753249
7881_7,0.9425068
7023_2,0.01883313
206_10,0.98481095
4760_9,0.9572778
12026_1,0.014281935
12182_10,0.8110782
1821_8,0.9874721
10828_1,0.017176708
2446_10,0.74576885
5327_10,0.93581736
5727_3,0.014281935
11460_4,0.4263216
6484_10,0.96295285
3555_4,0.7126323
10641_8,0.9656413
650_3,0.82161736
1467_10,0.9830851
7651_3,0.037892424
11459_4,0.35342818
9255_10,0.96485513
7888_10,0.9839708
4118_2,0.016403032
2540_9,0.84695786
2152_7,0.909907
2614_10,0.9263037
2892_10,0.97997653
3878_1,0.015906392
273_10,0.9813107
5565_10,0.7588682
444_10,0.98625773
11062_10,0.97344345
5184_1,0.016657041
12140_3,0.016403032
3254_8,0.30923226
11537_7,0.14080817
7606_10,0.97324073
6120_2,0.024237636
7416_10,0.9838472
10759_3,0.34037557
12255_9,0.9829547
1114_10,0.9757624
6827_8,0.89256257
10246_2,0.088504665
204_9,0.9860443
5816_10,0.93581736
2693_9,0.97821885
2578_2,0.1647851
4958_3,0.27571437
7873_10,0.98282325
8795_2,0.031618766
1431_3,0.01384861
11635_7,0.107812636
1327_3,0.014842417
10813_7,0.91367656
9764_4,0.2863688
5861_8,0.6834195
8995_3,0.026556572
2243_1,0.01798621
11708_7,0.9830851
1998_2,0.017176708
11887_8,0.9860443
4836_10,0.8828326
1603_4,0.03567855
9860_4,0.17412922
1728_1,0.20850107
12108_1,0.015543648
9756_4,0.97462875
1325_3,0.045352582
5174_1,0.7735587
9917_2,0.01757688
6101_1,0.023153413
2010_10,0.9868787
1132_8,0.96691406
8516_1,0.016529558
3563_1,0.019271135
2362_10,0.9314625
10971_1,0.014392335
8672_9,0.81582016
2863_2,0.01566365
2750_1,0.120025635
8599_4,0.20561504
12115_7,0.53193885
4921_2,0.014957086
2975_2,0.019870715
4245_8,0.97966766
10778_10,0.9766692
7816_7,0.97112906
9131_1,0.91730267
5541_3,0.024237636
7956_1,0.020023443
780_3,0.25164768
1052_10,0.8529355
6842_8,0.98481095
8279_10,0.9891816
9653_3,0.3625177
3025_1,0.016914913
1174_1,0.0705596
1039_10,0.96814114
4609_10,0.97788346
2150_1,0.018404892
6289_7,0.950411
2963_2,0.01784874
8801_1,0.090092994
5196_7,0.97112906
5723_2,0.06233104
10530_10,0.9798227
9473_1,0.042403832
3355_3,0.012821214
5388_3,0.41970742
12102_2,0.02178117
11038_10,0.8056322
9672_1,0.017309094
6875_8,0.63601404
4754_8,0.9697854
6814_3,0.025565214
8937_3,0.117572136
7077_4,0.52147114
1782_1,0.01798621
631_4,0.15052764
7876_1,0.026556572
74_4,0.023870835
2846_9,0.27963173
4190_1,0.053009775
7843_4,0.94699025
7528_7,0.81047887
2396_8,0.97997653
790_1,0.017176708
2020_7,0.97719735
2526_1,0.01812472
8104_8,0.966156
12372_2,0.017045317
417_1,0.3015677
1318_2,0.01566365
4530_1,0.019719128
2370_4,0.947381
1886_10,0.98677725
9386_1,0.015189049
7863_1,0.022802636
3864_10,0.983343
6559_2,0.022286188
7855_7,0.97966766
1672_1,0.019419348
8453_2,0.49438497
8373_3,0.0145035805
9770_10,0.9875683
12009_1,0.016914913
2770_3,0.022457054
4618_7,0.9686196
9797_10,0.9804314
6605_1,0.07343005
10176_1,0.55615854
8949_10,0.9795114
5401_7,0.4471585
3295_7,0.9829547
4791_1,0.025957355
4016_1,0.053009775
4314_10,0.70212173
2903_1,0.018546565
3835_9,0.6575384
7532_1,0.013020489
729_10,0.89982784
5753_1,0.9124362
11976_2,0.016657041
3027_1,0.09704755
9721_9,0.96909106
11295_3,0.14270912
3241_1,0.02297737
5389_9,0.9693242
9889_1,0.82782817
3522_4,0.014728613
10865_8,0.98549646
1015_8,0.9314625
5048_10,0.9868787
2671_2,0.047425874
2841_4,0.1229438
4928_1,0.21337716
10499_1,0.3691445
9409_10,0.9787127
974_10,0.2910816
11582_7,0.95695716
9988_10,0.98421544
3463_8,0.9076402
5194_1,0.8407826
3377_4,0.04177388
4352_1,0.027376488
10862_1,0.013222822
1545_7,0.7676898
9801_10,0.95257413
1905_2,0.025957355
12276_9,0.97997653
7544_1,0.01384861
10056_1,0.032589745
3623_1,0.02211659
4013_7,0.96485513
1294_4,0.02145073
10285_9,0.9814534
7793_10,0.9840936
3809_9,0.9688562
4586_3,0.012053779
7511_1,0.5292634
10873_4,0.01461567
4888_8,0.76629364
4349_10,0.8697146
1531_3,0.018264279
8884_3,0.03461884
7336_3,0.5440748
9688_10,0.96765566
7208_1,0.01678549
4355_8,0.97737074
6098_2,0.01384861
9106_10,0.91181
6422_1,0.016029146
2054_9,0.8601343
550_8,0.8044059
402_8,0.94776917
11832_10,0.98677725
10256_10,0.9843364
6131_1,0.013222822
11907_4,0.21950477
4459_4,0.5173271
8555_7,0.94776917
5079_2,0.016029146
10304_2,0.023870835
10489_1,0.02479816
566_3,0.11047115
1999_1,0.013222822
590_1,0.05184547
11159_1,0.03594832
10612_9,0.9079672
10810_2,0.423458
11658_4,0.23405632
1950_9,0.938576
8977_4,0.11397346
9040_1,0.10856642
2891_10,0.95976204
2966_10,0.98228765
8665_4,0.046378206
6600_1,0.016029146
9308_1,0.13072868
7870_10,0.98934746
10511_1,0.07751766
7235_8,0.7291342
132_9,0.9851576
1575_8,0.94815457
3328_8,0.9511422
3273_1,0.014728613
9475_4,0.91550726
10938_7,0.14080817
8143_7,0.9056566
9003_10,0.9572778
9854_10,0.98657167
9932_2,0.019870715
1017_7,0.7701192
4386_9,0.9678993
1105_3,0.2863688
7315_7,0.23231015
37_9,0.9853843
8409_10,0.97719735
12118_1,0.10302443
1665_8,0.9843364
10284_1,0.013636835
8922_3,0.2639787
2524_2,0.02096424
11205_2,0.013636835
4676_8,0.97684664
10479_4,0.84389514
9849_8,0.66039145
4841_3,0.66082937
9153_9,0.9849274
9279_8,0.9863631
11008_10,0.97997653
614_10,0.98549646
167_2,0.014957086
2041_1,0.016529558
6509_8,0.95791227
9832_7,0.7567173
5939_7,0.34356195
3267_3,0.02145073
3555_9,0.9207897
1668_7,0.141756
11048_1,0.016029146
1856_3,0.13072868
4426_10,0.9849274
8457_3,0.28557116
6603_10,0.93439513
4738_1,0.019870715
11762_8,0.9511422
2078_10,0.983597
6754_1,0.013222822
11721_2,0.22337706
11558_3,0.70578504
973_10,0.7412996
814_4,0.016403032
2102_3,0.014392335
11394_4,0.7405498
312_4,0.044348583
2994_1,0.057918087
5649_7,0.8344069
7281_8,0.8529355
2756_4,0.022286188
2137_1,0.019870715
8696_2,0.018404892
1158_3,0.5409239
4531_1,0.023330767
10047_10,0.98646784
683_7,0.6490227
8645_10,0.7927853
889_3,0.063714996
4202_2,0.014957086
3859_10,0.98445636
5038_8,0.9825575
6906_9,0.9549844
4154_8,0.97903574
9548_1,0.013636835
4434_9,0.9761292
9235_9,0.91550726
2368_8,0.9511422
8391_2,0.017045317
1391_7,0.95362175
4317_1,0.01384861
8345_4,0.300951
8610_1,0.026355354
2888_10,0.95257413
5597_3,0.016403032
4900_7,0.2656899
3016_2,0.01507263
1057_2,0.65665823
5143_8,0.96432143
6932_2,0.035144847
7879_10,0.9730365
9300_3,0.015424551
12142_2,0.10447732
3426_3,0.28081354
7977_7,0.81405276
1573_3,0.89478946
336_10,0.98677725
4248_10,0.28298813
9693_7,0.018264279
7753_4,0.27163795
2290_10,0.93674946
9156_8,0.89982784
5526_4,0.024237636
3896_8,0.96095175
8520_7,0.8454327
3566_4,0.7364006
6386_7,0.97423947
4201_1,0.98975134
372_9,0.98667485
6768_8,0.77662295
9177_8,0.95565146
1079_1,0.38974974
934_10,0.9757624
11918_2,0.045015533
4867_4,0.016529558
12449_8,0.9730365
7907_10,0.98840266
4508_3,0.016529558
1075_2,0.033336822
11466_8,0.8705973
10935_2,0.6932653
4826_9,0.9124362
4814_7,0.97112906
8676_4,0.7833262
1058_1,0.013428254
7831_2,0.013222822
1150_9,0.97324073
5395_1,0.027169231
5435_7,0.9433476
1745_1,0.01757688
11278_4,0.015784562
8629_1,0.16721867
3145_9,0.9807288
8108_10,0.92788786
6377_1,0.036493763
10298_1,0.031858858
12265_1,0.20882356
11930_8,0.16026603
2511_10,0.98657167
7955_1,0.014842417
2335_9,0.9651191
3194_10,0.9868787
6724_10,0.94966936
9406_1,0.7574357
11369_1,0.02145073
1972_4,0.0145035805
6900_8,0.97520185
7813_7,0.96691406
785_7,0.81873685
6368_3,0.064653486
2163_1,0.013636835
11487_8,0.9853843
4292_7,0.9635062
7451_4,0.022457054
11465_2,0.04813677
7641_8,0.9826909
8250_8,0.626067
4490_1,0.068537496
10452_1,0.2143623
7442_3,0.024053553
3027_9,0.9845754
235_7,0.9805807
3750_7,0.97023994
8700_1,0.014842417
3584_10,0.97903574
7217_7,0.91964257
7769_10,0.9876639
10149_9,0.453988
7607_2,0.015784562
7749_1,0.015189049
12067_1,0.042722195
388_10,0.9606575
6596_1,0.020332353
10242_2,0.06754669
3853_1,0.014957086
5726_4,0.0570714
9031_9,0.14755519
1543_7,0.90632194
1442_8,0.971564
6336_10,0.96485513
5929_4,0.888372
3378_3,0.7122322
183_4,0.2432827
3518_9,0.9807288
5870_8,0.98667485
5053_4,0.0140636265
7330_7,0.94458723
9553_9,0.8828326
9552_10,0.9688562
8515_10,0.0226292
1666_9,0.896614
6661_3,0.69884354
8721_1,0.01627746
1368_1,0.25312182
5076_9,0.8250265
12353_2,0.23651622
1099_7,0.97821885
8669_9,0.563378
2564_8,0.91730267
4369_10,0.97462875
11951_4,0.02096424
11384_3,0.06418265
7459_3,0.74576885
6776_9,0.9777139
6673_3,0.02211659
2500_8,0.9563089
8739_3,0.0140636265
3828_1,0.046378206
7945_2,0.20434189
7934_10,0.9750122
4571_1,0.059646945
11689_7,0.96458924
3681_10,0.9763105
5110_4,0.028870907
5953_8,0.8092759
10906_4,0.01384861
3424_8,0.9403531
6492_7,0.96641046
10450_1,0.014281935
4856_8,0.13028543
12019_1,0.02096424
1390_8,0.9600627
6452_4,0.19253936
4916_4,0.024237636
3979_3,0.05379964
6023_3,0.014392335
5762_1,0.01461567
4176_9,0.9825575
7194_2,0.029986506
3143_7,0.21011725
954_8,0.93721074
5291_1,0.277473
2258_1,0.08694165
5412_1,0.014842417
4088_3,0.05223086
4312_1,0.015543648
517_1,0.014842417
5601_1,0.018978037
288_1,0.085403666
234_3,0.28041926
6665_8,0.9845754
6957_3,0.012241275
4454_2,0.078078166
3270_8,0.97090924
4500_3,0.7666432
7551_1,0.014281935
9033_4,0.7337381
2619_10,0.6012424
10093_10,0.94699025
5483_2,0.81582016
8383_1,0.01798621
11683_1,0.08756384
10649_1,0.3129996
181_3,0.858244
3668_2,0.02350945
3769_1,0.013222822
11519_3,0.7364006
5716_10,0.9763105
10918_8,0.6441132
3103_1,0.016914913
7210_10,0.9785493
2515_8,0.97324073
8424_9,0.6165896
1404_10,0.9850429
3158_10,0.92892635
4996_2,0.014172365
5493_3,0.01812472
8540_9,0.95430803
8960_8,0.93439513
11274_3,0.040237945
11067_10,0.98228765
3335_2,0.02517884
6578_4,0.0153063545
916_10,0.9766692
3844_1,0.014392335
7108_8,0.8976953
565_2,0.7531037
11622_3,0.015189049
10700_1,0.0140636265
10483_1,0.357119
8951_9,0.9001793
6326_8,0.9780517
3035_8,0.97821885
2292_10,0.95695716
11013_4,0.02517884
10618_1,0.06705628
11544_1,0.015543648
7550_10,0.63624007
289_8,0.98228765
6571_10,0.97539
6056_10,0.45108464
10814_1,0.012624948
9377_1,0.014957086
1577_8,0.26416847
9268_9,0.9883128
10116_10,0.98657167
7411_10,0.97702265
12279_4,0.5234204
3575_1,0.014281935
8105_8,0.9213576
6092_10,0.95257413
12406_1,0.020645931
1117_2,0.012241275
12358_7,0.76454014
4469_9,0.9785493
7055_2,0.016403032
10412_8,0.9807288
12155_10,0.4233984
11222_3,0.01627746
9622_9,0.9546474
8992_8,0.9757624
5305_3,0.14033625
8111_10,0.98667485
3436_1,0.0145035805
2748_8,0.9780517
6527_10,0.9750122
672_8,0.9603612
8172_4,0.341912
5513_10,0.87831426
741_7,0.82615143
8886_7,0.9785493
6939_1,0.018264279
12235_1,0.017309094
10607_1,0.013222822
4708_10,0.81815636
9034_10,0.98677725
6600_10,0.96210754
2934_1,0.01627746
12168_10,0.9869795
9362_9,0.93195957
9627_8,0.9879462
9547_8,0.86748546
4108_2,0.013636835
10293_9,0.24184734
10105_8,0.93045825
11864_7,0.9572778
2843_7,0.03704717
836_9,0.30507588
6201_1,0.013636835
8192_4,0.92683524
2596_1,0.020023443
6847_3,0.909907
8794_1,0.0894546
7281_4,0.020023443
9678_2,0.02297737
10950_3,0.023689471
5845_4,0.031143833
6187_10,0.94815457
4684_9,0.6940954
10852_1,0.6806664
11542_3,0.026556572
5385_1,0.57654196
9597_3,0.1338675
8975_3,0.8587186
10766_3,0.7567173
4236_8,0.49926758
118_1,0.013742321
7278_7,0.97046465
11069_7,0.97997653
1002_3,0.9032942
4210_7,0.9777139
8514_10,0.9190633
9676_1,0.08269735
11826_10,0.90829307
8216_8,0.94815457
575_4,0.042722195
3867_8,0.6819386
321_10,0.9849274
1654_1,0.0269635
973_4,0.030908957
8796_3,0.01461567
145_1,0.015424551
2649_2,0.05184547
2432_2,0.33448073
5713_10,0.96295285
6851_1,0.80069196
3523_7,0.909907
9862_9,0.9615338
8888_9,0.31912136
12343_1,0.015784562
2298_9,0.9832145
7129_1,0.01461567
12163_7,0.42966864
1090_1,0.014842417
8249_7,0.9777139
3716_7,0.8454327
8095_4,0.022457054
9739_8,0.9695556
7041_1,0.027795624
7673_10,0.97737074
210_4,0.06903793
283_8,0.9615338
12361_9,0.9834705
9254_10,0.98707944
5598_1,0.014281935
128_10,0.9860443
11557_7,0.8349459
10232_10,0.8778961
10747_7,0.9761292
9984_9,0.98159516
9618_1,0.032344334
7976_10,0.9465967
5788_10,0.929951
7378_4,0.4106972
2047_3,0.03461884
10053_10,0.96458924
8399_4,0.07316472
7925_10,0.9845754
6830_9,0.93581736
2530_9,0.908618
9521_1,0.04177388
784_10,0.9877587
10417_7,0.9837225
2198_9,0.9750122
8219_8,0.9339146
6896_4,0.27610457
5341_7,0.9868787
2386_9,0.9585377
2323_8,0.7735587
9028_2,0.054198727
6983_7,0.96295285
9885_7,0.91789335
11720_1,0.059646945
8409_3,0.032836955
5797_7,0.97090924
7729_9,0.9860443
10591_10,0.9845754
9593_9,0.97966766
6364_4,0.015189049
7215_3,0.044680875
3653_2,0.019870715
4533_8,0.74761593
10899_8,0.9046505
8312_10,0.93991333
9543_10,0.9853843
5608_8,0.8610715
1432_10,0.42155182
5562_9,0.9834705
12171_9,0.7606507
4428_10,0.9883128
2062_2,0.035144847
8468_8,0.9563089
827_8,0.9394706
11539_3,0.017176708
4215_3,0.0140636265
11310_3,0.3292839
4525_1,0.013222822
2093_1,0.014281935
11238_4,0.35131106
5523_8,0.9635062
9848_9,0.98201376
10000_4,0.0145035805
10304_7,0.98173577
511_3,0.06903793
1807_7,0.68637
9080_7,0.1187934
1808_9,0.9635062
6283_8,0.90397453
5913_1,0.014281935
685_1,0.63815904
9505_8,0.1735682
7152_1,0.020804489
11292_1,0.0145035805
8334_10,0.96741027
11476_1,0.015424551
3431_10,0.73335636
4019_1,0.02017732
7292_3,0.019568678
1990_7,0.89912134
1574_1,0.04054074
5516_8,0.9759464
4687_10,0.92523
11493_2,0.014728613
771_9,0.97737074
8864_1,0.023870835
3001_7,0.94776917
423_2,0.019719128
5062_7,0.44215474
5198_1,0.015189049
7303_1,0.017712297
7433_2,0.022457054
3085_7,0.9755769
3293_9,0.98527133
12426_7,0.8610715
5775_3,0.04672496
7358_1,0.014842417
3851_2,0.028436033
4785_10,0.880797
9650_4,0.01757688
553_9,0.9869795
401_10,0.97966766
11522_8,0.9719925
5222_7,0.9603612
5042_7,0.8025555
2638_7,0.18742996
11883_10,0.98646784
11476_10,0.9511422
4999_10,0.9861514
10360_1,0.15559098
3443_9,0.9884919
1138_1,0.039342504
1898_10,0.96458924
6069_3,0.03963884
12101_2,0.013121271
1953_10,0.59945583
8679_10,0.9856076
10348_10,0.9744348
2208_3,0.04208773
3886_8,0.9763105
3734_2,0.67405045
1330_10,0.93721074
4639_3,0.019419348
6837_7,0.8548847
6520_8,0.9840936
653_10,0.95430803
5373_1,0.6984323
8074_10,0.96485513
3906_8,0.8333246
9264_1,0.022802636
2160_2,0.2600135
624_3,0.9219218
3899_1,0.016152835
2181_7,0.018404892
7932_4,0.87234735
8278_1,0.52658623
7162_9,0.9635062
185_4,0.04401865
1997_8,0.93721074
7295_9,0.02096424
1083_3,0.01627746
4678_2,0.074231364
4859_10,0.6570985
9091_8,0.98527133
397_3,0.01395571
11157_9,0.7690802
11261_10,0.91274774
10828_9,0.98469365
2452_7,0.93195957
10268_7,0.9224824
10306_1,0.025371313
18_8,0.98646784
7998_10,0.94776917
8574_10,0.96124375
2953_10,0.9840936
8996_9,0.98707944
7389_9,0.9881309
202_4,0.10158945
5612_4,0.79755676
9916_8,0.053009775
7606_1,0.01507263
1585_8,0.35706297
11803_2,0.11716748
236_10,0.92523
7827_4,0.13986564
5423_2,0.4773105
3625_1,0.030214587
9887_9,0.987375
3429_8,0.97520185
372_2,0.019271135
1228_4,0.03308598
7891_10,0.91181
4387_1,0.0140636265
6067_1,0.2921912
7822_1,0.037326884
10898_2,0.0140636265
512_2,0.014281935
647_9,0.47317037
5361_4,0.01507263
8583_4,0.01507263
2858_2,0.8255897
4920_10,0.9840936
6857_2,0.18184364
925_2,0.013532149
2959_3,0.7641884
11481_10,0.057493284
10824_1,0.040845715
1577_4,0.12252322
2231_7,0.9053223
11545_3,0.19223589
1539_2,0.019719128
9657_4,0.05834584
10362_7,0.9353465
11131_2,0.0145035805
9833_7,0.9730365
8495_10,0.98228765
11781_2,0.08819005
1056_8,0.9433476
9402_1,0.014728613
6212_1,0.015189049
3151_1,0.01798621
5921_3,0.21206881
2198_4,0.0460339
269_2,0.37949336
11464_8,0.97754294
30_4,0.047425874
5300_1,0.01395571
2277_3,0.031143833
10410_10,0.9700135
5233_1,0.27512974
4336_10,0.81582016
3084_10,0.93721074
2908_8,0.9807288
2814_4,0.32402143
8347_10,0.98469365
2319_1,0.016914913
16_1,0.023330767
821_10,0.9860443
2793_10,0.85342485
9909_9,0.9623913
6934_3,0.42488918
9138_1,0.02297737
702_1,0.0145035805
3886_3,0.014172365
8311_8,0.971779
9199_1,0.01627746
1254_10,0.98282325
6590_7,0.7442848
3040_8,0.98866826
849_7,0.9755769
7555_10,0.9878528
9668_3,0.80069196
10942_7,0.7264256
11343_2,0.10052487
7906_10,0.9780517
11671_10,0.7981868
126_4,0.8221891
9623_8,0.9853843
2872_3,0.0145035805
11895_10,0.9845754
3245_1,0.046378206
6145_8,0.96458924
1022_10,0.9207897
6261_1,0.058776557
6888_3,0.94208187
12443_1,0.013636835
7433_10,0.97520185
6512_7,0.43182376
4161_9,0.9875683
6745_7,0.80685264
1993_10,0.8774768
6325_3,0.025371313
12484_9,0.89442116
2204_10,0.98242307
8065_7,0.92892635
1705_7,0.66671383
9370_1,0.019124037
6150_1,0.0145035805
3587_10,0.98087597
1906_1,0.02145073
5706_4,0.9403531
3854_9,0.97520185
9655_3,0.017442483
6736_2,0.015543648
2096_9,0.9224824
2846_2,0.28497383
11849_1,0.013020489
5224_1,0.01507263
2987_8,0.9130583
11058_8,0.8940517
2917_3,0.021287354
459_9,0.950411
9418_7,0.96691406
5803_2,0.1576549
6742_10,0.9853843
2268_4,0.06804042
6832_7,0.9324533
4834_7,0.9804314
9532_1,0.42250463
8197_8,0.9850429
7728_1,0.047074176
1958_2,0.027169231
5380_8,0.9124362
4896_2,0.04885778
9529_2,0.016152835
3322_7,0.9740426
7629_4,0.047780063
9962_4,0.27963173
9277_4,0.026355354
1071_2,0.0145035805
8266_2,0.023153413
6812_8,0.95791227
3196_7,0.300335
3430_2,0.03846619
6052_10,0.9719925
221_3,0.01566365
3244_1,0.0269635
4846_1,0.019870715
2876_7,0.13117322
4247_4,0.01384861
11608_1,0.014842417
564_4,0.6706083
1978_2,0.28022227
4089_10,0.86385167
1633_8,0.983597
8983_4,0.6232622
10909_7,0.94853723
8135_8,0.27318642
12238_1,0.017442483
9564_3,0.019124037
10174_9,0.96741027
1690_9,0.95430803
4756_8,0.95292586
10718_10,0.9881309
3489_7,0.47572714
2124_1,0.0145035805
3842_3,0.014842417
2700_4,0.08509905
5960_8,0.96691406
6193_1,0.7185944
6719_7,0.9161096
7922_8,0.92468774
12132_8,0.9019207
10169_8,0.97887486
1486_4,0.088504665
8455_1,0.20882356
10019_1,0.015189049
7028_10,0.9724148
787_9,0.9763105
2414_4,0.016914913
7182_7,0.76171577
5548_9,0.96641046
3963_7,0.5202526
1584_7,0.88602656
6825_3,0.06656919
6588_3,0.039342504
10573_3,0.3488669
6693_10,0.96432143
5541_7,0.9750122
12053_9,0.9329437
3662_9,0.97887486
6829_10,0.9874721
285_10,0.97903574
1270_4,0.1066906
4320_10,0.13753249
1333_3,0.019719128
6618_1,0.9273633
10119_1,0.022286188
2886_1,0.020645931
8811_7,0.9433476
11087_9,0.97966766
3436_8,0.9005298
10479_10,0.96378
8365_9,0.9791955
12140_8,0.9697854
6981_7,0.9549844
10447_2,0.019568678
10352_1,0.013222822
943_8,0.97324073
513_1,0.018264279
11192_1,0.15559098
587_3,0.5696133
3420_10,0.7728737
10030_7,0.8710367
3026_10,0.95565146
3145_1,0.404184
2230_9,0.20561504
5193_1,0.01395571
11337_8,0.98173577
3601_9,0.97903574
3628_10,0.9860443
4952_10,0.9688562
1775_10,0.96691406
8141_4,0.030214587
572_3,0.07696084
6732_3,0.057918087
4274_4,0.12506539
5892_3,0.23545979
7035_10,0.9883128
5354_4,0.7213508
4264_4,0.11436852
8151_9,0.9780517
376_2,0.028870907
5352_1,0.044348583
1365_8,0.97068775
8272_10,0.9838472
6942_4,0.120438814
9067_4,0.8255897
11428_1,0.026155619
7308_3,0.5912513
8349_10,0.98421544
11336_4,0.9591543
551_9,0.98445636
4721_10,0.9843364
4862_1,0.06656919
5469_4,0.04885778
3834_10,0.9881309
4717_10,0.98549646
4202_9,0.94122344
5335_4,0.88602656
7587_8,0.95362175
10827_4,0.036493763
3432_1,0.013020489
6110_4,0.7994423
5618_7,0.7921428
11808_1,0.016914913
9293_4,0.8134608
2163_8,0.93674946
4802_1,0.06142404
5476_7,0.9849274
9991_1,0.017176708
2681_10,0.96538115
11728_2,0.94966936
1466_8,0.9559813
4853_7,0.9761292
3668_9,0.9777139
5334_7,0.9688562
12017_8,0.96432143
2046_9,0.983343
2652_7,0.95945925
2250_8,0.88602656
2253_1,0.028436033
9733_10,0.34908882
3_4,0.8548847
6129_8,0.8929365
6858_3,0.045015533
371_8,0.44046926
1111_3,0.21109137
12330_1,0.02297737
3219_1,0.018546565
11372_9,0.9795114
1434_4,0.38369903
8232_7,0.8333246
7883_1,0.016029146
9151_2,0.034358688
10574_3,0.053009775
9376_8,0.9678993
7737_1,0.4464947
7410_8,0.86153823
10488_7,0.81227237
5906_10,0.9832145
5308_10,0.9837225
11266_2,0.04115289
7627_1,0.01627746
218_3,0.016529558
9031_2,0.012624948
3427_10,0.98571813
8532_3,0.014842417
6588_9,0.95695716
9744_1,0.0226292
3061_1,0.015784562
11668_9,0.97966766
9331_1,0.016029146
238_9,0.9719925
10593_8,0.55579686
4441_9,0.96765566
3717_3,0.016029146
5618_4,0.03704717
4353_10,0.9787127
1268_2,0.04208773
5178_3,0.07004896
2991_1,0.11008788
9976_9,0.98625773
7891_1,0.01566365
445_3,0.48023492
11158_7,0.94122344
10328_1,0.013222822
9137_9,0.9688562
7399_2,0.024053553
1187_7,0.9263037
10642_1,0.07263671
3939_3,0.064653486
5310_9,0.9860443
2087_9,0.9861514
57_4,0.019419348
4645_10,0.96641046
1734_4,0.032344334
8924_1,0.0140636265
4418_3,0.015784562
9403_1,0.013636835
12065_10,0.9834705
6763_3,0.64237636
3882_8,0.85919183
7286_3,0.01627746
9259_9,0.9719925
5134_3,0.088820286
10166_4,0.90397453
8362_3,0.4193507
9701_4,0.8433798
4227_7,0.9606575
8483_10,0.98421544
6002_3,0.014728613
5815_9,0.9879462
9385_10,0.9190633
11047_1,0.015189049
6306_1,0.03461884
9141_2,0.014392335
4594_1,0.01784874
10471_4,0.01812472
48_9,0.9843364
8133_8,0.9805807
8493_1,0.3488669
3425_8,0.8705973
5731_9,0.9829547
4373_10,0.9324533
4366_10,0.74502754
6123_10,0.19961986
1430_3,0.014172365
508_7,0.532182
11600_10,0.9759464
11767_8,0.97997653
1597_1,0.012821214
7257_8,0.983597
244_2,0.014392335
116_4,0.6522414
7856_10,0.9802808
7640_9,0.9559813
10956_8,0.97966766
11002_3,0.8255897
11666_10,0.98102194
7683_4,0.025371313
10846_4,0.023330767
1317_2,0.013020489
5_7,0.45774266
8526_2,0.02096424
1526_7,0.8529355
3144_9,0.98707944
241_7,0.97462875
8953_1,0.01812472
5919_8,0.9678993
7983_4,0.07316472
5222_2,0.017442483
1662_1,0.030214587
5830_10,0.94539934
859_1,0.019419348
10761_8,0.022802636
12037_7,0.97068775
2629_10,0.98445636
1019_10,0.9798227
11270_10,0.2948237
620_8,0.87450653
6718_10,0.9105454
1402_8,0.82615143
6804_1,0.013742321
11743_1,0.024423089
3117_10,0.97324073
7441_9,0.9603612
4553_2,0.024609927
5182_10,0.9874721
81_9,0.8895288
8343_10,0.9724148
2030_1,0.014842417
7866_7,0.97262347
11132_1,0.016029146
879_3,0.026155619
6547_10,0.9798227
11166_4,0.014728613
7427_1,0.0145035805
5848_4,0.4267396
10734_2,0.015424551
11263_10,0.98159516
9761_7,0.16105616
7582_10,0.98677725
3849_1,0.014957086
8242_10,0.858244
309_10,0.89368117
5492_1,0.029760094
4294_2,0.67683357
7222_7,0.8864204
3365_1,0.0140636265
11084_7,0.96405166
50_10,0.9883128
3234_1,0.86613256
10155_7,0.02350945
1181_1,0.012821214
1505_3,0.014957086
11926_1,0.011687259
12174_3,0.25851315
4589_4,0.01812472
12421_8,0.9853843
1079_8,0.96485513
4852_8,0.94458723
11753_8,0.9738444
11257_10,0.96538115
8270_1,0.020645931
7690_3,0.36658975
12354_8,0.15974104
11419_8,0.96691406
7587_4,0.92892635
818_9,0.58292145
10431_10,0.98926485
12056_4,0.91212356
7595_10,0.9840936
2601_1,0.030908957
10022_10,0.98803884
4124_1,0.06804042
11573_10,0.9871788
9868_1,0.01384861
7093_1,0.17838266
4993_3,0.01883313
3192_8,0.9719925
8269_10,0.9826909
5767_10,0.87997437
8440_7,0.48072246
1038_10,0.9429286
525_9,0.9843364
689_3,0.024609927
10989_1,0.015784562
6166_4,0.051462766
6452_10,0.9868787
3217_1,0.01798621
11629_4,0.03846619
4338_1,0.014957086
2822_1,0.014281935
11252_7,0.3965939
11097_9,0.9859364
7124_10,0.98201376
261_3,0.05582314
7828_10,0.9719925
9030_7,0.6930576
9723_2,0.021615336
6924_9,0.9832145
11945_4,0.48145384
11811_2,0.013325147
3115_8,0.9802808
4381_9,0.7078088
676_1,0.45640975
8002_9,0.9546474
9209_3,0.7126323
1677_10,0.9688562
7094_7,0.9603612
12193_8,0.9407897
1227_7,0.34499493
9186_10,0.94458723
6117_1,0.014728613
8621_2,0.95759624
9729_1,0.013636835
12239_7,0.6331834
2465_2,0.044680875
4360_10,0.97903574
10538_1,0.016657041
3439_4,0.6579781
256_10,0.94122344
7114_1,0.029090757
3206_3,0.18184364
229_10,0.5070796
7501_3,0.04054074
3639_1,0.6417592
9751_9,0.9884919
8277_3,0.076407686
5276_4,0.06142404
1804_8,0.9890976
8497_1,0.018264279
7742_1,0.015543648
9755_7,0.77662295
8429_8,0.9688562
769_3,0.02517884
7452_10,0.91964257
1004_4,0.020488555
6393_10,0.94417685
7457_1,0.023330767
8182_10,0.9888419
11589_9,0.9838472
4718_8,0.3259495
5315_10,0.95292586
9927_3,0.016914913
6391_1,0.01384861
532_3,0.2560871
10544_10,0.9795114
3576_4,0.03704717
5420_4,0.12506539
7140_10,0.98087597
11018_4,0.016029146
7443_8,0.98625773
7399_9,0.9695556
12129_10,0.93439513
6876_3,0.85919183
9227_1,0.7759446
4983_1,0.024987794
2502_1,0.13799646
2584_9,0.9860443
5637_2,0.047074176
6497_10,0.9851576
8464_2,0.02350945
2070_10,0.047425874
4574_3,0.013636835
1642_10,0.9635062
356_9,0.9736447
8052_4,0.96641046
2457_10,0.98421544
6322_4,0.01784874
2218_10,0.96432143
10669_7,0.9651191
5296_2,0.09947021
1118_1,0.05223086
8588_1,0.026556572
12348_10,0.9462003
7990_9,0.96814114
819_7,0.38879207
10552_7,0.81227237
9126_4,0.15662017
11190_9,0.453988
6696_2,0.015543648
4906_10,0.9845754
6809_4,0.35583085
10032_1,0.76803803
2694_10,0.98102194
6411_8,0.97684664
11967_9,0.5109846
10190_1,0.018264279
316_1,0.014728613
5644_9,0.37857398
12083_10,0.9830851
9280_3,0.1066906
11735_2,0.10302443
5219_1,0.013636835
6810_3,0.018264279
7817_2,0.01395571
6753_9,0.065604836
16_8,0.5705108
3908_1,0.01678549
11502_10,0.96458924
523_1,0.015424551
11213_10,0.9763105
5058_8,0.87147486
3290_1,0.0269635
2954_4,0.62852144
7148_1,0.040845715
4455_7,0.7017131
1873_7,0.9738444
4796_2,0.016152835
6317_3,0.87914675
11153_10,0.9761292
3319_1,0.01461567
1247_9,0.97112906
9119_1,0.0140636265
7904_10,0.9877587
4892_1,0.01507263
4608_8,0.80069196
4756_4,0.04115289
230_1,0.1732882
6730_1,0.02096424
6639_8,0.36534342
1726_1,0.039937317
4540_2,0.016152835
1898_1,0.0145035805
877_1,0.032100707
10416_9,0.98646784
1359_2,0.81757444
8886_1,0.01812472
553_1,0.016657041
5252_10,0.9849274
8808_9,0.8198933
8792_10,0.96814114
11723_10,0.9887554
6977_9,0.22988081
5050_2,0.02350945
6413_8,0.971564
9880_8,0.9572778
5827_10,0.9863631
5271_10,0.938124
12231_2,0.10894506
9913_1,0.018264279
3058_10,0.8610715
1278_10,0.9465967
4923_9,0.979354
4662_1,0.01678549
10857_2,0.76699245
5033_7,0.89029425
7681_10,0.9724148
8916_3,0.16721867
10603_3,0.090092994
8940_3,0.7106283
2381_1,0.5594706
9188_8,0.97068775
5290_8,0.938576
6746_1,0.2865684
1001_10,0.9623913
1190_1,0.024053553
1858_1,0.012624948
5645_10,0.8267118
3021_9,0.96095175
9801_2,0.9012275
2498_4,0.08329193
7972_10,0.9813107
1200_1,0.015543648
9626_4,0.7490872
11750_10,0.94208187
9571_10,0.9750122
11593_10,0.9883128
4432_10,0.97788346
10324_1,0.060975183
9123_10,0.96741027
10155_1,0.014392335
12237_10,0.9738444
2828_2,0.026155619
6375_4,0.028007522
8264_10,0.97838473
6131_7,0.97090924
2950_10,0.9853843
3584_1,0.019419348
3077_9,0.9851576
8867_10,0.97903574
4189_9,0.96909106
2297_9,0.92683524
3607_8,0.9802808
339_10,0.9826909
6450_10,0.98242307
8537_9,0.9394706
5663_10,0.9744348
7179_10,0.9845754
1929_10,0.9437636
7363_10,0.9492946
7073_10,0.9850429
8472_10,0.9814534
2397_4,0.029986506
5710_3,0.020023443
12429_1,0.013636835
4841_9,0.8692713
5819_2,0.023330767
7112_8,0.909907
1087_10,0.96378
10766_8,0.9199307
10675_8,0.77864933
11953_3,0.016403032
1927_9,0.6575384
10455_9,0.4308656
451_8,0.9329437
10796_8,0.7013041
5288_7,0.9850429
4368_2,0.013428254
10456_10,0.93581736
9981_1,0.019719128
11403_1,0.04304285
5219_7,0.94208187
11929_4,0.12378871
5481_10,0.97966766
3829_4,0.015784562
11367_4,0.28397995
8154_10,0.9787127
2754_2,0.014957086
2299_10,0.9874721
8868_1,0.016403032
4566_10,0.97788346
6688_1,0.027169231
2666_4,0.02297737
11892_10,0.98942953
2667_10,0.37370437
9244_9,0.9787127
12498_7,0.5901833
3493_9,0.8152325
7565_10,0.9241418
2916_7,0.9700135
12473_8,0.8778961
3142_9,0.9757624
3289_10,0.9875683
11159_10,0.97112906
8428_2,0.02178117
4152_8,0.85919183
10754_8,0.85536855
11718_1,0.013020489
5408_1,0.01798621
5686_8,0.929951
7479_8,0.9795114
5160_10,0.82893884
3138_1,0.02297737
10343_9,0.97423947
9524_3,0.61474097
7794_1,0.015784562
5433_1,0.03904829
3380_8,0.9390248
7222_3,0.015543648
1751_4,0.97838473
3914_10,0.31531414
8022_3,0.036493763
3975_4,0.027795624
8177_1,0.017442483
5670_1,0.01883313
203_10,0.98926485
4315_2,0.04115289
8296_8,0.5480688
971_10,0.96909106
12018_1,0.02479816
3714_9,0.9658996
4342_2,0.021125194
4965_3,0.047074176
5126_8,0.97344345
10686_3,0.7189892
7290_10,0.98527133
8474_8,0.9860443
7633_2,0.7394224
2226_10,0.82949203
1436_9,0.5231767
813_10,0.9801293
11865_7,0.891811
4937_9,0.9859364
4613_9,0.026155619
8129_9,0.966156
2376_4,0.30923226
6861_1,0.014728613
9104_2,0.8958876
10590_3,0.029760094
11021_4,0.027376488
9480_10,0.86293024
12212_10,0.94853723
11766_7,0.97966766
5356_7,0.95150405
9572_7,0.98242307
3264_8,0.97903574
11794_1,0.014957086
11739_2,0.45374593
731_8,0.9688562
6278_9,0.96641046
625_10,0.9697854
7252_2,0.01883313
5171_10,0.9885804
9149_3,0.020645931
10780_3,0.019271135
1568_9,0.97324073
7291_9,0.98159516
2288_8,0.97023994
3126_9,0.89982784
3352_7,0.97090924
9455_1,0.013222822
1709_7,0.7592254
9309_2,0.015189049
994_3,0.014842417
4173_10,0.844409
113_3,0.01507263
10472_10,0.9069832
7193_1,0.014392335
9978_3,0.023330767
783_8,0.9798227
7585_10,0.98840266
2135_9,0.11636176
10887_10,0.9849274
4075_2,0.01384861
10521_2,0.28577045
844_1,0.23651622
6691_3,0.01507263
3879_4,0.027795624
3511_1,0.040845715
332_1,0.28358293
7398_4,0.015543648
1845_1,0.022457054
3890_3,0.02865267
3781_9,0.96182173
3723_1,0.015906392
2908_1,0.013020489
7625_3,0.019870715
6310_10,0.96641046
9432_4,0.97903574
1820_10,0.9843364
6809_8,0.9874721
9911_1,0.020332353
12001_8,0.891811
7266_7,0.9724148
263_10,0.9801293
2109_3,0.029090757
7293_4,0.38812512
8874_8,0.93674946
2143_4,0.9167081
4307_9,0.9801293
4176_1,0.013222822
8369_3,0.054198727
12317_1,0.01784874
1687_4,0.013222822
12082_1,0.018404892
3396_10,0.96538115
9129_9,0.94165415
10090_10,0.97903574
11841_1,0.1732882
12447_4,0.014842417
11624_10,0.98657167
8624_10,0.72095805
9290_1,0.12168575
1108_8,0.023330767
4300_10,0.9853843
2553_4,0.62897736
10550_8,0.01883313
8884_10,0.047780063
6760_2,0.016029146
1177_3,0.7595823
9939_2,0.92892635
2100_7,0.979354
9677_1,0.030908957
2511_4,0.019271135
4115_8,0.9600627
437_9,0.9073123
6698_10,0.9861514
11049_9,0.95695716
10168_4,0.031858858
8071_8,0.91022676
12474_4,0.9522199
3775_10,0.979354
7478_10,0.9719925
4312_8,0.03138043
3105_7,0.9719925
640_9,0.9449947
6891_1,0.017176708
1849_10,0.9877587
8528_7,0.8774768
9032_4,0.4489094
11743_9,0.9874721
2813_10,0.937669
846_2,0.12085323
3695_4,0.83761996
5972_3,0.01384861
4831_1,0.013222822
11826_1,0.016657041
7684_10,0.983343
7042_8,0.9763105
10247_10,0.97719735
6766_8,0.5794004
2091_2,0.061875988
5108_2,0.030214587
10644_1,0.1289633
5955_2,0.24220563
9451_10,0.9861514
11518_10,0.6808786
3871_1,0.02576056
5013_1,0.013428254
5056_4,0.17161581
3688_1,0.014728613
2325_2,0.047074176
6330_4,0.0140636265
8783_1,0.02178117
3848_3,0.01678549
5901_10,0.9606575
10947_3,0.018404892
4590_10,0.97046465
4337_10,0.44794324
11029_3,0.2295352
10980_3,0.42966864
165_7,0.7193836
474_8,0.9777139
3175_8,0.9787127
11764_1,0.078078166
2164_7,0.94966936
8891_8,0.97821885
8294_9,0.95695716
6602_7,0.10894506
8187_8,0.29299974
2609_2,0.017176708
6506_8,0.98677725
2207_1,0.017712297
2467_9,0.98173577
7440_1,0.12984344
6417_8,0.2798285
12278_7,0.94458723
4495_3,0.4622303
8223_10,0.96432143
3659_4,0.016403032
1120_3,0.01812472
9713_3,0.13477592
808_10,0.9832145
11164_10,0.98215127
3536_10,0.8479678
10930_1,0.026556572
6868_4,0.047425874
2248_1,0.018689308
3624_4,0.49536148
1442_1,0.015906392
10167_4,0.019271135
10645_10,0.5493989
4414_1,0.35846534
6409_2,0.011687259
10486_1,0.014728613
2983_7,0.98173577
4985_4,0.036769465
3566_9,0.9764905
8340_4,0.7806625
10246_9,0.91789335
7380_1,0.8370879
12381_3,0.21833585
11723_4,0.028220987
7478_1,0.029760094
900_9,0.9763105
3364_2,0.16238004
6570_1,0.014957086
9309_8,0.9458012
6044_1,0.027169231
9261_2,0.01243165
5690_8,0.89143354
5326_2,0.01384861
11179_10,0.97903574
8908_1,0.012053779
10224_9,0.96765566
7318_10,0.98445636
11098_8,0.6502452
10120_1,0.016152835
4561_2,0.908618
4409_3,0.2146914
4301_9,0.01566365
9254_3,0.028007522
10717_9,0.9394706
10619_2,0.28259197
5924_1,0.039342504
11657_10,0.987375
6373_4,0.026355354
10469_10,0.88038635
5531_9,0.24364243
1089_10,0.9683812
5082_10,0.9805807
4267_1,0.015189049
3006_10,0.55374664
9318_3,0.017176708
11877_1,0.01384861
7274_1,0.41170207
12450_7,0.9656413
148_9,0.70395666
10353_10,0.016403032
1368_8,0.33372033
9408_7,0.91550726
5739_7,0.57170683
7036_10,0.979354
11554_2,0.044348583
4601_9,0.97966766
10376_3,0.1999321
2486_8,0.94122344
5745_4,0.068537496
873_3,0.0226292
7009_1,0.01627746
542_7,0.97702265
12008_8,0.9881309
8040_8,0.9076402
4048_2,0.016029146
4895_10,0.97903574
11789_9,0.98549646
5084_7,0.8969756
9207_10,0.9801293
923_4,0.022802636
106_3,0.87450653
1125_1,0.01784874
839_10,0.920218
5285_10,0.9802808
7444_7,0.7268136
1566_8,0.8969756
3285_1,0.013222822
6203_2,0.015906392
11147_3,0.3607705
11152_3,0.012821214
3335_9,0.93721074
6689_1,0.013428254
6557_7,0.9678993
3362_10,0.95976204
101_3,0.18624301
10692_4,0.014842417
4462_7,0.97344345
265_1,0.013636835
1369_3,0.027169231
9112_10,0.84645087
7870_1,0.014728613
6102_10,0.96378
3973_10,0.96458924
8232_1,0.042403832
3177_10,0.8037906
11598_10,0.029986506
882_2,0.35745537
5660_10,0.9724148
1685_10,0.98421544
2064_1,0.01384861
2296_9,0.9175984
3648_10,0.85195273
5486_4,0.02017732
2496_8,0.9814534
9579_10,0.84389514
10776_10,0.9730365
5889_10,0.9334308
8292_1,0.016914913
10547_3,0.015906392
10415_7,0.96485513
10741_1,0.0140636265
10196_1,0.018264279
12155_2,0.01812472
2224_3,0.110855594
10356_7,0.057918087
7202_1,0.01243165
11973_10,0.971779
1792_8,0.9429286
7894_9,0.98201376
11413_1,0.029090757
10596_10,0.98102194
2462_2,0.6247515
9451_1,0.01461567
2895_1,0.03904829
2513_4,0.3210341
11950_7,0.83867973
10566_9,0.9433476
2209_4,0.8940517
9292_4,0.050705362
5575_8,0.98187524
1688_4,0.03904829
440_8,0.9722044
6324_10,0.98159516
8296_2,0.02178117
9460_1,0.03963884
3992_8,0.98421544
11425_10,0.9695556
147_4,0.8610715
2897_4,0.25645936
6214_4,0.08509905
11157_4,0.033336822
4204_8,0.9744348
7255_2,0.31038076
8435_1,0.84695786
11354_2,0.019719128
2136_9,0.9549844
295_1,0.8110782
335_10,0.9807288
8791_4,0.02517884
2817_1,0.015424551
1629_8,0.87234735
6826_3,0.029090757
5550_8,0.9881309
3572_10,0.9730365
4543_10,0.9207897
2789_1,0.01566365
12288_7,0.96323055
9769_9,0.95945925
1257_1,0.0335895
6180_10,0.96458924
8881_8,0.95531917
7075_10,0.9805807
10254_1,0.037892424
12214_10,0.84286314
829_10,0.98215127
5633_8,0.7233095
6202_7,0.018546565
4843_10,0.98481095
7564_8,0.98215127
3539_4,0.81815636
9634_9,0.96814114
7578_9,0.9829547
6642_9,0.9722044
3438_8,0.63860995
11407_4,0.18184364
9891_1,0.012821214
3875_4,0.024237636
6447_2,0.028007522
5027_8,0.98646784
11415_7,0.95430803
7762_9,0.018264279
7263_10,0.9785493
6556_1,0.123365626
5491_10,0.98187524
3418_8,0.87321484
4137_1,0.04672496
5519_7,0.9730365
3435_9,0.94699025
10199_10,0.93439513
5212_4,0.9263037
11891_10,0.9884919
4989_7,0.6234342
2883_3,0.6526843
9154_2,0.9353465
8384_10,0.9666631
4082_10,0.9856076
4334_2,0.026759284
5652_10,0.936285
4544_2,0.21933751
4987_8,0.9588471
9648_3,0.020332353
10755_4,0.88523525
4386_1,0.01812472
4619_4,0.046378206
5860_7,0.87663436
11492_1,0.020488555
2126_9,0.9738444
8355_7,0.91730267
6560_10,0.9755769
4026_9,0.9851576
4019_7,0.6327297
455_10,0.9839708
6637_1,0.9227612
7490_3,0.22337706
10533_10,0.97046465
7417_7,0.24580847
3392_2,0.0145035805
460_1,0.032589745
5364_10,0.9876639
234_7,0.9826909
709_4,0.16559312
2753_9,0.97520185
9434_10,0.9588471
2835_7,0.97262347
6849_1,0.021615336
11186_3,0.029535338
10902_8,0.9309621
2617_2,0.013428254
7423_9,0.90958625
4699_1,0.1289633
12312_10,0.97821885
6185_4,0.3094409
3742_3,0.022286188
1314_8,0.96210754
7985_1,0.937669
3669_4,0.04208773
2791_8,0.97887486
2295_8,0.94458723
12111_1,0.017045317
11827_10,0.88038635
10191_1,0.13753249
5264_2,0.287968
11002_8,0.9780517
12423_2,0.014842417
3551_7,0.9348725
10804_3,0.8499712
3670_4,0.21272226
8408_10,0.9840936
1307_10,0.9766692
10906_10,0.9145963
4039_2,0.014957086
1010_9,0.97719735
8764_1,0.07751766
10894_10,0.98187524
1249_1,0.01384861
1844_9,0.98549646
3252_9,0.94891727
12272_1,0.04369106
5599_10,0.97838473
6265_8,0.9872773
4497_4,0.8906752
3925_2,0.015189049
7935_9,0.9600627
12146_1,0.013222822
2345_3,0.7509182
11171_10,0.9875683
6726_1,0.014728613
11129_9,0.90958625
616_10,0.95759624
11349_3,0.013121271
2485_10,0.97423947
3212_4,0.15203224
5578_10,0.98840266
2252_9,0.9801293
11643_3,0.018264279
12081_4,0.01507263
4104_10,0.97520185
4504_7,0.93581736
6354_10,0.9856076
12118_8,0.97134733
9680_10,0.7252596
7173_10,0.9863631
1965_3,0.014728613
2674_7,0.88161486
1425_1,0.19899648
4017_8,0.987375
3835_2,0.9559813
1335_4,0.065604836
627_1,0.015784562
8330_3,0.57451415
8907_1,0.014842417
11801_10,0.97903574
3231_1,0.015189049
860_4,0.017045317
2902_8,0.9722044
11550_4,0.7412996
4944_10,0.97068775
10190_10,0.63776433
4090_3,0.013222822
3863_1,0.03963884
3904_9,0.9878528
917_4,0.019719128
5540_2,0.018978037
9183_7,0.9740426
2570_4,0.040845715
11868_1,0.016657041
7438_3,0.27727723
10484_2,0.08509905
1988_8,0.96124375
46_2,0.3231665
6624_4,0.019870715
4666_7,0.6675812
11479_4,0.02931223
308_1,0.018689308
5400_9,0.96458924
5258_1,0.026556572
432_3,0.01384861
7245_1,0.017712297
7082_1,0.015189049
9698_10,0.7043636
1085_9,0.9005298
9999_10,0.98282325
4235_7,0.94776917
11603_10,0.936285
4457_3,0.018978037
5022_8,0.97023994
12278_3,0.06804042
12076_2,0.029090757
7239_4,0.10818895
4691_10,0.9868787
9820_2,0.01757688
5932_1,0.57128835
10265_9,0.9686196
9247_2,0.013636835
4581_3,0.3260568
11060_7,0.96432143
10349_2,0.01678549
9821_3,0.06142404
3375_7,0.60882664
5515_10,0.947381
3921_8,0.9546474
6671_8,0.97112906
7051_7,0.9563089
743_7,0.9324533
8230_3,0.076407686
11203_2,0.02350945
11616_1,0.02211659
8033_9,0.9759464
1472_10,0.91490096
1932_3,0.07316472
6827_2,0.014392335
6912_4,0.03594832
12024_1,0.0145035805
10625_1,0.023689471
9528_10,0.98582757
6663_3,0.04208773
10727_1,0.2699025
6646_10,0.9730365
7632_7,0.93721074
8518_2,0.013636835
6398_9,0.9829547
488_8,0.9826909
4133_1,0.018546565
4128_10,0.96814114
5883_10,0.9830851
10240_1,0.015189049
8791_8,0.9856076
10917_8,0.96814114
9097_10,0.98582757
8438_1,0.014957086
7536_1,0.86838096
7542_3,0.069541745
3928_7,0.31447145
12477_2,0.04813677
9157_3,0.01812472
2694_2,0.90397453
3632_3,0.028220987
7169_10,0.94539934
6931_7,0.8558512
11474_10,0.9807288
2252_1,0.017309094
1261_7,0.042403832
523_9,0.6859495
12233_2,0.014281935
4731_9,0.96485513
12376_10,0.7516481
11834_4,0.2899745
7063_9,0.38885006
5289_1,0.10411242
9632_3,0.024609927
11086_1,0.014957086
8224_10,0.9850429
8013_3,0.53849787
8003_3,0.017309094
2281_8,0.94122344
4643_7,0.97023994
7942_3,0.01784874
11067_2,0.02178117
5577_1,0.018264279
5796_1,0.0145035805
11514_1,0.02479816
1867_1,0.0140636265
4804_2,0.01566365
4547_1,0.01507263
6391_7,0.9353465
6260_9,0.9904406
5355_10,0.8267118
12358_4,0.91730267
860_7,0.98215127
3768_1,0.8958876
8742_3,0.81582016
10786_4,0.020023443
5337_3,0.38502777
11260_10,0.8872046
7364_1,0.033336822
4434_2,0.0140636265
10604_8,0.96641046
9587_7,0.20402452
738_1,0.47304863
3757_8,0.9802808
6970_10,0.9851576
6194_1,0.076407686
4559_10,0.73753643
2334_3,0.01627746
10636_3,0.0930168
4192_1,0.0153063545
1579_4,0.7577944
7168_10,0.9840936
3789_9,0.92468774
5617_7,0.98469365
5757_8,0.9390248
1431_7,0.031618766
6130_4,0.8000679
12092_3,0.024237636
7918_3,0.10158945
5386_10,0.91730267
2794_9,0.82782817
2394_2,0.023689471
10690_7,0.97520185
6406_4,0.20689406
12288_2,0.02211659
7405_4,0.3686898
6153_10,0.014957086
5577_9,0.9874721
1462_1,0.032344334
7732_9,0.7268136
9046_10,0.983343
11086_8,0.9105454
1426_7,0.8322367
12174_10,0.9012275
5537_1,0.013222822
11746_1,0.015424551
12203_10,0.9785493
11585_7,0.9686196
9765_1,0.01384861
6295_8,0.9666631
3991_4,0.0715912
11134_10,0.9878528
12379_7,0.5506074
7316_2,0.5070796
6955_4,0.14223188
8092_7,0.93045825
9788_1,0.02145073
9494_1,0.013428254
721_10,0.9314625
1250_9,0.98582757
3204_2,0.06656919
6539_9,0.89478946
7944_1,0.012821214
8632_8,0.9507779
2787_10,0.98087597
11497_1,0.022457054
8577_9,0.98187524
2717_8,0.97112906
3251_8,0.9813107
11714_7,0.95257413
3868_7,0.97966766
7394_1,0.10447732
481_7,0.90295243
5237_2,0.07263671
11148_9,0.9563089
11946_7,0.9791955
7301_1,0.014728613
384_9,0.8327813
8535_2,0.017176708
8067_8,0.97344345
8452_2,0.08601587
7361_1,0.016914913
4017_3,0.04208773
6304_9,0.9766692
7326_10,0.9845754
399_1,0.015906392
9003_1,0.01384861
11314_8,0.017176708
4909_10,0.9845754
10463_10,0.98549646
7355_2,0.044680875
3553_2,0.79117644
4404_10,0.9840936
9304_1,0.04369106
7903_1,0.015189049
4429_3,0.11008788
6287_7,0.967163
10461_1,0.012624948
668_10,0.13477592
7560_10,0.9811669
2785_1,0.017176708
2801_10,0.9795114
4318_9,0.929951
244_9,0.9832145
12435_2,0.018404892
2788_9,0.9881309
2537_7,0.048496004
928_1,0.0140636265
3312_7,0.96182173
12147_10,0.9887554
5414_9,0.8267118
9871_1,0.015906392
1308_8,0.97821885
7668_1,0.015906392
5571_10,0.93195957
2052_10,0.98187524
7089_9,0.9688562
6411_2,0.016657041
8514_1,0.04885778
5921_10,0.98242307
3264_1,0.0140636265
319_1,0.4926763
3433_10,0.9805807
1610_8,0.98173577
8002_3,0.0140636265
8099_9,0.18922128
5418_1,0.017309094
6247_3,0.17553806
5153_8,0.4724401
12201_1,0.028870907
8900_1,0.033336822
10908_2,0.024237636
598_1,0.16830944
10590_9,0.9145963
6706_10,0.84286314
12299_9,0.9755769
2159_7,0.62874943
186_1,0.02297737
3008_8,0.971564
831_7,0.9449947
2717_3,0.015543648
5174_10,0.9853843
3088_3,0.02178117
6262_8,0.93045825
12303_1,0.023689471
9904_8,0.9898303
10097_10,0.9780517
6242_8,0.9688562
9653_10,0.97838473
12499_1,0.0226292
894_1,0.31626368
8935_7,0.9728308
3184_2,0.027376488
2226_4,0.3413629
592_10,0.9853843
2173_8,0.9898303
10967_2,0.01566365
3332_3,0.84645087
1074_2,0.024609927
2396_4,0.016529558
2627_4,0.27963173
5982_9,0.98657167
1386_1,0.06008665
7325_4,0.84695786
112_2,0.22337706
8856_10,0.93674946
1948_1,0.018404892
5791_4,0.3988454
1007_9,0.9832145
3758_3,0.015543648
6455_2,0.015189049
6464_9,0.98840266
5403_10,0.98481095
7076_10,0.9861514
6123_3,0.035144847
2832_7,0.97966766
9287_10,0.9877587
3665_10,0.9719925
4488_4,0.2995148
5861_1,0.01384861
2222_10,0.880797
9608_1,0.01798621
6225_4,0.019870715
5643_3,0.016529558
8720_7,0.51391244
4955_7,0.97838473
6839_1,0.11008788
7396_1,0.015424551
6234_8,0.662469
10423_1,0.06142404
2158_1,0.012821214
6929_8,0.95292586
7593_3,0.87997437
636_1,0.0153063545
2747_7,0.909907
7398_10,0.950411
6852_4,0.03904829
9938_3,0.02096424
3989_3,0.73028994
1104_9,0.18713269
5897_3,0.11201596
5254_3,0.016529558
4824_1,0.06608538
10945_8,0.92892635
11486_8,0.9850429
2542_1,0.015784562
1824_10,0.971564
10181_2,0.017045317
2492_9,0.9814534
8111_1,0.015543648
5844_9,0.9802808
1369_7,0.019419348
10775_4,0.26588047
9617_9,0.3452984
4709_1,0.01566365
7043_2,0.25460163
5166_10,0.96182173
1604_8,0.9787127
8576_8,0.9791955
1916_7,0.6109178
10286_10,0.08329193
10241_1,0.01461567
12441_9,0.96765566
4529_1,0.021125194
1553_3,0.08756384
3985_4,0.54177254
5542_8,0.96378
10857_9,0.96641046
7600_1,0.01798621
12095_9,0.89218736
3134_10,0.9884919
9472_3,0.3188032
1058_10,0.9802808
7328_9,0.9850429
3865_3,0.057493284
7409_3,0.3017734
4795_1,0.014172365
11596_10,0.35577488
3758_8,0.1187934
5099_4,0.027795624
7707_10,0.9872773
1412_3,0.047425874
4720_10,0.9849274
978_7,0.9795114
6165_8,0.96691406
1307_1,0.013020489
2322_7,0.86385167
5328_10,0.43182376
11934_8,0.95257413
1940_3,0.44951347
6270_10,0.11596072
5262_8,0.9798227
4068_9,0.96814114
1208_3,0.95150405
10220_3,0.3017734
5091_1,0.040845715
2738_1,0.01883313
8909_3,0.028870907
932_2,0.96405166
863_10,0.89947516
454_1,0.03846619
10525_4,0.015424551
175_4,0.7390459
4551_1,0.0433658
5666_1,0.014728613
4324_10,0.9851576
8189_1,0.01627746
12064_10,0.7690802
8622_10,0.9615338
1115_9,0.7360213
9593_1,0.015906392
5579_10,0.9801293
3467_1,0.19467384
11409_1,0.013020489
8682_1,0.017712297
7866_1,0.2230384
6111_8,0.8025555
524_9,0.9615338
9837_7,0.9403531
2215_1,0.020804489
6840_10,0.9787127
7384_8,0.983597
6353_7,0.9615338
8650_3,0.5467987
1890_10,0.9695556
10402_8,0.9688562
3770_4,0.026155619
3086_1,0.014281935
1487_3,0.019124037
2995_10,0.96182173
2356_7,0.97023994
5320_10,0.92683524
3235_1,0.0140636265
6802_1,0.13206616
11329_9,0.8407826
1143_8,0.82161736
5768_3,0.76942694
8004_1,0.022286188
5453_3,0.019419348
11288_10,0.18892181
3278_10,0.9805807
11856_7,0.89552265
12057_10,0.9635062
1825_4,0.018404892
3319_10,0.983343
5956_7,0.97997653
4875_10,0.94966936
562_1,0.01566365
11359_8,0.86153823
12454_10,0.3104853
10621_2,0.056652423
10407_2,0.078078166
3532_2,0.02350945
10162_4,0.7545535
7084_4,0.76977324
167_10,0.94122344
3362_1,0.33491567
6370_10,0.9585377
2281_3,0.9273633
10454_1,0.014957086
12387_8,0.8987666
8375_8,0.92523
9656_3,0.028870907
9387_1,0.021125194
4907_1,0.017309094
4697_9,0.97262347
4217_1,0.014957086
8860_10,0.34659657
7312_3,0.26521388
9326_10,0.97997653
3785_8,0.7866228
2255_1,0.028436033
9950_3,0.5812437
558_2,0.013428254
413_8,0.967163
7837_9,0.9309621
9192_1,0.014842417
7_1,0.01678549
9674_1,0.0145035805
9771_4,0.020804489
3331_10,0.91550726
11444_8,0.59854686
3009_7,0.97719735
5584_1,0.01784874
12044_10,0.98582757
5952_9,0.8031738
4989_2,0.012624948
5722_3,0.01243165
6207_4,0.5280467
7646_1,0.014172365
1811_3,0.024423089
1197_3,0.040845715
709_9,0.9885804
8554_9,0.97423947
1706_9,0.7711549
10060_10,0.9843364
6818_1,0.027795624
7255_9,0.94966936
3790_7,0.9759464
7833_9,0.08819005
7448_4,0.039342504
3456_1,0.029986506
3881_3,0.015189049
11049_1,0.0145035805
1269_1,0.06418265
7803_10,0.98215127
1413_9,0.9378969
1289_8,0.98242307
3967_9,0.9053223
7533_10,0.9686196
5372_8,0.9046505
1518_1,0.02297737
10752_3,0.38623157
4863_3,0.018264279
699_1,0.013428254
11537_3,0.04177388
9241_7,0.9826909
876_3,0.7424217
11234_4,0.2639787
5942_4,0.2137052
1778_10,0.7972413
2631_9,0.9152046
7425_9,0.9826909
3410_10,0.9879462
9155_10,0.53509843
4396_10,0.9869795
8894_7,0.5822832
6034_10,0.10856642
12105_1,0.014957086
11645_7,0.97482115
1821_4,0.9518632
9028_7,0.94208187
4670_7,0.96741027
4720_3,0.015543648
10001_1,0.04885778
8363_2,0.0145035805
5681_9,0.9861514
8165_10,0.95695716
11961_2,0.01627746
406_1,0.012821214
8313_1,0.013020489
11945_7,0.82949203
9454_9,0.87147486
9523_10,0.9693242
10516_10,0.9832145
6036_3,0.017309094
5046_1,0.014392335
9019_9,0.95565146
5471_10,0.9868787
11862_7,0.083890386
651_1,0.47219667
3131_9,0.98582757
9912_1,0.014281935
6231_2,0.2271263
5523_2,0.76383626
1817_1,0.024237636
8880_7,0.97903574
6080_4,0.019568678
9940_1,0.98571813
3409_4,0.42984816
3713_4,0.7287483
3447_3,0.19713514
3460_8,0.9883128
9397_10,0.909907
5528_8,0.7892337
7658_10,0.9874721
5893_10,0.98527133
1646_1,0.017309094
9620_7,0.27610457
66_3,0.9722044
1691_10,0.95791227
4311_7,0.9549844
12091_1,0.057493284
5391_1,0.013428254
576_4,0.051462766
4734_9,0.4773105
6008_10,0.94891727
8527_7,0.908618
6048_10,0.27669054
5102_10,0.9863631
6794_10,0.9811669
3473_3,0.014392335
2025_9,0.98242307
9728_2,0.017712297
10704_10,0.9324533
9094_4,0.896614
7838_9,0.98527133
5779_1,0.012241275
5342_4,0.25720495
9291_10,0.98646784
7028_2,0.021287354
1331_9,0.9184803
9913_8,0.9407897
10250_10,0.98571813
9227_8,0.9001793
6278_4,0.019870715
2302_1,0.81286734
7000_2,0.01384861
416_2,0.02297737
6846_1,0.01784874
3253_9,0.76699245
1712_1,0.012821214
9720_10,0.9606575
769_9,0.97737074
6635_10,0.8250265
1421_10,0.023153413
6803_1,0.0226292
4290_4,0.20149878
2465_7,0.24472386
70_8,0.97887486
5176_10,0.9832145
305_2,0.016914913
11094_3,0.02479816
1109_10,0.97324073
95_3,0.81582016
2378_10,0.98582757
3270_3,0.063714996
6999_4,0.88759494
7594_8,0.8539127
9549_10,0.9843364
8263_4,0.34334174
10379_9,0.97324073
11187_1,0.3479801
2278_3,0.0269635
11180_4,0.39103526
745_10,0.97423947
9794_4,0.19042274
6565_1,0.017442483
9608_8,0.950411
12222_1,0.013636835
9330_9,0.95257413
3611_9,0.98527133
1775_4,0.43398148
3635_1,0.034358688
3893_1,0.030214587
2802_1,0.037326884
2481_10,0.73829186
1540_3,0.7512834
2205_4,0.014842417
10970_7,0.96432143
8287_2,0.017309094
484_1,0.017309094
249_2,0.024053553
12073_10,0.9850429
1443_7,0.8499712
4985_7,0.5832034
12247_1,0.57224476
3170_3,0.01798621
2900_10,0.9814534
1930_9,0.9838472
12309_10,0.9585377
10720_8,0.98159516
5260_4,0.11240509
5212_8,0.98242307
3872_10,0.937669
9705_1,0.014957086
10367_8,0.97903574
10063_10,0.98527133
9682_1,0.8221891
7356_8,0.91964257
6045_7,0.95257413
3181_10,0.98282325
7212_9,0.9532751
8801_9,0.9728308
2910_3,0.23651622
5031_7,0.9863631
1416_1,0.018689308
8903_10,0.98625773
10620_4,0.023689471
8957_1,0.014281935
3374_1,0.02017732
9196_1,0.018404892
5167_10,0.9433476
10900_1,0.027585285
5405_2,0.01883313
1546_1,0.12549345
12331_4,0.032100707
4733_9,0.98646784
6682_10,0.98242307
1356_8,0.97262347
2301_2,0.016529558
11565_7,0.88161486
8731_7,0.91964257
1638_10,0.97262347
7280_3,0.06142404
51_4,0.09947021
355_4,0.09947021
485_10,0.9875683
554_4,0.03846619
8059_3,0.01243165
3645_4,0.93045825
7332_7,0.967163
10877_2,0.19314738
10837_1,0.0140636265
6273_10,0.76171577
11773_2,0.10302443
744_1,0.029090757
9762_8,0.98677725
831_4,0.7134316
4450_3,0.01243165
5338_4,0.017442483
6741_2,0.27163795
5962_9,0.920218
10363_3,0.068537496
9063_10,0.9850429
2739_1,0.0226292
5920_2,0.01461567
5200_9,0.61647415
6498_10,0.9851576
591_1,0.034358688
8010_9,0.9829547
369_8,0.7465088
9971_9,0.9826909
11735_8,0.97788346
11278_10,0.920218
1464_9,0.9700135
3787_8,0.9759464
10097_2,0.24725968
3728_8,0.95695716
9996_2,0.16079244
8676_10,0.87147486
9718_4,0.018264279
9280_7,0.9056566
8343_4,0.07004896
3505_1,0.032589745
8863_10,0.9879462
5682_10,0.10631887
4704_2,0.95565146
11106_7,0.94458723
10541_2,0.22000709
6601_9,0.9804314
11387_10,0.9683812
8864_10,0.96405166
7139_4,0.12765263
10068_8,0.8524448
2572_1,0.02297737
3819_10,0.9688562
11954_1,0.013636835
2525_4,0.28716773
12440_7,0.9390248
1489_10,0.9830851
12422_7,0.71582144
5463_10,0.7577944
5684_1,0.01243165
30_9,0.9825575
1255_8,0.9856076
3993_4,0.036220055
10386_7,0.18713269
10111_10,0.87147486
2915_9,0.024423089
4621_1,0.16451646
3671_9,0.96909106
1069_4,0.022286188
2060_10,0.840259
3788_2,0.7673414
3_7,0.8872046
7722_1,0.013020489
9601_1,0.014281935
3294_3,0.06656919
4361_1,0.012624948
6626_7,0.9053223
5799_10,0.888372
332_10,0.98892784
4320_4,0.15456735
4545_9,0.9005298
6029_1,0.016029146
6329_1,0.03704717
5586_1,0.021125194
9401_1,0.020804489
7087_10,0.8596637
5200_1,0.01566365
9707_7,0.04369106
5006_10,0.7248703
4702_4,0.87450653
11207_10,0.9158089
3593_1,0.01384861
3050_3,0.3998116
6036_7,0.047425874
2221_2,0.013020489
6895_1,0.023689471
5678_10,0.9780517
8395_10,0.97482115
8193_1,0.01461567
11689_4,0.15974104
10207_10,0.96095175
5028_4,0.017712297
26_3,0.089136936
11774_10,0.97090924
59_3,0.013428254
7339_4,0.026759284
2141_7,0.5943747
10647_10,0.98625773
7703_8,0.16613355
5904_10,0.95976204
11952_7,0.938124
6355_1,0.0140636265
7465_1,0.014842417
1244_9,0.98282325
5129_9,0.9805807
4015_10,0.9511422
435_1,0.0145035805
8974_3,0.39373827
2294_2,0.021287354
5028_8,0.8238959
3850_1,0.015189049
3162_10,0.9738444
7690_10,0.97702265
10957_1,0.88483775
8809_10,0.938576
8509_2,0.18155324
2314_1,0.01678549
2587_9,0.9802808
6823_8,0.98549646
9761_2,0.031858858
2699_4,0.9433476
10291_3,0.025565214
3015_7,0.938576
10059_10,0.9791955
8018_1,0.076407686
9487_1,0.05623634
12074_4,0.032100707
2051_1,0.030444348
3997_1,0.015189049
9323_2,0.70598775
10231_9,0.95945925
10129_2,0.021125194
1491_10,0.9850429
5601_10,0.8152325
6980_9,0.9834705
8952_1,0.0145035805
12021_1,0.02479816
11719_1,0.01384861
4620_8,0.36681652
9819_4,0.9005298
1682_2,0.9600627
5635_4,0.22746934
4634_10,0.9787127
8725_8,0.97821885
9919_9,0.91789335
5839_9,0.074231364
10643_1,0.019271135
4447_9,0.8656789
7614_7,0.37113664
441_4,0.18097351
1713_1,0.02096424
507_7,0.979354
6592_1,0.3227394
6378_9,0.97754294
10206_4,0.2859698
11627_8,0.2776688
11991_4,0.7322091
5759_3,0.01384861
2655_3,0.015543648
8628_7,0.9832145
12364_2,0.01883313
11107_7,0.9079672
3166_2,0.3227394
4168_1,0.025957355
10876_7,0.86431044
5609_10,0.9500415
600_8,0.9695556
7243_2,0.01243165
7300_9,0.96458924
9144_10,0.91367656
4539_3,0.95150405
8007_10,0.41436556
8486_1,0.021287354
6213_2,0.0460339
4742_10,0.92788786
1421_1,0.016403032
4061_9,0.8812066
10451_7,0.9549844
1062_8,0.95257413
12281_1,0.031143833
5994_3,0.024609927
10055_10,0.85145944
2602_1,0.35650268
11107_4,0.022802636
4007_3,0.33025518
10444_9,0.9728308
1635_7,0.1561049
12049_8,0.98173577
3988_3,0.80685264
12414_8,0.93045825
7074_1,0.013428254
11854_7,0.94776917
2445_8,0.98159516
2187_9,0.9161096
11675_10,0.7749242
5648_1,0.02350945
1614_4,0.023870835
9395_2,0.012821214
5372_1,0.7490872
12082_10,0.98102194
12029_10,0.96267307
983_4,0.967163
11356_3,0.024237636
4254_10,0.9518632
6017_4,0.7337381
2330_10,0.82104415
1089_1,0.021287354
8017_3,0.034880888
5248_1,0.91550726
9041_8,0.96458924
3855_1,0.105948284
10976_1,0.022286188
7926_4,0.10411242
7758_4,0.021615336
8081_7,0.7823301
9267_4,0.91022676
6381_9,0.84695786
6172_4,0.7673414
12411_8,0.936285
5216_10,0.9763105
10999_8,0.92468774
2460_1,0.2216875
7815_7,0.8710367
8586_7,0.83973396
21_1,0.027376488
2467_1,0.018546565
7979_8,0.97262347
3744_7,0.9022657
7205_1,0.0145035805
6862_7,0.6623598
12031_10,0.9032942
12458_1,0.015543648
10410_1,0.014728613
2624_10,0.9582261
12083_1,0.2737685
47_2,0.030675802
676_7,0.94458723
5425_10,0.93674946
1899_2,0.015189049
9666_1,0.013636835
3151_10,0.987375
1745_8,0.18713269
7646_8,0.6254381
10011_9,0.9871788
10061_10,0.98481095
6792_9,0.987375
5150_3,0.026355354
593_10,0.94165415
6170_4,0.92944044
2029_2,0.0140636265
3026_4,0.042722195
1086_10,0.9738444
1594_8,0.97684664
227_1,0.013636835
5932_7,0.3125798
2681_1,0.31510338
4270_10,0.98657167
10065_1,0.14223188
6640_9,0.97023994
1160_10,0.9869795
3078_1,0.030214587
1546_7,0.96538115
12315_1,0.016657041
8699_1,0.027376488
11438_4,0.01883313
2034_7,0.244363
7899_1,0.017309094
1006_3,0.013636835
3732_7,0.5068355
11094_7,0.29279748
1477_4,0.08570928
8912_10,0.85729086
8140_4,0.5363129
7542_9,0.96210754
2556_1,0.7659437
10075_10,0.95292586
12212_2,0.036493763
218_10,0.6105696
8385_1,0.014728613
5716_2,0.01384861
11655_10,0.91367656
6235_1,0.016029146
2823_10,0.91212356
7094_2,0.33753103
465_10,0.98087597
4968_4,0.0153063545
222_10,0.9324533
464_4,0.046378206
2593_10,0.8778961
11946_3,0.018264279
6083_1,0.014281935
8158_3,0.64712954
2646_3,0.065604836
8282_4,0.10447732
12482_2,0.029986506
1020_7,0.31278968
7554_10,0.9686196
4492_2,0.013532149
4468_4,0.10894506
7365_8,0.9740426
9777_9,0.9591543
9505_3,0.51000845
10546_1,0.017442483
2179_7,0.93045825
9325_9,0.96538115
9042_10,0.97112906
7631_2,0.01384861
1583_2,0.08756384
10449_2,0.13117322
8021_9,0.9353465
9282_9,0.98481095
5261_9,0.9314625
9127_8,0.9678993
6408_2,0.05033063
7306_1,0.019870715
2955_4,0.020488555
6401_10,0.9190633
278_10,0.9885804
1954_8,0.6005398
2592_8,0.9433476
2040_10,0.98549646
4779_10,0.98571813
7274_8,0.97520185
8094_2,0.030214587
9359_9,0.94815457
10732_10,0.98481095
7824_7,0.9678993
493_7,0.27963173
2458_2,0.16238004
67_3,0.029986506
1495_1,0.016029146
2984_1,0.21733752
9979_4,0.047780063
2790_1,0.09203287
8948_1,0.016914913
4249_1,0.30964962
5994_10,0.98469365
5119_2,0.027585285
6539_2,0.017442483
12006_2,0.016029146
555_4,0.141756
9508_9,0.7272012
2282_2,0.012624948
4119_7,0.891055
1224_8,0.97997653
492_10,0.89912134
7062_9,0.9241418
6663_10,0.9780517
9410_8,0.97324073
6033_8,0.98215127
4704_9,0.9888419
1347_3,0.032836955
6920_7,0.91730267
7736_1,0.21535073
2884_3,0.048496004
1870_2,0.06512755
4058_3,0.0269635
3089_8,0.9802808
932_9,0.97719735
5666_10,0.9719925
5770_1,0.02350945
10982_10,0.97520185
5977_1,0.07211221
7678_2,0.882022
7788_10,0.98282325
6328_1,0.123365626
5806_10,0.98282325
595_1,0.020488555
8235_7,0.96458924
10822_2,0.0153063545
12353_7,0.58308464
5381_1,0.057493284
504_8,0.61981654
4876_10,0.9492946
5244_10,0.9837225
12010_8,0.96641046
7263_2,0.73753643
10315_10,0.98803884
9967_1,0.021125194
126_10,0.9591543
3861_1,0.035144847
10221_8,0.728362
7844_3,0.91367656
10976_8,0.96485513
9372_8,0.9230392
5633_2,0.033336822
3833_4,0.020332353
5256_8,0.9686196
8840_1,0.015906392
2122_10,0.9853843
4607_4,0.018689308
12025_9,0.95257413
10884_9,0.69035035
2473_10,0.28957257
12330_8,0.717408
6997_3,0.030908957
4505_9,0.97462875
1302_8,0.98215127
4382_3,0.86060363
9645_8,0.9591543
4138_2,0.01384861
2419_1,0.026155619
3059_8,0.97023994
8239_9,0.9876639
105_3,0.031143833
1129_9,0.9761292
9065_10,0.97966766
3249_1,0.0140636265
4864_8,0.7862948
11748_8,0.9804314
561_10,0.98646784
1261_1,0.024609927
10944_1,0.01678549
11503_1,0.7839885
8089_9,0.8418256
3224_10,0.97737074
4550_3,0.91367656
8097_7,0.8828326
11042_1,0.03308598
4590_3,0.036769465
10838_8,0.9026096
5500_3,0.03461884
6779_10,0.6880493
7489_2,0.0140636265
4145_8,0.96691406
2477_2,0.6955449
11428_7,0.43974736
5178_8,0.9549844
1604_1,0.014728613
2269_7,0.95976204
683_2,0.18535662
12373_10,0.98582757
12362_10,0.979354
1486_9,0.39283168
4922_1,0.0140636265
5689_8,0.76171577
11287_9,0.6425446
4578_4,0.12549345
361_1,0.87147486
6750_4,0.91700584
10004_9,0.98159516
3649_9,0.98087597
12485_8,0.937669
4867_10,0.9686196
10463_2,0.37713912
8449_9,0.9763105
10573_10,0.9890976
12488_3,0.018978037
1649_2,0.01566365
12064_1,0.88038635
4892_10,0.98527133
8877_3,0.5585678
11816_9,0.983343
10235_10,0.89552265
8204_7,0.90894175
8608_10,0.96485513
475_10,0.9860443
10150_8,0.9744348
4661_10,0.121268876
434_8,0.91181
10121_10,0.9546474
438_9,0.98282325
2866_1,0.018264279
10667_2,0.43986762
9575_8,0.9728308
910_10,0.98707944
1631_7,0.9449947
10585_3,0.3143662
1060_8,0.9492946
8817_1,0.018689308
10511_10,0.9811669
11854_2,0.43818408
4429_7,0.967163
7462_4,0.014172365
7668_10,0.9883128
6258_8,0.97903574
12481_1,0.022457054
3948_7,0.88759494
624_10,0.92495924
6418_8,0.97903574
4211_7,0.94891727
10606_1,0.015906392
3052_1,0.01384861
12091_8,0.98215127
5559_10,0.9390248
6462_8,0.9764905
6215_1,0.019124037
10996_1,0.024987794
1139_10,0.685318
11400_8,0.9511422
10075_3,0.0335895
9034_4,0.6354487
8963_7,0.9079672
622_10,0.9834705
4570_3,0.49536148
12242_2,0.014172365
10595_1,0.6419837
5524_1,0.051462766
10074_3,0.9026096
10761_4,0.23510839
5215_1,0.020332353
7480_8,0.45640975
3940_4,0.45907614
375_10,0.12549345
11998_3,0.10017222
11759_10,0.98481095
12180_7,0.07751766
9000_2,0.056652423
4251_3,0.1480472
7944_10,0.97737074
12444_1,0.55953074
7400_1,0.013636835
4122_8,0.98707944
8849_10,0.9785493
5656_4,0.4143063
4091_7,0.967163
8699_10,0.97324073
8750_9,0.95791227
3813_10,0.9666631
1836_4,0.28716773
1644_9,0.9730365
5764_10,0.9549844
1328_1,0.8250265
2332_2,0.28517282
1851_1,0.018264279
9281_2,0.12721826
9870_1,0.01395571
3201_1,0.024053553
9589_10,0.01566365
3137_1,0.016914913
10655_10,0.9802808
10722_1,0.01395571
10338_9,0.9740426
2561_4,0.87831426
8646_8,0.5222022
10077_7,0.97719735
2091_10,0.97068775
12110_7,0.8679338
8961_4,0.03138043
10497_1,0.013325147
3909_3,0.09334688
2535_3,0.8152325
8969_3,0.3756492
160_10,0.9511422
10280_4,0.031143833
5117_1,0.028220987
2371_4,0.01627746
12014_10,0.97023994
8665_8,0.9787127
5386_3,0.013636835
1284_1,0.0145035805
6541_7,0.8250265
6919_4,0.024423089
7066_10,0.98481095
1189_3,0.021948254
247_8,0.9834705
4144_8,0.97520185
1788_10,0.9603612
3875_9,0.9728308
9484_2,0.06142404
6650_1,0.02297737
526_3,0.02145073
10810_8,0.79310596
3361_2,0.77932185
3721_1,0.052618954
8024_2,0.015784562
11882_10,0.44468534
6015_1,0.0140636265
10950_8,0.9046505
10595_10,0.9158089
6215_8,0.9012275
7506_1,0.016029146
9448_2,0.016403032
10267_4,0.07263671
1890_4,0.49414092
11388_1,0.02517884
4033_2,0.016152835
10188_1,0.24041776
3685_10,0.9766692
2329_10,0.90894175
2672_10,0.9825575
3356_10,0.8969756
7505_9,0.95695716
8789_7,0.87873113
4655_1,0.016403032
7490_7,0.9813107
10703_9,0.42298123
2088_9,0.97539
5114_3,0.01757688
3317_8,0.07369626
2826_2,0.89552265
8346_8,0.97324073
2036_1,0.016152835
11081_2,0.01507263
5313_7,0.31362993
266_4,0.051082738
7378_7,0.87578696
7420_2,0.6101051
9637_8,0.9837225
8788_2,0.09534946
4953_2,0.047425874
8212_9,0.98657167
10437_9,0.94815457
9397_1,0.03461884
4598_10,0.36375985
2772_10,0.91700584
83_10,0.9826909
6217_1,0.01384861
11725_10,0.9825575
4380_9,0.97788346
2974_1,0.01678549
12363_7,0.9740426
3246_1,0.019419348
6087_9,0.98677725
3419_9,0.97262347
6587_9,0.9805807
2450_1,0.01757688
2475_10,0.96814114
11551_7,0.96485513
7614_4,0.018546565
10136_10,0.9695556
5844_3,0.0140636265
7473_1,0.012821214
6772_4,0.300951
6253_1,0.015189049
4036_10,0.8749346
11948_10,0.9559813
11435_9,0.9651191
6106_9,0.96909106
12271_1,0.4354213
12030_3,0.02017732
11640_3,0.048496004
5589_10,0.7314424
6352_1,0.95150405
2523_4,0.888372
8198_8,0.9522199
7283_4,0.036220055
4330_3,0.8864204
7882_3,0.33382893
9815_8,0.9736447
1714_1,0.012821214
3836_1,0.015189049
8618_7,0.560824
1759_3,0.91022676
9317_2,0.01566365
6186_4,0.62165576
3779_1,0.013742321
10096_9,0.98646784
3277_7,0.9780517
6023_10,0.9884919
4863_7,0.321247
11194_2,0.01757688
11227_2,0.012821214
11983_1,0.023689471
337_9,0.9666631
11441_3,0.013020489
6668_1,0.01757688
4333_9,0.9635062
3773_8,0.85145944
5370_9,0.9539661
4959_10,0.087252244
9431_3,0.016403032
6834_3,0.027585285
9952_3,0.1334152
9810_1,0.041462272
697_4,0.9005298
4528_3,0.01784874
5817_1,0.0140636265
9052_7,0.9265699
11494_8,0.9353465
4516_1,0.01507263
2810_9,0.9666631
1105_10,0.90397453
6873_2,0.026556572
8171_10,0.9591543
9568_10,0.9724148
879_10,0.96641046
8493_8,0.88483775
9437_10,0.9728308
3841_1,0.018264279
3852_7,0.8365546
7414_9,0.9076402
6048_1,0.01507263
2921_1,0.018546565
6752_1,0.016529558
7997_1,0.9600627
640_1,0.014392335
9576_3,0.19072402
4110_4,0.5818378
11407_7,0.92788786
410_10,0.9849274
11167_10,0.98866826
8383_10,0.7318259
392_7,0.97134733
1459_4,0.23231015
11929_10,0.9079672
12362_4,0.024987794
4046_2,0.024053553
2597_10,0.94458723
11246_4,0.029986506
8692_8,0.98187524
3986_9,0.9559813
391_1,0.021948254
2504_7,0.93195957
11644_10,0.9811669
1788_1,0.032589745
5286_1,0.013222822
3486_1,0.9869795
4486_7,0.40745127
4614_3,0.11516223
11360_4,0.01627746
2315_10,0.98657167
3637_10,0.9032942
6479_3,0.04885778
10306_8,0.9798227
2225_1,0.047780063
9688_3,0.0226292
8999_2,0.012624948
6793_1,0.01812472
1785_8,0.9500415
3902_1,0.028007522
3805_1,0.014842417
6867_8,0.33274388
761_2,0.045692034
9493_4,0.034358688
4805_4,0.96432143
583_8,0.9744348
9470_9,0.9759464
9859_8,0.97520185
6633_8,0.8311431
518_10,0.45362487
10730_1,0.041462272
1855_4,0.19193278
5191_8,0.86339164
9191_1,0.02017732
1113_3,0.89143354
2973_8,0.96485513
10712_1,0.023153413
7729_1,0.020488555
2730_1,0.02096424
10170_1,0.015906392
8238_10,0.9876639
9495_10,0.9736447
11652_1,0.032344334
4911_2,0.01798621
7514_1,0.013020489
8164_2,0.20024472
10389_7,0.611614
7557_10,0.64980084
852_4,0.064653486
1584_1,0.031618766
2387_2,0.0145035805
6073_4,0.014728613
7047_10,0.98445636
6338_7,0.9142907
1741_4,0.09203287
3697_1,0.04401865
5444_2,0.019271135
10082_1,0.11008788
6135_4,0.1727293
9242_8,0.9403531
7864_8,0.97887486
3466_2,0.014392335
9852_9,0.9755769
12390_7,0.47670147
5189_9,0.98646784
6771_9,0.9458012
223_3,0.92892635
8322_4,0.020023443
4465_8,0.89143354
6597_2,0.018546565
3477_8,0.9845754
4736_8,0.7142296
4581_8,0.9780517
5898_3,0.01784874
12335_7,0.96124375
7321_7,0.96210754
128_4,0.15456735
9116_3,0.7520126
9152_8,0.9804314
3613_3,0.026759284
1095_8,0.98803884
225_10,0.98421544
12445_10,0.95791227
596_1,0.05223086
6693_1,0.07316472
7535_4,0.74279505
3135_4,0.2649285
7435_2,0.017176708
758_3,0.01798621
11838_10,0.97112906
8539_2,0.012821214
671_8,0.8940517
53_4,0.036769465
8718_10,0.9860443
10447_7,0.6135839
86_10,0.67896587
7042_1,0.01384861
5821_3,0.0145035805
4604_4,0.021287354
7906_2,0.012821214
11449_2,0.02145073
6505_8,0.98445636
8160_3,0.16344546
1054_9,0.9832145
6300_7,0.9309621
10058_8,0.97788346
3990_10,0.98840266
9233_4,0.022802636
9314_2,0.14953136
4213_10,0.9053223
3407_10,0.98469365
1982_1,0.13660839
9686_1,0.016657041
11246_10,0.30218512
617_4,0.9585377
12182_1,0.013020489
5687_1,0.12549345
1559_2,0.014281935
3596_7,0.9437636
4991_10,0.9805807
3315_8,0.94815457
1192_1,0.014392335
1454_8,0.97788346
9836_3,0.21141681
8088_4,0.7490872
1651_2,0.0269635
4641_10,0.9666631
10624_1,0.019419348
2902_2,0.9152046
10435_7,0.9700135
11623_2,0.013636835
1609_1,0.01395571
2623_1,0.012624948
4444_8,0.96295285
12412_3,0.05921025
8496_1,0.018689308
4279_8,0.86293024
9053_10,0.5794004
11747_3,0.032589745
9754_4,0.79565805
1795_2,0.01812472
6017_10,0.979354
8964_7,0.97482115
1118_7,0.971779
11564_7,0.9658996
9897_1,0.02017732
7731_1,0.013222822
7391_2,0.0140636265
6670_7,0.9213576
8347_1,0.01507263
5000_4,0.015906392
3513_1,0.01384861
9427_4,0.79310596
6840_1,0.02350945
9217_9,0.98582757
5545_8,0.97684664
9858_10,0.9838472
1909_2,0.014728613
8416_10,0.98228765
11079_3,0.016914913
4638_4,0.87873113
324_10,0.94699025
9126_10,0.98187524
9069_7,0.59472775
10555_10,0.97737074
9626_8,0.8050198
6629_10,0.9877587
8419_10,0.9885804
5437_8,0.013020489
2463_10,0.983343
10540_1,0.13206616
10579_1,0.017176708
11517_8,0.858244
5306_10,0.9403531
4996_9,0.9757624
8251_7,0.97068775
7382_1,0.01384861
4284_9,0.9798227
772_10,0.9656413
5394_1,0.01784874
10576_9,0.971779
635_8,0.979354
9315_2,0.015906392
9642_4,0.015424551
7225_10,0.9801293
1806_3,0.7839885
4484_1,0.49365267
4912_10,0.9678993
4837_10,0.9511422
11025_10,0.95565146
1419_10,0.97702265
8789_4,0.025371313
1507_1,0.020023443
6478_1,0.0269635
7774_1,0.01461567
7805_10,0.91398406
11142_10,0.88563144
3832_10,0.715424
1830_3,0.015906392
2676_4,0.0226292
1595_1,0.013428254
8044_9,0.9736447
8476_1,0.023870835
5190_8,0.908618
4941_2,0.016657041
10114_8,0.9787127
11931_3,0.071073666
11970_10,0.39059207
5572_1,0.01461567
32_3,0.39613387
10026_10,0.950411
10554_2,0.04369106
6440_7,0.9761292
7636_1,0.03904829
7973_9,0.9874721
2920_10,0.98677725
9531_1,0.0140636265
568_4,0.046378206
6091_3,0.80131465
5700_9,0.95150405
4934_7,0.98677725
5988_10,0.9890976
5162_1,0.04369106
1043_4,0.021125194
11574_2,0.8688268
2592_1,0.014281935
4881_3,0.54576993
447_10,0.9882222
6922_8,0.97903574
9314_10,0.97482115
10693_10,0.83973396
257_9,0.98087597
2090_10,0.03138043
7826_1,0.015906392
7851_4,0.033336822
1606_1,0.01798621
4446_1,0.0433658
10655_2,0.030908957
11116_2,0.02096424
1631_1,0.034880888
11696_10,0.9678993
2114_3,0.01798621
10728_8,0.98173577
8006_9,0.9700135
5963_10,0.891811
2094_10,0.979354
10113_1,0.015424551
2832_4,0.21568096
9600_1,0.020488555
7776_1,0.01883313
567_9,0.94122344
4700_10,0.03384404
1143_1,0.015189049
7853_1,0.018404892
11178_1,0.13432105
7770_3,0.02931223
11696_2,0.059646945
6077_9,0.9829547
5952_1,0.015189049
507_1,0.019124037
11888_3,0.5727452
7857_3,0.028007522
1381_7,0.6345433
5080_2,0.019419348
9831_10,0.82782817
7231_1,0.01784874
6012_3,0.0145035805
6843_4,0.89218736
7120_1,0.017045317
9248_1,0.08694165
5313_4,0.25330648
8434_2,0.045692034
10224_2,0.06608538
7303_10,0.76629364
1796_8,0.14270912
9302_4,0.038178276
2232_4,0.08479541
5333_3,0.02145073
1340_3,0.01784874
5472_2,0.013020489
1768_3,0.019719128
3140_1,0.047425874
6264_3,0.04304285
6699_8,0.37324739
2085_7,0.8543993
5319_4,0.20979328
7561_4,0.7823301
992_1,0.0153063545
193_4,0.013636835
19_10,0.98527133
6225_8,0.8891444
933_10,0.98445636
11245_10,0.97788346
6152_3,0.93674946
10163_7,0.9849274
9382_4,0.027376488
4655_8,0.88161486
5195_10,0.9348725
8989_4,0.73753643
5309_10,0.97821885
2183_2,0.013325147
7597_10,0.98215127
1272_8,0.97520185
10107_9,0.98582757
3067_1,0.014392335
390_10,0.9860443
5746_4,0.016029146
7145_4,0.14560063
1612_8,0.95976204
7968_4,0.6340903
3793_9,0.97324073
2719_1,0.01812472
1645_10,0.9686196
9934_2,0.014281935
9288_4,0.047780063
937_4,0.10894506
10385_1,0.012821214
3726_1,0.01461567
2700_10,0.94458723
11824_1,0.019719128
4133_10,0.9728308
9873_2,0.015189049
8769_1,0.01507263
11806_10,0.9826909
903_4,0.05582314
727_3,0.31742626
2426_2,0.014842417
8663_1,0.026556572
11163_8,0.9465967
1505_7,0.91550726
4758_10,0.98667485
2119_4,0.10017222
7351_8,0.96210754
5638_10,0.97112906
11236_10,0.98159516
9351_3,0.097734325
8732_4,0.5741262
4771_1,0.44661537
4094_10,0.9838472
8314_7,0.6567684
5273_10,0.97539
1773_1,0.015906392
7415_1,0.014728613
677_1,0.02017732
5585_1,0.019870715
1523_10,0.8665848
6855_1,0.015543648
6634_9,0.97539
3866_2,0.27649516
7165_3,0.01798621
7516_7,0.92683524
2239_8,0.9224824
1248_8,0.9845754
6839_8,0.9588471
2648_10,0.97966766
5246_9,0.5474641
9445_1,0.017712297
4323_4,0.44396198
4356_10,0.97903574
9447_4,0.9697854
4022_3,0.083890386
6239_3,0.01566365
447_4,0.6514658
6717_8,0.0335895
2470_9,0.98571813
4816_1,0.016403032
1682_10,0.8489722
67_10,0.9603612
724_10,0.9761292
7678_9,0.882022
2889_4,0.15974104
7487_9,0.9843364
1411_4,0.16398025
7447_8,0.9588471
3856_1,0.02350945
4412_10,0.60396105
8939_2,0.01243165
3314_9,0.8327813
2776_1,0.064653486
7986_8,0.98582757
12084_10,0.9845754
9529_10,0.9879462
11599_7,0.6271523
11688_3,0.018689308
11559_1,0.016914913
5838_2,0.018689308
6397_4,0.9736447
3551_4,0.70456684
5646_10,0.97023994
7760_2,0.022286188
4983_7,0.97821885
3870_1,0.027585285
5621_9,0.91550726
8716_9,0.9600627
2017_10,0.95945925
579_10,0.9764905
2659_1,0.0153063545
10364_2,0.07004896
837_8,0.7574357
226_4,0.06142404
4836_1,0.015784562
11389_3,0.29401222
5284_2,0.015189049
4277_4,0.39583457
3821_10,0.68215036
6593_8,0.883236
5060_7,0.31827325
5121_8,0.9838472
3810_7,0.031143833
3941_8,0.122103855
12291_1,0.01798621
1082_1,0.6619229
931_9,0.79310596
10202_4,0.098079324
11004_9,0.9869795
5243_7,0.8740772
2861_1,0.2216875
11992_10,0.9079672
11358_9,0.98549646
3996_10,0.95976204
12434_8,0.40745127
8310_7,0.94122344
3894_9,0.9859364
3021_1,0.015189049
1652_10,0.9825575
90_2,0.20307463
283_1,0.15354918
9809_8,0.9407897
2693_2,0.94208187
5717_1,0.0140636265
6051_9,0.97068775
4542_1,0.016914913
5104_8,0.9213576
10139_10,0.18388654
6129_1,0.022457054
859_8,0.92683524
3107_1,0.01243165
2595_2,0.016529558
2676_10,0.36658975
3634_2,0.015424551
6953_1,0.080936715
4430_4,0.0226292
79_8,0.97090924
7318_2,0.016403032
863_4,0.032100707
6393_3,0.5807979
6910_3,0.37840167
4438_9,0.9837225
4242_9,0.8449215
5813_4,0.10302443
203_3,0.22405545
7333_10,0.97838473
11658_8,0.98445636
11206_4,0.25701842
6208_7,0.9825575
7273_8,0.88563144
5518_10,0.9458012
7092_1,0.20402452
10508_7,0.9324533
1196_9,0.97788346
10037_7,0.95695716
6468_8,0.97821885
8502_4,0.6719013
1017_1,0.02865267
4_10,0.98803884
8439_1,0.013428254
7048_3,0.029090757
3238_1,0.07921033
11610_1,0.25404602
3468_10,0.98159516
184_3,0.021615336
12227_7,0.19042274
4872_3,0.30507588
11139_10,0.98657167
4316_7,0.06325053
3071_1,0.036493763
335_2,0.01384861
10847_1,0.01757688
4646_10,0.9697854
9382_10,0.9764905
6577_1,0.013636835
4549_1,0.0145035805
2459_9,0.9807288
102_8,0.4589549
1581_1,0.014281935
2439_10,0.9807288
6988_9,0.26416847
2024_1,0.014281935
12375_1,0.026556572
6084_4,0.76100606
6617_3,0.014281935
815_3,0.059646945
1857_1,0.05033063
7428_1,0.09842542
5943_8,0.9572778
11811_10,0.9863631
10844_1,0.0153063545
1275_7,0.9834705
1910_1,0.026155619
3306_8,0.97046465
4735_1,0.013428254
10819_1,0.019124037
9571_2,0.06008665
1037_10,0.97997653
7177_4,0.21535073
5066_10,0.96378
4888_2,0.017176708
10646_2,0.039342504
7929_1,0.020332353
5181_1,0.01757688
1387_1,0.04208773
1304_8,0.9600627
2108_1,0.01812472
9875_10,0.97887486
10200_1,0.021615336
11665_9,0.9885804
6685_1,0.014957086
10234_9,0.971779
6622_9,0.94815457
9703_7,0.96182173
7504_8,0.8895288
1267_3,0.34997693
902_3,0.063714996
10674_2,0.28338456
5237_10,0.9728308
5270_10,0.9666631
1701_7,0.72603726
3222_2,0.7994423
6116_10,0.71780384
11543_10,0.9339146
8189_7,0.107437484
8737_8,0.97539
6856_7,0.120438814
2035_8,0.9407897
5011_10,0.9885804
6135_9,0.9853843
9172_1,0.01384861
5822_1,0.019870715
8816_3,0.026155619
1124_1,0.021125194
5422_4,0.81286734
3275_2,0.026155619
2076_2,0.015424551
5223_8,0.97754294
1814_3,0.03704717
6171_2,0.11240509
3228_1,0.030675802
3693_3,0.04813677
8891_2,0.015784562
1171_8,0.8255897
9496_1,0.3017734
8702_10,0.9339146
11287_4,0.014728613
2157_10,0.98707944
6058_8,0.92523
4025_2,0.016029146
5097_8,0.98445636
2335_1,0.01384861
6945_1,0.01566365
2970_4,0.0145035805
10473_10,0.9764905
10139_1,0.030675802
7680_10,0.9877587
10705_1,0.0145035805
9883_10,0.9879462
2808_10,0.9559813
6543_2,0.020804489
3482_3,0.052618954
2547_7,0.49633795
8378_4,0.012624948
7746_10,0.9887554
5007_4,0.244363
1623_8,0.9563089
10762_9,0.9860443
8604_1,0.06233104
868_7,0.65379035
7902_1,0.036493763
3644_1,0.5677569
330_1,0.014728613
2519_7,0.4368623
716_2,0.8933094
9908_1,0.0335895
1410_2,0.3054901
1154_4,0.020804489
589_10,0.98625773
10182_3,0.03846619
6872_8,0.9811669
7232_8,0.9207897
4339_8,0.94966936
6652_2,0.01395571
8692_1,0.026556572
4585_2,0.9686196
5846_4,0.45519862
4401_1,0.017712297
4848_10,0.9449947
1727_1,0.01757688
8038_2,0.16776335
2532_1,0.024237636
11010_9,0.9161096
4915_10,0.96095175
6047_4,0.031143833
10358_3,0.27415702
697_10,0.9843364
7648_7,0.9811669
5495_4,0.015906392
6611_2,0.020645931
12099_8,0.98657167
1109_1,0.047074176
6874_1,0.026355354
8072_4,0.45737904
11231_10,0.9785493
10871_7,0.96641046
9990_10,0.98187524
645_10,0.98998636
9345_1,0.33529642
5298_1,0.020332353
5971_10,0.11318691
5079_8,0.9334308
6022_3,0.01384861
4954_7,0.15869518
5063_8,0.89029425
843_10,0.9719925
556_7,0.92788786
1498_1,0.01784874
9374_7,0.2724115
8728_1,0.20339088
8297_10,0.45737904
5760_10,0.051462766
7403_10,0.054198727
964_3,0.069541745
8842_9,0.9759464
11552_10,0.9851576
5592_2,0.01627746
3531_9,0.93045825
9383_3,0.2739627
6576_1,0.012624948
125_3,0.013742321
8382_2,0.044680875
3786_9,0.967163
8636_9,0.8311431
12225_10,0.9205043
8958_8,0.9813107
5981_10,0.12592277
9594_10,0.2132133
9802_3,0.015906392
4353_3,0.1724504
10567_8,0.98803884
3982_7,0.97887486
3292_7,0.35031024
1739_3,0.0140636265
3356_3,0.5073237
5253_4,0.01757688
1186_10,0.9449947
12218_8,0.97423947
1361_9,0.9465967
11423_4,0.018689308
5649_1,0.013020489
11988_10,0.32018328
393_7,0.9566342
8081_2,0.11961367
10290_1,0.018264279
5548_1,0.068537496
2266_3,0.20465964
341_1,0.013636835
2081_10,0.9780517
6268_1,0.025565214
2267_9,0.9885804
82_3,0.013428254
11259_10,0.9860443
6760_7,0.8872046
6352_9,0.9755769
10733_3,0.54576993
7418_2,0.014842417
11562_8,0.97684664
8895_9,0.983343
7911_7,0.16451646
4885_10,0.9872773
542_4,0.24508502
6099_7,0.9700135
5355_1,0.014842417
3969_1,0.021615336
11541_4,0.96210754
6413_1,0.020488555
3725_7,0.96124375
11757_1,0.18242551
7663_1,0.06052939
3161_3,0.8000679
9119_10,0.95430803
7726_3,0.84389514
1764_8,0.97702265
7211_7,0.979354
8069_4,0.054198727
7119_2,0.55700207
1163_10,0.9845754
5836_2,0.013020489
1921_8,0.96124375
892_1,0.013020489
7629_8,0.9700135
5605_1,0.015784562
3955_10,0.9860443
5093_4,0.027376488
6366_4,0.071073666
11267_2,0.04115289
522_2,0.20657375
7659_10,0.98173577
11779_4,0.7442848
5226_1,0.63883525
8767_10,0.89442116
1315_4,0.017712297
8179_8,0.9830851
10270_10,0.9257686
8218_1,0.10894506
4363_10,0.98282325
9701_9,0.7592254
9774_10,0.9884919
8326_10,0.97754294
1529_10,0.913368
9090_8,0.98173577
8596_7,0.70942193
3508_1,0.10338596
2272_8,0.9856076
1226_7,0.8692713
40_8,0.9678993
1159_1,0.059646945
11508_1,0.03308598
2869_8,0.9666631
4068_1,0.016152835
7510_1,0.013020489
2967_3,0.017712297
8307_10,0.94208187
9920_8,0.9785493
9102_1,0.26855758
3586_4,0.7213508
2278_10,0.9876639
9459_9,0.96741027
3080_10,0.9425068
8960_1,0.0140636265
11294_8,0.87578696
5241_1,0.0145035805
4515_10,0.98582757
5855_7,0.89947516
12107_2,0.0145035805
6435_2,0.07316472
5813_10,0.97838473
12008_1,0.01566365
1613_10,0.9738444
9381_9,0.68573904
4467_10,0.9263037
1439_8,0.966156
1021_2,0.014392335
2718_1,0.07585818
11439_8,0.3901563
10931_10,0.97344345
4326_10,0.9683812
6216_1,0.019870715
10369_4,0.020332353
1586_7,0.89029425
1310_2,0.01566365
293_1,0.01627746
5968_1,0.014842417
9338_10,0.9500415
418_4,0.01627746
4522_1,0.016029146
3925_8,0.936285
9748_1,0.014728613
7142_8,0.98102194
8862_1,0.2137052
10812_2,0.0460339
3262_7,0.97719735
11540_10,0.04672496
1236_2,0.28836867
10321_10,0.9719925
5782_1,0.01243165
11765_8,0.94699025
6365_7,0.16532342
6265_2,0.016029146
5426_1,0.056652423
5312_7,0.938124
1786_3,0.04054074
10137_2,0.03875619
9816_3,0.03308598
11925_10,0.15405756
3041_3,0.07369626
6742_1,0.016152835
10786_7,0.91730267
10687_4,0.74761593
7057_7,0.016152835
7532_9,0.9407897
4162_8,0.9764905
9911_10,0.9591543
2369_3,0.15304215
2967_9,0.9787127
9515_7,0.950411
12035_9,0.9559813
9088_4,0.8774768
3037_8,0.9230392
1198_10,0.98469365
8186_8,0.8710367
3455_8,0.9834705
6676_3,0.8688268
4071_8,0.8568123
2244_7,0.95292586
1252_7,0.6460137
12178_3,0.014172365
5623_4,0.27649516
10938_1,0.013020489
2265_4,0.19899648
7442_7,0.015784562
7676_9,0.96641046
10666_1,0.020332353
9430_3,0.055412795
8329_2,0.024237636
11933_10,0.9851576
7868_1,0.01812472
6471_7,0.98215127
2191_1,0.024609927
3918_1,0.017309094
9767_10,0.98646784
11297_8,0.87536144
6763_8,0.9666631
2621_9,0.7229184
4056_4,0.09170697
8584_4,0.015543648
4541_9,0.9843364
1474_4,0.06008665
3748_7,0.9390248
1314_1,0.018689308
6195_10,0.98549646
3485_1,0.01566365
5448_7,0.38564938
12392_10,0.91181
5807_10,0.9843364
11783_4,0.9549844
5693_1,0.016152835
5031_3,0.019870715
9684_1,0.014957086
924_10,0.9666631
12254_3,0.047780063
277_1,0.105948284
4384_10,0.9860443
8288_4,0.08210663
3056_3,0.013636835
4683_9,0.9840936
907_7,0.8736466
6720_7,0.88038635
12192_1,0.033336822
11090_8,0.44083032
4682_7,0.97262347
11698_10,0.76100606
1530_1,0.024609927
3017_9,0.98571813
9702_1,0.021948254
5761_3,0.04672496
9920_2,0.81873685
8250_1,0.9230392
11900_3,0.94417685
6128_10,0.04885778
8667_10,0.9615338
8304_3,0.0894546
1049_9,0.9860443
10262_4,0.052618954
7315_3,0.024609927
4935_10,0.9802808
2453_1,0.014281935
4820_10,0.95362175
3111_10,0.96210754
10351_8,0.96323055
146_1,0.013636835
6093_9,0.9839708
7215_10,0.98201376
6098_9,0.9755769
2873_10,0.9744348
2683_10,0.94539934
6886_9,0.9615338
4992_8,0.8840393
1038_1,0.028870907
988_3,0.026759284
212_7,0.019419348
6838_1,0.014957086
4865_8,0.9757624
6908_9,0.9837225
8548_10,0.7902067
2297_4,0.048496004
3455_4,0.742048
5743_2,0.17217186
5820_1,0.40086663
4636_3,0.2635994
8184_4,0.029760094
7413_7,0.9603612
10750_7,0.95759624
10064_10,0.983597
408_3,0.024237636
10388_10,0.97068775
8380_4,0.18388654
8904_2,0.44456473
10854_10,0.94539934
11511_10,0.89143354
259_10,0.97112906
1580_1,0.013636835
11775_1,0.023870835
8674_1,0.016403032
9540_10,0.9891816
6177_4,0.013222822
11074_8,0.97719735
7191_7,0.9263037
7496_1,0.0145035805
4424_9,0.98215127
5733_9,0.8624676
2887_2,0.0153063545
239_2,0.015543648
10920_1,0.030444348
10342_9,0.98707944
12321_1,0.0145035805
1833_3,0.02178117
5494_7,0.9092645
8687_8,0.9766692
1076_8,0.93674946
7638_3,0.2613309
1361_3,0.057493284
1884_4,0.028436033
2056_10,0.967163
5_4,0.64657176
1034_10,0.40721554
4008_8,0.98201376
4239_4,0.08269735
7257_4,0.39551353
9541_8,0.9839708
5869_1,0.013636835
1326_4,0.01883313
936_2,0.02479816
10473_4,0.13799646
12413_2,0.01678549
5934_9,0.019419348
2419_7,0.92683524
49_4,0.27727723
2129_9,0.97838473
12356_1,0.025565214
9268_2,0.016029146
7915_7,0.9591543
11405_3,0.040237945
7526_9,0.9683812
6639_2,0.015424551
7939_1,0.01243165
8934_1,0.09670579
2422_1,0.013222822
3885_4,0.33502442
1703_3,0.46842587
7530_9,0.9719925
5833_1,0.012624948
9858_4,0.15052764
12307_3,0.032100707
9341_10,0.9738444
4490_10,0.9658996
9292_10,0.95791227
7830_1,0.013222822
5329_1,0.01395571
5205_10,0.31415576
2172_1,0.018264279
8857_4,0.016403032
7933_1,0.020804489
12277_4,0.7412996
9853_10,0.93991333
5927_8,0.98625773
4453_4,0.04401865
3034_1,0.013428254
3469_1,0.026556572
12014_2,0.029090757
3802_3,0.325735
10911_8,0.03138043
7519_1,0.01798621
4155_1,0.027585285
7873_1,0.013222822
7002_10,0.95759624
11597_1,0.015906392
9043_3,0.055005286
7623_3,0.9230392
6615_9,0.98667485
5982_1,0.03567855
492_1,0.01507263
7105_1,0.01507263
7072_8,0.98159516
7585_3,0.3023911
114_2,0.1480472
675_2,0.09401018
5141_1,0.036769465
11299_1,0.016403032
7008_4,0.0627892
4963_4,0.026355354
9363_8,0.92788786
12419_8,0.746139
499_2,0.10856642
4741_1,0.013222822
3160_10,0.054600604
4605_7,0.7498207
7181_4,0.62566686
2620_3,0.0140636265
7101_7,0.39313748
3358_8,0.8524448
11150_3,0.091058284
11555_3,0.11716748
11975_2,0.7360213
44_8,0.9780517
4699_10,0.9868787
6042_2,0.034880888
10368_3,0.45096377
2409_8,0.88875884
5933_1,0.033336822
7460_1,0.016403032
11653_3,0.98215127
1699_4,0.8255897
6189_4,0.015784562
12263_10,0.9860443
700_7,0.9348725
1974_9,0.9433476
4664_1,0.02479816
2083_3,0.035144847
3454_1,0.013742321
3196_4,0.9314625
7920_2,0.014392335
10257_10,0.9859364
12344_10,0.97719735
130_9,0.9795114
315_4,0.30321574
5923_10,0.9750122
1234_10,0.9736447
7402_2,0.017309094
4634_1,0.18683577
2558_10,0.9730365
11220_10,0.17441027
7652_10,0.98201376
1070_1,0.035144847
3018_1,0.43242288
6365_1,0.012624948
6081_4,0.4951173
1015_4,0.8338664
7071_10,0.7446563
4682_1,0.0153063545
5242_1,0.714628
5125_9,0.97887486
11299_7,0.9559813
7445_1,0.013222822
8206_10,0.97838473
7878_7,0.9813107
11630_4,0.24184734
9391_8,0.4668456
4755_2,0.016152835
36_8,0.9860443
617_9,0.9736447
987_7,0.9403531
1185_1,0.0140636265
11135_1,0.02096424
6457_2,0.01395571
8337_7,0.9780517
9931_9,0.9437636
6932_10,0.7102265
9504_3,0.30569732
2333_2,0.01798621
10397_10,0.94122344
6200_4,0.027169231
8004_10,0.9465967
10818_10,0.9840936
164_7,0.7592254
6945_9,0.9032942
2551_10,0.9437636
10887_3,0.012821214
8942_8,0.9837225
6779_1,0.12808825
9818_10,0.9885804
11352_4,0.06903793
1035_9,0.983343
9212_2,0.013636835
8530_3,0.7552762
7858_3,0.029986506
1777_4,0.8529355
6976_10,0.97112906
9426_2,0.016914913
2154_1,0.08756384
7037_9,0.38864022
1501_1,0.029986506
12448_2,0.014281935
1005_2,0.016029146
8031_1,0.18594718
8084_8,0.9724148
11933_3,0.01627746
3206_10,0.9851576
10197_2,0.025371313
8838_9,0.06656919
7720_1,0.01627746
9739_3,0.04672496
8312_4,0.016529558
3492_9,0.9697854
1133_8,0.9757624
3255_9,0.9348725
10625_8,0.8524448
12307_9,0.8933094
325_10,0.9868787
4393_10,0.95759624
8755_2,0.0145035805
2645_4,0.071073666
10712_8,0.8548847
10358_7,0.8327813
10913_1,0.017442483
8406_7,0.94699025
12131_8,0.89552265
8306_7,0.97262347
8722_9,0.98657167
6363_3,0.011869121
6876_10,0.9606575
10802_8,0.40315557
6078_2,0.060975183
4558_8,0.9666631
643_4,0.016152835
9956_10,0.8624676
7267_8,0.96210754
10491_7,0.97684664
5105_8,0.9860443
7213_10,0.9839708
8442_2,0.4680611
11035_10,0.8193158
9961_3,0.5548323
2616_1,0.016657041
7666_4,0.036493763
548_4,0.0460339
2425_10,0.9840936
4173_1,0.017442483
3558_10,0.9059898
4117_3,0.25423113
9803_3,0.02865267
1545_1,0.017176708
6564_7,0.9813107
1306_1,0.013428254
632_1,0.016403032
3132_8,0.9845754
5755_2,0.01566365
5282_1,0.0269635
5891_10,0.9879462
3961_7,0.97684664
4107_1,0.9403531
2370_8,0.741674
1363_1,0.032100707
5359_9,0.98625773
759_10,0.9787127
727_8,0.966156
1875_1,0.01461567
10586_1,0.01507263
4906_1,0.017176708
11685_4,0.013222822
1632_1,0.62457985
4913_10,0.94699025
11375_1,0.01507263
423_10,0.95150405
5957_9,0.9142907
9389_1,0.0140636265
10450_7,0.89368117
4205_1,0.20785715
2983_1,0.016403032
7895_1,0.016529558
2761_4,0.025565214
3359_1,0.0140636265
687_9,0.92495924
8150_1,0.38908216
1647_10,0.9429286
10920_8,0.9615338
4813_8,0.94122344
4628_10,0.97262347
5738_4,0.06754669
11255_3,0.016657041
7801_10,0.9764905
3258_2,0.014957086
10513_7,0.21535073
9358_8,0.9724148
6864_2,0.0140636265
3038_8,0.6907677
6928_1,0.90665317
10277_10,0.98159516
9231_1,0.016529558
8098_7,0.983343
11550_10,0.92359227
10233_7,0.8984106
180_3,0.6281794
538_8,0.9623913
4977_9,0.9511422
11386_3,0.027795624
1045_3,0.024237636
61_1,0.18952107
6907_8,0.9263037
11368_10,0.9722044
10_3,0.024609927
7034_3,0.13206616
3051_10,0.9697854
362_9,0.96458924
8037_7,0.9804314
11408_4,0.30652705
8783_7,0.97788346
1755_10,0.98421544
3610_3,0.050705362
1376_3,0.02178117
4970_9,0.87191176
7802_9,0.9658996
4169_1,0.01395571
2063_4,0.98173577
2825_10,0.9190633
10758_10,0.9885804
10778_2,0.02017732
979_10,0.97737074
11700_4,0.95791227
7848_10,0.23651622
1294_7,0.9843364
4806_4,0.97423947
10159_4,0.015189049
3461_4,0.9591543
10312_1,0.013222822
4297_1,0.013636835
5081_2,0.037326884
2156_1,0.20055768
8417_1,0.015784562
10182_10,0.987375
11732_2,0.016029146
10078_3,0.013428254
4772_1,0.0140636265
6187_4,0.024237636
4219_10,0.97754294
5208_8,0.87191176
4935_2,0.026759284
6528_10,0.9825575
4080_1,0.019870715
6147_10,0.896614
1352_2,0.06418265
5675_9,0.82104415
3024_4,0.024237636
6930_3,0.21568096
7005_1,0.015543648
380_9,0.93045825
5923_3,0.2925953
1246_9,0.98421544
3081_8,0.98159516
11913_3,0.03875619
4112_8,0.8774768
1440_8,0.84234506
12123_7,0.7725307
3731_1,0.016914913
420_10,0.97520185
5862_1,0.01243165
10864_7,0.9757624
3484_1,0.013636835
9438_4,0.94539934
7032_10,0.9885804
7670_2,0.01883313
5251_9,0.9449947
5296_7,0.97344345
9161_7,0.12852514
6446_4,0.6504673
11694_8,0.929951
1674_9,0.979354
8831_10,0.032344334
11813_10,0.98549646
3380_1,0.012053779
8653_10,0.97903574
10485_1,0.013532149
3771_9,0.79755676
5534_1,0.01395571
2_7,0.4666025
2334_9,0.9837225
8327_4,0.9053223
8552_9,0.9829547
9117_10,0.9224824
11953_10,0.9838472
7015_4,0.10230471
9649_10,0.9805807
1701_1,0.014957086
1946_3,0.07477005
1536_10,0.9224824
6419_7,0.9603612
6619_10,0.9811669
3715_10,0.9891816
6001_9,0.9829547
4555_9,0.9518632
6367_4,0.017176708
8350_10,0.9656413
8376_7,0.9837225
8231_1,0.017309094
11595_9,0.9885804
10372_4,0.40327302
2711_8,0.94815457
407_4,0.017309094
10798_10,0.26038948
5358_1,0.01798621
158_1,0.014172365
6578_7,0.91181
217_8,0.87997437
4535_10,0.9884919
4887_10,0.71582144
5595_4,0.67768735
1837_9,0.97023994
7723_1,0.014281935
1935_7,0.7185944
7357_4,0.021125194
3293_3,0.047780063
5176_1,0.014728613
10930_7,0.12852514
4618_1,0.4414924
15_2,0.017309094
4009_1,0.16721867
3854_1,0.019419348
2889_10,0.9839708
2737_1,0.9532751
9811_3,0.01757688
12016_2,0.08632348
8470_10,0.46514454
2965_7,0.10447732
6620_1,0.01798621
7447_3,0.01678549
1197_9,0.9791955
9750_9,0.97737074
3001_1,0.05033063
8068_2,0.02865267
5660_1,0.026155619
5595_10,0.97344345
4377_4,0.054198727
7354_8,0.95257413
11858_1,0.014728613
7611_2,0.020023443
6855_7,0.048496004
11522_1,0.0145035805
21_9,0.96295285
3423_9,0.97966766
2061_8,0.9832145
5594_10,0.9722044
6106_3,0.0433658
9222_1,0.88875884
2305_3,0.07004896
12493_4,0.20946968
8841_9,0.9764905
3824_8,0.95430803
703_8,0.6437773
1638_1,0.013636835
11339_4,0.0140636265
10173_1,0.051082738
6481_2,0.22067817
9468_2,0.23091976
1830_9,0.9804314
9940_8,0.90958625
7768_1,0.015543648
414_2,0.047425874
9554_3,0.016914913
2894_4,0.013428254
2509_7,0.94815457
2430_2,0.10158945
10244_7,0.45277792
2874_9,0.24798743
4615_4,0.8620035
9011_10,0.9839708
8977_9,0.9606575
6709_9,0.026759284
7963_3,0.09534946
7531_10,0.97068775
5058_3,0.67362124
2875_2,0.87621135
9191_8,0.024237636
2596_10,0.9785493
9660_8,0.98087597
3682_1,0.025371313
4189_1,0.019271135
739_10,0.98228765
836_4,0.04672496
2422_7,0.024423089
4318_1,0.01678549
1443_2,0.21174262
2782_8,0.98646784
10260_1,0.19467384
10624_10,0.9403531
3288_8,0.9651191
155_2,0.014728613
4941_9,0.95292586
1449_8,0.9522199
10575_1,0.02178117
3568_4,0.94853723
261_9,0.98549646
10420_9,0.9856076
4008_1,0.3274532
4263_9,0.96405166
11924_4,0.3390065
11488_7,0.9532751
1599_1,0.20024472
11383_10,0.96378
1800_9,0.8255897
9705_10,0.9606575
10044_8,0.9076402
471_3,0.28756768
3494_9,0.96182173
11492_10,0.96765566
257_3,0.23722236
10745_1,0.024053553
7305_1,0.0269635
6239_8,0.97838473
3068_10,0.9840936
2862_1,0.02178117
11217_4,0.06903793
10650_9,0.9840936
3588_10,0.9871788
8345_10,0.8050198
9980_2,0.01384861
8901_1,0.0894546
5438_8,0.97262347
10879_10,0.98667485
9064_3,0.09073549
193_9,0.97023994
470_4,0.33491567
5128_7,0.9591543
10542_10,0.08151975
205_10,0.920218
8091_7,0.9740426
11383_3,0.031618766
10274_2,0.022457054
7865_7,0.9257686
7525_1,0.9114953
2168_2,0.013222822
11082_8,0.8710367
1991_2,0.02211659
10524_10,0.9700135
4628_3,0.33933488
4269_7,0.966156
7367_2,0.01757688
1390_1,0.07369626
7158_1,0.057493284
12442_10,0.21011725
8388_1,0.01243165
7980_7,0.9043131
3054_1,0.016152835
11143_2,0.049589027
2238_1,0.015906392
949_3,0.014728613
42_4,0.16238004
4093_7,0.9795114
3657_3,0.2062538
9812_10,0.98549646
6879_3,0.01757688
2189_8,0.9207897
11804_1,0.015543648
5280_10,0.9805807
411_8,0.8454327
5673_1,0.11516223
11633_2,0.0145035805
10389_1,0.013636835
9516_10,0.9394706
12169_8,0.97997653
232_7,0.97887486
6061_4,0.014728613
6755_8,0.9736447
2880_10,0.9219218
4187_7,0.4472189
4175_7,0.9757624
11674_3,0.5669778
10397_1,0.015189049
4334_10,0.9615338
7654_10,0.9566342
1657_9,0.9603612
2025_2,0.02576056
2276_4,0.015906392
1957_10,0.94417685
11627_4,0.24184734
11799_4,0.29624692
10251_10,0.98228765
1231_4,0.016914913
8302_8,0.9688562
12342_7,0.1576549
8105_3,0.8610715
3892_4,0.016529558
8473_9,0.9826909
448_8,0.9845754
7317_2,0.024423089
2074_1,0.046378206
12249_7,0.95759624
5467_2,0.07921033
12109_1,0.022286188
11511_1,0.016152835
9476_3,0.8891444
1170_10,0.97684664
8970_9,0.32842174
12308_1,0.014957086
3101_8,0.9532751
3066_1,0.01384861
11519_7,0.20275871
5314_2,0.03963884
9160_4,0.3539863
6512_3,0.2271263
7836_4,0.06804042
11429_1,0.08449275
12043_9,0.9859364
270_1,0.017712297
821_1,0.02350945
4572_10,0.9755769
11437_1,0.018404892
4899_3,0.027795624
8226_9,0.90295243
5445_9,0.98445636
2459_2,0.14128141
12192_7,0.97966766
5459_9,0.9462003
7308_7,0.8365546
11308_1,0.014728613
4122_3,0.019568678
144_9,0.96691406
12145_4,0.016403032
8511_8,0.96485513
11319_7,0.70740473
9257_10,0.9777139
6737_3,0.013222822
9327_9,0.9876639
1246_1,0.014728613
11239_10,0.9764905
2915_1,0.014957086
6019_10,0.98892784
1151_9,0.98173577
11796_2,0.105948284
10400_9,0.88523525
9599_10,0.9549844
2283_3,0.014281935
5474_3,0.015543648
2670_3,0.0145035805
6_3,0.22337706
69_4,0.1066906
11234_10,0.8333246
6575_10,0.98803884
9391_1,0.012821214
12053_1,0.013428254
1387_8,0.9329437
2649_9,0.9022657
9004_4,0.08570928
8723_1,0.01784874
11609_1,0.016403032
9585_2,0.045352582
2736_1,0.02017732
6607_2,0.02017732
11939_2,0.016657041
2024_8,0.98677725
1503_8,0.02931223
10177_10,0.98959166
10266_1,0.012821214
547_7,0.9656413
5272_10,0.8899121
5204_9,0.950411
9369_2,0.088820286
6273_1,0.01384861
10825_7,0.98625773
644_8,0.88875884
347_1,0.01883313
12309_1,0.18742996
5502_10,0.94122344
7203_1,0.014281935
8714_2,0.042722195
713_8,0.98677725
10289_1,0.05921025
7666_8,0.03594832
6753_1,0.018404892
6350_1,0.013636835
11232_8,0.94815457
10551_1,0.01678549
5967_7,0.6218854
1049_3,0.05033063
11238_10,0.25701842
8043_9,0.9838472
8751_4,0.95257413
6514_2,0.03875619
1461_3,0.034880888
12137_8,0.96765566
9884_1,0.014281935
4652_10,0.9787127
3169_4,0.031618766
4138_8,0.9826909
6125_7,0.040237945
7298_8,0.9334308
4602_8,0.7379143
3523_1,0.09041373
10990_1,0.01461567
9278_1,0.018689308
2614_3,0.02517884
4762_3,0.017176708
2557_9,0.96378
9390_1,0.01243165
7144_10,0.9832145
6655_7,0.9184803
9806_3,0.036769465
986_10,0.9539661
9969_10,0.92523
8915_1,0.1850619
3888_2,0.83761996
1963_1,0.018689308
10523_9,0.9324533
9995_2,0.4638085
4491_1,0.01883313
926_10,0.9878528
5679_7,0.28577045
5201_8,0.7055822
9785_3,0.016403032
337_1,0.013222822
4129_3,0.0140636265
9231_8,0.34169233
2058_2,0.016657041
4801_10,0.9755769
2116_1,0.021125194
11539_10,0.9853843
200_4,0.065604836
8271_10,0.98892784
10088_8,0.105948284
10816_10,0.9830851
80_7,0.6307987
9331_7,0.9207897
3866_9,0.9839708
4534_3,0.9012275
8981_9,0.9582261
510_7,0.9736447
4980_1,0.026155619
3336_1,0.042722195
1934_7,0.71977776
2815_4,0.98087597
6606_4,0.040237945
11802_1,0.16052906
6312_9,0.98228765
1914_2,0.023330767
1970_8,0.9891816
9791_10,0.9403531
3721_10,0.81757444
7947_10,0.96765566
8009_10,0.96765566
3370_7,0.025371313
8943_3,0.61618555
5873_10,0.971779
7379_1,0.014281935
3585_10,0.98942953
6934_10,0.967163
5841_1,0.18653922
1354_7,0.98187524
9215_10,0.9666631
2668_4,0.01243165
8441_8,0.89029425
5255_7,0.28279
3649_1,0.016029146
1169_10,0.98707944
2366_7,0.9780517
4229_1,0.01566365
29_3,0.5797982
6109_2,0.019870715
11174_4,0.021948254
12477_7,0.026155619
11713_1,0.014172365
2231_2,0.34400257
7598_8,0.9764905
5095_3,0.015424551
3062_10,0.93463415
11451_7,0.9785493
7100_3,0.0153063545
11005_1,0.019719128
9902_8,0.98657167
8850_10,0.098079324
5542_2,0.81167597
9371_1,0.026355354
8042_7,0.9695556
1757_1,0.021287354
2256_1,0.018404892
9793_3,0.015784562
11791_2,0.32670093
4814_2,0.016657041
630_7,0.9314625
10622_10,0.98102194
5781_1,0.034880888
7422_10,0.9843364
10084_10,0.97684664
9550_9,0.9507779
11646_8,0.9433476
110_1,0.0433658
4811_1,0.016152835
9559_4,0.021287354
2755_10,0.9695556
698_1,0.013636835
8437_1,0.84695786
1470_8,0.95257413
11449_8,0.03461884
8078_8,0.9839708
238_1,0.019124037
4950_10,0.9826909
10793_7,0.96295285
8497_10,0.9885804
9160_9,0.89478946
8472_1,0.022457054
1583_8,0.9588471
2923_3,0.02350945
9770_4,0.9224824
10706_2,0.37863138
4573_2,0.048496004
11176_10,0.9795114
616_1,0.014842417
4574_8,0.9492946
8465_10,0.9532751
4049_9,0.98102194
3707_3,0.041462272
4398_10,0.98282325
11727_1,0.033336822
7244_8,0.98571813
549_3,0.6570985
9461_1,0.68909645
6748_3,0.01757688
7093_10,0.97324073
9115_10,0.9736447
8284_9,0.9832145
469_8,0.7602949
1281_9,0.9851576
2816_3,0.20979328
11001_7,0.92468774
6987_2,0.02211659
5428_3,0.014842417
5992_10,0.9851576
2315_1,0.018978037
7329_7,0.9683812
3956_1,0.013636835
11453_1,0.05834584
726_1,0.016029146
10517_1,0.03567855
4494_8,0.93581736
11980_10,0.9850429
2926_1,0.17953056
1671_2,0.26020145
8291_4,0.015906392
948_8,0.24944724
8122_1,0.03963884
9343_10,0.9600627
6011_10,0.9433476
7156_4,0.04813677
9596_2,0.032836955
10583_10,0.98582757
3190_10,0.9853843
10841_10,0.9890131
6122_8,0.59079397
1315_10,0.96405166
3667_1,0.29563648
4225_2,0.014172365
11268_8,0.44709817
412_7,0.55012405
4891_10,0.96814114
4791_10,0.9853843
4463_2,0.07316472
3173_7,0.45798507
2937_8,0.95362175
9438_10,0.96210754
9900_9,0.9804314
424_10,0.97112906
955_10,0.9588471
10060_3,0.030444348
6063_9,0.98707944
1960_1,0.013636835
1456_8,0.35548118
1859_2,0.016914913
1262_8,0.9791955
5325_4,0.12808825
5944_4,0.23265867
2805_4,0.2407746
11591_1,0.016529558
3257_1,0.3083985
11444_3,0.01678549
5446_3,0.021615336
11801_1,0.7348813
8653_2,0.014842417
10939_1,0.019124037
10079_10,0.9263037
8188_1,0.020645931
3825_3,0.06233104
6659_2,0.078078166
9779_2,0.024423089
2852_2,0.18300885
11117_7,0.97262347
4367_3,0.22337706
7538_4,0.13753249
9183_3,0.030675802
1910_8,0.94699025
4563_4,0.022802636
7743_7,0.96641046
6770_1,0.013636835
10133_4,0.120438814
6279_8,0.96295285
7907_1,0.015189049
1458_2,0.01812472
12427_1,0.089136936
3221_10,0.92788786
1614_10,0.9832145
2761_10,0.18535662
5151_4,0.02931223
8803_8,0.9875683
10726_1,0.015784562
824_8,0.9838472
12377_10,0.18010665
3401_3,0.023689471
3603_7,0.7013041
3655_4,0.017712297
9963_3,0.66006285
4266_1,0.018546565
1176_4,0.02865267
959_4,0.36506045
4494_1,0.040237945
12381_10,0.950411
4603_8,0.39902106
625_2,0.42733696
7597_3,0.7577944
594_9,0.7567173
10998_10,0.9458012
5122_10,0.96095175
9820_10,0.8969756
2428_1,0.017045317
10928_1,0.015784562
9083_2,0.8933094
8669_1,0.020332353
9159_9,0.94966936
4171_10,0.98282325
7985_8,0.9161096
4181_1,0.016914913
4577_8,0.77696157
910_4,0.882022
10673_4,0.23970512
1530_10,0.8656789
2436_4,0.947381
3934_10,0.94165415
9273_1,0.020023443
3188_9,0.9839708
1826_4,0.01384861
4777_1,0.01812472
7449_10,0.95531917
490_2,0.9207897
1351_1,0.018978037
9172_7,0.94853723
6211_8,0.936285
7114_8,0.9161096
1316_2,0.015189049
6531_10,0.96765566
4381_3,0.016657041
10347_1,0.037608635
5497_8,0.9843364
7041_10,0.9585377
4466_4,0.03461884
1690_1,0.016914913
912_1,0.014281935
10342_1,0.014957086
6323_4,0.016152835
3243_1,0.022286188
9143_1,0.039342504
7175_3,0.018689308
1962_7,0.2708658
11135_7,0.86385167
8524_1,0.019568678
10026_3,0.021948254
3031_4,0.9353465
1766_2,0.14463145
6042_10,0.79246426
3357_7,0.9736447
11065_10,0.9728308
11641_9,0.9738444
4389_2,0.014728613
10946_1,0.016657041
6385_10,0.97023994
5520_4,0.8543993
8036_8,0.9813107
4726_4,0.91086304
1510_8,0.3100673
11016_8,0.98582757
893_1,0.03594832
655_3,0.08694165
12226_7,0.05623634
3878_10,0.9730365
8589_8,0.9334308
4108_10,0.9190633
8586_3,0.07004896
2326_9,0.9849274
155_8,0.263789
11073_7,0.8037906
1672_10,0.947381
1715_8,0.89256257
10443_7,0.62429357
9673_1,0.023689471
10731_9,0.728362
4427_3,0.7394224
422_3,0.019870715
7121_3,0.10374863
4415_4,0.87147486
11599_1,0.03904829
6015_9,0.8479678
3470_1,0.01627746
3951_10,0.9826909
2665_10,0.97821885
10295_10,0.9755769
3220_10,0.98421544
4748_1,0.022286188
189_9,0.98840266
3502_9,0.66823107
10561_9,0.97539
5051_4,0.908618
7644_7,0.92788786
559_4,0.8610715
3236_1,0.02017732
9985_9,0.9829547
3512_7,0.39066473
10318_1,0.01384861
3509_1,0.33176893
7686_10,0.9750122
8947_8,0.9744348
6783_10,0.97134733
9836_10,0.98667485
971_3,0.22507578
1127_1,0.0140636265
8953_7,0.93045825
5763_10,0.9329437
9147_10,0.94165415
10688_1,0.014728613
2148_7,0.95976204
8997_10,0.9860443
3094_10,0.98625773
1152_3,0.2230384
1907_10,0.9056566
1845_10,0.9863631
6852_7,0.97719735
5573_10,0.9859364
8709_2,0.01507263
2882_10,0.9722044
11230_8,0.93195957
10124_3,0.78464925
12361_1,0.64980084
8117_4,0.49633795
1192_10,0.9184803
1657_4,0.09842542
10319_8,0.9230392
10954_1,0.060975183
2048_10,0.7405498
5763_4,0.0570714
9491_10,0.9882222
4081_3,0.80685264
4877_9,0.24580847
10981_9,0.9813107
11440_1,0.014957086
7608_2,0.013636835
194_1,0.020332353
7116_7,0.50781184
2118_10,0.4748747
9997_10,0.9805807
3880_1,0.03461884
4197_10,0.9334308
1166_10,0.0627892
3504_8,0.95531917
3170_10,0.9635062
1477_8,0.93674946
881_8,0.9805807
10229_2,0.02517884
9515_1,0.0140636265
6714_7,0.6770471
8570_8,0.06418265
6892_10,0.9807288
8710_10,0.98445636
9135_10,0.9600627
10924_10,0.94853723
5252_4,0.36279988
6581_10,0.9861514
8837_10,0.97997653
3820_1,0.013636835
9914_3,0.018978037
3141_1,0.01566365
7893_1,0.01395571
306_1,0.028436033
2527_3,0.02931223
8148_2,0.13753249
9778_10,0.87147486
10438_9,0.9795114
5230_4,0.7168137
1691_1,0.12463858
6124_10,0.6791787
5256_3,0.034358688
4294_7,0.909907
10575_10,0.9834705
9610_9,0.9700135
563_10,0.81227237
6328_10,0.98102194
6903_2,0.013636835
6899_4,0.02145073
7166_4,0.8864204
2993_4,0.05834584
10771_8,0.9334308
11298_1,0.01461567
9101_2,0.20055768
7716_3,0.020804489
2722_1,0.19314738
5227_8,0.888372
241_1,0.013222822
192_2,0.01678549
9006_10,0.97887486
5505_7,0.3658248
10822_8,0.98667485
1046_1,0.01883313
1865_3,0.03410043
11845_7,0.8568123
6675_7,0.9785493
6240_1,0.013222822
10392_8,0.9832145
3405_10,0.9845754
11919_10,0.98582757
2294_9,0.98667485
1097_3,0.63584447
6888_10,0.9882222
12373_1,0.18388654
11785_10,0.5102525
11805_1,0.020488555
2328_9,0.9056566
2636_1,0.016029146
12359_7,0.9184803
7733_8,0.7937462
9877_1,0.5794004
12266_7,0.8529355
8274_1,0.0930168
11727_8,0.94417685
12389_8,0.9462003
2464_4,0.9069832
4930_1,0.03567855
11304_9,0.9860443
2140_1,0.5401963
11168_9,0.92523
1772_9,0.97023994
3857_8,0.9838472
4559_3,0.023689471
6986_8,0.02931223
9647_1,0.02211659
11714_1,0.02211659
5436_2,0.91212356
2736_9,0.97090924
4499_8,0.9807288
2701_10,0.9837225
11604_8,0.98201376
6133_1,0.05340333
4151_3,0.9348725
3978_3,0.017045317
1973_9,0.9219218
11752_10,0.9757624
10192_10,0.9241418
8318_4,0.014842417
5685_1,0.015189049
8978_4,0.8080672
12289_10,0.8524448
5603_9,0.9666631
5209_10,0.938576
8360_7,0.04813677
5690_2,0.016914913
8463_10,0.11318691
5304_10,0.979354
720_10,0.97344345
9301_3,0.08329193
1392_1,0.020332353
10893_4,0.25460163
1299_9,0.105210535
5552_2,0.021125194
4348_4,0.24400252
12384_4,0.5717666
11947_2,0.10484337
1740_3,0.013428254
7869_10,0.19467384
5959_7,0.97539
2301_8,0.98840266
5572_7,0.97788346
3716_1,0.31310463
8558_7,0.94891727
12210_1,0.03846619
3744_4,0.02178117
12487_2,0.029090757
5348_7,0.9429286
1065_1,0.016657041
1414_10,0.97262347
2672_4,0.023870835
1014_8,0.045692034
2248_10,0.8969756
2221_8,0.9425068
4576_1,0.0140636265
10578_10,0.9859364
8525_2,0.2991052
5332_8,0.54056007
12007_2,0.028436033
1107_2,0.030675802
8295_10,0.9838472
10093_1,0.019719128
6441_1,0.015189049
10422_3,0.09602549
11034_3,0.017309094
3379_9,0.9832145
7512_1,0.029535338
12165_1,0.01812472
11634_10,0.8879841
4567_10,0.93045825
6971_8,0.94417685
2145_3,0.40674412
5639_1,0.014392335
8049_7,0.94815457
7953_1,0.3235938
12440_4,0.0153063545
9134_8,0.96741027
5720_10,0.98469365
1851_10,0.9843364
3673_10,0.9750122
9037_3,0.44095072
8547_10,0.97997653
111_10,0.96641046
5279_9,0.98242307
2379_9,0.9722044
6000_10,0.6680145
990_7,0.2903768
1519_9,0.88038635
5987_7,0.9324533
2959_7,0.9697854
8898_2,0.2137052
5746_10,0.9877587
6268_8,0.12463858
5449_7,0.13753249
5561_1,0.016152835
11470_3,0.016657041
11837_1,0.406862
6761_10,0.9879462
1590_1,0.050705362
927_10,0.9500415
1495_9,0.8601343
10529_7,0.9518632
7704_2,0.042403832
10707_3,0.019719128
3862_1,0.05223086
3612_7,0.98646784
8212_2,0.013636835
10649_10,0.98646784
9767_1,0.018404892
4054_3,0.016403032
9783_3,0.020332353
3116_2,0.02517884
4631_10,0.9834705
7228_1,0.01566365
2744_8,0.8244619
6028_10,0.97539
10812_9,0.92892635
417_10,0.94417685
11876_10,0.98469365
946_7,0.22270015
8265_10,0.9801293
6833_10,0.983597
4150_4,0.03594832
899_9,0.97737074
223_10,0.96124375
7369_3,0.52268946
5075_8,0.24184734
6634_1,0.01678549
3486_8,0.9500415
11473_1,0.20024472
3276_10,0.98102194
3272_2,0.17838266
2727_3,0.059646945
4134_7,0.17525558
5744_3,0.7479843
8715_1,0.020645931
4812_1,0.018978037
6841_1,0.01566365
6822_1,0.9394706
3211_4,0.34687307
5489_2,0.015784562
1168_1,0.053009775
3056_9,0.90397453
4516_10,0.9861514
9542_1,0.013428254
4400_10,0.98549646
2766_10,0.98201376
6470_8,0.938576
5434_1,0.03308598
1406_4,0.86293024
11479_8,0.9591543
9881_10,0.89805347
10276_1,0.01507263
2875_8,0.8929365
1254_2,0.3705243
8017_10,0.7295198
9694_10,0.40597853
9522_1,0.023689471
11379_2,0.0433658
7357_10,0.936285
6080_9,0.96295285
2039_10,0.9856076
7086_8,0.9802808
4757_10,0.98481095
2472_10,0.03308598
9442_1,0.015784562
12438_10,0.9736447
747_8,0.8479678
6786_4,0.8697146
11942_8,0.8624676
8611_9,0.97112906
9240_8,0.98282325
7411_4,0.018978037
5196_4,0.016403032
5709_3,0.024053553
6758_3,0.016152835
1933_9,0.9787127
4464_8,0.9719925
11100_9,0.4065674
3636_10,0.97821885
12328_1,0.7981868
6783_4,0.29971972
11381_10,0.9876639
4509_3,0.021615336
4775_7,0.33372033
10633_8,0.89442116
9161_1,0.1289633
2277_8,0.9830851
7402_10,0.1899715
2713_1,0.016657041
1312_1,0.012053779
3633_1,0.8812066
8943_10,0.98173577
11734_3,0.16398025
12120_7,0.23126681
6285_1,0.37387583
9296_1,0.01384861
8696_9,0.97903574
7243_10,0.937669
10135_8,0.18624301
6094_10,0.9851576
6962_4,0.022286188
3916_1,0.014281935
3650_10,0.9230392
58_8,0.98892784
10858_1,0.031858858
11894_8,0.95695716
759_1,0.1066906
10311_1,0.110855594
1127_10,0.9190633
6723_7,0.896614
4966_7,0.93721074
7196_4,0.6374823
6244_1,0.017176708
9510_10,0.9802808
3471_10,0.9686196
9840_2,0.0627892
11886_9,0.937669
7880_10,0.97482115
6358_10,0.9856076
6280_2,0.03567855
2580_3,0.013636835
122_4,0.06754669
5713_2,0.017309094
7187_7,0.6675812
8601_8,0.9425068
52_10,0.9868787
2447_7,0.741674
4828_4,0.013636835
5371_1,0.02145073
5066_1,0.030444348
12184_2,0.6482437
85_2,0.01507263
10067_7,0.95976204
3999_9,0.98582757
11623_10,0.98445636
10826_4,0.028220987
3780_1,0.030908957
10195_1,0.014281935
7875_4,0.016914913
8510_4,0.054198727
9916_2,0.01812472
10023_4,0.35737124
6870_8,0.97788346
4753_9,0.96095175
11120_7,0.95362175
2516_10,0.95292586
1719_10,0.9849274
4426_4,0.7126323
7835_7,0.9394706
5148_7,0.05582314
2997_7,0.95150405
2211_7,0.80131465
626_4,0.83867973
779_1,0.7523766
9712_10,0.87873113
1504_9,0.95430803
8903_3,0.3944852
359_7,0.82275945
7465_7,0.98469365
10966_2,0.42059958
8227_2,0.1561049
10746_2,0.05379964
10356_1,0.08601587
12286_1,0.01566365
11128_7,0.9606575
12489_3,0.55579686
1264_1,0.014392335
3871_10,0.98527133
9248_10,0.83004373
3094_4,0.2498131
7472_9,0.94458723
3537_2,0.08977329
9727_2,0.31111282
5453_8,0.95759624
2283_10,0.98527133
7533_2,0.01627746
6468_1,0.01812472
12274_9,0.98549646
10713_3,0.01798621
8518_7,0.605799
1838_10,0.98646784
5304_1,0.08756384
4227_1,0.020488555
5342_9,0.9876639
1754_8,0.96378
4800_1,0.020645931
10717_3,0.028007522
1919_1,0.017712297
6851_7,0.41794693
322_8,0.42304087
3028_4,0.11920291
7463_2,0.029760094
7999_1,0.0140636265
3036_1,0.012821214
11154_7,0.95565146
10501_1,0.023153413
12272_8,0.9804314
1738_8,0.9830851
3242_1,0.017712297
6178_4,0.018546565
3405_4,0.7648916
4663_7,0.95945925
11348_1,0.012241275
7304_1,0.018264279
2962_1,0.018264279
11701_8,0.97719735
9354_9,0.9766692
9846_7,0.94776917
12496_10,0.9184803
5652_1,0.045015533
7371_9,0.9105454
10131_3,0.015189049
9826_4,0.041462272
6141_10,0.96814114
7472_3,0.17838266
2622_8,0.7516481
10281_9,0.9884919
8668_2,0.01566365
2348_9,0.76559335
12047_2,0.016529558
11373_10,0.97737074
4254_1,0.015906392
524_1,0.6686639
5808_1,0.1696809
515_1,0.01812472
6414_9,0.07369626
8938_8,0.96485513
12391_8,0.967163
776_8,0.98667485
12197_7,0.9838472
4582_1,0.9079672
3638_10,0.9877587
6338_3,0.84156543
1165_2,0.018689308
5574_1,0.02017732
7319_2,0.015784562
595_10,0.9861514
6694_1,0.024053553
12209_3,0.017176708
3268_10,0.94458723
12492_4,0.2639787
4738_10,0.24526574
947_3,0.8413048
7726_10,0.9600627
94_10,0.29401222
11760_1,0.32156652
10978_10,0.98959166
10072_1,0.01384861
2346_10,0.98549646
5008_9,0.9840936
5135_2,0.02479816
7979_3,0.97482115
10863_10,0.022286188
2862_9,0.89552265
7562_9,0.9851576
8023_4,0.20370752
341_9,0.9871788
6321_4,0.27884555
9936_1,0.16995624
9581_10,0.97737074
3750_2,0.032344334
8298_2,0.06903793
5900_10,0.98173577
6308_1,0.020804489
1609_10,0.950411
11054_1,0.01243165
7031_3,0.01627746
9507_9,0.98242307
3121_1,0.014281935
7521_1,0.024053553
4830_1,0.030214587
6686_2,0.015424551
1618_10,0.017442483
2190_10,0.9832145
6943_8,0.6128312
1385_7,0.9834705
544_8,0.97702265
3225_10,0.979354
1044_3,0.11636176
11691_7,0.2549725
6124_3,0.16451646
7326_1,0.016657041
1471_10,0.94853723
5010_1,0.016029146
2695_9,0.91367656
1222_2,0.023689471
1012_8,0.031143833
5459_1,0.3063195
4734_1,0.013428254
3138_8,0.9791955
5674_7,0.9142907
6815_1,0.01384861
8285_10,0.983597
5504_10,0.971779
6800_4,0.016152835
5292_10,0.98549646
5121_1,0.021125194
9861_1,0.11961367
2645_10,0.9859364
9422_7,0.9695556
5144_1,0.01384861
3877_9,0.9728308
7822_8,0.98646784
3324_2,0.83601975
5559_3,0.20689406
9969_3,0.02350945
2296_2,0.020023443
10021_9,0.9863631
11111_1,0.014728613
1371_1,0.013742321
4321_9,0.015424551
9706_7,0.14953136
11782_1,0.017712297
141_1,0.16776335
3106_7,0.9683812
1817_10,0.9853843
4508_10,0.9785493
10922_3,0.026155619
2304_7,0.8879841
2229_4,0.37914127
4283_9,0.9744348
9087_2,0.6410854
6003_9,0.97068775
12126_8,0.98625773
6067_10,0.98242307
8714_9,0.9813107
11932_1,0.016657041
2293_8,0.9881309
6184_8,0.63860995
8448_2,0.06325053
8269_3,0.018264279
7495_7,0.94458723
8282_10,0.9697854
2351_7,0.91367656
11688_7,0.87321484
3805_8,0.8958876
5158_1,0.013222822
12476_8,0.93674946
8265_1,0.15002882
2194_10,0.9795114
3465_3,0.01384861
5234_10,0.9830851
6903_10,0.7401744
8085_1,0.030214587
869_7,0.94891727
12034_1,0.02576056
6297_10,0.95430803
3194_1,0.016403032
8725_1,0.057493284
9563_10,0.97702265
11075_1,0.014728613
5734_10,0.9722044
5357_2,0.021615336
6453_10,0.9860443
3263_3,0.028436033
12360_7,0.96405166
6477_1,0.70659554
11863_8,0.9522199
8459_3,0.24202642
10594_10,0.5197651
2237_1,0.43053636
7511_7,0.33144423
3626_3,0.70028025
6288_2,0.01627746
125_7,0.908618
3318_7,0.9161096
5525_7,0.8543993
9695_1,0.017442483
5917_8,0.95362175
8486_7,0.93439513
6032_3,0.017712297
7759_9,0.97754294
3456_10,0.9883128
1692_3,0.051082738
2107_3,0.019568678
11215_2,0.18565173
1309_7,0.9777139
6650_8,0.97046465
5722_9,0.9830851
4479_4,0.88759494
347_7,0.95257413
9399_10,0.9759464
2475_1,0.02178117
8229_3,0.25349125
4869_2,0.017442483
9691_1,0.020645931
1227_3,0.45035937
360_3,0.028436033
10047_1,0.013428254
1607_3,0.054198727
797_1,0.045015533
9489_2,0.10194652
1742_7,0.84594244
10531_3,0.047780063
4947_1,0.0153063545
10873_8,0.7322091
1429_7,0.8086723
10962_3,0.033336822
3305_4,0.04401865
12160_8,0.97262347
9236_1,0.24635199
3718_1,0.020645931
3434_8,0.96691406
10933_8,0.80286485
798_10,0.97903574
9879_9,0.8895288
6644_10,0.8509647
10978_1,0.014957086
7867_2,0.3361131
4369_2,0.013428254
1251_4,0.43440127
1500_2,0.025565214
7574_10,0.9871788
5470_1,0.012241275
2407_10,0.9059898
3451_3,0.034880888
9385_1,0.06656919
4078_8,0.3472604
3229_1,0.01384861
1786_8,0.95150405
5173_2,0.03461884
1211_8,0.7602949
4303_1,0.6796041
6011_3,0.042403832
4513_4,0.7037531
11745_9,0.9868787
9675_9,0.9811669
11981_3,0.029986506
5977_10,0.67939144
5023_4,0.15533455
8704_9,0.97262347
8644_10,0.94417685
10557_3,0.01384861
6549_7,0.9492946
5557_3,0.015424551
6402_2,0.17384852
2642_4,0.08269735
11796_10,0.021287354
7102_1,0.013020489
7968_8,0.9678993
11764_7,0.73753643
9415_9,0.9124362
4817_8,0.9763105
1007_4,0.038178276
10943_9,0.96378
7280_10,0.97520185
6068_2,0.13753249
845_10,0.357848
8377_3,0.01243165
8445_9,0.97023994
563_4,0.9585377
8761_9,0.9837225
1552_1,0.01384861
9630_1,0.013428254
6444_7,0.9224824
3188_1,0.017045317
2142_4,0.017045317
2045_10,0.9839708
2477_10,0.9546474
2597_1,0.015424551
3137_8,0.971564
1345_1,0.2150209
8498_7,0.91789335
6550_4,0.6406359
9583_9,0.91022676
7506_7,0.9056566
9316_7,0.94458723
11473_10,0.9834705
3003_10,0.9832145
8532_7,0.11797801
5654_1,0.028007522
822_10,0.840259
1312_10,0.9883128
9665_4,0.20817894
4442_10,0.9507779
11758_7,0.98582757
11185_1,0.08694165
11588_3,0.08787644
3366_10,0.98421544
7050_8,0.79565805
4778_4,0.1187934
1_3,0.024053553
2838_2,0.13072868
6910_8,0.4841362
3257_8,0.97966766
9111_7,0.9785493
6458_7,0.48316067
5622_8,0.96323055
12469_7,0.9801293
9670_10,0.98625773
8092_4,0.017712297
1683_9,0.6199316
6181_4,0.7934263
8965_8,0.9407897
5186_1,0.014957086
1250_2,0.026355354
4705_10,0.98571813
10261_8,0.983343
350_4,0.96741027
12302_3,0.015784562
776_1,0.8413048
7424_10,0.9795114
10383_8,0.9845754
360_9,0.97539
5798_10,0.9588471
10720_4,0.12765263
6009_8,0.8193158
2319_8,0.8327813
7053_10,0.8305941
11210_8,0.9791955
1985_10,0.9658996
6056_1,0.2639787
10315_1,0.059646945
9_4,0.027376488
6530_4,0.08449275
1367_10,0.05834584
4564_2,0.019124037
4343_10,0.42190903
654_3,0.16505408
4857_1,0.017712297
1377_10,0.9257686
8072_10,0.9807288
11433_7,0.9658996
6586_1,0.020804489
10255_1,0.88563144
350_10,0.9730365
6853_8,0.82782817
3693_10,0.97838473
2589_10,0.7728737
895_1,0.027169231
6854_7,0.9549844
1274_2,0.029760094
9179_8,0.9807288
10141_8,0.86476797
10727_9,0.98646784
1158_7,0.938576
9949_3,0.2052962
7798_10,0.91700584
5964_7,0.7092205
11221_10,0.983597
3053_3,0.093678
8817_9,0.98102194
5850_2,0.04177388
9635_3,0.019419348
5000_10,0.9839708
10040_2,0.33960858
3065_1,0.09501305
2196_1,0.39114425
12428_7,0.94165415
8454_1,0.02145073
11456_10,0.9761292
5918_4,0.019719128
10687_7,0.971564
10507_7,0.5122046
9051_8,0.9811669
6315_4,0.15052764
11266_10,0.9167081
5890_3,0.12721826
6257_8,0.8749346
2923_8,0.97966766
2952_1,0.021287354
7269_8,0.98187524
1116_1,0.024987794
11084_1,0.1510278
10287_1,0.029986506
5704_9,0.6662797
11218_8,0.9807288
12275_2,0.030908957
1414_4,0.07978202
7998_4,0.70821255
3286_1,0.047074176
2515_1,0.030908957
851_1,0.14706452
5181_10,0.9825575
5358_9,0.96691406
2677_10,0.94165415
34_8,0.9834705
9232_8,0.94891727
5835_10,0.9500415
10796_4,0.2645483
5553_8,0.9868787
666_4,0.64980084
9450_1,0.018689308
10820_8,0.97684664
7994_10,0.9651191
8948_9,0.9856076
3301_2,0.07316472
2801_1,0.017309094
4934_2,0.023153413
1539_10,0.98866826
10949_4,0.023870835
4394_10,0.98803884
4098_8,0.02145073
1617_7,0.2925953
9569_3,0.10447732
8593_1,0.0140636265
3449_1,0.02479816
8372_1,0.014172365
815_7,0.90397453
348_7,0.37441894
7220_1,0.11318691
2633_1,0.029090757
1752_3,0.9161096
3347_2,0.27183118
4967_7,0.971779
10910_8,0.98282325
3147_1,0.39280254
7791_4,0.7620701
1588_7,0.7826625
8405_2,0.04304285
3826_10,0.98481095
3178_2,0.017045317
4420_4,0.41810283
246_2,0.28957257
8462_7,0.9666631
8264_3,0.2786492
2695_3,0.03875619
7258_4,0.35723108
5787_8,0.73028994
11668_2,0.013742321
5529_4,0.9730365
8923_2,0.036493763
4784_1,0.017309094
7730_1,0.20370752
4455_4,0.028436033
6416_1,0.024987794
87_1,0.039342504
9548_8,0.9849274
1285_1,0.013020489
7695_10,0.9324533
4364_10,0.9834705
9394_8,0.3227394
1253_1,0.01757688
2481_1,0.13706976
6790_1,0.016403032
9989_10,0.9838472
1483_8,0.967163
8772_1,0.014392335
2993_10,0.89256257
1801_1,0.6591858
9434_1,0.031858858
7938_10,0.98625773
2262_1,0.014957086
5076_1,0.01627746
10994_2,0.016152835
4749_7,0.9666631
8309_8,0.9730365
7031_10,0.98445636
2711_3,0.09602549
8655_7,0.75851065
11329_4,0.97023994
9076_3,0.16776335
11647_10,0.9254997
7934_1,0.036769465
9114_1,0.019870715
6510_7,0.70821255
11487_1,0.017442483
2348_3,0.31195062
12325_1,0.018689308
6405_10,0.81815636
357_7,0.9563089
12253_10,0.78596646
4927_10,0.9763105
8636_1,0.014728613
11184_10,0.9834705
9974_3,0.29787827
6516_1,0.8539127
2167_9,0.91022676
10794_10,0.9683812
966_4,0.0570714
10040_10,0.98445636
5940_9,0.0460339
9181_8,0.7799929
2196_8,0.9834705
6361_4,0.017712297
4243_9,0.18594718
581_9,0.98625773
7195_1,0.01507263
2986_10,0.96267307
4344_1,0.012241275
7176_10,0.96405166
7857_10,0.6855286
6487_1,0.014281935
3692_10,0.98625773
12198_10,0.9780517
10569_7,0.9777139
9850_2,0.94891727
6415_1,0.036769465
6373_10,0.9678993
5103_1,0.06418265
11048_8,0.9849274
2055_1,0.042722195
2920_1,0.014957086
8667_3,0.44083032
7059_3,0.1592174
3887_2,0.056652423
12356_10,0.25312182
5402_2,0.018978037
10274_8,0.10557884
11831_4,0.078642376
5375_7,0.722527
7875_7,0.75851065
2733_8,0.3508105
6420_8,0.9591543
2240_10,0.89733595
10627_9,0.96210754
7319_8,0.92944044
7782_1,0.018689308
857_1,0.01678549
351_4,0.8933094
9260_10,0.7248703
6891_10,0.9837225
8205_10,0.13117322
1179_3,0.017309094
9061_4,0.29808253
3571_9,0.9802808
11352_9,0.9871788
11770_10,0.98527133
10714_2,0.04922211
5397_3,0.25423113
2360_1,0.012053779
9459_4,0.8524448
7493_1,0.2520157
6799_10,0.9891816
2313_8,0.9740426
7602_10,0.98159516
1731_10,0.97520185
8502_10,0.8080672
5632_1,0.0140636265
3723_10,0.9656413
6473_3,0.29017562
3596_3,0.014728613
8583_7,0.9407897
10902_1,0.016529558
1032_1,0.047780063
2931_1,0.01507263
9930_3,0.12765263
11825_10,0.97068775
5384_10,0.7687332
2492_4,0.063714996
5008_4,0.06233104
7334_4,0.013428254
10082_8,0.8504686
1395_1,0.1561049
8140_7,0.3706809
2400_8,0.98951083
11462_2,0.19042274
6632_10,0.9688562
11499_3,0.88363826
5576_1,0.03963884
1172_7,0.9869795
3053_8,0.94966936
4119_1,0.021615336
8165_2,0.8740772
8333_8,0.91398406
2242_1,0.014728613
6132_1,0.059646945
12270_9,0.9845754
11456_4,0.49340862
6898_1,0.026355354
2512_2,0.027376488
7045_7,0.88875884
2808_4,0.012241275
6257_4,0.015189049
1971_7,0.92523
10565_10,0.9522199
930_10,0.9334308
196_9,0.9868787
6535_1,0.0335895
5257_1,0.015784562
6759_4,0.027795624
5016_2,0.01784874
10959_1,0.82782817
4450_10,0.971564
6678_10,0.9839708
11286_8,0.9167081
7200_8,0.98667485
6660_7,0.9348725
12481_10,0.9887554
10278_4,0.12808825
6233_8,0.8688268
579_1,0.015424551
8519_3,0.02479816
1220_10,0.9795114
2342_10,0.9656413
1860_1,0.49633795
7273_3,0.29787827
4653_2,0.7701192
6878_4,0.2247353
502_7,0.9798227
2406_2,0.03963884
2021_1,0.01627746
874_8,0.9142907
4949_2,0.019419348
5054_3,0.04401865
689_7,0.97520185
9643_7,0.97344345
6445_3,0.12852514
2377_9,0.9324533
6107_8,0.3426815
10368_8,0.98242307
10444_1,0.0145035805
5498_1,0.4192318
1018_7,0.98445636
2718_9,0.028870907
2418_2,0.102664
7412_7,0.02576056
213_10,0.88161486
9417_2,0.013222822
1194_2,0.019419348
9366_8,0.9840936
4769_1,0.020488555
6667_9,0.9881309
9361_2,0.0460339
2182_8,0.84645087
10677_4,0.82782817
3931_10,0.7759446
120_9,0.97262347
10837_10,0.98102194
10830_1,0.013020489
3679_2,0.21239536
9094_9,0.9069832
7880_2,0.027376488
4969_9,0.9838472
3418_3,0.019124037
5490_4,0.04177388
264_10,0.98282325
1602_10,0.93439513
5019_9,0.7902067
12000_9,0.93581736
10794_4,0.028870907
2504_3,0.7237002
12340_4,0.07751766
7732_2,0.21304952
2028_1,0.01395571
3986_4,0.035144847
5100_10,0.9697854
2135_1,0.03541073
10227_7,0.52415115
4413_1,0.7940658
5205_2,0.012821214
45_9,0.9798227
12151_10,0.8484707
11055_1,0.0140636265
2632_9,0.96323055
7047_3,0.017176708
1915_1,0.01678549
9666_10,0.98677725
10027_1,0.02517884
11024_2,0.016529558
6482_7,0.90397453
8060_3,0.015906392
9876_8,0.938576
3839_1,0.016029146
3682_9,0.9546474
5962_3,0.024237636
222_3,0.020645931
10460_10,0.95565146
8543_1,0.02211659
9443_1,0.01812472
10201_1,0.94815457
5046_9,0.9795114
5899_1,0.23686911
10140_1,0.01678549
5009_1,0.13986564
4626_8,0.9787127
9033_10,0.96538115
3243_9,0.9843364
6379_1,0.19620943
4949_8,0.97887486
6119_10,0.8899121
10336_7,0.94815457
7344_1,0.024053553
3294_7,0.9539661
4385_2,0.028007522
2172_9,0.98282325
8295_3,0.016403032
1031_10,0.9814534
7577_10,0.96323055
6778_4,0.045352582
3154_2,0.047780063
9585_7,0.9804314
3445_2,0.016914913
7416_3,0.607605
9780_10,0.98866826
480_10,0.9777139
837_4,0.71143085
10166_8,0.9791955
3695_7,0.03541073
12417_9,0.86476797
3932_3,0.0145035805
11790_3,0.03384404
6917_9,0.98571813
1975_4,0.9390248
11249_10,0.08756384
7366_7,0.91367656
4579_8,0.9658996
8415_10,0.97539
2004_1,0.53776973
7599_3,0.024423089
12259_8,0.90295243
11005_7,0.96323055
11914_7,0.20882356
8498_1,0.013222822
944_2,0.013020489
7183_10,0.9834705
4422_10,0.9832145
6791_10,0.97068775
9286_1,0.67319167
3325_10,0.98187524
5599_2,0.013428254
3064_1,0.05921025
209_4,0.01243165
1904_10,0.93581736
10699_3,0.02931223
577_3,0.08151975
3157_1,0.13296424
1582_2,0.019719128
8044_2,0.02865267
11208_1,0.81669897
4708_3,0.59549254
10439_8,0.9764905
11083_7,0.27299258
8066_3,0.015543648
11327_8,0.98527133
9224_1,0.074231364
2165_8,0.979354
9892_10,0.9830851
4402_1,0.015906392
11804_10,0.9849274
1296_8,0.9273633
10562_1,0.02096424
5003_10,0.97754294
10448_1,0.0140636265
3274_7,0.9860443
6344_4,0.08694165
8129_4,0.015906392
9525_2,0.012624948
661_1,0.013636835
9398_3,0.018689308
3639_7,0.98469365
5527_7,0.77081
7790_3,0.23686911
9550_1,0.22371607
2042_3,0.03875619
366_1,0.013636835
8446_3,0.9606575
7859_1,0.014957086
5587_3,0.12168575
10604_3,0.011869121
5245_1,0.013636835
804_8,0.9651191
9098_3,0.14953136
6240_10,0.983597
3960_10,0.9814534
10536_8,0.98549646
8793_1,0.017176708
1586_1,0.014957086
7131_9,0.94208187
11338_9,0.971564
1053_4,0.023330767
11170_4,0.014842417
6806_1,0.064653486
3741_4,0.10631887
1231_7,0.11596072
5499_8,0.9688562
12452_3,0.9588471
5331_9,0.97539
3302_7,0.81815636
6214_8,0.9871788
6908_1,0.01812472
8510_8,0.042722195
10522_10,0.9887554
2844_2,0.018546565
11797_3,0.023689471
11237_10,0.9433476
6762_3,0.031858858
897_1,0.02479816
10312_9,0.97838473
10272_1,0.01566365
10814_9,0.8962514
4504_1,0.024237636
9389_9,0.7364006
9035_1,0.012624948
11306_1,0.031143833
6309_4,0.70598775
5179_10,0.9213576
6099_4,0.017045317
887_8,0.96909106
10220_10,0.98481095
286_10,0.94776917
5809_10,0.95976204
7725_3,0.33198547
9722_7,0.9563089
9104_7,0.86060363
7313_7,0.967163
1706_1,0.028870907
11737_4,0.02350945
11203_10,0.9700135
7767_4,0.0140636265
1822_1,0.018264279
5113_8,0.9791955
5456_9,0.92788786
6005_1,0.017712297
2026_2,0.013428254
1379_1,0.020332353
3048_10,0.9829547
5070_10,0.61687815
8985_1,0.13432105
1643_1,0.18653922
400_1,0.014957086
7546_10,0.89218736
3438_4,0.036769465
12136_8,0.24653335
6850_2,0.20497774
9054_8,0.9798227
1555_10,0.9874721
7103_1,0.028007522
6218_1,0.01798621
1619_3,0.018689308
5187_8,0.96641046
8575_2,0.013428254
1593_10,0.9724148
3910_1,0.030908957
5743_10,0.9777139
3061_8,0.6784335
9633_8,0.9801293
2488_9,0.7520126
11711_4,0.01883313
11282_10,0.9449947
8919_10,0.98677725
6139_10,0.9759464
8032_1,0.065604836
4287_4,0.01812472
11044_1,0.036493763
11123_8,0.98677725
1828_9,0.97821885
4232_3,0.63906056
7258_9,0.98242307
1078_4,0.017176708
9967_10,0.938124
4975_3,0.19620943
9974_8,0.70212173
424_2,0.014842417
7181_9,0.97838473
10703_3,0.9049869
3157_10,0.9834705
11096_10,0.97966766
2185_10,0.971779
2779_4,0.24562748
9342_1,0.020804489
3615_8,0.9811669
6777_10,0.97023994
5440_8,0.83815056
706_1,0.5850419
5909_8,0.96295285
9578_3,0.022802636
3393_4,0.01678549
428_3,0.025565214
651_9,0.9871788
12433_8,0.908618
8643_4,0.015543648
5826_10,0.9761292
4060_1,0.021125194
3310_8,0.96458924
8941_3,0.9005298
11493_7,0.9651191
7896_8,0.909907
541_7,0.84645087
10614_1,0.02211659
3751_1,0.019719128
7851_8,0.938124
5940_1,0.30860683
911_1,0.014728613
1233_1,0.015784562
4995_1,0.016029146
2771_9,0.966156
5085_8,0.28537193
6521_8,0.9697854
8106_3,0.0269635
2962_7,0.8601343
1621_9,0.9813107
4981_8,0.92788786
11884_2,0.015543648
6038_10,0.96741027
7118_10,0.9730365
10365_1,0.0145035805
677_9,0.98282325
95_10,0.98582757
8211_3,0.59894276
11906_8,0.94853723
3038_2,0.01784874
10503_1,0.01678549
11260_4,0.015784562
11333_3,0.01798621
6954_10,0.8812066
143_8,0.8736466
6458_3,0.14854057
8784_2,0.014728613
2604_1,0.021615336
4374_9,0.938124
1323_3,0.07211221
2647_2,0.74871993
363_3,0.23757592
7556_1,0.20497774
11101_4,0.81582016
8945_7,0.938576
10630_4,0.016529558
11174_8,0.9019207
7927_3,0.01395571
8433_1,0.016657041
8814_1,0.016152835
11746_8,0.9882222
2462_10,0.97023994
10036_1,0.01384861
10628_1,0.023330767
4782_1,0.01812472
11244_8,0.8548847
4815_1,0.022286188
6974_7,0.983343
10180_1,0.016152835
3538_1,0.018978037
9319_9,0.9678993
3542_2,0.01798621
5583_1,0.012241275
215_8,0.97112906
6949_1,0.01784874
11401_10,0.95759624
3468_4,0.06705628
9478_7,0.33949906
12368_2,0.051462766
7534_4,0.057918087
9256_2,0.4545932
2192_10,0.9759464
10617_3,0.05033063
1464_1,0.01384861
969_4,0.31174105
702_7,0.49633795
470_10,0.98840266
2575_1,0.017442483
3059_2,0.016403032
7229_3,0.03138043
7437_3,0.013636835
2560_7,0.9603612
8444_4,0.013636835
1900_4,0.97090924
9057_4,0.85919183
10101_4,0.017309094
4914_2,0.014172365
11896_4,0.67017674
10430_1,0.039937317
786_3,0.019568678
9834_1,0.3587461
2040_1,0.013222822
1435_3,0.22405545
168_8,0.68909645
6504_9,0.9877587
3677_1,0.01384861
3652_10,0.9879462
9821_10,0.9700135
8695_8,0.9697854
5728_10,0.21403357
2856_8,0.94122344
11548_3,0.050705362
9435_7,0.94208187
7910_2,0.02576056
4658_7,0.22644134
10111_1,0.013222822
12306_1,0.0140636265
6380_9,0.89552265
3507_10,0.8710367
11085_7,0.94458723
4268_8,0.9830851
1702_2,0.33796784
3045_9,0.98677725
3338_2,0.15817435
9288_8,0.9837225
1580_8,0.92468774
11976_10,0.71780384
9216_1,0.014281935
2015_10,0.98549646
7665_2,0.018546565
10545_2,0.013428254
3819_4,0.81227237
8005_10,0.82275945
772_1,0.0153063545
3882_3,0.019568678
9001_8,0.9787127
3000_1,0.013636835
3357_4,0.027169231
2559_4,0.37244815
2178_4,0.03308598
2249_9,0.9730365
9616_10,0.98646784
11797_9,0.9462003
9061_10,0.91490096
10994_10,0.9850429
1076_3,0.013222822
10774_2,0.026355354
10983_10,0.97887486
9271_10,0.9813107
3205_9,0.96691406
4987_4,0.8056322
10926_1,0.027795624
9150_8,0.94122344
614_2,0.10230471
12332_4,0.8086723
9100_2,0.18010665
10499_8,0.2414894
6143_9,0.9591543
4113_8,0.9184803
4705_4,0.014842417
3115_1,0.01566365
1041_2,0.09203287
11601_9,0.321247
11045_8,0.94853723
10615_8,0.7150262
7631_7,0.9036349
11829_3,0.029986506
6941_1,0.023153413
112_10,0.9606575
4220_8,0.9056566
2812_10,0.9697854
10221_2,0.04208773
1944_9,0.7892337
5866_8,0.938124
11615_1,0.01384861
3066_10,0.9740426
5757_3,0.061875988
10569_1,0.01243165
10633_3,0.017712297
58_3,0.020488555
1126_10,0.9807288
4357_10,0.9868787
6768_4,0.81167597
11354_10,0.9666631
6412_10,0.95430803
7547_1,0.02297737
5198_10,0.971779
5697_3,0.014728613
9757_3,0.013636835
8034_3,0.025565214
8612_8,0.938576
8691_7,0.62016165
6731_3,0.76524264
12190_1,0.14903529
3180_1,0.015784562
11068_10,0.98173577
3752_4,0.02479816
1995_3,0.6014326
5517_10,0.9329437
6532_9,0.9184803
4435_1,0.022286188
5527_4,0.01627746
5059_4,0.0335895
12044_4,0.7479843
3479_3,0.013428254
8399_8,0.95791227
8897_7,0.98228765
8342_9,0.9193534
7018_3,0.045352582
2497_7,0.9403531
10152_1,0.014172365
11583_4,0.25963786
3156_10,0.90894175
5259_4,0.102664
2581_1,0.031143833
5224_7,0.8951567
9024_3,0.059646945
8026_10,0.91274774
9588_3,0.03567855
11001_1,0.014842417
6432_9,0.9763105
8524_9,0.98582757
12457_3,0.014957086
8426_8,0.98087597
11355_10,0.9859364
10337_1,0.016029146
11911_3,0.7606507
2655_10,0.82893884
4265_3,0.742048
6542_3,0.73335636
9681_1,0.017176708
287_8,0.96485513
1864_1,0.017176708
7655_4,0.090092994
3613_7,0.971564
11041_1,0.15405756
12070_8,0.7538293
10856_10,0.98549646
7365_4,0.04208773
10025_8,0.97754294
4693_10,0.983597
9580_7,0.97887486
4669_2,0.04115289
274_9,0.9830851
1570_2,0.18010665
11040_8,0.98421544
2243_7,0.47195333
7043_10,0.82893884
3719_2,0.014281935
7635_7,0.22884513
2327_2,0.013428254
4229_9,0.8504686
4121_3,0.4907237
6064_1,0.04813677
364_10,0.9273633
1161_10,0.98549646
463_1,0.018689308
9291_4,0.87997437
8827_1,0.12852514
2292_1,0.015189049
6935_9,0.8987666
9226_1,0.01507263
7612_4,0.23370637
8575_7,0.9425068
3475_1,0.053009775
1880_7,0.2062538
7265_7,0.98469365
8626_1,0.016403032
733_1,0.017309094
12100_10,0.98803884
1069_10,0.9764905
11364_10,0.9830851
5496_1,0.023689471
7253_1,0.014172365
3159_1,0.019124037
9131_10,0.9738444
413_4,0.9407897
10818_1,0.014281935
479_3,0.4758489
173_7,0.93581736
9522_10,0.98282325
333_10,0.9859364
2819_1,0.013636835
5723_8,0.92468774
99_10,0.9878528
7247_4,0.70578504
4711_9,0.96323055
8555_3,0.015424551
6330_10,0.9891816
8921_1,0.027585285
803_10,0.93581736
6219_1,0.013020489
10077_3,0.02517884
1274_7,0.98228765
2307_3,0.040845715
8114_8,0.96814114
1503_1,0.015543648
2004_10,0.6175703
712_3,0.090092994
557_4,0.5619361
9651_8,0.97966766
11701_4,0.03704717
6325_9,0.8449215
1684_1,0.015424551
1435_10,0.97887486
5754_10,0.97966766
12098_10,0.92944044
3707_10,0.97482115
2521_1,0.02931223
1793_1,0.015424551
2725_3,0.16105616
5051_8,0.9825575
2691_7,0.95976204
4111_10,0.98102194
3239_3,0.016152835
8124_8,0.9780517
4990_4,0.015543648
9565_9,0.9884919
6657_3,0.03963884
5882_4,0.01566365
8571_1,0.8454327
6815_10,0.98282325
487_10,0.9273633
11567_9,0.97262347
10631_1,0.0140636265
7070_2,0.014281935
8708_10,0.96691406
1889_4,0.26971015
1838_3,0.08329193
6383_3,0.02479816
4735_9,0.36886027
11430_7,0.8891444
11590_1,0.013222822
11023_3,0.05184547
10870_8,0.9697854
6734_10,0.96182173
10174_1,0.015189049
7905_10,0.98228765
9555_4,0.33794054
6303_9,0.9840936
1426_1,0.0145035805
5482_8,0.92788786
7605_2,0.012821214
10249_1,0.026355354
2466_1,0.23651622
4055_1,0.01784874
9839_8,0.9230392
3953_9,0.98215127
6563_4,0.10230471
10776_4,0.016914913
7596_2,0.013428254
10490_9,0.98481095
3800_1,0.015784562
10669_1,0.1229438
6276_8,0.6660625
3110_1,0.016914913
12434_1,0.090092994
10189_1,0.016152835
10639_4,0.016029146
7734_1,0.10411242
8763_4,0.08151975
2702_1,0.042722195
10179_1,0.01678549
2317_7,0.95150405
4677_8,0.9390248
11805_7,0.8679338
1339_2,0.083890386
9919_4,0.59231293
1425_8,0.88602656
3926_7,0.8370879
12395_10,0.95292586
6284_4,0.04208773
11069_1,0.09334688
4998_10,0.9830851
8055_2,0.014842417
9179_3,0.01507263
11577_10,0.7134316
1480_1,0.025565214
4561_10,0.98527133
4698_10,0.9879462
9312_1,0.017309094
6561_4,0.3380771
8353_10,0.98242307
11580_3,0.01678549
10536_2,0.06052939
957_10,0.93991333
1768_8,0.9724148
12197_1,0.016657041
11459_10,0.92107415
2271_3,0.416144
6973_1,0.02350945
4199_8,0.95257413
6582_8,0.9001793
5843_1,0.019419348
4140_9,0.9142907
11105_3,0.016529558
2395_3,0.016403032
10715_9,0.97112906
6611_7,0.98667485
2043_7,0.844409
2884_9,0.8413048
4946_8,0.18922128
9642_7,0.97966766
5211_1,0.06512755
10661_9,0.9876639
4368_10,0.2560871
12086_4,0.06233104
6465_8,0.85776806
4706_1,0.018546565
4694_10,0.9334308
12150_10,0.9861514
208_3,0.01461567
2587_3,0.04054074
2804_3,0.89143354
2837_3,0.052618954
11070_1,0.019568678
11909_4,0.13986564
9945_10,0.9403531
9281_9,0.45943987
8458_2,0.01812472
9882_2,0.018264279
172_7,0.95695716
7632_2,0.019419348
12246_9,0.9656413
3889_1,0.014281935
11140_4,0.045692034
5240_9,0.98159516
7965_4,0.7676898
3387_3,0.015784562
10817_4,0.024423089
3332_10,0.7424217
1156_9,0.80193585
6585_1,0.0153063545
7931_3,0.01784874
8268_4,0.015543648
6443_10,0.8899121
373_10,0.9730365
5912_4,0.0460339
11475_7,0.8568123
10738_4,0.06233104
11175_10,0.9651191
9008_2,0.12940274
2218_3,0.01461567
585_10,0.9656413
3448_2,0.113579586
3860_8,0.7272012
8335_7,0.9324533
1907_1,0.0715912
9169_9,0.947381
10375_8,0.983597
10432_4,0.045692034
11399_1,0.584627
3430_7,0.97520185
2859_4,0.28437722
3899_10,0.9853843
9648_8,0.96323055
9233_8,0.9719925
10574_10,0.9700135
3489_4,0.3270232
8115_8,0.9686196
11495_8,0.9736447
6885_7,0.78464925
1534_10,0.19868536
11721_9,0.9635062
11610_10,0.7405498
2712_8,0.94458723
3140_10,0.94966936
4880_10,0.97520185
1592_10,0.9896718
425_10,0.9588471
5798_1,0.016914913
2212_8,0.98087597
2685_3,0.014842417
9625_2,0.052618954
8492_7,0.95565146
4932_3,0.36568317
1704_3,0.355663
301_4,0.025565214
2599_10,0.22815649
2364_4,0.030214587
2323_3,0.031618766
1885_8,0.89982784
1232_1,0.03846619
12055_1,0.014842417
2894_10,0.9861514
5347_3,0.9403531
1799_4,0.7783125
7460_9,0.9022657
8798_10,0.98549646
2134_4,0.7405498
2964_2,0.8407826
345_3,0.032589745
2670_8,0.7849791
10282_10,0.9813107
5587_8,0.91964257
6115_2,0.01757688
6974_1,0.62566686
8500_10,0.9015746
5073_8,0.82949203
5291_8,0.9832145
11728_7,0.5709893
3207_4,0.014281935
2553_8,0.97482115
10896_10,0.97719735
9321_2,0.08977329
1484_4,0.018689308
2106_2,0.8272706
5487_4,0.013636835
4835_10,0.069541745
1023_3,0.057493284
11524_10,0.966156
10672_7,0.78727776
9769_3,0.020023443
590_7,0.97423947
11530_3,0.01784874
349_2,0.28259197
2165_4,0.021287354
1574_9,0.891811
2792_1,0.01507263
980_2,0.017176708
5745_7,0.9403531
4323_7,0.9407897
11569_7,0.93991333
3637_1,0.08329193
4511_1,0.15253651
8404_10,0.9492946
8947_4,0.9049869
12317_10,0.96405166
3927_4,0.049589027
461_8,0.97737074
11651_2,0.012241275
7697_4,0.020332353
7799_10,0.9001793
2111_8,0.9688562
9745_7,0.9884919
4419_4,0.045692034
9337_4,0.33437207
3908_10,0.9651191
9211_3,0.014957086
489_1,0.078078166
9229_8,0.092687786
381_1,0.02145073
1355_7,0.91730267
12100_1,0.034880888
6126_4,0.15713686
8315_8,0.98481095
7513_10,0.9563089
5547_1,0.3607142
8050_1,0.0226292
7332_1,0.124213
9044_8,0.98159516
8491_1,0.44830552
1919_8,0.9890131
4076_7,0.77081
9251_2,0.08632348
7325_10,0.98707944
177_8,0.8795612
8104_4,0.046378206
919_4,0.06325053
9417_8,0.98087597
9440_9,0.87621135
11105_9,0.96182173
7670_10,0.95531917
7404_8,0.82782817
5120_2,0.01757688
10153_1,0.01627746
1763_10,0.9791955
9316_4,0.370567
6396_8,0.9500415
8865_10,0.987375
4552_8,0.03384404
874_4,0.018404892
6690_2,0.13072868
11970_3,0.44432363
1202_4,0.2295352
6024_1,0.01627746
10117_9,0.96538115
9511_1,0.024237636
2314_10,0.9591543
6053_3,0.019568678
10165_2,0.31352484
8410_2,0.14033625
1457_1,0.03541073
9651_3,0.016657041
537_2,0.019271135
7191_3,0.840259
10258_8,0.92683524
4774_8,0.6055075
3560_8,0.9353465
5960_1,0.01812472
881_4,0.026155619
2420_1,0.014842417
4959_4,0.01784874
7138_1,0.019124037
9317_10,0.938576
5454_4,0.01384861
7450_9,0.9161096
9679_10,0.6125704
10988_3,0.02178117
2932_3,0.20914644
10110_1,0.01461567
9165_2,0.015784562
11712_2,0.013325147
8979_1,0.017442483
12426_3,0.06325053
1630_7,0.5696133
11990_10,0.8454327
5395_10,0.9888419
896_1,0.024423089
11463_9,0.95945925
7096_1,0.019719128
6198_10,0.93721074
8141_10,0.9840936
2650_10,0.9339146
12337_9,0.9522199
1995_10,0.83973396
6349_1,0.01784874
12270_2,0.013428254
12494_2,0.063714996
7081_4,0.6489114
3010_7,0.09170697
2924_2,0.017712297
3185_10,0.91367656
1377_2,0.8524448
4858_3,0.097734325
4351_3,0.02096424
6865_2,0.01461567
9527_3,0.2986959
6223_7,0.9850429
11598_4,0.42476988
10605_1,0.016029146
4609_2,0.017712297
3736_7,0.98667485
5615_1,0.01798621
11109_7,0.31174105
3924_3,0.15662017
7452_1,0.65599746
4288_8,0.30715013
8825_2,0.01678549
3168_7,0.98187524
6407_1,0.012821214
7016_3,0.03541073
129_1,0.013636835
9808_3,0.014957086
5620_10,0.97068775
6404_10,0.9566342
10781_1,0.2814056
2446_1,0.26740816
2191_10,0.93674946
10848_1,0.0153063545
11201_10,0.8868131
6818_9,0.987375
4607_7,0.89982784
2410_7,0.9750122
9656_9,0.98421544
7841_7,0.72990495
11422_7,0.35599875
7376_8,0.16238004
10804_8,0.96295285
11793_7,0.9566342
509_7,0.8899121
12459_10,0.9825575
354_10,0.8688268
2740_10,0.9603612
1469_1,0.023870835
9219_10,0.87914675
7248_7,0.8392076
5620_1,0.01507263
12160_1,0.19132768
6037_10,0.72095805
8338_1,0.037892424
1954_1,0.33491567
6996_9,0.929951
9888_8,0.98282325
5470_7,0.9761292
11915_4,0.92523
7057_4,0.047074176
10320_10,0.9036349
4447_3,0.029090757
9711_9,0.97090924
5077_3,0.01678549
10912_4,0.8624676
3224_3,0.3268083
9946_7,0.8110782
10650_4,0.32231262
9613_1,0.030675802
4909_3,0.016657041
5607_8,0.86476797
3315_1,0.01757688
9271_1,0.034880888
4248_4,0.03875619
5849_4,0.78596646
3944_1,0.01678549
3580_10,0.9839708
4592_1,0.01757688
6375_10,0.9853843
5955_9,0.9801293
11613_7,0.9532751
8278_10,0.9656413
11339_9,0.98201376
6813_2,0.2590751
3747_3,0.014957086
5916_1,0.0140636265
3298_1,0.019419348
11303_1,0.028220987
5758_7,0.8344069
11652_9,0.9826909
8748_2,0.023330767
11092_2,0.0153063545
8729_8,0.9750122
6332_4,0.1850619
3700_10,0.98803884
10507_2,0.013222822
2287_4,0.01798621
10549_10,0.9874721
3005_10,0.98951083
5657_1,0.01757688
873_8,0.95150405
2274_1,0.02297737
3208_4,0.06656919
2663_10,0.9658996
8134_7,0.022286188
7443_1,0.86476797
7507_8,0.96432143
1423_1,0.016657041
4014_1,0.014728613
9662_1,0.012624948
2512_9,0.98625773
8415_2,0.058776557
7672_3,0.21337716
5925_1,0.0140636265
2654_2,0.013532149
1780_10,0.5991334
8813_9,0.9807288
9378_7,0.971779
12120_3,0.056652423
8985_7,0.983597
5771_3,0.01507263
7305_10,0.98657167
8681_4,0.48511183
7415_10,0.9600627
9346_8,0.98173577
9750_3,0.016403032
9083_9,0.9879462
12255_2,0.021615336
5035_1,0.013636835
12384_10,0.5672176
8381_4,0.20275871
825_1,0.013020489
2034_1,0.036493763
439_10,0.98187524
5753_10,0.88161486
10370_10,0.97719735
3395_2,0.01678549
8101_2,0.014281935
7885_1,0.26740816
3266_2,0.47536176
4623_4,0.01627746
8123_9,0.9572778
1787_1,0.02096424
4001_4,0.4538669
3530_2,0.01627746
684_1,0.01627746
744_10,0.87831426
8439_7,0.9763105
8678_9,0.938124
11851_8,0.936285
1237_2,0.1066906
4557_3,0.013636835
1847_10,0.9853843
4002_1,0.014842417
1620_1,0.6046324
549_10,0.9840936
4984_4,0.84645087
4673_8,0.92892635
1373_1,0.016657041
6927_1,0.8322367
9201_2,0.028436033
4293_7,0.96323055
826_3,0.06512755
6337_1,0.040845715
9978_9,0.96182173
11379_10,0.9826909
3874_1,0.7189892
9943_1,0.014281935
7236_4,0.44215474
7816_1,0.01784874
3849_8,0.9843364
1167_10,0.96095175
9667_3,0.31320962
2506_1,0.014728613
1372_10,0.4204806
6788_9,0.9730365
4792_2,0.018546565
7909_2,0.025565214
2213_2,0.012624948
434_1,0.017309094
9245_1,0.021287354
5822_10,0.9623913
5406_1,0.30715013
2011_1,0.03846619
6805_10,0.9885804
2557_2,0.012624948
4343_1,0.11008788
1493_4,0.023689471
947_8,0.030675802
9494_7,0.82275945
10228_10,0.20753577
707_10,0.98228765
2018_10,0.95945925
11093_10,0.97966766
11113_10,0.97838473
11596_1,0.01798621
7453_1,0.024987794
9045_8,0.9826909
12264_7,0.97838473
7271_9,0.9678993
4560_1,0.027169231
11223_1,0.03704717
3939_7,0.9566342
2714_2,0.1710612
1940_9,0.5455279
3640_10,0.9856076
1724_1,0.018546565
5383_3,0.047425874
7323_10,0.9076402
7345_4,0.013222822
775_9,0.9843364
11995_1,0.01384861
400_10,0.9813107
10279_4,0.014281935
673_8,0.057493284
4168_10,0.68846846
11761_7,0.97737074
491_9,0.9284088
11472_1,0.013428254
10045_7,0.95695716
9449_4,0.31869715
12496_3,0.015424551
12422_1,0.019271135
8159_4,0.017712297
8668_8,0.23475733
7572_10,0.9874721
6696_9,0.89256257
64_10,0.97423947
2715_1,0.9193534
9333_4,0.16184944
3722_10,0.9853843
5692_8,0.9697854
10074_7,0.8596637
1717_3,0.53995365
825_8,0.98187524
7796_10,0.9730365
5550_3,0.014728613
6114_10,0.25963786
4440_8,0.82782817
9616_4,0.018404892
12090_8,0.9887554
10728_1,0.71780384
4419_10,0.9832145
282_1,0.60387343
4825_9,0.9429286
91_10,0.9883128
10399_2,0.014392335
6773_4,0.080936715
1364_10,0.98102194
2806_9,0.96485513
4520_2,0.01883313
8211_9,0.96378
3594_2,0.030675802
11353_4,0.31531414
307_1,0.01798621
10963_4,0.023153413
4023_7,0.9390248
11450_10,0.86703575
3567_4,0.8976953
4751_7,0.97423947
9798_2,0.016152835
1864_8,0.98527133
3168_2,0.06418265
6506_2,0.33361176
12484_2,0.3966523
11999_8,0.14223188
3571_3,0.03308598
147_10,0.9603612
6691_9,0.9798227
11295_8,0.9012275
9344_10,0.9874721
9513_2,0.01507263
11066_7,0.9224824
4330_8,0.947381
5194_10,0.8624676
11676_1,0.019124037
4587_1,0.014728613
11964_4,0.8828326
12456_1,0.0145035805
6054_10,0.9559813
2140_7,0.14033625
1388_1,0.06903793
10681_2,0.014728613
4614_8,0.9878528
2604_7,0.62658125
4234_1,0.10017222
4261_8,0.84234506
4907_8,0.94539934
4134_4,0.0335895
4125_8,0.9507779
3795_9,0.9802808
1356_4,0.0140636265
10711_2,0.338569
4728_7,0.9152046
8254_8,0.9167081
10769_2,0.11676401
7185_8,0.97903574
2842_9,0.58613795
4565_1,0.17217186
3030_9,0.9606575
2997_1,0.08632348
1311_9,0.023153413
12499_10,0.8333246
9830_10,0.98228765
1774_4,0.05223086
6676_10,0.9860443
6502_9,0.8864204
1521_1,0.8080672
4253_1,0.027169231
2775_2,0.013222822
7324_4,0.014172365
1207_4,0.030444348
9903_7,0.97997653
3195_2,0.11240509
9213_10,0.9860443
7751_1,0.024987794
1616_8,0.97737074
1482_10,0.97684664
6772_7,0.94891727
2008_10,0.98549646
6799_4,0.58385605
5004_9,0.97997653
3487_2,0.01384861
10892_4,0.107437484
10839_4,0.014728613
922_8,0.9658996
4163_1,0.018978037
10738_8,0.9348725
10678_7,0.97838473
5892_10,0.9105454
6202_1,0.01627746
5792_10,0.98445636
12161_4,0.6984323
1097_9,0.9678993
2930_3,0.026155619
4087_3,0.015543648
11875_3,0.026155619
11770_4,0.018689308
847_7,0.6804541
10620_9,0.9591543
1455_10,0.9787127
12294_1,0.013222822
5653_10,0.9532751
1874_9,0.662469
10487_3,0.09334688
22_3,0.027795624
2760_1,0.017045317
9822_7,0.028870907
1068_10,0.96765566
11117_1,0.012624948
10409_2,0.96458924
1877_7,0.08663207
7347_1,0.028870907
4231_1,0.06903793
1122_1,0.36880344
933_3,0.28378138
11883_4,0.21011725
8386_10,0.9766692
12297_7,0.8349459
11847_8,0.98282325
5511_1,0.5676969
9587_2,0.4795037
10027_8,0.7988153
7210_4,0.02931223
2490_9,0.11716748
4889_10,0.9832145
8192_9,0.9830851
12133_1,0.02479816
2098_1,0.81873685
2941_9,0.9861514
5742_3,0.01384861
10645_4,0.0140636265
1162_10,0.96641046
4383_10,0.9777139
5325_8,0.9585377
1324_1,0.020023443
1374_1,0.028436033
116_10,0.92523
2898_10,0.88161486
8799_10,0.98549646
6654_10,0.9881309
8630_1,0.01395571
3452_7,0.9623913
3609_8,0.8969756
4740_1,0.012624948
8368_10,0.9838472
11960_7,0.3736758
3583_10,0.5597714
1581_8,0.039937317
1378_1,0.52147114
968_2,0.019568678
4524_1,0.01627746
5036_8,0.97539
12287_3,0.04885778
9236_10,0.52208036
5447_3,0.04177388
11016_1,0.48169765
1935_3,0.02479816
5300_7,0.9868787
7775_2,0.9458012
4398_3,0.019719128
5692_2,0.014281935
3517_8,0.9572778
6007_1,0.014172365
10127_2,0.027169231
6614_10,0.9724148
2767_10,0.9348725
3187_2,0.019870715
6473_10,0.9329437
12263_1,0.012821214
10838_2,0.015543648
7367_9,0.87997437
8873_10,0.950411
6016_1,0.05033063
10363_7,0.81757444
3541_2,0.01784874
6416_10,0.9688562
4538_10,0.9785493
56_3,0.43143448
7946_8,0.96295285
6003_4,0.17553806
974_4,0.034358688
11651_9,0.9871788
10283_1,0.047425874
12334_2,0.014281935
972_1,0.9563089
1513_8,0.84594244
6141_3,0.02576056
4195_7,0.95430803
10176_9,0.98469365
1918_2,0.01507263
12117_1,0.015906392
7567_1,0.38483086
2949_10,0.9805807
11937_9,0.97903574
8513_2,0.594566
3913_8,0.27067295
1310_8,0.86522406
10461_10,0.9856076
3309_8,0.9022657
862_9,0.9780517
4040_2,0.01757688
78_8,0.96210754
3491_7,0.035144847
10862_9,0.9869795
4763_7,0.9053223
7421_1,0.21304952
5350_1,0.037892424
11491_10,0.9736447
9975_4,0.03541073
10123_10,0.9826909
11573_1,0.01243165
2337_9,0.98445636
251_8,0.97903574
1942_1,0.027795624
2940_7,0.91086304
4342_7,0.32231262
11250_2,0.17809659
4224_1,0.021287354
10106_10,0.98582757
7764_2,0.018404892
937_10,0.98102194
3112_10,0.9837225
9922_8,0.89029425
3259_7,0.9563089
7828_1,0.012241275
4031_7,0.89143354
1277_7,0.8891444
3162_2,0.82161736
7_9,0.9825575
1832_4,0.8688268
10997_1,0.1727293
10572_10,0.987375
12194_1,0.014172365
4648_10,0.8868131
7207_9,0.82104415
11000_7,0.9458012
4943_2,0.013636835
10601_10,0.9845754
4731_1,0.02297737
9272_8,0.032589745
11551_1,0.017309094
9074_3,0.47000673
2486_3,0.30012983
618_1,0.020023443
8683_8,0.9719925
2618_10,0.8305941
8471_9,0.95945925
6394_4,0.014392335
6456_2,0.4938968
3195_8,0.9559813
4188_1,0.0153063545
3985_10,0.9795114
7099_10,0.9532751
1558_2,0.013020489
2877_8,0.57296175
3928_1,0.014957086
7206_3,0.017045317
8088_10,0.9850429
8167_10,0.98840266
8590_8,0.9849274
6973_7,0.30074558
4974_7,0.97754294
10151_1,0.014728613
5268_4,0.06325053
5258_7,0.95976204
1478_8,0.92944044
5094_10,0.9738444
10126_4,0.13892843
9357_2,0.0269635
7750_3,0.05033063
11628_3,0.0963651
9124_7,0.9224824
1802_7,0.9843364
4820_4,0.020023443
10019_8,0.91550726
154_9,0.979354
5049_4,0.014281935
4372_1,0.01507263
7807_10,0.9666631
5127_10,0.9814534
11480_2,0.03461884
10145_1,0.01757688
7090_10,0.98102194
1288_1,0.7523766
11316_2,0.020645931
8428_9,0.42793453
1843_9,0.88602656
1916_1,0.021615336
2657_2,0.016914913
10504_1,0.014957086
11621_3,0.016529558
10148_1,0.027376488
3339_4,0.064653486
8202_2,0.02350945
7796_1,0.019568678
4625_2,0.054198727
11859_4,0.11596072
8261_1,0.01507263
4670_3,0.6695288
8412_10,0.95565146
1010_1,0.04304285
436_10,0.97966766
9351_7,0.29767406
3767_8,0.8221891
4794_1,0.013020489
8447_10,0.34400257
6182_2,0.015784562
8754_3,0.3351332
2709_3,0.016403032
5882_9,0.98469365
6916_3,0.21141681
11886_1,0.087252244
123_4,0.96432143
2827_9,0.9532751
11440_8,0.98840266
4100_8,0.62303287
11645_1,0.023689471
7949_10,0.9801293
2017_1,0.015543648
3451_7,0.98527133
10986_10,0.96765566
1541_2,0.9425068
12336_7,0.6318215
9787_1,0.016529558
5282_10,0.9891816
9568_4,0.9403531
8222_1,0.01627746
5415_9,0.97112906
8485_8,0.8499712
6449_1,0.02145073
466_1,0.02865267
11997_1,0.44927183
6144_10,0.98469365
3309_4,0.017712297
8655_1,0.01678549
10141_1,0.5848641
7469_10,0.9829547
4445_10,0.8688268
6651_7,0.97324073
6711_7,0.6136997
3329_4,0.5248818
8000_10,0.86293024
2279_8,0.35387465
5012_7,0.966156
2437_3,0.18068421
505_9,0.937669
9070_10,0.9164094
1234_3,0.018404892
4880_1,0.015906392
3981_4,0.8272706
134_1,0.015543648
3211_10,0.9795114
2559_10,0.9780517
4512_3,0.014728613
5957_1,0.02211659
11626_9,0.9883128
915_10,0.96458924
5569_10,0.90894175
12396_9,0.9693242
6494_2,0.014957086
3262_1,0.014728613
3916_10,0.9462003
787_1,0.036493763
11092_9,0.9142907
2818_10,0.9798227
5271_2,0.5278033
4057_7,0.91550726
5042_1,0.045692034
1204_1,0.055005286
3651_2,0.017442483
11763_8,0.9802808
7766_10,0.96210754
3498_1,0.013636835
11578_10,0.9801293
3691_1,0.028870907
11947_10,0.929951
11475_2,0.019419348
8568_9,0.9700135
8247_2,0.03308598
9544_7,0.87234735
9753_8,0.19163005
6824_7,0.78133065
2799_1,0.037892424
10459_1,0.012821214
1894_10,0.66061044
9726_7,0.9403531
10923_1,0.016529558
7946_3,0.02297737
7509_10,0.97903574
3273_9,0.89256257
2716_3,0.64400125
4622_1,0.017712297
1204_8,0.98173577
71_4,0.24202642
6508_9,0.9738444
7819_10,0.98582757
695_10,0.48657548
10844_10,0.9837225
2413_1,0.9124362
8768_1,0.013636835
4536_10,0.98892784
2576_9,0.96691406
4473_2,0.62874943
65_2,0.107437484
6114_2,0.45762146
7458_1,0.021948254
10815_2,0.1229438
8344_1,0.037892424
1975_9,0.9142907
1659_1,0.015543648
11030_10,0.9863631
5405_7,0.8828326
2539_3,0.020023443
6565_8,0.45096377
1826_10,0.97520185
2577_8,0.95362175
6032_7,0.8529355
3146_9,0.98549646
798_1,0.013222822
63_10,0.9437636
11819_10,0.92892635
2905_7,0.9403531
2716_10,0.9798227
1717_10,0.9787127
1036_3,0.22034244
11583_10,0.9875683
962_9,0.98159516
10203_2,0.02096424
12225_1,0.01507263
10322_9,0.8098782
7601_2,0.78032786
1675_4,0.82615143
8235_3,0.020488555
680_2,0.09334688
5208_3,0.013636835
10678_2,0.9015746
6072_10,0.9843364
1216_1,0.016152835
11434_1,0.015906392
12480_8,0.9840936
8844_10,0.97482115
10506_1,0.012241275
9766_3,0.9284088
7804_4,0.62977463
44_4,0.0145035805
11226_1,0.0145035805
11378_2,0.03308598
7805_1,0.04304285
4692_10,0.4777978
2928_9,0.83548355
8785_10,0.98667485
3083_8,0.8710367
626_10,0.9861514
9228_10,0.96458924
66_10,0.8267118
3824_3,0.95976204
7115_8,0.86613256
11893_10,0.98657167
1628_1,0.023689471
2236_4,0.028870907
2032_1,0.013636835
6613_10,0.9572778
1582_8,0.02178117
304_2,0.013428254
2441_10,0.98527133
12437_1,0.015543648
9822_1,0.078078166
10481_3,0.3555511
9193_10,0.71780384
3233_9,0.97754294
7430_8,0.98582757
10049_1,0.014172365
6384_10,0.9798227
3993_9,0.97754294
4545_2,0.029760094
11500_4,0.9518632
12127_10,0.98469365
7277_2,0.019719128
8927_3,0.04813677
5970_9,0.8587186
12115_4,0.028436033
6132_10,0.9853843
4178_9,0.96210754
11453_7,0.86703575
6569_9,0.96458924
3924_7,0.15152934
6425_1,0.012821214
1141_1,0.028007522
3366_2,0.027169231
6700_7,0.94891727
7948_8,0.093678
2750_8,0.9787127
11326_1,0.024423089
231_8,0.9834705
8941_8,0.9807288
8304_7,0.3520904
12179_2,0.026759284
3808_1,0.013020489
2710_1,0.016403032
4833_1,0.01461567
10405_7,0.9740426
449_9,0.9830851
7259_10,0.94699025
8513_10,0.97754294
801_8,0.9826909
11322_8,0.9019207
8417_9,0.9877587
7059_8,0.55579686
681_3,0.022802636
3135_9,0.9522199
7172_3,0.024987794
11061_10,0.98481095
9555_9,0.97821885
1331_1,0.016657041
9155_3,0.013428254
8765_8,0.9324533
4714_8,0.98481095
7593_9,0.97482115
7769_1,0.018264279
5016_8,0.6804541
11917_2,0.013742321
3311_8,0.7287483
6784_4,0.056652423
6685_7,0.91730267
1232_8,0.98187524
765_2,0.12984344
6159_2,0.016403032
12037_3,0.019124037
60_8,0.98215127
6138_10,0.9830851
4759_4,0.016529558
631_10,0.98228765
5993_10,0.987375
2751_10,0.98549646
7234_1,0.0226292
7966_3,0.035144847
296_4,0.032100707
8252_4,0.14270912
10333_1,0.015424551
5950_10,0.86703575
2735_9,0.9859364
900_1,0.018264279
2350_3,0.5234204
1457_10,0.03846619
10226_10,0.78365755
9198_7,0.94891727
1072_2,0.13568954
8332_10,0.9658996
6264_8,0.9887554
1092_9,0.76171577
11888_10,0.92788786
11702_8,0.8840393
8704_1,0.11201596
11458_10,0.908618
8218_9,0.936285
3739_8,0.9458012
4787_3,0.6913932
12097_10,0.95531917
7894_1,0.025957355
11601_2,0.016152835
4417_1,0.18982127
11108_10,0.9877587
5673_8,0.9403531
481_2,0.019719128
6892_2,0.06705628
5203_1,0.7004852
18_1,0.82893884
5488_8,0.9492946
750_7,0.4192318
1478_4,0.018264279
11340_2,0.019124037
8735_3,0.049589027
7404_3,0.51708317
5681_2,0.1431877
5863_10,0.3335575
602_1,0.01384861
9474_7,0.9036349
12075_3,0.15354918
1148_8,0.44504714
2192_4,0.03384404
1394_1,0.013636835
2643_3,0.23370637
8214_7,0.8601343
6728_1,0.023330767
5397_8,0.86153823
7056_7,0.96432143
2669_3,0.020023443
10713_10,0.9813107
1349_4,0.014842417
3254_1,0.01627746
9717_10,0.95362175
11358_4,0.013020489
12262_1,0.013636835
1332_1,0.0140636265
6116_2,0.013428254
6324_3,0.0570714
10808_8,0.96124375
11632_4,0.06903793
2881_3,0.030214587
3524_1,0.012241275
10503_8,0.84594244
11525_1,0.013222822
9973_4,0.02479816
9804_1,0.01798621
1865_8,0.9015746
8001_9,0.971564
5776_8,0.044680875
11848_10,0.9859364
4809_3,0.14128141
841_9,0.9651191
227_10,0.9403531
1833_9,0.9898303
9471_10,0.9856076
960_3,0.014172365
10763_1,0.016914913
1330_1,0.017045317
326_9,0.9804314
3392_10,0.89805347
5883_2,0.013222822
12168_1,0.022286188
7525_10,0.94458723
10578_1,0.09073549
9173_3,0.015906392
7214_2,0.1592174
7163_10,0.971564
5177_8,0.9309621
3372_7,0.87831426
6041_8,0.9825575
1590_10,0.97702265
31_10,0.8679338
2533_8,0.96485513
7927_10,0.98282325
5037_2,0.02479816
6046_2,0.27923846
2099_3,0.023330767
133_1,0.088820286
205_2,0.015543648
374_9,0.9213576
8944_10,0.96210754
799_4,0.76171577
8832_9,0.92359227
3836_10,0.98102194
2940_1,0.28022227
946_1,0.83004373
9310_1,0.016657041
5853_8,0.71383077
10852_9,0.9830851
4061_4,0.7749242
10301_10,0.9582261
11104_3,0.026556572
9339_3,0.6684475
537_10,0.9850429
8661_7,0.8524448
9381_4,0.18862271
12473_3,0.018978037
5140_8,0.98571813
4624_4,0.014957086
9156_3,0.44697747
5980_2,0.021125194
5920_7,0.97821885
4013_1,0.028007522
11879_2,0.056652423
1317_10,0.983343
4647_10,0.9666631
2550_1,0.013020489
641_8,0.4015118
10069_10,0.9697854
12215_10,0.24653335
6293_10,0.9850429
1416_7,0.27048022
8561_9,0.96295285
1981_10,0.9152046
1667_2,0.3582969
9680_1,0.0140636265
888_1,0.016152835
2202_4,0.015784562
8835_2,0.017045317
9340_3,0.7892337
8742_10,0.78199726
1892_2,0.013636835
11940_10,0.94776917
5976_2,0.019124037
5430_8,0.9697854
9125_9,0.77932185
5217_8,0.96909106
5257_10,0.8679338
5487_8,0.67017674
10815_8,0.8484707
12438_1,0.054600604
11433_3,0.07585818
11570_1,0.7310586
11880_10,0.9736447
1983_3,0.58664125
2916_1,0.015784562
8119_10,0.9874721
10960_2,0.03875619
2798_2,0.01566365
2797_1,0.030675802
9931_4,0.045692034
6244_10,0.9241418
8361_2,0.014172365
7098_10,0.971779
9107_10,0.983597
9860_10,0.8407826
10252_1,0.023153413
12015_8,0.9079672
2696_4,0.45592526
9301_8,0.98421544
799_7,0.9798227
9411_7,0.8962514
4172_1,0.016657041
8008_10,0.98549646
11436_1,0.01883313
3464_10,0.9766692
5826_3,0.017309094
5460_4,0.018264279
8920_3,0.4344613
1465_3,0.70811164
7571_1,0.021287354
3416_10,0.9787127
11088_7,0.9635062
7007_10,0.9861514
11317_7,0.9728308
11639_7,0.69388795
1871_10,0.9850429
1551_7,0.9241418
4089_4,0.016914913
8145_9,0.9591543
1243_7,0.9238675
9082_8,0.9492946
11807_8,0.9462003
6154_10,0.9787127
2082_8,0.98173577
9142_4,0.63793355
6126_8,0.83548355
9774_1,0.0153063545
5137_10,0.9600627
11085_1,0.014728613
4541_1,0.026355354
10478_10,0.9876639
8479_3,0.025957355
11220_1,0.017045317
0_10,0.96095175
5235_8,0.98102194
457_2,0.01507263
6784_7,0.9811669
11527_10,0.9761292
5935_7,0.8906752
3697_10,0.9834705
8318_10,0.9878528
6770_8,0.64957863
11760_7,0.947381
10344_9,0.97719735
12363_4,0.57749534
2233_2,0.024609927
12184_10,0.9695556
4668_8,0.81873685
2293_4,0.01566365
5886_8,0.9850429
8403_4,0.3197583
2493_3,0.037326884
7224_2,0.01395571
7753_10,0.92468774
476_9,0.94966936
3760_7,0.2498131
8371_1,0.018546565
2541_10,0.94122344
12052_2,0.019568678
2320_1,0.019870715
5598_8,0.891811
12342_1,0.014281935
7391_9,0.82275945
2615_1,0.01798621
11251_4,0.5551941
9946_2,0.028007522
10571_10,0.98481095
3984_1,0.014957086
4633_10,0.9787127
548_10,0.9879462
1732_1,0.0140636265
3559_7,0.9539661
10212_7,0.29665425
8950_7,0.96323055
8157_10,0.983597
5986_9,0.9885804
10263_7,0.83601975
2168_10,0.98173577
4424_4,0.21866938
6944_10,0.7053793
11467_7,0.98228765
3630_8,0.9241418
2405_1,0.012821214
7517_1,0.017045317
8116_10,0.9437636
5368_4,0.048496004
2045_1,0.015784562
11303_8,0.9877587
11077_2,0.12592277
6314_10,0.96124375
12137_4,0.02479816
12180_1,0.013222822
6403_10,0.82161736
2019_1,0.013222822
7921_7,0.66823107
3977_10,0.9284088
11277_9,0.8812066
8398_1,0.013636835
1429_3,0.014728613
9628_4,0.031858858
2472_3,0.532182
5811_4,0.019271135
11663_3,0.013428254
3153_1,0.01627746
11881_2,0.01507263
767_7,0.48669747
12243_10,0.9837225
10969_8,0.9686196
8689_10,0.8984106
1854_10,0.98625773
12392_4,0.01566365
6627_2,0.014728613
6819_10,0.9830851
1587_9,0.85919183
6999_10,0.8484707
9128_1,0.74502754
7141_1,0.0987726
4485_8,0.9425068
7368_7,0.41596606
7698_4,0.95791227
8376_3,0.15253651
1862_1,0.01784874
11217_9,0.9462003
5179_4,0.89218736
6524_3,0.4773105
11877_10,0.9876639
6055_10,0.9863631
9372_1,0.020804489
8029_1,0.01627746
9546_10,0.88875884
5514_10,0.94122344
8869_8,0.92359227
8290_10,0.96741027
11619_9,0.61947125
5949_4,0.5452857
10146_1,0.8479678
11776_10,0.6130773
2146_9,0.46089542
6461_10,0.9697854
10480_4,0.020645931
9021_10,0.896614
11802_10,0.9868787
9139_2,0.16026603
5590_4,0.1480472
5631_9,0.91212356
6333_3,0.3898151
10455_1,0.016914913
10394_1,0.015189049
8814_8,0.98527133
11264_3,0.07696084
2255_9,0.98242307
3915_8,0.042722195
3386_10,0.98469365
5531_2,0.02145073
1676_4,0.022802636
7711_8,0.9839708
7871_9,0.9549844
11101_8,0.94776917
11562_1,0.013636835
11609_10,0.91398406
9556_1,0.028870907
7149_3,0.9522199
11807_3,0.32199275
12106_10,0.9884919
4763_1,0.3094409
2007_3,0.2679825
8454_8,0.9759464
4656_10,0.89733595
717_8,0.71183175
3501_4,0.045015533
6562_4,0.4233984
3926_1,0.027795624
7497_1,0.016914913
4257_9,0.938576
4111_1,0.014281935
9865_10,0.9449947
8323_4,0.05033063
2228_4,0.33382893
1180_7,0.9757624
6315_8,0.98582757
12271_10,0.86613256
4567_2,0.9187722
8745_8,0.9518632
4994_1,0.013020489
2842_4,0.0570714
674_9,0.96295285
4431_3,0.43626174
2534_4,0.61520344
378_9,0.95565146
6039_9,0.87621135
9551_7,0.97023994
1273_7,0.26340988
4222_4,0.09041373
7469_1,0.01566365
8733_3,0.89982784
9324_4,0.11201596
8888_4,0.10194652
2872_9,0.9785493
2123_8,0.9826909
4982_7,0.93721074
10668_1,0.13753249
2014_7,0.94417685
4211_3,0.09334688
1202_9,0.967163
5450_4,0.11596072
2484_1,0.91550726
2427_8,0.9802808
405_3,0.012624948
1_10,0.98481095
4498_4,0.9263037
50_3,0.031143833
10113_9,0.9875683
8919_3,0.1066906
1338_7,0.7581527
9817_8,0.96405166
10824_7,0.8238959
12165_8,0.5549529
11975_8,0.3854325
8537_1,0.080936715
4443_9,0.9600627
207_3,0.016657041
4247_8,0.46247306
11333_9,0.98840266
6357_2,0.04672496
4477_1,0.11279541
8774_1,0.19744444
10049_8,0.9539661
9621_2,0.03308598
5428_10,0.9869795
11693_3,0.08151975
8731_4,0.38632926
11209_1,0.09203287
10581_10,0.016657041
4289_10,0.9683812
511_7,0.9046505
7832_8,0.26038948
2567_9,0.6992544
4931_1,0.01678549
8770_2,0.01507263
8999_9,0.9849274
9918_1,0.017176708
2254_7,0.9403531
4095_1,0.07978202
8601_2,0.10302443
10347_10,0.97134733
2911_4,0.12085323
12157_7,0.97520185
5154_10,0.9838472
27_9,0.9804314
2586_9,0.9026096
6344_9,0.983597
1888_4,0.01757688
6630_1,0.016914913
3202_10,0.9829547
1517_9,0.96765566
584_10,0.9859364
2683_4,0.25757825
1721_1,0.032836955
4371_7,0.7574357
4697_3,0.8080672
2977_10,0.07369626
1835_3,0.09073549
9872_1,0.19314738
4794_9,0.8499712
5345_10,0.6932653
1230_10,0.98173577
2438_2,0.0145035805
5709_9,0.97838473
8007_1,0.018264279
7236_10,0.84695786
7978_10,0.9105454
10608_1,0.028870907
10968_1,0.01384861
3650_1,0.020804489
7966_8,0.95430803
8435_9,0.98866826
6095_3,0.07585818
12457_8,0.92788786
611_10,0.9683812
7589_7,0.95531917
4378_4,0.054198727
9019_3,0.021948254
794_1,0.018404892
5112_4,0.01812472
8698_7,0.9507779
2729_1,0.015543648
9090_1,0.0140636265
9641_8,0.98549646
5065_7,0.8327813
3147_10,0.9801293
3971_4,0.43590152
7000_8,0.86522406
6716_1,0.0153063545
11482_7,0.43374157
9263_4,0.8333246
7901_1,0.027795624
8213_2,0.013742321
1113_8,0.9791955
1013_7,0.98421544
2195_9,0.9719925
1371_8,0.9092645
7239_7,0.8311431
11376_1,0.012821214
3506_9,0.96691406
3413_2,0.014957086
8641_1,0.012241275
11587_2,0.033336822
7639_7,0.3469837
8100_8,0.96182173
8151_2,0.014281935
10464_2,0.018978037
2043_3,0.09842542
4454_8,0.8697146
6562_8,0.9764905
8549_8,0.81582016
1209_3,0.024237636
2566_4,0.28180075
5871_10,0.97482115
6459_7,0.97966766
11006_8,0.5665282
3313_8,0.9492946
5290_2,0.018264279
9687_1,0.018546565
4165_10,0.92683524
11120_4,0.21766995
3379_2,0.379939
5814_1,0.7345006
3414_7,0.98282325
7750_7,0.86293024
9727_7,0.9390248
3850_9,0.98159516
5954_2,0.20212801
9685_1,0.014728613
9307_3,0.08210663
8727_9,0.98102194
9746_1,0.019124037
9365_8,0.98866826
3361_10,0.971779
4554_3,0.018546565
8952_9,0.9869795
4301_1,0.01384861
10764_4,0.20914644
2738_10,0.84695786
3554_1,0.01461567
5724_8,0.14270912
8804_4,0.19775414
468_8,0.9875683
10527_10,0.97134733
5117_7,0.9859364
3390_4,0.78365755
5875_3,0.04672496
10380_7,0.96814114
887_2,0.971779
2707_8,0.89368117
11371_3,0.15405756
535_4,0.02576056
10700_10,0.78858316
3047_10,0.95791227
5930_3,0.053009775
6044_10,0.9719925
8679_4,0.31362993
2261_10,0.9843364
9577_10,0.9838472
1999_7,0.9686196
6010_3,0.02479816
861_4,0.17638767
4360_2,0.025565214
5373_7,0.090092994
10760_8,0.9130583
12436_10,0.9744348
5149_3,0.11838509
7091_4,0.020332353
5135_9,0.87621135
5552_8,0.54201496
1713_9,0.9874721
11445_4,0.55115855
11146_7,0.96741027
5286_9,0.9860443
10518_1,0.016657041
1122_8,0.9658996
7680_1,0.12635334
11042_8,0.88875884
6336_1,0.026155619
11784_10,0.7570767
8759_10,0.9878528
4362_10,0.9826909
4483_2,0.017712297
7501_8,0.9890131
3516_2,0.013020489
3965_10,0.8710367
4066_8,0.7520126
7802_2,0.26702574
1074_7,0.8539127
4555_3,0.03846619
11477_1,0.019719128
5712_10,0.966156
1175_8,0.97023994
6283_4,0.02297737
11717_1,0.014281935
8029_8,0.97737074
5794_8,0.95292586
8717_2,0.013428254
10682_10,0.9429286
4610_1,0.023870835
4908_9,0.936285
8325_2,0.04885778
11330_4,0.05623634
5717_10,0.107437484
11421_3,0.3600389
4725_2,0.017442483
2284_9,0.91550726
12433_1,0.0140636265
10799_10,0.7602949
3213_10,0.97023994
10997_10,0.9804314
3482_9,0.9853843
430_4,0.0715912
6524_9,0.97719735
2270_1,0.14755519
6410_4,0.0987726
224_10,0.0460339
10915_8,0.98657167
8882_3,0.6772606
3578_3,0.016152835
7696_1,0.41099265
7307_1,0.01883313
10043_1,0.37708178
6380_4,0.1384618
3109_2,0.016152835
398_4,0.52171487
10498_1,0.01784874
3565_8,0.9887554
7844_9,0.9603612
5879_3,0.92468774
5004_1,0.02178117
9347_2,0.12506539
2213_8,0.95945925
3654_8,0.98242307
642_2,0.0140636265
9412_8,0.94966936
7418_10,0.97324073
2012_1,0.028007522
308_9,0.9591543
11695_8,0.9651191
7369_10,0.94539934
7363_3,0.07751766
7834_3,0.051462766
7705_10,0.97068775
4554_8,0.9801293
4773_7,0.96378
11944_2,0.96095175
12303_10,0.88161486
272_10,0.91398406
11678_10,0.95565146
8157_1,0.29320207
1360_7,0.84594244
1702_7,0.880797
7409_8,0.9834705
3865_8,0.96538115
8266_10,0.98421544
3543_3,0.3632515
8542_4,0.017045317
2188_4,0.016152835
7928_10,0.7937462
8271_1,0.01757688
2667_3,0.01798621
136_9,0.92683524
2365_8,0.49926758
9516_1,0.037892424
6205_9,0.9881309
12411_1,0.021125194
10549_2,0.66432256
2114_10,0.9798227
8379_3,0.10374863
1555_2,0.013020489
7010_4,0.39198768
10425_1,0.013428254
2970_10,0.98159516
1976_8,0.95362175
4894_8,0.41679668
995_1,0.017176708
12087_10,0.9764905
5002_1,0.016914913
10204_2,0.51391244
7689_2,0.0145035805
8685_4,0.8152325
4183_1,0.02211659
7719_7,0.7718435
6350_8,0.983597
6163_8,0.9079672
11247_4,0.68489665
8962_8,0.938124
7849_9,0.97520185
4177_9,0.93439513
4680_1,0.97112906
10965_8,0.9353465
3534_10,0.9859364
9782_4,0.3381864
9525_9,0.9814534
3743_10,0.85633236
1688_10,0.9801293
4400_4,0.9032942
1660_8,0.1666754
8241_9,0.98866826
1238_8,0.78032786
1081_3,0.013636835
6151_2,0.017045317
6025_8,0.4508429
661_9,0.8951567
5670_8,0.98677725
6122_1,0.64779824
1767_10,0.98445636
5629_10,0.9849274
8256_10,0.86431044
8572_4,0.014728613
11580_7,0.9213576
525_3,0.03308598
2128_3,0.90087914
10254_8,0.9566342
3082_2,0.03846619
7127_1,0.016029146
9927_7,0.036220055
5694_9,0.94853723
8063_10,0.9429286
10768_1,0.01627746
7375_1,0.054198727
6220_10,0.97966766
4477_10,0.9860443
1350_8,0.9853843
9354_4,0.97821885
9015_2,0.95565146
719_1,0.030214587
10544_3,0.069541745
4496_10,0.937669
3912_1,0.05921025
10120_10,0.95791227
6958_2,0.02096424
10964_7,0.8494724
4974_1,0.36979857
5591_9,0.9804314
2295_3,0.28338456
17_8,0.9879462
10442_2,0.7581527
3043_10,0.95292586
5243_1,0.015906392
5145_8,0.9853843
5727_7,0.882022
3406_10,0.98469365
3552_7,0.95430803
1512_1,0.02096424
9214_9,0.9860443
3060_3,0.274935
9086_3,0.527925
10428_1,0.049589027
11198_10,0.7318259
1743_4,0.07531231
7795_10,0.9559813
9863_10,0.87536144
182_3,0.36184096
9644_4,0.4909678
10744_2,0.01627746
3393_10,0.97684664
3657_8,0.9814534
10435_1,0.013020489
9206_10,0.98657167
4005_10,0.94122344
5901_3,0.82782817
498_10,0.979354
9583_2,0.02576056
2336_10,0.98646784
6107_1,0.090092994
7079_7,0.97754294
2769_4,0.46210894
4787_8,0.9825575
11123_1,0.012624948
6466_10,0.98951083
6311_9,0.9728308
1236_7,0.9719925
3635_9,0.9879462
1230_2,0.013532149
8721_7,0.929951
7878_3,0.042403832
11731_7,0.60940796
8732_8,0.9766692
8083_8,0.96323055
3146_1,0.023330767
11395_10,0.96814114
2998_2,0.01243165
3766_4,0.04922211
353_3,0.02517884
8688_7,0.9130583
6137_10,0.9801293
11950_3,0.092687786
5663_1,0.020645931
1108_3,0.01784874
10425_10,0.9518632
913_10,0.891811
7852_8,0.87191176
14_1,0.022802636
12062_1,0.017176708
1162_1,0.015543648
8648_10,0.86153823
10605_10,0.98228765
1091_1,0.19651762
7723_8,0.41032887
5474_8,0.983343
8308_1,0.0153063545
9586_8,0.55615854
5317_4,0.01757688
11283_8,0.05184547
9575_3,0.024053553
8846_9,0.91367656
8756_1,0.016914913
7973_4,0.21700546
9845_3,0.016657041
11335_9,0.9851576
456_8,0.94853723
378_1,0.017712297
9176_1,0.018546565
6371_10,0.9076402
3152_10,0.9572778
7441_4,0.013020489
10123_4,0.042403832
6777_1,0.1584346
7479_1,0.05223086
5563_1,0.016657041
9076_7,0.9755769
11744_1,0.029535338
1040_4,0.0140636265
920_1,0.016152835
3599_4,0.01384861
9629_3,0.88161486
12346_1,0.18010665
4237_8,0.891811
6596_10,0.91700584
11576_1,0.0153063545
1140_1,0.01757688
2945_8,0.09073549
7518_9,0.5285334
3435_1,0.020023443
8219_3,0.0715912
6758_10,0.98582757
484_8,0.9802808
10012_1,0.014842417
718_10,0.9761292
12293_7,0.9688562
6241_3,0.0987726
10635_10,0.8489722
2563_1,0.021287354
7682_10,0.97344345
4993_7,0.97719735
12153_4,0.2216875
8559_7,0.43602157
9700_4,0.74761593
660_2,0.033336822
11457_4,0.01798621
7146_1,0.20497774
3771_2,0.20149878
8333_3,0.22405545
11740_7,0.9015746
7035_2,0.40356687
7054_1,0.014728613
12292_4,0.026155619
8881_4,0.42228127
7264_8,0.98667485
11168_1,0.023870835
1145_9,0.9884919
781_9,0.98187524
5694_4,0.02865267
2637_10,0.9750122
5812_8,0.36579642
6335_10,0.9700135
10491_3,0.016029146
4684_2,0.01566365
3810_2,0.02211659
12264_3,0.015784562
8018_10,0.91789335
12185_10,0.7545535
3959_3,0.7061904
9829_7,0.9849274
4694_4,0.6312534
3884_1,0.022286188
8027_10,0.97737074
743_2,0.014281935
7036_1,0.05340333
3081_1,0.020023443
4606_10,0.68700033
503_2,0.28239405
6989_10,0.9813107
10059_1,0.024053553
1380_9,0.9124362
3247_1,0.06903793
6308_8,0.9814534
1592_2,0.0140636265
3167_1,0.01566365
6357_10,0.97719735
7107_7,0.91730267
5335_8,0.98102194
11948_2,0.016657041
10805_4,0.14608724
638_7,0.9600627
4311_2,0.052618954
11795_8,0.9433476
8031_9,0.9766692
11930_2,0.7988153
7886_3,0.7876047
7253_10,0.966156
10955_3,0.65190905
10680_2,0.018264279
8754_10,0.80685264
9556_8,0.97262347
3076_10,0.8840393
1544_3,0.13072868
2726_3,0.18155324
8545_3,0.012821214
3175_3,0.013222822
2864_9,0.19528697
547_4,0.24292332
2831_9,0.9755769
5321_4,0.17497346
4675_8,0.9801293
11787_4,0.01507263
2837_10,0.9507779
7730_8,0.979354
2309_10,0.971564
9078_7,0.98215127
8160_10,0.947381
7824_1,0.013532149
9926_8,0.13117322
3507_1,0.6673645
5878_3,0.19253936
6708_4,0.40028042
1096_3,0.031858858
4556_8,0.920218
3667_10,0.42232594
9565_3,0.12765263
4737_9,0.9666631
12134_1,0.15456735
9413_7,0.97684664
1002_9,0.9700135
4889_4,0.9449947
3453_1,0.056652423
2763_2,0.019568678
8248_8,0.9390248
1881_1,0.42727724
3528_10,0.9263037
3630_1,0.5104965
11390_10,0.9875683
3991_8,0.717408
7650_8,0.7004852
4527_8,0.9724148
10307_2,0.8984106
8872_4,0.015543648
1741_10,0.971564
12170_9,0.97719735
11196_4,0.71582144
5524_10,0.7279754
1926_3,0.032589745
1279_8,0.83867973
1444_8,0.8692713
8975_8,0.91490096
7157_10,0.98657167
11973_2,0.012624948
7022_1,0.9224824
6939_10,0.26284185
6732_9,0.26170814
3689_1,0.06804042
10228_1,0.02350945
6314_3,0.0433658
4285_8,0.6207366
10086_10,0.83815056
9899_1,0.017442483
7556_10,0.25349125
12299_3,0.023153413
11872_3,0.7237002
4257_1,0.05834584
3028_7,0.0946777
2545_10,0.9879462
8036_4,0.32402143
5948_2,0.017309094
12113_1,0.034358688
1738_4,0.19132768
9808_10,0.67082393
2629_4,0.5109846
12003_9,0.39428112
6725_8,0.81227237
5383_8,0.93721074
12097_1,0.02096424
11402_9,0.97112906
3877_3,0.031858858
3765_4,0.3408142
11431_7,0.98677725
7419_3,0.10894506
9844_8,0.43212333
9753_1,0.015784562
12377_1,0.9563089
2775_10,0.70821255
11106_1,0.017045317
10015_8,0.88038635
9473_9,0.9825575
3633_9,0.9759464
9022_8,0.9623913
608_1,0.01627746
10724_1,0.013428254
1059_10,0.97482115
8413_3,0.017176708
2013_1,0.023153413
2814_10,0.9623913
9166_4,0.64712954
6566_7,0.36375985
9352_10,0.72990495
8123_1,0.01627746
10825_3,0.01384861
3735_8,0.93581736
7595_2,0.012624948
4946_1,0.05223086
8327_9,0.97112906
5140_2,0.036493763
10986_1,0.012624948
7385_8,0.1334152
3722_1,0.013636835
9799_2,0.14414886
1288_8,0.90295243
8089_1,0.24346253
11279_4,0.9230392
4845_10,0.98481095
8354_8,0.98707944
1373_10,0.040845715
5431_7,0.81047887
1245_2,0.014728613
11429_7,0.9825575
11606_4,0.0715912
4192_10,0.049589027
3443_1,0.025565214
4957_2,0.85536855
4971_8,0.97090924
913_1,0.057918087
10311_10,0.98527133
10558_9,0.9843364
304_10,0.966156
7499_9,0.983597
6529_10,0.96378
2069_10,0.9736447
1366_10,0.9724148
10303_3,0.040237945
4476_8,0.9839708
8032_10,0.96432143
8392_8,0.75346667
10158_9,0.9755769
10886_7,0.9334308
1789_2,0.017176708
3113_1,0.02096424
7713_1,0.014281935
2685_10,0.9787127
9760_10,0.98215127
12401_10,0.98159516
2489_10,0.9744348
6382_1,0.019870715
2352_2,0.014842417
9440_1,0.015784562
10695_10,0.96124375
7297_8,0.5568816
11703_4,0.15713686
4733_1,0.17610411
1769_4,0.21337716
12219_7,0.913368
1725_1,0.019870715
1711_8,0.06705628
7466_8,0.9582261
6987_10,0.9693242
12351_1,0.014281935
4929_10,0.9853843
10281_4,0.019870715
11555_7,0.89805347
2075_9,0.8692713
755_10,0.89143354
11705_8,0.94417685
1434_10,0.9740426
6189_7,0.6714706
3645_7,0.8338664
2963_9,0.9825575
3487_9,0.98646784
6368_7,0.8596637
2240_1,0.06325053
10126_9,0.971779
5366_1,0.54891527
8058_10,0.9407897
10746_8,0.94966936
4852_3,0.02350945
5371_7,0.6020031
303_2,0.78530854
7169_4,0.2972659
4284_3,0.09602549
7539_2,0.01883313
11410_1,0.22507578
4710_2,0.059646945
7660_1,0.87831426
10378_8,0.62314755
10580_10,0.97903574
4295_1,0.01757688
4433_1,0.06903793
6959_9,0.9849274
6769_4,0.03541073
11996_1,0.013222822
10341_7,0.17189366
2337_1,0.01883313
11119_8,0.9777139
4228_2,0.083890386
3680_1,0.032100707
11256_1,0.012624948
1884_7,0.9763105
4750_8,0.96182173
4890_3,0.9728308
7159_10,0.9851576
10622_1,0.01812472
11753_1,0.0570714
8352_10,0.9807288
2188_9,0.98646784
6913_9,0.9224824
9193_1,0.012053779
9572_4,0.016657041
5136_2,0.039342504
4799_2,0.01507263
5045_8,0.95565146
9538_1,0.015189049
1565_4,0.19132768
12134_7,0.93045825
1437_8,0.896614
5319_9,0.9839708
3709_10,0.98087597
2642_8,0.96641046
11143_9,0.97903574
864_10,0.8568123
9283_3,0.047425874
5089_9,0.98159516
9917_10,0.8392076
3800_7,0.5506074
6074_7,0.9845754
6433_7,0.98469365
6715_1,0.013636835
594_1,0.015424551
2469_1,0.01678549
3155_1,0.8050198
7458_10,0.054600604
2020_1,0.015189049
6921_8,0.9801293
9662_7,0.98421544
9567_7,0.8333246
5187_1,0.01566365
6831_4,0.057918087
7829_4,0.5418937
3868_3,0.5208619
2224_10,0.9563089
12015_1,0.017045317
841_1,0.6955449
224_3,0.016529558
4805_9,0.98866826
7513_2,0.5902479
7065_3,0.013428254
6192_3,0.29746994
6075_10,0.9845754
10611_7,0.7397986
10471_10,0.9837225
4198_10,0.13939638
10756_7,0.7981868
11960_1,0.113579586
2885_9,0.9804314
6837_3,0.014392335
1917_2,0.047780063
7143_3,0.02145073
1762_10,0.95945925
12066_10,0.9837225
8410_7,0.24908175
10729_4,0.14953136
6967_3,0.7306744
734_7,0.8050198
1524_10,0.97737074
2479_9,0.07211221
130_4,0.014392335
201_9,0.9719925
6157_9,0.9801293
9362_2,0.12549345
3858_10,0.92523
9895_10,0.9840936
9953_3,0.021125194
4667_7,0.9518632
1951_1,0.0140636265
8724_8,0.9837225
2886_7,0.8000679
7491_10,0.9832145
10403_4,0.4136548
7362_10,0.7690802
9466_9,0.9861514
9079_7,0.9722044
10171_1,0.0433658
9511_9,0.33334044
8775_1,0.026556572
6462_2,0.06804042
3129_2,0.10411242
12461_1,0.017712297
8541_10,0.15713686
4241_7,0.90397453
6533_10,0.036493763
12131_2,0.027376488
11577_4,0.037608635
6063_3,0.02297737
1760_9,0.4926763
3396_1,0.7412996
5385_8,0.97046465
7212_2,0.017045317
3522_8,0.9314625
1397_10,0.7783125
387_8,0.96909106
4143_9,0.9837225
9483_2,0.018689308
3250_10,0.9802808
8758_4,0.3680649
7551_10,0.98549646
2068_1,0.20721471
9534_9,0.979354
11561_8,0.8824279
3083_2,0.017442483
2973_1,0.04304285
6574_10,0.9834705
5442_2,0.020488555
6343_3,0.6089429
6723_1,0.0145035805
6252_8,0.586249
8465_1,0.01507263
1906_7,0.75851065
7492_7,0.87705624
5508_7,0.15002882
5936_8,0.45156837
5086_8,0.1696809
2134_7,0.9124362
8301_4,0.591738
8423_2,0.026759284
6241_10,0.9728308
8550_4,0.02017732
3330_10,0.9324533
8825_8,0.96405166
8030_1,0.091382116
4884_4,0.2386389
8391_9,0.9566342
9776_1,0.13753249
1389_7,0.96814114
12224_4,0.27629983
2162_7,0.95292586
8490_10,0.98421544
12003_4,0.031143833
11043_3,0.9339146
7266_2,0.013222822
4480_10,0.24184734
11954_9,0.97719735
3280_2,0.0226292
8084_2,0.012624948
3913_4,0.09041373
7353_10,0.9623913
3161_10,0.9738444
3941_1,0.024053553
7992_9,0.89143354
10742_10,0.97462875
69_10,0.971779
10415_3,0.017442483
4818_10,0.9798227
5563_10,0.77218723
7018_10,0.9766692
8873_4,0.016403032
10593_3,0.22034244
12251_3,0.11436852
731_4,0.014728613
1195_10,0.98481095
7337_1,0.016914913
2448_7,0.94891727
4444_2,0.01784874
9223_2,0.035144847
463_8,0.19193278
4335_4,0.019568678
9635_8,0.9348725
8738_4,0.15203224
6724_1,0.04304285
5504_1,0.015784562
10185_1,0.038178276
901_9,0.98215127
10452_8,0.9849274
8289_10,0.94699025
10112_1,0.015906392
9950_8,0.9780517
8644_4,0.45096377
11534_7,0.95362175
5708_4,0.036769465
6781_1,0.01461567
3582_10,0.98481095
4591_7,0.7213508
3327_1,0.7345006
9536_9,0.98625773
3047_2,0.120438814
2830_9,0.9559813
4300_1,0.4245313
4160_4,0.8539127
11783_10,0.9738444
6029_9,0.9403531
6907_2,0.10706346
691_2,0.01461567
585_1,0.62503767
11182_3,0.7017131
10433_2,0.01384861
11201_2,0.44661537
588_7,0.96741027
2522_10,0.96432143
7002_2,0.028870907
2059_10,0.9875683
4925_10,0.82104415
7791_9,0.9777139
6392_10,0.98159516
3305_7,0.97423947
11951_10,0.89478946
12167_1,0.0145035805
5814_10,0.9686196
2590_10,0.4841362
10571_3,0.2831863
5452_4,0.036220055
6480_10,0.97903574
11050_8,0.98159516
11523_3,0.2243952
6556_8,0.96295285
597_9,0.9839708
4049_3,0.10557884
6652_8,0.9825575
5591_4,0.6855286
12295_1,0.0140636265
11478_10,0.97887486
6436_1,0.014957086
2487_2,0.021615336
7520_7,0.9697854
5203_9,0.97754294
6162_10,0.9887554
3840_4,0.055412795
7471_10,0.9736447
5021_1,0.018689308
5593_10,0.2782568
7489_10,0.8891444
1208_10,0.9026096
11983_10,0.94699025
23_4,0.021125194
3622_7,0.90397453
7821_1,0.017712297
9726_3,0.42298123
2890_10,0.98421544
11695_4,0.7468782
3751_10,0.9839708
5136_8,0.98102194
8730_7,0.979354
4341_7,0.03875619
9148_3,0.01798621
6385_3,0.01784874
8560_8,0.71383077
766_2,0.02096424
8847_10,0.8092759
7455_1,0.012624948
3187_8,0.70740473
9683_1,0.013636835
7744_10,0.7394224
11136_10,0.9872773
214_1,0.017442483
2105_9,0.9851576
1265_10,0.8221891
9122_2,0.90894175
9296_10,0.97023994
8107_2,0.014728613
8134_2,0.0140636265
3788_10,0.979354
2429_10,0.93195957
8567_1,0.014172365
7400_10,0.6065713
1789_7,0.94853723
11098_2,0.028007522
918_10,0.7648916
3389_10,0.9811669
3754_1,0.09203287
8807_9,0.9105454
7900_9,0.98707944
6541_1,0.3361131
981_1,0.028870907
2142_9,0.9845754
1639_1,0.014957086
4162_1,0.018404892
2476_10,0.9615338
9941_4,0.036493763
4020_3,0.013532149
6823_4,0.7325918
6236_2,0.017045317
7793_4,0.293607
7431_9,0.98242307
6864_7,0.6096404
184_9,0.96095175
735_7,0.8080672
1673_8,0.9860443
6209_1,0.0140636265
4167_10,0.93439513
7854_1,0.23126681
6281_7,0.98571813
3045_1,0.018264279
598_9,0.9651191
5411_10,0.98667485
3781_4,0.031618766
10627_2,0.18683577
11283_2,0.6645403
4594_8,0.6899327
12424_7,0.714628
6705_8,0.94458723
5274_8,0.03138043
2107_7,0.7248703
10685_7,0.24798743
1992_10,0.95292586
6711_1,0.023870835
1899_10,0.9744348
6307_9,0.9884919
5702_10,0.77218723
6865_7,0.9740426
5047_10,0.9678993
2762_8,0.90397453
2830_4,0.024053553
9305_7,0.9429286
4358_1,0.02178117
7558_10,0.98549646
8607_10,0.9511422
4599_9,0.22000709
5267_4,0.7329743
5667_10,0.9396923
10108_8,0.9666631
8432_3,0.013325147
845_2,0.026556572
552_2,0.02576056
169_7,0.9683812
12311_1,0.02576056
5884_3,0.032836955
2938_4,0.9053223
11378_7,0.94122344
7337_10,0.9785493
4378_7,0.7789858
4660_10,0.97737074
2461_4,0.25423113
7011_10,0.9859364
9907_2,0.012821214
6134_2,0.05223086
1548_1,0.255158
157_3,0.061875988
2189_2,0.01784874
9021_3,0.14414886
7699_1,0.017045317
9298_1,0.0145035805
539_3,0.19223589
10243_2,0.022457054
8659_9,0.9585377
10748_8,0.89368117
6757_4,0.014957086
7196_8,0.89912134
2579_9,0.8906752
5896_10,0.98242307
2308_9,0.98173577
12318_1,0.1727293
12244_4,0.8828326
10131_7,0.9190633
3608_4,0.4143063
10891_10,0.98646784
10517_10,0.9736447
2180_8,0.6710396
2498_7,0.9761292
3382_1,0.013636835
12196_4,0.34936625
7079_3,0.43590152
562_8,0.0460339
984_3,0.8969756
7756_10,0.9582261
11553_1,0.016529558
1880_4,0.15354918
9842_7,0.33111975
795_3,0.0226292
11707_10,0.7676898
8457_9,0.8025555
2483_4,0.12252322
4903_3,0.87191176
12223_2,0.014728613
8418_2,0.015784562
6194_10,0.9875683
3214_10,0.97821885
12208_3,0.06008665
7001_10,0.96432143
8533_8,0.79182106
8236_4,0.033336822
2867_1,0.013222822
7876_9,0.88602656
9640_8,0.9813107
11866_3,0.01384861
4262_4,0.032836955
5711_4,0.937669
214_9,0.65599746
9641_4,0.11279541
9086_9,0.97737074
12088_2,0.013742321
76_8,0.9688562
1537_10,0.93195957
10510_2,0.016657041
778_1,0.014728613
458_9,0.96378
12472_1,0.027585285
7914_1,0.244363
8595_10,0.98646784
7741_4,0.018689308
9056_4,0.027169231
538_4,0.81640637
12049_4,0.76100606
9613_8,0.98159516
7051_4,0.5554352
2549_7,0.7189892
12139_3,0.019719128
4006_7,0.47475296
11662_10,0.9329437
497_2,0.016152835
5556_2,0.01507263
8287_10,0.98102194
4712_9,0.96814114
8237_1,0.016529558
4466_9,0.93581736
4141_1,0.033336822
3303_10,0.8233284
5384_2,0.025371313
8494_1,0.01784874
5127_2,0.1229438
6961_9,0.9802808
10856_1,0.034880888
9421_7,0.96323055
3776_10,0.9804314
5958_1,0.020488555
6227_8,0.9678993
10991_1,0.70578504
7996_10,0.9851576
12372_9,0.96378
1460_2,0.020023443
10183_1,0.011687259
2829_4,0.024237636
9797_4,0.091382116
2988_3,0.01507263
3974_3,0.04304285
11419_4,0.01384861
11472_7,0.84234506
8489_7,0.9582261
11938_4,0.09704755
1057_8,0.9390248
7213_1,0.014281935
2615_10,0.66855574
3101_1,0.023153413
7553_1,0.2146914
10258_1,0.017712297
8551_10,0.98201376
11233_4,0.013636835
2996_4,0.31090358
8670_3,0.05921025
10586_9,0.7937462
501_10,0.98445636
11398_9,0.98242307
9223_8,0.9874721
5432_9,0.7581527
7517_10,0.94776917
11616_7,0.9651191
5055_2,0.015424551
9285_1,0.01798621
5175_1,0.015424551
872_1,0.012821214
8890_7,0.037326884
178_2,0.015189049
10660_4,0.7799929
11461_4,0.79310596
9461_8,0.920218
3992_3,0.026155619
1173_1,0.015784562
8261_10,0.9814534
10007_4,0.0140636265
10751_10,0.9241418
5021_8,0.9736447
10553_7,0.27338037
12464_8,0.96765566
8616_8,0.9795114
9697_1,0.023689471
2800_1,0.01395571
521_1,0.0145035805
7535_10,0.96765566
4352_9,0.4951173
2246_10,0.9839708
7039_4,0.07585818
10344_4,0.022457054
12195_10,0.97482115
3671_4,0.5007324
1767_2,0.03875619
6536_1,0.017045317
8951_1,0.02145073
12462_9,0.98201376
8489_2,0.078078166
11884_10,0.98571813
8602_1,0.03963884
9229_1,0.015906392
10611_3,0.01784874
6764_4,0.6490227
2612_1,0.021615336
213_3,0.022457054
1987_2,0.13614832
3082_9,0.966156
10504_7,0.9738444
8862_9,0.91181
5512_10,0.8092759
3198_10,0.9802808
11521_1,0.012821214
9841_8,0.88363826
1781_10,0.93674946
8389_1,0.02211659
10225_1,0.014957086
1403_4,0.13432105
3792_8,0.9764905
4361_9,0.98421544
6579_7,0.9736447
3891_2,0.16132024
10782_8,0.95531917
12290_2,0.5102525
1710_1,0.23651622
5507_7,0.8736466
10523_1,0.021125194
6722_10,0.57481253
3401_10,0.9843364
8079_1,0.029986506
5650_10,0.9582261
1843_4,0.24292332
8228_7,0.86385167
1138_8,0.94699025
7943_9,0.91086304
2219_4,0.013428254
11675_4,0.30362853
7748_9,0.9814534
3859_1,0.019568678
1497_1,0.01627746
2115_10,0.98571813
9622_4,0.047425874
9482_10,0.9339146
9084_2,0.7602949
2744_1,0.013428254
6599_3,0.023153413
10991_10,0.97090924
8444_9,0.94208187
1362_3,0.8864204
6820_10,0.98803884
10806_3,0.031618766
5509_3,0.19406214
1939_8,0.8000679
498_1,0.109705776
12238_10,0.20657375
4154_4,0.03594832
11557_1,0.015543648
6658_7,0.9801293
1183_2,0.020645931
3764_10,0.87147486
12421_3,0.01507263
8166_1,0.44095072
88_10,0.98187524
6291_7,0.9437636
4637_2,0.68299675
4194_10,0.91022676
9020_10,0.23828422
9749_8,0.82949203
3308_1,0.014957086
2569_9,0.9837225
9696_8,0.5636782
8680_1,0.018404892
10469_3,0.01384861
6208_1,0.01507263
9862_3,0.7934263
7663_10,0.9403531
811_10,0.97997653
5452_8,0.96182173
4347_10,0.9563089
10922_8,0.95759624
10466_3,0.014957086
11650_8,0.95945925
5126_4,0.0153063545
3454_8,0.9730365
11021_10,0.98228765
1160_1,0.013222822
1948_10,0.979354
8741_10,0.34775856
8996_4,0.86613256
11572_2,0.22371607
2183_7,0.8327813
1779_9,0.714628
5466_10,0.9861514
1756_1,0.012241275
7777_3,0.098079324
429_3,0.021615336
1736_10,0.97134733
1746_10,0.97719735
7613_8,0.91730267
4315_10,0.76629364
12186_10,0.97324073
4231_8,0.9834705
659_8,0.95976204
7739_10,0.97966766
43_10,0.97966766
2960_4,0.036493763
11665_4,0.017045317
4399_9,0.97482115
6993_8,0.7409249
6523_10,0.95565146
7068_1,0.020804489
3005_1,0.891055
10419_8,0.98866826
3160_2,0.03384404
1881_10,0.58332205
5623_10,0.8454327
2263_10,0.97068775
5736_8,0.9838472
550_3,0.016152835
368_4,0.037608635
9100_10,0.979354
930_3,0.020488555
866_10,0.79438496
11251_7,0.96485513
10708_9,0.69987017
247_2,0.039342504
4080_10,0.9334308
2104_10,0.9888419
8_2,0.029090757
1485_3,0.018264279
3133_1,0.42030212
331_10,0.98445636
12213_1,0.014728613
2825_3,0.0153063545
8316_3,0.053009775
11102_3,0.02350945
9719_1,0.015189049
1951_7,0.8976953
10577_1,0.017176708
9941_9,0.9795114
12246_1,0.01883313
7579_4,0.25275275
7111_7,0.9582261
1068_3,0.06325053
1872_4,0.5004883
834_4,0.96124375
12088_7,0.89912134
7785_3,0.020023443
7364_10,0.97684664
4441_2,0.20244318
3957_10,0.98625773
7789_1,0.1561049
3296_1,0.015543648
6656_8,0.26170814
7366_2,0.019719128
10579_10,0.97887486
1292_8,0.9522199
3172_10,0.9840936
4948_10,0.98840266
8690_3,0.076407686
3279_1,0.012624948
7221_3,0.025565214
6376_2,0.016529558
4901_4,0.065604836
1591_10,0.9777139
2905_4,0.37279058
8656_7,0.32939172
10100_3,0.7000752
6918_10,0.938576
7105_8,0.7076068
8220_10,0.950411
916_3,0.52195853
7831_8,0.023153413
11118_10,0.9878528
7993_10,0.27357438
2665_3,0.025565214
1680_2,0.02096424
632_8,0.9695556
5838_10,0.98646784
4039_9,0.96095175
309_3,0.031618766
6715_7,0.37436172
9130_4,0.06608538
722_10,0.7264256
9485_3,0.10302443
5421_9,0.7397986
2053_4,0.012241275
8824_4,0.01812472
906_4,0.9205043
4325_4,0.7098244
3131_1,0.03541073
4732_10,0.315947
7628_1,0.091382116
3903_8,0.93581736
2781_7,0.74279505
2530_1,0.026355354
8740_9,0.9582261
9456_4,0.40770918
8705_10,0.97719735
9894_4,0.23651622
7573_10,0.9623913
117_1,0.012821214
1578_7,0.5752898
2822_9,0.8370879
2544_10,0.9845754
10988_10,0.979354
9846_3,0.018264279
6242_3,0.036769465
5626_3,0.33977285
4053_9,0.68700033
10157_8,0.97520185
10582_2,0.017176708
11091_1,0.030214587
10436_8,0.9849274
3432_8,0.983343
3007_3,0.8092759
11467_4,0.8433798
9877_8,0.03541073
4839_1,0.013532149
2766_3,0.124213
11528_9,0.967163
4327_1,0.015424551
8087_10,0.3054901
3394_10,0.9885804
4690_4,0.8710367
11642_8,0.9425068
2603_1,0.022457054
9578_8,0.91730267
8316_10,0.98087597
8184_9,0.9882222
9764_10,0.9851576
3248_2,0.015189049
5784_3,0.04208773
3686_1,0.016152835
10901_10,0.83548355
606_9,0.98282325
6887_1,0.22541662
4240_4,0.4201237
977_9,0.9500415
2232_7,0.78464925
4107_8,0.9826909
11897_10,0.9868787
10418_8,0.9878528
5274_1,0.021125194
5978_10,0.9825575
6781_7,0.8872046
6704_10,0.94966936
8290_4,0.5688949
9826_8,0.87191176
10066_1,0.027376488
1135_1,0.016657041
6683_9,0.9813107
9991_8,0.8601343
1710_10,0.9257686
4774_2,0.016152835
3621_2,0.30798206
9258_1,0.013636835
12244_8,0.9802808
401_1,0.012821214
11869_10,0.979354
3092_3,0.016657041
2910_7,0.94458723
961_1,0.7325918
6927_7,0.3666464
4819_2,0.01395571
658_7,0.6426568
5477_2,0.016152835
7766_1,0.022457054
4159_3,0.016029146
5010_10,0.98228765
11093_3,0.035144847
7287_10,0.98582757
3462_9,0.9532751
1652_1,0.019271135
12077_2,0.030908957
3798_10,0.8543993
2696_10,0.98527133
2803_8,0.97821885
11941_2,0.01798621
8090_8,0.8749346
6994_4,0.0973904
1242_7,0.96538115
8828_9,0.9600627
1346_1,0.0140636265
468_1,0.014957086
3665_4,0.37399015
4476_4,0.3233801
6043_9,0.88483775
5830_3,0.016657041
3159_10,0.9518632
6975_1,0.97838473
7338_1,0.0140636265
1424_10,0.9549844
6487_7,0.91367656
3023_7,0.97462875
4749_3,0.55772483
4596_3,0.16532342
4681_8,0.97423947
4235_1,0.018978037
2912_8,0.51561993
6552_1,0.013222822
4329_1,0.03846619
3876_1,0.105948284
9168_9,0.94165415
8747_10,0.9130583
11842_10,0.98582757
5612_10,0.89143354
10371_8,0.96765566
4804_7,0.8601343
4914_7,0.9834705
2520_3,0.6654106
8053_3,0.013428254
11302_4,0.016914913
4766_1,0.06804042
1820_4,0.028436033
4668_1,0.020645931
3521_2,0.013222822
3467_7,0.97423947
1885_4,0.20657375
4206_1,0.030214587
2774_10,0.97737074
12060_1,0.014728613
5664_10,0.8984106
7078_10,0.9807288
4797_8,0.98469365
2735_3,0.014842417
7981_4,0.3054901
10440_7,0.9314625
11611_7,0.9615338
5553_1,0.021125194
12415_2,0.5126926
10807_3,0.01812472
5539_1,0.032589745
9489_10,0.9697854
11053_10,0.9802808
7493_10,0.9539661
10400_4,0.22609939
9856_10,0.96210754
6813_10,0.9840936
679_10,0.96814114
7502_3,0.0226292
3842_7,0.93991333
7800_10,0.98187524
4253_9,0.36681652
2103_1,0.028870907
9581_3,0.93045825
7335_10,0.81669897
3304_8,0.8929365
12276_3,0.78431904
5451_3,0.022286188
1873_3,0.07477005
5857_7,0.034358688
5423_10,0.96323055
6400_10,0.9805807
6419_3,0.7017131
3775_4,0.019271135
5165_8,0.9588471
6555_1,0.014957086
3806_4,0.017176708
8584_7,0.94891727
5390_7,0.3533724
10965_1,0.03875619
6680_9,0.9795114
5034_1,0.093678
7718_2,0.013428254
2688_4,0.97520185
9107_2,0.07004896
5993_1,0.01243165
7456_10,0.8305941
8581_8,0.9791955
8852_3,0.01812472
4239_10,0.9840936
9012_10,0.9012275
6661_9,0.97737074
6786_10,0.7468782
12257_3,0.016914913
8700_8,0.91181
8848_8,0.9566342
11377_4,0.14080817
4722_2,0.13986564
8546_9,0.68951476
3091_4,0.04304285
4124_7,0.91789335
10860_10,0.98481095
2684_10,0.95257413
4968_10,0.97134733
10785_4,0.02096424
4871_8,0.9791955
1064_8,0.98840266
9452_2,0.014957086
9965_1,0.017176708
1358_10,0.8548847
12094_10,0.9826909
415_10,0.9837225
8308_10,0.0145035805
11112_9,0.938576
6271_4,0.01627746
7324_8,0.8872046
7950_8,0.9603612
8880_3,0.018264279
5610_7,0.94815457
3918_8,0.9802808
7209_2,0.018689308
4916_10,0.9755769
6782_3,0.1338675
5607_3,0.0433658
5492_10,0.9785493
2824_3,0.014281935
1533_10,0.9722044
9663_9,0.9837225
11087_3,0.016152835
3360_1,0.019870715
12040_1,0.10557884
329_10,0.9877587
4819_7,0.27551943
11985_8,0.9219218
6491_4,0.105210535
7151_10,0.98421544
6807_10,0.9882222
3353_10,0.9683812
3592_10,0.9549844
928_10,0.15354918
3100_7,0.8679338
7390_3,0.013428254
8466_8,0.4273967
777_10,0.9859364
10007_10,0.9678993
7673_1,0.026556572
8255_1,0.91550726
3734_8,0.94165415
6217_10,0.27163795
2264_1,0.38277572
7637_7,0.9755769
3494_3,0.016914913
1012_1,0.027585285
9796_2,0.018978037
444_2,0.013222822
10968_8,0.9001793
8328_10,0.971564
2417_8,0.89805347
253_3,0.02517884
3740_8,0.97754294
5904_3,0.7531037
6664_8,0.86703575
12027_1,0.013020489
8658_10,0.91086304
4505_1,0.0140636265
1008_10,0.8868131
7922_3,0.0269635
655_10,0.95695716
6383_10,0.9429286
5868_1,0.018404892
7827_10,0.971564
722_3,0.27532452
3933_4,0.39222047
1358_3,0.23757592
8939_8,0.96765566
9502_10,0.9532751
4798_9,0.98228765
7088_3,0.036769465
9904_3,0.01566365
11214_2,0.01461567
11293_8,0.16532342
11924_10,0.98242307
6168_8,0.9856076
4329_10,0.9686196
10345_3,0.01627746
5512_3,0.11279541
1291_1,0.0140636265
7568_3,0.023153413
2747_4,0.08329193
7484_1,0.012624948
3915_2,0.022286188
8527_4,0.014842417
4686_10,0.9458012
6909_1,0.02178117
10587_10,0.25128007
9167_8,0.979354
4739_4,0.026155619
6266_4,0.2622746
6155_10,0.98707944
11409_9,0.08151975
3874_7,0.36093944
7049_3,0.24202642
11158_2,0.01395571
5714_10,0.9830851
11248_1,0.012241275
8854_3,0.9026096
3191_4,0.6380463
5537_7,0.9005298
4919_7,0.9582261
8109_9,0.94208187
7476_4,0.42924994
5890_10,0.987375
5837_10,0.98571813
2623_9,0.9606575
5033_1,0.026355354
12055_8,0.97702265
8420_4,0.2739627
5854_10,0.98215127
9631_7,0.9390248
11705_3,0.022457054
3869_7,0.979354
10836_9,0.96641046
7027_1,0.021615336
55_4,0.02479816
11124_8,0.9830851
3533_3,0.0153063545
1552_10,0.98803884
11307_1,0.01566365
11974_7,0.8479678
7246_3,0.08269735
10648_3,0.012624948
11991_10,0.2656899
10494_8,0.9582261
8109_1,0.013636835
4764_1,0.015784562
3527_1,0.026155619
4059_9,0.97903574
3729_4,0.0145035805
5073_4,0.94776917
4984_9,0.9686196
2371_10,0.94122344
9597_10,0.9759464
10823_9,0.97719735
3123_10,0.9407897
2951_10,0.9582261
9800_1,0.02017732
1824_3,0.69987017
6238_2,0.9329437
8830_9,0.9175984
12355_8,0.6312534
4002_10,0.9878528
405_10,0.08756384
4314_1,0.14414886
9201_10,0.98242307
10466_8,0.91181
3736_2,0.027169231
1641_10,0.971564
3381_1,0.01784874
11711_9,0.97344345
4970_3,0.6375951
6958_10,0.98646784
646_9,0.9813107
3590_9,0.98159516
7218_9,0.937669
5091_10,0.9811669
8820_2,0.01757688
3938_8,0.7570767
2616_10,0.042722195
7808_1,0.01384861
3508_10,0.95362175
8974_8,0.96641046
4383_4,0.9073123
6360_4,0.7043636
2759_8,0.93045825
7417_1,0.02017732
10880_1,0.31584147
5488_2,0.028007522
8015_9,0.9585377
6484_3,0.013428254
10117_1,0.012821214
11363_1,0.014281935
3334_7,0.9683812
3369_7,0.10338596
9609_1,0.016403032
8396_10,0.96124375
8267_10,0.96295285
10335_7,0.9724148
1973_4,0.30280328
7123_10,0.9736447
6949_9,0.9861514
10652_4,0.17724052
10256_4,0.016657041
4557_9,0.98159516
8929_1,0.05921025
2429_1,0.04208773
3994_1,0.013636835
11454_7,0.05033063
11874_4,0.09401018
4891_3,0.08570928
2216_7,0.9403531
2039_4,0.06325053
505_1,0.07531231
313_1,0.016403032
3383_2,0.71780384
9453_7,0.026759284
426_9,0.9348725
311_10,0.97966766
11291_10,0.971564
835_8,0.9511422
2143_9,0.94165415
8200_2,0.040845715
11716_2,0.98707944
3786_2,0.4434799
3818_4,0.015543648
12106_1,0.018689308
2605_4,0.02211659
10518_7,0.76803803
3932_8,0.7570767
7515_4,0.1431877
9857_10,0.27532452
449_3,0.858244
3573_9,0.98228765
10198_8,0.5492175
2286_9,0.9761292
6906_3,0.021125194
3807_2,0.04115289
11602_8,0.9563089
10201_7,0.97068775
8717_8,0.9807288
10411_10,0.97520185
11099_3,0.2613309
5619_10,0.858244
9252_10,0.9795114
6097_10,0.9850429
6467_1,0.18359362
2757_2,0.056652423
1869_10,0.96538115
5192_2,0.4039783
11399_10,0.96323055
898_3,0.046378206
6820_2,0.2922922
768_2,0.015784562
1783_10,0.8620035
8102_9,0.936285
7818_2,0.19193278
2444_10,0.9092645
3965_4,0.015906392
7086_4,0.950411
10556_3,0.53607005
5221_1,0.53291136
4322_10,0.98215127
7371_1,0.012241275
1318_8,0.86613256
8142_3,0.11797801
3413_10,0.9263037
3845_9,0.9738444
7323_1,0.019124037
5273_3,0.13939638
11812_4,0.08269735
5737_7,0.8146434
7260_2,0.01883313
5018_3,0.088820286
7779_10,0.9871788
894_7,0.6355618
11940_3,0.036220055
2471_7,0.9791955
6605_10,0.9585377
282_10,0.92523
12402_3,0.05921025
7974_1,0.019419348
12280_7,0.96295285
10917_2,0.017176708
12164_1,0.05033063
3181_1,0.0226292
11240_1,0.14854057
11255_9,0.91117966
2318_2,0.08449275
4976_7,0.97023994
1822_8,0.95362175
11724_7,0.9585377
3499_3,0.36937195
9439_9,0.53291136
5469_10,0.9635062
7612_9,0.97838473
3947_8,0.97754294
11269_1,0.015424551
5771_8,0.9559813
4461_8,0.9658996
5683_9,0.9780517
639_1,0.013636835
9896_3,0.9105454
5131_8,0.8736466
5961_3,0.27629983
5741_2,0.014957086
6418_4,0.94165415
5416_1,0.013428254
3114_7,0.97262347
3587_3,0.01678549
5472_10,0.98445636
9802_9,0.9740426
4313_3,0.7806625
2921_7,0.9693242
11468_8,0.8665848
12250_10,0.96432143
3481_10,0.8193158
2067_2,0.012624948
8574_4,0.017712297
861_9,0.97788346
10381_2,0.020645931
5479_1,0.84594244
1107_9,0.9425068
4475_1,0.0140636265
469_2,0.7634837
605_4,0.020023443
2182_1,0.022286188
9401_7,0.97966766
2518_8,0.94165415
5329_8,0.95791227
3202_1,0.01784874
256_4,0.6688803
7235_3,0.0140636265
4661_3,0.32412845
11045_1,0.022802636
1417_4,0.21933751
4186_10,0.8333246
985_4,0.02517884
6553_1,0.018546565
3118_1,0.019419348
3297_1,0.11476479
5843_10,0.7829945
7645_7,0.9092645
11958_1,0.014957086
10823_3,0.0335895
5097_4,0.1877276
4344_10,0.9876639
5442_8,0.9012275
11969_10,0.8213309
7015_10,0.9813107
1419_4,0.7862948
914_1,0.013428254
11911_8,0.036769465
5930_8,0.70212173
3853_10,0.98102194
9404_1,0.027585285
207_9,0.98549646
2018_1,0.023153413
11192_7,0.9795114
6679_4,0.23475733
1184_3,0.016914913
3291_10,0.97754294
12323_9,0.91730267
7524_1,0.01507263
443_8,0.9811669
7964_1,0.01566365
730_1,0.015543648
8969_7,0.92683524
8581_3,0.3413629
12152_4,0.014842417
4528_10,0.947381
5984_2,0.028436033
4446_10,0.97838473
7039_8,0.9532751
591_8,0.97997653
6869_7,0.87621135
1836_7,0.98926485
4183_10,0.86153823
8590_1,0.023153413
5647_10,0.8110782
11076_10,0.96182173
11241_1,0.015784562
876_10,0.9740426
8390_1,0.013020489
1462_9,0.97482115
8362_7,0.091382116
3400_1,0.016657041
2318_8,0.95976204
5389_4,0.86293024
8617_4,0.01784874
9200_10,0.936285
8878_10,0.96814114
12110_1,0.90632194
9101_10,0.9686196
4967_3,0.23057307
12436_1,0.01566365
8845_4,0.11920291
3420_4,0.8940517
7428_7,0.9458012
11769_10,0.938124
7025_1,0.4735355
1561_10,0.9032942
3704_1,0.019870715
3529_8,0.9263037
12234_4,0.10706346
10600_3,0.01566365
1028_4,0.21568096
6764_10,0.9688562
1815_2,0.3616155
10953_4,0.01243165
2809_7,0.9049869
8393_10,0.7799929
2743_1,0.6630147
10711_10,0.96182173
6173_10,0.97684664
9664_7,0.9114953
6335_3,0.02479816
1665_4,0.026556572
4174_10,0.97520185
2038_1,0.4251278
3717_10,0.77932185
9361_10,0.94539934
415_1,0.019271135
1460_9,0.9804314
5915_4,0.63250273
7187_3,0.01757688
11050_1,0.020804489
8822_10,0.94853723
12407_1,0.013020489
4543_2,0.015189049
10560_9,0.98707944
9108_10,0.98549646
2999_9,0.91490096
1703_7,0.96378
206_2,0.015784562
2095_3,0.02145073
6454_8,0.9798227
2773_1,0.013222822
6252_1,0.021948254
2848_7,0.26607114
6887_10,0.98625773
8660_1,0.015906392
1675_9,0.9757624
9842_1,0.025957355
9118_10,0.94122344
5793_4,0.25238404
941_10,0.98421544
8832_1,0.122103855
7584_3,0.0570714
9746_10,0.9777139
1965_10,0.9339146
5346_10,0.9777139
9738_4,0.4736572
5905_9,0.9755769
336_1,0.039342504
5621_1,0.01566365
5976_10,0.9840936
3000_8,0.9069832
5172_7,0.98242307
311_3,0.018264279
2035_4,0.8665848
6084_10,0.9449947
7284_9,0.9507779
6449_8,0.938124
8671_3,0.013020489
636_9,0.9152046
11330_8,0.97068775
1300_1,0.12592277
11538_1,0.020332353
5159_3,0.02479816
3742_9,0.98481095
11281_9,0.34114337
4128_1,0.66115755
4382_7,0.90087914
862_3,0.05379964
5941_8,0.96405166
8576_3,0.44830552
10570_1,0.019124037
10682_3,0.37519124
12497_10,0.96182173
2026_7,0.96267307
9657_10,0.98840266
999_8,0.9390248
1664_2,0.86476797
1795_8,0.7162186
4280_4,0.90829307
952_10,0.9780517
4725_7,0.9850429
8162_2,0.01243165
10062_9,0.7314424
4719_10,0.9814534
10388_4,0.4151952
6183_9,0.9728308
3703_8,0.98840266
11259_4,0.025565214
8578_8,0.9853843
12040_9,0.9863631
6500_7,0.97134733
3473_10,0.9830851
11784_4,0.35672674
613_10,0.9757624
4631_1,0.59497786
2426_10,0.67640615
7088_7,0.9273633
5851_7,0.9666631
3904_2,0.013222822
1329_7,0.59574246
2160_7,0.7735587
4796_10,0.95695716
8760_1,0.28756768
7859_8,0.858244
4251_10,0.96691406
8143_4,0.027169231
11713_9,0.9813107
5037_10,0.9853843
9621_7,0.9339146
2600_10,0.9801293
2027_1,0.013636835
8225_1,0.039342504
12463_10,0.26549944
7842_8,0.84695786
4768_2,0.19406214
2644_1,0.0145035805
4193_7,0.81286734
5150_7,0.65445316
5942_7,0.97539
8293_1,0.032589745
6046_10,0.078078166
12148_9,0.979354
966_10,0.06608538
6428_8,0.98571813
12465_2,0.016029146
342_10,0.06656919
9246_4,0.0140636265
8683_4,0.3409239
627_7,0.9114953
5614_4,0.24798743
4546_3,0.03384404
4384_1,0.014728613
3144_1,0.034358688
9530_10,0.037608635
10558_4,0.018546565
619_1,0.01507263
11594_9,0.9046505
6511_7,0.94853723
8351_7,0.8736466
9163_3,0.07004896
12078_1,0.014281935
5489_8,0.9603612
4191_1,0.12635334
2373_10,0.17078441
8664_4,0.6721165
4556_2,0.03138043
9004_8,0.9839708
1357_4,0.015424551
152_10,0.97719735
2977_1,0.0145035805
8812_1,0.018404892
8544_4,0.013222822
4821_2,0.07316472
7874_8,0.38426208
1689_1,0.037608635
9654_1,0.020023443
9363_2,0.04054074
8959_1,0.019719128
6113_1,0.8828326
10702_1,0.1999321
1839_4,0.024237636
10587_1,0.019719128
11715_3,0.938124
12252_8,0.9730365
9480_3,0.01461567
6438_1,0.06608538
3762_9,0.97887486
5350_10,0.9407897
3927_9,0.9600627
9598_2,0.04885778
3930_3,0.012053779
6647_1,0.01678549
9251_10,0.98087597
5926_2,0.18922128
11530_8,0.96765566
1625_3,0.15203224
10515_8,0.5126926
11185_10,0.96814114
8675_10,0.97462875
3701_1,0.046378206
9222_10,0.98201376
6253_10,0.9001793
4657_7,0.891055
10013_9,0.97262347
4938_10,0.983597
3073_10,0.94122344
9081_8,0.9843364
6928_8,0.9532751
217_3,0.015784562
2927_3,0.032344334
2379_1,0.019719128
10476_2,0.67832696
8640_10,0.9834705
2810_3,0.72990495
6433_1,0.01798621
6390_10,0.27183118
11829_8,0.8433798
7581_10,0.9859364
11836_3,0.0269635
2794_1,0.26189685
5263_1,0.032589745
1041_10,0.98481095
7296_1,0.5957866
10557_8,0.929951
5339_9,0.8344069
4766_8,0.983597
8126_3,0.24908175
9876_2,0.015424551
2443_4,0.016657041
10179_10,0.9425068
6211_3,0.027169231
925_10,0.93195957
5050_8,0.9871788
1891_10,0.97684664
4767_3,0.107437484
11625_10,0.98282325
3388_2,0.01678549
4908_3,0.109705776
11205_9,0.9697854
2228_10,0.8479678
11236_1,0.04054074
2367_10,0.88563144
5060_3,0.24762337
3292_1,0.02178117
11282_2,0.028436033
5307_10,0.9887554
6963_4,0.02517884
1319_10,0.9566342
9660_1,0.054600604
7254_9,0.9868787
9441_10,0.9840936
3838_4,0.16132024
6209_8,0.7221353
3049_9,0.9829547
3033_4,0.9224824
784_4,0.0145035805
3921_3,0.0140636265
9196_8,0.9213576
7652_3,0.9500415
11650_1,0.013428254
1548_10,0.8509647
10770_7,0.9334308
3283_9,0.9787127
1567_1,0.026155619
10405_4,0.026556572
6980_1,0.013636835
12218_4,0.06418265
5250_10,0.98934746
11977_10,0.98481095
10602_2,0.020804489
11178_10,0.96323055
9590_10,0.91367656
1260_10,0.97068775
8367_10,0.9804314
2571_7,0.24617073
7422_1,0.016029146
5486_7,0.26435834
2282_8,0.9549844
6119_2,0.03704717
1433_8,0.9522199
12365_4,0.21733752
10535_3,0.024053553
5464_1,0.12252322
9983_7,0.9763105
10209_7,0.9572778
3777_1,0.86703575
12443_10,0.97539
1488_4,0.8812066
8670_9,0.95531917
1258_10,0.9839708
9_7,0.9740426
12175_9,0.98571813
211_10,0.46162346
6329_7,0.9719925
8866_10,0.96323055
5911_9,0.9863631
6100_1,0.022802636
6342_9,0.3438924
5455_4,0.9056566
1215_1,0.43206337
11020_3,0.0153063545
7975_1,0.015906392
6720_2,0.014842417
8986_10,0.97838473
4874_9,0.93195957
7204_1,0.01243165
2612_10,0.87914675
6923_9,0.98582757
5742_10,0.94458723
5044_3,0.7898827
5013_9,0.34048522
9752_8,0.98445636
1112_8,0.9130583
10925_8,0.9798227
7012_4,0.08151975
11484_10,0.8879841
883_4,0.9462003
2398_10,0.98667485
8990_8,0.25757825
1194_10,0.938576
2313_1,0.029535338
9584_1,0.016529558
11638_10,0.9843364
5995_3,0.018264279
4456_10,0.9744348
321_1,0.7131133
7147_1,0.62360615
10212_4,0.020488555
7960_10,0.98469365
8022_7,0.9744348
11649_9,0.96909106
8442_8,0.90829307
8976_1,0.02096424
9199_10,0.9882222
8925_10,0.9539661
3079_2,0.016403032
7727_10,0.97702265
2338_1,0.01384861
3221_2,0.013222822
288_7,0.888372
7150_10,0.9755769
7520_1,0.0153063545
11477_10,0.89947516
7765_9,0.97068775
10062_4,0.037608635
10616_10,0.89256257
10592_8,0.95759624
6745_4,0.06608538
7912_2,0.016403032
1130_8,0.93721074
11096_4,0.54068136
10081_1,0.109705776
3808_10,0.9563089
394_4,0.030214587
7080_3,0.04304285
4479_10,0.4797474
11417_7,0.7472472
8402_3,0.33785862
6669_9,0.88602656
1494_10,0.9130583
7980_3,0.02931223
11366_10,0.95976204
7566_1,0.020488555
3778_1,0.02931223
317_2,0.0140636265
8475_7,0.9329437
11012_2,0.352759
11936_4,0.41658708
145_9,0.8906752
11427_1,0.019719128
2204_1,0.02211659
3373_8,0.85633236
4640_4,0.95565146
521_7,0.9585377
2871_2,0.45423004
9823_8,0.88602656
5893_1,0.07585818
8541_2,0.014281935
3403_3,0.14511536
8660_9,0.97788346
7046_3,0.038178276
338_1,0.0140636265
9541_1,0.016403032
12179_7,0.8509647
9663_3,0.26740816
6948_3,0.023689471
10308_10,0.98159516
11027_10,0.96405166
6174_3,0.0153063545
10151_8,0.96182173
10665_1,0.01507263
6453_2,0.04401865
3619_2,0.02931223
3114_1,0.053009775
1309_2,0.015543648
8468_1,0.020645931
8292_10,0.9805807
1955_1,0.031858858
4498_9,0.983343
8075_9,0.9522199
10528_8,0.8392076
253_10,0.98481095
9467_4,0.028870907
4018_10,0.98942953
2644_10,0.9853843
7240_7,0.9615338
10929_7,0.82104415
9743_10,0.9001793
4641_3,0.031618766
5711_10,0.9777139
4912_2,0.030908957
455_1,0.016403032
2749_8,0.6312534
8780_8,0.94208187
2626_10,0.983343
11745_2,0.013020489
6952_8,0.9877587
4645_2,0.021125194
10372_10,0.94776917
4282_2,0.038178276
2195_1,0.013636835
11058_3,0.024237636
9507_4,0.95430803
389_10,0.9207897
4388_10,0.966156
9540_1,0.016029146
6610_4,0.7134316
8796_10,0.9813107
3746_1,0.013636835
11083_1,0.01384861
9901_1,0.019271135
4165_1,0.03541073
8928_9,0.98707944
8173_10,0.98549646
5161_1,0.0627892
11458_4,0.027169231
11206_9,0.5485526
3532_7,0.93439513
5088_1,0.03410043
11699_8,0.89256257
10114_2,0.0145035805
8626_9,0.6798167
6702_2,0.0145035805
3504_1,0.031618766
3353_4,0.6533481
6960_10,0.9755769
5529_10,0.97520185
5510_9,0.844409
1868_10,0.9187722
11166_10,0.8601343
8411_2,0.0140636265
9561_10,0.9334308
11290_2,0.037892424
1167_4,0.2905781
9577_3,0.6905591
1496_10,0.98646784
3042_10,0.9832145
4021_4,0.04115289
6643_10,0.95759624
806_10,0.9859364
1520_2,0.014392335
11133_10,0.9591543
2783_1,0.08977329
9570_10,0.9585377
2349_3,0.05033063
2242_9,0.41543236
6113_10,0.9740426
2153_1,0.01678549
9167_3,0.09602549
156_3,0.8665848
10607_7,0.9761292
4270_4,0.013428254
4713_1,0.017442483
2895_7,0.91181
8240_1,0.012053779
12241_2,0.02350945
2919_10,0.9859364
11110_2,0.026155619
4502_8,0.9193534
11957_1,0.01384861
12338_2,0.09842542
2474_1,0.020645931
781_4,0.0140636265
7528_1,0.01784874
3252_2,0.014281935
6778_8,0.63238925
3149_10,0.98102194
436_4,0.013020489
2586_1,0.23970512
3610_8,0.85145944
4392_10,0.9795114
8914_1,0.016403032
2197_1,0.014842417
3323_10,0.98421544
975_4,0.022457054
9407_3,0.042722195
12005_7,0.96458924
1911_1,0.105948284
3956_10,0.9888419
1441_8,0.9522199
10787_3,0.03410043
4569_10,0.9874721
11685_10,0.938576
7810_10,0.9658996
3951_3,0.021287354
6050_10,0.19806418
2758_2,0.026155619
2664_10,0.98159516
1537_2,0.016152835
7988_1,0.07585818
6090_10,0.9603612
11509_10,0.91550726
2227_3,0.13296424
865_3,0.037326884
7138_8,0.971564
7924_8,0.9207897
10104_1,0.01384861
3917_2,0.0226292
169_4,0.02017732
8630_7,0.9572778
7895_7,0.87147486
5485_10,0.97737074
8390_8,0.12085323
11497_7,0.9635062
8964_3,0.056652423
4647_4,0.3530935
12231_7,0.9314625
9634_4,0.85145944
8582_10,0.9871788
9237_4,0.33057925
2847_8,0.9124362
10940_1,0.014281935
2990_10,0.97719735
8377_8,0.33339468
1206_3,0.79182106
11719_9,0.9591543
7003_1,0.60053253
8012_4,0.036220055
2572_10,0.937669
4126_8,0.9433476
9190_8,0.40538985
9625_8,0.97520185
4706_10,0.8250265
8697_2,0.1338675
435_7,0.96295285
81_3,0.71183175
6713_8,0.71383077
5840_10,0.97462875
5671_8,0.9437636
5064_3,0.015424551
1149_3,0.014728613
12324_10,0.9872773
6705_1,0.02479816
243_9,0.9600627
306_10,0.91367656
7134_3,0.023330767
3227_10,0.987375
1363_10,0.967163
5134_9,0.26817408
5269_1,0.026155619
10915_4,0.03138043
7591_2,0.088504665
2326_2,0.06142404
688_4,0.035144847
878_10,0.97684664
10245_9,0.9791955
7388_2,0.12765263
4304_1,0.012821214
6752_10,0.95695716
6881_8,0.9840936
10230_2,0.020645931
6901_1,0.017176708
441_10,0.983597
4743_4,0.025957355
6228_7,0.028436033
2563_7,0.8705973
6237_1,0.013428254
8619_3,0.039342504
2749_4,0.97462875
12355_3,0.02145073
4915_2,0.085403666
12234_7,0.9219218
3756_4,0.05340333
10051_8,0.91964257
5068_9,0.9563089
7767_10,0.98657167
12069_1,0.6318215
10634_3,0.027376488
2787_1,0.015424551
5281_1,0.05623634
1496_1,0.030214587
8963_4,0.018404892
983_7,0.68489665
8337_4,0.014281935
783_1,0.02096424
9939_8,0.87234735
6507_8,0.9780517
3488_4,0.14511536
9304_9,0.8044059
8664_10,0.648021
2722_10,0.9859364
7716_10,0.85195273
8512_4,0.6284074
6002_7,0.98527133
1213_3,0.971564
6351_7,0.98866826
3049_4,0.027376488
10897_4,0.032836955
1936_4,0.26076576
12368_9,0.950411
10982_1,0.024053553
4116_4,0.018546565
8243_7,0.040845715
11506_2,0.03384404
291_3,0.017176708
7745_1,0.019719128
12190_9,0.96124375
7068_10,0.95257413
9649_3,0.28477487
773_1,0.15253651
1727_10,0.9876639
346_2,0.86613256
4629_9,0.81873685
2509_1,0.07696084
3664_3,0.07477005
1024_9,0.9861514
9514_1,0.020804489
3483_3,0.018264279
10053_4,0.49780276
255_10,0.98187524
1922_10,0.3480909
10416_4,0.03846619
9154_9,0.96909106
12359_3,0.09041373
4850_4,0.7905303
12398_10,0.9761292
8910_1,0.016152835
3797_8,0.6097566
2428_9,0.47317037
7062_4,0.5243947
7130_9,0.96909106
7343_1,0.012053779
7735_8,0.9798227
4104_3,0.017442483
11518_1,0.024423089
10784_4,0.27610457
3687_1,0.01883313
796_10,0.937669
2613_1,0.03308598
3962_9,0.97462875
4637_9,0.98282325
10076_3,0.01507263
2643_9,0.97966766
3588_1,0.28180075
6788_1,0.016914913
1445_4,0.7595823
10630_7,0.124213
9173_10,0.9744348
3998_3,0.024053553
11853_1,0.02865267
2982_1,0.016029146
2536_4,0.55904937
5912_10,0.9837225
3267_8,0.9429286
8966_4,0.26340988
7671_3,0.059646945
1962_1,0.40992925
3574_1,0.045352582
10580_1,0.014281935
10103_9,0.880797
2101_8,0.9394706
9804_10,0.9719925
12413_9,0.81757444
9696_2,0.013428254
8988_1,0.01757688
882_9,0.9334308
8098_3,0.03410043
6072_3,0.3431216
9484_10,0.98667485
3448_10,0.98159516
12074_10,0.9219218
5880_1,0.018978037
7658_1,0.0145035805
1286_8,0.9511422
7013_10,0.9853843
3590_1,0.019719128
695_4,0.01798621
8889_9,0.79502225
735_1,0.0226292
2041_7,0.45301983
12041_3,0.83601975
4918_3,0.4091618
1428_3,0.021125194
1846_4,0.04208773
11103_10,0.9046505
1026_10,0.97482115
9731_3,0.017442483
7481_1,0.031858858
10191_10,0.9152046
8262_4,0.016152835
903_10,0.73753643
4212_2,0.058776557
11611_1,0.016152835
7814_1,0.012624948
5116_10,0.9851576
150_4,0.017045317
3618_2,0.020332353
10870_1,0.015424551
8523_1,0.012821214
2193_10,0.97423947
10237_10,0.983597
2139_10,0.98201376
7691_7,0.9683812
9374_1,0.0433658
11426_7,0.9851576
12319_1,0.015424551
6817_2,0.041462272
745_1,0.016403032
6632_1,0.013020489
7149_8,0.6984323
9558_3,0.057918087
10509_1,0.01678549
1528_2,0.4013358
3422_10,0.9777139
6112_8,0.2831863
3606_4,0.844409
8768_7,0.28736767
2871_8,0.6660625
12404_10,0.9724148
6936_3,0.11047115
855_4,0.0269635
5703_3,0.12765263
9446_1,0.0140636265
1407_7,0.13477592
8422_10,0.9850429
40_4,0.088820286
344_4,0.14903529
11019_10,0.98242307
869_1,0.061875988
2245_10,0.9049869
10002_8,0.98527133
5110_10,0.971779
3201_9,0.98549646
10621_10,0.7806625
1213_7,0.03567855
2147_10,0.015424551
828_7,0.9458012
7600_8,0.8322367
4472_4,0.031143833
2759_2,0.028220987
10890_1,0.039937317
1637_10,0.9257686
1667_10,0.22067817
10433_8,0.98707944
11350_4,0.05582314
9437_3,0.10856642
3748_3,0.027795624
8062_10,0.98646784
11981_10,0.9348725
4214_7,0.95976204
6496_8,0.9791955
4489_4,0.08210663
5965_7,0.9429286
2785_8,0.9868787
6838_9,0.9851576
4678_9,0.96765566
8564_10,0.80746067
4375_9,0.9635062
4654_10,0.95430803
2077_10,0.9394706
12491_4,0.030908957
11483_10,0.97324073
11130_8,0.9750122
2177_2,0.32842174
1376_8,0.29665425
3557_2,0.030675802
8039_3,0.45980376
6951_1,0.039937317
3440_2,0.45762146
10192_1,0.024423089
5874_10,0.9761292
4258_10,0.9764905
8838_4,0.30746198
1090_8,0.888372
10570_10,0.97821885
3421_7,0.96458924
1626_7,0.9507779
9887_2,0.87147486
4079_4,0.0145035805
8826_8,0.078642376
8805_2,0.012241275
9121_3,0.920218
10916_3,0.055005286
9717_3,0.026759284
8662_4,0.5732903
7393_3,0.24871664
12304_10,0.97090924
7063_3,0.78464925
7955_10,0.6355618
2266_9,0.86339164
3490_7,0.95531917
11145_3,0.03963884
1668_2,0.014281935
1011_8,0.9314625
8300_7,0.91964257
9995_8,0.85536855
1326_8,0.95759624
5232_2,0.018546565
363_10,0.98445636
11772_2,0.045692034
8771_3,0.020332353
927_3,0.8267118
2569_2,0.027585285
5558_10,0.95257413
12375_10,0.91490096
2338_10,0.9843364
5773_10,0.95695716
4664_7,0.98549646
12295_7,0.89805347
4123_8,0.97903574
1553_10,0.97462875
3770_10,0.8092759
12011_2,0.018546565
8033_1,0.01566365
1395_7,0.17497346
8614_7,0.9759464
3784_8,0.9105454
8769_8,0.26095408
888_8,0.67896587
7799_2,0.08359068
6031_3,0.023330767
11584_2,0.026759284
4570_7,0.971564
6990_8,0.97112906
7290_1,0.015784562
1186_1,0.02017732
1329_4,0.013742321
6793_10,0.9777139
8562_10,0.88523525
8841_4,0.6460137
9234_1,0.86385167
2992_3,0.04672496
3761_4,0.02017732
1144_1,0.015189049
11737_10,0.9353465
6628_10,0.98646784
7619_4,0.024423089
5074_3,0.037892424
2056_1,0.26511872
812_7,0.96641046
615_3,0.02865267
1473_3,0.48194146
11642_1,0.021615336
2957_8,0.96432143
3223_7,0.55012405
4491_10,0.9869795
11617_8,0.59763724
2209_8,0.9334308
10250_4,0.017442483
8707_3,0.4701284
3581_2,0.0226292
3089_2,0.18565173
9367_4,0.0705596
8890_3,0.013428254
4657_3,0.018264279
8474_1,0.044348583
1542_3,0.060975183
9024_8,0.9263037
3176_1,0.025371313
11219_8,0.9875683
1086_2,0.21535073
11230_4,0.047780063
2543_3,0.2498131
3391_4,0.9750122
5876_10,0.9329437
6712_2,0.056652423
12468_1,0.015784562
1801_10,0.9834705
6727_10,0.87914675
3072_3,0.015189049
6079_7,0.8795612
1409_10,0.96182173
7709_2,0.01461567
11484_2,0.09434342
10843_2,0.016403032
3964_7,0.9152046
5691_7,0.9695556
5837_1,0.015424551
963_8,0.96485513
3530_8,0.8895288
6558_8,0.9353465
3084_4,0.029986506
3025_8,0.95257413
9396_8,0.18565173
7530_1,0.026556572
6301_4,0.10411242
2934_10,0.967163
8286_9,0.9273633
12122_10,0.9780517
2799_8,0.93991333
3516_7,0.13296424
5715_10,0.95565146
6525_3,0.2925953
12308_10,0.7752647
1305_9,0.96295285
8190_2,0.016029146
8170_1,0.19961986
2355_7,0.9700135
9714_3,0.01812472
9667_8,0.95362175
4861_1,0.023153413
10028_10,0.97090924
3256_2,0.70659554
5974_2,0.016152835
9185_10,0.9874721
2507_10,0.9740426
8910_10,0.98242307
6791_1,0.02145073
1692_10,0.71977776
5520_10,0.8193158
10119_10,0.97112906
1226_1,0.013428254
5998_7,0.78596646
4421_1,0.022286188
7660_8,0.91181
5532_4,0.73335636
2869_3,0.49633795
3795_2,0.016657041
3602_10,0.9887554
1453_10,0.9730365
1298_8,0.967163
6331_1,0.01243165
7694_3,0.01678549
11568_10,0.9348725
6426_7,0.93674946
609_7,0.81286734
3352_4,0.8413048
12451_3,0.21206881
3228_7,0.98527133
945_7,0.11397346
8283_10,0.96124375
10780_7,0.83601975
2944_1,0.03461884
5697_7,0.94776917
9066_3,0.34659657
6254_7,0.9722044
384_4,0.04922211
1961_9,0.96485513
10085_2,0.09401018
1726_10,0.97023994
7937_1,0.022457054
2561_10,0.9161096
9899_9,0.9869795
8694_2,0.14223188
4217_8,0.979354
2425_3,0.02096424
5809_1,0.050705362
3122_7,0.96458924
1522_10,0.8899121
5582_10,0.9666631
12357_2,0.01784874
3166_10,0.9073123
3176_9,0.9850429
9320_9,0.9814534
8187_1,0.016403032
5573_1,0.012624948
9078_2,0.028007522
6706_4,0.34609914
8882_8,0.896614
2489_3,0.20785715
2768_10,0.97520185
2384_3,0.81873685
12494_8,0.979354
10375_3,0.10230471
403_7,0.21239536
6334_3,0.016029146
9136_1,0.017442483
10698_1,0.012624948
2203_4,0.8344069
2122_1,0.019419348
2904_4,0.27357438
12367_9,0.8305941
9638_8,0.95759624
2005_1,0.01384861
4963_8,0.97462875
7575_1,0.27221802
9989_1,0.07211221
8776_4,0.8543993
10188_10,0.7126323
8238_1,0.016657041
9244_4,0.9804314
11142_2,0.02145073
4365_7,0.90295243
5877_4,0.2549725
12135_8,0.95362175
3526_3,0.31447145
5209_4,0.018978037
5991_2,0.013428254
10888_1,0.022457054
1303_3,0.037608635
5764_4,0.34908882
2933_10,0.9804314
7297_1,0.015424551
11156_10,0.8283842
1353_1,0.045015533
10017_1,0.29158568
4203_3,0.25164768
4546_9,0.9883128
6039_1,0.026556572
5804_3,0.11318691
9085_4,0.25776508
10774_10,0.98667485
2178_7,0.562537
2958_2,0.028220987
11469_8,0.92468774
5378_2,0.038178276
4583_8,0.30507588
9539_10,0.9876639
5090_8,0.9449947
12036_4,0.3402659
1766_9,0.8610715
11536_7,0.9507779
4792_9,0.9500415
7615_1,0.0973904
9624_1,0.01627746
5230_9,0.950411
939_4,0.97462875
2353_7,0.9623913
8760_9,0.9458012
3231_9,0.98657167
8183_7,0.97023994
2156_10,0.9559813
245_2,0.027376488
12048_1,0.05623634
6572_9,0.888372
10848_9,0.9700135
9576_10,0.91964257
3174_1,0.016152835
9824_8,0.24762337
8199_1,0.029760094
10911_3,0.039342504
2452_1,0.58760667
7574_3,0.02517884
8363_7,0.79692537
3672_9,0.9539661
11693_10,0.9890131
9731_10,0.95976204
280_1,0.01384861
10065_8,0.96909106
10284_9,0.84695786
7990_1,0.0705596
12256_4,0.6810908
7558_1,0.021615336
9636_2,0.024237636
8632_2,0.1732882
6157_3,0.27610457
9429_7,0.8454327
1447_1,0.07263671
10948_8,0.9105454
12300_4,0.021125194
10208_1,0.06804042
5889_3,0.8601343
2376_9,0.9559813
3354_2,0.013020489
9530_1,0.7574357
2469_10,0.98087597
2229_10,0.085403666
12326_10,0.8844391
8097_2,0.055005286
6502_3,0.28160313
8877_8,0.9868787
5408_7,0.6493563
3589_4,0.02297737
5934_3,0.020332353
3653_10,0.9859364
6900_1,0.15253651
3395_9,0.9878528
10302_7,0.754915
10527_3,0.0140636265
10080_10,0.9777139
5818_10,0.44046926
3178_10,0.98215127
10636_8,0.98087597
9586_2,0.87578696
8548_2,0.08035747
2851_1,0.018264279
6874_7,0.94815457
5850_8,0.9850429
2392_10,0.97997653
7434_2,0.8204695
11879_10,0.89947516
1190_10,0.8891444
8411_10,0.9539661
4833_9,0.16858302
5853_1,0.01384861
5485_4,0.016914913
111_3,0.10631887
6376_10,0.9856076
5425_1,0.023153413
3189_2,0.4429979
5053_8,0.97023994
1171_1,0.21967211
2206_4,0.023689471
11912_4,0.032344334
9874_7,0.91022676
3439_9,0.8962514
4221_8,0.95759624
6830_3,0.016914913
960_8,0.86339164
11862_1,0.16238004
8231_7,0.95362175
11765_1,0.019719128
9849_1,0.07531231
7518_4,0.9205043
3014_1,0.016152835
2534_10,0.96432143
5197_10,0.9850429
6775_2,0.014281935
4649_1,0.16940589
10748_3,0.022802636
6943_4,0.7905303
9692_1,0.013636835
11972_7,0.83169055
7251_9,0.98926485
459_4,0.8701566
1101_8,0.6872103
358_4,0.28239405
7543_1,0.042403832
3980_3,0.29118237
1276_3,0.027795624
12111_8,0.9353465
11876_4,0.08570928
5473_8,0.9807288
1296_1,0.0145035805
7224_9,0.96378
8035_10,0.96641046
10436_1,0.013636835
8475_1,0.76838577
4293_2,0.021125194
9867_2,0.014281935
4101_1,0.42799428
6220_1,0.013020489
6246_4,0.7322091
2907_8,0.049589027
4532_2,0.014392335
10753_8,0.56685793
328_10,0.9683812
1941_1,0.029986506
7586_9,0.031858858
11294_1,0.024609927
7534_9,0.9845754
2675_3,0.29563648
3837_10,0.98667485
5349_9,0.97821885
641_1,0.017712297
9273_8,0.971779
8120_4,0.047074176
10610_1,0.11124121
1829_1,0.01757688
6406_10,0.96485513
4029_10,0.97903574
10845_10,0.8449215
2573_4,0.9407897
2033_3,0.77932185
9633_4,0.8146434
6243_1,0.017442483
7596_10,0.9744348
4208_8,0.37622198
6984_8,0.9500415
3656_1,0.018689308
2434_1,0.01812472
10340_7,0.7905303
6130_9,0.87621135
8093_7,0.04885778
7962_1,0.109705776
12178_7,0.48901546
10931_2,0.028436033
6857_10,0.96814114
11091_8,0.9850429
4167_2,0.01883313
679_4,0.8929365
10147_1,0.0153063545
6875_1,0.021948254
923_10,0.95565146
6200_8,0.6867903
7208_8,0.967163
5363_8,0.9811669
4067_8,0.96210754
1773_7,0.9532751
1498_10,0.41486922
10497_10,0.9314625
3444_10,0.98707944
588_2,0.0973904
9678_9,0.9207897
1983_9,0.7728737
5012_3,0.0145035805
12240_2,0.015189049
5071_2,0.08694165
5078_2,0.016657041
10069_3,0.037608635
7407_8,0.9843364
7207_1,0.014392335
2155_10,0.936285
59_10,0.9763105
2531_1,0.15559098
7772_8,0.983597
11465_10,0.89368117
